2026/08/31 18:59:54 - __main__ - INFO - 73 - main - Namespace(dataset='amazon_beauty', log_file='log/', random_seed=1997, max_len=50, device='cuda', num_gpu=1, batch_size=512, hidden_size=128, dropout=0.1, emb_dropout=0.3, hidden_act='gelu', num_blocks=4, epochs=500, decay_step=100, gamma=0.1, metric_ks=[5, 10, 20], optimizer='Adam', lr=0.001, weight_decay=0, momentum=None, lambda_uncertainty=0.001, eval_interval=20, patience=5, eps=0.001, sample_N=30, lambda_t=0.001, dropout_c=0.1, eps_reverse=0.001, m_logNorm=1.0, s_logNorm=0.6, s_modsamp=1.0, last=2, mask_ratio=1.0, sampling_method='mode', Loss_Alpha=0.0, Loss_Beta=0.0)
2026/08/31 18:59:55 - __main__ - INFO - 117 - trainer - Epoch: 0
2026/08/31 18:59:56 - __main__ - INFO - 162 - trainer - [0/257] Loss: 1.9920
2026/08/31 19:00:04 - __main__ - INFO - 162 - trainer - [52/257] Loss: 1.7847
2026/08/31 19:00:12 - __main__ - INFO - 162 - trainer - [104/257] Loss: 1.6074
2026/08/31 19:00:20 - __main__ - INFO - 162 - trainer - [156/257] Loss: 1.4345
2026/08/31 19:00:28 - __main__ - INFO - 162 - trainer - [208/257] Loss: 1.2853
2026/08/31 19:00:35 - __main__ - INFO - 167 - trainer - Average loss in epoch 0: 1.5450
2026/08/31 19:00:35 - __main__ - INFO - 117 - trainer - Epoch: 1
2026/08/31 19:00:35 - __main__ - INFO - 162 - trainer - [0/257] Loss: 1.1724
2026/08/31 19:00:42 - __main__ - INFO - 162 - trainer - [52/257] Loss: 1.0642
2026/08/31 19:00:50 - __main__ - INFO - 162 - trainer - [104/257] Loss: 0.9863
2026/08/31 19:00:57 - __main__ - INFO - 162 - trainer - [156/257] Loss: 0.9134
2026/08/31 19:01:04 - __main__ - INFO - 162 - trainer - [208/257] Loss: 0.8817
2026/08/31 19:01:11 - __main__ - INFO - 167 - trainer - Average loss in epoch 1: 0.9782
2026/08/31 19:01:11 - __main__ - INFO - 117 - trainer - Epoch: 2
2026/08/31 19:01:11 - __main__ - INFO - 162 - trainer - [0/257] Loss: 0.8643
2026/08/31 19:01:19 - __main__ - INFO - 162 - trainer - [52/257] Loss: 0.8392
2026/08/31 19:01:26 - __main__ - INFO - 162 - trainer - [104/257] Loss: 0.8179
2026/08/31 19:01:34 - __main__ - INFO - 162 - trainer - [156/257] Loss: 0.7955
2026/08/31 19:01:41 - __main__ - INFO - 162 - trainer - [208/257] Loss: 0.7719
2026/08/31 19:01:48 - __main__ - INFO - 167 - trainer - Average loss in epoch 2: 0.8025
2026/08/31 19:01:48 - __main__ - INFO - 117 - trainer - Epoch: 3
2026/08/31 19:01:48 - __main__ - INFO - 162 - trainer - [0/257] Loss: 0.7326
2026/08/31 19:01:55 - __main__ - INFO - 162 - trainer - [52/257] Loss: 0.7251
2026/08/31 19:02:03 - __main__ - INFO - 162 - trainer - [104/257] Loss: 0.7191
2026/08/31 19:02:10 - __main__ - INFO - 162 - trainer - [156/257] Loss: 0.7169
2026/08/31 19:02:18 - __main__ - INFO - 162 - trainer - [208/257] Loss: 0.6889
2026/08/31 19:02:25 - __main__ - INFO - 167 - trainer - Average loss in epoch 3: 0.7093
2026/08/31 19:02:25 - __main__ - INFO - 117 - trainer - Epoch: 4
2026/08/31 19:02:25 - __main__ - INFO - 162 - trainer - [0/257] Loss: 0.6694
2026/08/31 19:02:32 - __main__ - INFO - 162 - trainer - [52/257] Loss: 0.6703
2026/08/31 19:02:40 - __main__ - INFO - 162 - trainer - [104/257] Loss: 0.6426
2026/08/31 19:02:48 - __main__ - INFO - 162 - trainer - [156/257] Loss: 0.6338
2026/08/31 19:02:55 - __main__ - INFO - 162 - trainer - [208/257] Loss: 0.6098
2026/08/31 19:03:02 - __main__ - INFO - 167 - trainer - Average loss in epoch 4: 0.6366
2026/08/31 19:03:02 - __main__ - INFO - 117 - trainer - Epoch: 5
2026/08/31 19:03:02 - __main__ - INFO - 162 - trainer - [0/257] Loss: 0.5990
2026/08/31 19:03:09 - __main__ - INFO - 162 - trainer - [52/257] Loss: 0.5898
2026/08/31 19:03:17 - __main__ - INFO - 162 - trainer - [104/257] Loss: 0.5715
2026/08/31 19:03:24 - __main__ - INFO - 162 - trainer - [156/257] Loss: 0.5645
2026/08/31 19:03:32 - __main__ - INFO - 162 - trainer - [208/257] Loss: 0.5627
2026/08/31 19:03:40 - __main__ - INFO - 167 - trainer - Average loss in epoch 5: 0.5733
2026/08/31 19:03:40 - __main__ - INFO - 117 - trainer - Epoch: 6
2026/08/31 19:03:40 - __main__ - INFO - 162 - trainer - [0/257] Loss: 0.5400
2026/08/31 19:03:50 - __main__ - INFO - 162 - trainer - [52/257] Loss: 0.5230
2026/08/31 19:03:59 - __main__ - INFO - 162 - trainer - [104/257] Loss: 0.5216
2026/08/31 19:04:06 - __main__ - INFO - 162 - trainer - [156/257] Loss: 0.5018
2026/08/31 19:04:14 - __main__ - INFO - 162 - trainer - [208/257] Loss: 0.5007
2026/08/31 19:04:22 - __main__ - INFO - 167 - trainer - Average loss in epoch 6: 0.5176
2026/08/31 19:04:22 - __main__ - INFO - 117 - trainer - Epoch: 7
2026/08/31 19:04:22 - __main__ - INFO - 162 - trainer - [0/257] Loss: 0.4846
2026/08/31 19:04:30 - __main__ - INFO - 162 - trainer - [52/257] Loss: 0.4761
2026/08/31 19:04:37 - __main__ - INFO - 162 - trainer - [104/257] Loss: 0.4770
2026/08/31 19:04:45 - __main__ - INFO - 162 - trainer - [156/257] Loss: 0.4534
2026/08/31 19:04:53 - __main__ - INFO - 162 - trainer - [208/257] Loss: 0.4480
2026/08/31 19:05:00 - __main__ - INFO - 167 - trainer - Average loss in epoch 7: 0.4681
2026/08/31 19:05:00 - __main__ - INFO - 117 - trainer - Epoch: 8
2026/08/31 19:05:00 - __main__ - INFO - 162 - trainer - [0/257] Loss: 0.4507
2026/08/31 19:05:08 - __main__ - INFO - 162 - trainer - [52/257] Loss: 0.4340
2026/08/31 19:05:16 - __main__ - INFO - 162 - trainer - [104/257] Loss: 0.4215
2026/08/31 19:05:23 - __main__ - INFO - 162 - trainer - [156/257] Loss: 0.4375
2026/08/31 19:05:31 - __main__ - INFO - 162 - trainer - [208/257] Loss: 0.4086
2026/08/31 19:05:38 - __main__ - INFO - 167 - trainer - Average loss in epoch 8: 0.4241
2026/08/31 19:05:38 - __main__ - INFO - 117 - trainer - Epoch: 9
2026/08/31 19:05:39 - __main__ - INFO - 162 - trainer - [0/257] Loss: 0.3937
2026/08/31 19:05:46 - __main__ - INFO - 162 - trainer - [52/257] Loss: 0.3962
2026/08/31 19:05:54 - __main__ - INFO - 162 - trainer - [104/257] Loss: 0.3795
2026/08/31 19:06:02 - __main__ - INFO - 162 - trainer - [156/257] Loss: 0.3937
2026/08/31 19:06:10 - __main__ - INFO - 162 - trainer - [208/257] Loss: 0.3820
2026/08/31 19:06:17 - __main__ - INFO - 167 - trainer - Average loss in epoch 9: 0.3847
2026/08/31 19:06:17 - __main__ - INFO - 117 - trainer - Epoch: 10
2026/08/31 19:06:18 - __main__ - INFO - 162 - trainer - [0/257] Loss: 0.3650
2026/08/31 19:06:26 - __main__ - INFO - 162 - trainer - [52/257] Loss: 0.3586
2026/08/31 19:06:34 - __main__ - INFO - 162 - trainer - [104/257] Loss: 0.3642
2026/08/31 19:06:42 - __main__ - INFO - 162 - trainer - [156/257] Loss: 0.3503
2026/08/31 19:06:49 - __main__ - INFO - 162 - trainer - [208/257] Loss: 0.3402
2026/08/31 19:06:57 - __main__ - INFO - 167 - trainer - Average loss in epoch 10: 0.3496
2026/08/31 19:06:57 - __main__ - INFO - 117 - trainer - Epoch: 11
2026/08/31 19:06:57 - __main__ - INFO - 162 - trainer - [0/257] Loss: 0.3426
2026/08/31 19:07:05 - __main__ - INFO - 162 - trainer - [52/257] Loss: 0.3269
2026/08/31 19:07:13 - __main__ - INFO - 162 - trainer - [104/257] Loss: 0.3212
2026/08/31 19:07:21 - __main__ - INFO - 162 - trainer - [156/257] Loss: 0.3336
2026/08/31 19:07:28 - __main__ - INFO - 162 - trainer - [208/257] Loss: 0.3144
2026/08/31 19:07:35 - __main__ - INFO - 167 - trainer - Average loss in epoch 11: 0.3182
2026/08/31 19:07:35 - __main__ - INFO - 117 - trainer - Epoch: 12
2026/08/31 19:07:36 - __main__ - INFO - 162 - trainer - [0/257] Loss: 0.3073
2026/08/31 19:07:44 - __main__ - INFO - 162 - trainer - [52/257] Loss: 0.3118
2026/08/31 19:07:53 - __main__ - INFO - 162 - trainer - [104/257] Loss: 0.3000
2026/08/31 19:08:01 - __main__ - INFO - 162 - trainer - [156/257] Loss: 0.2793
2026/08/31 19:08:09 - __main__ - INFO - 162 - trainer - [208/257] Loss: 0.2947
2026/08/31 19:08:17 - __main__ - INFO - 167 - trainer - Average loss in epoch 12: 0.2899
2026/08/31 19:08:17 - __main__ - INFO - 117 - trainer - Epoch: 13
2026/08/31 19:08:17 - __main__ - INFO - 162 - trainer - [0/257] Loss: 0.2971
2026/08/31 19:08:26 - __main__ - INFO - 162 - trainer - [52/257] Loss: 0.2701
2026/08/31 19:08:33 - __main__ - INFO - 162 - trainer - [104/257] Loss: 0.2694
2026/08/31 19:08:41 - __main__ - INFO - 162 - trainer - [156/257] Loss: 0.2648
2026/08/31 19:08:49 - __main__ - INFO - 162 - trainer - [208/257] Loss: 0.2629
2026/08/31 19:08:56 - __main__ - INFO - 167 - trainer - Average loss in epoch 13: 0.2645
2026/08/31 19:08:56 - __main__ - INFO - 117 - trainer - Epoch: 14
2026/08/31 19:08:56 - __main__ - INFO - 162 - trainer - [0/257] Loss: 0.2568
2026/08/31 19:09:04 - __main__ - INFO - 162 - trainer - [52/257] Loss: 0.2562
2026/08/31 19:09:12 - __main__ - INFO - 162 - trainer - [104/257] Loss: 0.2459
2026/08/31 19:09:20 - __main__ - INFO - 162 - trainer - [156/257] Loss: 0.2497
2026/08/31 19:09:28 - __main__ - INFO - 162 - trainer - [208/257] Loss: 0.2210
2026/08/31 19:09:35 - __main__ - INFO - 167 - trainer - Average loss in epoch 14: 0.2417
2026/08/31 19:09:35 - __main__ - INFO - 117 - trainer - Epoch: 15
2026/08/31 19:09:35 - __main__ - INFO - 162 - trainer - [0/257] Loss: 0.2441
2026/08/31 19:09:43 - __main__ - INFO - 162 - trainer - [52/257] Loss: 0.2350
2026/08/31 19:09:51 - __main__ - INFO - 162 - trainer - [104/257] Loss: 0.2396
2026/08/31 19:10:00 - __main__ - INFO - 162 - trainer - [156/257] Loss: 0.2197
2026/08/31 19:10:08 - __main__ - INFO - 162 - trainer - [208/257] Loss: 0.2221
2026/08/31 19:10:16 - __main__ - INFO - 167 - trainer - Average loss in epoch 15: 0.2210
2026/08/31 19:10:16 - __main__ - INFO - 117 - trainer - Epoch: 16
2026/08/31 19:10:16 - __main__ - INFO - 162 - trainer - [0/257] Loss: 0.2023
2026/08/31 19:10:24 - __main__ - INFO - 162 - trainer - [52/257] Loss: 0.2110
2026/08/31 19:10:32 - __main__ - INFO - 162 - trainer - [104/257] Loss: 0.2041
2026/08/31 19:10:40 - __main__ - INFO - 162 - trainer - [156/257] Loss: 0.2033
2026/08/31 19:10:48 - __main__ - INFO - 162 - trainer - [208/257] Loss: 0.2043
2026/08/31 19:10:55 - __main__ - INFO - 167 - trainer - Average loss in epoch 16: 0.2021
2026/08/31 19:10:55 - __main__ - INFO - 117 - trainer - Epoch: 17
2026/08/31 19:10:55 - __main__ - INFO - 162 - trainer - [0/257] Loss: 0.1879
2026/08/31 19:11:03 - __main__ - INFO - 162 - trainer - [52/257] Loss: 0.1953
2026/08/31 19:11:10 - __main__ - INFO - 162 - trainer - [104/257] Loss: 0.1879
2026/08/31 19:11:18 - __main__ - INFO - 162 - trainer - [156/257] Loss: 0.1827
2026/08/31 19:11:26 - __main__ - INFO - 162 - trainer - [208/257] Loss: 0.1772
2026/08/31 19:11:33 - __main__ - INFO - 167 - trainer - Average loss in epoch 17: 0.1851
2026/08/31 19:11:33 - __main__ - INFO - 117 - trainer - Epoch: 18
2026/08/31 19:11:33 - __main__ - INFO - 162 - trainer - [0/257] Loss: 0.1754
2026/08/31 19:11:41 - __main__ - INFO - 162 - trainer - [52/257] Loss: 0.1696
2026/08/31 19:11:49 - __main__ - INFO - 162 - trainer - [104/257] Loss: 0.1718
2026/08/31 19:11:58 - __main__ - INFO - 162 - trainer - [156/257] Loss: 0.1788
2026/08/31 19:12:06 - __main__ - INFO - 162 - trainer - [208/257] Loss: 0.1701
2026/08/31 19:12:14 - __main__ - INFO - 167 - trainer - Average loss in epoch 18: 0.1697
2026/08/31 19:12:14 - __main__ - INFO - 117 - trainer - Epoch: 19
2026/08/31 19:12:14 - __main__ - INFO - 162 - trainer - [0/257] Loss: 0.1552
2026/08/31 19:12:22 - __main__ - INFO - 162 - trainer - [52/257] Loss: 0.1560
2026/08/31 19:12:30 - __main__ - INFO - 162 - trainer - [104/257] Loss: 0.1587
2026/08/31 19:12:38 - __main__ - INFO - 162 - trainer - [156/257] Loss: 0.1599
2026/08/31 19:12:45 - __main__ - INFO - 162 - trainer - [208/257] Loss: 0.1579
2026/08/31 19:12:53 - __main__ - INFO - 167 - trainer - Average loss in epoch 19: 0.1557
2026/08/31 19:12:53 - __main__ - INFO - 117 - trainer - Epoch: 20
2026/08/31 19:12:53 - __main__ - INFO - 162 - trainer - [0/257] Loss: 0.1424
2026/08/31 19:13:00 - __main__ - INFO - 162 - trainer - [52/257] Loss: 0.1460
2026/08/31 19:13:08 - __main__ - INFO - 162 - trainer - [104/257] Loss: 0.1486
2026/08/31 19:13:16 - __main__ - INFO - 162 - trainer - [156/257] Loss: 0.1465
2026/08/31 19:13:24 - __main__ - INFO - 162 - trainer - [208/257] Loss: 0.1345
2026/08/31 19:13:31 - __main__ - INFO - 167 - trainer - Average loss in epoch 20: 0.1429
2026/08/31 19:13:31 - __main__ - INFO - 173 - trainer - start predicting: 2026-08-31 19:13:31.508246
2026/08/31 19:14:37 - __main__ - INFO - 203 - trainer - {'Best_HR@5': np.float64(0.0222), 'Best_HR@10': np.float64(0.0355), 'Best_HR@20': np.float64(0.0909), 'Best_NDCG@5': np.float64(0.0114), 'Best_NDCG@10': np.float64(0.0155), 'Best_NDCG@20': np.float64(0.0292)}
2026/08/31 19:14:37 - __main__ - INFO - 204 - trainer - {'Best_epoch_HR@5': 20, 'Best_epoch_HR@10': 20, 'Best_epoch_HR@20': 20, 'Best_epoch_NDCG@5': 20, 'Best_epoch_NDCG@10': 20, 'Best_epoch_NDCG@20': 20}
2026/08/31 19:14:37 - __main__ - INFO - 117 - trainer - Epoch: 21
2026/08/31 19:14:37 - __main__ - INFO - 162 - trainer - [0/257] Loss: 0.1407
2026/08/31 19:14:46 - __main__ - INFO - 162 - trainer - [52/257] Loss: 0.1390
2026/08/31 19:14:54 - __main__ - INFO - 162 - trainer - [104/257] Loss: 0.1229
2026/08/31 19:15:01 - __main__ - INFO - 162 - trainer - [156/257] Loss: 0.1268
2026/08/31 19:15:09 - __main__ - INFO - 162 - trainer - [208/257] Loss: 0.1256
2026/08/31 19:15:16 - __main__ - INFO - 167 - trainer - Average loss in epoch 21: 0.1313
2026/08/31 19:15:16 - __main__ - INFO - 117 - trainer - Epoch: 22
2026/08/31 19:15:17 - __main__ - INFO - 162 - trainer - [0/257] Loss: 0.1205
2026/08/31 19:15:25 - __main__ - INFO - 162 - trainer - [52/257] Loss: 0.1148
2026/08/31 19:15:33 - __main__ - INFO - 162 - trainer - [104/257] Loss: 0.1118
2026/08/31 19:15:41 - __main__ - INFO - 162 - trainer - [156/257] Loss: 0.1258
2026/08/31 19:15:49 - __main__ - INFO - 162 - trainer - [208/257] Loss: 0.1196
2026/08/31 19:15:56 - __main__ - INFO - 167 - trainer - Average loss in epoch 22: 0.1207
2026/08/31 19:15:56 - __main__ - INFO - 117 - trainer - Epoch: 23
2026/08/31 19:15:57 - __main__ - INFO - 162 - trainer - [0/257] Loss: 0.1048
2026/08/31 19:16:05 - __main__ - INFO - 162 - trainer - [52/257] Loss: 0.1133
2026/08/31 19:16:13 - __main__ - INFO - 162 - trainer - [104/257] Loss: 0.1031
2026/08/31 19:16:21 - __main__ - INFO - 162 - trainer - [156/257] Loss: 0.1019
2026/08/31 19:16:28 - __main__ - INFO - 162 - trainer - [208/257] Loss: 0.1080
2026/08/31 19:16:36 - __main__ - INFO - 167 - trainer - Average loss in epoch 23: 0.1111
2026/08/31 19:16:36 - __main__ - INFO - 117 - trainer - Epoch: 24
2026/08/31 19:16:36 - __main__ - INFO - 162 - trainer - [0/257] Loss: 0.1018
2026/08/31 19:16:44 - __main__ - INFO - 162 - trainer - [52/257] Loss: 0.1016
2026/08/31 19:16:51 - __main__ - INFO - 162 - trainer - [104/257] Loss: 0.1012
2026/08/31 19:16:59 - __main__ - INFO - 162 - trainer - [156/257] Loss: 0.0982
2026/08/31 19:17:07 - __main__ - INFO - 162 - trainer - [208/257] Loss: 0.1013
2026/08/31 19:17:14 - __main__ - INFO - 167 - trainer - Average loss in epoch 24: 0.1023
2026/08/31 19:17:14 - __main__ - INFO - 117 - trainer - Epoch: 25
2026/08/31 19:17:14 - __main__ - INFO - 162 - trainer - [0/257] Loss: 0.0940
2026/08/31 19:17:22 - __main__ - INFO - 162 - trainer - [52/257] Loss: 0.0943
2026/08/31 19:17:29 - __main__ - INFO - 162 - trainer - [104/257] Loss: 0.1019
2026/08/31 19:17:37 - __main__ - INFO - 162 - trainer - [156/257] Loss: 0.0871
2026/08/31 19:17:45 - __main__ - INFO - 162 - trainer - [208/257] Loss: 0.0871
2026/08/31 19:17:52 - __main__ - INFO - 167 - trainer - Average loss in epoch 25: 0.0943
2026/08/31 19:17:52 - __main__ - INFO - 117 - trainer - Epoch: 26
2026/08/31 19:17:52 - __main__ - INFO - 162 - trainer - [0/257] Loss: 0.0916
2026/08/31 19:18:00 - __main__ - INFO - 162 - trainer - [52/257] Loss: 0.0976
2026/08/31 19:18:08 - __main__ - INFO - 162 - trainer - [104/257] Loss: 0.0853
2026/08/31 19:18:16 - __main__ - INFO - 162 - trainer - [156/257] Loss: 0.0834
2026/08/31 19:18:24 - __main__ - INFO - 162 - trainer - [208/257] Loss: 0.0807
2026/08/31 19:18:31 - __main__ - INFO - 167 - trainer - Average loss in epoch 26: 0.0869
2026/08/31 19:18:31 - __main__ - INFO - 117 - trainer - Epoch: 27
2026/08/31 19:18:31 - __main__ - INFO - 162 - trainer - [0/257] Loss: 0.0830
2026/08/31 19:18:39 - __main__ - INFO - 162 - trainer - [52/257] Loss: 0.0782
2026/08/31 19:18:47 - __main__ - INFO - 162 - trainer - [104/257] Loss: 0.0790
2026/08/31 19:18:55 - __main__ - INFO - 162 - trainer - [156/257] Loss: 0.0777
2026/08/31 19:19:03 - __main__ - INFO - 162 - trainer - [208/257] Loss: 0.0803
2026/08/31 19:19:10 - __main__ - INFO - 167 - trainer - Average loss in epoch 27: 0.0802
2026/08/31 19:19:10 - __main__ - INFO - 117 - trainer - Epoch: 28
2026/08/31 19:19:10 - __main__ - INFO - 162 - trainer - [0/257] Loss: 0.0765
2026/08/31 19:19:18 - __main__ - INFO - 162 - trainer - [52/257] Loss: 0.0787
2026/08/31 19:19:25 - __main__ - INFO - 162 - trainer - [104/257] Loss: 0.0788
2026/08/31 19:19:33 - __main__ - INFO - 162 - trainer - [156/257] Loss: 0.0742
2026/08/31 19:19:41 - __main__ - INFO - 162 - trainer - [208/257] Loss: 0.0695
2026/08/31 19:19:48 - __main__ - INFO - 167 - trainer - Average loss in epoch 28: 0.0740
2026/08/31 19:19:48 - __main__ - INFO - 117 - trainer - Epoch: 29
2026/08/31 19:19:48 - __main__ - INFO - 162 - trainer - [0/257] Loss: 0.0770
2026/08/31 19:19:55 - __main__ - INFO - 162 - trainer - [52/257] Loss: 0.0734
2026/08/31 19:20:03 - __main__ - INFO - 162 - trainer - [104/257] Loss: 0.0709
2026/08/31 19:20:11 - __main__ - INFO - 162 - trainer - [156/257] Loss: 0.0684
2026/08/31 19:20:18 - __main__ - INFO - 162 - trainer - [208/257] Loss: 0.0697
2026/08/31 19:20:25 - __main__ - INFO - 167 - trainer - Average loss in epoch 29: 0.0683
2026/08/31 19:20:25 - __main__ - INFO - 117 - trainer - Epoch: 30
2026/08/31 19:20:25 - __main__ - INFO - 162 - trainer - [0/257] Loss: 0.0744
2026/08/31 19:20:33 - __main__ - INFO - 162 - trainer - [52/257] Loss: 0.0691
2026/08/31 19:20:41 - __main__ - INFO - 162 - trainer - [104/257] Loss: 0.0639
2026/08/31 19:20:48 - __main__ - INFO - 162 - trainer - [156/257] Loss: 0.0619
2026/08/31 19:20:56 - __main__ - INFO - 162 - trainer - [208/257] Loss: 0.0668
2026/08/31 19:21:03 - __main__ - INFO - 167 - trainer - Average loss in epoch 30: 0.0631
2026/08/31 19:21:03 - __main__ - INFO - 117 - trainer - Epoch: 31
2026/08/31 19:21:03 - __main__ - INFO - 162 - trainer - [0/257] Loss: 0.0630
2026/08/31 19:21:11 - __main__ - INFO - 162 - trainer - [52/257] Loss: 0.0574
2026/08/31 19:21:19 - __main__ - INFO - 162 - trainer - [104/257] Loss: 0.0604
2026/08/31 19:21:27 - __main__ - INFO - 162 - trainer - [156/257] Loss: 0.0594
2026/08/31 19:21:34 - __main__ - INFO - 162 - trainer - [208/257] Loss: 0.0602
2026/08/31 19:21:41 - __main__ - INFO - 167 - trainer - Average loss in epoch 31: 0.0583
2026/08/31 19:21:41 - __main__ - INFO - 117 - trainer - Epoch: 32
2026/08/31 19:21:42 - __main__ - INFO - 162 - trainer - [0/257] Loss: 0.0507
2026/08/31 19:21:49 - __main__ - INFO - 162 - trainer - [52/257] Loss: 0.0534
2026/08/31 19:21:57 - __main__ - INFO - 162 - trainer - [104/257] Loss: 0.0503
2026/08/31 19:22:05 - __main__ - INFO - 162 - trainer - [156/257] Loss: 0.0512
2026/08/31 19:22:13 - __main__ - INFO - 162 - trainer - [208/257] Loss: 0.0567
2026/08/31 19:22:20 - __main__ - INFO - 167 - trainer - Average loss in epoch 32: 0.0538
2026/08/31 19:22:20 - __main__ - INFO - 117 - trainer - Epoch: 33
2026/08/31 19:22:20 - __main__ - INFO - 162 - trainer - [0/257] Loss: 0.0509
2026/08/31 19:22:28 - __main__ - INFO - 162 - trainer - [52/257] Loss: 0.0487
2026/08/31 19:22:36 - __main__ - INFO - 162 - trainer - [104/257] Loss: 0.0466
2026/08/31 19:22:43 - __main__ - INFO - 162 - trainer - [156/257] Loss: 0.0449
2026/08/31 19:22:51 - __main__ - INFO - 162 - trainer - [208/257] Loss: 0.0499
2026/08/31 19:22:58 - __main__ - INFO - 167 - trainer - Average loss in epoch 33: 0.0498
2026/08/31 19:22:58 - __main__ - INFO - 117 - trainer - Epoch: 34
2026/08/31 19:22:58 - __main__ - INFO - 162 - trainer - [0/257] Loss: 0.0501
2026/08/31 19:23:06 - __main__ - INFO - 162 - trainer - [52/257] Loss: 0.0478
2026/08/31 19:23:13 - __main__ - INFO - 162 - trainer - [104/257] Loss: 0.0515
2026/08/31 19:23:21 - __main__ - INFO - 162 - trainer - [156/257] Loss: 0.0468
2026/08/31 19:23:29 - __main__ - INFO - 162 - trainer - [208/257] Loss: 0.0489
2026/08/31 19:23:36 - __main__ - INFO - 167 - trainer - Average loss in epoch 34: 0.0460
2026/08/31 19:23:36 - __main__ - INFO - 117 - trainer - Epoch: 35
2026/08/31 19:23:36 - __main__ - INFO - 162 - trainer - [0/257] Loss: 0.0458
2026/08/31 19:23:43 - __main__ - INFO - 162 - trainer - [52/257] Loss: 0.0424
2026/08/31 19:23:51 - __main__ - INFO - 162 - trainer - [104/257] Loss: 0.0442
2026/08/31 19:23:59 - __main__ - INFO - 162 - trainer - [156/257] Loss: 0.0430
2026/08/31 19:24:07 - __main__ - INFO - 162 - trainer - [208/257] Loss: 0.0412
2026/08/31 19:24:14 - __main__ - INFO - 167 - trainer - Average loss in epoch 35: 0.0426
2026/08/31 19:24:14 - __main__ - INFO - 117 - trainer - Epoch: 36
2026/08/31 19:24:14 - __main__ - INFO - 162 - trainer - [0/257] Loss: 0.0436
2026/08/31 19:24:21 - __main__ - INFO - 162 - trainer - [52/257] Loss: 0.0375
2026/08/31 19:24:29 - __main__ - INFO - 162 - trainer - [104/257] Loss: 0.0351
2026/08/31 19:24:37 - __main__ - INFO - 162 - trainer - [156/257] Loss: 0.0383
2026/08/31 19:24:45 - __main__ - INFO - 162 - trainer - [208/257] Loss: 0.0362
2026/08/31 19:24:52 - __main__ - INFO - 167 - trainer - Average loss in epoch 36: 0.0394
2026/08/31 19:24:52 - __main__ - INFO - 117 - trainer - Epoch: 37
2026/08/31 19:24:52 - __main__ - INFO - 162 - trainer - [0/257] Loss: 0.0373
2026/08/31 19:25:00 - __main__ - INFO - 162 - trainer - [52/257] Loss: 0.0329
2026/08/31 19:25:07 - __main__ - INFO - 162 - trainer - [104/257] Loss: 0.0380
2026/08/31 19:25:15 - __main__ - INFO - 162 - trainer - [156/257] Loss: 0.0337
2026/08/31 19:25:23 - __main__ - INFO - 162 - trainer - [208/257] Loss: 0.0355
2026/08/31 19:25:29 - __main__ - INFO - 167 - trainer - Average loss in epoch 37: 0.0364
2026/08/31 19:25:29 - __main__ - INFO - 117 - trainer - Epoch: 38
2026/08/31 19:25:30 - __main__ - INFO - 162 - trainer - [0/257] Loss: 0.0360
2026/08/31 19:25:37 - __main__ - INFO - 162 - trainer - [52/257] Loss: 0.0354
2026/08/31 19:25:45 - __main__ - INFO - 162 - trainer - [104/257] Loss: 0.0288
2026/08/31 19:25:53 - __main__ - INFO - 162 - trainer - [156/257] Loss: 0.0327
2026/08/31 19:26:01 - __main__ - INFO - 162 - trainer - [208/257] Loss: 0.0352
2026/08/31 19:26:08 - __main__ - INFO - 167 - trainer - Average loss in epoch 38: 0.0337
2026/08/31 19:26:08 - __main__ - INFO - 117 - trainer - Epoch: 39
2026/08/31 19:26:08 - __main__ - INFO - 162 - trainer - [0/257] Loss: 0.0289
2026/08/31 19:26:16 - __main__ - INFO - 162 - trainer - [52/257] Loss: 0.0333
2026/08/31 19:26:23 - __main__ - INFO - 162 - trainer - [104/257] Loss: 0.0328
2026/08/31 19:26:31 - __main__ - INFO - 162 - trainer - [156/257] Loss: 0.0301
2026/08/31 19:26:38 - __main__ - INFO - 162 - trainer - [208/257] Loss: 0.0288
2026/08/31 19:26:45 - __main__ - INFO - 167 - trainer - Average loss in epoch 39: 0.0312
2026/08/31 19:26:45 - __main__ - INFO - 117 - trainer - Epoch: 40
2026/08/31 19:26:46 - __main__ - INFO - 162 - trainer - [0/257] Loss: 0.0308
2026/08/31 19:26:53 - __main__ - INFO - 162 - trainer - [52/257] Loss: 0.0303
2026/08/31 19:27:01 - __main__ - INFO - 162 - trainer - [104/257] Loss: 0.0276
2026/08/31 19:27:09 - __main__ - INFO - 162 - trainer - [156/257] Loss: 0.0298
2026/08/31 19:27:17 - __main__ - INFO - 162 - trainer - [208/257] Loss: 0.0289
2026/08/31 19:27:24 - __main__ - INFO - 167 - trainer - Average loss in epoch 40: 0.0288
2026/08/31 19:27:24 - __main__ - INFO - 173 - trainer - start predicting: 2026-08-31 19:27:24.377173
2026/08/31 19:28:32 - __main__ - INFO - 203 - trainer - {'Best_HR@5': np.float64(0.0222), 'Best_HR@10': np.float64(0.0444), 'Best_HR@20': np.float64(0.1287), 'Best_NDCG@5': np.float64(0.0123), 'Best_NDCG@10': np.float64(0.0193), 'Best_NDCG@20': np.float64(0.0404)}
2026/08/31 19:28:32 - __main__ - INFO - 204 - trainer - {'Best_epoch_HR@5': 20, 'Best_epoch_HR@10': 40, 'Best_epoch_HR@20': 40, 'Best_epoch_NDCG@5': 40, 'Best_epoch_NDCG@10': 40, 'Best_epoch_NDCG@20': 40}
2026/08/31 19:28:32 - __main__ - INFO - 117 - trainer - Epoch: 41
2026/08/31 19:28:32 - __main__ - INFO - 162 - trainer - [0/257] Loss: 0.0270
2026/08/31 19:28:39 - __main__ - INFO - 162 - trainer - [52/257] Loss: 0.0295
2026/08/31 19:28:46 - __main__ - INFO - 162 - trainer - [104/257] Loss: 0.0254
2026/08/31 19:28:54 - __main__ - INFO - 162 - trainer - [156/257] Loss: 0.0293
2026/08/31 19:29:01 - __main__ - INFO - 162 - trainer - [208/257] Loss: 0.0238
2026/08/31 19:29:08 - __main__ - INFO - 167 - trainer - Average loss in epoch 41: 0.0267
2026/08/31 19:29:08 - __main__ - INFO - 117 - trainer - Epoch: 42
2026/08/31 19:29:08 - __main__ - INFO - 162 - trainer - [0/257] Loss: 0.0271
2026/08/31 19:29:16 - __main__ - INFO - 162 - trainer - [52/257] Loss: 0.0265
2026/08/31 19:29:23 - __main__ - INFO - 162 - trainer - [104/257] Loss: 0.0263
2026/08/31 19:29:30 - __main__ - INFO - 162 - trainer - [156/257] Loss: 0.0211
2026/08/31 19:29:37 - __main__ - INFO - 162 - trainer - [208/257] Loss: 0.0231
2026/08/31 19:29:44 - __main__ - INFO - 167 - trainer - Average loss in epoch 42: 0.0247
2026/08/31 19:29:44 - __main__ - INFO - 117 - trainer - Epoch: 43
2026/08/31 19:29:44 - __main__ - INFO - 162 - trainer - [0/257] Loss: 0.0241
2026/08/31 19:29:51 - __main__ - INFO - 162 - trainer - [52/257] Loss: 0.0228
2026/08/31 19:29:58 - __main__ - INFO - 162 - trainer - [104/257] Loss: 0.0222
2026/08/31 19:30:05 - __main__ - INFO - 162 - trainer - [156/257] Loss: 0.0210
2026/08/31 19:30:13 - __main__ - INFO - 162 - trainer - [208/257] Loss: 0.0225
2026/08/31 19:30:19 - __main__ - INFO - 167 - trainer - Average loss in epoch 43: 0.0229
2026/08/31 19:30:19 - __main__ - INFO - 117 - trainer - Epoch: 44
2026/08/31 19:30:19 - __main__ - INFO - 162 - trainer - [0/257] Loss: 0.0186
2026/08/31 19:30:27 - __main__ - INFO - 162 - trainer - [52/257] Loss: 0.0207
2026/08/31 19:30:34 - __main__ - INFO - 162 - trainer - [104/257] Loss: 0.0239
2026/08/31 19:30:41 - __main__ - INFO - 162 - trainer - [156/257] Loss: 0.0200
2026/08/31 19:30:48 - __main__ - INFO - 162 - trainer - [208/257] Loss: 0.0210
2026/08/31 19:30:54 - __main__ - INFO - 167 - trainer - Average loss in epoch 44: 0.0212
2026/08/31 19:30:54 - __main__ - INFO - 117 - trainer - Epoch: 45
2026/08/31 19:30:54 - __main__ - INFO - 162 - trainer - [0/257] Loss: 0.0213
2026/08/31 19:31:01 - __main__ - INFO - 162 - trainer - [52/257] Loss: 0.0173
2026/08/31 19:31:08 - __main__ - INFO - 162 - trainer - [104/257] Loss: 0.0204
2026/08/31 19:31:16 - __main__ - INFO - 162 - trainer - [156/257] Loss: 0.0204
2026/08/31 19:31:23 - __main__ - INFO - 162 - trainer - [208/257] Loss: 0.0190
2026/08/31 19:31:29 - __main__ - INFO - 167 - trainer - Average loss in epoch 45: 0.0196
2026/08/31 19:31:29 - __main__ - INFO - 117 - trainer - Epoch: 46
2026/08/31 19:31:30 - __main__ - INFO - 162 - trainer - [0/257] Loss: 0.0175
2026/08/31 19:31:37 - __main__ - INFO - 162 - trainer - [52/257] Loss: 0.0179
2026/08/31 19:31:44 - __main__ - INFO - 162 - trainer - [104/257] Loss: 0.0194
2026/08/31 19:31:52 - __main__ - INFO - 162 - trainer - [156/257] Loss: 0.0195
2026/08/31 19:31:59 - __main__ - INFO - 162 - trainer - [208/257] Loss: 0.0190
2026/08/31 19:32:05 - __main__ - INFO - 167 - trainer - Average loss in epoch 46: 0.0182
2026/08/31 19:32:05 - __main__ - INFO - 117 - trainer - Epoch: 47
2026/08/31 19:32:06 - __main__ - INFO - 162 - trainer - [0/257] Loss: 0.0156
2026/08/31 19:32:13 - __main__ - INFO - 162 - trainer - [52/257] Loss: 0.0207
2026/08/31 19:32:20 - __main__ - INFO - 162 - trainer - [104/257] Loss: 0.0197
2026/08/31 19:32:27 - __main__ - INFO - 162 - trainer - [156/257] Loss: 0.0152
2026/08/31 19:32:34 - __main__ - INFO - 162 - trainer - [208/257] Loss: 0.0173
2026/08/31 19:32:41 - __main__ - INFO - 167 - trainer - Average loss in epoch 47: 0.0168
2026/08/31 19:32:41 - __main__ - INFO - 117 - trainer - Epoch: 48
2026/08/31 19:32:41 - __main__ - INFO - 162 - trainer - [0/257] Loss: 0.0130
2026/08/31 19:32:49 - __main__ - INFO - 162 - trainer - [52/257] Loss: 0.0159
2026/08/31 19:32:56 - __main__ - INFO - 162 - trainer - [104/257] Loss: 0.0154
2026/08/31 19:33:03 - __main__ - INFO - 162 - trainer - [156/257] Loss: 0.0161
2026/08/31 19:33:10 - __main__ - INFO - 162 - trainer - [208/257] Loss: 0.0153
2026/08/31 19:33:17 - __main__ - INFO - 167 - trainer - Average loss in epoch 48: 0.0156
2026/08/31 19:33:17 - __main__ - INFO - 117 - trainer - Epoch: 49
2026/08/31 19:33:17 - __main__ - INFO - 162 - trainer - [0/257] Loss: 0.0146
2026/08/31 19:33:24 - __main__ - INFO - 162 - trainer - [52/257] Loss: 0.0154
2026/08/31 19:33:31 - __main__ - INFO - 162 - trainer - [104/257] Loss: 0.0160
2026/08/31 19:33:38 - __main__ - INFO - 162 - trainer - [156/257] Loss: 0.0125
2026/08/31 19:33:45 - __main__ - INFO - 162 - trainer - [208/257] Loss: 0.0144
2026/08/31 19:33:52 - __main__ - INFO - 167 - trainer - Average loss in epoch 49: 0.0144
2026/08/31 19:33:52 - __main__ - INFO - 117 - trainer - Epoch: 50
2026/08/31 19:33:52 - __main__ - INFO - 162 - trainer - [0/257] Loss: 0.0130
2026/08/31 19:34:00 - __main__ - INFO - 162 - trainer - [52/257] Loss: 0.0112
2026/08/31 19:34:07 - __main__ - INFO - 162 - trainer - [104/257] Loss: 0.0127
2026/08/31 19:34:14 - __main__ - INFO - 162 - trainer - [156/257] Loss: 0.0125
2026/08/31 19:34:21 - __main__ - INFO - 162 - trainer - [208/257] Loss: 0.0151
2026/08/31 19:34:27 - __main__ - INFO - 167 - trainer - Average loss in epoch 50: 0.0134
2026/08/31 19:34:27 - __main__ - INFO - 117 - trainer - Epoch: 51
2026/08/31 19:34:28 - __main__ - INFO - 162 - trainer - [0/257] Loss: 0.0099
2026/08/31 19:34:35 - __main__ - INFO - 162 - trainer - [52/257] Loss: 0.0123
2026/08/31 19:34:42 - __main__ - INFO - 162 - trainer - [104/257] Loss: 0.0150
2026/08/31 19:34:49 - __main__ - INFO - 162 - trainer - [156/257] Loss: 0.0129
2026/08/31 19:34:56 - __main__ - INFO - 162 - trainer - [208/257] Loss: 0.0127
2026/08/31 19:35:02 - __main__ - INFO - 167 - trainer - Average loss in epoch 51: 0.0124
2026/08/31 19:35:02 - __main__ - INFO - 117 - trainer - Epoch: 52
2026/08/31 19:35:02 - __main__ - INFO - 162 - trainer - [0/257] Loss: 0.0122
2026/08/31 19:35:10 - __main__ - INFO - 162 - trainer - [52/257] Loss: 0.0122
2026/08/31 19:35:17 - __main__ - INFO - 162 - trainer - [104/257] Loss: 0.0114
2026/08/31 19:35:24 - __main__ - INFO - 162 - trainer - [156/257] Loss: 0.0108
2026/08/31 19:35:31 - __main__ - INFO - 162 - trainer - [208/257] Loss: 0.0118
2026/08/31 19:35:38 - __main__ - INFO - 167 - trainer - Average loss in epoch 52: 0.0115
2026/08/31 19:35:38 - __main__ - INFO - 117 - trainer - Epoch: 53
2026/08/31 19:35:38 - __main__ - INFO - 162 - trainer - [0/257] Loss: 0.0117
2026/08/31 19:35:45 - __main__ - INFO - 162 - trainer - [52/257] Loss: 0.0100
2026/08/31 19:35:52 - __main__ - INFO - 162 - trainer - [104/257] Loss: 0.0126
2026/08/31 19:35:59 - __main__ - INFO - 162 - trainer - [156/257] Loss: 0.0092
2026/08/31 19:36:06 - __main__ - INFO - 162 - trainer - [208/257] Loss: 0.0102
2026/08/31 19:36:13 - __main__ - INFO - 167 - trainer - Average loss in epoch 53: 0.0106
2026/08/31 19:36:13 - __main__ - INFO - 117 - trainer - Epoch: 54
2026/08/31 19:36:13 - __main__ - INFO - 162 - trainer - [0/257] Loss: 0.0108
2026/08/31 19:36:21 - __main__ - INFO - 162 - trainer - [52/257] Loss: 0.0089
2026/08/31 19:36:29 - __main__ - INFO - 162 - trainer - [104/257] Loss: 0.0102
2026/08/31 19:36:36 - __main__ - INFO - 162 - trainer - [156/257] Loss: 0.0107
2026/08/31 19:36:44 - __main__ - INFO - 162 - trainer - [208/257] Loss: 0.0097
2026/08/31 19:36:51 - __main__ - INFO - 167 - trainer - Average loss in epoch 54: 0.0099
2026/08/31 19:36:51 - __main__ - INFO - 117 - trainer - Epoch: 55
2026/08/31 19:36:51 - __main__ - INFO - 162 - trainer - [0/257] Loss: 0.0093
2026/08/31 19:36:58 - __main__ - INFO - 162 - trainer - [52/257] Loss: 0.0085
2026/08/31 19:37:05 - __main__ - INFO - 162 - trainer - [104/257] Loss: 0.0066
2026/08/31 19:37:12 - __main__ - INFO - 162 - trainer - [156/257] Loss: 0.0075
2026/08/31 19:37:19 - __main__ - INFO - 162 - trainer - [208/257] Loss: 0.0102
2026/08/31 19:37:26 - __main__ - INFO - 167 - trainer - Average loss in epoch 55: 0.0091
2026/08/31 19:37:26 - __main__ - INFO - 117 - trainer - Epoch: 56
2026/08/31 19:37:26 - __main__ - INFO - 162 - trainer - [0/257] Loss: 0.0084
2026/08/31 19:37:33 - __main__ - INFO - 162 - trainer - [52/257] Loss: 0.0090
2026/08/31 19:37:40 - __main__ - INFO - 162 - trainer - [104/257] Loss: 0.0073
2026/08/31 19:37:47 - __main__ - INFO - 162 - trainer - [156/257] Loss: 0.0089
2026/08/31 19:37:54 - __main__ - INFO - 162 - trainer - [208/257] Loss: 0.0082
2026/08/31 19:38:01 - __main__ - INFO - 167 - trainer - Average loss in epoch 56: 0.0085
2026/08/31 19:38:01 - __main__ - INFO - 117 - trainer - Epoch: 57
2026/08/31 19:38:01 - __main__ - INFO - 162 - trainer - [0/257] Loss: 0.0069
2026/08/31 19:38:08 - __main__ - INFO - 162 - trainer - [52/257] Loss: 0.0103
2026/08/31 19:38:15 - __main__ - INFO - 162 - trainer - [104/257] Loss: 0.0073
2026/08/31 19:38:22 - __main__ - INFO - 162 - trainer - [156/257] Loss: 0.0081
2026/08/31 19:38:30 - __main__ - INFO - 162 - trainer - [208/257] Loss: 0.0059
2026/08/31 19:38:36 - __main__ - INFO - 167 - trainer - Average loss in epoch 57: 0.0079
2026/08/31 19:38:36 - __main__ - INFO - 117 - trainer - Epoch: 58
2026/08/31 19:38:36 - __main__ - INFO - 162 - trainer - [0/257] Loss: 0.0081
2026/08/31 19:38:43 - __main__ - INFO - 162 - trainer - [52/257] Loss: 0.0068
2026/08/31 19:38:51 - __main__ - INFO - 162 - trainer - [104/257] Loss: 0.0074
2026/08/31 19:38:58 - __main__ - INFO - 162 - trainer - [156/257] Loss: 0.0066
2026/08/31 19:39:05 - __main__ - INFO - 162 - trainer - [208/257] Loss: 0.0085
2026/08/31 19:39:11 - __main__ - INFO - 167 - trainer - Average loss in epoch 58: 0.0073
2026/08/31 19:39:11 - __main__ - INFO - 117 - trainer - Epoch: 59
2026/08/31 19:39:11 - __main__ - INFO - 162 - trainer - [0/257] Loss: 0.0066
2026/08/31 19:39:19 - __main__ - INFO - 162 - trainer - [52/257] Loss: 0.0085
2026/08/31 19:39:26 - __main__ - INFO - 162 - trainer - [104/257] Loss: 0.0072
2026/08/31 19:39:33 - __main__ - INFO - 162 - trainer - [156/257] Loss: 0.0078
2026/08/31 19:39:40 - __main__ - INFO - 162 - trainer - [208/257] Loss: 0.0058
2026/08/31 19:39:47 - __main__ - INFO - 167 - trainer - Average loss in epoch 59: 0.0068
2026/08/31 19:39:47 - __main__ - INFO - 117 - trainer - Epoch: 60
2026/08/31 19:39:47 - __main__ - INFO - 162 - trainer - [0/257] Loss: 0.0066
2026/08/31 19:39:54 - __main__ - INFO - 162 - trainer - [52/257] Loss: 0.0075
2026/08/31 19:40:01 - __main__ - INFO - 162 - trainer - [104/257] Loss: 0.0068
2026/08/31 19:40:08 - __main__ - INFO - 162 - trainer - [156/257] Loss: 0.0069
2026/08/31 19:40:15 - __main__ - INFO - 162 - trainer - [208/257] Loss: 0.0063
2026/08/31 19:40:22 - __main__ - INFO - 167 - trainer - Average loss in epoch 60: 0.0063
2026/08/31 19:40:22 - __main__ - INFO - 173 - trainer - start predicting: 2026-08-31 19:40:22.069943
2026/08/31 19:41:27 - __main__ - INFO - 203 - trainer - {'Best_HR@5': np.float64(0.04), 'Best_HR@10': np.float64(0.0577), 'Best_HR@20': np.float64(0.1287), 'Best_NDCG@5': np.float64(0.0208), 'Best_NDCG@10': np.float64(0.0263), 'Best_NDCG@20': np.float64(0.0405)}
2026/08/31 19:41:27 - __main__ - INFO - 204 - trainer - {'Best_epoch_HR@5': 60, 'Best_epoch_HR@10': 60, 'Best_epoch_HR@20': 40, 'Best_epoch_NDCG@5': 60, 'Best_epoch_NDCG@10': 60, 'Best_epoch_NDCG@20': 60}
2026/08/31 19:41:27 - __main__ - INFO - 117 - trainer - Epoch: 61
2026/08/31 19:41:27 - __main__ - INFO - 162 - trainer - [0/257] Loss: 0.0065
2026/08/31 19:41:35 - __main__ - INFO - 162 - trainer - [52/257] Loss: 0.0053
2026/08/31 19:41:42 - __main__ - INFO - 162 - trainer - [104/257] Loss: 0.0064
2026/08/31 19:41:50 - __main__ - INFO - 162 - trainer - [156/257] Loss: 0.0064
2026/08/31 19:41:58 - __main__ - INFO - 162 - trainer - [208/257] Loss: 0.0070
2026/08/31 19:42:05 - __main__ - INFO - 167 - trainer - Average loss in epoch 61: 0.0058
2026/08/31 19:42:05 - __main__ - INFO - 117 - trainer - Epoch: 62
2026/08/31 19:42:05 - __main__ - INFO - 162 - trainer - [0/257] Loss: 0.0065
2026/08/31 19:42:13 - __main__ - INFO - 162 - trainer - [52/257] Loss: 0.0058
2026/08/31 19:42:20 - __main__ - INFO - 162 - trainer - [104/257] Loss: 0.0039
2026/08/31 19:42:28 - __main__ - INFO - 162 - trainer - [156/257] Loss: 0.0044
2026/08/31 19:42:36 - __main__ - INFO - 162 - trainer - [208/257] Loss: 0.0050
2026/08/31 19:42:43 - __main__ - INFO - 167 - trainer - Average loss in epoch 62: 0.0054
2026/08/31 19:42:43 - __main__ - INFO - 117 - trainer - Epoch: 63
2026/08/31 19:42:43 - __main__ - INFO - 162 - trainer - [0/257] Loss: 0.0058
2026/08/31 19:42:51 - __main__ - INFO - 162 - trainer - [52/257] Loss: 0.0055
2026/08/31 19:42:58 - __main__ - INFO - 162 - trainer - [104/257] Loss: 0.0044
2026/08/31 19:43:06 - __main__ - INFO - 162 - trainer - [156/257] Loss: 0.0053
2026/08/31 19:43:14 - __main__ - INFO - 162 - trainer - [208/257] Loss: 0.0062
2026/08/31 19:43:21 - __main__ - INFO - 167 - trainer - Average loss in epoch 63: 0.0050
2026/08/31 19:43:21 - __main__ - INFO - 117 - trainer - Epoch: 64
2026/08/31 19:43:21 - __main__ - INFO - 162 - trainer - [0/257] Loss: 0.0045
2026/08/31 19:43:28 - __main__ - INFO - 162 - trainer - [52/257] Loss: 0.0045
2026/08/31 19:43:36 - __main__ - INFO - 162 - trainer - [104/257] Loss: 0.0053
2026/08/31 19:43:44 - __main__ - INFO - 162 - trainer - [156/257] Loss: 0.0040
2026/08/31 19:43:51 - __main__ - INFO - 162 - trainer - [208/257] Loss: 0.0046
2026/08/31 19:43:58 - __main__ - INFO - 167 - trainer - Average loss in epoch 64: 0.0047
2026/08/31 19:43:58 - __main__ - INFO - 117 - trainer - Epoch: 65
2026/08/31 19:43:59 - __main__ - INFO - 162 - trainer - [0/257] Loss: 0.0039
2026/08/31 19:44:06 - __main__ - INFO - 162 - trainer - [52/257] Loss: 0.0031
2026/08/31 19:44:14 - __main__ - INFO - 162 - trainer - [104/257] Loss: 0.0041
2026/08/31 19:44:21 - __main__ - INFO - 162 - trainer - [156/257] Loss: 0.0052
2026/08/31 19:44:29 - __main__ - INFO - 162 - trainer - [208/257] Loss: 0.0041
2026/08/31 19:44:36 - __main__ - INFO - 167 - trainer - Average loss in epoch 65: 0.0043
2026/08/31 19:44:36 - __main__ - INFO - 117 - trainer - Epoch: 66
2026/08/31 19:44:36 - __main__ - INFO - 162 - trainer - [0/257] Loss: 0.0043
2026/08/31 19:44:44 - __main__ - INFO - 162 - trainer - [52/257] Loss: 0.0033
2026/08/31 19:44:52 - __main__ - INFO - 162 - trainer - [104/257] Loss: 0.0036
2026/08/31 19:44:59 - __main__ - INFO - 162 - trainer - [156/257] Loss: 0.0040
2026/08/31 19:45:07 - __main__ - INFO - 162 - trainer - [208/257] Loss: 0.0039
2026/08/31 19:45:14 - __main__ - INFO - 167 - trainer - Average loss in epoch 66: 0.0040
2026/08/31 19:45:14 - __main__ - INFO - 117 - trainer - Epoch: 67
2026/08/31 19:45:14 - __main__ - INFO - 162 - trainer - [0/257] Loss: 0.0041
2026/08/31 19:45:21 - __main__ - INFO - 162 - trainer - [52/257] Loss: 0.0032
2026/08/31 19:45:29 - __main__ - INFO - 162 - trainer - [104/257] Loss: 0.0035
2026/08/31 19:45:36 - __main__ - INFO - 162 - trainer - [156/257] Loss: 0.0031
2026/08/31 19:45:44 - __main__ - INFO - 162 - trainer - [208/257] Loss: 0.0036
2026/08/31 19:45:51 - __main__ - INFO - 167 - trainer - Average loss in epoch 67: 0.0037
2026/08/31 19:45:51 - __main__ - INFO - 117 - trainer - Epoch: 68
2026/08/31 19:45:52 - __main__ - INFO - 162 - trainer - [0/257] Loss: 0.0050
2026/08/31 19:45:59 - __main__ - INFO - 162 - trainer - [52/257] Loss: 0.0037
2026/08/31 19:46:07 - __main__ - INFO - 162 - trainer - [104/257] Loss: 0.0034
2026/08/31 19:46:15 - __main__ - INFO - 162 - trainer - [156/257] Loss: 0.0027
2026/08/31 19:46:22 - __main__ - INFO - 162 - trainer - [208/257] Loss: 0.0038
2026/08/31 19:46:29 - __main__ - INFO - 167 - trainer - Average loss in epoch 68: 0.0035
2026/08/31 19:46:29 - __main__ - INFO - 117 - trainer - Epoch: 69
2026/08/31 19:46:29 - __main__ - INFO - 162 - trainer - [0/257] Loss: 0.0043
2026/08/31 19:46:37 - __main__ - INFO - 162 - trainer - [52/257] Loss: 0.0031
2026/08/31 19:46:44 - __main__ - INFO - 162 - trainer - [104/257] Loss: 0.0038
2026/08/31 19:46:52 - __main__ - INFO - 162 - trainer - [156/257] Loss: 0.0031
2026/08/31 19:47:00 - __main__ - INFO - 162 - trainer - [208/257] Loss: 0.0028
2026/08/31 19:47:07 - __main__ - INFO - 167 - trainer - Average loss in epoch 69: 0.0032
2026/08/31 19:47:07 - __main__ - INFO - 117 - trainer - Epoch: 70
2026/08/31 19:47:07 - __main__ - INFO - 162 - trainer - [0/257] Loss: 0.0030
2026/08/31 19:47:14 - __main__ - INFO - 162 - trainer - [52/257] Loss: 0.0028
2026/08/31 19:47:22 - __main__ - INFO - 162 - trainer - [104/257] Loss: 0.0023
2026/08/31 19:47:30 - __main__ - INFO - 162 - trainer - [156/257] Loss: 0.0028
2026/08/31 19:47:37 - __main__ - INFO - 162 - trainer - [208/257] Loss: 0.0026
2026/08/31 19:47:45 - __main__ - INFO - 167 - trainer - Average loss in epoch 70: 0.0030
2026/08/31 19:47:45 - __main__ - INFO - 117 - trainer - Epoch: 71
2026/08/31 19:47:45 - __main__ - INFO - 162 - trainer - [0/257] Loss: 0.0029
2026/08/31 19:47:53 - __main__ - INFO - 162 - trainer - [52/257] Loss: 0.0031
2026/08/31 19:48:00 - __main__ - INFO - 162 - trainer - [104/257] Loss: 0.0024
2026/08/31 19:48:08 - __main__ - INFO - 162 - trainer - [156/257] Loss: 0.0032
2026/08/31 19:48:16 - __main__ - INFO - 162 - trainer - [208/257] Loss: 0.0031
2026/08/31 19:48:23 - __main__ - INFO - 167 - trainer - Average loss in epoch 71: 0.0028
2026/08/31 19:48:23 - __main__ - INFO - 117 - trainer - Epoch: 72
2026/08/31 19:48:23 - __main__ - INFO - 162 - trainer - [0/257] Loss: 0.0033
2026/08/31 19:48:31 - __main__ - INFO - 162 - trainer - [52/257] Loss: 0.0028
2026/08/31 19:48:39 - __main__ - INFO - 162 - trainer - [104/257] Loss: 0.0028
2026/08/31 19:48:46 - __main__ - INFO - 162 - trainer - [156/257] Loss: 0.0028
2026/08/31 19:48:54 - __main__ - INFO - 162 - trainer - [208/257] Loss: 0.0024
2026/08/31 19:49:01 - __main__ - INFO - 167 - trainer - Average loss in epoch 72: 0.0026
2026/08/31 19:49:01 - __main__ - INFO - 117 - trainer - Epoch: 73
2026/08/31 19:49:01 - __main__ - INFO - 162 - trainer - [0/257] Loss: 0.0025
2026/08/31 19:49:09 - __main__ - INFO - 162 - trainer - [52/257] Loss: 0.0022
2026/08/31 19:49:16 - __main__ - INFO - 162 - trainer - [104/257] Loss: 0.0027
2026/08/31 19:49:24 - __main__ - INFO - 162 - trainer - [156/257] Loss: 0.0028
2026/08/31 19:49:32 - __main__ - INFO - 162 - trainer - [208/257] Loss: 0.0033
2026/08/31 19:49:39 - __main__ - INFO - 167 - trainer - Average loss in epoch 73: 0.0024
2026/08/31 19:49:39 - __main__ - INFO - 117 - trainer - Epoch: 74
2026/08/31 19:49:39 - __main__ - INFO - 162 - trainer - [0/257] Loss: 0.0029
2026/08/31 19:49:47 - __main__ - INFO - 162 - trainer - [52/257] Loss: 0.0022
2026/08/31 19:49:54 - __main__ - INFO - 162 - trainer - [104/257] Loss: 0.0024
2026/08/31 19:50:02 - __main__ - INFO - 162 - trainer - [156/257] Loss: 0.0024
2026/08/31 19:50:09 - __main__ - INFO - 162 - trainer - [208/257] Loss: 0.0019
2026/08/31 19:50:16 - __main__ - INFO - 167 - trainer - Average loss in epoch 74: 0.0022
2026/08/31 19:50:16 - __main__ - INFO - 117 - trainer - Epoch: 75
2026/08/31 19:50:16 - __main__ - INFO - 162 - trainer - [0/257] Loss: 0.0019
2026/08/31 19:50:24 - __main__ - INFO - 162 - trainer - [52/257] Loss: 0.0021
2026/08/31 19:50:31 - __main__ - INFO - 162 - trainer - [104/257] Loss: 0.0017
2026/08/31 19:50:39 - __main__ - INFO - 162 - trainer - [156/257] Loss: 0.0022
2026/08/31 19:50:46 - __main__ - INFO - 162 - trainer - [208/257] Loss: 0.0021
2026/08/31 19:50:53 - __main__ - INFO - 167 - trainer - Average loss in epoch 75: 0.0021
2026/08/31 19:50:53 - __main__ - INFO - 117 - trainer - Epoch: 76
2026/08/31 19:50:53 - __main__ - INFO - 162 - trainer - [0/257] Loss: 0.0028
2026/08/31 19:51:01 - __main__ - INFO - 162 - trainer - [52/257] Loss: 0.0026
2026/08/31 19:51:09 - __main__ - INFO - 162 - trainer - [104/257] Loss: 0.0035
2026/08/31 19:51:16 - __main__ - INFO - 162 - trainer - [156/257] Loss: 0.0016
2026/08/31 19:51:23 - __main__ - INFO - 162 - trainer - [208/257] Loss: 0.0024
2026/08/31 19:51:31 - __main__ - INFO - 167 - trainer - Average loss in epoch 76: 0.0019
2026/08/31 19:51:31 - __main__ - INFO - 117 - trainer - Epoch: 77
2026/08/31 19:51:31 - __main__ - INFO - 162 - trainer - [0/257] Loss: 0.0023
2026/08/31 19:51:38 - __main__ - INFO - 162 - trainer - [52/257] Loss: 0.0018
2026/08/31 19:51:46 - __main__ - INFO - 162 - trainer - [104/257] Loss: 0.0021
2026/08/31 19:51:54 - __main__ - INFO - 162 - trainer - [156/257] Loss: 0.0013
2026/08/31 19:52:02 - __main__ - INFO - 162 - trainer - [208/257] Loss: 0.0016
2026/08/31 19:52:09 - __main__ - INFO - 167 - trainer - Average loss in epoch 77: 0.0018
2026/08/31 19:52:09 - __main__ - INFO - 117 - trainer - Epoch: 78
2026/08/31 19:52:09 - __main__ - INFO - 162 - trainer - [0/257] Loss: 0.0016
2026/08/31 19:52:16 - __main__ - INFO - 162 - trainer - [52/257] Loss: 0.0018
2026/08/31 19:52:24 - __main__ - INFO - 162 - trainer - [104/257] Loss: 0.0015
2026/08/31 19:52:32 - __main__ - INFO - 162 - trainer - [156/257] Loss: 0.0023
2026/08/31 19:52:39 - __main__ - INFO - 162 - trainer - [208/257] Loss: 0.0019
2026/08/31 19:52:47 - __main__ - INFO - 167 - trainer - Average loss in epoch 78: 0.0017
2026/08/31 19:52:47 - __main__ - INFO - 117 - trainer - Epoch: 79
2026/08/31 19:52:47 - __main__ - INFO - 162 - trainer - [0/257] Loss: 0.0015
2026/08/31 19:52:54 - __main__ - INFO - 162 - trainer - [52/257] Loss: 0.0021
2026/08/31 19:53:02 - __main__ - INFO - 162 - trainer - [104/257] Loss: 0.0011
2026/08/31 19:53:10 - __main__ - INFO - 162 - trainer - [156/257] Loss: 0.0018
2026/08/31 19:53:17 - __main__ - INFO - 162 - trainer - [208/257] Loss: 0.0016
2026/08/31 19:53:24 - __main__ - INFO - 167 - trainer - Average loss in epoch 79: 0.0016
2026/08/31 19:53:24 - __main__ - INFO - 117 - trainer - Epoch: 80
2026/08/31 19:53:25 - __main__ - INFO - 162 - trainer - [0/257] Loss: 0.0010
2026/08/31 19:53:32 - __main__ - INFO - 162 - trainer - [52/257] Loss: 0.0013
2026/08/31 19:53:40 - __main__ - INFO - 162 - trainer - [104/257] Loss: 0.0016
2026/08/31 19:53:48 - __main__ - INFO - 162 - trainer - [156/257] Loss: 0.0013
2026/08/31 19:53:56 - __main__ - INFO - 162 - trainer - [208/257] Loss: 0.0016
2026/08/31 19:54:03 - __main__ - INFO - 167 - trainer - Average loss in epoch 80: 0.0014
2026/08/31 19:54:03 - __main__ - INFO - 173 - trainer - start predicting: 2026-08-31 19:54:03.179627
2026/08/31 19:55:13 - __main__ - INFO - 203 - trainer - {'Best_HR@5': np.float64(0.04), 'Best_HR@10': np.float64(0.0577), 'Best_HR@20': np.float64(0.1287), 'Best_NDCG@5': np.float64(0.0208), 'Best_NDCG@10': np.float64(0.0271), 'Best_NDCG@20': np.float64(0.0422)}
2026/08/31 19:55:13 - __main__ - INFO - 204 - trainer - {'Best_epoch_HR@5': 60, 'Best_epoch_HR@10': 60, 'Best_epoch_HR@20': 40, 'Best_epoch_NDCG@5': 60, 'Best_epoch_NDCG@10': 80, 'Best_epoch_NDCG@20': 80}
2026/08/31 19:55:13 - __main__ - INFO - 117 - trainer - Epoch: 81
2026/08/31 19:55:13 - __main__ - INFO - 162 - trainer - [0/257] Loss: 0.0013
2026/08/31 19:55:21 - __main__ - INFO - 162 - trainer - [52/257] Loss: 0.0018
2026/08/31 19:55:29 - __main__ - INFO - 162 - trainer - [104/257] Loss: 0.0006
2026/08/31 19:55:37 - __main__ - INFO - 162 - trainer - [156/257] Loss: 0.0015
2026/08/31 19:55:45 - __main__ - INFO - 162 - trainer - [208/257] Loss: 0.0015
2026/08/31 19:55:52 - __main__ - INFO - 167 - trainer - Average loss in epoch 81: 0.0013
2026/08/31 19:55:52 - __main__ - INFO - 117 - trainer - Epoch: 82
2026/08/31 19:55:52 - __main__ - INFO - 162 - trainer - [0/257] Loss: 0.0013
2026/08/31 19:56:01 - __main__ - INFO - 162 - trainer - [52/257] Loss: 0.0015
2026/08/31 19:56:08 - __main__ - INFO - 162 - trainer - [104/257] Loss: 0.0008
2026/08/31 19:56:16 - __main__ - INFO - 162 - trainer - [156/257] Loss: 0.0010
2026/08/31 19:56:24 - __main__ - INFO - 162 - trainer - [208/257] Loss: 0.0011
2026/08/31 19:56:31 - __main__ - INFO - 167 - trainer - Average loss in epoch 82: 0.0013
2026/08/31 19:56:31 - __main__ - INFO - 117 - trainer - Epoch: 83
2026/08/31 19:56:31 - __main__ - INFO - 162 - trainer - [0/257] Loss: 0.0010
2026/08/31 19:56:39 - __main__ - INFO - 162 - trainer - [52/257] Loss: 0.0011
2026/08/31 19:56:47 - __main__ - INFO - 162 - trainer - [104/257] Loss: 0.0014
2026/08/31 19:56:55 - __main__ - INFO - 162 - trainer - [156/257] Loss: 0.0016
2026/08/31 19:57:02 - __main__ - INFO - 162 - trainer - [208/257] Loss: 0.0010
2026/08/31 19:57:09 - __main__ - INFO - 167 - trainer - Average loss in epoch 83: 0.0012
2026/08/31 19:57:09 - __main__ - INFO - 117 - trainer - Epoch: 84
2026/08/31 19:57:10 - __main__ - INFO - 162 - trainer - [0/257] Loss: 0.0009
2026/08/31 19:57:18 - __main__ - INFO - 162 - trainer - [52/257] Loss: 0.0010
2026/08/31 19:57:25 - __main__ - INFO - 162 - trainer - [104/257] Loss: 0.0010
2026/08/31 19:57:33 - __main__ - INFO - 162 - trainer - [156/257] Loss: 0.0011
2026/08/31 19:57:41 - __main__ - INFO - 162 - trainer - [208/257] Loss: 0.0009
2026/08/31 19:57:48 - __main__ - INFO - 167 - trainer - Average loss in epoch 84: 0.0011
2026/08/31 19:57:48 - __main__ - INFO - 117 - trainer - Epoch: 85
2026/08/31 19:57:48 - __main__ - INFO - 162 - trainer - [0/257] Loss: 0.0011
2026/08/31 19:57:55 - __main__ - INFO - 162 - trainer - [52/257] Loss: 0.0008
2026/08/31 19:58:03 - __main__ - INFO - 162 - trainer - [104/257] Loss: 0.0007
2026/08/31 19:58:11 - __main__ - INFO - 162 - trainer - [156/257] Loss: 0.0007
2026/08/31 19:58:18 - __main__ - INFO - 162 - trainer - [208/257] Loss: 0.0007
2026/08/31 19:58:25 - __main__ - INFO - 167 - trainer - Average loss in epoch 85: 0.0010
2026/08/31 19:58:25 - __main__ - INFO - 117 - trainer - Epoch: 86
2026/08/31 19:58:26 - __main__ - INFO - 162 - trainer - [0/257] Loss: 0.0010
2026/08/31 19:58:34 - __main__ - INFO - 162 - trainer - [52/257] Loss: 0.0010
2026/08/31 19:58:41 - __main__ - INFO - 162 - trainer - [104/257] Loss: 0.0009
2026/08/31 19:58:49 - __main__ - INFO - 162 - trainer - [156/257] Loss: 0.0013
2026/08/31 19:58:57 - __main__ - INFO - 162 - trainer - [208/257] Loss: 0.0008
2026/08/31 19:59:04 - __main__ - INFO - 167 - trainer - Average loss in epoch 86: 0.0009
2026/08/31 19:59:04 - __main__ - INFO - 117 - trainer - Epoch: 87
2026/08/31 19:59:04 - __main__ - INFO - 162 - trainer - [0/257] Loss: 0.0006
2026/08/31 19:59:11 - __main__ - INFO - 162 - trainer - [52/257] Loss: 0.0009
2026/08/31 19:59:19 - __main__ - INFO - 162 - trainer - [104/257] Loss: 0.0008
2026/08/31 19:59:27 - __main__ - INFO - 162 - trainer - [156/257] Loss: 0.0007
2026/08/31 19:59:35 - __main__ - INFO - 162 - trainer - [208/257] Loss: 0.0008
2026/08/31 19:59:42 - __main__ - INFO - 167 - trainer - Average loss in epoch 87: 0.0009
2026/08/31 19:59:42 - __main__ - INFO - 117 - trainer - Epoch: 88
2026/08/31 19:59:42 - __main__ - INFO - 162 - trainer - [0/257] Loss: 0.0008
2026/08/31 19:59:50 - __main__ - INFO - 162 - trainer - [52/257] Loss: 0.0009
2026/08/31 19:59:58 - __main__ - INFO - 162 - trainer - [104/257] Loss: 0.0007
2026/08/31 20:00:05 - __main__ - INFO - 162 - trainer - [156/257] Loss: 0.0005
2026/08/31 20:00:13 - __main__ - INFO - 162 - trainer - [208/257] Loss: 0.0008
2026/08/31 20:00:20 - __main__ - INFO - 167 - trainer - Average loss in epoch 88: 0.0008
2026/08/31 20:00:20 - __main__ - INFO - 117 - trainer - Epoch: 89
2026/08/31 20:00:20 - __main__ - INFO - 162 - trainer - [0/257] Loss: 0.0012
2026/08/31 20:00:28 - __main__ - INFO - 162 - trainer - [52/257] Loss: 0.0009
2026/08/31 20:00:36 - __main__ - INFO - 162 - trainer - [104/257] Loss: 0.0004
2026/08/31 20:00:43 - __main__ - INFO - 162 - trainer - [156/257] Loss: 0.0004
2026/08/31 20:00:51 - __main__ - INFO - 162 - trainer - [208/257] Loss: 0.0010
2026/08/31 20:00:58 - __main__ - INFO - 167 - trainer - Average loss in epoch 89: 0.0008
2026/08/31 20:00:58 - __main__ - INFO - 117 - trainer - Epoch: 90
2026/08/31 20:00:58 - __main__ - INFO - 162 - trainer - [0/257] Loss: 0.0009
2026/08/31 20:01:06 - __main__ - INFO - 162 - trainer - [52/257] Loss: 0.0009
2026/08/31 20:01:14 - __main__ - INFO - 162 - trainer - [104/257] Loss: 0.0007
2026/08/31 20:01:22 - __main__ - INFO - 162 - trainer - [156/257] Loss: 0.0007
2026/08/31 20:01:30 - __main__ - INFO - 162 - trainer - [208/257] Loss: 0.0012
2026/08/31 20:01:37 - __main__ - INFO - 167 - trainer - Average loss in epoch 90: 0.0007
2026/08/31 20:01:37 - __main__ - INFO - 117 - trainer - Epoch: 91
2026/08/31 20:01:37 - __main__ - INFO - 162 - trainer - [0/257] Loss: 0.0005
2026/08/31 20:01:45 - __main__ - INFO - 162 - trainer - [52/257] Loss: 0.0011
2026/08/31 20:01:52 - __main__ - INFO - 162 - trainer - [104/257] Loss: 0.0009
2026/08/31 20:02:00 - __main__ - INFO - 162 - trainer - [156/257] Loss: 0.0006
2026/08/31 20:02:08 - __main__ - INFO - 162 - trainer - [208/257] Loss: 0.0007
2026/08/31 20:02:15 - __main__ - INFO - 167 - trainer - Average loss in epoch 91: 0.0007
2026/08/31 20:02:15 - __main__ - INFO - 117 - trainer - Epoch: 92
2026/08/31 20:02:15 - __main__ - INFO - 162 - trainer - [0/257] Loss: 0.0008
2026/08/31 20:02:23 - __main__ - INFO - 162 - trainer - [52/257] Loss: 0.0006
2026/08/31 20:02:31 - __main__ - INFO - 162 - trainer - [104/257] Loss: 0.0009
2026/08/31 20:02:38 - __main__ - INFO - 162 - trainer - [156/257] Loss: 0.0010
2026/08/31 20:02:46 - __main__ - INFO - 162 - trainer - [208/257] Loss: 0.0007
2026/08/31 20:02:53 - __main__ - INFO - 167 - trainer - Average loss in epoch 92: 0.0006
2026/08/31 20:02:53 - __main__ - INFO - 117 - trainer - Epoch: 93
2026/08/31 20:02:53 - __main__ - INFO - 162 - trainer - [0/257] Loss: 0.0007
2026/08/31 20:03:01 - __main__ - INFO - 162 - trainer - [52/257] Loss: 0.0007
2026/08/31 20:03:09 - __main__ - INFO - 162 - trainer - [104/257] Loss: 0.0006
2026/08/31 20:03:17 - __main__ - INFO - 162 - trainer - [156/257] Loss: 0.0005
2026/08/31 20:03:24 - __main__ - INFO - 162 - trainer - [208/257] Loss: 0.0005
2026/08/31 20:03:31 - __main__ - INFO - 167 - trainer - Average loss in epoch 93: 0.0006
2026/08/31 20:03:31 - __main__ - INFO - 117 - trainer - Epoch: 94
2026/08/31 20:03:32 - __main__ - INFO - 162 - trainer - [0/257] Loss: 0.0003
2026/08/31 20:03:39 - __main__ - INFO - 162 - trainer - [52/257] Loss: 0.0005
2026/08/31 20:03:47 - __main__ - INFO - 162 - trainer - [104/257] Loss: 0.0006
2026/08/31 20:03:55 - __main__ - INFO - 162 - trainer - [156/257] Loss: 0.0009
2026/08/31 20:04:03 - __main__ - INFO - 162 - trainer - [208/257] Loss: 0.0006
2026/08/31 20:04:10 - __main__ - INFO - 167 - trainer - Average loss in epoch 94: 0.0005
2026/08/31 20:04:10 - __main__ - INFO - 117 - trainer - Epoch: 95
2026/08/31 20:04:10 - __main__ - INFO - 162 - trainer - [0/257] Loss: 0.0003
2026/08/31 20:04:18 - __main__ - INFO - 162 - trainer - [52/257] Loss: 0.0005
2026/08/31 20:04:26 - __main__ - INFO - 162 - trainer - [104/257] Loss: 0.0006
2026/08/31 20:04:33 - __main__ - INFO - 162 - trainer - [156/257] Loss: 0.0003
2026/08/31 20:04:41 - __main__ - INFO - 162 - trainer - [208/257] Loss: 0.0006
2026/08/31 20:04:48 - __main__ - INFO - 167 - trainer - Average loss in epoch 95: 0.0005
2026/08/31 20:04:48 - __main__ - INFO - 117 - trainer - Epoch: 96
2026/08/31 20:04:48 - __main__ - INFO - 162 - trainer - [0/257] Loss: 0.0003
2026/08/31 20:04:56 - __main__ - INFO - 162 - trainer - [52/257] Loss: 0.0004
2026/08/31 20:05:04 - __main__ - INFO - 162 - trainer - [104/257] Loss: 0.0006
2026/08/31 20:05:12 - __main__ - INFO - 162 - trainer - [156/257] Loss: 0.0004
2026/08/31 20:05:19 - __main__ - INFO - 162 - trainer - [208/257] Loss: 0.0004
2026/08/31 20:05:26 - __main__ - INFO - 167 - trainer - Average loss in epoch 96: 0.0005
2026/08/31 20:05:26 - __main__ - INFO - 117 - trainer - Epoch: 97
2026/08/31 20:05:26 - __main__ - INFO - 162 - trainer - [0/257] Loss: 0.0004
2026/08/31 20:05:34 - __main__ - INFO - 162 - trainer - [52/257] Loss: 0.0005
2026/08/31 20:05:42 - __main__ - INFO - 162 - trainer - [104/257] Loss: 0.0004
2026/08/31 20:05:49 - __main__ - INFO - 162 - trainer - [156/257] Loss: 0.0006
2026/08/31 20:05:57 - __main__ - INFO - 162 - trainer - [208/257] Loss: 0.0006
2026/08/31 20:06:04 - __main__ - INFO - 167 - trainer - Average loss in epoch 97: 0.0004
2026/08/31 20:06:04 - __main__ - INFO - 117 - trainer - Epoch: 98
2026/08/31 20:06:04 - __main__ - INFO - 162 - trainer - [0/257] Loss: 0.0004
2026/08/31 20:06:12 - __main__ - INFO - 162 - trainer - [52/257] Loss: 0.0006
2026/08/31 20:06:20 - __main__ - INFO - 162 - trainer - [104/257] Loss: 0.0006
2026/08/31 20:06:28 - __main__ - INFO - 162 - trainer - [156/257] Loss: 0.0003
2026/08/31 20:06:36 - __main__ - INFO - 162 - trainer - [208/257] Loss: 0.0003
2026/08/31 20:06:43 - __main__ - INFO - 167 - trainer - Average loss in epoch 98: 0.0004
2026/08/31 20:06:43 - __main__ - INFO - 117 - trainer - Epoch: 99
2026/08/31 20:06:43 - __main__ - INFO - 162 - trainer - [0/257] Loss: 0.0003
2026/08/31 20:06:51 - __main__ - INFO - 162 - trainer - [52/257] Loss: 0.0003
2026/08/31 20:06:59 - __main__ - INFO - 162 - trainer - [104/257] Loss: 0.0002
2026/08/31 20:07:06 - __main__ - INFO - 162 - trainer - [156/257] Loss: 0.0002
2026/08/31 20:07:14 - __main__ - INFO - 162 - trainer - [208/257] Loss: 0.0003
2026/08/31 20:07:21 - __main__ - INFO - 167 - trainer - Average loss in epoch 99: 0.0004
2026/08/31 20:07:21 - __main__ - INFO - 117 - trainer - Epoch: 100
2026/08/31 20:07:21 - __main__ - INFO - 162 - trainer - [0/257] Loss: 0.0004
2026/08/31 20:07:29 - __main__ - INFO - 162 - trainer - [52/257] Loss: 0.0002
2026/08/31 20:07:37 - __main__ - INFO - 162 - trainer - [104/257] Loss: 0.0003
2026/08/31 20:07:45 - __main__ - INFO - 162 - trainer - [156/257] Loss: 0.0004
2026/08/31 20:07:53 - __main__ - INFO - 162 - trainer - [208/257] Loss: 0.0002
2026/08/31 20:08:00 - __main__ - INFO - 167 - trainer - Average loss in epoch 100: 0.0004
2026/08/31 20:08:00 - __main__ - INFO - 173 - trainer - start predicting: 2026-08-31 20:08:00.190049
2026/08/31 20:09:08 - __main__ - INFO - 203 - trainer - {'Best_HR@5': np.float64(0.04), 'Best_HR@10': np.float64(0.0577), 'Best_HR@20': np.float64(0.1287), 'Best_NDCG@5': np.float64(0.0262), 'Best_NDCG@10': np.float64(0.0319), 'Best_NDCG@20': np.float64(0.0484)}
2026/08/31 20:09:08 - __main__ - INFO - 204 - trainer - {'Best_epoch_HR@5': 60, 'Best_epoch_HR@10': 60, 'Best_epoch_HR@20': 40, 'Best_epoch_NDCG@5': 100, 'Best_epoch_NDCG@10': 100, 'Best_epoch_NDCG@20': 100}
2026/08/31 20:09:08 - __main__ - INFO - 117 - trainer - Epoch: 101
2026/08/31 20:09:08 - __main__ - INFO - 162 - trainer - [0/257] Loss: 0.0007
2026/08/31 20:09:16 - __main__ - INFO - 162 - trainer - [52/257] Loss: 0.0003
2026/08/31 20:09:23 - __main__ - INFO - 162 - trainer - [104/257] Loss: 0.0004
2026/08/31 20:09:31 - __main__ - INFO - 162 - trainer - [156/257] Loss: 0.0004
2026/08/31 20:09:38 - __main__ - INFO - 162 - trainer - [208/257] Loss: 0.0005
2026/08/31 20:09:45 - __main__ - INFO - 167 - trainer - Average loss in epoch 101: 0.0004
2026/08/31 20:09:45 - __main__ - INFO - 117 - trainer - Epoch: 102
2026/08/31 20:09:46 - __main__ - INFO - 162 - trainer - [0/257] Loss: 0.0011
2026/08/31 20:09:53 - __main__ - INFO - 162 - trainer - [52/257] Loss: 0.0003
2026/08/31 20:10:01 - __main__ - INFO - 162 - trainer - [104/257] Loss: 0.0002
2026/08/31 20:10:08 - __main__ - INFO - 162 - trainer - [156/257] Loss: 0.0003
2026/08/31 20:10:16 - __main__ - INFO - 162 - trainer - [208/257] Loss: 0.0001
2026/08/31 20:10:23 - __main__ - INFO - 167 - trainer - Average loss in epoch 102: 0.0004
2026/08/31 20:10:23 - __main__ - INFO - 117 - trainer - Epoch: 103
2026/08/31 20:10:23 - __main__ - INFO - 162 - trainer - [0/257] Loss: 0.0003
2026/08/31 20:10:30 - __main__ - INFO - 162 - trainer - [52/257] Loss: 0.0005
2026/08/31 20:10:38 - __main__ - INFO - 162 - trainer - [104/257] Loss: 0.0002
2026/08/31 20:10:45 - __main__ - INFO - 162 - trainer - [156/257] Loss: 0.0005
2026/08/31 20:10:53 - __main__ - INFO - 162 - trainer - [208/257] Loss: 0.0001
2026/08/31 20:11:00 - __main__ - INFO - 167 - trainer - Average loss in epoch 103: 0.0004
2026/08/31 20:11:00 - __main__ - INFO - 117 - trainer - Epoch: 104
2026/08/31 20:11:00 - __main__ - INFO - 162 - trainer - [0/257] Loss: 0.0004
2026/08/31 20:11:07 - __main__ - INFO - 162 - trainer - [52/257] Loss: 0.0003
2026/08/31 20:11:15 - __main__ - INFO - 162 - trainer - [104/257] Loss: 0.0004
2026/08/31 20:11:22 - __main__ - INFO - 162 - trainer - [156/257] Loss: 0.0005
2026/08/31 20:11:30 - __main__ - INFO - 162 - trainer - [208/257] Loss: 0.0002
2026/08/31 20:11:36 - __main__ - INFO - 167 - trainer - Average loss in epoch 104: 0.0004
2026/08/31 20:11:36 - __main__ - INFO - 117 - trainer - Epoch: 105
2026/08/31 20:11:36 - __main__ - INFO - 162 - trainer - [0/257] Loss: 0.0003
2026/08/31 20:11:44 - __main__ - INFO - 162 - trainer - [52/257] Loss: 0.0003
2026/08/31 20:11:51 - __main__ - INFO - 162 - trainer - [104/257] Loss: 0.0002
2026/08/31 20:11:59 - __main__ - INFO - 162 - trainer - [156/257] Loss: 0.0002
2026/08/31 20:12:06 - __main__ - INFO - 162 - trainer - [208/257] Loss: 0.0004
2026/08/31 20:12:13 - __main__ - INFO - 167 - trainer - Average loss in epoch 105: 0.0004
2026/08/31 20:12:13 - __main__ - INFO - 117 - trainer - Epoch: 106
2026/08/31 20:12:13 - __main__ - INFO - 162 - trainer - [0/257] Loss: 0.0002
2026/08/31 20:12:21 - __main__ - INFO - 162 - trainer - [52/257] Loss: 0.0005
2026/08/31 20:12:28 - __main__ - INFO - 162 - trainer - [104/257] Loss: 0.0003
2026/08/31 20:12:36 - __main__ - INFO - 162 - trainer - [156/257] Loss: 0.0005
2026/08/31 20:12:43 - __main__ - INFO - 162 - trainer - [208/257] Loss: 0.0007
2026/08/31 20:12:50 - __main__ - INFO - 167 - trainer - Average loss in epoch 106: 0.0004
2026/08/31 20:12:50 - __main__ - INFO - 117 - trainer - Epoch: 107
2026/08/31 20:12:50 - __main__ - INFO - 162 - trainer - [0/257] Loss: 0.0002
2026/08/31 20:12:57 - __main__ - INFO - 162 - trainer - [52/257] Loss: 0.0004
2026/08/31 20:13:05 - __main__ - INFO - 162 - trainer - [104/257] Loss: 0.0007
2026/08/31 20:13:12 - __main__ - INFO - 162 - trainer - [156/257] Loss: 0.0002
2026/08/31 20:13:19 - __main__ - INFO - 162 - trainer - [208/257] Loss: 0.0003
2026/08/31 20:13:26 - __main__ - INFO - 167 - trainer - Average loss in epoch 107: 0.0004
2026/08/31 20:13:26 - __main__ - INFO - 117 - trainer - Epoch: 108
2026/08/31 20:13:26 - __main__ - INFO - 162 - trainer - [0/257] Loss: 0.0003
2026/08/31 20:13:34 - __main__ - INFO - 162 - trainer - [52/257] Loss: 0.0002
2026/08/31 20:13:41 - __main__ - INFO - 162 - trainer - [104/257] Loss: 0.0005
2026/08/31 20:13:48 - __main__ - INFO - 162 - trainer - [156/257] Loss: 0.0004
2026/08/31 20:13:56 - __main__ - INFO - 162 - trainer - [208/257] Loss: 0.0003
2026/08/31 20:14:03 - __main__ - INFO - 167 - trainer - Average loss in epoch 108: 0.0004
2026/08/31 20:14:03 - __main__ - INFO - 117 - trainer - Epoch: 109
2026/08/31 20:14:03 - __main__ - INFO - 162 - trainer - [0/257] Loss: 0.0004
2026/08/31 20:14:10 - __main__ - INFO - 162 - trainer - [52/257] Loss: 0.0002
2026/08/31 20:14:18 - __main__ - INFO - 162 - trainer - [104/257] Loss: 0.0005
2026/08/31 20:14:25 - __main__ - INFO - 162 - trainer - [156/257] Loss: 0.0003
2026/08/31 20:14:33 - __main__ - INFO - 162 - trainer - [208/257] Loss: 0.0003
2026/08/31 20:14:39 - __main__ - INFO - 167 - trainer - Average loss in epoch 109: 0.0003
2026/08/31 20:14:39 - __main__ - INFO - 117 - trainer - Epoch: 110
2026/08/31 20:14:40 - __main__ - INFO - 162 - trainer - [0/257] Loss: 0.0004
2026/08/31 20:14:47 - __main__ - INFO - 162 - trainer - [52/257] Loss: 0.0003
2026/08/31 20:14:55 - __main__ - INFO - 162 - trainer - [104/257] Loss: 0.0003
2026/08/31 20:15:02 - __main__ - INFO - 162 - trainer - [156/257] Loss: 0.0005
2026/08/31 20:15:10 - __main__ - INFO - 162 - trainer - [208/257] Loss: 0.0004
2026/08/31 20:15:17 - __main__ - INFO - 167 - trainer - Average loss in epoch 110: 0.0003
2026/08/31 20:15:17 - __main__ - INFO - 117 - trainer - Epoch: 111
2026/08/31 20:15:17 - __main__ - INFO - 162 - trainer - [0/257] Loss: 0.0003
2026/08/31 20:15:24 - __main__ - INFO - 162 - trainer - [52/257] Loss: 0.0002
2026/08/31 20:15:32 - __main__ - INFO - 162 - trainer - [104/257] Loss: 0.0004
2026/08/31 20:15:39 - __main__ - INFO - 162 - trainer - [156/257] Loss: 0.0003
2026/08/31 20:15:47 - __main__ - INFO - 162 - trainer - [208/257] Loss: 0.0004
2026/08/31 20:15:53 - __main__ - INFO - 167 - trainer - Average loss in epoch 111: 0.0003
2026/08/31 20:15:53 - __main__ - INFO - 117 - trainer - Epoch: 112
2026/08/31 20:15:54 - __main__ - INFO - 162 - trainer - [0/257] Loss: 0.0002
2026/08/31 20:16:01 - __main__ - INFO - 162 - trainer - [52/257] Loss: 0.0003
2026/08/31 20:16:09 - __main__ - INFO - 162 - trainer - [104/257] Loss: 0.0004
2026/08/31 20:16:16 - __main__ - INFO - 162 - trainer - [156/257] Loss: 0.0004
2026/08/31 20:16:24 - __main__ - INFO - 162 - trainer - [208/257] Loss: 0.0003
2026/08/31 20:16:30 - __main__ - INFO - 167 - trainer - Average loss in epoch 112: 0.0003
2026/08/31 20:16:30 - __main__ - INFO - 117 - trainer - Epoch: 113
2026/08/31 20:16:31 - __main__ - INFO - 162 - trainer - [0/257] Loss: 0.0002
2026/08/31 20:16:38 - __main__ - INFO - 162 - trainer - [52/257] Loss: 0.0002
2026/08/31 20:16:45 - __main__ - INFO - 162 - trainer - [104/257] Loss: 0.0004
2026/08/31 20:16:53 - __main__ - INFO - 162 - trainer - [156/257] Loss: 0.0002
2026/08/31 20:17:00 - __main__ - INFO - 162 - trainer - [208/257] Loss: 0.0003
2026/08/31 20:17:07 - __main__ - INFO - 167 - trainer - Average loss in epoch 113: 0.0003
2026/08/31 20:17:07 - __main__ - INFO - 117 - trainer - Epoch: 114
2026/08/31 20:17:07 - __main__ - INFO - 162 - trainer - [0/257] Loss: 0.0001
2026/08/31 20:17:14 - __main__ - INFO - 162 - trainer - [52/257] Loss: 0.0007
2026/08/31 20:17:22 - __main__ - INFO - 162 - trainer - [104/257] Loss: 0.0005
2026/08/31 20:17:29 - __main__ - INFO - 162 - trainer - [156/257] Loss: 0.0003
2026/08/31 20:17:37 - __main__ - INFO - 162 - trainer - [208/257] Loss: 0.0003
2026/08/31 20:17:44 - __main__ - INFO - 167 - trainer - Average loss in epoch 114: 0.0003
2026/08/31 20:17:44 - __main__ - INFO - 117 - trainer - Epoch: 115
2026/08/31 20:17:44 - __main__ - INFO - 162 - trainer - [0/257] Loss: 0.0006
2026/08/31 20:17:51 - __main__ - INFO - 162 - trainer - [52/257] Loss: 0.0006
2026/08/31 20:17:59 - __main__ - INFO - 162 - trainer - [104/257] Loss: 0.0004
2026/08/31 20:18:06 - __main__ - INFO - 162 - trainer - [156/257] Loss: 0.0003
2026/08/31 20:18:13 - __main__ - INFO - 162 - trainer - [208/257] Loss: 0.0004
2026/08/31 20:18:20 - __main__ - INFO - 167 - trainer - Average loss in epoch 115: 0.0003
2026/08/31 20:18:20 - __main__ - INFO - 117 - trainer - Epoch: 116
2026/08/31 20:18:21 - __main__ - INFO - 162 - trainer - [0/257] Loss: 0.0002
2026/08/31 20:18:28 - __main__ - INFO - 162 - trainer - [52/257] Loss: 0.0002
2026/08/31 20:18:36 - __main__ - INFO - 162 - trainer - [104/257] Loss: 0.0002
2026/08/31 20:18:43 - __main__ - INFO - 162 - trainer - [156/257] Loss: 0.0003
2026/08/31 20:18:51 - __main__ - INFO - 162 - trainer - [208/257] Loss: 0.0002
2026/08/31 20:18:58 - __main__ - INFO - 167 - trainer - Average loss in epoch 116: 0.0003
2026/08/31 20:18:58 - __main__ - INFO - 117 - trainer - Epoch: 117
2026/08/31 20:18:58 - __main__ - INFO - 162 - trainer - [0/257] Loss: 0.0006
2026/08/31 20:19:05 - __main__ - INFO - 162 - trainer - [52/257] Loss: 0.0002
2026/08/31 20:19:13 - __main__ - INFO - 162 - trainer - [104/257] Loss: 0.0003
2026/08/31 20:19:20 - __main__ - INFO - 162 - trainer - [156/257] Loss: 0.0002
2026/08/31 20:19:28 - __main__ - INFO - 162 - trainer - [208/257] Loss: 0.0004
2026/08/31 20:19:35 - __main__ - INFO - 167 - trainer - Average loss in epoch 117: 0.0003
2026/08/31 20:19:35 - __main__ - INFO - 117 - trainer - Epoch: 118
2026/08/31 20:19:35 - __main__ - INFO - 162 - trainer - [0/257] Loss: 0.0002
2026/08/31 20:19:43 - __main__ - INFO - 162 - trainer - [52/257] Loss: 0.0003
2026/08/31 20:19:50 - __main__ - INFO - 162 - trainer - [104/257] Loss: 0.0003
2026/08/31 20:19:57 - __main__ - INFO - 162 - trainer - [156/257] Loss: 0.0002
2026/08/31 20:20:05 - __main__ - INFO - 162 - trainer - [208/257] Loss: 0.0003
2026/08/31 20:20:12 - __main__ - INFO - 167 - trainer - Average loss in epoch 118: 0.0003
2026/08/31 20:20:12 - __main__ - INFO - 117 - trainer - Epoch: 119
2026/08/31 20:20:12 - __main__ - INFO - 162 - trainer - [0/257] Loss: 0.0006
2026/08/31 20:20:19 - __main__ - INFO - 162 - trainer - [52/257] Loss: 0.0003
2026/08/31 20:20:27 - __main__ - INFO - 162 - trainer - [104/257] Loss: 0.0006
2026/08/31 20:20:34 - __main__ - INFO - 162 - trainer - [156/257] Loss: 0.0003
2026/08/31 20:20:42 - __main__ - INFO - 162 - trainer - [208/257] Loss: 0.0003
2026/08/31 20:20:49 - __main__ - INFO - 167 - trainer - Average loss in epoch 119: 0.0003
2026/08/31 20:20:49 - __main__ - INFO - 117 - trainer - Epoch: 120
2026/08/31 20:20:49 - __main__ - INFO - 162 - trainer - [0/257] Loss: 0.0005
2026/08/31 20:20:56 - __main__ - INFO - 162 - trainer - [52/257] Loss: 0.0004
2026/08/31 20:21:03 - __main__ - INFO - 162 - trainer - [104/257] Loss: 0.0003
2026/08/31 20:21:11 - __main__ - INFO - 162 - trainer - [156/257] Loss: 0.0002
2026/08/31 20:21:19 - __main__ - INFO - 162 - trainer - [208/257] Loss: 0.0002
2026/08/31 20:21:25 - __main__ - INFO - 167 - trainer - Average loss in epoch 120: 0.0003
2026/08/31 20:21:25 - __main__ - INFO - 173 - trainer - start predicting: 2026-08-31 20:21:25.996049
2026/08/31 20:22:33 - __main__ - INFO - 117 - trainer - Epoch: 121
2026/08/31 20:22:33 - __main__ - INFO - 162 - trainer - [0/257] Loss: 0.0002
2026/08/31 20:22:41 - __main__ - INFO - 162 - trainer - [52/257] Loss: 0.0005
2026/08/31 20:22:48 - __main__ - INFO - 162 - trainer - [104/257] Loss: 0.0005
2026/08/31 20:22:56 - __main__ - INFO - 162 - trainer - [156/257] Loss: 0.0001
2026/08/31 20:23:04 - __main__ - INFO - 162 - trainer - [208/257] Loss: 0.0004
2026/08/31 20:23:11 - __main__ - INFO - 167 - trainer - Average loss in epoch 121: 0.0003
2026/08/31 20:23:11 - __main__ - INFO - 117 - trainer - Epoch: 122
2026/08/31 20:23:11 - __main__ - INFO - 162 - trainer - [0/257] Loss: 0.0003
2026/08/31 20:23:18 - __main__ - INFO - 162 - trainer - [52/257] Loss: 0.0002
2026/08/31 20:23:26 - __main__ - INFO - 162 - trainer - [104/257] Loss: 0.0002
2026/08/31 20:23:33 - __main__ - INFO - 162 - trainer - [156/257] Loss: 0.0005
2026/08/31 20:23:41 - __main__ - INFO - 162 - trainer - [208/257] Loss: 0.0004
2026/08/31 20:23:48 - __main__ - INFO - 167 - trainer - Average loss in epoch 122: 0.0003
2026/08/31 20:23:48 - __main__ - INFO - 117 - trainer - Epoch: 123
2026/08/31 20:23:48 - __main__ - INFO - 162 - trainer - [0/257] Loss: 0.0002
2026/08/31 20:23:55 - __main__ - INFO - 162 - trainer - [52/257] Loss: 0.0003
2026/08/31 20:24:03 - __main__ - INFO - 162 - trainer - [104/257] Loss: 0.0002
2026/08/31 20:24:10 - __main__ - INFO - 162 - trainer - [156/257] Loss: 0.0003
2026/08/31 20:24:18 - __main__ - INFO - 162 - trainer - [208/257] Loss: 0.0002
2026/08/31 20:24:25 - __main__ - INFO - 167 - trainer - Average loss in epoch 123: 0.0003
2026/08/31 20:24:25 - __main__ - INFO - 117 - trainer - Epoch: 124
2026/08/31 20:24:25 - __main__ - INFO - 162 - trainer - [0/257] Loss: 0.0004
2026/08/31 20:24:32 - __main__ - INFO - 162 - trainer - [52/257] Loss: 0.0008
2026/08/31 20:24:40 - __main__ - INFO - 162 - trainer - [104/257] Loss: 0.0001
2026/08/31 20:24:47 - __main__ - INFO - 162 - trainer - [156/257] Loss: 0.0002
2026/08/31 20:24:55 - __main__ - INFO - 162 - trainer - [208/257] Loss: 0.0002
2026/08/31 20:25:02 - __main__ - INFO - 167 - trainer - Average loss in epoch 124: 0.0003
2026/08/31 20:25:02 - __main__ - INFO - 117 - trainer - Epoch: 125
2026/08/31 20:25:02 - __main__ - INFO - 162 - trainer - [0/257] Loss: 0.0002
2026/08/31 20:25:09 - __main__ - INFO - 162 - trainer - [52/257] Loss: 0.0003
2026/08/31 20:25:17 - __main__ - INFO - 162 - trainer - [104/257] Loss: 0.0001
2026/08/31 20:25:24 - __main__ - INFO - 162 - trainer - [156/257] Loss: 0.0006
2026/08/31 20:25:32 - __main__ - INFO - 162 - trainer - [208/257] Loss: 0.0004
2026/08/31 20:25:39 - __main__ - INFO - 167 - trainer - Average loss in epoch 125: 0.0003
2026/08/31 20:25:39 - __main__ - INFO - 117 - trainer - Epoch: 126
2026/08/31 20:25:39 - __main__ - INFO - 162 - trainer - [0/257] Loss: 0.0001
2026/08/31 20:25:46 - __main__ - INFO - 162 - trainer - [52/257] Loss: 0.0003
2026/08/31 20:25:54 - __main__ - INFO - 162 - trainer - [104/257] Loss: 0.0004
2026/08/31 20:26:01 - __main__ - INFO - 162 - trainer - [156/257] Loss: 0.0005
2026/08/31 20:26:09 - __main__ - INFO - 162 - trainer - [208/257] Loss: 0.0002
2026/08/31 20:26:16 - __main__ - INFO - 167 - trainer - Average loss in epoch 126: 0.0003
2026/08/31 20:26:16 - __main__ - INFO - 117 - trainer - Epoch: 127
2026/08/31 20:26:16 - __main__ - INFO - 162 - trainer - [0/257] Loss: 0.0003
2026/08/31 20:26:23 - __main__ - INFO - 162 - trainer - [52/257] Loss: 0.0002
2026/08/31 20:26:31 - __main__ - INFO - 162 - trainer - [104/257] Loss: 0.0003
2026/08/31 20:26:38 - __main__ - INFO - 162 - trainer - [156/257] Loss: 0.0003
2026/08/31 20:26:46 - __main__ - INFO - 162 - trainer - [208/257] Loss: 0.0006
2026/08/31 20:26:53 - __main__ - INFO - 167 - trainer - Average loss in epoch 127: 0.0003
2026/08/31 20:26:53 - __main__ - INFO - 117 - trainer - Epoch: 128
2026/08/31 20:26:53 - __main__ - INFO - 162 - trainer - [0/257] Loss: 0.0002
2026/08/31 20:27:01 - __main__ - INFO - 162 - trainer - [52/257] Loss: 0.0004
2026/08/31 20:27:09 - __main__ - INFO - 162 - trainer - [104/257] Loss: 0.0003
2026/08/31 20:27:16 - __main__ - INFO - 162 - trainer - [156/257] Loss: 0.0002
2026/08/31 20:27:24 - __main__ - INFO - 162 - trainer - [208/257] Loss: 0.0004
2026/08/31 20:27:31 - __main__ - INFO - 167 - trainer - Average loss in epoch 128: 0.0003
2026/08/31 20:27:31 - __main__ - INFO - 117 - trainer - Epoch: 129
2026/08/31 20:27:31 - __main__ - INFO - 162 - trainer - [0/257] Loss: 0.0002
2026/08/31 20:27:39 - __main__ - INFO - 162 - trainer - [52/257] Loss: 0.0002
2026/08/31 20:27:46 - __main__ - INFO - 162 - trainer - [104/257] Loss: 0.0003
2026/08/31 20:27:54 - __main__ - INFO - 162 - trainer - [156/257] Loss: 0.0006
2026/08/31 20:28:01 - __main__ - INFO - 162 - trainer - [208/257] Loss: 0.0002
2026/08/31 20:28:09 - __main__ - INFO - 167 - trainer - Average loss in epoch 129: 0.0003
2026/08/31 20:28:09 - __main__ - INFO - 117 - trainer - Epoch: 130
2026/08/31 20:28:09 - __main__ - INFO - 162 - trainer - [0/257] Loss: 0.0003
2026/08/31 20:28:16 - __main__ - INFO - 162 - trainer - [52/257] Loss: 0.0006
2026/08/31 20:28:24 - __main__ - INFO - 162 - trainer - [104/257] Loss: 0.0002
2026/08/31 20:28:31 - __main__ - INFO - 162 - trainer - [156/257] Loss: 0.0002
2026/08/31 20:28:39 - __main__ - INFO - 162 - trainer - [208/257] Loss: 0.0006
2026/08/31 20:28:46 - __main__ - INFO - 167 - trainer - Average loss in epoch 130: 0.0003
2026/08/31 20:28:46 - __main__ - INFO - 117 - trainer - Epoch: 131
2026/08/31 20:28:46 - __main__ - INFO - 162 - trainer - [0/257] Loss: 0.0004
2026/08/31 20:28:53 - __main__ - INFO - 162 - trainer - [52/257] Loss: 0.0002
2026/08/31 20:29:01 - __main__ - INFO - 162 - trainer - [104/257] Loss: 0.0001
2026/08/31 20:29:08 - __main__ - INFO - 162 - trainer - [156/257] Loss: 0.0002
2026/08/31 20:29:16 - __main__ - INFO - 162 - trainer - [208/257] Loss: 0.0003
2026/08/31 20:29:23 - __main__ - INFO - 167 - trainer - Average loss in epoch 131: 0.0003
2026/08/31 20:29:23 - __main__ - INFO - 117 - trainer - Epoch: 132
2026/08/31 20:29:23 - __main__ - INFO - 162 - trainer - [0/257] Loss: 0.0002
2026/08/31 20:29:30 - __main__ - INFO - 162 - trainer - [52/257] Loss: 0.0004
2026/08/31 20:29:38 - __main__ - INFO - 162 - trainer - [104/257] Loss: 0.0003
2026/08/31 20:29:45 - __main__ - INFO - 162 - trainer - [156/257] Loss: 0.0002
2026/08/31 20:29:53 - __main__ - INFO - 162 - trainer - [208/257] Loss: 0.0003
2026/08/31 20:30:00 - __main__ - INFO - 167 - trainer - Average loss in epoch 132: 0.0003
2026/08/31 20:30:00 - __main__ - INFO - 117 - trainer - Epoch: 133
2026/08/31 20:30:00 - __main__ - INFO - 162 - trainer - [0/257] Loss: 0.0003
2026/08/31 20:30:07 - __main__ - INFO - 162 - trainer - [52/257] Loss: 0.0002
2026/08/31 20:30:15 - __main__ - INFO - 162 - trainer - [104/257] Loss: 0.0004
2026/08/31 20:30:22 - __main__ - INFO - 162 - trainer - [156/257] Loss: 0.0004
2026/08/31 20:30:30 - __main__ - INFO - 162 - trainer - [208/257] Loss: 0.0005
2026/08/31 20:30:37 - __main__ - INFO - 167 - trainer - Average loss in epoch 133: 0.0003
2026/08/31 20:30:37 - __main__ - INFO - 117 - trainer - Epoch: 134
2026/08/31 20:30:37 - __main__ - INFO - 162 - trainer - [0/257] Loss: 0.0003
2026/08/31 20:30:44 - __main__ - INFO - 162 - trainer - [52/257] Loss: 0.0001
2026/08/31 20:30:52 - __main__ - INFO - 162 - trainer - [104/257] Loss: 0.0002
2026/08/31 20:31:00 - __main__ - INFO - 162 - trainer - [156/257] Loss: 0.0002
2026/08/31 20:31:07 - __main__ - INFO - 162 - trainer - [208/257] Loss: 0.0006
2026/08/31 20:31:14 - __main__ - INFO - 167 - trainer - Average loss in epoch 134: 0.0003
2026/08/31 20:31:14 - __main__ - INFO - 117 - trainer - Epoch: 135
2026/08/31 20:31:14 - __main__ - INFO - 162 - trainer - [0/257] Loss: 0.0009
2026/08/31 20:31:22 - __main__ - INFO - 162 - trainer - [52/257] Loss: 0.0004
2026/08/31 20:31:29 - __main__ - INFO - 162 - trainer - [104/257] Loss: 0.0003
2026/08/31 20:31:37 - __main__ - INFO - 162 - trainer - [156/257] Loss: 0.0002
2026/08/31 20:31:44 - __main__ - INFO - 162 - trainer - [208/257] Loss: 0.0003
2026/08/31 20:31:51 - __main__ - INFO - 167 - trainer - Average loss in epoch 135: 0.0003
2026/08/31 20:31:51 - __main__ - INFO - 117 - trainer - Epoch: 136
2026/08/31 20:31:51 - __main__ - INFO - 162 - trainer - [0/257] Loss: 0.0001
2026/08/31 20:31:58 - __main__ - INFO - 162 - trainer - [52/257] Loss: 0.0002
2026/08/31 20:32:06 - __main__ - INFO - 162 - trainer - [104/257] Loss: 0.0002
2026/08/31 20:32:13 - __main__ - INFO - 162 - trainer - [156/257] Loss: 0.0002
2026/08/31 20:32:21 - __main__ - INFO - 162 - trainer - [208/257] Loss: 0.0003
2026/08/31 20:32:28 - __main__ - INFO - 167 - trainer - Average loss in epoch 136: 0.0003
2026/08/31 20:32:28 - __main__ - INFO - 117 - trainer - Epoch: 137
2026/08/31 20:32:28 - __main__ - INFO - 162 - trainer - [0/257] Loss: 0.0002
2026/08/31 20:32:35 - __main__ - INFO - 162 - trainer - [52/257] Loss: 0.0003
2026/08/31 20:32:42 - __main__ - INFO - 162 - trainer - [104/257] Loss: 0.0001
2026/08/31 20:32:50 - __main__ - INFO - 162 - trainer - [156/257] Loss: 0.0003
2026/08/31 20:32:57 - __main__ - INFO - 162 - trainer - [208/257] Loss: 0.0003
2026/08/31 20:33:04 - __main__ - INFO - 167 - trainer - Average loss in epoch 137: 0.0003
2026/08/31 20:33:04 - __main__ - INFO - 117 - trainer - Epoch: 138
2026/08/31 20:33:04 - __main__ - INFO - 162 - trainer - [0/257] Loss: 0.0006
2026/08/31 20:33:12 - __main__ - INFO - 162 - trainer - [52/257] Loss: 0.0003
2026/08/31 20:33:19 - __main__ - INFO - 162 - trainer - [104/257] Loss: 0.0002
2026/08/31 20:33:27 - __main__ - INFO - 162 - trainer - [156/257] Loss: 0.0002
2026/08/31 20:33:34 - __main__ - INFO - 162 - trainer - [208/257] Loss: 0.0001
2026/08/31 20:33:42 - __main__ - INFO - 167 - trainer - Average loss in epoch 138: 0.0003
2026/08/31 20:33:42 - __main__ - INFO - 117 - trainer - Epoch: 139
2026/08/31 20:33:42 - __main__ - INFO - 162 - trainer - [0/257] Loss: 0.0002
2026/08/31 20:33:49 - __main__ - INFO - 162 - trainer - [52/257] Loss: 0.0003
2026/08/31 20:33:57 - __main__ - INFO - 162 - trainer - [104/257] Loss: 0.0001
2026/08/31 20:34:04 - __main__ - INFO - 162 - trainer - [156/257] Loss: 0.0003
2026/08/31 20:34:12 - __main__ - INFO - 162 - trainer - [208/257] Loss: 0.0003
2026/08/31 20:34:19 - __main__ - INFO - 167 - trainer - Average loss in epoch 139: 0.0003
2026/08/31 20:34:19 - __main__ - INFO - 117 - trainer - Epoch: 140
2026/08/31 20:34:19 - __main__ - INFO - 162 - trainer - [0/257] Loss: 0.0003
2026/08/31 20:34:26 - __main__ - INFO - 162 - trainer - [52/257] Loss: 0.0003
2026/08/31 20:34:34 - __main__ - INFO - 162 - trainer - [104/257] Loss: 0.0005
2026/08/31 20:34:41 - __main__ - INFO - 162 - trainer - [156/257] Loss: 0.0002
2026/08/31 20:34:48 - __main__ - INFO - 162 - trainer - [208/257] Loss: 0.0002
2026/08/31 20:34:55 - __main__ - INFO - 167 - trainer - Average loss in epoch 140: 0.0003
2026/08/31 20:34:55 - __main__ - INFO - 173 - trainer - start predicting: 2026-08-31 20:34:55.884623
2026/08/31 20:36:03 - __main__ - INFO - 117 - trainer - Epoch: 141
2026/08/31 20:36:03 - __main__ - INFO - 162 - trainer - [0/257] Loss: 0.0004
2026/08/31 20:36:11 - __main__ - INFO - 162 - trainer - [52/257] Loss: 0.0004
2026/08/31 20:36:19 - __main__ - INFO - 162 - trainer - [104/257] Loss: 0.0004
2026/08/31 20:36:26 - __main__ - INFO - 162 - trainer - [156/257] Loss: 0.0004
2026/08/31 20:36:34 - __main__ - INFO - 162 - trainer - [208/257] Loss: 0.0002
2026/08/31 20:36:42 - __main__ - INFO - 167 - trainer - Average loss in epoch 141: 0.0003
2026/08/31 20:36:42 - __main__ - INFO - 117 - trainer - Epoch: 142
2026/08/31 20:36:42 - __main__ - INFO - 162 - trainer - [0/257] Loss: 0.0002
2026/08/31 20:36:50 - __main__ - INFO - 162 - trainer - [52/257] Loss: 0.0002
2026/08/31 20:36:58 - __main__ - INFO - 162 - trainer - [104/257] Loss: 0.0003
2026/08/31 20:37:05 - __main__ - INFO - 162 - trainer - [156/257] Loss: 0.0004
2026/08/31 20:37:13 - __main__ - INFO - 162 - trainer - [208/257] Loss: 0.0004
2026/08/31 20:37:20 - __main__ - INFO - 167 - trainer - Average loss in epoch 142: 0.0003
2026/08/31 20:37:20 - __main__ - INFO - 117 - trainer - Epoch: 143
2026/08/31 20:37:21 - __main__ - INFO - 162 - trainer - [0/257] Loss: 0.0001
2026/08/31 20:37:28 - __main__ - INFO - 162 - trainer - [52/257] Loss: 0.0002
2026/08/31 20:37:36 - __main__ - INFO - 162 - trainer - [104/257] Loss: 0.0002
2026/08/31 20:37:43 - __main__ - INFO - 162 - trainer - [156/257] Loss: 0.0004
2026/08/31 20:37:51 - __main__ - INFO - 162 - trainer - [208/257] Loss: 0.0001
2026/08/31 20:37:58 - __main__ - INFO - 167 - trainer - Average loss in epoch 143: 0.0003
2026/08/31 20:37:58 - __main__ - INFO - 117 - trainer - Epoch: 144
2026/08/31 20:37:58 - __main__ - INFO - 162 - trainer - [0/257] Loss: 0.0005
2026/08/31 20:38:06 - __main__ - INFO - 162 - trainer - [52/257] Loss: 0.0002
2026/08/31 20:38:13 - __main__ - INFO - 162 - trainer - [104/257] Loss: 0.0003
2026/08/31 20:38:21 - __main__ - INFO - 162 - trainer - [156/257] Loss: 0.0001
2026/08/31 20:38:29 - __main__ - INFO - 162 - trainer - [208/257] Loss: 0.0002
2026/08/31 20:38:35 - __main__ - INFO - 167 - trainer - Average loss in epoch 144: 0.0003
2026/08/31 20:38:35 - __main__ - INFO - 117 - trainer - Epoch: 145
2026/08/31 20:38:36 - __main__ - INFO - 162 - trainer - [0/257] Loss: 0.0003
2026/08/31 20:38:43 - __main__ - INFO - 162 - trainer - [52/257] Loss: 0.0003
2026/08/31 20:38:51 - __main__ - INFO - 162 - trainer - [104/257] Loss: 0.0004
2026/08/31 20:38:58 - __main__ - INFO - 162 - trainer - [156/257] Loss: 0.0002
2026/08/31 20:39:06 - __main__ - INFO - 162 - trainer - [208/257] Loss: 0.0002
2026/08/31 20:39:13 - __main__ - INFO - 167 - trainer - Average loss in epoch 145: 0.0003
2026/08/31 20:39:13 - __main__ - INFO - 117 - trainer - Epoch: 146
2026/08/31 20:39:13 - __main__ - INFO - 162 - trainer - [0/257] Loss: 0.0005
2026/08/31 20:39:21 - __main__ - INFO - 162 - trainer - [52/257] Loss: 0.0003
2026/08/31 20:39:28 - __main__ - INFO - 162 - trainer - [104/257] Loss: 0.0002
2026/08/31 20:39:36 - __main__ - INFO - 162 - trainer - [156/257] Loss: 0.0001
2026/08/31 20:39:44 - __main__ - INFO - 162 - trainer - [208/257] Loss: 0.0002
2026/08/31 20:39:51 - __main__ - INFO - 167 - trainer - Average loss in epoch 146: 0.0003
2026/08/31 20:39:51 - __main__ - INFO - 117 - trainer - Epoch: 147
2026/08/31 20:39:51 - __main__ - INFO - 162 - trainer - [0/257] Loss: 0.0003
2026/08/31 20:39:58 - __main__ - INFO - 162 - trainer - [52/257] Loss: 0.0004
2026/08/31 20:40:06 - __main__ - INFO - 162 - trainer - [104/257] Loss: 0.0001
2026/08/31 20:40:14 - __main__ - INFO - 162 - trainer - [156/257] Loss: 0.0002
2026/08/31 20:40:21 - __main__ - INFO - 162 - trainer - [208/257] Loss: 0.0003
2026/08/31 20:40:28 - __main__ - INFO - 167 - trainer - Average loss in epoch 147: 0.0003
2026/08/31 20:40:28 - __main__ - INFO - 117 - trainer - Epoch: 148
2026/08/31 20:40:29 - __main__ - INFO - 162 - trainer - [0/257] Loss: 0.0003
2026/08/31 20:40:36 - __main__ - INFO - 162 - trainer - [52/257] Loss: 0.0004
2026/08/31 20:40:44 - __main__ - INFO - 162 - trainer - [104/257] Loss: 0.0002
2026/08/31 20:40:51 - __main__ - INFO - 162 - trainer - [156/257] Loss: 0.0002
2026/08/31 20:40:59 - __main__ - INFO - 162 - trainer - [208/257] Loss: 0.0003
2026/08/31 20:41:06 - __main__ - INFO - 167 - trainer - Average loss in epoch 148: 0.0003
2026/08/31 20:41:06 - __main__ - INFO - 117 - trainer - Epoch: 149
2026/08/31 20:41:06 - __main__ - INFO - 162 - trainer - [0/257] Loss: 0.0002
2026/08/31 20:41:14 - __main__ - INFO - 162 - trainer - [52/257] Loss: 0.0003
2026/08/31 20:41:21 - __main__ - INFO - 162 - trainer - [104/257] Loss: 0.0003
2026/08/31 20:41:29 - __main__ - INFO - 162 - trainer - [156/257] Loss: 0.0003
2026/08/31 20:41:36 - __main__ - INFO - 162 - trainer - [208/257] Loss: 0.0002
2026/08/31 20:41:43 - __main__ - INFO - 167 - trainer - Average loss in epoch 149: 0.0003
2026/08/31 20:41:43 - __main__ - INFO - 117 - trainer - Epoch: 150
2026/08/31 20:41:43 - __main__ - INFO - 162 - trainer - [0/257] Loss: 0.0001
2026/08/31 20:41:51 - __main__ - INFO - 162 - trainer - [52/257] Loss: 0.0003
2026/08/31 20:41:59 - __main__ - INFO - 162 - trainer - [104/257] Loss: 0.0004
2026/08/31 20:42:06 - __main__ - INFO - 162 - trainer - [156/257] Loss: 0.0002
2026/08/31 20:42:14 - __main__ - INFO - 162 - trainer - [208/257] Loss: 0.0001
2026/08/31 20:42:21 - __main__ - INFO - 167 - trainer - Average loss in epoch 150: 0.0003
2026/08/31 20:42:21 - __main__ - INFO - 117 - trainer - Epoch: 151
2026/08/31 20:42:21 - __main__ - INFO - 162 - trainer - [0/257] Loss: 0.0003
2026/08/31 20:42:29 - __main__ - INFO - 162 - trainer - [52/257] Loss: 0.0006
2026/08/31 20:42:36 - __main__ - INFO - 162 - trainer - [104/257] Loss: 0.0002
2026/08/31 20:42:44 - __main__ - INFO - 162 - trainer - [156/257] Loss: 0.0002
2026/08/31 20:42:51 - __main__ - INFO - 162 - trainer - [208/257] Loss: 0.0000
2026/08/31 20:42:58 - __main__ - INFO - 167 - trainer - Average loss in epoch 151: 0.0003
2026/08/31 20:42:58 - __main__ - INFO - 117 - trainer - Epoch: 152
2026/08/31 20:42:58 - __main__ - INFO - 162 - trainer - [0/257] Loss: 0.0002
2026/08/31 20:43:06 - __main__ - INFO - 162 - trainer - [52/257] Loss: 0.0003
2026/08/31 20:43:13 - __main__ - INFO - 162 - trainer - [104/257] Loss: 0.0004
2026/08/31 20:43:21 - __main__ - INFO - 162 - trainer - [156/257] Loss: 0.0002
2026/08/31 20:43:28 - __main__ - INFO - 162 - trainer - [208/257] Loss: 0.0003
2026/08/31 20:43:35 - __main__ - INFO - 167 - trainer - Average loss in epoch 152: 0.0003
2026/08/31 20:43:35 - __main__ - INFO - 117 - trainer - Epoch: 153
2026/08/31 20:43:35 - __main__ - INFO - 162 - trainer - [0/257] Loss: 0.0002
2026/08/31 20:43:43 - __main__ - INFO - 162 - trainer - [52/257] Loss: 0.0003
2026/08/31 20:43:51 - __main__ - INFO - 162 - trainer - [104/257] Loss: 0.0002
2026/08/31 20:43:58 - __main__ - INFO - 162 - trainer - [156/257] Loss: 0.0002
2026/08/31 20:44:06 - __main__ - INFO - 162 - trainer - [208/257] Loss: 0.0002
2026/08/31 20:44:13 - __main__ - INFO - 167 - trainer - Average loss in epoch 153: 0.0002
2026/08/31 20:44:13 - __main__ - INFO - 117 - trainer - Epoch: 154
2026/08/31 20:44:13 - __main__ - INFO - 162 - trainer - [0/257] Loss: 0.0002
2026/08/31 20:44:20 - __main__ - INFO - 162 - trainer - [52/257] Loss: 0.0003
2026/08/31 20:44:28 - __main__ - INFO - 162 - trainer - [104/257] Loss: 0.0002
2026/08/31 20:44:35 - __main__ - INFO - 162 - trainer - [156/257] Loss: 0.0004
2026/08/31 20:44:43 - __main__ - INFO - 162 - trainer - [208/257] Loss: 0.0002
2026/08/31 20:44:50 - __main__ - INFO - 167 - trainer - Average loss in epoch 154: 0.0002
2026/08/31 20:44:50 - __main__ - INFO - 117 - trainer - Epoch: 155
2026/08/31 20:44:50 - __main__ - INFO - 162 - trainer - [0/257] Loss: 0.0002
2026/08/31 20:44:58 - __main__ - INFO - 162 - trainer - [52/257] Loss: 0.0002
2026/08/31 20:45:05 - __main__ - INFO - 162 - trainer - [104/257] Loss: 0.0004
2026/08/31 20:45:13 - __main__ - INFO - 162 - trainer - [156/257] Loss: 0.0001
2026/08/31 20:45:20 - __main__ - INFO - 162 - trainer - [208/257] Loss: 0.0002
2026/08/31 20:45:27 - __main__ - INFO - 167 - trainer - Average loss in epoch 155: 0.0002
2026/08/31 20:45:27 - __main__ - INFO - 117 - trainer - Epoch: 156
2026/08/31 20:45:28 - __main__ - INFO - 162 - trainer - [0/257] Loss: 0.0001
2026/08/31 20:45:35 - __main__ - INFO - 162 - trainer - [52/257] Loss: 0.0001
2026/08/31 20:45:43 - __main__ - INFO - 162 - trainer - [104/257] Loss: 0.0002
2026/08/31 20:45:50 - __main__ - INFO - 162 - trainer - [156/257] Loss: 0.0004
2026/08/31 20:45:58 - __main__ - INFO - 162 - trainer - [208/257] Loss: 0.0001
2026/08/31 20:46:05 - __main__ - INFO - 167 - trainer - Average loss in epoch 156: 0.0002
2026/08/31 20:46:05 - __main__ - INFO - 117 - trainer - Epoch: 157
2026/08/31 20:46:05 - __main__ - INFO - 162 - trainer - [0/257] Loss: 0.0002
2026/08/31 20:46:13 - __main__ - INFO - 162 - trainer - [52/257] Loss: 0.0002
2026/08/31 20:46:20 - __main__ - INFO - 162 - trainer - [104/257] Loss: 0.0002
2026/08/31 20:46:28 - __main__ - INFO - 162 - trainer - [156/257] Loss: 0.0002
2026/08/31 20:46:35 - __main__ - INFO - 162 - trainer - [208/257] Loss: 0.0001
2026/08/31 20:46:42 - __main__ - INFO - 167 - trainer - Average loss in epoch 157: 0.0002
2026/08/31 20:46:42 - __main__ - INFO - 117 - trainer - Epoch: 158
2026/08/31 20:46:42 - __main__ - INFO - 162 - trainer - [0/257] Loss: 0.0002
2026/08/31 20:46:50 - __main__ - INFO - 162 - trainer - [52/257] Loss: 0.0003
2026/08/31 20:46:57 - __main__ - INFO - 162 - trainer - [104/257] Loss: 0.0002
2026/08/31 20:47:05 - __main__ - INFO - 162 - trainer - [156/257] Loss: 0.0001
2026/08/31 20:47:12 - __main__ - INFO - 162 - trainer - [208/257] Loss: 0.0002
2026/08/31 20:47:19 - __main__ - INFO - 167 - trainer - Average loss in epoch 158: 0.0002
2026/08/31 20:47:19 - __main__ - INFO - 117 - trainer - Epoch: 159
2026/08/31 20:47:19 - __main__ - INFO - 162 - trainer - [0/257] Loss: 0.0003
2026/08/31 20:47:27 - __main__ - INFO - 162 - trainer - [52/257] Loss: 0.0001
2026/08/31 20:47:35 - __main__ - INFO - 162 - trainer - [104/257] Loss: 0.0003
2026/08/31 20:47:42 - __main__ - INFO - 162 - trainer - [156/257] Loss: 0.0004
2026/08/31 20:47:50 - __main__ - INFO - 162 - trainer - [208/257] Loss: 0.0001
2026/08/31 20:47:57 - __main__ - INFO - 167 - trainer - Average loss in epoch 159: 0.0002
2026/08/31 20:47:57 - __main__ - INFO - 117 - trainer - Epoch: 160
2026/08/31 20:47:57 - __main__ - INFO - 162 - trainer - [0/257] Loss: 0.0002
2026/08/31 20:48:05 - __main__ - INFO - 162 - trainer - [52/257] Loss: 0.0004
2026/08/31 20:48:12 - __main__ - INFO - 162 - trainer - [104/257] Loss: 0.0003
2026/08/31 20:48:20 - __main__ - INFO - 162 - trainer - [156/257] Loss: 0.0002
2026/08/31 20:48:28 - __main__ - INFO - 162 - trainer - [208/257] Loss: 0.0004
2026/08/31 20:48:35 - __main__ - INFO - 167 - trainer - Average loss in epoch 160: 0.0002
2026/08/31 20:48:35 - __main__ - INFO - 173 - trainer - start predicting: 2026-08-31 20:48:35.128329
2026/08/31 20:49:41 - __main__ - INFO - 117 - trainer - Epoch: 161
2026/08/31 20:49:42 - __main__ - INFO - 162 - trainer - [0/257] Loss: 0.0001
2026/08/31 20:49:49 - __main__ - INFO - 162 - trainer - [52/257] Loss: 0.0003
2026/08/31 20:49:56 - __main__ - INFO - 162 - trainer - [104/257] Loss: 0.0003
2026/08/31 20:50:02 - __main__ - INFO - 162 - trainer - [156/257] Loss: 0.0004
2026/08/31 20:50:09 - __main__ - INFO - 162 - trainer - [208/257] Loss: 0.0001
2026/08/31 20:50:16 - __main__ - INFO - 167 - trainer - Average loss in epoch 161: 0.0002
2026/08/31 20:50:16 - __main__ - INFO - 117 - trainer - Epoch: 162
2026/08/31 20:50:16 - __main__ - INFO - 162 - trainer - [0/257] Loss: 0.0001
2026/08/31 20:50:24 - __main__ - INFO - 162 - trainer - [52/257] Loss: 0.0001
2026/08/31 20:50:31 - __main__ - INFO - 162 - trainer - [104/257] Loss: 0.0002
2026/08/31 20:50:39 - __main__ - INFO - 162 - trainer - [156/257] Loss: 0.0005
2026/08/31 20:50:47 - __main__ - INFO - 162 - trainer - [208/257] Loss: 0.0001
2026/08/31 20:50:54 - __main__ - INFO - 167 - trainer - Average loss in epoch 162: 0.0002
2026/08/31 20:50:54 - __main__ - INFO - 117 - trainer - Epoch: 163
2026/08/31 20:50:54 - __main__ - INFO - 162 - trainer - [0/257] Loss: 0.0002
2026/08/31 20:51:02 - __main__ - INFO - 162 - trainer - [52/257] Loss: 0.0001
2026/08/31 20:51:10 - __main__ - INFO - 162 - trainer - [104/257] Loss: 0.0002
2026/08/31 20:51:17 - __main__ - INFO - 162 - trainer - [156/257] Loss: 0.0002
2026/08/31 20:51:25 - __main__ - INFO - 162 - trainer - [208/257] Loss: 0.0003
2026/08/31 20:51:32 - __main__ - INFO - 167 - trainer - Average loss in epoch 163: 0.0002
2026/08/31 20:51:32 - __main__ - INFO - 117 - trainer - Epoch: 164
2026/08/31 20:51:32 - __main__ - INFO - 162 - trainer - [0/257] Loss: 0.0001
2026/08/31 20:51:40 - __main__ - INFO - 162 - trainer - [52/257] Loss: 0.0002
2026/08/31 20:51:47 - __main__ - INFO - 162 - trainer - [104/257] Loss: 0.0002
2026/08/31 20:51:55 - __main__ - INFO - 162 - trainer - [156/257] Loss: 0.0002
2026/08/31 20:52:03 - __main__ - INFO - 162 - trainer - [208/257] Loss: 0.0002
2026/08/31 20:52:10 - __main__ - INFO - 167 - trainer - Average loss in epoch 164: 0.0002
2026/08/31 20:52:10 - __main__ - INFO - 117 - trainer - Epoch: 165
2026/08/31 20:52:10 - __main__ - INFO - 162 - trainer - [0/257] Loss: 0.0003
2026/08/31 20:52:18 - __main__ - INFO - 162 - trainer - [52/257] Loss: 0.0001
2026/08/31 20:52:25 - __main__ - INFO - 162 - trainer - [104/257] Loss: 0.0002
2026/08/31 20:52:33 - __main__ - INFO - 162 - trainer - [156/257] Loss: 0.0001
2026/08/31 20:52:41 - __main__ - INFO - 162 - trainer - [208/257] Loss: 0.0002
2026/08/31 20:52:48 - __main__ - INFO - 167 - trainer - Average loss in epoch 165: 0.0002
2026/08/31 20:52:48 - __main__ - INFO - 117 - trainer - Epoch: 166
2026/08/31 20:52:48 - __main__ - INFO - 162 - trainer - [0/257] Loss: 0.0003
2026/08/31 20:52:55 - __main__ - INFO - 162 - trainer - [52/257] Loss: 0.0003
2026/08/31 20:53:03 - __main__ - INFO - 162 - trainer - [104/257] Loss: 0.0002
2026/08/31 20:53:10 - __main__ - INFO - 162 - trainer - [156/257] Loss: 0.0004
2026/08/31 20:53:18 - __main__ - INFO - 162 - trainer - [208/257] Loss: 0.0001
2026/08/31 20:53:25 - __main__ - INFO - 167 - trainer - Average loss in epoch 166: 0.0002
2026/08/31 20:53:25 - __main__ - INFO - 117 - trainer - Epoch: 167
2026/08/31 20:53:25 - __main__ - INFO - 162 - trainer - [0/257] Loss: 0.0003
2026/08/31 20:53:33 - __main__ - INFO - 162 - trainer - [52/257] Loss: 0.0002
2026/08/31 20:53:41 - __main__ - INFO - 162 - trainer - [104/257] Loss: 0.0001
2026/08/31 20:53:48 - __main__ - INFO - 162 - trainer - [156/257] Loss: 0.0001
2026/08/31 20:53:56 - __main__ - INFO - 162 - trainer - [208/257] Loss: 0.0002
2026/08/31 20:54:03 - __main__ - INFO - 167 - trainer - Average loss in epoch 167: 0.0002
2026/08/31 20:54:03 - __main__ - INFO - 117 - trainer - Epoch: 168
2026/08/31 20:54:03 - __main__ - INFO - 162 - trainer - [0/257] Loss: 0.0001
2026/08/31 20:54:10 - __main__ - INFO - 162 - trainer - [52/257] Loss: 0.0004
2026/08/31 20:54:18 - __main__ - INFO - 162 - trainer - [104/257] Loss: 0.0002
2026/08/31 20:54:26 - __main__ - INFO - 162 - trainer - [156/257] Loss: 0.0003
2026/08/31 20:54:33 - __main__ - INFO - 162 - trainer - [208/257] Loss: 0.0002
2026/08/31 20:54:40 - __main__ - INFO - 167 - trainer - Average loss in epoch 168: 0.0002
2026/08/31 20:54:40 - __main__ - INFO - 117 - trainer - Epoch: 169
2026/08/31 20:54:41 - __main__ - INFO - 162 - trainer - [0/257] Loss: 0.0001
2026/08/31 20:54:48 - __main__ - INFO - 162 - trainer - [52/257] Loss: 0.0002
2026/08/31 20:54:56 - __main__ - INFO - 162 - trainer - [104/257] Loss: 0.0002
2026/08/31 20:55:04 - __main__ - INFO - 162 - trainer - [156/257] Loss: 0.0004
2026/08/31 20:55:11 - __main__ - INFO - 162 - trainer - [208/257] Loss: 0.0003
2026/08/31 20:55:18 - __main__ - INFO - 167 - trainer - Average loss in epoch 169: 0.0002
2026/08/31 20:55:18 - __main__ - INFO - 117 - trainer - Epoch: 170
2026/08/31 20:55:18 - __main__ - INFO - 162 - trainer - [0/257] Loss: 0.0001
2026/08/31 20:55:26 - __main__ - INFO - 162 - trainer - [52/257] Loss: 0.0003
2026/08/31 20:55:34 - __main__ - INFO - 162 - trainer - [104/257] Loss: 0.0002
2026/08/31 20:55:42 - __main__ - INFO - 162 - trainer - [156/257] Loss: 0.0002
2026/08/31 20:55:49 - __main__ - INFO - 162 - trainer - [208/257] Loss: 0.0003
2026/08/31 20:55:56 - __main__ - INFO - 167 - trainer - Average loss in epoch 170: 0.0002
2026/08/31 20:55:56 - __main__ - INFO - 117 - trainer - Epoch: 171
2026/08/31 20:55:57 - __main__ - INFO - 162 - trainer - [0/257] Loss: 0.0003
2026/08/31 20:56:04 - __main__ - INFO - 162 - trainer - [52/257] Loss: 0.0002
2026/08/31 20:56:12 - __main__ - INFO - 162 - trainer - [104/257] Loss: 0.0004
2026/08/31 20:56:20 - __main__ - INFO - 162 - trainer - [156/257] Loss: 0.0003
2026/08/31 20:56:27 - __main__ - INFO - 162 - trainer - [208/257] Loss: 0.0002
2026/08/31 20:56:34 - __main__ - INFO - 167 - trainer - Average loss in epoch 171: 0.0002
2026/08/31 20:56:34 - __main__ - INFO - 117 - trainer - Epoch: 172
2026/08/31 20:56:34 - __main__ - INFO - 162 - trainer - [0/257] Loss: 0.0003
2026/08/31 20:56:42 - __main__ - INFO - 162 - trainer - [52/257] Loss: 0.0002
2026/08/31 20:56:50 - __main__ - INFO - 162 - trainer - [104/257] Loss: 0.0004
2026/08/31 20:56:58 - __main__ - INFO - 162 - trainer - [156/257] Loss: 0.0001
2026/08/31 20:57:05 - __main__ - INFO - 162 - trainer - [208/257] Loss: 0.0002
2026/08/31 20:57:12 - __main__ - INFO - 167 - trainer - Average loss in epoch 172: 0.0002
2026/08/31 20:57:12 - __main__ - INFO - 117 - trainer - Epoch: 173
2026/08/31 20:57:13 - __main__ - INFO - 162 - trainer - [0/257] Loss: 0.0003
2026/08/31 20:57:20 - __main__ - INFO - 162 - trainer - [52/257] Loss: 0.0001
2026/08/31 20:57:28 - __main__ - INFO - 162 - trainer - [104/257] Loss: 0.0001
2026/08/31 20:57:36 - __main__ - INFO - 162 - trainer - [156/257] Loss: 0.0002
2026/08/31 20:57:44 - __main__ - INFO - 162 - trainer - [208/257] Loss: 0.0002
2026/08/31 20:57:51 - __main__ - INFO - 167 - trainer - Average loss in epoch 173: 0.0002
2026/08/31 20:57:51 - __main__ - INFO - 117 - trainer - Epoch: 174
2026/08/31 20:57:51 - __main__ - INFO - 162 - trainer - [0/257] Loss: 0.0002
2026/08/31 20:57:59 - __main__ - INFO - 162 - trainer - [52/257] Loss: 0.0002
2026/08/31 20:58:06 - __main__ - INFO - 162 - trainer - [104/257] Loss: 0.0002
2026/08/31 20:58:14 - __main__ - INFO - 162 - trainer - [156/257] Loss: 0.0002
2026/08/31 20:58:22 - __main__ - INFO - 162 - trainer - [208/257] Loss: 0.0002
2026/08/31 20:58:29 - __main__ - INFO - 167 - trainer - Average loss in epoch 174: 0.0002
2026/08/31 20:58:29 - __main__ - INFO - 117 - trainer - Epoch: 175
2026/08/31 20:58:29 - __main__ - INFO - 162 - trainer - [0/257] Loss: 0.0004
2026/08/31 20:58:37 - __main__ - INFO - 162 - trainer - [52/257] Loss: 0.0002
2026/08/31 20:58:44 - __main__ - INFO - 162 - trainer - [104/257] Loss: 0.0002
2026/08/31 20:58:52 - __main__ - INFO - 162 - trainer - [156/257] Loss: 0.0002
2026/08/31 20:59:00 - __main__ - INFO - 162 - trainer - [208/257] Loss: 0.0002
2026/08/31 20:59:07 - __main__ - INFO - 167 - trainer - Average loss in epoch 175: 0.0002
2026/08/31 20:59:07 - __main__ - INFO - 117 - trainer - Epoch: 176
2026/08/31 20:59:07 - __main__ - INFO - 162 - trainer - [0/257] Loss: 0.0003
2026/08/31 20:59:15 - __main__ - INFO - 162 - trainer - [52/257] Loss: 0.0003
2026/08/31 20:59:22 - __main__ - INFO - 162 - trainer - [104/257] Loss: 0.0002
2026/08/31 20:59:30 - __main__ - INFO - 162 - trainer - [156/257] Loss: 0.0001
2026/08/31 20:59:38 - __main__ - INFO - 162 - trainer - [208/257] Loss: 0.0003
2026/08/31 20:59:45 - __main__ - INFO - 167 - trainer - Average loss in epoch 176: 0.0002
2026/08/31 20:59:45 - __main__ - INFO - 117 - trainer - Epoch: 177
2026/08/31 20:59:45 - __main__ - INFO - 162 - trainer - [0/257] Loss: 0.0001
2026/08/31 20:59:53 - __main__ - INFO - 162 - trainer - [52/257] Loss: 0.0006
2026/08/31 21:00:00 - __main__ - INFO - 162 - trainer - [104/257] Loss: 0.0002
2026/08/31 21:00:08 - __main__ - INFO - 162 - trainer - [156/257] Loss: 0.0002
2026/08/31 21:00:16 - __main__ - INFO - 162 - trainer - [208/257] Loss: 0.0002
2026/08/31 21:00:23 - __main__ - INFO - 167 - trainer - Average loss in epoch 177: 0.0002
2026/08/31 21:00:23 - __main__ - INFO - 117 - trainer - Epoch: 178
2026/08/31 21:00:23 - __main__ - INFO - 162 - trainer - [0/257] Loss: 0.0002
2026/08/31 21:00:31 - __main__ - INFO - 162 - trainer - [52/257] Loss: 0.0001
2026/08/31 21:00:39 - __main__ - INFO - 162 - trainer - [104/257] Loss: 0.0002
2026/08/31 21:00:46 - __main__ - INFO - 162 - trainer - [156/257] Loss: 0.0001
2026/08/31 21:00:54 - __main__ - INFO - 162 - trainer - [208/257] Loss: 0.0002
2026/08/31 21:01:01 - __main__ - INFO - 167 - trainer - Average loss in epoch 178: 0.0002
2026/08/31 21:01:01 - __main__ - INFO - 117 - trainer - Epoch: 179
2026/08/31 21:01:01 - __main__ - INFO - 162 - trainer - [0/257] Loss: 0.0001
2026/08/31 21:01:09 - __main__ - INFO - 162 - trainer - [52/257] Loss: 0.0004
2026/08/31 21:01:17 - __main__ - INFO - 162 - trainer - [104/257] Loss: 0.0002
2026/08/31 21:01:24 - __main__ - INFO - 162 - trainer - [156/257] Loss: 0.0001
2026/08/31 21:01:32 - __main__ - INFO - 162 - trainer - [208/257] Loss: 0.0002
2026/08/31 21:01:39 - __main__ - INFO - 167 - trainer - Average loss in epoch 179: 0.0002
2026/08/31 21:01:39 - __main__ - INFO - 117 - trainer - Epoch: 180
2026/08/31 21:01:39 - __main__ - INFO - 162 - trainer - [0/257] Loss: 0.0003
2026/08/31 21:01:47 - __main__ - INFO - 162 - trainer - [52/257] Loss: 0.0001
2026/08/31 21:01:54 - __main__ - INFO - 162 - trainer - [104/257] Loss: 0.0001
2026/08/31 21:02:02 - __main__ - INFO - 162 - trainer - [156/257] Loss: 0.0001
2026/08/31 21:02:10 - __main__ - INFO - 162 - trainer - [208/257] Loss: 0.0002
2026/08/31 21:02:17 - __main__ - INFO - 167 - trainer - Average loss in epoch 180: 0.0002
2026/08/31 21:02:17 - __main__ - INFO - 173 - trainer - start predicting: 2026-08-31 21:02:17.146092
2026/08/31 21:03:20 - __main__ - INFO - 117 - trainer - Epoch: 181
2026/08/31 21:03:20 - __main__ - INFO - 162 - trainer - [0/257] Loss: 0.0001
2026/08/31 21:03:28 - __main__ - INFO - 162 - trainer - [52/257] Loss: 0.0001
2026/08/31 21:03:35 - __main__ - INFO - 162 - trainer - [104/257] Loss: 0.0001
2026/08/31 21:03:42 - __main__ - INFO - 162 - trainer - [156/257] Loss: 0.0001
2026/08/31 21:03:49 - __main__ - INFO - 162 - trainer - [208/257] Loss: 0.0002
2026/08/31 21:03:55 - __main__ - INFO - 167 - trainer - Average loss in epoch 181: 0.0002
2026/08/31 21:03:55 - __main__ - INFO - 117 - trainer - Epoch: 182
2026/08/31 21:03:56 - __main__ - INFO - 162 - trainer - [0/257] Loss: 0.0001
2026/08/31 21:04:03 - __main__ - INFO - 162 - trainer - [52/257] Loss: 0.0002
2026/08/31 21:04:11 - __main__ - INFO - 162 - trainer - [104/257] Loss: 0.0002
2026/08/31 21:04:18 - __main__ - INFO - 162 - trainer - [156/257] Loss: 0.0003
2026/08/31 21:04:26 - __main__ - INFO - 162 - trainer - [208/257] Loss: 0.0002
2026/08/31 21:04:33 - __main__ - INFO - 167 - trainer - Average loss in epoch 182: 0.0002
2026/08/31 21:04:33 - __main__ - INFO - 117 - trainer - Epoch: 183
2026/08/31 21:04:33 - __main__ - INFO - 162 - trainer - [0/257] Loss: 0.0002
2026/08/31 21:04:41 - __main__ - INFO - 162 - trainer - [52/257] Loss: 0.0002
2026/08/31 21:04:49 - __main__ - INFO - 162 - trainer - [104/257] Loss: 0.0001
2026/08/31 21:04:56 - __main__ - INFO - 162 - trainer - [156/257] Loss: 0.0001
2026/08/31 21:05:04 - __main__ - INFO - 162 - trainer - [208/257] Loss: 0.0001
2026/08/31 21:05:11 - __main__ - INFO - 167 - trainer - Average loss in epoch 183: 0.0002
2026/08/31 21:05:11 - __main__ - INFO - 117 - trainer - Epoch: 184
2026/08/31 21:05:11 - __main__ - INFO - 162 - trainer - [0/257] Loss: 0.0004
2026/08/31 21:05:18 - __main__ - INFO - 162 - trainer - [52/257] Loss: 0.0002
2026/08/31 21:05:26 - __main__ - INFO - 162 - trainer - [104/257] Loss: 0.0003
2026/08/31 21:05:34 - __main__ - INFO - 162 - trainer - [156/257] Loss: 0.0001
2026/08/31 21:05:41 - __main__ - INFO - 162 - trainer - [208/257] Loss: 0.0002
2026/08/31 21:05:48 - __main__ - INFO - 167 - trainer - Average loss in epoch 184: 0.0002
2026/08/31 21:05:48 - __main__ - INFO - 117 - trainer - Epoch: 185
2026/08/31 21:05:48 - __main__ - INFO - 162 - trainer - [0/257] Loss: 0.0003
2026/08/31 21:05:56 - __main__ - INFO - 162 - trainer - [52/257] Loss: 0.0001
2026/08/31 21:06:04 - __main__ - INFO - 162 - trainer - [104/257] Loss: 0.0003
2026/08/31 21:06:11 - __main__ - INFO - 162 - trainer - [156/257] Loss: 0.0002
2026/08/31 21:06:19 - __main__ - INFO - 162 - trainer - [208/257] Loss: 0.0004
2026/08/31 21:06:26 - __main__ - INFO - 167 - trainer - Average loss in epoch 185: 0.0002
2026/08/31 21:06:26 - __main__ - INFO - 117 - trainer - Epoch: 186
2026/08/31 21:06:26 - __main__ - INFO - 162 - trainer - [0/257] Loss: 0.0001
2026/08/31 21:06:33 - __main__ - INFO - 162 - trainer - [52/257] Loss: 0.0005
2026/08/31 21:06:41 - __main__ - INFO - 162 - trainer - [104/257] Loss: 0.0002
2026/08/31 21:06:49 - __main__ - INFO - 162 - trainer - [156/257] Loss: 0.0002
2026/08/31 21:06:56 - __main__ - INFO - 162 - trainer - [208/257] Loss: 0.0002
2026/08/31 21:07:03 - __main__ - INFO - 167 - trainer - Average loss in epoch 186: 0.0002
2026/08/31 21:07:03 - __main__ - INFO - 117 - trainer - Epoch: 187
2026/08/31 21:07:03 - __main__ - INFO - 162 - trainer - [0/257] Loss: 0.0001
2026/08/31 21:07:11 - __main__ - INFO - 162 - trainer - [52/257] Loss: 0.0003
2026/08/31 21:07:19 - __main__ - INFO - 162 - trainer - [104/257] Loss: 0.0002
2026/08/31 21:07:26 - __main__ - INFO - 162 - trainer - [156/257] Loss: 0.0002
2026/08/31 21:07:34 - __main__ - INFO - 162 - trainer - [208/257] Loss: 0.0002
2026/08/31 21:07:41 - __main__ - INFO - 167 - trainer - Average loss in epoch 187: 0.0002
2026/08/31 21:07:41 - __main__ - INFO - 117 - trainer - Epoch: 188
2026/08/31 21:07:41 - __main__ - INFO - 162 - trainer - [0/257] Loss: 0.0001
2026/08/31 21:07:48 - __main__ - INFO - 162 - trainer - [52/257] Loss: 0.0000
2026/08/31 21:07:56 - __main__ - INFO - 162 - trainer - [104/257] Loss: 0.0002
2026/08/31 21:08:04 - __main__ - INFO - 162 - trainer - [156/257] Loss: 0.0002
2026/08/31 21:08:11 - __main__ - INFO - 162 - trainer - [208/257] Loss: 0.0001
2026/08/31 21:08:18 - __main__ - INFO - 167 - trainer - Average loss in epoch 188: 0.0002
2026/08/31 21:08:18 - __main__ - INFO - 117 - trainer - Epoch: 189
2026/08/31 21:08:18 - __main__ - INFO - 162 - trainer - [0/257] Loss: 0.0001
2026/08/31 21:08:26 - __main__ - INFO - 162 - trainer - [52/257] Loss: 0.0002
2026/08/31 21:08:33 - __main__ - INFO - 162 - trainer - [104/257] Loss: 0.0002
2026/08/31 21:08:41 - __main__ - INFO - 162 - trainer - [156/257] Loss: 0.0003
2026/08/31 21:08:48 - __main__ - INFO - 162 - trainer - [208/257] Loss: 0.0002
2026/08/31 21:08:55 - __main__ - INFO - 167 - trainer - Average loss in epoch 189: 0.0002
2026/08/31 21:08:55 - __main__ - INFO - 117 - trainer - Epoch: 190
2026/08/31 21:08:55 - __main__ - INFO - 162 - trainer - [0/257] Loss: 0.0002
2026/08/31 21:09:03 - __main__ - INFO - 162 - trainer - [52/257] Loss: 0.0002
2026/08/31 21:09:10 - __main__ - INFO - 162 - trainer - [104/257] Loss: 0.0002
2026/08/31 21:09:18 - __main__ - INFO - 162 - trainer - [156/257] Loss: 0.0001
2026/08/31 21:09:26 - __main__ - INFO - 162 - trainer - [208/257] Loss: 0.0002
2026/08/31 21:09:32 - __main__ - INFO - 167 - trainer - Average loss in epoch 190: 0.0002
2026/08/31 21:09:32 - __main__ - INFO - 117 - trainer - Epoch: 191
2026/08/31 21:09:33 - __main__ - INFO - 162 - trainer - [0/257] Loss: 0.0001
2026/08/31 21:09:40 - __main__ - INFO - 162 - trainer - [52/257] Loss: 0.0002
2026/08/31 21:09:48 - __main__ - INFO - 162 - trainer - [104/257] Loss: 0.0002
2026/08/31 21:09:56 - __main__ - INFO - 162 - trainer - [156/257] Loss: 0.0003
2026/08/31 21:10:03 - __main__ - INFO - 162 - trainer - [208/257] Loss: 0.0001
2026/08/31 21:10:10 - __main__ - INFO - 167 - trainer - Average loss in epoch 191: 0.0002
2026/08/31 21:10:10 - __main__ - INFO - 117 - trainer - Epoch: 192
2026/08/31 21:10:10 - __main__ - INFO - 162 - trainer - [0/257] Loss: 0.0002
2026/08/31 21:10:18 - __main__ - INFO - 162 - trainer - [52/257] Loss: 0.0003
2026/08/31 21:10:25 - __main__ - INFO - 162 - trainer - [104/257] Loss: 0.0002
2026/08/31 21:10:33 - __main__ - INFO - 162 - trainer - [156/257] Loss: 0.0001
2026/08/31 21:10:40 - __main__ - INFO - 162 - trainer - [208/257] Loss: 0.0001
2026/08/31 21:10:47 - __main__ - INFO - 167 - trainer - Average loss in epoch 192: 0.0002
2026/08/31 21:10:47 - __main__ - INFO - 117 - trainer - Epoch: 193
2026/08/31 21:10:47 - __main__ - INFO - 162 - trainer - [0/257] Loss: 0.0001
2026/08/31 21:10:55 - __main__ - INFO - 162 - trainer - [52/257] Loss: 0.0003
2026/08/31 21:11:02 - __main__ - INFO - 162 - trainer - [104/257] Loss: 0.0002
2026/08/31 21:11:10 - __main__ - INFO - 162 - trainer - [156/257] Loss: 0.0001
2026/08/31 21:11:17 - __main__ - INFO - 162 - trainer - [208/257] Loss: 0.0003
2026/08/31 21:11:24 - __main__ - INFO - 167 - trainer - Average loss in epoch 193: 0.0002
2026/08/31 21:11:24 - __main__ - INFO - 117 - trainer - Epoch: 194
2026/08/31 21:11:25 - __main__ - INFO - 162 - trainer - [0/257] Loss: 0.0002
2026/08/31 21:11:32 - __main__ - INFO - 162 - trainer - [52/257] Loss: 0.0002
2026/08/31 21:11:40 - __main__ - INFO - 162 - trainer - [104/257] Loss: 0.0002
2026/08/31 21:11:47 - __main__ - INFO - 162 - trainer - [156/257] Loss: 0.0001
2026/08/31 21:11:55 - __main__ - INFO - 162 - trainer - [208/257] Loss: 0.0001
2026/08/31 21:12:02 - __main__ - INFO - 167 - trainer - Average loss in epoch 194: 0.0002
2026/08/31 21:12:02 - __main__ - INFO - 117 - trainer - Epoch: 195
2026/08/31 21:12:02 - __main__ - INFO - 162 - trainer - [0/257] Loss: 0.0003
2026/08/31 21:12:09 - __main__ - INFO - 162 - trainer - [52/257] Loss: 0.0002
2026/08/31 21:12:17 - __main__ - INFO - 162 - trainer - [104/257] Loss: 0.0001
2026/08/31 21:12:25 - __main__ - INFO - 162 - trainer - [156/257] Loss: 0.0002
2026/08/31 21:12:33 - __main__ - INFO - 162 - trainer - [208/257] Loss: 0.0003
2026/08/31 21:12:39 - __main__ - INFO - 167 - trainer - Average loss in epoch 195: 0.0002
2026/08/31 21:12:39 - __main__ - INFO - 117 - trainer - Epoch: 196
2026/08/31 21:12:40 - __main__ - INFO - 162 - trainer - [0/257] Loss: 0.0001
2026/08/31 21:12:47 - __main__ - INFO - 162 - trainer - [52/257] Loss: 0.0002
2026/08/31 21:12:55 - __main__ - INFO - 162 - trainer - [104/257] Loss: 0.0001
2026/08/31 21:13:02 - __main__ - INFO - 162 - trainer - [156/257] Loss: 0.0001
2026/08/31 21:13:10 - __main__ - INFO - 162 - trainer - [208/257] Loss: 0.0002
2026/08/31 21:13:17 - __main__ - INFO - 167 - trainer - Average loss in epoch 196: 0.0002
2026/08/31 21:13:17 - __main__ - INFO - 117 - trainer - Epoch: 197
2026/08/31 21:13:17 - __main__ - INFO - 162 - trainer - [0/257] Loss: 0.0001
2026/08/31 21:13:24 - __main__ - INFO - 162 - trainer - [52/257] Loss: 0.0002
2026/08/31 21:13:32 - __main__ - INFO - 162 - trainer - [104/257] Loss: 0.0002
2026/08/31 21:13:40 - __main__ - INFO - 162 - trainer - [156/257] Loss: 0.0001
2026/08/31 21:13:47 - __main__ - INFO - 162 - trainer - [208/257] Loss: 0.0001
2026/08/31 21:13:54 - __main__ - INFO - 167 - trainer - Average loss in epoch 197: 0.0002
2026/08/31 21:13:54 - __main__ - INFO - 117 - trainer - Epoch: 198
2026/08/31 21:13:54 - __main__ - INFO - 162 - trainer - [0/257] Loss: 0.0002
2026/08/31 21:14:02 - __main__ - INFO - 162 - trainer - [52/257] Loss: 0.0002
2026/08/31 21:14:09 - __main__ - INFO - 162 - trainer - [104/257] Loss: 0.0003
2026/08/31 21:14:17 - __main__ - INFO - 162 - trainer - [156/257] Loss: 0.0001
2026/08/31 21:14:24 - __main__ - INFO - 162 - trainer - [208/257] Loss: 0.0001
2026/08/31 21:14:31 - __main__ - INFO - 167 - trainer - Average loss in epoch 198: 0.0002
2026/08/31 21:14:31 - __main__ - INFO - 117 - trainer - Epoch: 199
2026/08/31 21:14:32 - __main__ - INFO - 162 - trainer - [0/257] Loss: 0.0004
2026/08/31 21:14:39 - __main__ - INFO - 162 - trainer - [52/257] Loss: 0.0001
2026/08/31 21:14:47 - __main__ - INFO - 162 - trainer - [104/257] Loss: 0.0003
2026/08/31 21:14:54 - __main__ - INFO - 162 - trainer - [156/257] Loss: 0.0001
2026/08/31 21:15:02 - __main__ - INFO - 162 - trainer - [208/257] Loss: 0.0003
2026/08/31 21:15:09 - __main__ - INFO - 167 - trainer - Average loss in epoch 199: 0.0002
2026/08/31 21:15:09 - __main__ - INFO - 117 - trainer - Epoch: 200
2026/08/31 21:15:09 - __main__ - INFO - 162 - trainer - [0/257] Loss: 0.0002
2026/08/31 21:15:16 - __main__ - INFO - 162 - trainer - [52/257] Loss: 0.0002
2026/08/31 21:15:24 - __main__ - INFO - 162 - trainer - [104/257] Loss: 0.0003
2026/08/31 21:15:32 - __main__ - INFO - 162 - trainer - [156/257] Loss: 0.0002
2026/08/31 21:15:39 - __main__ - INFO - 162 - trainer - [208/257] Loss: 0.0000
2026/08/31 21:15:46 - __main__ - INFO - 167 - trainer - Average loss in epoch 200: 0.0002
2026/08/31 21:15:46 - __main__ - INFO - 173 - trainer - start predicting: 2026-08-31 21:15:46.754474
2026/08/31 21:16:49 - __main__ - INFO - 210 - trainer - {'Best_HR@5': np.float64(0.04), 'Best_HR@10': np.float64(0.0577), 'Best_HR@20': np.float64(0.1287), 'Best_NDCG@5': np.float64(0.0262), 'Best_NDCG@10': np.float64(0.0319), 'Best_NDCG@20': np.float64(0.0484)}
2026/08/31 21:16:49 - __main__ - INFO - 211 - trainer - {'Best_epoch_HR@5': 60, 'Best_epoch_HR@10': 60, 'Best_epoch_HR@20': 40, 'Best_epoch_NDCG@5': 100, 'Best_epoch_NDCG@10': 100, 'Best_epoch_NDCG@20': 100}
2026/08/31 21:23:06 - __main__ - INFO - 268 - trainer - Train------------------------------------------------------
2026/08/31 21:23:06 - __main__ - INFO - 270 - trainer - {'HR@5': np.float64(0.0), 'HR@10': np.float64(0.0008), 'HR@20': np.float64(0.0053), 'NDCG@5': np.float64(0.0), 'NDCG@10': np.float64(0.0002), 'NDCG@20': np.float64(0.0014)}
2026/08/31 21:23:06 - __main__ - INFO - 274 - trainer - Test------------------------------------------------------
2026/08/31 21:23:06 - __main__ - INFO - 276 - trainer - {'HR@5': np.float64(0.071), 'HR@10': np.float64(0.1598), 'HR@20': np.float64(0.2463), 'NDCG@5': np.float64(0.0361), 'NDCG@10': np.float64(0.0643), 'NDCG@20': np.float64(0.0861)}
2026/08/31 21:23:06 - __main__ - INFO - 279 - trainer - Best Eval---------------------------------------------------------
2026/08/31 21:23:06 - __main__ - INFO - 282 - trainer - {'Best_HR@5': np.float64(0.04), 'Best_HR@10': np.float64(0.0577), 'Best_HR@20': np.float64(0.1287), 'Best_NDCG@5': np.float64(0.0262), 'Best_NDCG@10': np.float64(0.0319), 'Best_NDCG@20': np.float64(0.0484)}
2026/08/31 21:23:06 - __main__ - INFO - 283 - trainer - {'Best_epoch_HR@5': 60, 'Best_epoch_HR@10': 60, 'Best_epoch_HR@20': 40, 'Best_epoch_NDCG@5': 100, 'Best_epoch_NDCG@10': 100, 'Best_epoch_NDCG@20': 100}
