2026/08/31 21:45:51 - __main__ - INFO - 73 - main - Namespace(dataset='amazon_beauty', log_file='log/', random_seed=1997, max_len=50, device='cuda', num_gpu=1, batch_size=512, hidden_size=128, dropout=0.1, emb_dropout=0.3, hidden_act='gelu', num_blocks=4, epochs=500, decay_step=100, gamma=0.1, metric_ks=[5, 10, 20], optimizer='Adam', lr=0.001, weight_decay=0, momentum=None, lambda_uncertainty=0.001, eval_interval=20, patience=5, eps=0.001, sample_N=30, lambda_t=0.001, dropout_c=0.1, eps_reverse=0.001, m_logNorm=1.0, s_logNorm=0.6, s_modsamp=1.0, last=2, mask_ratio=1.0, sampling_method='mode', Loss_Alpha=0.2, Loss_Beta=0.0)
2026/08/31 21:45:52 - __main__ - INFO - 117 - trainer - Epoch: 0
2026/08/31 21:45:52 - __main__ - INFO - 162 - trainer - [0/257] Loss: 12.4876
2026/08/31 21:46:00 - __main__ - INFO - 162 - trainer - [52/257] Loss: 7.9852
2026/08/31 21:46:08 - __main__ - INFO - 162 - trainer - [104/257] Loss: 6.8329
2026/08/31 21:46:15 - __main__ - INFO - 162 - trainer - [156/257] Loss: 6.0364
2026/08/31 21:46:23 - __main__ - INFO - 162 - trainer - [208/257] Loss: 5.5188
2026/08/31 21:46:30 - __main__ - INFO - 167 - trainer - Average loss in epoch 0: 6.8016
2026/08/31 21:46:30 - __main__ - INFO - 117 - trainer - Epoch: 1
2026/08/31 21:46:30 - __main__ - INFO - 162 - trainer - [0/257] Loss: 4.9325
2026/08/31 21:46:38 - __main__ - INFO - 162 - trainer - [52/257] Loss: 4.5272
2026/08/31 21:46:45 - __main__ - INFO - 162 - trainer - [104/257] Loss: 4.1543
2026/08/31 21:46:52 - __main__ - INFO - 162 - trainer - [156/257] Loss: 3.6375
2026/08/31 21:46:59 - __main__ - INFO - 162 - trainer - [208/257] Loss: 3.2538
2026/08/31 21:47:06 - __main__ - INFO - 167 - trainer - Average loss in epoch 1: 3.9270
2026/08/31 21:47:06 - __main__ - INFO - 117 - trainer - Epoch: 2
2026/08/31 21:47:06 - __main__ - INFO - 162 - trainer - [0/257] Loss: 3.0525
2026/08/31 21:47:14 - __main__ - INFO - 162 - trainer - [52/257] Loss: 2.9985
2026/08/31 21:47:21 - __main__ - INFO - 162 - trainer - [104/257] Loss: 2.9665
2026/08/31 21:47:29 - __main__ - INFO - 162 - trainer - [156/257] Loss: 2.9238
2026/08/31 21:47:36 - __main__ - INFO - 162 - trainer - [208/257] Loss: 2.9057
2026/08/31 21:47:43 - __main__ - INFO - 167 - trainer - Average loss in epoch 2: 2.9429
2026/08/31 21:47:43 - __main__ - INFO - 117 - trainer - Epoch: 3
2026/08/31 21:47:43 - __main__ - INFO - 162 - trainer - [0/257] Loss: 2.8776
2026/08/31 21:47:50 - __main__ - INFO - 162 - trainer - [52/257] Loss: 2.8513
2026/08/31 21:47:57 - __main__ - INFO - 162 - trainer - [104/257] Loss: 2.8361
2026/08/31 21:48:04 - __main__ - INFO - 162 - trainer - [156/257] Loss: 2.8393
2026/08/31 21:48:11 - __main__ - INFO - 162 - trainer - [208/257] Loss: 2.8040
2026/08/31 21:48:18 - __main__ - INFO - 167 - trainer - Average loss in epoch 3: 2.8264
2026/08/31 21:48:18 - __main__ - INFO - 117 - trainer - Epoch: 4
2026/08/31 21:48:18 - __main__ - INFO - 162 - trainer - [0/257] Loss: 2.7706
2026/08/31 21:48:26 - __main__ - INFO - 162 - trainer - [52/257] Loss: 2.7666
2026/08/31 21:48:33 - __main__ - INFO - 162 - trainer - [104/257] Loss: 2.7382
2026/08/31 21:48:40 - __main__ - INFO - 162 - trainer - [156/257] Loss: 2.7213
2026/08/31 21:48:47 - __main__ - INFO - 162 - trainer - [208/257] Loss: 2.6834
2026/08/31 21:48:54 - __main__ - INFO - 167 - trainer - Average loss in epoch 4: 2.7306
2026/08/31 21:48:54 - __main__ - INFO - 117 - trainer - Epoch: 5
2026/08/31 21:48:54 - __main__ - INFO - 162 - trainer - [0/257] Loss: 2.6630
2026/08/31 21:49:01 - __main__ - INFO - 162 - trainer - [52/257] Loss: 2.6585
2026/08/31 21:49:07 - __main__ - INFO - 162 - trainer - [104/257] Loss: 2.6332
2026/08/31 21:49:14 - __main__ - INFO - 162 - trainer - [156/257] Loss: 2.6188
2026/08/31 21:49:21 - __main__ - INFO - 162 - trainer - [208/257] Loss: 2.6215
2026/08/31 21:49:27 - __main__ - INFO - 167 - trainer - Average loss in epoch 5: 2.6405
2026/08/31 21:49:27 - __main__ - INFO - 117 - trainer - Epoch: 6
2026/08/31 21:49:27 - __main__ - INFO - 162 - trainer - [0/257] Loss: 2.6088
2026/08/31 21:49:35 - __main__ - INFO - 162 - trainer - [52/257] Loss: 2.5800
2026/08/31 21:49:43 - __main__ - INFO - 162 - trainer - [104/257] Loss: 2.5803
2026/08/31 21:49:51 - __main__ - INFO - 162 - trainer - [156/257] Loss: 2.5385
2026/08/31 21:49:58 - __main__ - INFO - 162 - trainer - [208/257] Loss: 2.5415
2026/08/31 21:50:06 - __main__ - INFO - 167 - trainer - Average loss in epoch 6: 2.5645
2026/08/31 21:50:06 - __main__ - INFO - 117 - trainer - Epoch: 7
2026/08/31 21:50:06 - __main__ - INFO - 162 - trainer - [0/257] Loss: 2.5196
2026/08/31 21:50:14 - __main__ - INFO - 162 - trainer - [52/257] Loss: 2.4918
2026/08/31 21:50:21 - __main__ - INFO - 162 - trainer - [104/257] Loss: 2.5150
2026/08/31 21:50:29 - __main__ - INFO - 162 - trainer - [156/257] Loss: 2.4775
2026/08/31 21:50:37 - __main__ - INFO - 162 - trainer - [208/257] Loss: 2.4903
2026/08/31 21:50:44 - __main__ - INFO - 167 - trainer - Average loss in epoch 7: 2.4999
2026/08/31 21:50:44 - __main__ - INFO - 117 - trainer - Epoch: 8
2026/08/31 21:50:44 - __main__ - INFO - 162 - trainer - [0/257] Loss: 2.4493
2026/08/31 21:50:52 - __main__ - INFO - 162 - trainer - [52/257] Loss: 2.4410
2026/08/31 21:51:00 - __main__ - INFO - 162 - trainer - [104/257] Loss: 2.4396
2026/08/31 21:51:07 - __main__ - INFO - 162 - trainer - [156/257] Loss: 2.4765
2026/08/31 21:51:15 - __main__ - INFO - 162 - trainer - [208/257] Loss: 2.4133
2026/08/31 21:51:22 - __main__ - INFO - 167 - trainer - Average loss in epoch 8: 2.4415
2026/08/31 21:51:22 - __main__ - INFO - 117 - trainer - Epoch: 9
2026/08/31 21:51:22 - __main__ - INFO - 162 - trainer - [0/257] Loss: 2.3939
2026/08/31 21:51:30 - __main__ - INFO - 162 - trainer - [52/257] Loss: 2.4048
2026/08/31 21:51:38 - __main__ - INFO - 162 - trainer - [104/257] Loss: 2.3749
2026/08/31 21:51:45 - __main__ - INFO - 162 - trainer - [156/257] Loss: 2.3979
2026/08/31 21:51:53 - __main__ - INFO - 162 - trainer - [208/257] Loss: 2.4089
2026/08/31 21:52:00 - __main__ - INFO - 167 - trainer - Average loss in epoch 9: 2.3866
2026/08/31 21:52:00 - __main__ - INFO - 117 - trainer - Epoch: 10
2026/08/31 21:52:00 - __main__ - INFO - 162 - trainer - [0/257] Loss: 2.3613
2026/08/31 21:52:08 - __main__ - INFO - 162 - trainer - [52/257] Loss: 2.3403
2026/08/31 21:52:16 - __main__ - INFO - 162 - trainer - [104/257] Loss: 2.3744
2026/08/31 21:52:23 - __main__ - INFO - 162 - trainer - [156/257] Loss: 2.3494
2026/08/31 21:52:31 - __main__ - INFO - 162 - trainer - [208/257] Loss: 2.3066
2026/08/31 21:52:38 - __main__ - INFO - 167 - trainer - Average loss in epoch 10: 2.3341
2026/08/31 21:52:38 - __main__ - INFO - 117 - trainer - Epoch: 11
2026/08/31 21:52:38 - __main__ - INFO - 162 - trainer - [0/257] Loss: 2.3434
2026/08/31 21:52:46 - __main__ - INFO - 162 - trainer - [52/257] Loss: 2.2898
2026/08/31 21:52:54 - __main__ - INFO - 162 - trainer - [104/257] Loss: 2.2972
2026/08/31 21:53:01 - __main__ - INFO - 162 - trainer - [156/257] Loss: 2.3237
2026/08/31 21:53:09 - __main__ - INFO - 162 - trainer - [208/257] Loss: 2.2609
2026/08/31 21:53:16 - __main__ - INFO - 167 - trainer - Average loss in epoch 11: 2.2831
2026/08/31 21:53:16 - __main__ - INFO - 117 - trainer - Epoch: 12
2026/08/31 21:53:16 - __main__ - INFO - 162 - trainer - [0/257] Loss: 2.2636
2026/08/31 21:53:24 - __main__ - INFO - 162 - trainer - [52/257] Loss: 2.2753
2026/08/31 21:53:32 - __main__ - INFO - 162 - trainer - [104/257] Loss: 2.2412
2026/08/31 21:53:40 - __main__ - INFO - 162 - trainer - [156/257] Loss: 2.2127
2026/08/31 21:53:48 - __main__ - INFO - 162 - trainer - [208/257] Loss: 2.2504
2026/08/31 21:53:55 - __main__ - INFO - 167 - trainer - Average loss in epoch 12: 2.2357
2026/08/31 21:53:55 - __main__ - INFO - 117 - trainer - Epoch: 13
2026/08/31 21:53:55 - __main__ - INFO - 162 - trainer - [0/257] Loss: 2.2670
2026/08/31 21:54:03 - __main__ - INFO - 162 - trainer - [52/257] Loss: 2.1985
2026/08/31 21:54:10 - __main__ - INFO - 162 - trainer - [104/257] Loss: 2.1744
2026/08/31 21:54:18 - __main__ - INFO - 162 - trainer - [156/257] Loss: 2.2020
2026/08/31 21:54:26 - __main__ - INFO - 162 - trainer - [208/257] Loss: 2.1650
2026/08/31 21:54:33 - __main__ - INFO - 167 - trainer - Average loss in epoch 13: 2.1897
2026/08/31 21:54:33 - __main__ - INFO - 117 - trainer - Epoch: 14
2026/08/31 21:54:33 - __main__ - INFO - 162 - trainer - [0/257] Loss: 2.1673
2026/08/31 21:54:41 - __main__ - INFO - 162 - trainer - [52/257] Loss: 2.1935
2026/08/31 21:54:49 - __main__ - INFO - 162 - trainer - [104/257] Loss: 2.1773
2026/08/31 21:54:56 - __main__ - INFO - 162 - trainer - [156/257] Loss: 2.1867
2026/08/31 21:55:04 - __main__ - INFO - 162 - trainer - [208/257] Loss: 2.1170
2026/08/31 21:55:11 - __main__ - INFO - 167 - trainer - Average loss in epoch 14: 2.1475
2026/08/31 21:55:11 - __main__ - INFO - 117 - trainer - Epoch: 15
2026/08/31 21:55:11 - __main__ - INFO - 162 - trainer - [0/257] Loss: 2.1731
2026/08/31 21:55:19 - __main__ - INFO - 162 - trainer - [52/257] Loss: 2.1516
2026/08/31 21:55:27 - __main__ - INFO - 162 - trainer - [104/257] Loss: 2.1416
2026/08/31 21:55:34 - __main__ - INFO - 162 - trainer - [156/257] Loss: 2.1138
2026/08/31 21:55:42 - __main__ - INFO - 162 - trainer - [208/257] Loss: 2.1554
2026/08/31 21:55:49 - __main__ - INFO - 167 - trainer - Average loss in epoch 15: 2.1082
2026/08/31 21:55:49 - __main__ - INFO - 117 - trainer - Epoch: 16
2026/08/31 21:55:49 - __main__ - INFO - 162 - trainer - [0/257] Loss: 2.0706
2026/08/31 21:55:57 - __main__ - INFO - 162 - trainer - [52/257] Loss: 2.0966
2026/08/31 21:56:05 - __main__ - INFO - 162 - trainer - [104/257] Loss: 2.0884
2026/08/31 21:56:13 - __main__ - INFO - 162 - trainer - [156/257] Loss: 2.0918
2026/08/31 21:56:20 - __main__ - INFO - 162 - trainer - [208/257] Loss: 2.0657
2026/08/31 21:56:27 - __main__ - INFO - 167 - trainer - Average loss in epoch 16: 2.0707
2026/08/31 21:56:27 - __main__ - INFO - 117 - trainer - Epoch: 17
2026/08/31 21:56:28 - __main__ - INFO - 162 - trainer - [0/257] Loss: 2.0216
2026/08/31 21:56:35 - __main__ - INFO - 162 - trainer - [52/257] Loss: 2.0506
2026/08/31 21:56:43 - __main__ - INFO - 162 - trainer - [104/257] Loss: 2.0343
2026/08/31 21:56:51 - __main__ - INFO - 162 - trainer - [156/257] Loss: 2.0260
2026/08/31 21:56:59 - __main__ - INFO - 162 - trainer - [208/257] Loss: 1.9916
2026/08/31 21:57:06 - __main__ - INFO - 167 - trainer - Average loss in epoch 17: 2.0362
2026/08/31 21:57:06 - __main__ - INFO - 117 - trainer - Epoch: 18
2026/08/31 21:57:06 - __main__ - INFO - 162 - trainer - [0/257] Loss: 1.9994
2026/08/31 21:57:13 - __main__ - INFO - 162 - trainer - [52/257] Loss: 2.0025
2026/08/31 21:57:21 - __main__ - INFO - 162 - trainer - [104/257] Loss: 2.0098
2026/08/31 21:57:29 - __main__ - INFO - 162 - trainer - [156/257] Loss: 2.0622
2026/08/31 21:57:37 - __main__ - INFO - 162 - trainer - [208/257] Loss: 2.0146
2026/08/31 21:57:44 - __main__ - INFO - 167 - trainer - Average loss in epoch 18: 2.0042
2026/08/31 21:57:44 - __main__ - INFO - 117 - trainer - Epoch: 19
2026/08/31 21:57:44 - __main__ - INFO - 162 - trainer - [0/257] Loss: 1.9941
2026/08/31 21:57:52 - __main__ - INFO - 162 - trainer - [52/257] Loss: 1.9607
2026/08/31 21:57:59 - __main__ - INFO - 162 - trainer - [104/257] Loss: 1.9842
2026/08/31 21:58:07 - __main__ - INFO - 162 - trainer - [156/257] Loss: 2.0060
2026/08/31 21:58:15 - __main__ - INFO - 162 - trainer - [208/257] Loss: 1.9875
2026/08/31 21:58:21 - __main__ - INFO - 167 - trainer - Average loss in epoch 19: 1.9729
2026/08/31 21:58:21 - __main__ - INFO - 117 - trainer - Epoch: 20
2026/08/31 21:58:22 - __main__ - INFO - 162 - trainer - [0/257] Loss: 1.8867
2026/08/31 21:58:29 - __main__ - INFO - 162 - trainer - [52/257] Loss: 1.9235
2026/08/31 21:58:37 - __main__ - INFO - 162 - trainer - [104/257] Loss: 1.9559
2026/08/31 21:58:45 - __main__ - INFO - 162 - trainer - [156/257] Loss: 1.9878
2026/08/31 21:58:52 - __main__ - INFO - 162 - trainer - [208/257] Loss: 1.8985
2026/08/31 21:59:00 - __main__ - INFO - 167 - trainer - Average loss in epoch 20: 1.9449
2026/08/31 21:59:00 - __main__ - INFO - 173 - trainer - start predicting: 2026-08-31 21:59:00.100739
2026/08/31 21:59:49 - __main__ - INFO - 203 - trainer - {'Best_HR@5': np.float64(4.4924), 'Best_HR@10': np.float64(6.3778), 'Best_HR@20': np.float64(9.2253), 'Best_NDCG@5': np.float64(3.1515), 'Best_NDCG@10': np.float64(3.7573), 'Best_NDCG@20': np.float64(4.4734)}
2026/08/31 21:59:49 - __main__ - INFO - 204 - trainer - {'Best_epoch_HR@5': 20, 'Best_epoch_HR@10': 20, 'Best_epoch_HR@20': 20, 'Best_epoch_NDCG@5': 20, 'Best_epoch_NDCG@10': 20, 'Best_epoch_NDCG@20': 20}
2026/08/31 21:59:49 - __main__ - INFO - 117 - trainer - Epoch: 21
2026/08/31 21:59:49 - __main__ - INFO - 162 - trainer - [0/257] Loss: 1.9415
2026/08/31 21:59:57 - __main__ - INFO - 162 - trainer - [52/257] Loss: 1.9359
2026/08/31 22:00:04 - __main__ - INFO - 162 - trainer - [104/257] Loss: 1.8899
2026/08/31 22:00:11 - __main__ - INFO - 162 - trainer - [156/257] Loss: 1.9057
2026/08/31 22:00:19 - __main__ - INFO - 162 - trainer - [208/257] Loss: 1.9109
2026/08/31 22:00:25 - __main__ - INFO - 167 - trainer - Average loss in epoch 21: 1.9174
2026/08/31 22:00:25 - __main__ - INFO - 117 - trainer - Epoch: 22
2026/08/31 22:00:26 - __main__ - INFO - 162 - trainer - [0/257] Loss: 1.8944
2026/08/31 22:00:33 - __main__ - INFO - 162 - trainer - [52/257] Loss: 1.8689
2026/08/31 22:00:40 - __main__ - INFO - 162 - trainer - [104/257] Loss: 1.8667
2026/08/31 22:00:48 - __main__ - INFO - 162 - trainer - [156/257] Loss: 1.8961
2026/08/31 22:00:55 - __main__ - INFO - 162 - trainer - [208/257] Loss: 1.8931
2026/08/31 22:01:02 - __main__ - INFO - 167 - trainer - Average loss in epoch 22: 1.8917
2026/08/31 22:01:02 - __main__ - INFO - 117 - trainer - Epoch: 23
2026/08/31 22:01:02 - __main__ - INFO - 162 - trainer - [0/257] Loss: 1.8211
2026/08/31 22:01:09 - __main__ - INFO - 162 - trainer - [52/257] Loss: 1.8730
2026/08/31 22:01:16 - __main__ - INFO - 162 - trainer - [104/257] Loss: 1.8470
2026/08/31 22:01:24 - __main__ - INFO - 162 - trainer - [156/257] Loss: 1.8675
2026/08/31 22:01:31 - __main__ - INFO - 162 - trainer - [208/257] Loss: 1.8469
2026/08/31 22:01:38 - __main__ - INFO - 167 - trainer - Average loss in epoch 23: 1.8678
2026/08/31 22:01:38 - __main__ - INFO - 117 - trainer - Epoch: 24
2026/08/31 22:01:38 - __main__ - INFO - 162 - trainer - [0/257] Loss: 1.8374
2026/08/31 22:01:46 - __main__ - INFO - 162 - trainer - [52/257] Loss: 1.8485
2026/08/31 22:01:53 - __main__ - INFO - 162 - trainer - [104/257] Loss: 1.8507
2026/08/31 22:02:00 - __main__ - INFO - 162 - trainer - [156/257] Loss: 1.8028
2026/08/31 22:02:08 - __main__ - INFO - 162 - trainer - [208/257] Loss: 1.8568
2026/08/31 22:02:14 - __main__ - INFO - 167 - trainer - Average loss in epoch 24: 1.8452
2026/08/31 22:02:14 - __main__ - INFO - 117 - trainer - Epoch: 25
2026/08/31 22:02:14 - __main__ - INFO - 162 - trainer - [0/257] Loss: 1.7864
2026/08/31 22:02:22 - __main__ - INFO - 162 - trainer - [52/257] Loss: 1.8476
2026/08/31 22:02:29 - __main__ - INFO - 162 - trainer - [104/257] Loss: 1.8473
2026/08/31 22:02:36 - __main__ - INFO - 162 - trainer - [156/257] Loss: 1.7769
2026/08/31 22:02:44 - __main__ - INFO - 162 - trainer - [208/257] Loss: 1.8041
2026/08/31 22:02:50 - __main__ - INFO - 167 - trainer - Average loss in epoch 25: 1.8245
2026/08/31 22:02:50 - __main__ - INFO - 117 - trainer - Epoch: 26
2026/08/31 22:02:50 - __main__ - INFO - 162 - trainer - [0/257] Loss: 1.8099
2026/08/31 22:02:58 - __main__ - INFO - 162 - trainer - [52/257] Loss: 1.8255
2026/08/31 22:03:05 - __main__ - INFO - 162 - trainer - [104/257] Loss: 1.7748
2026/08/31 22:03:13 - __main__ - INFO - 162 - trainer - [156/257] Loss: 1.7615
2026/08/31 22:03:20 - __main__ - INFO - 162 - trainer - [208/257] Loss: 1.7952
2026/08/31 22:03:27 - __main__ - INFO - 167 - trainer - Average loss in epoch 26: 1.8042
2026/08/31 22:03:27 - __main__ - INFO - 117 - trainer - Epoch: 27
2026/08/31 22:03:27 - __main__ - INFO - 162 - trainer - [0/257] Loss: 1.7867
2026/08/31 22:03:34 - __main__ - INFO - 162 - trainer - [52/257] Loss: 1.7939
2026/08/31 22:03:42 - __main__ - INFO - 162 - trainer - [104/257] Loss: 1.7805
2026/08/31 22:03:49 - __main__ - INFO - 162 - trainer - [156/257] Loss: 1.7554
2026/08/31 22:03:56 - __main__ - INFO - 162 - trainer - [208/257] Loss: 1.7895
2026/08/31 22:04:03 - __main__ - INFO - 167 - trainer - Average loss in epoch 27: 1.7852
2026/08/31 22:04:03 - __main__ - INFO - 117 - trainer - Epoch: 28
2026/08/31 22:04:03 - __main__ - INFO - 162 - trainer - [0/257] Loss: 1.7567
2026/08/31 22:04:10 - __main__ - INFO - 162 - trainer - [52/257] Loss: 1.7828
2026/08/31 22:04:18 - __main__ - INFO - 162 - trainer - [104/257] Loss: 1.7982
2026/08/31 22:04:25 - __main__ - INFO - 162 - trainer - [156/257] Loss: 1.7624
2026/08/31 22:04:33 - __main__ - INFO - 162 - trainer - [208/257] Loss: 1.7578
2026/08/31 22:04:39 - __main__ - INFO - 167 - trainer - Average loss in epoch 28: 1.7675
2026/08/31 22:04:39 - __main__ - INFO - 117 - trainer - Epoch: 29
2026/08/31 22:04:40 - __main__ - INFO - 162 - trainer - [0/257] Loss: 1.8052
2026/08/31 22:04:47 - __main__ - INFO - 162 - trainer - [52/257] Loss: 1.7458
2026/08/31 22:04:54 - __main__ - INFO - 162 - trainer - [104/257] Loss: 1.7836
2026/08/31 22:05:01 - __main__ - INFO - 162 - trainer - [156/257] Loss: 1.7368
2026/08/31 22:05:09 - __main__ - INFO - 162 - trainer - [208/257] Loss: 1.7447
2026/08/31 22:05:16 - __main__ - INFO - 167 - trainer - Average loss in epoch 29: 1.7515
2026/08/31 22:05:16 - __main__ - INFO - 117 - trainer - Epoch: 30
2026/08/31 22:05:16 - __main__ - INFO - 162 - trainer - [0/257] Loss: 1.7457
2026/08/31 22:05:24 - __main__ - INFO - 162 - trainer - [52/257] Loss: 1.7375
2026/08/31 22:05:31 - __main__ - INFO - 162 - trainer - [104/257] Loss: 1.7245
2026/08/31 22:05:38 - __main__ - INFO - 162 - trainer - [156/257] Loss: 1.7178
2026/08/31 22:05:46 - __main__ - INFO - 162 - trainer - [208/257] Loss: 1.7500
2026/08/31 22:05:52 - __main__ - INFO - 167 - trainer - Average loss in epoch 30: 1.7351
2026/08/31 22:05:52 - __main__ - INFO - 117 - trainer - Epoch: 31
2026/08/31 22:05:53 - __main__ - INFO - 162 - trainer - [0/257] Loss: 1.7315
2026/08/31 22:06:00 - __main__ - INFO - 162 - trainer - [52/257] Loss: 1.6900
2026/08/31 22:06:07 - __main__ - INFO - 162 - trainer - [104/257] Loss: 1.7441
2026/08/31 22:06:14 - __main__ - INFO - 162 - trainer - [156/257] Loss: 1.7362
2026/08/31 22:06:22 - __main__ - INFO - 162 - trainer - [208/257] Loss: 1.7445
2026/08/31 22:06:28 - __main__ - INFO - 167 - trainer - Average loss in epoch 31: 1.7190
2026/08/31 22:06:28 - __main__ - INFO - 117 - trainer - Epoch: 32
2026/08/31 22:06:28 - __main__ - INFO - 162 - trainer - [0/257] Loss: 1.6919
2026/08/31 22:06:36 - __main__ - INFO - 162 - trainer - [52/257] Loss: 1.6969
2026/08/31 22:06:43 - __main__ - INFO - 162 - trainer - [104/257] Loss: 1.6728
2026/08/31 22:06:51 - __main__ - INFO - 162 - trainer - [156/257] Loss: 1.6942
2026/08/31 22:06:58 - __main__ - INFO - 162 - trainer - [208/257] Loss: 1.7287
2026/08/31 22:07:05 - __main__ - INFO - 167 - trainer - Average loss in epoch 32: 1.7049
2026/08/31 22:07:05 - __main__ - INFO - 117 - trainer - Epoch: 33
2026/08/31 22:07:05 - __main__ - INFO - 162 - trainer - [0/257] Loss: 1.6697
2026/08/31 22:07:12 - __main__ - INFO - 162 - trainer - [52/257] Loss: 1.6802
2026/08/31 22:07:20 - __main__ - INFO - 162 - trainer - [104/257] Loss: 1.6925
2026/08/31 22:07:27 - __main__ - INFO - 162 - trainer - [156/257] Loss: 1.6646
2026/08/31 22:07:34 - __main__ - INFO - 162 - trainer - [208/257] Loss: 1.6905
2026/08/31 22:07:41 - __main__ - INFO - 167 - trainer - Average loss in epoch 33: 1.6918
2026/08/31 22:07:41 - __main__ - INFO - 117 - trainer - Epoch: 34
2026/08/31 22:07:41 - __main__ - INFO - 162 - trainer - [0/257] Loss: 1.6850
2026/08/31 22:07:49 - __main__ - INFO - 162 - trainer - [52/257] Loss: 1.6824
2026/08/31 22:07:56 - __main__ - INFO - 162 - trainer - [104/257] Loss: 1.6918
2026/08/31 22:08:04 - __main__ - INFO - 162 - trainer - [156/257] Loss: 1.6651
2026/08/31 22:08:11 - __main__ - INFO - 162 - trainer - [208/257] Loss: 1.7109
2026/08/31 22:08:18 - __main__ - INFO - 167 - trainer - Average loss in epoch 34: 1.6774
2026/08/31 22:08:18 - __main__ - INFO - 117 - trainer - Epoch: 35
2026/08/31 22:08:18 - __main__ - INFO - 162 - trainer - [0/257] Loss: 1.6745
2026/08/31 22:08:25 - __main__ - INFO - 162 - trainer - [52/257] Loss: 1.6077
2026/08/31 22:08:32 - __main__ - INFO - 162 - trainer - [104/257] Loss: 1.6308
2026/08/31 22:08:40 - __main__ - INFO - 162 - trainer - [156/257] Loss: 1.6953
2026/08/31 22:08:47 - __main__ - INFO - 162 - trainer - [208/257] Loss: 1.6825
2026/08/31 22:08:54 - __main__ - INFO - 167 - trainer - Average loss in epoch 35: 1.6654
2026/08/31 22:08:54 - __main__ - INFO - 117 - trainer - Epoch: 36
2026/08/31 22:08:54 - __main__ - INFO - 162 - trainer - [0/257] Loss: 1.6439
2026/08/31 22:09:01 - __main__ - INFO - 162 - trainer - [52/257] Loss: 1.6190
2026/08/31 22:09:08 - __main__ - INFO - 162 - trainer - [104/257] Loss: 1.6208
2026/08/31 22:09:16 - __main__ - INFO - 162 - trainer - [156/257] Loss: 1.6640
2026/08/31 22:09:23 - __main__ - INFO - 162 - trainer - [208/257] Loss: 1.6210
2026/08/31 22:09:30 - __main__ - INFO - 167 - trainer - Average loss in epoch 36: 1.6525
2026/08/31 22:09:30 - __main__ - INFO - 117 - trainer - Epoch: 37
2026/08/31 22:09:30 - __main__ - INFO - 162 - trainer - [0/257] Loss: 1.6281
2026/08/31 22:09:37 - __main__ - INFO - 162 - trainer - [52/257] Loss: 1.6601
2026/08/31 22:09:45 - __main__ - INFO - 162 - trainer - [104/257] Loss: 1.6435
2026/08/31 22:09:52 - __main__ - INFO - 162 - trainer - [156/257] Loss: 1.6549
2026/08/31 22:09:59 - __main__ - INFO - 162 - trainer - [208/257] Loss: 1.6522
2026/08/31 22:10:06 - __main__ - INFO - 167 - trainer - Average loss in epoch 37: 1.6410
2026/08/31 22:10:06 - __main__ - INFO - 117 - trainer - Epoch: 38
2026/08/31 22:10:06 - __main__ - INFO - 162 - trainer - [0/257] Loss: 1.6150
2026/08/31 22:10:13 - __main__ - INFO - 162 - trainer - [52/257] Loss: 1.6486
2026/08/31 22:10:21 - __main__ - INFO - 162 - trainer - [104/257] Loss: 1.6088
2026/08/31 22:10:28 - __main__ - INFO - 162 - trainer - [156/257] Loss: 1.6321
2026/08/31 22:10:35 - __main__ - INFO - 162 - trainer - [208/257] Loss: 1.6486
2026/08/31 22:10:42 - __main__ - INFO - 167 - trainer - Average loss in epoch 38: 1.6300
2026/08/31 22:10:42 - __main__ - INFO - 117 - trainer - Epoch: 39
2026/08/31 22:10:42 - __main__ - INFO - 162 - trainer - [0/257] Loss: 1.5915
2026/08/31 22:10:50 - __main__ - INFO - 162 - trainer - [52/257] Loss: 1.6073
2026/08/31 22:10:57 - __main__ - INFO - 162 - trainer - [104/257] Loss: 1.6254
2026/08/31 22:11:04 - __main__ - INFO - 162 - trainer - [156/257] Loss: 1.6286
2026/08/31 22:11:12 - __main__ - INFO - 162 - trainer - [208/257] Loss: 1.6593
2026/08/31 22:11:19 - __main__ - INFO - 167 - trainer - Average loss in epoch 39: 1.6182
2026/08/31 22:11:19 - __main__ - INFO - 117 - trainer - Epoch: 40
2026/08/31 22:11:19 - __main__ - INFO - 162 - trainer - [0/257] Loss: 1.6231
2026/08/31 22:11:26 - __main__ - INFO - 162 - trainer - [52/257] Loss: 1.6260
2026/08/31 22:11:34 - __main__ - INFO - 162 - trainer - [104/257] Loss: 1.6292
2026/08/31 22:11:41 - __main__ - INFO - 162 - trainer - [156/257] Loss: 1.6204
2026/08/31 22:11:48 - __main__ - INFO - 162 - trainer - [208/257] Loss: 1.6071
2026/08/31 22:11:55 - __main__ - INFO - 167 - trainer - Average loss in epoch 40: 1.6083
2026/08/31 22:11:55 - __main__ - INFO - 173 - trainer - start predicting: 2026-08-31 22:11:55.529660
2026/08/31 22:13:00 - __main__ - INFO - 203 - trainer - {'Best_HR@5': np.float64(6.3566), 'Best_HR@10': np.float64(9.1105), 'Best_HR@20': np.float64(12.7989), 'Best_NDCG@5': np.float64(4.4567), 'Best_NDCG@10': np.float64(5.3488), 'Best_NDCG@20': np.float64(6.2765)}
2026/08/31 22:13:00 - __main__ - INFO - 204 - trainer - {'Best_epoch_HR@5': 40, 'Best_epoch_HR@10': 40, 'Best_epoch_HR@20': 40, 'Best_epoch_NDCG@5': 40, 'Best_epoch_NDCG@10': 40, 'Best_epoch_NDCG@20': 40}
2026/08/31 22:13:00 - __main__ - INFO - 117 - trainer - Epoch: 41
2026/08/31 22:13:00 - __main__ - INFO - 162 - trainer - [0/257] Loss: 1.6079
2026/08/31 22:13:08 - __main__ - INFO - 162 - trainer - [52/257] Loss: 1.5973
2026/08/31 22:13:15 - __main__ - INFO - 162 - trainer - [104/257] Loss: 1.6186
2026/08/31 22:13:22 - __main__ - INFO - 162 - trainer - [156/257] Loss: 1.6312
2026/08/31 22:13:30 - __main__ - INFO - 162 - trainer - [208/257] Loss: 1.5963
2026/08/31 22:13:36 - __main__ - INFO - 167 - trainer - Average loss in epoch 41: 1.5975
2026/08/31 22:13:36 - __main__ - INFO - 117 - trainer - Epoch: 42
2026/08/31 22:13:37 - __main__ - INFO - 162 - trainer - [0/257] Loss: 1.5846
2026/08/31 22:13:44 - __main__ - INFO - 162 - trainer - [52/257] Loss: 1.6323
2026/08/31 22:13:51 - __main__ - INFO - 162 - trainer - [104/257] Loss: 1.6067
2026/08/31 22:13:59 - __main__ - INFO - 162 - trainer - [156/257] Loss: 1.5368
2026/08/31 22:14:06 - __main__ - INFO - 162 - trainer - [208/257] Loss: 1.6341
2026/08/31 22:14:13 - __main__ - INFO - 167 - trainer - Average loss in epoch 42: 1.5882
2026/08/31 22:14:13 - __main__ - INFO - 117 - trainer - Epoch: 43
2026/08/31 22:14:13 - __main__ - INFO - 162 - trainer - [0/257] Loss: 1.5537
2026/08/31 22:14:20 - __main__ - INFO - 162 - trainer - [52/257] Loss: 1.5954
2026/08/31 22:14:28 - __main__ - INFO - 162 - trainer - [104/257] Loss: 1.5566
2026/08/31 22:14:35 - __main__ - INFO - 162 - trainer - [156/257] Loss: 1.5501
2026/08/31 22:14:42 - __main__ - INFO - 162 - trainer - [208/257] Loss: 1.5846
2026/08/31 22:14:49 - __main__ - INFO - 167 - trainer - Average loss in epoch 43: 1.5776
2026/08/31 22:14:49 - __main__ - INFO - 117 - trainer - Epoch: 44
2026/08/31 22:14:49 - __main__ - INFO - 162 - trainer - [0/257] Loss: 1.5265
2026/08/31 22:14:57 - __main__ - INFO - 162 - trainer - [52/257] Loss: 1.5757
2026/08/31 22:15:04 - __main__ - INFO - 162 - trainer - [104/257] Loss: 1.6068
2026/08/31 22:15:12 - __main__ - INFO - 162 - trainer - [156/257] Loss: 1.5539
2026/08/31 22:15:19 - __main__ - INFO - 162 - trainer - [208/257] Loss: 1.5356
2026/08/31 22:15:26 - __main__ - INFO - 167 - trainer - Average loss in epoch 44: 1.5681
2026/08/31 22:15:26 - __main__ - INFO - 117 - trainer - Epoch: 45
2026/08/31 22:15:26 - __main__ - INFO - 162 - trainer - [0/257] Loss: 1.5526
2026/08/31 22:15:33 - __main__ - INFO - 162 - trainer - [52/257] Loss: 1.5305
2026/08/31 22:15:40 - __main__ - INFO - 162 - trainer - [104/257] Loss: 1.5811
2026/08/31 22:15:48 - __main__ - INFO - 162 - trainer - [156/257] Loss: 1.5946
2026/08/31 22:15:55 - __main__ - INFO - 162 - trainer - [208/257] Loss: 1.5568
2026/08/31 22:16:01 - __main__ - INFO - 167 - trainer - Average loss in epoch 45: 1.5599
2026/08/31 22:16:01 - __main__ - INFO - 117 - trainer - Epoch: 46
2026/08/31 22:16:02 - __main__ - INFO - 162 - trainer - [0/257] Loss: 1.5232
2026/08/31 22:16:09 - __main__ - INFO - 162 - trainer - [52/257] Loss: 1.5230
2026/08/31 22:16:17 - __main__ - INFO - 162 - trainer - [104/257] Loss: 1.5891
2026/08/31 22:16:24 - __main__ - INFO - 162 - trainer - [156/257] Loss: 1.5802
2026/08/31 22:16:31 - __main__ - INFO - 162 - trainer - [208/257] Loss: 1.5877
2026/08/31 22:16:38 - __main__ - INFO - 167 - trainer - Average loss in epoch 46: 1.5505
2026/08/31 22:16:38 - __main__ - INFO - 117 - trainer - Epoch: 47
2026/08/31 22:16:38 - __main__ - INFO - 162 - trainer - [0/257] Loss: 1.4906
2026/08/31 22:16:46 - __main__ - INFO - 162 - trainer - [52/257] Loss: 1.5622
2026/08/31 22:16:53 - __main__ - INFO - 162 - trainer - [104/257] Loss: 1.5809
2026/08/31 22:17:01 - __main__ - INFO - 162 - trainer - [156/257] Loss: 1.5179
2026/08/31 22:17:08 - __main__ - INFO - 162 - trainer - [208/257] Loss: 1.5588
2026/08/31 22:17:15 - __main__ - INFO - 167 - trainer - Average loss in epoch 47: 1.5423
2026/08/31 22:17:15 - __main__ - INFO - 117 - trainer - Epoch: 48
2026/08/31 22:17:15 - __main__ - INFO - 162 - trainer - [0/257] Loss: 1.5252
2026/08/31 22:17:22 - __main__ - INFO - 162 - trainer - [52/257] Loss: 1.5446
2026/08/31 22:17:30 - __main__ - INFO - 162 - trainer - [104/257] Loss: 1.5246
2026/08/31 22:17:37 - __main__ - INFO - 162 - trainer - [156/257] Loss: 1.5668
2026/08/31 22:17:44 - __main__ - INFO - 162 - trainer - [208/257] Loss: 1.5655
2026/08/31 22:17:51 - __main__ - INFO - 167 - trainer - Average loss in epoch 48: 1.5326
2026/08/31 22:17:51 - __main__ - INFO - 117 - trainer - Epoch: 49
2026/08/31 22:17:51 - __main__ - INFO - 162 - trainer - [0/257] Loss: 1.4874
2026/08/31 22:17:59 - __main__ - INFO - 162 - trainer - [52/257] Loss: 1.5078
2026/08/31 22:18:06 - __main__ - INFO - 162 - trainer - [104/257] Loss: 1.5159
2026/08/31 22:18:14 - __main__ - INFO - 162 - trainer - [156/257] Loss: 1.4979
2026/08/31 22:18:21 - __main__ - INFO - 162 - trainer - [208/257] Loss: 1.5573
2026/08/31 22:18:27 - __main__ - INFO - 167 - trainer - Average loss in epoch 49: 1.5260
2026/08/31 22:18:27 - __main__ - INFO - 117 - trainer - Epoch: 50
2026/08/31 22:18:28 - __main__ - INFO - 162 - trainer - [0/257] Loss: 1.5233
2026/08/31 22:18:35 - __main__ - INFO - 162 - trainer - [52/257] Loss: 1.4700
2026/08/31 22:18:43 - __main__ - INFO - 162 - trainer - [104/257] Loss: 1.5173
2026/08/31 22:18:50 - __main__ - INFO - 162 - trainer - [156/257] Loss: 1.4637
2026/08/31 22:18:57 - __main__ - INFO - 162 - trainer - [208/257] Loss: 1.5399
2026/08/31 22:19:04 - __main__ - INFO - 167 - trainer - Average loss in epoch 50: 1.5164
2026/08/31 22:19:04 - __main__ - INFO - 117 - trainer - Epoch: 51
2026/08/31 22:19:04 - __main__ - INFO - 162 - trainer - [0/257] Loss: 1.4887
2026/08/31 22:19:12 - __main__ - INFO - 162 - trainer - [52/257] Loss: 1.5199
2026/08/31 22:19:19 - __main__ - INFO - 162 - trainer - [104/257] Loss: 1.5308
2026/08/31 22:19:26 - __main__ - INFO - 162 - trainer - [156/257] Loss: 1.5364
2026/08/31 22:19:34 - __main__ - INFO - 162 - trainer - [208/257] Loss: 1.4904
2026/08/31 22:19:40 - __main__ - INFO - 167 - trainer - Average loss in epoch 51: 1.5093
2026/08/31 22:19:40 - __main__ - INFO - 117 - trainer - Epoch: 52
2026/08/31 22:19:41 - __main__ - INFO - 162 - trainer - [0/257] Loss: 1.5350
2026/08/31 22:19:48 - __main__ - INFO - 162 - trainer - [52/257] Loss: 1.5014
2026/08/31 22:19:56 - __main__ - INFO - 162 - trainer - [104/257] Loss: 1.4715
2026/08/31 22:20:03 - __main__ - INFO - 162 - trainer - [156/257] Loss: 1.4784
2026/08/31 22:20:10 - __main__ - INFO - 162 - trainer - [208/257] Loss: 1.4852
2026/08/31 22:20:17 - __main__ - INFO - 167 - trainer - Average loss in epoch 52: 1.5013
2026/08/31 22:20:17 - __main__ - INFO - 117 - trainer - Epoch: 53
2026/08/31 22:20:17 - __main__ - INFO - 162 - trainer - [0/257] Loss: 1.4701
2026/08/31 22:20:25 - __main__ - INFO - 162 - trainer - [52/257] Loss: 1.4908
2026/08/31 22:20:32 - __main__ - INFO - 162 - trainer - [104/257] Loss: 1.4965
2026/08/31 22:20:40 - __main__ - INFO - 162 - trainer - [156/257] Loss: 1.4813
2026/08/31 22:20:47 - __main__ - INFO - 162 - trainer - [208/257] Loss: 1.4973
2026/08/31 22:20:53 - __main__ - INFO - 167 - trainer - Average loss in epoch 53: 1.4944
2026/08/31 22:20:53 - __main__ - INFO - 117 - trainer - Epoch: 54
2026/08/31 22:20:54 - __main__ - INFO - 162 - trainer - [0/257] Loss: 1.4595
2026/08/31 22:21:01 - __main__ - INFO - 162 - trainer - [52/257] Loss: 1.4689
2026/08/31 22:21:08 - __main__ - INFO - 162 - trainer - [104/257] Loss: 1.4792
2026/08/31 22:21:16 - __main__ - INFO - 162 - trainer - [156/257] Loss: 1.5037
2026/08/31 22:21:23 - __main__ - INFO - 162 - trainer - [208/257] Loss: 1.5062
2026/08/31 22:21:30 - __main__ - INFO - 167 - trainer - Average loss in epoch 54: 1.4866
2026/08/31 22:21:30 - __main__ - INFO - 117 - trainer - Epoch: 55
2026/08/31 22:21:30 - __main__ - INFO - 162 - trainer - [0/257] Loss: 1.4659
2026/08/31 22:21:37 - __main__ - INFO - 162 - trainer - [52/257] Loss: 1.4410
2026/08/31 22:21:45 - __main__ - INFO - 162 - trainer - [104/257] Loss: 1.4719
2026/08/31 22:21:52 - __main__ - INFO - 162 - trainer - [156/257] Loss: 1.4982
2026/08/31 22:21:59 - __main__ - INFO - 162 - trainer - [208/257] Loss: 1.5098
2026/08/31 22:22:06 - __main__ - INFO - 167 - trainer - Average loss in epoch 55: 1.4804
2026/08/31 22:22:06 - __main__ - INFO - 117 - trainer - Epoch: 56
2026/08/31 22:22:06 - __main__ - INFO - 162 - trainer - [0/257] Loss: 1.4660
2026/08/31 22:22:14 - __main__ - INFO - 162 - trainer - [52/257] Loss: 1.5215
2026/08/31 22:22:21 - __main__ - INFO - 162 - trainer - [104/257] Loss: 1.4502
2026/08/31 22:22:28 - __main__ - INFO - 162 - trainer - [156/257] Loss: 1.4806
2026/08/31 22:22:36 - __main__ - INFO - 162 - trainer - [208/257] Loss: 1.4975
2026/08/31 22:22:42 - __main__ - INFO - 167 - trainer - Average loss in epoch 56: 1.4726
2026/08/31 22:22:42 - __main__ - INFO - 117 - trainer - Epoch: 57
2026/08/31 22:22:42 - __main__ - INFO - 162 - trainer - [0/257] Loss: 1.4426
2026/08/31 22:22:50 - __main__ - INFO - 162 - trainer - [52/257] Loss: 1.4745
2026/08/31 22:22:57 - __main__ - INFO - 162 - trainer - [104/257] Loss: 1.4494
2026/08/31 22:23:04 - __main__ - INFO - 162 - trainer - [156/257] Loss: 1.4743
2026/08/31 22:23:12 - __main__ - INFO - 162 - trainer - [208/257] Loss: 1.5017
2026/08/31 22:23:18 - __main__ - INFO - 167 - trainer - Average loss in epoch 57: 1.4657
2026/08/31 22:23:18 - __main__ - INFO - 117 - trainer - Epoch: 58
2026/08/31 22:23:18 - __main__ - INFO - 162 - trainer - [0/257] Loss: 1.4562
2026/08/31 22:23:26 - __main__ - INFO - 162 - trainer - [52/257] Loss: 1.4302
2026/08/31 22:23:33 - __main__ - INFO - 162 - trainer - [104/257] Loss: 1.4597
2026/08/31 22:23:41 - __main__ - INFO - 162 - trainer - [156/257] Loss: 1.4561
2026/08/31 22:23:48 - __main__ - INFO - 162 - trainer - [208/257] Loss: 1.5020
2026/08/31 22:23:55 - __main__ - INFO - 167 - trainer - Average loss in epoch 58: 1.4589
2026/08/31 22:23:55 - __main__ - INFO - 117 - trainer - Epoch: 59
2026/08/31 22:23:55 - __main__ - INFO - 162 - trainer - [0/257] Loss: 1.4524
2026/08/31 22:24:02 - __main__ - INFO - 162 - trainer - [52/257] Loss: 1.4457
2026/08/31 22:24:09 - __main__ - INFO - 162 - trainer - [104/257] Loss: 1.4439
2026/08/31 22:24:17 - __main__ - INFO - 162 - trainer - [156/257] Loss: 1.4407
2026/08/31 22:24:24 - __main__ - INFO - 162 - trainer - [208/257] Loss: 1.4585
2026/08/31 22:24:31 - __main__ - INFO - 167 - trainer - Average loss in epoch 59: 1.4529
2026/08/31 22:24:31 - __main__ - INFO - 117 - trainer - Epoch: 60
2026/08/31 22:24:31 - __main__ - INFO - 162 - trainer - [0/257] Loss: 1.4264
2026/08/31 22:24:38 - __main__ - INFO - 162 - trainer - [52/257] Loss: 1.4467
2026/08/31 22:24:46 - __main__ - INFO - 162 - trainer - [104/257] Loss: 1.4772
2026/08/31 22:24:53 - __main__ - INFO - 162 - trainer - [156/257] Loss: 1.4360
2026/08/31 22:25:01 - __main__ - INFO - 162 - trainer - [208/257] Loss: 1.4570
2026/08/31 22:25:07 - __main__ - INFO - 167 - trainer - Average loss in epoch 60: 1.4455
2026/08/31 22:25:07 - __main__ - INFO - 173 - trainer - start predicting: 2026-08-31 22:25:07.742565
2026/08/31 22:26:09 - __main__ - INFO - 203 - trainer - {'Best_HR@5': np.float64(7.2676), 'Best_HR@10': np.float64(10.4161), 'Best_HR@20': np.float64(14.2567), 'Best_NDCG@5': np.float64(5.0434), 'Best_NDCG@10': np.float64(6.0569), 'Best_NDCG@20': np.float64(7.0232)}
2026/08/31 22:26:09 - __main__ - INFO - 204 - trainer - {'Best_epoch_HR@5': 60, 'Best_epoch_HR@10': 60, 'Best_epoch_HR@20': 60, 'Best_epoch_NDCG@5': 60, 'Best_epoch_NDCG@10': 60, 'Best_epoch_NDCG@20': 60}
2026/08/31 22:26:09 - __main__ - INFO - 117 - trainer - Epoch: 61
2026/08/31 22:26:09 - __main__ - INFO - 162 - trainer - [0/257] Loss: 1.4208
2026/08/31 22:26:16 - __main__ - INFO - 162 - trainer - [52/257] Loss: 1.4420
2026/08/31 22:26:23 - __main__ - INFO - 162 - trainer - [104/257] Loss: 1.4651
2026/08/31 22:26:30 - __main__ - INFO - 162 - trainer - [156/257] Loss: 1.4425
2026/08/31 22:26:37 - __main__ - INFO - 162 - trainer - [208/257] Loss: 1.4567
2026/08/31 22:26:44 - __main__ - INFO - 167 - trainer - Average loss in epoch 61: 1.4398
2026/08/31 22:26:44 - __main__ - INFO - 117 - trainer - Epoch: 62
2026/08/31 22:26:44 - __main__ - INFO - 162 - trainer - [0/257] Loss: 1.4184
2026/08/31 22:26:51 - __main__ - INFO - 162 - trainer - [52/257] Loss: 1.4540
2026/08/31 22:26:58 - __main__ - INFO - 162 - trainer - [104/257] Loss: 1.4268
2026/08/31 22:27:06 - __main__ - INFO - 162 - trainer - [156/257] Loss: 1.4074
2026/08/31 22:27:13 - __main__ - INFO - 162 - trainer - [208/257] Loss: 1.4216
2026/08/31 22:27:20 - __main__ - INFO - 167 - trainer - Average loss in epoch 62: 1.4326
2026/08/31 22:27:20 - __main__ - INFO - 117 - trainer - Epoch: 63
2026/08/31 22:27:20 - __main__ - INFO - 162 - trainer - [0/257] Loss: 1.4086
2026/08/31 22:27:27 - __main__ - INFO - 162 - trainer - [52/257] Loss: 1.4368
2026/08/31 22:27:34 - __main__ - INFO - 162 - trainer - [104/257] Loss: 1.4251
2026/08/31 22:27:41 - __main__ - INFO - 162 - trainer - [156/257] Loss: 1.4593
2026/08/31 22:27:48 - __main__ - INFO - 162 - trainer - [208/257] Loss: 1.4593
2026/08/31 22:27:55 - __main__ - INFO - 167 - trainer - Average loss in epoch 63: 1.4268
2026/08/31 22:27:55 - __main__ - INFO - 117 - trainer - Epoch: 64
2026/08/31 22:27:55 - __main__ - INFO - 162 - trainer - [0/257] Loss: 1.4058
2026/08/31 22:28:02 - __main__ - INFO - 162 - trainer - [52/257] Loss: 1.4488
2026/08/31 22:28:10 - __main__ - INFO - 162 - trainer - [104/257] Loss: 1.3980
2026/08/31 22:28:17 - __main__ - INFO - 162 - trainer - [156/257] Loss: 1.3998
2026/08/31 22:28:24 - __main__ - INFO - 162 - trainer - [208/257] Loss: 1.4044
2026/08/31 22:28:30 - __main__ - INFO - 167 - trainer - Average loss in epoch 64: 1.4208
2026/08/31 22:28:30 - __main__ - INFO - 117 - trainer - Epoch: 65
2026/08/31 22:28:31 - __main__ - INFO - 162 - trainer - [0/257] Loss: 1.3960
2026/08/31 22:28:38 - __main__ - INFO - 162 - trainer - [52/257] Loss: 1.3933
2026/08/31 22:28:45 - __main__ - INFO - 162 - trainer - [104/257] Loss: 1.4305
2026/08/31 22:28:52 - __main__ - INFO - 162 - trainer - [156/257] Loss: 1.3836
2026/08/31 22:28:59 - __main__ - INFO - 162 - trainer - [208/257] Loss: 1.3778
2026/08/31 22:29:06 - __main__ - INFO - 167 - trainer - Average loss in epoch 65: 1.4150
2026/08/31 22:29:06 - __main__ - INFO - 117 - trainer - Epoch: 66
2026/08/31 22:29:06 - __main__ - INFO - 162 - trainer - [0/257] Loss: 1.4223
2026/08/31 22:29:13 - __main__ - INFO - 162 - trainer - [52/257] Loss: 1.3610
2026/08/31 22:29:21 - __main__ - INFO - 162 - trainer - [104/257] Loss: 1.3816
2026/08/31 22:29:28 - __main__ - INFO - 162 - trainer - [156/257] Loss: 1.4130
2026/08/31 22:29:35 - __main__ - INFO - 162 - trainer - [208/257] Loss: 1.4116
2026/08/31 22:29:41 - __main__ - INFO - 167 - trainer - Average loss in epoch 66: 1.4109
2026/08/31 22:29:41 - __main__ - INFO - 117 - trainer - Epoch: 67
2026/08/31 22:29:41 - __main__ - INFO - 162 - trainer - [0/257] Loss: 1.3679
2026/08/31 22:29:49 - __main__ - INFO - 162 - trainer - [52/257] Loss: 1.3620
2026/08/31 22:29:56 - __main__ - INFO - 162 - trainer - [104/257] Loss: 1.4083
2026/08/31 22:30:03 - __main__ - INFO - 162 - trainer - [156/257] Loss: 1.3975
2026/08/31 22:30:10 - __main__ - INFO - 162 - trainer - [208/257] Loss: 1.4253
2026/08/31 22:30:17 - __main__ - INFO - 167 - trainer - Average loss in epoch 67: 1.4034
2026/08/31 22:30:17 - __main__ - INFO - 117 - trainer - Epoch: 68
2026/08/31 22:30:17 - __main__ - INFO - 162 - trainer - [0/257] Loss: 1.4030
2026/08/31 22:30:24 - __main__ - INFO - 162 - trainer - [52/257] Loss: 1.3619
2026/08/31 22:30:31 - __main__ - INFO - 162 - trainer - [104/257] Loss: 1.4311
2026/08/31 22:30:39 - __main__ - INFO - 162 - trainer - [156/257] Loss: 1.4027
2026/08/31 22:30:46 - __main__ - INFO - 162 - trainer - [208/257] Loss: 1.4332
2026/08/31 22:30:52 - __main__ - INFO - 167 - trainer - Average loss in epoch 68: 1.3990
2026/08/31 22:30:52 - __main__ - INFO - 117 - trainer - Epoch: 69
2026/08/31 22:30:52 - __main__ - INFO - 162 - trainer - [0/257] Loss: 1.3834
2026/08/31 22:31:00 - __main__ - INFO - 162 - trainer - [52/257] Loss: 1.4033
2026/08/31 22:31:07 - __main__ - INFO - 162 - trainer - [104/257] Loss: 1.4363
2026/08/31 22:31:14 - __main__ - INFO - 162 - trainer - [156/257] Loss: 1.3818
2026/08/31 22:31:21 - __main__ - INFO - 162 - trainer - [208/257] Loss: 1.4360
2026/08/31 22:31:28 - __main__ - INFO - 167 - trainer - Average loss in epoch 69: 1.3942
2026/08/31 22:31:28 - __main__ - INFO - 117 - trainer - Epoch: 70
2026/08/31 22:31:28 - __main__ - INFO - 162 - trainer - [0/257] Loss: 1.3316
2026/08/31 22:31:35 - __main__ - INFO - 162 - trainer - [52/257] Loss: 1.3992
2026/08/31 22:31:42 - __main__ - INFO - 162 - trainer - [104/257] Loss: 1.3836
2026/08/31 22:31:50 - __main__ - INFO - 162 - trainer - [156/257] Loss: 1.3820
2026/08/31 22:31:57 - __main__ - INFO - 162 - trainer - [208/257] Loss: 1.3857
2026/08/31 22:32:03 - __main__ - INFO - 167 - trainer - Average loss in epoch 70: 1.3879
2026/08/31 22:32:03 - __main__ - INFO - 117 - trainer - Epoch: 71
2026/08/31 22:32:03 - __main__ - INFO - 162 - trainer - [0/257] Loss: 1.4088
2026/08/31 22:32:11 - __main__ - INFO - 162 - trainer - [52/257] Loss: 1.4084
2026/08/31 22:32:18 - __main__ - INFO - 162 - trainer - [104/257] Loss: 1.3888
2026/08/31 22:32:25 - __main__ - INFO - 162 - trainer - [156/257] Loss: 1.4387
2026/08/31 22:32:32 - __main__ - INFO - 162 - trainer - [208/257] Loss: 1.4072
2026/08/31 22:32:39 - __main__ - INFO - 167 - trainer - Average loss in epoch 71: 1.3829
2026/08/31 22:32:39 - __main__ - INFO - 117 - trainer - Epoch: 72
2026/08/31 22:32:39 - __main__ - INFO - 162 - trainer - [0/257] Loss: 1.3496
2026/08/31 22:32:46 - __main__ - INFO - 162 - trainer - [52/257] Loss: 1.4315
2026/08/31 22:32:53 - __main__ - INFO - 162 - trainer - [104/257] Loss: 1.3407
2026/08/31 22:33:01 - __main__ - INFO - 162 - trainer - [156/257] Loss: 1.3784
2026/08/31 22:33:08 - __main__ - INFO - 162 - trainer - [208/257] Loss: 1.3588
2026/08/31 22:33:14 - __main__ - INFO - 167 - trainer - Average loss in epoch 72: 1.3787
2026/08/31 22:33:14 - __main__ - INFO - 117 - trainer - Epoch: 73
2026/08/31 22:33:14 - __main__ - INFO - 162 - trainer - [0/257] Loss: 1.3550
2026/08/31 22:33:22 - __main__ - INFO - 162 - trainer - [52/257] Loss: 1.3782
2026/08/31 22:33:29 - __main__ - INFO - 162 - trainer - [104/257] Loss: 1.4034
2026/08/31 22:33:36 - __main__ - INFO - 162 - trainer - [156/257] Loss: 1.3967
2026/08/31 22:33:43 - __main__ - INFO - 162 - trainer - [208/257] Loss: 1.3698
2026/08/31 22:33:50 - __main__ - INFO - 167 - trainer - Average loss in epoch 73: 1.3723
2026/08/31 22:33:50 - __main__ - INFO - 117 - trainer - Epoch: 74
2026/08/31 22:33:50 - __main__ - INFO - 162 - trainer - [0/257] Loss: 1.3695
2026/08/31 22:33:57 - __main__ - INFO - 162 - trainer - [52/257] Loss: 1.4014
2026/08/31 22:34:04 - __main__ - INFO - 162 - trainer - [104/257] Loss: 1.3682
2026/08/31 22:34:12 - __main__ - INFO - 162 - trainer - [156/257] Loss: 1.3906
2026/08/31 22:34:19 - __main__ - INFO - 162 - trainer - [208/257] Loss: 1.3900
2026/08/31 22:34:25 - __main__ - INFO - 167 - trainer - Average loss in epoch 74: 1.3696
2026/08/31 22:34:25 - __main__ - INFO - 117 - trainer - Epoch: 75
2026/08/31 22:34:26 - __main__ - INFO - 162 - trainer - [0/257] Loss: 1.3583
2026/08/31 22:34:33 - __main__ - INFO - 162 - trainer - [52/257] Loss: 1.3340
2026/08/31 22:34:40 - __main__ - INFO - 162 - trainer - [104/257] Loss: 1.3666
2026/08/31 22:34:47 - __main__ - INFO - 162 - trainer - [156/257] Loss: 1.3559
2026/08/31 22:34:54 - __main__ - INFO - 162 - trainer - [208/257] Loss: 1.3883
2026/08/31 22:35:01 - __main__ - INFO - 167 - trainer - Average loss in epoch 75: 1.3631
2026/08/31 22:35:01 - __main__ - INFO - 117 - trainer - Epoch: 76
2026/08/31 22:35:01 - __main__ - INFO - 162 - trainer - [0/257] Loss: 1.3907
2026/08/31 22:35:08 - __main__ - INFO - 162 - trainer - [52/257] Loss: 1.3508
2026/08/31 22:35:15 - __main__ - INFO - 162 - trainer - [104/257] Loss: 1.3336
2026/08/31 22:35:23 - __main__ - INFO - 162 - trainer - [156/257] Loss: 1.3738
2026/08/31 22:35:30 - __main__ - INFO - 162 - trainer - [208/257] Loss: 1.3812
2026/08/31 22:35:36 - __main__ - INFO - 167 - trainer - Average loss in epoch 76: 1.3594
2026/08/31 22:35:36 - __main__ - INFO - 117 - trainer - Epoch: 77
2026/08/31 22:35:36 - __main__ - INFO - 162 - trainer - [0/257] Loss: 1.3281
2026/08/31 22:35:44 - __main__ - INFO - 162 - trainer - [52/257] Loss: 1.3081
2026/08/31 22:35:51 - __main__ - INFO - 162 - trainer - [104/257] Loss: 1.4108
2026/08/31 22:35:58 - __main__ - INFO - 162 - trainer - [156/257] Loss: 1.3724
2026/08/31 22:36:05 - __main__ - INFO - 162 - trainer - [208/257] Loss: 1.3576
2026/08/31 22:36:12 - __main__ - INFO - 167 - trainer - Average loss in epoch 77: 1.3550
2026/08/31 22:36:12 - __main__ - INFO - 117 - trainer - Epoch: 78
2026/08/31 22:36:12 - __main__ - INFO - 162 - trainer - [0/257] Loss: 1.3451
2026/08/31 22:36:19 - __main__ - INFO - 162 - trainer - [52/257] Loss: 1.3614
2026/08/31 22:36:26 - __main__ - INFO - 162 - trainer - [104/257] Loss: 1.3496
2026/08/31 22:36:33 - __main__ - INFO - 162 - trainer - [156/257] Loss: 1.3756
2026/08/31 22:36:40 - __main__ - INFO - 162 - trainer - [208/257] Loss: 1.3829
2026/08/31 22:36:47 - __main__ - INFO - 167 - trainer - Average loss in epoch 78: 1.3506
2026/08/31 22:36:47 - __main__ - INFO - 117 - trainer - Epoch: 79
2026/08/31 22:36:47 - __main__ - INFO - 162 - trainer - [0/257] Loss: 1.3670
2026/08/31 22:36:54 - __main__ - INFO - 162 - trainer - [52/257] Loss: 1.3127
2026/08/31 22:37:01 - __main__ - INFO - 162 - trainer - [104/257] Loss: 1.3459
2026/08/31 22:37:08 - __main__ - INFO - 162 - trainer - [156/257] Loss: 1.3771
2026/08/31 22:37:16 - __main__ - INFO - 162 - trainer - [208/257] Loss: 1.3302
2026/08/31 22:37:22 - __main__ - INFO - 167 - trainer - Average loss in epoch 79: 1.3461
2026/08/31 22:37:22 - __main__ - INFO - 117 - trainer - Epoch: 80
2026/08/31 22:37:22 - __main__ - INFO - 162 - trainer - [0/257] Loss: 1.3260
2026/08/31 22:37:29 - __main__ - INFO - 162 - trainer - [52/257] Loss: 1.3382
2026/08/31 22:37:37 - __main__ - INFO - 162 - trainer - [104/257] Loss: 1.3458
2026/08/31 22:37:44 - __main__ - INFO - 162 - trainer - [156/257] Loss: 1.3203
2026/08/31 22:37:51 - __main__ - INFO - 162 - trainer - [208/257] Loss: 1.3080
2026/08/31 22:37:58 - __main__ - INFO - 167 - trainer - Average loss in epoch 80: 1.3402
2026/08/31 22:37:58 - __main__ - INFO - 173 - trainer - start predicting: 2026-08-31 22:37:58.555952
2026/08/31 22:39:01 - __main__ - INFO - 203 - trainer - {'Best_HR@5': np.float64(7.7535), 'Best_HR@10': np.float64(10.6647), 'Best_HR@20': np.float64(14.7183), 'Best_NDCG@5': np.float64(5.3888), 'Best_NDCG@10': np.float64(6.3261), 'Best_NDCG@20': np.float64(7.3488)}
2026/08/31 22:39:01 - __main__ - INFO - 204 - trainer - {'Best_epoch_HR@5': 80, 'Best_epoch_HR@10': 80, 'Best_epoch_HR@20': 80, 'Best_epoch_NDCG@5': 80, 'Best_epoch_NDCG@10': 80, 'Best_epoch_NDCG@20': 80}
2026/08/31 22:39:01 - __main__ - INFO - 117 - trainer - Epoch: 81
2026/08/31 22:39:01 - __main__ - INFO - 162 - trainer - [0/257] Loss: 1.3047
2026/08/31 22:39:08 - __main__ - INFO - 162 - trainer - [52/257] Loss: 1.3496
2026/08/31 22:39:15 - __main__ - INFO - 162 - trainer - [104/257] Loss: 1.3198
2026/08/31 22:39:21 - __main__ - INFO - 162 - trainer - [156/257] Loss: 1.3633
2026/08/31 22:39:28 - __main__ - INFO - 162 - trainer - [208/257] Loss: 1.2998
2026/08/31 22:39:35 - __main__ - INFO - 167 - trainer - Average loss in epoch 81: 1.3375
2026/08/31 22:39:35 - __main__ - INFO - 117 - trainer - Epoch: 82
2026/08/31 22:39:35 - __main__ - INFO - 162 - trainer - [0/257] Loss: 1.3134
2026/08/31 22:39:42 - __main__ - INFO - 162 - trainer - [52/257] Loss: 1.2977
2026/08/31 22:39:49 - __main__ - INFO - 162 - trainer - [104/257] Loss: 1.3460
2026/08/31 22:39:55 - __main__ - INFO - 162 - trainer - [156/257] Loss: 1.3423
2026/08/31 22:40:02 - __main__ - INFO - 162 - trainer - [208/257] Loss: 1.3282
2026/08/31 22:40:09 - __main__ - INFO - 167 - trainer - Average loss in epoch 82: 1.3338
2026/08/31 22:40:09 - __main__ - INFO - 117 - trainer - Epoch: 83
2026/08/31 22:40:09 - __main__ - INFO - 162 - trainer - [0/257] Loss: 1.3193
2026/08/31 22:40:16 - __main__ - INFO - 162 - trainer - [52/257] Loss: 1.3123
2026/08/31 22:40:23 - __main__ - INFO - 162 - trainer - [104/257] Loss: 1.3158
2026/08/31 22:40:30 - __main__ - INFO - 162 - trainer - [156/257] Loss: 1.3497
2026/08/31 22:40:37 - __main__ - INFO - 162 - trainer - [208/257] Loss: 1.3434
2026/08/31 22:40:43 - __main__ - INFO - 167 - trainer - Average loss in epoch 83: 1.3293
2026/08/31 22:40:43 - __main__ - INFO - 117 - trainer - Epoch: 84
2026/08/31 22:40:43 - __main__ - INFO - 162 - trainer - [0/257] Loss: 1.3432
2026/08/31 22:40:51 - __main__ - INFO - 162 - trainer - [52/257] Loss: 1.2884
2026/08/31 22:40:58 - __main__ - INFO - 162 - trainer - [104/257] Loss: 1.2651
2026/08/31 22:41:05 - __main__ - INFO - 162 - trainer - [156/257] Loss: 1.3416
2026/08/31 22:41:12 - __main__ - INFO - 162 - trainer - [208/257] Loss: 1.3096
2026/08/31 22:41:18 - __main__ - INFO - 167 - trainer - Average loss in epoch 84: 1.3247
2026/08/31 22:41:18 - __main__ - INFO - 117 - trainer - Epoch: 85
2026/08/31 22:41:18 - __main__ - INFO - 162 - trainer - [0/257] Loss: 1.2884
2026/08/31 22:41:25 - __main__ - INFO - 162 - trainer - [52/257] Loss: 1.2955
2026/08/31 22:41:32 - __main__ - INFO - 162 - trainer - [104/257] Loss: 1.3216
2026/08/31 22:41:39 - __main__ - INFO - 162 - trainer - [156/257] Loss: 1.2807
2026/08/31 22:41:46 - __main__ - INFO - 162 - trainer - [208/257] Loss: 1.3504
2026/08/31 22:41:52 - __main__ - INFO - 167 - trainer - Average loss in epoch 85: 1.3210
2026/08/31 22:41:52 - __main__ - INFO - 117 - trainer - Epoch: 86
2026/08/31 22:41:52 - __main__ - INFO - 162 - trainer - [0/257] Loss: 1.2924
2026/08/31 22:42:00 - __main__ - INFO - 162 - trainer - [52/257] Loss: 1.3231
2026/08/31 22:42:06 - __main__ - INFO - 162 - trainer - [104/257] Loss: 1.3458
2026/08/31 22:42:13 - __main__ - INFO - 162 - trainer - [156/257] Loss: 1.3056
2026/08/31 22:42:20 - __main__ - INFO - 162 - trainer - [208/257] Loss: 1.2852
2026/08/31 22:42:26 - __main__ - INFO - 167 - trainer - Average loss in epoch 86: 1.3169
2026/08/31 22:42:26 - __main__ - INFO - 117 - trainer - Epoch: 87
2026/08/31 22:42:27 - __main__ - INFO - 162 - trainer - [0/257] Loss: 1.2828
2026/08/31 22:42:33 - __main__ - INFO - 162 - trainer - [52/257] Loss: 1.2886
2026/08/31 22:42:40 - __main__ - INFO - 162 - trainer - [104/257] Loss: 1.3288
2026/08/31 22:42:47 - __main__ - INFO - 162 - trainer - [156/257] Loss: 1.3414
2026/08/31 22:42:54 - __main__ - INFO - 162 - trainer - [208/257] Loss: 1.3352
2026/08/31 22:43:00 - __main__ - INFO - 167 - trainer - Average loss in epoch 87: 1.3134
2026/08/31 22:43:00 - __main__ - INFO - 117 - trainer - Epoch: 88
2026/08/31 22:43:01 - __main__ - INFO - 162 - trainer - [0/257] Loss: 1.3127
2026/08/31 22:43:08 - __main__ - INFO - 162 - trainer - [52/257] Loss: 1.3385
2026/08/31 22:43:15 - __main__ - INFO - 162 - trainer - [104/257] Loss: 1.3452
2026/08/31 22:43:22 - __main__ - INFO - 162 - trainer - [156/257] Loss: 1.3191
2026/08/31 22:43:29 - __main__ - INFO - 162 - trainer - [208/257] Loss: 1.3330
2026/08/31 22:43:35 - __main__ - INFO - 167 - trainer - Average loss in epoch 88: 1.3110
2026/08/31 22:43:35 - __main__ - INFO - 117 - trainer - Epoch: 89
2026/08/31 22:43:35 - __main__ - INFO - 162 - trainer - [0/257] Loss: 1.2691
2026/08/31 22:43:42 - __main__ - INFO - 162 - trainer - [52/257] Loss: 1.3163
2026/08/31 22:43:49 - __main__ - INFO - 162 - trainer - [104/257] Loss: 1.2895
2026/08/31 22:43:56 - __main__ - INFO - 162 - trainer - [156/257] Loss: 1.3451
2026/08/31 22:44:03 - __main__ - INFO - 162 - trainer - [208/257] Loss: 1.3224
2026/08/31 22:44:09 - __main__ - INFO - 167 - trainer - Average loss in epoch 89: 1.3066
2026/08/31 22:44:09 - __main__ - INFO - 117 - trainer - Epoch: 90
2026/08/31 22:44:09 - __main__ - INFO - 162 - trainer - [0/257] Loss: 1.2711
2026/08/31 22:44:16 - __main__ - INFO - 162 - trainer - [52/257] Loss: 1.3355
2026/08/31 22:44:23 - __main__ - INFO - 162 - trainer - [104/257] Loss: 1.2780
2026/08/31 22:44:30 - __main__ - INFO - 162 - trainer - [156/257] Loss: 1.3208
2026/08/31 22:44:37 - __main__ - INFO - 162 - trainer - [208/257] Loss: 1.2936
2026/08/31 22:44:43 - __main__ - INFO - 167 - trainer - Average loss in epoch 90: 1.3016
2026/08/31 22:44:43 - __main__ - INFO - 117 - trainer - Epoch: 91
2026/08/31 22:44:43 - __main__ - INFO - 162 - trainer - [0/257] Loss: 1.3065
2026/08/31 22:44:50 - __main__ - INFO - 162 - trainer - [52/257] Loss: 1.2924
2026/08/31 22:44:57 - __main__ - INFO - 162 - trainer - [104/257] Loss: 1.3081
2026/08/31 22:45:04 - __main__ - INFO - 162 - trainer - [156/257] Loss: 1.2880
2026/08/31 22:45:11 - __main__ - INFO - 162 - trainer - [208/257] Loss: 1.3184
2026/08/31 22:45:17 - __main__ - INFO - 167 - trainer - Average loss in epoch 91: 1.2996
2026/08/31 22:45:17 - __main__ - INFO - 117 - trainer - Epoch: 92
2026/08/31 22:45:17 - __main__ - INFO - 162 - trainer - [0/257] Loss: 1.2372
2026/08/31 22:45:24 - __main__ - INFO - 162 - trainer - [52/257] Loss: 1.2922
2026/08/31 22:45:31 - __main__ - INFO - 162 - trainer - [104/257] Loss: 1.3472
2026/08/31 22:45:38 - __main__ - INFO - 162 - trainer - [156/257] Loss: 1.2755
2026/08/31 22:45:45 - __main__ - INFO - 162 - trainer - [208/257] Loss: 1.3030
2026/08/31 22:45:51 - __main__ - INFO - 167 - trainer - Average loss in epoch 92: 1.2964
2026/08/31 22:45:51 - __main__ - INFO - 117 - trainer - Epoch: 93
2026/08/31 22:45:52 - __main__ - INFO - 162 - trainer - [0/257] Loss: 1.2922
2026/08/31 22:45:59 - __main__ - INFO - 162 - trainer - [52/257] Loss: 1.2973
2026/08/31 22:46:06 - __main__ - INFO - 162 - trainer - [104/257] Loss: 1.3101
2026/08/31 22:46:13 - __main__ - INFO - 162 - trainer - [156/257] Loss: 1.3077
2026/08/31 22:46:20 - __main__ - INFO - 162 - trainer - [208/257] Loss: 1.2667
2026/08/31 22:46:26 - __main__ - INFO - 167 - trainer - Average loss in epoch 93: 1.2919
2026/08/31 22:46:26 - __main__ - INFO - 117 - trainer - Epoch: 94
2026/08/31 22:46:26 - __main__ - INFO - 162 - trainer - [0/257] Loss: 1.2972
2026/08/31 22:46:33 - __main__ - INFO - 162 - trainer - [52/257] Loss: 1.2808
2026/08/31 22:46:40 - __main__ - INFO - 162 - trainer - [104/257] Loss: 1.3093
2026/08/31 22:46:47 - __main__ - INFO - 162 - trainer - [156/257] Loss: 1.3092
2026/08/31 22:46:54 - __main__ - INFO - 162 - trainer - [208/257] Loss: 1.2808
2026/08/31 22:47:00 - __main__ - INFO - 167 - trainer - Average loss in epoch 94: 1.2902
2026/08/31 22:47:00 - __main__ - INFO - 117 - trainer - Epoch: 95
2026/08/31 22:47:00 - __main__ - INFO - 162 - trainer - [0/257] Loss: 1.3223
2026/08/31 22:47:07 - __main__ - INFO - 162 - trainer - [52/257] Loss: 1.2806
2026/08/31 22:47:14 - __main__ - INFO - 162 - trainer - [104/257] Loss: 1.2967
2026/08/31 22:47:21 - __main__ - INFO - 162 - trainer - [156/257] Loss: 1.2935
2026/08/31 22:47:28 - __main__ - INFO - 162 - trainer - [208/257] Loss: 1.2816
2026/08/31 22:47:35 - __main__ - INFO - 167 - trainer - Average loss in epoch 95: 1.2864
2026/08/31 22:47:35 - __main__ - INFO - 117 - trainer - Epoch: 96
2026/08/31 22:47:35 - __main__ - INFO - 162 - trainer - [0/257] Loss: 1.2788
2026/08/31 22:47:42 - __main__ - INFO - 162 - trainer - [52/257] Loss: 1.2743
2026/08/31 22:47:49 - __main__ - INFO - 162 - trainer - [104/257] Loss: 1.2824
2026/08/31 22:47:56 - __main__ - INFO - 162 - trainer - [156/257] Loss: 1.2400
2026/08/31 22:48:02 - __main__ - INFO - 162 - trainer - [208/257] Loss: 1.3042
2026/08/31 22:48:09 - __main__ - INFO - 167 - trainer - Average loss in epoch 96: 1.2834
2026/08/31 22:48:09 - __main__ - INFO - 117 - trainer - Epoch: 97
2026/08/31 22:48:09 - __main__ - INFO - 162 - trainer - [0/257] Loss: 1.2419
2026/08/31 22:48:16 - __main__ - INFO - 162 - trainer - [52/257] Loss: 1.2699
2026/08/31 22:48:23 - __main__ - INFO - 162 - trainer - [104/257] Loss: 1.2493
2026/08/31 22:48:30 - __main__ - INFO - 162 - trainer - [156/257] Loss: 1.3035
2026/08/31 22:48:37 - __main__ - INFO - 162 - trainer - [208/257] Loss: 1.2688
2026/08/31 22:48:43 - __main__ - INFO - 167 - trainer - Average loss in epoch 97: 1.2794
2026/08/31 22:48:43 - __main__ - INFO - 117 - trainer - Epoch: 98
2026/08/31 22:48:43 - __main__ - INFO - 162 - trainer - [0/257] Loss: 1.2654
2026/08/31 22:48:50 - __main__ - INFO - 162 - trainer - [52/257] Loss: 1.2412
2026/08/31 22:48:57 - __main__ - INFO - 162 - trainer - [104/257] Loss: 1.2610
2026/08/31 22:49:04 - __main__ - INFO - 162 - trainer - [156/257] Loss: 1.2630
2026/08/31 22:49:11 - __main__ - INFO - 162 - trainer - [208/257] Loss: 1.2896
2026/08/31 22:49:17 - __main__ - INFO - 167 - trainer - Average loss in epoch 98: 1.2765
2026/08/31 22:49:17 - __main__ - INFO - 117 - trainer - Epoch: 99
2026/08/31 22:49:17 - __main__ - INFO - 162 - trainer - [0/257] Loss: 1.2472
2026/08/31 22:49:24 - __main__ - INFO - 162 - trainer - [52/257] Loss: 1.2788
2026/08/31 22:49:31 - __main__ - INFO - 162 - trainer - [104/257] Loss: 1.2841
2026/08/31 22:49:38 - __main__ - INFO - 162 - trainer - [156/257] Loss: 1.2723
2026/08/31 22:49:45 - __main__ - INFO - 162 - trainer - [208/257] Loss: 1.2703
2026/08/31 22:49:52 - __main__ - INFO - 167 - trainer - Average loss in epoch 99: 1.2722
2026/08/31 22:49:52 - __main__ - INFO - 117 - trainer - Epoch: 100
2026/08/31 22:49:52 - __main__ - INFO - 162 - trainer - [0/257] Loss: 1.2232
2026/08/31 22:49:59 - __main__ - INFO - 162 - trainer - [52/257] Loss: 1.2209
2026/08/31 22:50:05 - __main__ - INFO - 162 - trainer - [104/257] Loss: 1.2367
2026/08/31 22:50:12 - __main__ - INFO - 162 - trainer - [156/257] Loss: 1.2248
2026/08/31 22:50:20 - __main__ - INFO - 162 - trainer - [208/257] Loss: 1.2446
2026/08/31 22:50:26 - __main__ - INFO - 167 - trainer - Average loss in epoch 100: 1.2546
2026/08/31 22:50:26 - __main__ - INFO - 173 - trainer - start predicting: 2026-08-31 22:50:26.465463
2026/08/31 22:51:24 - __main__ - INFO - 203 - trainer - {'Best_HR@5': np.float64(7.7535), 'Best_HR@10': np.float64(10.7554), 'Best_HR@20': np.float64(14.8322), 'Best_NDCG@5': np.float64(5.3888), 'Best_NDCG@10': np.float64(6.3261), 'Best_NDCG@20': np.float64(7.3488)}
2026/08/31 22:51:24 - __main__ - INFO - 204 - trainer - {'Best_epoch_HR@5': 80, 'Best_epoch_HR@10': 100, 'Best_epoch_HR@20': 100, 'Best_epoch_NDCG@5': 80, 'Best_epoch_NDCG@10': 80, 'Best_epoch_NDCG@20': 80}
2026/08/31 22:51:24 - __main__ - INFO - 117 - trainer - Epoch: 101
2026/08/31 22:51:24 - __main__ - INFO - 162 - trainer - [0/257] Loss: 1.2763
2026/08/31 22:51:31 - __main__ - INFO - 162 - trainer - [52/257] Loss: 1.2763
2026/08/31 22:51:38 - __main__ - INFO - 162 - trainer - [104/257] Loss: 1.2447
2026/08/31 22:51:45 - __main__ - INFO - 162 - trainer - [156/257] Loss: 1.2314
2026/08/31 22:51:52 - __main__ - INFO - 162 - trainer - [208/257] Loss: 1.2781
2026/08/31 22:51:59 - __main__ - INFO - 167 - trainer - Average loss in epoch 101: 1.2520
2026/08/31 22:51:59 - __main__ - INFO - 117 - trainer - Epoch: 102
2026/08/31 22:51:59 - __main__ - INFO - 162 - trainer - [0/257] Loss: 1.2051
2026/08/31 22:52:06 - __main__ - INFO - 162 - trainer - [52/257] Loss: 1.2416
2026/08/31 22:52:14 - __main__ - INFO - 162 - trainer - [104/257] Loss: 1.2856
2026/08/31 22:52:21 - __main__ - INFO - 162 - trainer - [156/257] Loss: 1.2784
2026/08/31 22:52:28 - __main__ - INFO - 162 - trainer - [208/257] Loss: 1.2653
2026/08/31 22:52:34 - __main__ - INFO - 167 - trainer - Average loss in epoch 102: 1.2499
2026/08/31 22:52:34 - __main__ - INFO - 117 - trainer - Epoch: 103
2026/08/31 22:52:34 - __main__ - INFO - 162 - trainer - [0/257] Loss: 1.2994
2026/08/31 22:52:42 - __main__ - INFO - 162 - trainer - [52/257] Loss: 1.2632
2026/08/31 22:52:49 - __main__ - INFO - 162 - trainer - [104/257] Loss: 1.2429
2026/08/31 22:52:56 - __main__ - INFO - 162 - trainer - [156/257] Loss: 1.2374
2026/08/31 22:53:03 - __main__ - INFO - 162 - trainer - [208/257] Loss: 1.2739
2026/08/31 22:53:09 - __main__ - INFO - 167 - trainer - Average loss in epoch 103: 1.2484
2026/08/31 22:53:09 - __main__ - INFO - 117 - trainer - Epoch: 104
2026/08/31 22:53:10 - __main__ - INFO - 162 - trainer - [0/257] Loss: 1.2126
2026/08/31 22:53:17 - __main__ - INFO - 162 - trainer - [52/257] Loss: 1.2754
2026/08/31 22:53:24 - __main__ - INFO - 162 - trainer - [104/257] Loss: 1.2745
2026/08/31 22:53:31 - __main__ - INFO - 162 - trainer - [156/257] Loss: 1.2659
2026/08/31 22:53:38 - __main__ - INFO - 162 - trainer - [208/257] Loss: 1.2054
2026/08/31 22:53:45 - __main__ - INFO - 167 - trainer - Average loss in epoch 104: 1.2469
2026/08/31 22:53:45 - __main__ - INFO - 117 - trainer - Epoch: 105
2026/08/31 22:53:45 - __main__ - INFO - 162 - trainer - [0/257] Loss: 1.2276
2026/08/31 22:53:52 - __main__ - INFO - 162 - trainer - [52/257] Loss: 1.2184
2026/08/31 22:53:59 - __main__ - INFO - 162 - trainer - [104/257] Loss: 1.2322
2026/08/31 22:54:06 - __main__ - INFO - 162 - trainer - [156/257] Loss: 1.2254
2026/08/31 22:54:13 - __main__ - INFO - 162 - trainer - [208/257] Loss: 1.2296
2026/08/31 22:54:20 - __main__ - INFO - 167 - trainer - Average loss in epoch 105: 1.2473
2026/08/31 22:54:20 - __main__ - INFO - 117 - trainer - Epoch: 106
2026/08/31 22:54:20 - __main__ - INFO - 162 - trainer - [0/257] Loss: 1.2623
2026/08/31 22:54:27 - __main__ - INFO - 162 - trainer - [52/257] Loss: 1.2204
2026/08/31 22:54:35 - __main__ - INFO - 162 - trainer - [104/257] Loss: 1.2543
2026/08/31 22:54:42 - __main__ - INFO - 162 - trainer - [156/257] Loss: 1.2475
2026/08/31 22:54:49 - __main__ - INFO - 162 - trainer - [208/257] Loss: 1.2523
2026/08/31 22:54:55 - __main__ - INFO - 167 - trainer - Average loss in epoch 106: 1.2446
2026/08/31 22:54:55 - __main__ - INFO - 117 - trainer - Epoch: 107
2026/08/31 22:54:56 - __main__ - INFO - 162 - trainer - [0/257] Loss: 1.2607
2026/08/31 22:55:03 - __main__ - INFO - 162 - trainer - [52/257] Loss: 1.2485
2026/08/31 22:55:10 - __main__ - INFO - 162 - trainer - [104/257] Loss: 1.2330
2026/08/31 22:55:17 - __main__ - INFO - 162 - trainer - [156/257] Loss: 1.2393
2026/08/31 22:55:24 - __main__ - INFO - 162 - trainer - [208/257] Loss: 1.2863
2026/08/31 22:55:30 - __main__ - INFO - 167 - trainer - Average loss in epoch 107: 1.2453
2026/08/31 22:55:30 - __main__ - INFO - 117 - trainer - Epoch: 108
2026/08/31 22:55:31 - __main__ - INFO - 162 - trainer - [0/257] Loss: 1.1972
2026/08/31 22:55:38 - __main__ - INFO - 162 - trainer - [52/257] Loss: 1.2513
2026/08/31 22:55:45 - __main__ - INFO - 162 - trainer - [104/257] Loss: 1.2409
2026/08/31 22:55:52 - __main__ - INFO - 162 - trainer - [156/257] Loss: 1.2476
2026/08/31 22:55:59 - __main__ - INFO - 162 - trainer - [208/257] Loss: 1.2658
2026/08/31 22:56:06 - __main__ - INFO - 167 - trainer - Average loss in epoch 108: 1.2440
2026/08/31 22:56:06 - __main__ - INFO - 117 - trainer - Epoch: 109
2026/08/31 22:56:06 - __main__ - INFO - 162 - trainer - [0/257] Loss: 1.2712
2026/08/31 22:56:13 - __main__ - INFO - 162 - trainer - [52/257] Loss: 1.2690
2026/08/31 22:56:20 - __main__ - INFO - 162 - trainer - [104/257] Loss: 1.2291
2026/08/31 22:56:27 - __main__ - INFO - 162 - trainer - [156/257] Loss: 1.2829
2026/08/31 22:56:34 - __main__ - INFO - 162 - trainer - [208/257] Loss: 1.2562
2026/08/31 22:56:40 - __main__ - INFO - 167 - trainer - Average loss in epoch 109: 1.2430
2026/08/31 22:56:40 - __main__ - INFO - 117 - trainer - Epoch: 110
2026/08/31 22:56:41 - __main__ - INFO - 162 - trainer - [0/257] Loss: 1.2486
2026/08/31 22:56:48 - __main__ - INFO - 162 - trainer - [52/257] Loss: 1.2663
2026/08/31 22:56:55 - __main__ - INFO - 162 - trainer - [104/257] Loss: 1.2398
2026/08/31 22:57:02 - __main__ - INFO - 162 - trainer - [156/257] Loss: 1.2379
2026/08/31 22:57:09 - __main__ - INFO - 162 - trainer - [208/257] Loss: 1.2193
2026/08/31 22:57:16 - __main__ - INFO - 167 - trainer - Average loss in epoch 110: 1.2430
2026/08/31 22:57:16 - __main__ - INFO - 117 - trainer - Epoch: 111
2026/08/31 22:57:16 - __main__ - INFO - 162 - trainer - [0/257] Loss: 1.2579
2026/08/31 22:57:23 - __main__ - INFO - 162 - trainer - [52/257] Loss: 1.2337
2026/08/31 22:57:30 - __main__ - INFO - 162 - trainer - [104/257] Loss: 1.2779
2026/08/31 22:57:37 - __main__ - INFO - 162 - trainer - [156/257] Loss: 1.2147
2026/08/31 22:57:44 - __main__ - INFO - 162 - trainer - [208/257] Loss: 1.2424
2026/08/31 22:57:51 - __main__ - INFO - 167 - trainer - Average loss in epoch 111: 1.2430
2026/08/31 22:57:51 - __main__ - INFO - 117 - trainer - Epoch: 112
2026/08/31 22:57:51 - __main__ - INFO - 162 - trainer - [0/257] Loss: 1.2432
2026/08/31 22:57:58 - __main__ - INFO - 162 - trainer - [52/257] Loss: 1.2510
2026/08/31 22:58:05 - __main__ - INFO - 162 - trainer - [104/257] Loss: 1.1982
2026/08/31 22:58:12 - __main__ - INFO - 162 - trainer - [156/257] Loss: 1.2404
2026/08/31 22:58:19 - __main__ - INFO - 162 - trainer - [208/257] Loss: 1.2569
2026/08/31 22:58:26 - __main__ - INFO - 167 - trainer - Average loss in epoch 112: 1.2426
2026/08/31 22:58:26 - __main__ - INFO - 117 - trainer - Epoch: 113
2026/08/31 22:58:26 - __main__ - INFO - 162 - trainer - [0/257] Loss: 1.2551
2026/08/31 22:58:33 - __main__ - INFO - 162 - trainer - [52/257] Loss: 1.2474
2026/08/31 22:58:40 - __main__ - INFO - 162 - trainer - [104/257] Loss: 1.2056
2026/08/31 22:58:47 - __main__ - INFO - 162 - trainer - [156/257] Loss: 1.2727
2026/08/31 22:58:54 - __main__ - INFO - 162 - trainer - [208/257] Loss: 1.2593
2026/08/31 22:59:01 - __main__ - INFO - 167 - trainer - Average loss in epoch 113: 1.2411
2026/08/31 22:59:01 - __main__ - INFO - 117 - trainer - Epoch: 114
2026/08/31 22:59:01 - __main__ - INFO - 162 - trainer - [0/257] Loss: 1.2776
2026/08/31 22:59:08 - __main__ - INFO - 162 - trainer - [52/257] Loss: 1.2563
2026/08/31 22:59:15 - __main__ - INFO - 162 - trainer - [104/257] Loss: 1.2550
2026/08/31 22:59:22 - __main__ - INFO - 162 - trainer - [156/257] Loss: 1.2318
2026/08/31 22:59:29 - __main__ - INFO - 162 - trainer - [208/257] Loss: 1.2635
2026/08/31 22:59:36 - __main__ - INFO - 167 - trainer - Average loss in epoch 114: 1.2407
2026/08/31 22:59:36 - __main__ - INFO - 117 - trainer - Epoch: 115
2026/08/31 22:59:36 - __main__ - INFO - 162 - trainer - [0/257] Loss: 1.2503
2026/08/31 22:59:43 - __main__ - INFO - 162 - trainer - [52/257] Loss: 1.2241
2026/08/31 22:59:50 - __main__ - INFO - 162 - trainer - [104/257] Loss: 1.2235
2026/08/31 22:59:57 - __main__ - INFO - 162 - trainer - [156/257] Loss: 1.2552
2026/08/31 23:00:04 - __main__ - INFO - 162 - trainer - [208/257] Loss: 1.2447
2026/08/31 23:00:11 - __main__ - INFO - 167 - trainer - Average loss in epoch 115: 1.2397
2026/08/31 23:00:11 - __main__ - INFO - 117 - trainer - Epoch: 116
2026/08/31 23:00:11 - __main__ - INFO - 162 - trainer - [0/257] Loss: 1.2641
2026/08/31 23:00:18 - __main__ - INFO - 162 - trainer - [52/257] Loss: 1.2397
2026/08/31 23:00:25 - __main__ - INFO - 162 - trainer - [104/257] Loss: 1.2286
2026/08/31 23:00:32 - __main__ - INFO - 162 - trainer - [156/257] Loss: 1.2905
2026/08/31 23:00:40 - __main__ - INFO - 162 - trainer - [208/257] Loss: 1.2628
2026/08/31 23:00:46 - __main__ - INFO - 167 - trainer - Average loss in epoch 116: 1.2396
2026/08/31 23:00:46 - __main__ - INFO - 117 - trainer - Epoch: 117
2026/08/31 23:00:46 - __main__ - INFO - 162 - trainer - [0/257] Loss: 1.2327
2026/08/31 23:00:53 - __main__ - INFO - 162 - trainer - [52/257] Loss: 1.2439
2026/08/31 23:01:00 - __main__ - INFO - 162 - trainer - [104/257] Loss: 1.2605
2026/08/31 23:01:08 - __main__ - INFO - 162 - trainer - [156/257] Loss: 1.2434
2026/08/31 23:01:15 - __main__ - INFO - 162 - trainer - [208/257] Loss: 1.2400
2026/08/31 23:01:21 - __main__ - INFO - 167 - trainer - Average loss in epoch 117: 1.2386
2026/08/31 23:01:21 - __main__ - INFO - 117 - trainer - Epoch: 118
2026/08/31 23:01:21 - __main__ - INFO - 162 - trainer - [0/257] Loss: 1.2202
2026/08/31 23:01:28 - __main__ - INFO - 162 - trainer - [52/257] Loss: 1.2096
2026/08/31 23:01:36 - __main__ - INFO - 162 - trainer - [104/257] Loss: 1.2294
2026/08/31 23:01:43 - __main__ - INFO - 162 - trainer - [156/257] Loss: 1.2530
2026/08/31 23:01:50 - __main__ - INFO - 162 - trainer - [208/257] Loss: 1.2540
2026/08/31 23:01:57 - __main__ - INFO - 167 - trainer - Average loss in epoch 118: 1.2388
2026/08/31 23:01:57 - __main__ - INFO - 117 - trainer - Epoch: 119
2026/08/31 23:01:57 - __main__ - INFO - 162 - trainer - [0/257] Loss: 1.2586
2026/08/31 23:02:04 - __main__ - INFO - 162 - trainer - [52/257] Loss: 1.1964
2026/08/31 23:02:11 - __main__ - INFO - 162 - trainer - [104/257] Loss: 1.2590
2026/08/31 23:02:18 - __main__ - INFO - 162 - trainer - [156/257] Loss: 1.2498
2026/08/31 23:02:25 - __main__ - INFO - 162 - trainer - [208/257] Loss: 1.2688
2026/08/31 23:02:32 - __main__ - INFO - 167 - trainer - Average loss in epoch 119: 1.2381
2026/08/31 23:02:32 - __main__ - INFO - 117 - trainer - Epoch: 120
2026/08/31 23:02:32 - __main__ - INFO - 162 - trainer - [0/257] Loss: 1.2503
2026/08/31 23:02:39 - __main__ - INFO - 162 - trainer - [52/257] Loss: 1.2228
2026/08/31 23:02:46 - __main__ - INFO - 162 - trainer - [104/257] Loss: 1.2260
2026/08/31 23:02:54 - __main__ - INFO - 162 - trainer - [156/257] Loss: 1.2090
2026/08/31 23:03:01 - __main__ - INFO - 162 - trainer - [208/257] Loss: 1.2361
2026/08/31 23:03:07 - __main__ - INFO - 167 - trainer - Average loss in epoch 120: 1.2381
2026/08/31 23:03:07 - __main__ - INFO - 173 - trainer - start predicting: 2026-08-31 23:03:07.604174
2026/08/31 23:04:01 - __main__ - INFO - 203 - trainer - {'Best_HR@5': np.float64(7.7535), 'Best_HR@10': np.float64(10.8086), 'Best_HR@20': np.float64(14.8948), 'Best_NDCG@5': np.float64(5.3888), 'Best_NDCG@10': np.float64(6.3742), 'Best_NDCG@20': np.float64(7.4013)}
2026/08/31 23:04:01 - __main__ - INFO - 204 - trainer - {'Best_epoch_HR@5': 80, 'Best_epoch_HR@10': 120, 'Best_epoch_HR@20': 120, 'Best_epoch_NDCG@5': 80, 'Best_epoch_NDCG@10': 120, 'Best_epoch_NDCG@20': 120}
2026/08/31 23:04:01 - __main__ - INFO - 117 - trainer - Epoch: 121
2026/08/31 23:04:02 - __main__ - INFO - 162 - trainer - [0/257] Loss: 1.2481
2026/08/31 23:04:08 - __main__ - INFO - 162 - trainer - [52/257] Loss: 1.2402
2026/08/31 23:04:15 - __main__ - INFO - 162 - trainer - [104/257] Loss: 1.2126
2026/08/31 23:04:22 - __main__ - INFO - 162 - trainer - [156/257] Loss: 1.2648
2026/08/31 23:04:29 - __main__ - INFO - 162 - trainer - [208/257] Loss: 1.2314
2026/08/31 23:04:35 - __main__ - INFO - 167 - trainer - Average loss in epoch 121: 1.2373
2026/08/31 23:04:35 - __main__ - INFO - 117 - trainer - Epoch: 122
2026/08/31 23:04:36 - __main__ - INFO - 162 - trainer - [0/257] Loss: 1.2159
2026/08/31 23:04:43 - __main__ - INFO - 162 - trainer - [52/257] Loss: 1.2171
2026/08/31 23:04:50 - __main__ - INFO - 162 - trainer - [104/257] Loss: 1.1901
2026/08/31 23:04:57 - __main__ - INFO - 162 - trainer - [156/257] Loss: 1.2256
2026/08/31 23:05:04 - __main__ - INFO - 162 - trainer - [208/257] Loss: 1.2581
2026/08/31 23:05:10 - __main__ - INFO - 167 - trainer - Average loss in epoch 122: 1.2355
2026/08/31 23:05:10 - __main__ - INFO - 117 - trainer - Epoch: 123
2026/08/31 23:05:10 - __main__ - INFO - 162 - trainer - [0/257] Loss: 1.2405
2026/08/31 23:05:17 - __main__ - INFO - 162 - trainer - [52/257] Loss: 1.2301
2026/08/31 23:05:24 - __main__ - INFO - 162 - trainer - [104/257] Loss: 1.2096
2026/08/31 23:05:31 - __main__ - INFO - 162 - trainer - [156/257] Loss: 1.2170
2026/08/31 23:05:38 - __main__ - INFO - 162 - trainer - [208/257] Loss: 1.2282
2026/08/31 23:05:44 - __main__ - INFO - 167 - trainer - Average loss in epoch 123: 1.2361
2026/08/31 23:05:44 - __main__ - INFO - 117 - trainer - Epoch: 124
2026/08/31 23:05:44 - __main__ - INFO - 162 - trainer - [0/257] Loss: 1.2482
2026/08/31 23:05:52 - __main__ - INFO - 162 - trainer - [52/257] Loss: 1.2292
2026/08/31 23:05:59 - __main__ - INFO - 162 - trainer - [104/257] Loss: 1.2306
2026/08/31 23:06:05 - __main__ - INFO - 162 - trainer - [156/257] Loss: 1.2437
2026/08/31 23:06:13 - __main__ - INFO - 162 - trainer - [208/257] Loss: 1.2268
2026/08/31 23:06:19 - __main__ - INFO - 167 - trainer - Average loss in epoch 124: 1.2359
2026/08/31 23:06:19 - __main__ - INFO - 117 - trainer - Epoch: 125
2026/08/31 23:06:19 - __main__ - INFO - 162 - trainer - [0/257] Loss: 1.2120
2026/08/31 23:06:26 - __main__ - INFO - 162 - trainer - [52/257] Loss: 1.2003
2026/08/31 23:06:33 - __main__ - INFO - 162 - trainer - [104/257] Loss: 1.2436
2026/08/31 23:06:40 - __main__ - INFO - 162 - trainer - [156/257] Loss: 1.2192
2026/08/31 23:06:47 - __main__ - INFO - 162 - trainer - [208/257] Loss: 1.2233
2026/08/31 23:06:54 - __main__ - INFO - 167 - trainer - Average loss in epoch 125: 1.2341
2026/08/31 23:06:54 - __main__ - INFO - 117 - trainer - Epoch: 126
2026/08/31 23:06:54 - __main__ - INFO - 162 - trainer - [0/257] Loss: 1.2133
2026/08/31 23:07:01 - __main__ - INFO - 162 - trainer - [52/257] Loss: 1.2596
2026/08/31 23:07:08 - __main__ - INFO - 162 - trainer - [104/257] Loss: 1.2254
2026/08/31 23:07:15 - __main__ - INFO - 162 - trainer - [156/257] Loss: 1.2651
2026/08/31 23:07:22 - __main__ - INFO - 162 - trainer - [208/257] Loss: 1.2349
2026/08/31 23:07:28 - __main__ - INFO - 167 - trainer - Average loss in epoch 126: 1.2365
2026/08/31 23:07:28 - __main__ - INFO - 117 - trainer - Epoch: 127
2026/08/31 23:07:28 - __main__ - INFO - 162 - trainer - [0/257] Loss: 1.2412
2026/08/31 23:07:35 - __main__ - INFO - 162 - trainer - [52/257] Loss: 1.2317
2026/08/31 23:07:42 - __main__ - INFO - 162 - trainer - [104/257] Loss: 1.2389
2026/08/31 23:07:49 - __main__ - INFO - 162 - trainer - [156/257] Loss: 1.2302
2026/08/31 23:07:56 - __main__ - INFO - 162 - trainer - [208/257] Loss: 1.2403
2026/08/31 23:08:02 - __main__ - INFO - 167 - trainer - Average loss in epoch 127: 1.2346
2026/08/31 23:08:02 - __main__ - INFO - 117 - trainer - Epoch: 128
2026/08/31 23:08:03 - __main__ - INFO - 162 - trainer - [0/257] Loss: 1.2585
2026/08/31 23:08:09 - __main__ - INFO - 162 - trainer - [52/257] Loss: 1.1971
2026/08/31 23:08:16 - __main__ - INFO - 162 - trainer - [104/257] Loss: 1.2446
2026/08/31 23:08:23 - __main__ - INFO - 162 - trainer - [156/257] Loss: 1.2385
2026/08/31 23:08:30 - __main__ - INFO - 162 - trainer - [208/257] Loss: 1.2444
2026/08/31 23:08:37 - __main__ - INFO - 167 - trainer - Average loss in epoch 128: 1.2342
2026/08/31 23:08:37 - __main__ - INFO - 117 - trainer - Epoch: 129
2026/08/31 23:08:37 - __main__ - INFO - 162 - trainer - [0/257] Loss: 1.2553
2026/08/31 23:08:44 - __main__ - INFO - 162 - trainer - [52/257] Loss: 1.2316
2026/08/31 23:08:51 - __main__ - INFO - 162 - trainer - [104/257] Loss: 1.2626
2026/08/31 23:08:58 - __main__ - INFO - 162 - trainer - [156/257] Loss: 1.2547
2026/08/31 23:09:05 - __main__ - INFO - 162 - trainer - [208/257] Loss: 1.2080
2026/08/31 23:09:11 - __main__ - INFO - 167 - trainer - Average loss in epoch 129: 1.2323
2026/08/31 23:09:11 - __main__ - INFO - 117 - trainer - Epoch: 130
2026/08/31 23:09:11 - __main__ - INFO - 162 - trainer - [0/257] Loss: 1.2221
2026/08/31 23:09:18 - __main__ - INFO - 162 - trainer - [52/257] Loss: 1.2586
2026/08/31 23:09:26 - __main__ - INFO - 162 - trainer - [104/257] Loss: 1.2358
2026/08/31 23:09:33 - __main__ - INFO - 162 - trainer - [156/257] Loss: 1.2641
2026/08/31 23:09:40 - __main__ - INFO - 162 - trainer - [208/257] Loss: 1.2330
2026/08/31 23:09:46 - __main__ - INFO - 167 - trainer - Average loss in epoch 130: 1.2331
2026/08/31 23:09:46 - __main__ - INFO - 117 - trainer - Epoch: 131
2026/08/31 23:09:46 - __main__ - INFO - 162 - trainer - [0/257] Loss: 1.2409
2026/08/31 23:09:53 - __main__ - INFO - 162 - trainer - [52/257] Loss: 1.2455
2026/08/31 23:10:00 - __main__ - INFO - 162 - trainer - [104/257] Loss: 1.2283
2026/08/31 23:10:07 - __main__ - INFO - 162 - trainer - [156/257] Loss: 1.2153
2026/08/31 23:10:14 - __main__ - INFO - 162 - trainer - [208/257] Loss: 1.2155
2026/08/31 23:10:20 - __main__ - INFO - 167 - trainer - Average loss in epoch 131: 1.2337
2026/08/31 23:10:20 - __main__ - INFO - 117 - trainer - Epoch: 132
2026/08/31 23:10:20 - __main__ - INFO - 162 - trainer - [0/257] Loss: 1.2592
2026/08/31 23:10:27 - __main__ - INFO - 162 - trainer - [52/257] Loss: 1.2303
2026/08/31 23:10:34 - __main__ - INFO - 162 - trainer - [104/257] Loss: 1.2228
2026/08/31 23:10:41 - __main__ - INFO - 162 - trainer - [156/257] Loss: 1.2361
2026/08/31 23:10:48 - __main__ - INFO - 162 - trainer - [208/257] Loss: 1.2387
2026/08/31 23:10:55 - __main__ - INFO - 167 - trainer - Average loss in epoch 132: 1.2322
2026/08/31 23:10:55 - __main__ - INFO - 117 - trainer - Epoch: 133
2026/08/31 23:10:55 - __main__ - INFO - 162 - trainer - [0/257] Loss: 1.2260
2026/08/31 23:11:02 - __main__ - INFO - 162 - trainer - [52/257] Loss: 1.2056
2026/08/31 23:11:09 - __main__ - INFO - 162 - trainer - [104/257] Loss: 1.2257
2026/08/31 23:11:16 - __main__ - INFO - 162 - trainer - [156/257] Loss: 1.2469
2026/08/31 23:11:23 - __main__ - INFO - 162 - trainer - [208/257] Loss: 1.2124
2026/08/31 23:11:29 - __main__ - INFO - 167 - trainer - Average loss in epoch 133: 1.2325
2026/08/31 23:11:29 - __main__ - INFO - 117 - trainer - Epoch: 134
2026/08/31 23:11:30 - __main__ - INFO - 162 - trainer - [0/257] Loss: 1.2028
2026/08/31 23:11:37 - __main__ - INFO - 162 - trainer - [52/257] Loss: 1.2623
2026/08/31 23:11:44 - __main__ - INFO - 162 - trainer - [104/257] Loss: 1.2454
2026/08/31 23:11:51 - __main__ - INFO - 162 - trainer - [156/257] Loss: 1.2421
2026/08/31 23:11:57 - __main__ - INFO - 162 - trainer - [208/257] Loss: 1.2257
2026/08/31 23:12:04 - __main__ - INFO - 167 - trainer - Average loss in epoch 134: 1.2307
2026/08/31 23:12:04 - __main__ - INFO - 117 - trainer - Epoch: 135
2026/08/31 23:12:04 - __main__ - INFO - 162 - trainer - [0/257] Loss: 1.2420
2026/08/31 23:12:11 - __main__ - INFO - 162 - trainer - [52/257] Loss: 1.2038
2026/08/31 23:12:18 - __main__ - INFO - 162 - trainer - [104/257] Loss: 1.2027
2026/08/31 23:12:25 - __main__ - INFO - 162 - trainer - [156/257] Loss: 1.2258
2026/08/31 23:12:32 - __main__ - INFO - 162 - trainer - [208/257] Loss: 1.2180
2026/08/31 23:12:38 - __main__ - INFO - 167 - trainer - Average loss in epoch 135: 1.2314
2026/08/31 23:12:38 - __main__ - INFO - 117 - trainer - Epoch: 136
2026/08/31 23:12:38 - __main__ - INFO - 162 - trainer - [0/257] Loss: 1.2515
2026/08/31 23:12:45 - __main__ - INFO - 162 - trainer - [52/257] Loss: 1.1806
2026/08/31 23:12:52 - __main__ - INFO - 162 - trainer - [104/257] Loss: 1.2220
2026/08/31 23:13:00 - __main__ - INFO - 162 - trainer - [156/257] Loss: 1.2077
2026/08/31 23:13:06 - __main__ - INFO - 162 - trainer - [208/257] Loss: 1.2144
2026/08/31 23:13:13 - __main__ - INFO - 167 - trainer - Average loss in epoch 136: 1.2301
2026/08/31 23:13:13 - __main__ - INFO - 117 - trainer - Epoch: 137
2026/08/31 23:13:13 - __main__ - INFO - 162 - trainer - [0/257] Loss: 1.2414
2026/08/31 23:13:20 - __main__ - INFO - 162 - trainer - [52/257] Loss: 1.2030
2026/08/31 23:13:27 - __main__ - INFO - 162 - trainer - [104/257] Loss: 1.2293
2026/08/31 23:13:34 - __main__ - INFO - 162 - trainer - [156/257] Loss: 1.2368
2026/08/31 23:13:41 - __main__ - INFO - 162 - trainer - [208/257] Loss: 1.2279
2026/08/31 23:13:47 - __main__ - INFO - 167 - trainer - Average loss in epoch 137: 1.2289
2026/08/31 23:13:47 - __main__ - INFO - 117 - trainer - Epoch: 138
2026/08/31 23:13:48 - __main__ - INFO - 162 - trainer - [0/257] Loss: 1.2242
2026/08/31 23:13:55 - __main__ - INFO - 162 - trainer - [52/257] Loss: 1.2304
2026/08/31 23:14:02 - __main__ - INFO - 162 - trainer - [104/257] Loss: 1.2199
2026/08/31 23:14:09 - __main__ - INFO - 162 - trainer - [156/257] Loss: 1.1895
2026/08/31 23:14:16 - __main__ - INFO - 162 - trainer - [208/257] Loss: 1.2067
2026/08/31 23:14:22 - __main__ - INFO - 167 - trainer - Average loss in epoch 138: 1.2292
2026/08/31 23:14:22 - __main__ - INFO - 117 - trainer - Epoch: 139
2026/08/31 23:14:22 - __main__ - INFO - 162 - trainer - [0/257] Loss: 1.2352
2026/08/31 23:14:29 - __main__ - INFO - 162 - trainer - [52/257] Loss: 1.2568
2026/08/31 23:14:36 - __main__ - INFO - 162 - trainer - [104/257] Loss: 1.2422
2026/08/31 23:14:43 - __main__ - INFO - 162 - trainer - [156/257] Loss: 1.2240
2026/08/31 23:14:50 - __main__ - INFO - 162 - trainer - [208/257] Loss: 1.2463
2026/08/31 23:14:56 - __main__ - INFO - 167 - trainer - Average loss in epoch 139: 1.2300
2026/08/31 23:14:56 - __main__ - INFO - 117 - trainer - Epoch: 140
2026/08/31 23:14:57 - __main__ - INFO - 162 - trainer - [0/257] Loss: 1.2317
2026/08/31 23:15:03 - __main__ - INFO - 162 - trainer - [52/257] Loss: 1.2560
2026/08/31 23:15:11 - __main__ - INFO - 162 - trainer - [104/257] Loss: 1.1865
2026/08/31 23:15:18 - __main__ - INFO - 162 - trainer - [156/257] Loss: 1.2344
2026/08/31 23:15:25 - __main__ - INFO - 162 - trainer - [208/257] Loss: 1.2334
2026/08/31 23:15:31 - __main__ - INFO - 167 - trainer - Average loss in epoch 140: 1.2284
2026/08/31 23:15:31 - __main__ - INFO - 173 - trainer - start predicting: 2026-08-31 23:15:31.436680
2026/08/31 23:16:26 - __main__ - INFO - 203 - trainer - {'Best_HR@5': np.float64(7.7535), 'Best_HR@10': np.float64(10.8086), 'Best_HR@20': np.float64(14.8948), 'Best_NDCG@5': np.float64(5.398), 'Best_NDCG@10': np.float64(6.3742), 'Best_NDCG@20': np.float64(7.4085)}
2026/08/31 23:16:26 - __main__ - INFO - 204 - trainer - {'Best_epoch_HR@5': 80, 'Best_epoch_HR@10': 120, 'Best_epoch_HR@20': 120, 'Best_epoch_NDCG@5': 140, 'Best_epoch_NDCG@10': 120, 'Best_epoch_NDCG@20': 140}
2026/08/31 23:16:26 - __main__ - INFO - 117 - trainer - Epoch: 141
2026/08/31 23:16:26 - __main__ - INFO - 162 - trainer - [0/257] Loss: 1.2361
2026/08/31 23:16:33 - __main__ - INFO - 162 - trainer - [52/257] Loss: 1.2571
2026/08/31 23:16:40 - __main__ - INFO - 162 - trainer - [104/257] Loss: 1.2279
2026/08/31 23:16:47 - __main__ - INFO - 162 - trainer - [156/257] Loss: 1.2144
2026/08/31 23:16:54 - __main__ - INFO - 162 - trainer - [208/257] Loss: 1.2236
2026/08/31 23:17:00 - __main__ - INFO - 167 - trainer - Average loss in epoch 141: 1.2276
2026/08/31 23:17:00 - __main__ - INFO - 117 - trainer - Epoch: 142
2026/08/31 23:17:00 - __main__ - INFO - 162 - trainer - [0/257] Loss: 1.1910
2026/08/31 23:17:07 - __main__ - INFO - 162 - trainer - [52/257] Loss: 1.2174
2026/08/31 23:17:14 - __main__ - INFO - 162 - trainer - [104/257] Loss: 1.2321
2026/08/31 23:17:21 - __main__ - INFO - 162 - trainer - [156/257] Loss: 1.2107
2026/08/31 23:17:28 - __main__ - INFO - 162 - trainer - [208/257] Loss: 1.2611
2026/08/31 23:17:34 - __main__ - INFO - 167 - trainer - Average loss in epoch 142: 1.2271
2026/08/31 23:17:34 - __main__ - INFO - 117 - trainer - Epoch: 143
2026/08/31 23:17:35 - __main__ - INFO - 162 - trainer - [0/257] Loss: 1.2115
2026/08/31 23:17:41 - __main__ - INFO - 162 - trainer - [52/257] Loss: 1.2525
2026/08/31 23:17:48 - __main__ - INFO - 162 - trainer - [104/257] Loss: 1.1897
2026/08/31 23:17:55 - __main__ - INFO - 162 - trainer - [156/257] Loss: 1.2556
2026/08/31 23:18:02 - __main__ - INFO - 162 - trainer - [208/257] Loss: 1.2176
2026/08/31 23:18:08 - __main__ - INFO - 167 - trainer - Average loss in epoch 143: 1.2269
2026/08/31 23:18:08 - __main__ - INFO - 117 - trainer - Epoch: 144
2026/08/31 23:18:08 - __main__ - INFO - 162 - trainer - [0/257] Loss: 1.2301
2026/08/31 23:18:15 - __main__ - INFO - 162 - trainer - [52/257] Loss: 1.2234
2026/08/31 23:18:22 - __main__ - INFO - 162 - trainer - [104/257] Loss: 1.2462
2026/08/31 23:18:29 - __main__ - INFO - 162 - trainer - [156/257] Loss: 1.2108
2026/08/31 23:18:36 - __main__ - INFO - 162 - trainer - [208/257] Loss: 1.2626
2026/08/31 23:18:42 - __main__ - INFO - 167 - trainer - Average loss in epoch 144: 1.2269
2026/08/31 23:18:42 - __main__ - INFO - 117 - trainer - Epoch: 145
2026/08/31 23:18:43 - __main__ - INFO - 162 - trainer - [0/257] Loss: 1.2098
2026/08/31 23:18:49 - __main__ - INFO - 162 - trainer - [52/257] Loss: 1.2232
2026/08/31 23:18:56 - __main__ - INFO - 162 - trainer - [104/257] Loss: 1.2313
2026/08/31 23:19:03 - __main__ - INFO - 162 - trainer - [156/257] Loss: 1.2245
2026/08/31 23:19:10 - __main__ - INFO - 162 - trainer - [208/257] Loss: 1.2474
2026/08/31 23:19:16 - __main__ - INFO - 167 - trainer - Average loss in epoch 145: 1.2268
2026/08/31 23:19:16 - __main__ - INFO - 117 - trainer - Epoch: 146
2026/08/31 23:19:16 - __main__ - INFO - 162 - trainer - [0/257] Loss: 1.2024
2026/08/31 23:19:23 - __main__ - INFO - 162 - trainer - [52/257] Loss: 1.2361
2026/08/31 23:19:30 - __main__ - INFO - 162 - trainer - [104/257] Loss: 1.2231
2026/08/31 23:19:37 - __main__ - INFO - 162 - trainer - [156/257] Loss: 1.2221
2026/08/31 23:19:44 - __main__ - INFO - 162 - trainer - [208/257] Loss: 1.2368
2026/08/31 23:19:50 - __main__ - INFO - 167 - trainer - Average loss in epoch 146: 1.2264
2026/08/31 23:19:50 - __main__ - INFO - 117 - trainer - Epoch: 147
2026/08/31 23:19:51 - __main__ - INFO - 162 - trainer - [0/257] Loss: 1.2261
2026/08/31 23:19:57 - __main__ - INFO - 162 - trainer - [52/257] Loss: 1.2146
2026/08/31 23:20:04 - __main__ - INFO - 162 - trainer - [104/257] Loss: 1.2474
2026/08/31 23:20:11 - __main__ - INFO - 162 - trainer - [156/257] Loss: 1.2107
2026/08/31 23:20:18 - __main__ - INFO - 162 - trainer - [208/257] Loss: 1.2388
2026/08/31 23:20:24 - __main__ - INFO - 167 - trainer - Average loss in epoch 147: 1.2262
2026/08/31 23:20:24 - __main__ - INFO - 117 - trainer - Epoch: 148
2026/08/31 23:20:25 - __main__ - INFO - 162 - trainer - [0/257] Loss: 1.2068
2026/08/31 23:20:31 - __main__ - INFO - 162 - trainer - [52/257] Loss: 1.2610
2026/08/31 23:20:38 - __main__ - INFO - 162 - trainer - [104/257] Loss: 1.1962
2026/08/31 23:20:45 - __main__ - INFO - 162 - trainer - [156/257] Loss: 1.2303
2026/08/31 23:20:52 - __main__ - INFO - 162 - trainer - [208/257] Loss: 1.2399
2026/08/31 23:20:58 - __main__ - INFO - 167 - trainer - Average loss in epoch 148: 1.2251
2026/08/31 23:20:58 - __main__ - INFO - 117 - trainer - Epoch: 149
2026/08/31 23:20:58 - __main__ - INFO - 162 - trainer - [0/257] Loss: 1.2259
2026/08/31 23:21:05 - __main__ - INFO - 162 - trainer - [52/257] Loss: 1.2346
2026/08/31 23:21:12 - __main__ - INFO - 162 - trainer - [104/257] Loss: 1.2221
2026/08/31 23:21:19 - __main__ - INFO - 162 - trainer - [156/257] Loss: 1.2611
2026/08/31 23:21:26 - __main__ - INFO - 162 - trainer - [208/257] Loss: 1.2072
2026/08/31 23:21:32 - __main__ - INFO - 167 - trainer - Average loss in epoch 149: 1.2245
2026/08/31 23:21:32 - __main__ - INFO - 117 - trainer - Epoch: 150
2026/08/31 23:21:32 - __main__ - INFO - 162 - trainer - [0/257] Loss: 1.2403
2026/08/31 23:21:39 - __main__ - INFO - 162 - trainer - [52/257] Loss: 1.2568
2026/08/31 23:21:46 - __main__ - INFO - 162 - trainer - [104/257] Loss: 1.1935
2026/08/31 23:21:53 - __main__ - INFO - 162 - trainer - [156/257] Loss: 1.2506
2026/08/31 23:22:00 - __main__ - INFO - 162 - trainer - [208/257] Loss: 1.2333
2026/08/31 23:22:06 - __main__ - INFO - 167 - trainer - Average loss in epoch 150: 1.2244
2026/08/31 23:22:06 - __main__ - INFO - 117 - trainer - Epoch: 151
2026/08/31 23:22:06 - __main__ - INFO - 162 - trainer - [0/257] Loss: 1.1785
2026/08/31 23:22:13 - __main__ - INFO - 162 - trainer - [52/257] Loss: 1.2388
2026/08/31 23:22:20 - __main__ - INFO - 162 - trainer - [104/257] Loss: 1.2168
2026/08/31 23:22:27 - __main__ - INFO - 162 - trainer - [156/257] Loss: 1.2671
2026/08/31 23:22:34 - __main__ - INFO - 162 - trainer - [208/257] Loss: 1.2607
2026/08/31 23:22:40 - __main__ - INFO - 167 - trainer - Average loss in epoch 151: 1.2243
2026/08/31 23:22:40 - __main__ - INFO - 117 - trainer - Epoch: 152
2026/08/31 23:22:40 - __main__ - INFO - 162 - trainer - [0/257] Loss: 1.2321
2026/08/31 23:22:47 - __main__ - INFO - 162 - trainer - [52/257] Loss: 1.2254
2026/08/31 23:22:54 - __main__ - INFO - 162 - trainer - [104/257] Loss: 1.2615
2026/08/31 23:23:01 - __main__ - INFO - 162 - trainer - [156/257] Loss: 1.2372
2026/08/31 23:23:07 - __main__ - INFO - 162 - trainer - [208/257] Loss: 1.2082
2026/08/31 23:23:14 - __main__ - INFO - 167 - trainer - Average loss in epoch 152: 1.2228
2026/08/31 23:23:14 - __main__ - INFO - 117 - trainer - Epoch: 153
2026/08/31 23:23:14 - __main__ - INFO - 162 - trainer - [0/257] Loss: 1.2037
2026/08/31 23:23:21 - __main__ - INFO - 162 - trainer - [52/257] Loss: 1.2340
2026/08/31 23:23:28 - __main__ - INFO - 162 - trainer - [104/257] Loss: 1.2432
2026/08/31 23:23:35 - __main__ - INFO - 162 - trainer - [156/257] Loss: 1.2576
2026/08/31 23:23:41 - __main__ - INFO - 162 - trainer - [208/257] Loss: 1.2199
2026/08/31 23:23:48 - __main__ - INFO - 167 - trainer - Average loss in epoch 153: 1.2237
2026/08/31 23:23:48 - __main__ - INFO - 117 - trainer - Epoch: 154
2026/08/31 23:23:48 - __main__ - INFO - 162 - trainer - [0/257] Loss: 1.2127
2026/08/31 23:23:55 - __main__ - INFO - 162 - trainer - [52/257] Loss: 1.2238
2026/08/31 23:24:02 - __main__ - INFO - 162 - trainer - [104/257] Loss: 1.2261
2026/08/31 23:24:09 - __main__ - INFO - 162 - trainer - [156/257] Loss: 1.2133
2026/08/31 23:24:16 - __main__ - INFO - 162 - trainer - [208/257] Loss: 1.2283
2026/08/31 23:24:22 - __main__ - INFO - 167 - trainer - Average loss in epoch 154: 1.2233
2026/08/31 23:24:22 - __main__ - INFO - 117 - trainer - Epoch: 155
2026/08/31 23:24:22 - __main__ - INFO - 162 - trainer - [0/257] Loss: 1.1988
2026/08/31 23:24:29 - __main__ - INFO - 162 - trainer - [52/257] Loss: 1.2223
2026/08/31 23:24:36 - __main__ - INFO - 162 - trainer - [104/257] Loss: 1.1875
2026/08/31 23:24:43 - __main__ - INFO - 162 - trainer - [156/257] Loss: 1.2331
2026/08/31 23:24:50 - __main__ - INFO - 162 - trainer - [208/257] Loss: 1.2406
2026/08/31 23:24:56 - __main__ - INFO - 167 - trainer - Average loss in epoch 155: 1.2221
2026/08/31 23:24:56 - __main__ - INFO - 117 - trainer - Epoch: 156
2026/08/31 23:24:56 - __main__ - INFO - 162 - trainer - [0/257] Loss: 1.2264
2026/08/31 23:25:03 - __main__ - INFO - 162 - trainer - [52/257] Loss: 1.2064
2026/08/31 23:25:10 - __main__ - INFO - 162 - trainer - [104/257] Loss: 1.2378
2026/08/31 23:25:17 - __main__ - INFO - 162 - trainer - [156/257] Loss: 1.2251
2026/08/31 23:25:24 - __main__ - INFO - 162 - trainer - [208/257] Loss: 1.2416
2026/08/31 23:25:30 - __main__ - INFO - 167 - trainer - Average loss in epoch 156: 1.2218
2026/08/31 23:25:30 - __main__ - INFO - 117 - trainer - Epoch: 157
2026/08/31 23:25:31 - __main__ - INFO - 162 - trainer - [0/257] Loss: 1.2069
2026/08/31 23:25:37 - __main__ - INFO - 162 - trainer - [52/257] Loss: 1.2219
2026/08/31 23:25:44 - __main__ - INFO - 162 - trainer - [104/257] Loss: 1.2026
2026/08/31 23:25:51 - __main__ - INFO - 162 - trainer - [156/257] Loss: 1.2181
2026/08/31 23:25:58 - __main__ - INFO - 162 - trainer - [208/257] Loss: 1.2200
2026/08/31 23:26:04 - __main__ - INFO - 167 - trainer - Average loss in epoch 157: 1.2226
2026/08/31 23:26:04 - __main__ - INFO - 117 - trainer - Epoch: 158
2026/08/31 23:26:04 - __main__ - INFO - 162 - trainer - [0/257] Loss: 1.1782
2026/08/31 23:26:11 - __main__ - INFO - 162 - trainer - [52/257] Loss: 1.1984
2026/08/31 23:26:18 - __main__ - INFO - 162 - trainer - [104/257] Loss: 1.2046
2026/08/31 23:26:25 - __main__ - INFO - 162 - trainer - [156/257] Loss: 1.2085
2026/08/31 23:26:32 - __main__ - INFO - 162 - trainer - [208/257] Loss: 1.1908
2026/08/31 23:26:38 - __main__ - INFO - 167 - trainer - Average loss in epoch 158: 1.2228
2026/08/31 23:26:38 - __main__ - INFO - 117 - trainer - Epoch: 159
2026/08/31 23:26:39 - __main__ - INFO - 162 - trainer - [0/257] Loss: 1.2111
2026/08/31 23:26:46 - __main__ - INFO - 162 - trainer - [52/257] Loss: 1.2272
2026/08/31 23:26:52 - __main__ - INFO - 162 - trainer - [104/257] Loss: 1.2277
2026/08/31 23:26:59 - __main__ - INFO - 162 - trainer - [156/257] Loss: 1.2305
2026/08/31 23:27:06 - __main__ - INFO - 162 - trainer - [208/257] Loss: 1.2457
2026/08/31 23:27:13 - __main__ - INFO - 167 - trainer - Average loss in epoch 159: 1.2210
2026/08/31 23:27:13 - __main__ - INFO - 117 - trainer - Epoch: 160
2026/08/31 23:27:13 - __main__ - INFO - 162 - trainer - [0/257] Loss: 1.2195
2026/08/31 23:27:20 - __main__ - INFO - 162 - trainer - [52/257] Loss: 1.2203
2026/08/31 23:27:26 - __main__ - INFO - 162 - trainer - [104/257] Loss: 1.1952
2026/08/31 23:27:33 - __main__ - INFO - 162 - trainer - [156/257] Loss: 1.2149
2026/08/31 23:27:40 - __main__ - INFO - 162 - trainer - [208/257] Loss: 1.2028
2026/08/31 23:27:46 - __main__ - INFO - 167 - trainer - Average loss in epoch 160: 1.2216
2026/08/31 23:27:46 - __main__ - INFO - 173 - trainer - start predicting: 2026-08-31 23:27:46.883247
2026/08/31 23:28:48 - __main__ - INFO - 203 - trainer - {'Best_HR@5': np.float64(7.7535), 'Best_HR@10': np.float64(10.8086), 'Best_HR@20': np.float64(14.8969), 'Best_NDCG@5': np.float64(5.398), 'Best_NDCG@10': np.float64(6.3742), 'Best_NDCG@20': np.float64(7.4177)}
2026/08/31 23:28:48 - __main__ - INFO - 204 - trainer - {'Best_epoch_HR@5': 80, 'Best_epoch_HR@10': 120, 'Best_epoch_HR@20': 160, 'Best_epoch_NDCG@5': 140, 'Best_epoch_NDCG@10': 120, 'Best_epoch_NDCG@20': 160}
2026/08/31 23:28:48 - __main__ - INFO - 117 - trainer - Epoch: 161
2026/08/31 23:28:48 - __main__ - INFO - 162 - trainer - [0/257] Loss: 1.1850
2026/08/31 23:28:55 - __main__ - INFO - 162 - trainer - [52/257] Loss: 1.2640
2026/08/31 23:29:02 - __main__ - INFO - 162 - trainer - [104/257] Loss: 1.2078
2026/08/31 23:29:08 - __main__ - INFO - 162 - trainer - [156/257] Loss: 1.2505
2026/08/31 23:29:15 - __main__ - INFO - 162 - trainer - [208/257] Loss: 1.2173
2026/08/31 23:29:22 - __main__ - INFO - 167 - trainer - Average loss in epoch 161: 1.2203
2026/08/31 23:29:22 - __main__ - INFO - 117 - trainer - Epoch: 162
2026/08/31 23:29:22 - __main__ - INFO - 162 - trainer - [0/257] Loss: 1.2333
2026/08/31 23:29:29 - __main__ - INFO - 162 - trainer - [52/257] Loss: 1.2018
2026/08/31 23:29:36 - __main__ - INFO - 162 - trainer - [104/257] Loss: 1.1998
2026/08/31 23:29:43 - __main__ - INFO - 162 - trainer - [156/257] Loss: 1.2230
2026/08/31 23:29:50 - __main__ - INFO - 162 - trainer - [208/257] Loss: 1.2658
2026/08/31 23:29:57 - __main__ - INFO - 167 - trainer - Average loss in epoch 162: 1.2203
2026/08/31 23:29:57 - __main__ - INFO - 117 - trainer - Epoch: 163
2026/08/31 23:29:57 - __main__ - INFO - 162 - trainer - [0/257] Loss: 1.2513
2026/08/31 23:30:04 - __main__ - INFO - 162 - trainer - [52/257] Loss: 1.2377
2026/08/31 23:30:11 - __main__ - INFO - 162 - trainer - [104/257] Loss: 1.1900
2026/08/31 23:30:18 - __main__ - INFO - 162 - trainer - [156/257] Loss: 1.1981
2026/08/31 23:30:25 - __main__ - INFO - 162 - trainer - [208/257] Loss: 1.2501
2026/08/31 23:30:31 - __main__ - INFO - 167 - trainer - Average loss in epoch 163: 1.2192
2026/08/31 23:30:31 - __main__ - INFO - 117 - trainer - Epoch: 164
2026/08/31 23:30:32 - __main__ - INFO - 162 - trainer - [0/257] Loss: 1.2346
2026/08/31 23:30:39 - __main__ - INFO - 162 - trainer - [52/257] Loss: 1.2469
2026/08/31 23:30:46 - __main__ - INFO - 162 - trainer - [104/257] Loss: 1.2070
2026/08/31 23:30:53 - __main__ - INFO - 162 - trainer - [156/257] Loss: 1.1819
2026/08/31 23:31:00 - __main__ - INFO - 162 - trainer - [208/257] Loss: 1.2389
2026/08/31 23:31:07 - __main__ - INFO - 167 - trainer - Average loss in epoch 164: 1.2191
2026/08/31 23:31:07 - __main__ - INFO - 117 - trainer - Epoch: 165
2026/08/31 23:31:07 - __main__ - INFO - 162 - trainer - [0/257] Loss: 1.2166
2026/08/31 23:31:14 - __main__ - INFO - 162 - trainer - [52/257] Loss: 1.2053
2026/08/31 23:31:21 - __main__ - INFO - 162 - trainer - [104/257] Loss: 1.2088
2026/08/31 23:31:28 - __main__ - INFO - 162 - trainer - [156/257] Loss: 1.2011
2026/08/31 23:31:35 - __main__ - INFO - 162 - trainer - [208/257] Loss: 1.1983
2026/08/31 23:31:41 - __main__ - INFO - 167 - trainer - Average loss in epoch 165: 1.2194
2026/08/31 23:31:41 - __main__ - INFO - 117 - trainer - Epoch: 166
2026/08/31 23:31:42 - __main__ - INFO - 162 - trainer - [0/257] Loss: 1.2094
2026/08/31 23:31:49 - __main__ - INFO - 162 - trainer - [52/257] Loss: 1.2295
2026/08/31 23:31:56 - __main__ - INFO - 162 - trainer - [104/257] Loss: 1.2476
2026/08/31 23:32:03 - __main__ - INFO - 162 - trainer - [156/257] Loss: 1.2107
2026/08/31 23:32:10 - __main__ - INFO - 162 - trainer - [208/257] Loss: 1.2438
2026/08/31 23:32:16 - __main__ - INFO - 167 - trainer - Average loss in epoch 166: 1.2185
2026/08/31 23:32:16 - __main__ - INFO - 117 - trainer - Epoch: 167
2026/08/31 23:32:17 - __main__ - INFO - 162 - trainer - [0/257] Loss: 1.1964
2026/08/31 23:32:24 - __main__ - INFO - 162 - trainer - [52/257] Loss: 1.2483
2026/08/31 23:32:31 - __main__ - INFO - 162 - trainer - [104/257] Loss: 1.2262
2026/08/31 23:32:38 - __main__ - INFO - 162 - trainer - [156/257] Loss: 1.1927
2026/08/31 23:32:45 - __main__ - INFO - 162 - trainer - [208/257] Loss: 1.2426
2026/08/31 23:32:51 - __main__ - INFO - 167 - trainer - Average loss in epoch 167: 1.2178
2026/08/31 23:32:51 - __main__ - INFO - 117 - trainer - Epoch: 168
2026/08/31 23:32:52 - __main__ - INFO - 162 - trainer - [0/257] Loss: 1.2179
2026/08/31 23:32:59 - __main__ - INFO - 162 - trainer - [52/257] Loss: 1.2176
2026/08/31 23:33:06 - __main__ - INFO - 162 - trainer - [104/257] Loss: 1.2290
2026/08/31 23:33:13 - __main__ - INFO - 162 - trainer - [156/257] Loss: 1.1819
2026/08/31 23:33:20 - __main__ - INFO - 162 - trainer - [208/257] Loss: 1.2316
2026/08/31 23:33:26 - __main__ - INFO - 167 - trainer - Average loss in epoch 168: 1.2180
2026/08/31 23:33:26 - __main__ - INFO - 117 - trainer - Epoch: 169
2026/08/31 23:33:26 - __main__ - INFO - 162 - trainer - [0/257] Loss: 1.2242
2026/08/31 23:33:33 - __main__ - INFO - 162 - trainer - [52/257] Loss: 1.2261
2026/08/31 23:33:40 - __main__ - INFO - 162 - trainer - [104/257] Loss: 1.2312
2026/08/31 23:33:47 - __main__ - INFO - 162 - trainer - [156/257] Loss: 1.2303
2026/08/31 23:33:54 - __main__ - INFO - 162 - trainer - [208/257] Loss: 1.2339
2026/08/31 23:34:00 - __main__ - INFO - 167 - trainer - Average loss in epoch 169: 1.2182
2026/08/31 23:34:00 - __main__ - INFO - 117 - trainer - Epoch: 170
2026/08/31 23:34:00 - __main__ - INFO - 162 - trainer - [0/257] Loss: 1.2377
2026/08/31 23:34:07 - __main__ - INFO - 162 - trainer - [52/257] Loss: 1.1989
2026/08/31 23:34:14 - __main__ - INFO - 162 - trainer - [104/257] Loss: 1.1913
2026/08/31 23:34:22 - __main__ - INFO - 162 - trainer - [156/257] Loss: 1.2773
2026/08/31 23:34:29 - __main__ - INFO - 162 - trainer - [208/257] Loss: 1.2240
2026/08/31 23:34:35 - __main__ - INFO - 167 - trainer - Average loss in epoch 170: 1.2180
2026/08/31 23:34:35 - __main__ - INFO - 117 - trainer - Epoch: 171
2026/08/31 23:34:35 - __main__ - INFO - 162 - trainer - [0/257] Loss: 1.1989
2026/08/31 23:34:42 - __main__ - INFO - 162 - trainer - [52/257] Loss: 1.1932
2026/08/31 23:34:49 - __main__ - INFO - 162 - trainer - [104/257] Loss: 1.1899
2026/08/31 23:34:56 - __main__ - INFO - 162 - trainer - [156/257] Loss: 1.2171
2026/08/31 23:35:04 - __main__ - INFO - 162 - trainer - [208/257] Loss: 1.2018
2026/08/31 23:35:10 - __main__ - INFO - 167 - trainer - Average loss in epoch 171: 1.2178
2026/08/31 23:35:10 - __main__ - INFO - 117 - trainer - Epoch: 172
2026/08/31 23:35:10 - __main__ - INFO - 162 - trainer - [0/257] Loss: 1.2255
2026/08/31 23:35:17 - __main__ - INFO - 162 - trainer - [52/257] Loss: 1.2358
2026/08/31 23:35:24 - __main__ - INFO - 162 - trainer - [104/257] Loss: 1.1885
2026/08/31 23:35:31 - __main__ - INFO - 162 - trainer - [156/257] Loss: 1.2655
2026/08/31 23:35:38 - __main__ - INFO - 162 - trainer - [208/257] Loss: 1.2250
2026/08/31 23:35:45 - __main__ - INFO - 167 - trainer - Average loss in epoch 172: 1.2172
2026/08/31 23:35:45 - __main__ - INFO - 117 - trainer - Epoch: 173
2026/08/31 23:35:45 - __main__ - INFO - 162 - trainer - [0/257] Loss: 1.2235
2026/08/31 23:35:52 - __main__ - INFO - 162 - trainer - [52/257] Loss: 1.2070
2026/08/31 23:35:59 - __main__ - INFO - 162 - trainer - [104/257] Loss: 1.2170
2026/08/31 23:36:06 - __main__ - INFO - 162 - trainer - [156/257] Loss: 1.2607
2026/08/31 23:36:13 - __main__ - INFO - 162 - trainer - [208/257] Loss: 1.2220
2026/08/31 23:36:20 - __main__ - INFO - 167 - trainer - Average loss in epoch 173: 1.2172
2026/08/31 23:36:20 - __main__ - INFO - 117 - trainer - Epoch: 174
2026/08/31 23:36:20 - __main__ - INFO - 162 - trainer - [0/257] Loss: 1.1832
2026/08/31 23:36:27 - __main__ - INFO - 162 - trainer - [52/257] Loss: 1.2179
2026/08/31 23:36:34 - __main__ - INFO - 162 - trainer - [104/257] Loss: 1.2487
2026/08/31 23:36:41 - __main__ - INFO - 162 - trainer - [156/257] Loss: 1.2342
2026/08/31 23:36:48 - __main__ - INFO - 162 - trainer - [208/257] Loss: 1.2349
2026/08/31 23:36:55 - __main__ - INFO - 167 - trainer - Average loss in epoch 174: 1.2162
2026/08/31 23:36:55 - __main__ - INFO - 117 - trainer - Epoch: 175
2026/08/31 23:36:55 - __main__ - INFO - 162 - trainer - [0/257] Loss: 1.2252
2026/08/31 23:37:02 - __main__ - INFO - 162 - trainer - [52/257] Loss: 1.2186
2026/08/31 23:37:09 - __main__ - INFO - 162 - trainer - [104/257] Loss: 1.2139
2026/08/31 23:37:16 - __main__ - INFO - 162 - trainer - [156/257] Loss: 1.2109
2026/08/31 23:37:23 - __main__ - INFO - 162 - trainer - [208/257] Loss: 1.2056
2026/08/31 23:37:29 - __main__ - INFO - 167 - trainer - Average loss in epoch 175: 1.2170
2026/08/31 23:37:29 - __main__ - INFO - 117 - trainer - Epoch: 176
2026/08/31 23:37:29 - __main__ - INFO - 162 - trainer - [0/257] Loss: 1.2030
2026/08/31 23:37:36 - __main__ - INFO - 162 - trainer - [52/257] Loss: 1.2373
2026/08/31 23:37:43 - __main__ - INFO - 162 - trainer - [104/257] Loss: 1.2121
2026/08/31 23:37:51 - __main__ - INFO - 162 - trainer - [156/257] Loss: 1.2274
2026/08/31 23:37:58 - __main__ - INFO - 162 - trainer - [208/257] Loss: 1.2203
2026/08/31 23:38:04 - __main__ - INFO - 167 - trainer - Average loss in epoch 176: 1.2146
2026/08/31 23:38:04 - __main__ - INFO - 117 - trainer - Epoch: 177
2026/08/31 23:38:04 - __main__ - INFO - 162 - trainer - [0/257] Loss: 1.1638
2026/08/31 23:38:11 - __main__ - INFO - 162 - trainer - [52/257] Loss: 1.1893
2026/08/31 23:38:18 - __main__ - INFO - 162 - trainer - [104/257] Loss: 1.2042
2026/08/31 23:38:25 - __main__ - INFO - 162 - trainer - [156/257] Loss: 1.2185
2026/08/31 23:38:32 - __main__ - INFO - 162 - trainer - [208/257] Loss: 1.2273
2026/08/31 23:38:39 - __main__ - INFO - 167 - trainer - Average loss in epoch 177: 1.2152
2026/08/31 23:38:39 - __main__ - INFO - 117 - trainer - Epoch: 178
2026/08/31 23:38:39 - __main__ - INFO - 162 - trainer - [0/257] Loss: 1.2670
2026/08/31 23:38:46 - __main__ - INFO - 162 - trainer - [52/257] Loss: 1.2166
2026/08/31 23:38:53 - __main__ - INFO - 162 - trainer - [104/257] Loss: 1.1828
2026/08/31 23:39:00 - __main__ - INFO - 162 - trainer - [156/257] Loss: 1.1747
2026/08/31 23:39:07 - __main__ - INFO - 162 - trainer - [208/257] Loss: 1.2381
2026/08/31 23:39:14 - __main__ - INFO - 167 - trainer - Average loss in epoch 178: 1.2152
2026/08/31 23:39:14 - __main__ - INFO - 117 - trainer - Epoch: 179
2026/08/31 23:39:14 - __main__ - INFO - 162 - trainer - [0/257] Loss: 1.2255
2026/08/31 23:39:21 - __main__ - INFO - 162 - trainer - [52/257] Loss: 1.1936
2026/08/31 23:39:28 - __main__ - INFO - 162 - trainer - [104/257] Loss: 1.2036
2026/08/31 23:39:35 - __main__ - INFO - 162 - trainer - [156/257] Loss: 1.2280
2026/08/31 23:39:42 - __main__ - INFO - 162 - trainer - [208/257] Loss: 1.2595
2026/08/31 23:39:49 - __main__ - INFO - 167 - trainer - Average loss in epoch 179: 1.2147
2026/08/31 23:39:49 - __main__ - INFO - 117 - trainer - Epoch: 180
2026/08/31 23:39:49 - __main__ - INFO - 162 - trainer - [0/257] Loss: 1.2193
2026/08/31 23:39:56 - __main__ - INFO - 162 - trainer - [52/257] Loss: 1.2449
2026/08/31 23:40:03 - __main__ - INFO - 162 - trainer - [104/257] Loss: 1.1603
2026/08/31 23:40:10 - __main__ - INFO - 162 - trainer - [156/257] Loss: 1.2154
2026/08/31 23:40:17 - __main__ - INFO - 162 - trainer - [208/257] Loss: 1.2330
2026/08/31 23:40:24 - __main__ - INFO - 167 - trainer - Average loss in epoch 180: 1.2143
2026/08/31 23:40:24 - __main__ - INFO - 173 - trainer - start predicting: 2026-08-31 23:40:24.174943
2026/08/31 23:41:27 - __main__ - INFO - 203 - trainer - {'Best_HR@5': np.float64(7.7559), 'Best_HR@10': np.float64(10.8086), 'Best_HR@20': np.float64(14.8969), 'Best_NDCG@5': np.float64(5.398), 'Best_NDCG@10': np.float64(6.3742), 'Best_NDCG@20': np.float64(7.4177)}
2026/08/31 23:41:27 - __main__ - INFO - 204 - trainer - {'Best_epoch_HR@5': 180, 'Best_epoch_HR@10': 120, 'Best_epoch_HR@20': 160, 'Best_epoch_NDCG@5': 140, 'Best_epoch_NDCG@10': 120, 'Best_epoch_NDCG@20': 160}
2026/08/31 23:41:27 - __main__ - INFO - 117 - trainer - Epoch: 181
2026/08/31 23:41:27 - __main__ - INFO - 162 - trainer - [0/257] Loss: 1.2353
2026/08/31 23:41:34 - __main__ - INFO - 162 - trainer - [52/257] Loss: 1.2168
2026/08/31 23:41:41 - __main__ - INFO - 162 - trainer - [104/257] Loss: 1.2374
2026/08/31 23:41:48 - __main__ - INFO - 162 - trainer - [156/257] Loss: 1.2246
2026/08/31 23:41:55 - __main__ - INFO - 162 - trainer - [208/257] Loss: 1.2488
2026/08/31 23:42:01 - __main__ - INFO - 167 - trainer - Average loss in epoch 181: 1.2140
2026/08/31 23:42:01 - __main__ - INFO - 117 - trainer - Epoch: 182
2026/08/31 23:42:01 - __main__ - INFO - 162 - trainer - [0/257] Loss: 1.2065
2026/08/31 23:42:08 - __main__ - INFO - 162 - trainer - [52/257] Loss: 1.1920
2026/08/31 23:42:15 - __main__ - INFO - 162 - trainer - [104/257] Loss: 1.2292
2026/08/31 23:42:22 - __main__ - INFO - 162 - trainer - [156/257] Loss: 1.2273
2026/08/31 23:42:29 - __main__ - INFO - 162 - trainer - [208/257] Loss: 1.2121
2026/08/31 23:42:36 - __main__ - INFO - 167 - trainer - Average loss in epoch 182: 1.2149
2026/08/31 23:42:36 - __main__ - INFO - 117 - trainer - Epoch: 183
2026/08/31 23:42:36 - __main__ - INFO - 162 - trainer - [0/257] Loss: 1.2022
2026/08/31 23:42:43 - __main__ - INFO - 162 - trainer - [52/257] Loss: 1.2481
2026/08/31 23:42:50 - __main__ - INFO - 162 - trainer - [104/257] Loss: 1.2752
2026/08/31 23:42:56 - __main__ - INFO - 162 - trainer - [156/257] Loss: 1.2221
2026/08/31 23:43:03 - __main__ - INFO - 162 - trainer - [208/257] Loss: 1.2341
2026/08/31 23:43:10 - __main__ - INFO - 167 - trainer - Average loss in epoch 183: 1.2139
2026/08/31 23:43:10 - __main__ - INFO - 117 - trainer - Epoch: 184
2026/08/31 23:43:10 - __main__ - INFO - 162 - trainer - [0/257] Loss: 1.2180
2026/08/31 23:43:17 - __main__ - INFO - 162 - trainer - [52/257] Loss: 1.2050
2026/08/31 23:43:24 - __main__ - INFO - 162 - trainer - [104/257] Loss: 1.1950
2026/08/31 23:43:31 - __main__ - INFO - 162 - trainer - [156/257] Loss: 1.1948
2026/08/31 23:43:38 - __main__ - INFO - 162 - trainer - [208/257] Loss: 1.2400
2026/08/31 23:43:44 - __main__ - INFO - 167 - trainer - Average loss in epoch 184: 1.2134
2026/08/31 23:43:44 - __main__ - INFO - 117 - trainer - Epoch: 185
2026/08/31 23:43:44 - __main__ - INFO - 162 - trainer - [0/257] Loss: 1.2369
2026/08/31 23:43:51 - __main__ - INFO - 162 - trainer - [52/257] Loss: 1.2133
2026/08/31 23:43:58 - __main__ - INFO - 162 - trainer - [104/257] Loss: 1.1962
2026/08/31 23:44:05 - __main__ - INFO - 162 - trainer - [156/257] Loss: 1.1881
2026/08/31 23:44:12 - __main__ - INFO - 162 - trainer - [208/257] Loss: 1.1967
2026/08/31 23:44:18 - __main__ - INFO - 167 - trainer - Average loss in epoch 185: 1.2124
2026/08/31 23:44:18 - __main__ - INFO - 117 - trainer - Epoch: 186
2026/08/31 23:44:18 - __main__ - INFO - 162 - trainer - [0/257] Loss: 1.2095
2026/08/31 23:44:25 - __main__ - INFO - 162 - trainer - [52/257] Loss: 1.2389
2026/08/31 23:44:32 - __main__ - INFO - 162 - trainer - [104/257] Loss: 1.2268
2026/08/31 23:44:39 - __main__ - INFO - 162 - trainer - [156/257] Loss: 1.2077
2026/08/31 23:44:46 - __main__ - INFO - 162 - trainer - [208/257] Loss: 1.1856
2026/08/31 23:44:52 - __main__ - INFO - 167 - trainer - Average loss in epoch 186: 1.2125
2026/08/31 23:44:52 - __main__ - INFO - 117 - trainer - Epoch: 187
2026/08/31 23:44:53 - __main__ - INFO - 162 - trainer - [0/257] Loss: 1.1876
2026/08/31 23:44:59 - __main__ - INFO - 162 - trainer - [52/257] Loss: 1.1835
2026/08/31 23:45:06 - __main__ - INFO - 162 - trainer - [104/257] Loss: 1.2330
2026/08/31 23:45:13 - __main__ - INFO - 162 - trainer - [156/257] Loss: 1.2116
2026/08/31 23:45:20 - __main__ - INFO - 162 - trainer - [208/257] Loss: 1.2016
2026/08/31 23:45:26 - __main__ - INFO - 167 - trainer - Average loss in epoch 187: 1.2116
2026/08/31 23:45:26 - __main__ - INFO - 117 - trainer - Epoch: 188
2026/08/31 23:45:27 - __main__ - INFO - 162 - trainer - [0/257] Loss: 1.2133
2026/08/31 23:45:33 - __main__ - INFO - 162 - trainer - [52/257] Loss: 1.1810
2026/08/31 23:45:41 - __main__ - INFO - 162 - trainer - [104/257] Loss: 1.2167
2026/08/31 23:45:48 - __main__ - INFO - 162 - trainer - [156/257] Loss: 1.1836
2026/08/31 23:45:54 - __main__ - INFO - 162 - trainer - [208/257] Loss: 1.1926
2026/08/31 23:46:01 - __main__ - INFO - 167 - trainer - Average loss in epoch 188: 1.2115
2026/08/31 23:46:01 - __main__ - INFO - 117 - trainer - Epoch: 189
2026/08/31 23:46:01 - __main__ - INFO - 162 - trainer - [0/257] Loss: 1.1714
2026/08/31 23:46:08 - __main__ - INFO - 162 - trainer - [52/257] Loss: 1.2525
2026/08/31 23:46:15 - __main__ - INFO - 162 - trainer - [104/257] Loss: 1.2062
2026/08/31 23:46:22 - __main__ - INFO - 162 - trainer - [156/257] Loss: 1.1869
2026/08/31 23:46:29 - __main__ - INFO - 162 - trainer - [208/257] Loss: 1.1920
2026/08/31 23:46:35 - __main__ - INFO - 167 - trainer - Average loss in epoch 189: 1.2107
2026/08/31 23:46:35 - __main__ - INFO - 117 - trainer - Epoch: 190
2026/08/31 23:46:35 - __main__ - INFO - 162 - trainer - [0/257] Loss: 1.1823
2026/08/31 23:46:42 - __main__ - INFO - 162 - trainer - [52/257] Loss: 1.2047
2026/08/31 23:46:49 - __main__ - INFO - 162 - trainer - [104/257] Loss: 1.2042
2026/08/31 23:46:56 - __main__ - INFO - 162 - trainer - [156/257] Loss: 1.1980
2026/08/31 23:47:03 - __main__ - INFO - 162 - trainer - [208/257] Loss: 1.2179
2026/08/31 23:47:09 - __main__ - INFO - 167 - trainer - Average loss in epoch 190: 1.2114
2026/08/31 23:47:09 - __main__ - INFO - 117 - trainer - Epoch: 191
2026/08/31 23:47:09 - __main__ - INFO - 162 - trainer - [0/257] Loss: 1.2083
2026/08/31 23:47:16 - __main__ - INFO - 162 - trainer - [52/257] Loss: 1.1933
2026/08/31 23:47:23 - __main__ - INFO - 162 - trainer - [104/257] Loss: 1.2022
2026/08/31 23:47:30 - __main__ - INFO - 162 - trainer - [156/257] Loss: 1.2474
2026/08/31 23:47:37 - __main__ - INFO - 162 - trainer - [208/257] Loss: 1.2269
2026/08/31 23:47:43 - __main__ - INFO - 167 - trainer - Average loss in epoch 191: 1.2096
2026/08/31 23:47:43 - __main__ - INFO - 117 - trainer - Epoch: 192
2026/08/31 23:47:44 - __main__ - INFO - 162 - trainer - [0/257] Loss: 1.2102
2026/08/31 23:47:50 - __main__ - INFO - 162 - trainer - [52/257] Loss: 1.1982
2026/08/31 23:47:57 - __main__ - INFO - 162 - trainer - [104/257] Loss: 1.2059
2026/08/31 23:48:04 - __main__ - INFO - 162 - trainer - [156/257] Loss: 1.2095
2026/08/31 23:48:11 - __main__ - INFO - 162 - trainer - [208/257] Loss: 1.2240
2026/08/31 23:48:18 - __main__ - INFO - 167 - trainer - Average loss in epoch 192: 1.2099
2026/08/31 23:48:18 - __main__ - INFO - 117 - trainer - Epoch: 193
2026/08/31 23:48:18 - __main__ - INFO - 162 - trainer - [0/257] Loss: 1.2141
2026/08/31 23:48:25 - __main__ - INFO - 162 - trainer - [52/257] Loss: 1.2202
2026/08/31 23:48:32 - __main__ - INFO - 162 - trainer - [104/257] Loss: 1.1578
2026/08/31 23:48:39 - __main__ - INFO - 162 - trainer - [156/257] Loss: 1.2628
2026/08/31 23:48:45 - __main__ - INFO - 162 - trainer - [208/257] Loss: 1.2208
2026/08/31 23:48:52 - __main__ - INFO - 167 - trainer - Average loss in epoch 193: 1.2098
2026/08/31 23:48:52 - __main__ - INFO - 117 - trainer - Epoch: 194
2026/08/31 23:48:52 - __main__ - INFO - 162 - trainer - [0/257] Loss: 1.2138
2026/08/31 23:48:59 - __main__ - INFO - 162 - trainer - [52/257] Loss: 1.2084
2026/08/31 23:49:06 - __main__ - INFO - 162 - trainer - [104/257] Loss: 1.2284
2026/08/31 23:49:13 - __main__ - INFO - 162 - trainer - [156/257] Loss: 1.1920
2026/08/31 23:49:20 - __main__ - INFO - 162 - trainer - [208/257] Loss: 1.2483
2026/08/31 23:49:26 - __main__ - INFO - 167 - trainer - Average loss in epoch 194: 1.2090
2026/08/31 23:49:26 - __main__ - INFO - 117 - trainer - Epoch: 195
2026/08/31 23:49:26 - __main__ - INFO - 162 - trainer - [0/257] Loss: 1.1801
2026/08/31 23:49:33 - __main__ - INFO - 162 - trainer - [52/257] Loss: 1.2205
2026/08/31 23:49:40 - __main__ - INFO - 162 - trainer - [104/257] Loss: 1.2210
2026/08/31 23:49:47 - __main__ - INFO - 162 - trainer - [156/257] Loss: 1.1899
2026/08/31 23:49:54 - __main__ - INFO - 162 - trainer - [208/257] Loss: 1.1989
2026/08/31 23:50:00 - __main__ - INFO - 167 - trainer - Average loss in epoch 195: 1.2090
2026/08/31 23:50:00 - __main__ - INFO - 117 - trainer - Epoch: 196
2026/08/31 23:50:00 - __main__ - INFO - 162 - trainer - [0/257] Loss: 1.1819
2026/08/31 23:50:07 - __main__ - INFO - 162 - trainer - [52/257] Loss: 1.1747
2026/08/31 23:50:14 - __main__ - INFO - 162 - trainer - [104/257] Loss: 1.1967
2026/08/31 23:50:21 - __main__ - INFO - 162 - trainer - [156/257] Loss: 1.2117
2026/08/31 23:50:28 - __main__ - INFO - 162 - trainer - [208/257] Loss: 1.2479
2026/08/31 23:50:35 - __main__ - INFO - 167 - trainer - Average loss in epoch 196: 1.2095
2026/08/31 23:50:35 - __main__ - INFO - 117 - trainer - Epoch: 197
2026/08/31 23:50:35 - __main__ - INFO - 162 - trainer - [0/257] Loss: 1.2124
2026/08/31 23:50:42 - __main__ - INFO - 162 - trainer - [52/257] Loss: 1.2322
2026/08/31 23:50:49 - __main__ - INFO - 162 - trainer - [104/257] Loss: 1.2639
2026/08/31 23:50:56 - __main__ - INFO - 162 - trainer - [156/257] Loss: 1.1845
2026/08/31 23:51:03 - __main__ - INFO - 162 - trainer - [208/257] Loss: 1.1806
2026/08/31 23:51:09 - __main__ - INFO - 167 - trainer - Average loss in epoch 197: 1.2085
2026/08/31 23:51:09 - __main__ - INFO - 117 - trainer - Epoch: 198
2026/08/31 23:51:09 - __main__ - INFO - 162 - trainer - [0/257] Loss: 1.2261
2026/08/31 23:51:16 - __main__ - INFO - 162 - trainer - [52/257] Loss: 1.2300
2026/08/31 23:51:23 - __main__ - INFO - 162 - trainer - [104/257] Loss: 1.2046
2026/08/31 23:51:30 - __main__ - INFO - 162 - trainer - [156/257] Loss: 1.2089
2026/08/31 23:51:37 - __main__ - INFO - 162 - trainer - [208/257] Loss: 1.2182
2026/08/31 23:51:43 - __main__ - INFO - 167 - trainer - Average loss in epoch 198: 1.2078
2026/08/31 23:51:43 - __main__ - INFO - 117 - trainer - Epoch: 199
2026/08/31 23:51:43 - __main__ - INFO - 162 - trainer - [0/257] Loss: 1.2088
2026/08/31 23:51:50 - __main__ - INFO - 162 - trainer - [52/257] Loss: 1.2099
2026/08/31 23:51:57 - __main__ - INFO - 162 - trainer - [104/257] Loss: 1.2003
2026/08/31 23:52:04 - __main__ - INFO - 162 - trainer - [156/257] Loss: 1.2194
2026/08/31 23:52:10 - __main__ - INFO - 162 - trainer - [208/257] Loss: 1.2177
2026/08/31 23:52:17 - __main__ - INFO - 167 - trainer - Average loss in epoch 199: 1.2073
2026/08/31 23:52:17 - __main__ - INFO - 117 - trainer - Epoch: 200
2026/08/31 23:52:17 - __main__ - INFO - 162 - trainer - [0/257] Loss: 1.1879
2026/08/31 23:52:24 - __main__ - INFO - 162 - trainer - [52/257] Loss: 1.2062
2026/08/31 23:52:31 - __main__ - INFO - 162 - trainer - [104/257] Loss: 1.1940
2026/08/31 23:52:38 - __main__ - INFO - 162 - trainer - [156/257] Loss: 1.2050
2026/08/31 23:52:44 - __main__ - INFO - 162 - trainer - [208/257] Loss: 1.1952
2026/08/31 23:52:51 - __main__ - INFO - 167 - trainer - Average loss in epoch 200: 1.2056
2026/08/31 23:52:51 - __main__ - INFO - 173 - trainer - start predicting: 2026-08-31 23:52:51.260369
2026/08/31 23:53:57 - __main__ - INFO - 117 - trainer - Epoch: 201
2026/08/31 23:53:57 - __main__ - INFO - 162 - trainer - [0/257] Loss: 1.1972
2026/08/31 23:54:04 - __main__ - INFO - 162 - trainer - [52/257] Loss: 1.2083
2026/08/31 23:54:10 - __main__ - INFO - 162 - trainer - [104/257] Loss: 1.1865
2026/08/31 23:54:17 - __main__ - INFO - 162 - trainer - [156/257] Loss: 1.2377
2026/08/31 23:54:24 - __main__ - INFO - 162 - trainer - [208/257] Loss: 1.2249
2026/08/31 23:54:30 - __main__ - INFO - 167 - trainer - Average loss in epoch 201: 1.2056
2026/08/31 23:54:30 - __main__ - INFO - 117 - trainer - Epoch: 202
2026/08/31 23:54:31 - __main__ - INFO - 162 - trainer - [0/257] Loss: 1.2368
2026/08/31 23:54:37 - __main__ - INFO - 162 - trainer - [52/257] Loss: 1.2375
2026/08/31 23:54:44 - __main__ - INFO - 162 - trainer - [104/257] Loss: 1.1940
2026/08/31 23:54:51 - __main__ - INFO - 162 - trainer - [156/257] Loss: 1.2279
2026/08/31 23:54:59 - __main__ - INFO - 162 - trainer - [208/257] Loss: 1.2154
2026/08/31 23:55:05 - __main__ - INFO - 167 - trainer - Average loss in epoch 202: 1.2051
2026/08/31 23:55:05 - __main__ - INFO - 117 - trainer - Epoch: 203
2026/08/31 23:55:05 - __main__ - INFO - 162 - trainer - [0/257] Loss: 1.2148
2026/08/31 23:55:12 - __main__ - INFO - 162 - trainer - [52/257] Loss: 1.1927
2026/08/31 23:55:19 - __main__ - INFO - 162 - trainer - [104/257] Loss: 1.1944
2026/08/31 23:55:26 - __main__ - INFO - 162 - trainer - [156/257] Loss: 1.2172
2026/08/31 23:55:33 - __main__ - INFO - 162 - trainer - [208/257] Loss: 1.1911
2026/08/31 23:55:39 - __main__ - INFO - 167 - trainer - Average loss in epoch 203: 1.2054
2026/08/31 23:55:39 - __main__ - INFO - 117 - trainer - Epoch: 204
2026/08/31 23:55:40 - __main__ - INFO - 162 - trainer - [0/257] Loss: 1.1815
2026/08/31 23:55:47 - __main__ - INFO - 162 - trainer - [52/257] Loss: 1.2135
2026/08/31 23:55:54 - __main__ - INFO - 162 - trainer - [104/257] Loss: 1.1769
2026/08/31 23:56:00 - __main__ - INFO - 162 - trainer - [156/257] Loss: 1.2121
2026/08/31 23:56:07 - __main__ - INFO - 162 - trainer - [208/257] Loss: 1.2092
2026/08/31 23:56:14 - __main__ - INFO - 167 - trainer - Average loss in epoch 204: 1.2042
2026/08/31 23:56:14 - __main__ - INFO - 117 - trainer - Epoch: 205
2026/08/31 23:56:14 - __main__ - INFO - 162 - trainer - [0/257] Loss: 1.1862
2026/08/31 23:56:21 - __main__ - INFO - 162 - trainer - [52/257] Loss: 1.1906
2026/08/31 23:56:28 - __main__ - INFO - 162 - trainer - [104/257] Loss: 1.2246
2026/08/31 23:56:34 - __main__ - INFO - 162 - trainer - [156/257] Loss: 1.2334
2026/08/31 23:56:41 - __main__ - INFO - 162 - trainer - [208/257] Loss: 1.1973
2026/08/31 23:56:48 - __main__ - INFO - 167 - trainer - Average loss in epoch 205: 1.2053
2026/08/31 23:56:48 - __main__ - INFO - 117 - trainer - Epoch: 206
2026/08/31 23:56:48 - __main__ - INFO - 162 - trainer - [0/257] Loss: 1.2166
2026/08/31 23:56:55 - __main__ - INFO - 162 - trainer - [52/257] Loss: 1.2281
2026/08/31 23:57:02 - __main__ - INFO - 162 - trainer - [104/257] Loss: 1.1996
2026/08/31 23:57:09 - __main__ - INFO - 162 - trainer - [156/257] Loss: 1.1778
2026/08/31 23:57:16 - __main__ - INFO - 162 - trainer - [208/257] Loss: 1.1823
2026/08/31 23:57:22 - __main__ - INFO - 167 - trainer - Average loss in epoch 206: 1.2063
2026/08/31 23:57:22 - __main__ - INFO - 117 - trainer - Epoch: 207
2026/08/31 23:57:22 - __main__ - INFO - 162 - trainer - [0/257] Loss: 1.1823
2026/08/31 23:57:29 - __main__ - INFO - 162 - trainer - [52/257] Loss: 1.1922
2026/08/31 23:57:36 - __main__ - INFO - 162 - trainer - [104/257] Loss: 1.2374
2026/08/31 23:57:43 - __main__ - INFO - 162 - trainer - [156/257] Loss: 1.1901
2026/08/31 23:57:50 - __main__ - INFO - 162 - trainer - [208/257] Loss: 1.2013
2026/08/31 23:57:56 - __main__ - INFO - 167 - trainer - Average loss in epoch 207: 1.2058
2026/08/31 23:57:56 - __main__ - INFO - 117 - trainer - Epoch: 208
2026/08/31 23:57:56 - __main__ - INFO - 162 - trainer - [0/257] Loss: 1.1939
2026/08/31 23:58:03 - __main__ - INFO - 162 - trainer - [52/257] Loss: 1.2192
2026/08/31 23:58:10 - __main__ - INFO - 162 - trainer - [104/257] Loss: 1.2113
2026/08/31 23:58:17 - __main__ - INFO - 162 - trainer - [156/257] Loss: 1.2276
2026/08/31 23:58:24 - __main__ - INFO - 162 - trainer - [208/257] Loss: 1.2373
2026/08/31 23:58:31 - __main__ - INFO - 167 - trainer - Average loss in epoch 208: 1.2044
2026/08/31 23:58:31 - __main__ - INFO - 117 - trainer - Epoch: 209
2026/08/31 23:58:31 - __main__ - INFO - 162 - trainer - [0/257] Loss: 1.1680
2026/08/31 23:58:38 - __main__ - INFO - 162 - trainer - [52/257] Loss: 1.2252
2026/08/31 23:58:45 - __main__ - INFO - 162 - trainer - [104/257] Loss: 1.2050
2026/08/31 23:58:51 - __main__ - INFO - 162 - trainer - [156/257] Loss: 1.1851
2026/08/31 23:58:58 - __main__ - INFO - 162 - trainer - [208/257] Loss: 1.2428
2026/08/31 23:59:04 - __main__ - INFO - 167 - trainer - Average loss in epoch 209: 1.2051
2026/08/31 23:59:04 - __main__ - INFO - 117 - trainer - Epoch: 210
2026/08/31 23:59:05 - __main__ - INFO - 162 - trainer - [0/257] Loss: 1.1947
2026/08/31 23:59:12 - __main__ - INFO - 162 - trainer - [52/257] Loss: 1.1809
2026/08/31 23:59:19 - __main__ - INFO - 162 - trainer - [104/257] Loss: 1.2086
2026/08/31 23:59:26 - __main__ - INFO - 162 - trainer - [156/257] Loss: 1.1914
2026/08/31 23:59:33 - __main__ - INFO - 162 - trainer - [208/257] Loss: 1.2180
2026/08/31 23:59:39 - __main__ - INFO - 167 - trainer - Average loss in epoch 210: 1.2052
2026/08/31 23:59:39 - __main__ - INFO - 117 - trainer - Epoch: 211
2026/08/31 23:59:39 - __main__ - INFO - 162 - trainer - [0/257] Loss: 1.2329
2026/08/31 23:59:46 - __main__ - INFO - 162 - trainer - [52/257] Loss: 1.2220
2026/08/31 23:59:53 - __main__ - INFO - 162 - trainer - [104/257] Loss: 1.1958
2026/09/01 00:00:00 - __main__ - INFO - 162 - trainer - [156/257] Loss: 1.1626
2026/09/01 00:00:07 - __main__ - INFO - 162 - trainer - [208/257] Loss: 1.1696
2026/09/01 00:00:13 - __main__ - INFO - 167 - trainer - Average loss in epoch 211: 1.2061
2026/09/01 00:00:13 - __main__ - INFO - 117 - trainer - Epoch: 212
2026/09/01 00:00:13 - __main__ - INFO - 162 - trainer - [0/257] Loss: 1.1971
2026/09/01 00:00:20 - __main__ - INFO - 162 - trainer - [52/257] Loss: 1.2012
2026/09/01 00:00:27 - __main__ - INFO - 162 - trainer - [104/257] Loss: 1.2123
2026/09/01 00:00:34 - __main__ - INFO - 162 - trainer - [156/257] Loss: 1.2161
2026/09/01 00:00:41 - __main__ - INFO - 162 - trainer - [208/257] Loss: 1.2299
2026/09/01 00:00:48 - __main__ - INFO - 167 - trainer - Average loss in epoch 212: 1.2057
2026/09/01 00:00:48 - __main__ - INFO - 117 - trainer - Epoch: 213
2026/09/01 00:00:48 - __main__ - INFO - 162 - trainer - [0/257] Loss: 1.2201
2026/09/01 00:00:54 - __main__ - INFO - 162 - trainer - [52/257] Loss: 1.1934
2026/09/01 00:01:01 - __main__ - INFO - 162 - trainer - [104/257] Loss: 1.2042
2026/09/01 00:01:08 - __main__ - INFO - 162 - trainer - [156/257] Loss: 1.2087
2026/09/01 00:01:15 - __main__ - INFO - 162 - trainer - [208/257] Loss: 1.1799
2026/09/01 00:01:22 - __main__ - INFO - 167 - trainer - Average loss in epoch 213: 1.2045
2026/09/01 00:01:22 - __main__ - INFO - 117 - trainer - Epoch: 214
2026/09/01 00:01:22 - __main__ - INFO - 162 - trainer - [0/257] Loss: 1.2036
2026/09/01 00:01:29 - __main__ - INFO - 162 - trainer - [52/257] Loss: 1.2388
2026/09/01 00:01:36 - __main__ - INFO - 162 - trainer - [104/257] Loss: 1.2211
2026/09/01 00:01:42 - __main__ - INFO - 162 - trainer - [156/257] Loss: 1.1945
2026/09/01 00:01:49 - __main__ - INFO - 162 - trainer - [208/257] Loss: 1.2339
2026/09/01 00:01:56 - __main__ - INFO - 167 - trainer - Average loss in epoch 214: 1.2042
2026/09/01 00:01:56 - __main__ - INFO - 117 - trainer - Epoch: 215
2026/09/01 00:01:56 - __main__ - INFO - 162 - trainer - [0/257] Loss: 1.1949
2026/09/01 00:02:03 - __main__ - INFO - 162 - trainer - [52/257] Loss: 1.1817
2026/09/01 00:02:10 - __main__ - INFO - 162 - trainer - [104/257] Loss: 1.1836
2026/09/01 00:02:16 - __main__ - INFO - 162 - trainer - [156/257] Loss: 1.2149
2026/09/01 00:02:23 - __main__ - INFO - 162 - trainer - [208/257] Loss: 1.2388
2026/09/01 00:02:30 - __main__ - INFO - 167 - trainer - Average loss in epoch 215: 1.2055
2026/09/01 00:02:30 - __main__ - INFO - 117 - trainer - Epoch: 216
2026/09/01 00:02:30 - __main__ - INFO - 162 - trainer - [0/257] Loss: 1.1779
2026/09/01 00:02:37 - __main__ - INFO - 162 - trainer - [52/257] Loss: 1.2168
2026/09/01 00:02:43 - __main__ - INFO - 162 - trainer - [104/257] Loss: 1.2023
2026/09/01 00:02:50 - __main__ - INFO - 162 - trainer - [156/257] Loss: 1.2263
2026/09/01 00:02:57 - __main__ - INFO - 162 - trainer - [208/257] Loss: 1.1642
2026/09/01 00:03:03 - __main__ - INFO - 167 - trainer - Average loss in epoch 216: 1.2040
2026/09/01 00:03:03 - __main__ - INFO - 117 - trainer - Epoch: 217
2026/09/01 00:03:04 - __main__ - INFO - 162 - trainer - [0/257] Loss: 1.2023
2026/09/01 00:03:11 - __main__ - INFO - 162 - trainer - [52/257] Loss: 1.2330
2026/09/01 00:03:18 - __main__ - INFO - 162 - trainer - [104/257] Loss: 1.2002
2026/09/01 00:03:25 - __main__ - INFO - 162 - trainer - [156/257] Loss: 1.1968
2026/09/01 00:03:32 - __main__ - INFO - 162 - trainer - [208/257] Loss: 1.1948
2026/09/01 00:03:38 - __main__ - INFO - 167 - trainer - Average loss in epoch 217: 1.2054
2026/09/01 00:03:38 - __main__ - INFO - 117 - trainer - Epoch: 218
2026/09/01 00:03:38 - __main__ - INFO - 162 - trainer - [0/257] Loss: 1.2154
2026/09/01 00:03:45 - __main__ - INFO - 162 - trainer - [52/257] Loss: 1.2103
2026/09/01 00:03:52 - __main__ - INFO - 162 - trainer - [104/257] Loss: 1.2035
2026/09/01 00:03:59 - __main__ - INFO - 162 - trainer - [156/257] Loss: 1.1933
2026/09/01 00:04:05 - __main__ - INFO - 162 - trainer - [208/257] Loss: 1.1722
2026/09/01 00:04:12 - __main__ - INFO - 167 - trainer - Average loss in epoch 218: 1.2044
2026/09/01 00:04:12 - __main__ - INFO - 117 - trainer - Epoch: 219
2026/09/01 00:04:12 - __main__ - INFO - 162 - trainer - [0/257] Loss: 1.2307
2026/09/01 00:04:19 - __main__ - INFO - 162 - trainer - [52/257] Loss: 1.2353
2026/09/01 00:04:26 - __main__ - INFO - 162 - trainer - [104/257] Loss: 1.1707
2026/09/01 00:04:33 - __main__ - INFO - 162 - trainer - [156/257] Loss: 1.2029
2026/09/01 00:04:39 - __main__ - INFO - 162 - trainer - [208/257] Loss: 1.1897
2026/09/01 00:04:46 - __main__ - INFO - 167 - trainer - Average loss in epoch 219: 1.2043
2026/09/01 00:04:46 - __main__ - INFO - 117 - trainer - Epoch: 220
2026/09/01 00:04:46 - __main__ - INFO - 162 - trainer - [0/257] Loss: 1.1885
2026/09/01 00:04:53 - __main__ - INFO - 162 - trainer - [52/257] Loss: 1.2108
2026/09/01 00:04:59 - __main__ - INFO - 162 - trainer - [104/257] Loss: 1.2004
2026/09/01 00:05:06 - __main__ - INFO - 162 - trainer - [156/257] Loss: 1.1829
2026/09/01 00:05:13 - __main__ - INFO - 162 - trainer - [208/257] Loss: 1.2365
2026/09/01 00:05:19 - __main__ - INFO - 167 - trainer - Average loss in epoch 220: 1.2051
2026/09/01 00:05:19 - __main__ - INFO - 173 - trainer - start predicting: 2026-09-01 00:05:19.933363
2026/09/01 00:06:23 - __main__ - INFO - 117 - trainer - Epoch: 221
2026/09/01 00:06:23 - __main__ - INFO - 162 - trainer - [0/257] Loss: 1.2351
2026/09/01 00:06:30 - __main__ - INFO - 162 - trainer - [52/257] Loss: 1.2208
2026/09/01 00:06:37 - __main__ - INFO - 162 - trainer - [104/257] Loss: 1.1898
2026/09/01 00:06:44 - __main__ - INFO - 162 - trainer - [156/257] Loss: 1.1922
2026/09/01 00:06:51 - __main__ - INFO - 162 - trainer - [208/257] Loss: 1.1568
2026/09/01 00:06:57 - __main__ - INFO - 167 - trainer - Average loss in epoch 221: 1.2057
2026/09/01 00:06:57 - __main__ - INFO - 117 - trainer - Epoch: 222
2026/09/01 00:06:57 - __main__ - INFO - 162 - trainer - [0/257] Loss: 1.2244
2026/09/01 00:07:04 - __main__ - INFO - 162 - trainer - [52/257] Loss: 1.1742
2026/09/01 00:07:11 - __main__ - INFO - 162 - trainer - [104/257] Loss: 1.1916
2026/09/01 00:07:18 - __main__ - INFO - 162 - trainer - [156/257] Loss: 1.2097
2026/09/01 00:07:25 - __main__ - INFO - 162 - trainer - [208/257] Loss: 1.2098
2026/09/01 00:07:32 - __main__ - INFO - 167 - trainer - Average loss in epoch 222: 1.2054
2026/09/01 00:07:32 - __main__ - INFO - 117 - trainer - Epoch: 223
2026/09/01 00:07:32 - __main__ - INFO - 162 - trainer - [0/257] Loss: 1.2003
2026/09/01 00:07:39 - __main__ - INFO - 162 - trainer - [52/257] Loss: 1.1798
2026/09/01 00:07:45 - __main__ - INFO - 162 - trainer - [104/257] Loss: 1.1857
2026/09/01 00:07:52 - __main__ - INFO - 162 - trainer - [156/257] Loss: 1.2178
2026/09/01 00:07:59 - __main__ - INFO - 162 - trainer - [208/257] Loss: 1.1755
2026/09/01 00:08:06 - __main__ - INFO - 167 - trainer - Average loss in epoch 223: 1.2051
2026/09/01 00:08:06 - __main__ - INFO - 117 - trainer - Epoch: 224
2026/09/01 00:08:06 - __main__ - INFO - 162 - trainer - [0/257] Loss: 1.2252
2026/09/01 00:08:13 - __main__ - INFO - 162 - trainer - [52/257] Loss: 1.1804
2026/09/01 00:08:20 - __main__ - INFO - 162 - trainer - [104/257] Loss: 1.1846
2026/09/01 00:08:27 - __main__ - INFO - 162 - trainer - [156/257] Loss: 1.2112
2026/09/01 00:08:33 - __main__ - INFO - 162 - trainer - [208/257] Loss: 1.2190
2026/09/01 00:08:40 - __main__ - INFO - 167 - trainer - Average loss in epoch 224: 1.2039
2026/09/01 00:08:40 - __main__ - INFO - 117 - trainer - Epoch: 225
2026/09/01 00:08:40 - __main__ - INFO - 162 - trainer - [0/257] Loss: 1.2401
2026/09/01 00:08:47 - __main__ - INFO - 162 - trainer - [52/257] Loss: 1.2194
2026/09/01 00:08:54 - __main__ - INFO - 162 - trainer - [104/257] Loss: 1.2593
2026/09/01 00:09:01 - __main__ - INFO - 162 - trainer - [156/257] Loss: 1.2184
2026/09/01 00:09:08 - __main__ - INFO - 162 - trainer - [208/257] Loss: 1.1918
2026/09/01 00:09:14 - __main__ - INFO - 167 - trainer - Average loss in epoch 225: 1.2046
2026/09/01 00:09:14 - __main__ - INFO - 117 - trainer - Epoch: 226
2026/09/01 00:09:14 - __main__ - INFO - 162 - trainer - [0/257] Loss: 1.2083
2026/09/01 00:09:21 - __main__ - INFO - 162 - trainer - [52/257] Loss: 1.1502
2026/09/01 00:09:28 - __main__ - INFO - 162 - trainer - [104/257] Loss: 1.1979
2026/09/01 00:09:35 - __main__ - INFO - 162 - trainer - [156/257] Loss: 1.2336
2026/09/01 00:09:42 - __main__ - INFO - 162 - trainer - [208/257] Loss: 1.1807
2026/09/01 00:09:49 - __main__ - INFO - 167 - trainer - Average loss in epoch 226: 1.2051
2026/09/01 00:09:49 - __main__ - INFO - 117 - trainer - Epoch: 227
2026/09/01 00:09:49 - __main__ - INFO - 162 - trainer - [0/257] Loss: 1.2132
2026/09/01 00:09:56 - __main__ - INFO - 162 - trainer - [52/257] Loss: 1.2085
2026/09/01 00:10:02 - __main__ - INFO - 162 - trainer - [104/257] Loss: 1.2381
2026/09/01 00:10:09 - __main__ - INFO - 162 - trainer - [156/257] Loss: 1.2267
2026/09/01 00:10:16 - __main__ - INFO - 162 - trainer - [208/257] Loss: 1.1996
2026/09/01 00:10:22 - __main__ - INFO - 167 - trainer - Average loss in epoch 227: 1.2047
2026/09/01 00:10:22 - __main__ - INFO - 117 - trainer - Epoch: 228
2026/09/01 00:10:23 - __main__ - INFO - 162 - trainer - [0/257] Loss: 1.2001
2026/09/01 00:10:29 - __main__ - INFO - 162 - trainer - [52/257] Loss: 1.2265
2026/09/01 00:10:36 - __main__ - INFO - 162 - trainer - [104/257] Loss: 1.1700
2026/09/01 00:10:43 - __main__ - INFO - 162 - trainer - [156/257] Loss: 1.1941
2026/09/01 00:10:50 - __main__ - INFO - 162 - trainer - [208/257] Loss: 1.1995
2026/09/01 00:10:57 - __main__ - INFO - 167 - trainer - Average loss in epoch 228: 1.2048
2026/09/01 00:10:57 - __main__ - INFO - 117 - trainer - Epoch: 229
2026/09/01 00:10:57 - __main__ - INFO - 162 - trainer - [0/257] Loss: 1.2175
2026/09/01 00:11:04 - __main__ - INFO - 162 - trainer - [52/257] Loss: 1.1944
2026/09/01 00:11:11 - __main__ - INFO - 162 - trainer - [104/257] Loss: 1.2158
2026/09/01 00:11:18 - __main__ - INFO - 162 - trainer - [156/257] Loss: 1.2099
2026/09/01 00:11:25 - __main__ - INFO - 162 - trainer - [208/257] Loss: 1.2101
2026/09/01 00:11:31 - __main__ - INFO - 167 - trainer - Average loss in epoch 229: 1.2051
2026/09/01 00:11:31 - __main__ - INFO - 117 - trainer - Epoch: 230
2026/09/01 00:11:31 - __main__ - INFO - 162 - trainer - [0/257] Loss: 1.1919
2026/09/01 00:11:38 - __main__ - INFO - 162 - trainer - [52/257] Loss: 1.2217
2026/09/01 00:11:45 - __main__ - INFO - 162 - trainer - [104/257] Loss: 1.1776
2026/09/01 00:11:52 - __main__ - INFO - 162 - trainer - [156/257] Loss: 1.2336
2026/09/01 00:11:59 - __main__ - INFO - 162 - trainer - [208/257] Loss: 1.2076
2026/09/01 00:12:05 - __main__ - INFO - 167 - trainer - Average loss in epoch 230: 1.2041
2026/09/01 00:12:05 - __main__ - INFO - 117 - trainer - Epoch: 231
2026/09/01 00:12:05 - __main__ - INFO - 162 - trainer - [0/257] Loss: 1.2376
2026/09/01 00:12:12 - __main__ - INFO - 162 - trainer - [52/257] Loss: 1.1669
2026/09/01 00:12:19 - __main__ - INFO - 162 - trainer - [104/257] Loss: 1.2295
2026/09/01 00:12:26 - __main__ - INFO - 162 - trainer - [156/257] Loss: 1.2259
2026/09/01 00:12:33 - __main__ - INFO - 162 - trainer - [208/257] Loss: 1.1684
2026/09/01 00:12:39 - __main__ - INFO - 167 - trainer - Average loss in epoch 231: 1.2050
2026/09/01 00:12:39 - __main__ - INFO - 117 - trainer - Epoch: 232
2026/09/01 00:12:40 - __main__ - INFO - 162 - trainer - [0/257] Loss: 1.2237
2026/09/01 00:12:46 - __main__ - INFO - 162 - trainer - [52/257] Loss: 1.2271
2026/09/01 00:12:53 - __main__ - INFO - 162 - trainer - [104/257] Loss: 1.2278
2026/09/01 00:13:00 - __main__ - INFO - 162 - trainer - [156/257] Loss: 1.2204
2026/09/01 00:13:07 - __main__ - INFO - 162 - trainer - [208/257] Loss: 1.2245
2026/09/01 00:13:13 - __main__ - INFO - 167 - trainer - Average loss in epoch 232: 1.2041
2026/09/01 00:13:13 - __main__ - INFO - 117 - trainer - Epoch: 233
2026/09/01 00:13:13 - __main__ - INFO - 162 - trainer - [0/257] Loss: 1.1945
2026/09/01 00:13:20 - __main__ - INFO - 162 - trainer - [52/257] Loss: 1.1812
2026/09/01 00:13:27 - __main__ - INFO - 162 - trainer - [104/257] Loss: 1.2176
2026/09/01 00:13:34 - __main__ - INFO - 162 - trainer - [156/257] Loss: 1.2195
2026/09/01 00:13:41 - __main__ - INFO - 162 - trainer - [208/257] Loss: 1.2005
2026/09/01 00:13:47 - __main__ - INFO - 167 - trainer - Average loss in epoch 233: 1.2044
2026/09/01 00:13:47 - __main__ - INFO - 117 - trainer - Epoch: 234
2026/09/01 00:13:48 - __main__ - INFO - 162 - trainer - [0/257] Loss: 1.1670
2026/09/01 00:13:55 - __main__ - INFO - 162 - trainer - [52/257] Loss: 1.1919
2026/09/01 00:14:02 - __main__ - INFO - 162 - trainer - [104/257] Loss: 1.1923
2026/09/01 00:14:09 - __main__ - INFO - 162 - trainer - [156/257] Loss: 1.2119
2026/09/01 00:14:15 - __main__ - INFO - 162 - trainer - [208/257] Loss: 1.2078
2026/09/01 00:14:22 - __main__ - INFO - 167 - trainer - Average loss in epoch 234: 1.2042
2026/09/01 00:14:22 - __main__ - INFO - 117 - trainer - Epoch: 235
2026/09/01 00:14:22 - __main__ - INFO - 162 - trainer - [0/257] Loss: 1.1750
2026/09/01 00:14:29 - __main__ - INFO - 162 - trainer - [52/257] Loss: 1.2284
2026/09/01 00:14:36 - __main__ - INFO - 162 - trainer - [104/257] Loss: 1.2045
2026/09/01 00:14:43 - __main__ - INFO - 162 - trainer - [156/257] Loss: 1.1809
2026/09/01 00:14:50 - __main__ - INFO - 162 - trainer - [208/257] Loss: 1.2010
2026/09/01 00:14:56 - __main__ - INFO - 167 - trainer - Average loss in epoch 235: 1.2033
2026/09/01 00:14:56 - __main__ - INFO - 117 - trainer - Epoch: 236
2026/09/01 00:14:56 - __main__ - INFO - 162 - trainer - [0/257] Loss: 1.2295
2026/09/01 00:15:03 - __main__ - INFO - 162 - trainer - [52/257] Loss: 1.1461
2026/09/01 00:15:10 - __main__ - INFO - 162 - trainer - [104/257] Loss: 1.1938
2026/09/01 00:15:17 - __main__ - INFO - 162 - trainer - [156/257] Loss: 1.1780
2026/09/01 00:15:24 - __main__ - INFO - 162 - trainer - [208/257] Loss: 1.2078
2026/09/01 00:15:30 - __main__ - INFO - 167 - trainer - Average loss in epoch 236: 1.2051
2026/09/01 00:15:30 - __main__ - INFO - 117 - trainer - Epoch: 237
2026/09/01 00:15:30 - __main__ - INFO - 162 - trainer - [0/257] Loss: 1.1807
2026/09/01 00:15:37 - __main__ - INFO - 162 - trainer - [52/257] Loss: 1.1918
2026/09/01 00:15:44 - __main__ - INFO - 162 - trainer - [104/257] Loss: 1.1954
2026/09/01 00:15:51 - __main__ - INFO - 162 - trainer - [156/257] Loss: 1.2072
2026/09/01 00:15:58 - __main__ - INFO - 162 - trainer - [208/257] Loss: 1.1765
2026/09/01 00:16:04 - __main__ - INFO - 167 - trainer - Average loss in epoch 237: 1.2042
2026/09/01 00:16:04 - __main__ - INFO - 117 - trainer - Epoch: 238
2026/09/01 00:16:04 - __main__ - INFO - 162 - trainer - [0/257] Loss: 1.1763
2026/09/01 00:16:11 - __main__ - INFO - 162 - trainer - [52/257] Loss: 1.2320
2026/09/01 00:16:18 - __main__ - INFO - 162 - trainer - [104/257] Loss: 1.1780
2026/09/01 00:16:25 - __main__ - INFO - 162 - trainer - [156/257] Loss: 1.1930
2026/09/01 00:16:32 - __main__ - INFO - 162 - trainer - [208/257] Loss: 1.2273
2026/09/01 00:16:38 - __main__ - INFO - 167 - trainer - Average loss in epoch 238: 1.2041
2026/09/01 00:16:38 - __main__ - INFO - 117 - trainer - Epoch: 239
2026/09/01 00:16:38 - __main__ - INFO - 162 - trainer - [0/257] Loss: 1.2137
2026/09/01 00:16:45 - __main__ - INFO - 162 - trainer - [52/257] Loss: 1.1938
2026/09/01 00:16:52 - __main__ - INFO - 162 - trainer - [104/257] Loss: 1.1526
2026/09/01 00:16:59 - __main__ - INFO - 162 - trainer - [156/257] Loss: 1.2568
2026/09/01 00:17:06 - __main__ - INFO - 162 - trainer - [208/257] Loss: 1.2184
2026/09/01 00:17:12 - __main__ - INFO - 167 - trainer - Average loss in epoch 239: 1.2037
2026/09/01 00:17:12 - __main__ - INFO - 117 - trainer - Epoch: 240
2026/09/01 00:17:13 - __main__ - INFO - 162 - trainer - [0/257] Loss: 1.2160
2026/09/01 00:17:20 - __main__ - INFO - 162 - trainer - [52/257] Loss: 1.2280
2026/09/01 00:17:26 - __main__ - INFO - 162 - trainer - [104/257] Loss: 1.1843
2026/09/01 00:17:33 - __main__ - INFO - 162 - trainer - [156/257] Loss: 1.1748
2026/09/01 00:17:40 - __main__ - INFO - 162 - trainer - [208/257] Loss: 1.2074
2026/09/01 00:17:47 - __main__ - INFO - 167 - trainer - Average loss in epoch 240: 1.2043
2026/09/01 00:17:47 - __main__ - INFO - 173 - trainer - start predicting: 2026-09-01 00:17:47.099744
2026/09/01 00:18:49 - __main__ - INFO - 203 - trainer - {'Best_HR@5': np.float64(7.7559), 'Best_HR@10': np.float64(10.8086), 'Best_HR@20': np.float64(14.8969), 'Best_NDCG@5': np.float64(5.4019), 'Best_NDCG@10': np.float64(6.3742), 'Best_NDCG@20': np.float64(7.4177)}
2026/09/01 00:18:49 - __main__ - INFO - 204 - trainer - {'Best_epoch_HR@5': 180, 'Best_epoch_HR@10': 120, 'Best_epoch_HR@20': 160, 'Best_epoch_NDCG@5': 240, 'Best_epoch_NDCG@10': 120, 'Best_epoch_NDCG@20': 160}
2026/09/01 00:18:49 - __main__ - INFO - 117 - trainer - Epoch: 241
2026/09/01 00:18:49 - __main__ - INFO - 162 - trainer - [0/257] Loss: 1.2220
2026/09/01 00:18:56 - __main__ - INFO - 162 - trainer - [52/257] Loss: 1.2265
2026/09/01 00:19:03 - __main__ - INFO - 162 - trainer - [104/257] Loss: 1.2041
2026/09/01 00:19:10 - __main__ - INFO - 162 - trainer - [156/257] Loss: 1.1850
2026/09/01 00:19:17 - __main__ - INFO - 162 - trainer - [208/257] Loss: 1.2276
2026/09/01 00:19:23 - __main__ - INFO - 167 - trainer - Average loss in epoch 241: 1.2043
2026/09/01 00:19:23 - __main__ - INFO - 117 - trainer - Epoch: 242
2026/09/01 00:19:23 - __main__ - INFO - 162 - trainer - [0/257] Loss: 1.2030
2026/09/01 00:19:30 - __main__ - INFO - 162 - trainer - [52/257] Loss: 1.2072
2026/09/01 00:19:37 - __main__ - INFO - 162 - trainer - [104/257] Loss: 1.1968
2026/09/01 00:19:44 - __main__ - INFO - 162 - trainer - [156/257] Loss: 1.1912
2026/09/01 00:19:50 - __main__ - INFO - 162 - trainer - [208/257] Loss: 1.2065
2026/09/01 00:19:57 - __main__ - INFO - 167 - trainer - Average loss in epoch 242: 1.2030
2026/09/01 00:19:57 - __main__ - INFO - 117 - trainer - Epoch: 243
2026/09/01 00:19:57 - __main__ - INFO - 162 - trainer - [0/257] Loss: 1.2067
2026/09/01 00:20:04 - __main__ - INFO - 162 - trainer - [52/257] Loss: 1.1936
2026/09/01 00:20:11 - __main__ - INFO - 162 - trainer - [104/257] Loss: 1.1873
2026/09/01 00:20:17 - __main__ - INFO - 162 - trainer - [156/257] Loss: 1.1793
2026/09/01 00:20:24 - __main__ - INFO - 162 - trainer - [208/257] Loss: 1.2037
2026/09/01 00:20:30 - __main__ - INFO - 167 - trainer - Average loss in epoch 243: 1.2027
2026/09/01 00:20:30 - __main__ - INFO - 117 - trainer - Epoch: 244
2026/09/01 00:20:30 - __main__ - INFO - 162 - trainer - [0/257] Loss: 1.2098
2026/09/01 00:20:37 - __main__ - INFO - 162 - trainer - [52/257] Loss: 1.2120
2026/09/01 00:20:44 - __main__ - INFO - 162 - trainer - [104/257] Loss: 1.1946
2026/09/01 00:20:50 - __main__ - INFO - 162 - trainer - [156/257] Loss: 1.2148
2026/09/01 00:20:57 - __main__ - INFO - 162 - trainer - [208/257] Loss: 1.1717
2026/09/01 00:21:03 - __main__ - INFO - 167 - trainer - Average loss in epoch 244: 1.2035
2026/09/01 00:21:03 - __main__ - INFO - 117 - trainer - Epoch: 245
2026/09/01 00:21:04 - __main__ - INFO - 162 - trainer - [0/257] Loss: 1.2225
2026/09/01 00:21:11 - __main__ - INFO - 162 - trainer - [52/257] Loss: 1.2060
2026/09/01 00:21:17 - __main__ - INFO - 162 - trainer - [104/257] Loss: 1.1881
2026/09/01 00:21:24 - __main__ - INFO - 162 - trainer - [156/257] Loss: 1.1664
2026/09/01 00:21:31 - __main__ - INFO - 162 - trainer - [208/257] Loss: 1.2202
2026/09/01 00:21:37 - __main__ - INFO - 167 - trainer - Average loss in epoch 245: 1.2050
2026/09/01 00:21:37 - __main__ - INFO - 117 - trainer - Epoch: 246
2026/09/01 00:21:37 - __main__ - INFO - 162 - trainer - [0/257] Loss: 1.1919
2026/09/01 00:21:44 - __main__ - INFO - 162 - trainer - [52/257] Loss: 1.2033
2026/09/01 00:21:51 - __main__ - INFO - 162 - trainer - [104/257] Loss: 1.1953
2026/09/01 00:21:57 - __main__ - INFO - 162 - trainer - [156/257] Loss: 1.2040
2026/09/01 00:22:04 - __main__ - INFO - 162 - trainer - [208/257] Loss: 1.2220
2026/09/01 00:22:10 - __main__ - INFO - 167 - trainer - Average loss in epoch 246: 1.2034
2026/09/01 00:22:10 - __main__ - INFO - 117 - trainer - Epoch: 247
2026/09/01 00:22:10 - __main__ - INFO - 162 - trainer - [0/257] Loss: 1.1981
2026/09/01 00:22:17 - __main__ - INFO - 162 - trainer - [52/257] Loss: 1.1992
2026/09/01 00:22:24 - __main__ - INFO - 162 - trainer - [104/257] Loss: 1.2293
2026/09/01 00:22:31 - __main__ - INFO - 162 - trainer - [156/257] Loss: 1.2209
2026/09/01 00:22:38 - __main__ - INFO - 162 - trainer - [208/257] Loss: 1.2146
2026/09/01 00:22:44 - __main__ - INFO - 167 - trainer - Average loss in epoch 247: 1.2032
2026/09/01 00:22:44 - __main__ - INFO - 117 - trainer - Epoch: 248
2026/09/01 00:22:44 - __main__ - INFO - 162 - trainer - [0/257] Loss: 1.2095
2026/09/01 00:22:51 - __main__ - INFO - 162 - trainer - [52/257] Loss: 1.2187
2026/09/01 00:22:58 - __main__ - INFO - 162 - trainer - [104/257] Loss: 1.1945
2026/09/01 00:23:05 - __main__ - INFO - 162 - trainer - [156/257] Loss: 1.2190
2026/09/01 00:23:12 - __main__ - INFO - 162 - trainer - [208/257] Loss: 1.2103
2026/09/01 00:23:18 - __main__ - INFO - 167 - trainer - Average loss in epoch 248: 1.2044
2026/09/01 00:23:18 - __main__ - INFO - 117 - trainer - Epoch: 249
2026/09/01 00:23:18 - __main__ - INFO - 162 - trainer - [0/257] Loss: 1.1806
2026/09/01 00:23:25 - __main__ - INFO - 162 - trainer - [52/257] Loss: 1.2360
2026/09/01 00:23:32 - __main__ - INFO - 162 - trainer - [104/257] Loss: 1.2077
2026/09/01 00:23:39 - __main__ - INFO - 162 - trainer - [156/257] Loss: 1.2048
2026/09/01 00:23:46 - __main__ - INFO - 162 - trainer - [208/257] Loss: 1.1896
2026/09/01 00:23:52 - __main__ - INFO - 167 - trainer - Average loss in epoch 249: 1.2033
2026/09/01 00:23:52 - __main__ - INFO - 117 - trainer - Epoch: 250
2026/09/01 00:23:52 - __main__ - INFO - 162 - trainer - [0/257] Loss: 1.2110
2026/09/01 00:23:59 - __main__ - INFO - 162 - trainer - [52/257] Loss: 1.2530
2026/09/01 00:24:06 - __main__ - INFO - 162 - trainer - [104/257] Loss: 1.2243
2026/09/01 00:24:13 - __main__ - INFO - 162 - trainer - [156/257] Loss: 1.2189
2026/09/01 00:24:19 - __main__ - INFO - 162 - trainer - [208/257] Loss: 1.2307
2026/09/01 00:24:26 - __main__ - INFO - 167 - trainer - Average loss in epoch 250: 1.2025
2026/09/01 00:24:26 - __main__ - INFO - 117 - trainer - Epoch: 251
2026/09/01 00:24:26 - __main__ - INFO - 162 - trainer - [0/257] Loss: 1.2127
2026/09/01 00:24:33 - __main__ - INFO - 162 - trainer - [52/257] Loss: 1.1947
2026/09/01 00:24:40 - __main__ - INFO - 162 - trainer - [104/257] Loss: 1.1857
2026/09/01 00:24:47 - __main__ - INFO - 162 - trainer - [156/257] Loss: 1.1886
2026/09/01 00:24:53 - __main__ - INFO - 162 - trainer - [208/257] Loss: 1.1781
2026/09/01 00:25:00 - __main__ - INFO - 167 - trainer - Average loss in epoch 251: 1.2043
2026/09/01 00:25:00 - __main__ - INFO - 117 - trainer - Epoch: 252
2026/09/01 00:25:00 - __main__ - INFO - 162 - trainer - [0/257] Loss: 1.2026
2026/09/01 00:25:07 - __main__ - INFO - 162 - trainer - [52/257] Loss: 1.2107
2026/09/01 00:25:14 - __main__ - INFO - 162 - trainer - [104/257] Loss: 1.2243
2026/09/01 00:25:20 - __main__ - INFO - 162 - trainer - [156/257] Loss: 1.2230
2026/09/01 00:25:27 - __main__ - INFO - 162 - trainer - [208/257] Loss: 1.1870
2026/09/01 00:25:34 - __main__ - INFO - 167 - trainer - Average loss in epoch 252: 1.2040
2026/09/01 00:25:34 - __main__ - INFO - 117 - trainer - Epoch: 253
2026/09/01 00:25:34 - __main__ - INFO - 162 - trainer - [0/257] Loss: 1.2248
2026/09/01 00:25:41 - __main__ - INFO - 162 - trainer - [52/257] Loss: 1.2295
2026/09/01 00:25:48 - __main__ - INFO - 162 - trainer - [104/257] Loss: 1.1812
2026/09/01 00:25:54 - __main__ - INFO - 162 - trainer - [156/257] Loss: 1.1793
2026/09/01 00:26:01 - __main__ - INFO - 162 - trainer - [208/257] Loss: 1.2080
2026/09/01 00:26:08 - __main__ - INFO - 167 - trainer - Average loss in epoch 253: 1.2045
2026/09/01 00:26:08 - __main__ - INFO - 117 - trainer - Epoch: 254
2026/09/01 00:26:08 - __main__ - INFO - 162 - trainer - [0/257] Loss: 1.2078
2026/09/01 00:26:15 - __main__ - INFO - 162 - trainer - [52/257] Loss: 1.2291
2026/09/01 00:26:21 - __main__ - INFO - 162 - trainer - [104/257] Loss: 1.2058
2026/09/01 00:26:28 - __main__ - INFO - 162 - trainer - [156/257] Loss: 1.1724
2026/09/01 00:26:35 - __main__ - INFO - 162 - trainer - [208/257] Loss: 1.2051
2026/09/01 00:26:41 - __main__ - INFO - 167 - trainer - Average loss in epoch 254: 1.2028
2026/09/01 00:26:41 - __main__ - INFO - 117 - trainer - Epoch: 255
2026/09/01 00:26:41 - __main__ - INFO - 162 - trainer - [0/257] Loss: 1.2271
2026/09/01 00:26:48 - __main__ - INFO - 162 - trainer - [52/257] Loss: 1.2032
2026/09/01 00:26:55 - __main__ - INFO - 162 - trainer - [104/257] Loss: 1.2174
2026/09/01 00:27:02 - __main__ - INFO - 162 - trainer - [156/257] Loss: 1.2056
2026/09/01 00:27:08 - __main__ - INFO - 162 - trainer - [208/257] Loss: 1.1942
2026/09/01 00:27:15 - __main__ - INFO - 167 - trainer - Average loss in epoch 255: 1.2034
2026/09/01 00:27:15 - __main__ - INFO - 117 - trainer - Epoch: 256
2026/09/01 00:27:15 - __main__ - INFO - 162 - trainer - [0/257] Loss: 1.2017
2026/09/01 00:27:22 - __main__ - INFO - 162 - trainer - [52/257] Loss: 1.1845
2026/09/01 00:27:29 - __main__ - INFO - 162 - trainer - [104/257] Loss: 1.1912
2026/09/01 00:27:35 - __main__ - INFO - 162 - trainer - [156/257] Loss: 1.1887
2026/09/01 00:27:42 - __main__ - INFO - 162 - trainer - [208/257] Loss: 1.1998
2026/09/01 00:27:48 - __main__ - INFO - 167 - trainer - Average loss in epoch 256: 1.2030
2026/09/01 00:27:48 - __main__ - INFO - 117 - trainer - Epoch: 257
2026/09/01 00:27:49 - __main__ - INFO - 162 - trainer - [0/257] Loss: 1.2262
2026/09/01 00:27:55 - __main__ - INFO - 162 - trainer - [52/257] Loss: 1.2032
2026/09/01 00:28:02 - __main__ - INFO - 162 - trainer - [104/257] Loss: 1.1839
2026/09/01 00:28:09 - __main__ - INFO - 162 - trainer - [156/257] Loss: 1.2360
2026/09/01 00:28:16 - __main__ - INFO - 162 - trainer - [208/257] Loss: 1.1757
2026/09/01 00:28:22 - __main__ - INFO - 167 - trainer - Average loss in epoch 257: 1.2037
2026/09/01 00:28:22 - __main__ - INFO - 117 - trainer - Epoch: 258
2026/09/01 00:28:23 - __main__ - INFO - 162 - trainer - [0/257] Loss: 1.2328
2026/09/01 00:28:29 - __main__ - INFO - 162 - trainer - [52/257] Loss: 1.2203
2026/09/01 00:28:36 - __main__ - INFO - 162 - trainer - [104/257] Loss: 1.2205
2026/09/01 00:28:43 - __main__ - INFO - 162 - trainer - [156/257] Loss: 1.2502
2026/09/01 00:28:50 - __main__ - INFO - 162 - trainer - [208/257] Loss: 1.2189
2026/09/01 00:28:57 - __main__ - INFO - 167 - trainer - Average loss in epoch 258: 1.2035
2026/09/01 00:28:57 - __main__ - INFO - 117 - trainer - Epoch: 259
2026/09/01 00:28:57 - __main__ - INFO - 162 - trainer - [0/257] Loss: 1.2016
2026/09/01 00:29:04 - __main__ - INFO - 162 - trainer - [52/257] Loss: 1.1964
2026/09/01 00:29:10 - __main__ - INFO - 162 - trainer - [104/257] Loss: 1.2131
2026/09/01 00:29:17 - __main__ - INFO - 162 - trainer - [156/257] Loss: 1.2133
2026/09/01 00:29:24 - __main__ - INFO - 162 - trainer - [208/257] Loss: 1.2132
2026/09/01 00:29:30 - __main__ - INFO - 167 - trainer - Average loss in epoch 259: 1.2032
2026/09/01 00:29:30 - __main__ - INFO - 117 - trainer - Epoch: 260
2026/09/01 00:29:30 - __main__ - INFO - 162 - trainer - [0/257] Loss: 1.2186
2026/09/01 00:29:37 - __main__ - INFO - 162 - trainer - [52/257] Loss: 1.1719
2026/09/01 00:29:44 - __main__ - INFO - 162 - trainer - [104/257] Loss: 1.1956
2026/09/01 00:29:50 - __main__ - INFO - 162 - trainer - [156/257] Loss: 1.2222
2026/09/01 00:29:57 - __main__ - INFO - 162 - trainer - [208/257] Loss: 1.2107
2026/09/01 00:30:03 - __main__ - INFO - 167 - trainer - Average loss in epoch 260: 1.2040
2026/09/01 00:30:03 - __main__ - INFO - 173 - trainer - start predicting: 2026-09-01 00:30:03.867260
2026/09/01 00:31:00 - __main__ - INFO - 203 - trainer - {'Best_HR@5': np.float64(7.7559), 'Best_HR@10': np.float64(10.8086), 'Best_HR@20': np.float64(14.8969), 'Best_NDCG@5': np.float64(5.4033), 'Best_NDCG@10': np.float64(6.3742), 'Best_NDCG@20': np.float64(7.4177)}
2026/09/01 00:31:00 - __main__ - INFO - 204 - trainer - {'Best_epoch_HR@5': 180, 'Best_epoch_HR@10': 120, 'Best_epoch_HR@20': 160, 'Best_epoch_NDCG@5': 260, 'Best_epoch_NDCG@10': 120, 'Best_epoch_NDCG@20': 160}
2026/09/01 00:31:00 - __main__ - INFO - 117 - trainer - Epoch: 261
2026/09/01 00:31:01 - __main__ - INFO - 162 - trainer - [0/257] Loss: 1.2404
2026/09/01 00:31:07 - __main__ - INFO - 162 - trainer - [52/257] Loss: 1.1904
2026/09/01 00:31:15 - __main__ - INFO - 162 - trainer - [104/257] Loss: 1.1942
2026/09/01 00:31:21 - __main__ - INFO - 162 - trainer - [156/257] Loss: 1.2110
2026/09/01 00:31:28 - __main__ - INFO - 162 - trainer - [208/257] Loss: 1.1834
2026/09/01 00:31:35 - __main__ - INFO - 167 - trainer - Average loss in epoch 261: 1.2022
2026/09/01 00:31:35 - __main__ - INFO - 117 - trainer - Epoch: 262
2026/09/01 00:31:35 - __main__ - INFO - 162 - trainer - [0/257] Loss: 1.2214
2026/09/01 00:31:42 - __main__ - INFO - 162 - trainer - [52/257] Loss: 1.2022
2026/09/01 00:31:49 - __main__ - INFO - 162 - trainer - [104/257] Loss: 1.1928
2026/09/01 00:31:55 - __main__ - INFO - 162 - trainer - [156/257] Loss: 1.1705
2026/09/01 00:32:02 - __main__ - INFO - 162 - trainer - [208/257] Loss: 1.2197
2026/09/01 00:32:09 - __main__ - INFO - 167 - trainer - Average loss in epoch 262: 1.2026
2026/09/01 00:32:09 - __main__ - INFO - 117 - trainer - Epoch: 263
2026/09/01 00:32:09 - __main__ - INFO - 162 - trainer - [0/257] Loss: 1.2249
2026/09/01 00:32:16 - __main__ - INFO - 162 - trainer - [52/257] Loss: 1.2025
2026/09/01 00:32:23 - __main__ - INFO - 162 - trainer - [104/257] Loss: 1.2358
2026/09/01 00:32:30 - __main__ - INFO - 162 - trainer - [156/257] Loss: 1.1631
2026/09/01 00:32:37 - __main__ - INFO - 162 - trainer - [208/257] Loss: 1.2087
2026/09/01 00:32:43 - __main__ - INFO - 167 - trainer - Average loss in epoch 263: 1.2029
2026/09/01 00:32:43 - __main__ - INFO - 117 - trainer - Epoch: 264
2026/09/01 00:32:43 - __main__ - INFO - 162 - trainer - [0/257] Loss: 1.2002
2026/09/01 00:32:50 - __main__ - INFO - 162 - trainer - [52/257] Loss: 1.1903
2026/09/01 00:32:57 - __main__ - INFO - 162 - trainer - [104/257] Loss: 1.2009
2026/09/01 00:33:04 - __main__ - INFO - 162 - trainer - [156/257] Loss: 1.2233
2026/09/01 00:33:10 - __main__ - INFO - 162 - trainer - [208/257] Loss: 1.1968
2026/09/01 00:33:17 - __main__ - INFO - 167 - trainer - Average loss in epoch 264: 1.2030
2026/09/01 00:33:17 - __main__ - INFO - 117 - trainer - Epoch: 265
2026/09/01 00:33:17 - __main__ - INFO - 162 - trainer - [0/257] Loss: 1.1920
2026/09/01 00:33:24 - __main__ - INFO - 162 - trainer - [52/257] Loss: 1.2087
2026/09/01 00:33:31 - __main__ - INFO - 162 - trainer - [104/257] Loss: 1.2104
2026/09/01 00:33:38 - __main__ - INFO - 162 - trainer - [156/257] Loss: 1.2359
2026/09/01 00:33:45 - __main__ - INFO - 162 - trainer - [208/257] Loss: 1.2009
2026/09/01 00:33:51 - __main__ - INFO - 167 - trainer - Average loss in epoch 265: 1.2023
2026/09/01 00:33:51 - __main__ - INFO - 117 - trainer - Epoch: 266
2026/09/01 00:33:52 - __main__ - INFO - 162 - trainer - [0/257] Loss: 1.2139
2026/09/01 00:33:58 - __main__ - INFO - 162 - trainer - [52/257] Loss: 1.1748
2026/09/01 00:34:05 - __main__ - INFO - 162 - trainer - [104/257] Loss: 1.1573
2026/09/01 00:34:12 - __main__ - INFO - 162 - trainer - [156/257] Loss: 1.2051
2026/09/01 00:34:19 - __main__ - INFO - 162 - trainer - [208/257] Loss: 1.1972
2026/09/01 00:34:25 - __main__ - INFO - 167 - trainer - Average loss in epoch 266: 1.2031
2026/09/01 00:34:25 - __main__ - INFO - 117 - trainer - Epoch: 267
2026/09/01 00:34:25 - __main__ - INFO - 162 - trainer - [0/257] Loss: 1.1876
2026/09/01 00:34:32 - __main__ - INFO - 162 - trainer - [52/257] Loss: 1.2312
2026/09/01 00:34:39 - __main__ - INFO - 162 - trainer - [104/257] Loss: 1.2433
2026/09/01 00:34:46 - __main__ - INFO - 162 - trainer - [156/257] Loss: 1.2054
2026/09/01 00:34:53 - __main__ - INFO - 162 - trainer - [208/257] Loss: 1.1917
2026/09/01 00:34:59 - __main__ - INFO - 167 - trainer - Average loss in epoch 267: 1.2030
2026/09/01 00:34:59 - __main__ - INFO - 117 - trainer - Epoch: 268
2026/09/01 00:34:59 - __main__ - INFO - 162 - trainer - [0/257] Loss: 1.1950
2026/09/01 00:35:06 - __main__ - INFO - 162 - trainer - [52/257] Loss: 1.2039
2026/09/01 00:35:13 - __main__ - INFO - 162 - trainer - [104/257] Loss: 1.2223
2026/09/01 00:35:20 - __main__ - INFO - 162 - trainer - [156/257] Loss: 1.2016
2026/09/01 00:35:27 - __main__ - INFO - 162 - trainer - [208/257] Loss: 1.1939
2026/09/01 00:35:33 - __main__ - INFO - 167 - trainer - Average loss in epoch 268: 1.2017
2026/09/01 00:35:33 - __main__ - INFO - 117 - trainer - Epoch: 269
2026/09/01 00:35:33 - __main__ - INFO - 162 - trainer - [0/257] Loss: 1.1690
2026/09/01 00:35:40 - __main__ - INFO - 162 - trainer - [52/257] Loss: 1.2307
2026/09/01 00:35:47 - __main__ - INFO - 162 - trainer - [104/257] Loss: 1.2036
2026/09/01 00:35:54 - __main__ - INFO - 162 - trainer - [156/257] Loss: 1.2322
2026/09/01 00:36:01 - __main__ - INFO - 162 - trainer - [208/257] Loss: 1.1887
2026/09/01 00:36:07 - __main__ - INFO - 167 - trainer - Average loss in epoch 269: 1.2038
2026/09/01 00:36:07 - __main__ - INFO - 117 - trainer - Epoch: 270
2026/09/01 00:36:07 - __main__ - INFO - 162 - trainer - [0/257] Loss: 1.2125
2026/09/01 00:36:14 - __main__ - INFO - 162 - trainer - [52/257] Loss: 1.1757
2026/09/01 00:36:21 - __main__ - INFO - 162 - trainer - [104/257] Loss: 1.2078
2026/09/01 00:36:28 - __main__ - INFO - 162 - trainer - [156/257] Loss: 1.1942
2026/09/01 00:36:35 - __main__ - INFO - 162 - trainer - [208/257] Loss: 1.1817
2026/09/01 00:36:41 - __main__ - INFO - 167 - trainer - Average loss in epoch 270: 1.2032
2026/09/01 00:36:41 - __main__ - INFO - 117 - trainer - Epoch: 271
2026/09/01 00:36:41 - __main__ - INFO - 162 - trainer - [0/257] Loss: 1.2074
2026/09/01 00:36:48 - __main__ - INFO - 162 - trainer - [52/257] Loss: 1.2198
2026/09/01 00:36:55 - __main__ - INFO - 162 - trainer - [104/257] Loss: 1.1811
2026/09/01 00:37:02 - __main__ - INFO - 162 - trainer - [156/257] Loss: 1.2308
2026/09/01 00:37:09 - __main__ - INFO - 162 - trainer - [208/257] Loss: 1.1938
2026/09/01 00:37:15 - __main__ - INFO - 167 - trainer - Average loss in epoch 271: 1.2034
2026/09/01 00:37:15 - __main__ - INFO - 117 - trainer - Epoch: 272
2026/09/01 00:37:15 - __main__ - INFO - 162 - trainer - [0/257] Loss: 1.2053
2026/09/01 00:37:22 - __main__ - INFO - 162 - trainer - [52/257] Loss: 1.2217
2026/09/01 00:37:29 - __main__ - INFO - 162 - trainer - [104/257] Loss: 1.2043
2026/09/01 00:37:36 - __main__ - INFO - 162 - trainer - [156/257] Loss: 1.2072
2026/09/01 00:37:43 - __main__ - INFO - 162 - trainer - [208/257] Loss: 1.2226
2026/09/01 00:37:49 - __main__ - INFO - 167 - trainer - Average loss in epoch 272: 1.2035
2026/09/01 00:37:49 - __main__ - INFO - 117 - trainer - Epoch: 273
2026/09/01 00:37:49 - __main__ - INFO - 162 - trainer - [0/257] Loss: 1.2278
2026/09/01 00:37:56 - __main__ - INFO - 162 - trainer - [52/257] Loss: 1.2047
2026/09/01 00:38:03 - __main__ - INFO - 162 - trainer - [104/257] Loss: 1.2169
2026/09/01 00:38:10 - __main__ - INFO - 162 - trainer - [156/257] Loss: 1.2020
2026/09/01 00:38:17 - __main__ - INFO - 162 - trainer - [208/257] Loss: 1.1943
2026/09/01 00:38:23 - __main__ - INFO - 167 - trainer - Average loss in epoch 273: 1.2026
2026/09/01 00:38:23 - __main__ - INFO - 117 - trainer - Epoch: 274
2026/09/01 00:38:23 - __main__ - INFO - 162 - trainer - [0/257] Loss: 1.2266
2026/09/01 00:38:30 - __main__ - INFO - 162 - trainer - [52/257] Loss: 1.1971
2026/09/01 00:38:37 - __main__ - INFO - 162 - trainer - [104/257] Loss: 1.2049
2026/09/01 00:38:43 - __main__ - INFO - 162 - trainer - [156/257] Loss: 1.1952
2026/09/01 00:38:50 - __main__ - INFO - 162 - trainer - [208/257] Loss: 1.2042
2026/09/01 00:38:57 - __main__ - INFO - 167 - trainer - Average loss in epoch 274: 1.2032
2026/09/01 00:38:57 - __main__ - INFO - 117 - trainer - Epoch: 275
2026/09/01 00:38:57 - __main__ - INFO - 162 - trainer - [0/257] Loss: 1.1973
2026/09/01 00:39:04 - __main__ - INFO - 162 - trainer - [52/257] Loss: 1.2115
2026/09/01 00:39:10 - __main__ - INFO - 162 - trainer - [104/257] Loss: 1.1922
2026/09/01 00:39:17 - __main__ - INFO - 162 - trainer - [156/257] Loss: 1.1706
2026/09/01 00:39:24 - __main__ - INFO - 162 - trainer - [208/257] Loss: 1.2532
2026/09/01 00:39:30 - __main__ - INFO - 167 - trainer - Average loss in epoch 275: 1.2035
2026/09/01 00:39:30 - __main__ - INFO - 117 - trainer - Epoch: 276
2026/09/01 00:39:30 - __main__ - INFO - 162 - trainer - [0/257] Loss: 1.2273
2026/09/01 00:39:37 - __main__ - INFO - 162 - trainer - [52/257] Loss: 1.2212
2026/09/01 00:39:44 - __main__ - INFO - 162 - trainer - [104/257] Loss: 1.2039
2026/09/01 00:39:51 - __main__ - INFO - 162 - trainer - [156/257] Loss: 1.2353
2026/09/01 00:39:58 - __main__ - INFO - 162 - trainer - [208/257] Loss: 1.2255
2026/09/01 00:40:04 - __main__ - INFO - 167 - trainer - Average loss in epoch 276: 1.2017
2026/09/01 00:40:04 - __main__ - INFO - 117 - trainer - Epoch: 277
2026/09/01 00:40:04 - __main__ - INFO - 162 - trainer - [0/257] Loss: 1.2243
2026/09/01 00:40:11 - __main__ - INFO - 162 - trainer - [52/257] Loss: 1.2421
2026/09/01 00:40:18 - __main__ - INFO - 162 - trainer - [104/257] Loss: 1.2132
2026/09/01 00:40:25 - __main__ - INFO - 162 - trainer - [156/257] Loss: 1.2044
2026/09/01 00:40:31 - __main__ - INFO - 162 - trainer - [208/257] Loss: 1.2238
2026/09/01 00:40:38 - __main__ - INFO - 167 - trainer - Average loss in epoch 277: 1.2025
2026/09/01 00:40:38 - __main__ - INFO - 117 - trainer - Epoch: 278
2026/09/01 00:40:38 - __main__ - INFO - 162 - trainer - [0/257] Loss: 1.2000
2026/09/01 00:40:45 - __main__ - INFO - 162 - trainer - [52/257] Loss: 1.2224
2026/09/01 00:40:51 - __main__ - INFO - 162 - trainer - [104/257] Loss: 1.2063
2026/09/01 00:40:58 - __main__ - INFO - 162 - trainer - [156/257] Loss: 1.2000
2026/09/01 00:41:05 - __main__ - INFO - 162 - trainer - [208/257] Loss: 1.1904
2026/09/01 00:41:12 - __main__ - INFO - 167 - trainer - Average loss in epoch 278: 1.2024
2026/09/01 00:41:12 - __main__ - INFO - 117 - trainer - Epoch: 279
2026/09/01 00:41:12 - __main__ - INFO - 162 - trainer - [0/257] Loss: 1.1988
2026/09/01 00:41:19 - __main__ - INFO - 162 - trainer - [52/257] Loss: 1.2115
2026/09/01 00:41:26 - __main__ - INFO - 162 - trainer - [104/257] Loss: 1.2496
2026/09/01 00:41:32 - __main__ - INFO - 162 - trainer - [156/257] Loss: 1.2143
2026/09/01 00:41:39 - __main__ - INFO - 162 - trainer - [208/257] Loss: 1.2251
2026/09/01 00:41:46 - __main__ - INFO - 167 - trainer - Average loss in epoch 279: 1.2019
2026/09/01 00:41:46 - __main__ - INFO - 117 - trainer - Epoch: 280
2026/09/01 00:41:46 - __main__ - INFO - 162 - trainer - [0/257] Loss: 1.2321
2026/09/01 00:41:53 - __main__ - INFO - 162 - trainer - [52/257] Loss: 1.2113
2026/09/01 00:41:59 - __main__ - INFO - 162 - trainer - [104/257] Loss: 1.2131
2026/09/01 00:42:06 - __main__ - INFO - 162 - trainer - [156/257] Loss: 1.1589
2026/09/01 00:42:13 - __main__ - INFO - 162 - trainer - [208/257] Loss: 1.2225
2026/09/01 00:42:19 - __main__ - INFO - 167 - trainer - Average loss in epoch 280: 1.2016
2026/09/01 00:42:19 - __main__ - INFO - 173 - trainer - start predicting: 2026-09-01 00:42:19.957727
2026/09/01 00:43:20 - __main__ - INFO - 203 - trainer - {'Best_HR@5': np.float64(7.7559), 'Best_HR@10': np.float64(10.8086), 'Best_HR@20': np.float64(14.8969), 'Best_NDCG@5': np.float64(5.4038), 'Best_NDCG@10': np.float64(6.3742), 'Best_NDCG@20': np.float64(7.4177)}
2026/09/01 00:43:20 - __main__ - INFO - 204 - trainer - {'Best_epoch_HR@5': 180, 'Best_epoch_HR@10': 120, 'Best_epoch_HR@20': 160, 'Best_epoch_NDCG@5': 280, 'Best_epoch_NDCG@10': 120, 'Best_epoch_NDCG@20': 160}
2026/09/01 00:43:20 - __main__ - INFO - 117 - trainer - Epoch: 281
2026/09/01 00:43:20 - __main__ - INFO - 162 - trainer - [0/257] Loss: 1.2311
2026/09/01 00:43:27 - __main__ - INFO - 162 - trainer - [52/257] Loss: 1.1640
2026/09/01 00:43:35 - __main__ - INFO - 162 - trainer - [104/257] Loss: 1.2098
2026/09/01 00:43:42 - __main__ - INFO - 162 - trainer - [156/257] Loss: 1.2218
2026/09/01 00:43:50 - __main__ - INFO - 162 - trainer - [208/257] Loss: 1.2041
2026/09/01 00:43:57 - __main__ - INFO - 167 - trainer - Average loss in epoch 281: 1.2032
2026/09/01 00:43:57 - __main__ - INFO - 117 - trainer - Epoch: 282
2026/09/01 00:43:57 - __main__ - INFO - 162 - trainer - [0/257] Loss: 1.1828
2026/09/01 00:44:04 - __main__ - INFO - 162 - trainer - [52/257] Loss: 1.2296
2026/09/01 00:44:11 - __main__ - INFO - 162 - trainer - [104/257] Loss: 1.1638
2026/09/01 00:44:19 - __main__ - INFO - 162 - trainer - [156/257] Loss: 1.1987
2026/09/01 00:44:26 - __main__ - INFO - 162 - trainer - [208/257] Loss: 1.1963
2026/09/01 00:44:33 - __main__ - INFO - 167 - trainer - Average loss in epoch 282: 1.2016
2026/09/01 00:44:33 - __main__ - INFO - 117 - trainer - Epoch: 283
2026/09/01 00:44:33 - __main__ - INFO - 162 - trainer - [0/257] Loss: 1.2444
2026/09/01 00:44:40 - __main__ - INFO - 162 - trainer - [52/257] Loss: 1.2342
2026/09/01 00:44:47 - __main__ - INFO - 162 - trainer - [104/257] Loss: 1.1838
2026/09/01 00:44:54 - __main__ - INFO - 162 - trainer - [156/257] Loss: 1.2220
2026/09/01 00:45:02 - __main__ - INFO - 162 - trainer - [208/257] Loss: 1.1800
2026/09/01 00:45:08 - __main__ - INFO - 167 - trainer - Average loss in epoch 283: 1.2026
2026/09/01 00:45:08 - __main__ - INFO - 117 - trainer - Epoch: 284
2026/09/01 00:45:08 - __main__ - INFO - 162 - trainer - [0/257] Loss: 1.1872
2026/09/01 00:45:16 - __main__ - INFO - 162 - trainer - [52/257] Loss: 1.2117
2026/09/01 00:45:23 - __main__ - INFO - 162 - trainer - [104/257] Loss: 1.1668
2026/09/01 00:45:31 - __main__ - INFO - 162 - trainer - [156/257] Loss: 1.1836
2026/09/01 00:45:38 - __main__ - INFO - 162 - trainer - [208/257] Loss: 1.2012
2026/09/01 00:45:45 - __main__ - INFO - 167 - trainer - Average loss in epoch 284: 1.2026
2026/09/01 00:45:45 - __main__ - INFO - 117 - trainer - Epoch: 285
2026/09/01 00:45:45 - __main__ - INFO - 162 - trainer - [0/257] Loss: 1.2029
2026/09/01 00:45:52 - __main__ - INFO - 162 - trainer - [52/257] Loss: 1.2243
2026/09/01 00:45:59 - __main__ - INFO - 162 - trainer - [104/257] Loss: 1.1829
2026/09/01 00:46:07 - __main__ - INFO - 162 - trainer - [156/257] Loss: 1.1743
2026/09/01 00:46:14 - __main__ - INFO - 162 - trainer - [208/257] Loss: 1.1821
2026/09/01 00:46:21 - __main__ - INFO - 167 - trainer - Average loss in epoch 285: 1.2021
2026/09/01 00:46:21 - __main__ - INFO - 117 - trainer - Epoch: 286
2026/09/01 00:46:21 - __main__ - INFO - 162 - trainer - [0/257] Loss: 1.1938
2026/09/01 00:46:29 - __main__ - INFO - 162 - trainer - [52/257] Loss: 1.2383
2026/09/01 00:46:36 - __main__ - INFO - 162 - trainer - [104/257] Loss: 1.2320
2026/09/01 00:46:44 - __main__ - INFO - 162 - trainer - [156/257] Loss: 1.2053
2026/09/01 00:46:51 - __main__ - INFO - 162 - trainer - [208/257] Loss: 1.2281
2026/09/01 00:46:58 - __main__ - INFO - 167 - trainer - Average loss in epoch 286: 1.2026
2026/09/01 00:46:58 - __main__ - INFO - 117 - trainer - Epoch: 287
2026/09/01 00:46:58 - __main__ - INFO - 162 - trainer - [0/257] Loss: 1.2429
2026/09/01 00:47:05 - __main__ - INFO - 162 - trainer - [52/257] Loss: 1.2136
2026/09/01 00:47:12 - __main__ - INFO - 162 - trainer - [104/257] Loss: 1.1983
2026/09/01 00:47:20 - __main__ - INFO - 162 - trainer - [156/257] Loss: 1.2307
2026/09/01 00:47:27 - __main__ - INFO - 162 - trainer - [208/257] Loss: 1.2209
2026/09/01 00:47:34 - __main__ - INFO - 167 - trainer - Average loss in epoch 287: 1.2021
2026/09/01 00:47:34 - __main__ - INFO - 117 - trainer - Epoch: 288
2026/09/01 00:47:34 - __main__ - INFO - 162 - trainer - [0/257] Loss: 1.2010
2026/09/01 00:47:41 - __main__ - INFO - 162 - trainer - [52/257] Loss: 1.1952
2026/09/01 00:47:48 - __main__ - INFO - 162 - trainer - [104/257] Loss: 1.2080
2026/09/01 00:47:56 - __main__ - INFO - 162 - trainer - [156/257] Loss: 1.1758
2026/09/01 00:48:03 - __main__ - INFO - 162 - trainer - [208/257] Loss: 1.1874
2026/09/01 00:48:09 - __main__ - INFO - 167 - trainer - Average loss in epoch 288: 1.2020
2026/09/01 00:48:09 - __main__ - INFO - 117 - trainer - Epoch: 289
2026/09/01 00:48:10 - __main__ - INFO - 162 - trainer - [0/257] Loss: 1.2068
2026/09/01 00:48:17 - __main__ - INFO - 162 - trainer - [52/257] Loss: 1.1672
2026/09/01 00:48:24 - __main__ - INFO - 162 - trainer - [104/257] Loss: 1.1802
2026/09/01 00:48:31 - __main__ - INFO - 162 - trainer - [156/257] Loss: 1.1870
2026/09/01 00:48:39 - __main__ - INFO - 162 - trainer - [208/257] Loss: 1.1785
2026/09/01 00:48:46 - __main__ - INFO - 167 - trainer - Average loss in epoch 289: 1.2020
2026/09/01 00:48:46 - __main__ - INFO - 117 - trainer - Epoch: 290
2026/09/01 00:48:46 - __main__ - INFO - 162 - trainer - [0/257] Loss: 1.1867
2026/09/01 00:48:53 - __main__ - INFO - 162 - trainer - [52/257] Loss: 1.2289
2026/09/01 00:49:00 - __main__ - INFO - 162 - trainer - [104/257] Loss: 1.1852
2026/09/01 00:49:08 - __main__ - INFO - 162 - trainer - [156/257] Loss: 1.1905
2026/09/01 00:49:15 - __main__ - INFO - 162 - trainer - [208/257] Loss: 1.2344
2026/09/01 00:49:22 - __main__ - INFO - 167 - trainer - Average loss in epoch 290: 1.2012
2026/09/01 00:49:22 - __main__ - INFO - 117 - trainer - Epoch: 291
2026/09/01 00:49:22 - __main__ - INFO - 162 - trainer - [0/257] Loss: 1.2353
2026/09/01 00:49:29 - __main__ - INFO - 162 - trainer - [52/257] Loss: 1.2164
2026/09/01 00:49:37 - __main__ - INFO - 162 - trainer - [104/257] Loss: 1.1903
2026/09/01 00:49:44 - __main__ - INFO - 162 - trainer - [156/257] Loss: 1.2225
2026/09/01 00:49:52 - __main__ - INFO - 162 - trainer - [208/257] Loss: 1.1976
2026/09/01 00:49:58 - __main__ - INFO - 167 - trainer - Average loss in epoch 291: 1.2019
2026/09/01 00:49:58 - __main__ - INFO - 117 - trainer - Epoch: 292
2026/09/01 00:49:58 - __main__ - INFO - 162 - trainer - [0/257] Loss: 1.2154
2026/09/01 00:50:06 - __main__ - INFO - 162 - trainer - [52/257] Loss: 1.1961
2026/09/01 00:50:13 - __main__ - INFO - 162 - trainer - [104/257] Loss: 1.2163
2026/09/01 00:50:20 - __main__ - INFO - 162 - trainer - [156/257] Loss: 1.1970
2026/09/01 00:50:28 - __main__ - INFO - 162 - trainer - [208/257] Loss: 1.1609
2026/09/01 00:50:34 - __main__ - INFO - 167 - trainer - Average loss in epoch 292: 1.2026
2026/09/01 00:50:34 - __main__ - INFO - 117 - trainer - Epoch: 293
2026/09/01 00:50:35 - __main__ - INFO - 162 - trainer - [0/257] Loss: 1.2338
2026/09/01 00:50:42 - __main__ - INFO - 162 - trainer - [52/257] Loss: 1.1719
2026/09/01 00:50:49 - __main__ - INFO - 162 - trainer - [104/257] Loss: 1.2185
2026/09/01 00:50:57 - __main__ - INFO - 162 - trainer - [156/257] Loss: 1.1990
2026/09/01 00:51:04 - __main__ - INFO - 162 - trainer - [208/257] Loss: 1.2142
2026/09/01 00:51:11 - __main__ - INFO - 167 - trainer - Average loss in epoch 293: 1.2011
2026/09/01 00:51:11 - __main__ - INFO - 117 - trainer - Epoch: 294
2026/09/01 00:51:11 - __main__ - INFO - 162 - trainer - [0/257] Loss: 1.2123
2026/09/01 00:51:18 - __main__ - INFO - 162 - trainer - [52/257] Loss: 1.1976
2026/09/01 00:51:25 - __main__ - INFO - 162 - trainer - [104/257] Loss: 1.2106
2026/09/01 00:51:33 - __main__ - INFO - 162 - trainer - [156/257] Loss: 1.1729
2026/09/01 00:51:40 - __main__ - INFO - 162 - trainer - [208/257] Loss: 1.2056
2026/09/01 00:51:47 - __main__ - INFO - 167 - trainer - Average loss in epoch 294: 1.2019
2026/09/01 00:51:47 - __main__ - INFO - 117 - trainer - Epoch: 295
2026/09/01 00:51:47 - __main__ - INFO - 162 - trainer - [0/257] Loss: 1.1537
2026/09/01 00:51:54 - __main__ - INFO - 162 - trainer - [52/257] Loss: 1.2275
2026/09/01 00:52:01 - __main__ - INFO - 162 - trainer - [104/257] Loss: 1.1887
2026/09/01 00:52:09 - __main__ - INFO - 162 - trainer - [156/257] Loss: 1.1949
2026/09/01 00:52:17 - __main__ - INFO - 162 - trainer - [208/257] Loss: 1.1885
2026/09/01 00:52:23 - __main__ - INFO - 167 - trainer - Average loss in epoch 295: 1.2020
2026/09/01 00:52:23 - __main__ - INFO - 117 - trainer - Epoch: 296
2026/09/01 00:52:23 - __main__ - INFO - 162 - trainer - [0/257] Loss: 1.2258
2026/09/01 00:52:31 - __main__ - INFO - 162 - trainer - [52/257] Loss: 1.2408
2026/09/01 00:52:38 - __main__ - INFO - 162 - trainer - [104/257] Loss: 1.2216
2026/09/01 00:52:45 - __main__ - INFO - 162 - trainer - [156/257] Loss: 1.2028
2026/09/01 00:52:53 - __main__ - INFO - 162 - trainer - [208/257] Loss: 1.1941
2026/09/01 00:53:00 - __main__ - INFO - 167 - trainer - Average loss in epoch 296: 1.2028
2026/09/01 00:53:00 - __main__ - INFO - 117 - trainer - Epoch: 297
2026/09/01 00:53:00 - __main__ - INFO - 162 - trainer - [0/257] Loss: 1.1760
2026/09/01 00:53:07 - __main__ - INFO - 162 - trainer - [52/257] Loss: 1.1869
2026/09/01 00:53:14 - __main__ - INFO - 162 - trainer - [104/257] Loss: 1.1982
2026/09/01 00:53:22 - __main__ - INFO - 162 - trainer - [156/257] Loss: 1.1913
2026/09/01 00:53:29 - __main__ - INFO - 162 - trainer - [208/257] Loss: 1.1997
2026/09/01 00:53:36 - __main__ - INFO - 167 - trainer - Average loss in epoch 297: 1.2015
2026/09/01 00:53:36 - __main__ - INFO - 117 - trainer - Epoch: 298
2026/09/01 00:53:36 - __main__ - INFO - 162 - trainer - [0/257] Loss: 1.1822
2026/09/01 00:53:44 - __main__ - INFO - 162 - trainer - [52/257] Loss: 1.1887
2026/09/01 00:53:51 - __main__ - INFO - 162 - trainer - [104/257] Loss: 1.1979
2026/09/01 00:53:58 - __main__ - INFO - 162 - trainer - [156/257] Loss: 1.1846
2026/09/01 00:54:06 - __main__ - INFO - 162 - trainer - [208/257] Loss: 1.1705
2026/09/01 00:54:13 - __main__ - INFO - 167 - trainer - Average loss in epoch 298: 1.2032
2026/09/01 00:54:13 - __main__ - INFO - 117 - trainer - Epoch: 299
2026/09/01 00:54:13 - __main__ - INFO - 162 - trainer - [0/257] Loss: 1.1892
2026/09/01 00:54:20 - __main__ - INFO - 162 - trainer - [52/257] Loss: 1.2676
2026/09/01 00:54:27 - __main__ - INFO - 162 - trainer - [104/257] Loss: 1.1869
2026/09/01 00:54:35 - __main__ - INFO - 162 - trainer - [156/257] Loss: 1.2225
2026/09/01 00:54:42 - __main__ - INFO - 162 - trainer - [208/257] Loss: 1.2009
2026/09/01 00:54:49 - __main__ - INFO - 167 - trainer - Average loss in epoch 299: 1.2022
2026/09/01 00:54:49 - __main__ - INFO - 117 - trainer - Epoch: 300
2026/09/01 00:54:49 - __main__ - INFO - 162 - trainer - [0/257] Loss: 1.2157
2026/09/01 00:54:57 - __main__ - INFO - 162 - trainer - [52/257] Loss: 1.2006
2026/09/01 00:55:04 - __main__ - INFO - 162 - trainer - [104/257] Loss: 1.1718
2026/09/01 00:55:11 - __main__ - INFO - 162 - trainer - [156/257] Loss: 1.2543
2026/09/01 00:55:19 - __main__ - INFO - 162 - trainer - [208/257] Loss: 1.1958
2026/09/01 00:55:26 - __main__ - INFO - 167 - trainer - Average loss in epoch 300: 1.2014
2026/09/01 00:55:26 - __main__ - INFO - 173 - trainer - start predicting: 2026-09-01 00:55:26.132389
2026/09/01 00:56:37 - __main__ - INFO - 117 - trainer - Epoch: 301
2026/09/01 00:56:37 - __main__ - INFO - 162 - trainer - [0/257] Loss: 1.2192
2026/09/01 00:56:45 - __main__ - INFO - 162 - trainer - [52/257] Loss: 1.1901
2026/09/01 00:56:52 - __main__ - INFO - 162 - trainer - [104/257] Loss: 1.1797
2026/09/01 00:57:00 - __main__ - INFO - 162 - trainer - [156/257] Loss: 1.1840
2026/09/01 00:57:08 - __main__ - INFO - 162 - trainer - [208/257] Loss: 1.2166
2026/09/01 00:57:15 - __main__ - INFO - 167 - trainer - Average loss in epoch 301: 1.2020
2026/09/01 00:57:15 - __main__ - INFO - 117 - trainer - Epoch: 302
2026/09/01 00:57:15 - __main__ - INFO - 162 - trainer - [0/257] Loss: 1.2251
2026/09/01 00:57:23 - __main__ - INFO - 162 - trainer - [52/257] Loss: 1.2084
2026/09/01 00:57:30 - __main__ - INFO - 162 - trainer - [104/257] Loss: 1.1861
2026/09/01 00:57:37 - __main__ - INFO - 162 - trainer - [156/257] Loss: 1.1857
2026/09/01 00:57:45 - __main__ - INFO - 162 - trainer - [208/257] Loss: 1.2214
2026/09/01 00:57:52 - __main__ - INFO - 167 - trainer - Average loss in epoch 302: 1.2012
2026/09/01 00:57:52 - __main__ - INFO - 117 - trainer - Epoch: 303
2026/09/01 00:57:52 - __main__ - INFO - 162 - trainer - [0/257] Loss: 1.2310
2026/09/01 00:58:00 - __main__ - INFO - 162 - trainer - [52/257] Loss: 1.2071
2026/09/01 00:58:08 - __main__ - INFO - 162 - trainer - [104/257] Loss: 1.1967
2026/09/01 00:58:16 - __main__ - INFO - 162 - trainer - [156/257] Loss: 1.2189
2026/09/01 00:58:23 - __main__ - INFO - 162 - trainer - [208/257] Loss: 1.1998
2026/09/01 00:58:30 - __main__ - INFO - 167 - trainer - Average loss in epoch 303: 1.2012
2026/09/01 00:58:30 - __main__ - INFO - 117 - trainer - Epoch: 304
2026/09/01 00:58:30 - __main__ - INFO - 162 - trainer - [0/257] Loss: 1.1790
2026/09/01 00:58:38 - __main__ - INFO - 162 - trainer - [52/257] Loss: 1.1905
2026/09/01 00:58:46 - __main__ - INFO - 162 - trainer - [104/257] Loss: 1.1931
2026/09/01 00:58:53 - __main__ - INFO - 162 - trainer - [156/257] Loss: 1.2075
2026/09/01 00:59:01 - __main__ - INFO - 162 - trainer - [208/257] Loss: 1.1666
2026/09/01 00:59:08 - __main__ - INFO - 167 - trainer - Average loss in epoch 304: 1.2013
2026/09/01 00:59:08 - __main__ - INFO - 117 - trainer - Epoch: 305
2026/09/01 00:59:08 - __main__ - INFO - 162 - trainer - [0/257] Loss: 1.1867
2026/09/01 00:59:16 - __main__ - INFO - 162 - trainer - [52/257] Loss: 1.2023
2026/09/01 00:59:24 - __main__ - INFO - 162 - trainer - [104/257] Loss: 1.2158
2026/09/01 00:59:31 - __main__ - INFO - 162 - trainer - [156/257] Loss: 1.1949
2026/09/01 00:59:39 - __main__ - INFO - 162 - trainer - [208/257] Loss: 1.1749
2026/09/01 00:59:46 - __main__ - INFO - 167 - trainer - Average loss in epoch 305: 1.2018
2026/09/01 00:59:46 - __main__ - INFO - 117 - trainer - Epoch: 306
2026/09/01 00:59:46 - __main__ - INFO - 162 - trainer - [0/257] Loss: 1.2005
2026/09/01 00:59:54 - __main__ - INFO - 162 - trainer - [52/257] Loss: 1.1989
2026/09/01 01:00:02 - __main__ - INFO - 162 - trainer - [104/257] Loss: 1.2110
2026/09/01 01:00:09 - __main__ - INFO - 162 - trainer - [156/257] Loss: 1.1573
2026/09/01 01:00:17 - __main__ - INFO - 162 - trainer - [208/257] Loss: 1.2318
2026/09/01 01:00:24 - __main__ - INFO - 167 - trainer - Average loss in epoch 306: 1.2012
2026/09/01 01:00:24 - __main__ - INFO - 117 - trainer - Epoch: 307
2026/09/01 01:00:24 - __main__ - INFO - 162 - trainer - [0/257] Loss: 1.1891
2026/09/01 01:00:32 - __main__ - INFO - 162 - trainer - [52/257] Loss: 1.1932
2026/09/01 01:00:39 - __main__ - INFO - 162 - trainer - [104/257] Loss: 1.2293
2026/09/01 01:00:47 - __main__ - INFO - 162 - trainer - [156/257] Loss: 1.2237
2026/09/01 01:00:55 - __main__ - INFO - 162 - trainer - [208/257] Loss: 1.1760
2026/09/01 01:01:02 - __main__ - INFO - 167 - trainer - Average loss in epoch 307: 1.2013
2026/09/01 01:01:02 - __main__ - INFO - 117 - trainer - Epoch: 308
2026/09/01 01:01:02 - __main__ - INFO - 162 - trainer - [0/257] Loss: 1.1825
2026/09/01 01:01:10 - __main__ - INFO - 162 - trainer - [52/257] Loss: 1.2243
2026/09/01 01:01:17 - __main__ - INFO - 162 - trainer - [104/257] Loss: 1.2048
2026/09/01 01:01:25 - __main__ - INFO - 162 - trainer - [156/257] Loss: 1.1919
2026/09/01 01:01:33 - __main__ - INFO - 162 - trainer - [208/257] Loss: 1.2023
2026/09/01 01:01:40 - __main__ - INFO - 167 - trainer - Average loss in epoch 308: 1.2021
2026/09/01 01:01:40 - __main__ - INFO - 117 - trainer - Epoch: 309
2026/09/01 01:01:40 - __main__ - INFO - 162 - trainer - [0/257] Loss: 1.1984
2026/09/01 01:01:48 - __main__ - INFO - 162 - trainer - [52/257] Loss: 1.1723
2026/09/01 01:01:56 - __main__ - INFO - 162 - trainer - [104/257] Loss: 1.1882
2026/09/01 01:02:03 - __main__ - INFO - 162 - trainer - [156/257] Loss: 1.2180
2026/09/01 01:02:11 - __main__ - INFO - 162 - trainer - [208/257] Loss: 1.2117
2026/09/01 01:02:18 - __main__ - INFO - 167 - trainer - Average loss in epoch 309: 1.2021
2026/09/01 01:02:18 - __main__ - INFO - 117 - trainer - Epoch: 310
2026/09/01 01:02:18 - __main__ - INFO - 162 - trainer - [0/257] Loss: 1.1918
2026/09/01 01:02:26 - __main__ - INFO - 162 - trainer - [52/257] Loss: 1.1699
2026/09/01 01:02:34 - __main__ - INFO - 162 - trainer - [104/257] Loss: 1.1935
2026/09/01 01:02:41 - __main__ - INFO - 162 - trainer - [156/257] Loss: 1.1808
2026/09/01 01:02:48 - __main__ - INFO - 162 - trainer - [208/257] Loss: 1.1757
2026/09/01 01:02:56 - __main__ - INFO - 167 - trainer - Average loss in epoch 310: 1.2022
2026/09/01 01:02:56 - __main__ - INFO - 117 - trainer - Epoch: 311
2026/09/01 01:02:56 - __main__ - INFO - 162 - trainer - [0/257] Loss: 1.2552
2026/09/01 01:03:03 - __main__ - INFO - 162 - trainer - [52/257] Loss: 1.1999
2026/09/01 01:03:11 - __main__ - INFO - 162 - trainer - [104/257] Loss: 1.2245
2026/09/01 01:03:19 - __main__ - INFO - 162 - trainer - [156/257] Loss: 1.1934
2026/09/01 01:03:26 - __main__ - INFO - 162 - trainer - [208/257] Loss: 1.2070
2026/09/01 01:03:33 - __main__ - INFO - 167 - trainer - Average loss in epoch 311: 1.2014
2026/09/01 01:03:33 - __main__ - INFO - 117 - trainer - Epoch: 312
2026/09/01 01:03:33 - __main__ - INFO - 162 - trainer - [0/257] Loss: 1.1995
2026/09/01 01:03:41 - __main__ - INFO - 162 - trainer - [52/257] Loss: 1.2133
2026/09/01 01:03:49 - __main__ - INFO - 162 - trainer - [104/257] Loss: 1.1997
2026/09/01 01:03:56 - __main__ - INFO - 162 - trainer - [156/257] Loss: 1.2221
2026/09/01 01:04:04 - __main__ - INFO - 162 - trainer - [208/257] Loss: 1.2044
2026/09/01 01:04:11 - __main__ - INFO - 167 - trainer - Average loss in epoch 312: 1.2010
2026/09/01 01:04:11 - __main__ - INFO - 117 - trainer - Epoch: 313
2026/09/01 01:04:11 - __main__ - INFO - 162 - trainer - [0/257] Loss: 1.2116
2026/09/01 01:04:18 - __main__ - INFO - 162 - trainer - [52/257] Loss: 1.1968
2026/09/01 01:04:26 - __main__ - INFO - 162 - trainer - [104/257] Loss: 1.2041
2026/09/01 01:04:33 - __main__ - INFO - 162 - trainer - [156/257] Loss: 1.1949
2026/09/01 01:04:41 - __main__ - INFO - 162 - trainer - [208/257] Loss: 1.1779
2026/09/01 01:04:48 - __main__ - INFO - 167 - trainer - Average loss in epoch 313: 1.2015
2026/09/01 01:04:48 - __main__ - INFO - 117 - trainer - Epoch: 314
2026/09/01 01:04:48 - __main__ - INFO - 162 - trainer - [0/257] Loss: 1.1991
2026/09/01 01:04:55 - __main__ - INFO - 162 - trainer - [52/257] Loss: 1.2312
2026/09/01 01:05:03 - __main__ - INFO - 162 - trainer - [104/257] Loss: 1.1868
2026/09/01 01:05:11 - __main__ - INFO - 162 - trainer - [156/257] Loss: 1.1823
2026/09/01 01:05:18 - __main__ - INFO - 162 - trainer - [208/257] Loss: 1.1811
2026/09/01 01:05:25 - __main__ - INFO - 167 - trainer - Average loss in epoch 314: 1.2013
2026/09/01 01:05:25 - __main__ - INFO - 117 - trainer - Epoch: 315
2026/09/01 01:05:25 - __main__ - INFO - 162 - trainer - [0/257] Loss: 1.2231
2026/09/01 01:05:33 - __main__ - INFO - 162 - trainer - [52/257] Loss: 1.2016
2026/09/01 01:05:40 - __main__ - INFO - 162 - trainer - [104/257] Loss: 1.1950
2026/09/01 01:05:47 - __main__ - INFO - 162 - trainer - [156/257] Loss: 1.1730
2026/09/01 01:05:55 - __main__ - INFO - 162 - trainer - [208/257] Loss: 1.2126
2026/09/01 01:06:02 - __main__ - INFO - 167 - trainer - Average loss in epoch 315: 1.2019
2026/09/01 01:06:02 - __main__ - INFO - 117 - trainer - Epoch: 316
2026/09/01 01:06:02 - __main__ - INFO - 162 - trainer - [0/257] Loss: 1.2290
2026/09/01 01:06:10 - __main__ - INFO - 162 - trainer - [52/257] Loss: 1.2121
2026/09/01 01:06:18 - __main__ - INFO - 162 - trainer - [104/257] Loss: 1.1737
2026/09/01 01:06:25 - __main__ - INFO - 162 - trainer - [156/257] Loss: 1.2067
2026/09/01 01:06:33 - __main__ - INFO - 162 - trainer - [208/257] Loss: 1.2134
2026/09/01 01:06:40 - __main__ - INFO - 167 - trainer - Average loss in epoch 316: 1.2017
2026/09/01 01:06:40 - __main__ - INFO - 117 - trainer - Epoch: 317
2026/09/01 01:06:40 - __main__ - INFO - 162 - trainer - [0/257] Loss: 1.2207
2026/09/01 01:06:47 - __main__ - INFO - 162 - trainer - [52/257] Loss: 1.2041
2026/09/01 01:06:55 - __main__ - INFO - 162 - trainer - [104/257] Loss: 1.2340
2026/09/01 01:07:03 - __main__ - INFO - 162 - trainer - [156/257] Loss: 1.2070
2026/09/01 01:07:11 - __main__ - INFO - 162 - trainer - [208/257] Loss: 1.1825
2026/09/01 01:07:18 - __main__ - INFO - 167 - trainer - Average loss in epoch 317: 1.2033
2026/09/01 01:07:18 - __main__ - INFO - 117 - trainer - Epoch: 318
2026/09/01 01:07:18 - __main__ - INFO - 162 - trainer - [0/257] Loss: 1.1925
2026/09/01 01:07:25 - __main__ - INFO - 162 - trainer - [52/257] Loss: 1.2086
2026/09/01 01:07:33 - __main__ - INFO - 162 - trainer - [104/257] Loss: 1.1968
2026/09/01 01:07:41 - __main__ - INFO - 162 - trainer - [156/257] Loss: 1.1850
2026/09/01 01:07:48 - __main__ - INFO - 162 - trainer - [208/257] Loss: 1.2079
2026/09/01 01:07:55 - __main__ - INFO - 167 - trainer - Average loss in epoch 318: 1.2017
2026/09/01 01:07:55 - __main__ - INFO - 117 - trainer - Epoch: 319
2026/09/01 01:07:55 - __main__ - INFO - 162 - trainer - [0/257] Loss: 1.1930
2026/09/01 01:08:03 - __main__ - INFO - 162 - trainer - [52/257] Loss: 1.2050
2026/09/01 01:08:11 - __main__ - INFO - 162 - trainer - [104/257] Loss: 1.2176
2026/09/01 01:08:18 - __main__ - INFO - 162 - trainer - [156/257] Loss: 1.2079
2026/09/01 01:08:26 - __main__ - INFO - 162 - trainer - [208/257] Loss: 1.2013
2026/09/01 01:08:33 - __main__ - INFO - 167 - trainer - Average loss in epoch 319: 1.2018
2026/09/01 01:08:33 - __main__ - INFO - 117 - trainer - Epoch: 320
2026/09/01 01:08:33 - __main__ - INFO - 162 - trainer - [0/257] Loss: 1.2116
2026/09/01 01:08:41 - __main__ - INFO - 162 - trainer - [52/257] Loss: 1.1908
2026/09/01 01:08:49 - __main__ - INFO - 162 - trainer - [104/257] Loss: 1.2252
2026/09/01 01:08:56 - __main__ - INFO - 162 - trainer - [156/257] Loss: 1.2201
2026/09/01 01:09:04 - __main__ - INFO - 162 - trainer - [208/257] Loss: 1.2040
2026/09/01 01:09:11 - __main__ - INFO - 167 - trainer - Average loss in epoch 320: 1.2006
2026/09/01 01:09:11 - __main__ - INFO - 173 - trainer - start predicting: 2026-09-01 01:09:11.581429
2026/09/01 01:10:20 - __main__ - INFO - 203 - trainer - {'Best_HR@5': np.float64(7.7559), 'Best_HR@10': np.float64(10.8086), 'Best_HR@20': np.float64(14.8969), 'Best_NDCG@5': np.float64(5.4056), 'Best_NDCG@10': np.float64(6.3742), 'Best_NDCG@20': np.float64(7.4177)}
2026/09/01 01:10:20 - __main__ - INFO - 204 - trainer - {'Best_epoch_HR@5': 180, 'Best_epoch_HR@10': 120, 'Best_epoch_HR@20': 160, 'Best_epoch_NDCG@5': 320, 'Best_epoch_NDCG@10': 120, 'Best_epoch_NDCG@20': 160}
2026/09/01 01:10:20 - __main__ - INFO - 117 - trainer - Epoch: 321
2026/09/01 01:10:20 - __main__ - INFO - 162 - trainer - [0/257] Loss: 1.2079
2026/09/01 01:10:27 - __main__ - INFO - 162 - trainer - [52/257] Loss: 1.2144
2026/09/01 01:10:34 - __main__ - INFO - 162 - trainer - [104/257] Loss: 1.1624
2026/09/01 01:10:41 - __main__ - INFO - 162 - trainer - [156/257] Loss: 1.2030
2026/09/01 01:10:47 - __main__ - INFO - 162 - trainer - [208/257] Loss: 1.1823
2026/09/01 01:10:54 - __main__ - INFO - 167 - trainer - Average loss in epoch 321: 1.2008
2026/09/01 01:10:54 - __main__ - INFO - 117 - trainer - Epoch: 322
2026/09/01 01:10:54 - __main__ - INFO - 162 - trainer - [0/257] Loss: 1.1906
2026/09/01 01:11:01 - __main__ - INFO - 162 - trainer - [52/257] Loss: 1.2036
2026/09/01 01:11:08 - __main__ - INFO - 162 - trainer - [104/257] Loss: 1.1565
2026/09/01 01:11:15 - __main__ - INFO - 162 - trainer - [156/257] Loss: 1.2258
2026/09/01 01:11:22 - __main__ - INFO - 162 - trainer - [208/257] Loss: 1.2587
2026/09/01 01:11:28 - __main__ - INFO - 167 - trainer - Average loss in epoch 322: 1.2011
2026/09/01 01:11:28 - __main__ - INFO - 117 - trainer - Epoch: 323
2026/09/01 01:11:28 - __main__ - INFO - 162 - trainer - [0/257] Loss: 1.2047
2026/09/01 01:11:35 - __main__ - INFO - 162 - trainer - [52/257] Loss: 1.2139
2026/09/01 01:11:43 - __main__ - INFO - 162 - trainer - [104/257] Loss: 1.1899
2026/09/01 01:11:50 - __main__ - INFO - 162 - trainer - [156/257] Loss: 1.2189
2026/09/01 01:11:58 - __main__ - INFO - 162 - trainer - [208/257] Loss: 1.2150
2026/09/01 01:12:04 - __main__ - INFO - 167 - trainer - Average loss in epoch 323: 1.2026
2026/09/01 01:12:04 - __main__ - INFO - 117 - trainer - Epoch: 324
2026/09/01 01:12:04 - __main__ - INFO - 162 - trainer - [0/257] Loss: 1.2186
2026/09/01 01:12:11 - __main__ - INFO - 162 - trainer - [52/257] Loss: 1.1873
2026/09/01 01:12:18 - __main__ - INFO - 162 - trainer - [104/257] Loss: 1.1689
2026/09/01 01:12:25 - __main__ - INFO - 162 - trainer - [156/257] Loss: 1.2422
2026/09/01 01:12:32 - __main__ - INFO - 162 - trainer - [208/257] Loss: 1.2009
2026/09/01 01:12:38 - __main__ - INFO - 167 - trainer - Average loss in epoch 324: 1.2017
2026/09/01 01:12:38 - __main__ - INFO - 117 - trainer - Epoch: 325
2026/09/01 01:12:38 - __main__ - INFO - 162 - trainer - [0/257] Loss: 1.1942
2026/09/01 01:12:45 - __main__ - INFO - 162 - trainer - [52/257] Loss: 1.2116
2026/09/01 01:12:52 - __main__ - INFO - 162 - trainer - [104/257] Loss: 1.2105
2026/09/01 01:12:59 - __main__ - INFO - 162 - trainer - [156/257] Loss: 1.1702
2026/09/01 01:13:06 - __main__ - INFO - 162 - trainer - [208/257] Loss: 1.2048
2026/09/01 01:13:12 - __main__ - INFO - 167 - trainer - Average loss in epoch 325: 1.2006
2026/09/01 01:13:12 - __main__ - INFO - 117 - trainer - Epoch: 326
2026/09/01 01:13:12 - __main__ - INFO - 162 - trainer - [0/257] Loss: 1.1840
2026/09/01 01:13:19 - __main__ - INFO - 162 - trainer - [52/257] Loss: 1.1979
2026/09/01 01:13:26 - __main__ - INFO - 162 - trainer - [104/257] Loss: 1.2161
2026/09/01 01:13:33 - __main__ - INFO - 162 - trainer - [156/257] Loss: 1.2035
2026/09/01 01:13:40 - __main__ - INFO - 162 - trainer - [208/257] Loss: 1.2015
2026/09/01 01:13:46 - __main__ - INFO - 167 - trainer - Average loss in epoch 326: 1.2014
2026/09/01 01:13:46 - __main__ - INFO - 117 - trainer - Epoch: 327
2026/09/01 01:13:46 - __main__ - INFO - 162 - trainer - [0/257] Loss: 1.1956
2026/09/01 01:13:53 - __main__ - INFO - 162 - trainer - [52/257] Loss: 1.2044
2026/09/01 01:14:00 - __main__ - INFO - 162 - trainer - [104/257] Loss: 1.1945
2026/09/01 01:14:07 - __main__ - INFO - 162 - trainer - [156/257] Loss: 1.2098
2026/09/01 01:14:14 - __main__ - INFO - 162 - trainer - [208/257] Loss: 1.2205
2026/09/01 01:14:20 - __main__ - INFO - 167 - trainer - Average loss in epoch 327: 1.2020
2026/09/01 01:14:20 - __main__ - INFO - 117 - trainer - Epoch: 328
2026/09/01 01:14:21 - __main__ - INFO - 162 - trainer - [0/257] Loss: 1.2166
2026/09/01 01:14:27 - __main__ - INFO - 162 - trainer - [52/257] Loss: 1.2070
2026/09/01 01:14:34 - __main__ - INFO - 162 - trainer - [104/257] Loss: 1.2163
2026/09/01 01:14:41 - __main__ - INFO - 162 - trainer - [156/257] Loss: 1.2135
2026/09/01 01:14:48 - __main__ - INFO - 162 - trainer - [208/257] Loss: 1.1792
2026/09/01 01:14:54 - __main__ - INFO - 167 - trainer - Average loss in epoch 328: 1.2008
2026/09/01 01:14:54 - __main__ - INFO - 117 - trainer - Epoch: 329
2026/09/01 01:14:54 - __main__ - INFO - 162 - trainer - [0/257] Loss: 1.2015
2026/09/01 01:15:01 - __main__ - INFO - 162 - trainer - [52/257] Loss: 1.1924
2026/09/01 01:15:08 - __main__ - INFO - 162 - trainer - [104/257] Loss: 1.2065
2026/09/01 01:15:15 - __main__ - INFO - 162 - trainer - [156/257] Loss: 1.2088
2026/09/01 01:15:22 - __main__ - INFO - 162 - trainer - [208/257] Loss: 1.1693
2026/09/01 01:15:28 - __main__ - INFO - 167 - trainer - Average loss in epoch 329: 1.2017
2026/09/01 01:15:28 - __main__ - INFO - 117 - trainer - Epoch: 330
2026/09/01 01:15:28 - __main__ - INFO - 162 - trainer - [0/257] Loss: 1.1700
2026/09/01 01:15:35 - __main__ - INFO - 162 - trainer - [52/257] Loss: 1.1980
2026/09/01 01:15:42 - __main__ - INFO - 162 - trainer - [104/257] Loss: 1.2209
2026/09/01 01:15:49 - __main__ - INFO - 162 - trainer - [156/257] Loss: 1.2234
2026/09/01 01:15:56 - __main__ - INFO - 162 - trainer - [208/257] Loss: 1.1954
2026/09/01 01:16:02 - __main__ - INFO - 167 - trainer - Average loss in epoch 330: 1.2007
2026/09/01 01:16:02 - __main__ - INFO - 117 - trainer - Epoch: 331
2026/09/01 01:16:02 - __main__ - INFO - 162 - trainer - [0/257] Loss: 1.2070
2026/09/01 01:16:09 - __main__ - INFO - 162 - trainer - [52/257] Loss: 1.1926
2026/09/01 01:16:16 - __main__ - INFO - 162 - trainer - [104/257] Loss: 1.1698
2026/09/01 01:16:22 - __main__ - INFO - 162 - trainer - [156/257] Loss: 1.1994
2026/09/01 01:16:30 - __main__ - INFO - 162 - trainer - [208/257] Loss: 1.2023
2026/09/01 01:16:36 - __main__ - INFO - 167 - trainer - Average loss in epoch 331: 1.2013
2026/09/01 01:16:36 - __main__ - INFO - 117 - trainer - Epoch: 332
2026/09/01 01:16:36 - __main__ - INFO - 162 - trainer - [0/257] Loss: 1.1962
2026/09/01 01:16:43 - __main__ - INFO - 162 - trainer - [52/257] Loss: 1.1860
2026/09/01 01:16:50 - __main__ - INFO - 162 - trainer - [104/257] Loss: 1.2028
2026/09/01 01:16:57 - __main__ - INFO - 162 - trainer - [156/257] Loss: 1.2061
2026/09/01 01:17:04 - __main__ - INFO - 162 - trainer - [208/257] Loss: 1.2085
2026/09/01 01:17:10 - __main__ - INFO - 167 - trainer - Average loss in epoch 332: 1.2013
2026/09/01 01:17:10 - __main__ - INFO - 117 - trainer - Epoch: 333
2026/09/01 01:17:10 - __main__ - INFO - 162 - trainer - [0/257] Loss: 1.1985
2026/09/01 01:17:17 - __main__ - INFO - 162 - trainer - [52/257] Loss: 1.2366
2026/09/01 01:17:23 - __main__ - INFO - 162 - trainer - [104/257] Loss: 1.1743
2026/09/01 01:17:30 - __main__ - INFO - 162 - trainer - [156/257] Loss: 1.2022
2026/09/01 01:17:37 - __main__ - INFO - 162 - trainer - [208/257] Loss: 1.2046
2026/09/01 01:17:44 - __main__ - INFO - 167 - trainer - Average loss in epoch 333: 1.2027
2026/09/01 01:17:44 - __main__ - INFO - 117 - trainer - Epoch: 334
2026/09/01 01:17:44 - __main__ - INFO - 162 - trainer - [0/257] Loss: 1.1939
2026/09/01 01:17:51 - __main__ - INFO - 162 - trainer - [52/257] Loss: 1.1627
2026/09/01 01:17:58 - __main__ - INFO - 162 - trainer - [104/257] Loss: 1.1991
2026/09/01 01:18:04 - __main__ - INFO - 162 - trainer - [156/257] Loss: 1.1871
2026/09/01 01:18:11 - __main__ - INFO - 162 - trainer - [208/257] Loss: 1.2049
2026/09/01 01:18:18 - __main__ - INFO - 167 - trainer - Average loss in epoch 334: 1.2005
2026/09/01 01:18:18 - __main__ - INFO - 117 - trainer - Epoch: 335
2026/09/01 01:18:18 - __main__ - INFO - 162 - trainer - [0/257] Loss: 1.1791
2026/09/01 01:18:25 - __main__ - INFO - 162 - trainer - [52/257] Loss: 1.1913
2026/09/01 01:18:32 - __main__ - INFO - 162 - trainer - [104/257] Loss: 1.1735
2026/09/01 01:18:38 - __main__ - INFO - 162 - trainer - [156/257] Loss: 1.1985
2026/09/01 01:18:45 - __main__ - INFO - 162 - trainer - [208/257] Loss: 1.2145
2026/09/01 01:18:51 - __main__ - INFO - 167 - trainer - Average loss in epoch 335: 1.2014
2026/09/01 01:18:51 - __main__ - INFO - 117 - trainer - Epoch: 336
2026/09/01 01:18:52 - __main__ - INFO - 162 - trainer - [0/257] Loss: 1.1741
2026/09/01 01:18:58 - __main__ - INFO - 162 - trainer - [52/257] Loss: 1.2026
2026/09/01 01:19:05 - __main__ - INFO - 162 - trainer - [104/257] Loss: 1.1872
2026/09/01 01:19:12 - __main__ - INFO - 162 - trainer - [156/257] Loss: 1.2168
2026/09/01 01:19:19 - __main__ - INFO - 162 - trainer - [208/257] Loss: 1.2007
2026/09/01 01:19:25 - __main__ - INFO - 167 - trainer - Average loss in epoch 336: 1.2007
2026/09/01 01:19:25 - __main__ - INFO - 117 - trainer - Epoch: 337
2026/09/01 01:19:25 - __main__ - INFO - 162 - trainer - [0/257] Loss: 1.2116
2026/09/01 01:19:32 - __main__ - INFO - 162 - trainer - [52/257] Loss: 1.2003
2026/09/01 01:19:39 - __main__ - INFO - 162 - trainer - [104/257] Loss: 1.1669
2026/09/01 01:19:46 - __main__ - INFO - 162 - trainer - [156/257] Loss: 1.1888
2026/09/01 01:19:53 - __main__ - INFO - 162 - trainer - [208/257] Loss: 1.1651
2026/09/01 01:19:59 - __main__ - INFO - 167 - trainer - Average loss in epoch 337: 1.2004
2026/09/01 01:19:59 - __main__ - INFO - 117 - trainer - Epoch: 338
2026/09/01 01:19:59 - __main__ - INFO - 162 - trainer - [0/257] Loss: 1.2101
2026/09/01 01:20:06 - __main__ - INFO - 162 - trainer - [52/257] Loss: 1.1785
2026/09/01 01:20:13 - __main__ - INFO - 162 - trainer - [104/257] Loss: 1.1994
2026/09/01 01:20:20 - __main__ - INFO - 162 - trainer - [156/257] Loss: 1.1846
2026/09/01 01:20:26 - __main__ - INFO - 162 - trainer - [208/257] Loss: 1.2099
2026/09/01 01:20:33 - __main__ - INFO - 167 - trainer - Average loss in epoch 338: 1.2018
2026/09/01 01:20:33 - __main__ - INFO - 117 - trainer - Epoch: 339
2026/09/01 01:20:33 - __main__ - INFO - 162 - trainer - [0/257] Loss: 1.2332
2026/09/01 01:20:40 - __main__ - INFO - 162 - trainer - [52/257] Loss: 1.1872
2026/09/01 01:20:46 - __main__ - INFO - 162 - trainer - [104/257] Loss: 1.1966
2026/09/01 01:20:53 - __main__ - INFO - 162 - trainer - [156/257] Loss: 1.2049
2026/09/01 01:21:00 - __main__ - INFO - 162 - trainer - [208/257] Loss: 1.2021
2026/09/01 01:21:07 - __main__ - INFO - 167 - trainer - Average loss in epoch 339: 1.2015
2026/09/01 01:21:07 - __main__ - INFO - 117 - trainer - Epoch: 340
2026/09/01 01:21:07 - __main__ - INFO - 162 - trainer - [0/257] Loss: 1.1987
2026/09/01 01:21:14 - __main__ - INFO - 162 - trainer - [52/257] Loss: 1.1952
2026/09/01 01:21:21 - __main__ - INFO - 162 - trainer - [104/257] Loss: 1.1638
2026/09/01 01:21:27 - __main__ - INFO - 162 - trainer - [156/257] Loss: 1.1871
2026/09/01 01:21:34 - __main__ - INFO - 162 - trainer - [208/257] Loss: 1.1941
2026/09/01 01:21:41 - __main__ - INFO - 167 - trainer - Average loss in epoch 340: 1.2023
2026/09/01 01:21:41 - __main__ - INFO - 173 - trainer - start predicting: 2026-09-01 01:21:41.157238
2026/09/01 01:22:44 - __main__ - INFO - 117 - trainer - Epoch: 341
2026/09/01 01:22:44 - __main__ - INFO - 162 - trainer - [0/257] Loss: 1.2204
2026/09/01 01:22:51 - __main__ - INFO - 162 - trainer - [52/257] Loss: 1.1930
2026/09/01 01:22:58 - __main__ - INFO - 162 - trainer - [104/257] Loss: 1.1943
2026/09/01 01:23:05 - __main__ - INFO - 162 - trainer - [156/257] Loss: 1.2120
2026/09/01 01:23:12 - __main__ - INFO - 162 - trainer - [208/257] Loss: 1.2540
2026/09/01 01:23:18 - __main__ - INFO - 167 - trainer - Average loss in epoch 341: 1.2029
2026/09/01 01:23:18 - __main__ - INFO - 117 - trainer - Epoch: 342
2026/09/01 01:23:18 - __main__ - INFO - 162 - trainer - [0/257] Loss: 1.1880
2026/09/01 01:23:25 - __main__ - INFO - 162 - trainer - [52/257] Loss: 1.1631
2026/09/01 01:23:32 - __main__ - INFO - 162 - trainer - [104/257] Loss: 1.2076
2026/09/01 01:23:39 - __main__ - INFO - 162 - trainer - [156/257] Loss: 1.2183
2026/09/01 01:23:46 - __main__ - INFO - 162 - trainer - [208/257] Loss: 1.2183
2026/09/01 01:23:52 - __main__ - INFO - 167 - trainer - Average loss in epoch 342: 1.2020
2026/09/01 01:23:52 - __main__ - INFO - 117 - trainer - Epoch: 343
2026/09/01 01:23:52 - __main__ - INFO - 162 - trainer - [0/257] Loss: 1.2345
2026/09/01 01:23:59 - __main__ - INFO - 162 - trainer - [52/257] Loss: 1.2098
2026/09/01 01:24:06 - __main__ - INFO - 162 - trainer - [104/257] Loss: 1.1872
2026/09/01 01:24:13 - __main__ - INFO - 162 - trainer - [156/257] Loss: 1.2401
2026/09/01 01:24:20 - __main__ - INFO - 162 - trainer - [208/257] Loss: 1.2002
2026/09/01 01:24:26 - __main__ - INFO - 167 - trainer - Average loss in epoch 343: 1.2018
2026/09/01 01:24:26 - __main__ - INFO - 117 - trainer - Epoch: 344
2026/09/01 01:24:26 - __main__ - INFO - 162 - trainer - [0/257] Loss: 1.1959
2026/09/01 01:24:33 - __main__ - INFO - 162 - trainer - [52/257] Loss: 1.2048
2026/09/01 01:24:40 - __main__ - INFO - 162 - trainer - [104/257] Loss: 1.1863
2026/09/01 01:24:47 - __main__ - INFO - 162 - trainer - [156/257] Loss: 1.2001
2026/09/01 01:24:53 - __main__ - INFO - 162 - trainer - [208/257] Loss: 1.1873
2026/09/01 01:25:00 - __main__ - INFO - 167 - trainer - Average loss in epoch 344: 1.2007
2026/09/01 01:25:00 - __main__ - INFO - 117 - trainer - Epoch: 345
2026/09/01 01:25:00 - __main__ - INFO - 162 - trainer - [0/257] Loss: 1.1984
2026/09/01 01:25:07 - __main__ - INFO - 162 - trainer - [52/257] Loss: 1.1972
2026/09/01 01:25:13 - __main__ - INFO - 162 - trainer - [104/257] Loss: 1.2270
2026/09/01 01:25:20 - __main__ - INFO - 162 - trainer - [156/257] Loss: 1.1838
2026/09/01 01:25:27 - __main__ - INFO - 162 - trainer - [208/257] Loss: 1.1922
2026/09/01 01:25:33 - __main__ - INFO - 167 - trainer - Average loss in epoch 345: 1.2010
2026/09/01 01:25:33 - __main__ - INFO - 117 - trainer - Epoch: 346
2026/09/01 01:25:33 - __main__ - INFO - 162 - trainer - [0/257] Loss: 1.2294
2026/09/01 01:25:40 - __main__ - INFO - 162 - trainer - [52/257] Loss: 1.2273
2026/09/01 01:25:47 - __main__ - INFO - 162 - trainer - [104/257] Loss: 1.2044
2026/09/01 01:25:54 - __main__ - INFO - 162 - trainer - [156/257] Loss: 1.2030
2026/09/01 01:26:01 - __main__ - INFO - 162 - trainer - [208/257] Loss: 1.2044
2026/09/01 01:26:07 - __main__ - INFO - 167 - trainer - Average loss in epoch 346: 1.2012
2026/09/01 01:26:07 - __main__ - INFO - 117 - trainer - Epoch: 347
2026/09/01 01:26:07 - __main__ - INFO - 162 - trainer - [0/257] Loss: 1.1790
2026/09/01 01:26:14 - __main__ - INFO - 162 - trainer - [52/257] Loss: 1.2015
2026/09/01 01:26:21 - __main__ - INFO - 162 - trainer - [104/257] Loss: 1.2031
2026/09/01 01:26:28 - __main__ - INFO - 162 - trainer - [156/257] Loss: 1.2034
2026/09/01 01:26:35 - __main__ - INFO - 162 - trainer - [208/257] Loss: 1.1886
2026/09/01 01:26:41 - __main__ - INFO - 167 - trainer - Average loss in epoch 347: 1.2012
2026/09/01 01:26:41 - __main__ - INFO - 117 - trainer - Epoch: 348
2026/09/01 01:26:41 - __main__ - INFO - 162 - trainer - [0/257] Loss: 1.1924
2026/09/01 01:26:48 - __main__ - INFO - 162 - trainer - [52/257] Loss: 1.2061
2026/09/01 01:26:55 - __main__ - INFO - 162 - trainer - [104/257] Loss: 1.1900
2026/09/01 01:27:02 - __main__ - INFO - 162 - trainer - [156/257] Loss: 1.2294
2026/09/01 01:27:09 - __main__ - INFO - 162 - trainer - [208/257] Loss: 1.2234
2026/09/01 01:27:15 - __main__ - INFO - 167 - trainer - Average loss in epoch 348: 1.2014
2026/09/01 01:27:15 - __main__ - INFO - 117 - trainer - Epoch: 349
2026/09/01 01:27:15 - __main__ - INFO - 162 - trainer - [0/257] Loss: 1.2135
2026/09/01 01:27:22 - __main__ - INFO - 162 - trainer - [52/257] Loss: 1.1532
2026/09/01 01:27:29 - __main__ - INFO - 162 - trainer - [104/257] Loss: 1.2175
2026/09/01 01:27:36 - __main__ - INFO - 162 - trainer - [156/257] Loss: 1.2095
2026/09/01 01:27:42 - __main__ - INFO - 162 - trainer - [208/257] Loss: 1.2022
2026/09/01 01:27:49 - __main__ - INFO - 167 - trainer - Average loss in epoch 349: 1.2006
2026/09/01 01:27:49 - __main__ - INFO - 117 - trainer - Epoch: 350
2026/09/01 01:27:49 - __main__ - INFO - 162 - trainer - [0/257] Loss: 1.1983
2026/09/01 01:27:56 - __main__ - INFO - 162 - trainer - [52/257] Loss: 1.1972
2026/09/01 01:28:03 - __main__ - INFO - 162 - trainer - [104/257] Loss: 1.2110
2026/09/01 01:28:10 - __main__ - INFO - 162 - trainer - [156/257] Loss: 1.2036
2026/09/01 01:28:16 - __main__ - INFO - 162 - trainer - [208/257] Loss: 1.2376
2026/09/01 01:28:22 - __main__ - INFO - 167 - trainer - Average loss in epoch 350: 1.2030
2026/09/01 01:28:22 - __main__ - INFO - 117 - trainer - Epoch: 351
2026/09/01 01:28:23 - __main__ - INFO - 162 - trainer - [0/257] Loss: 1.2112
2026/09/01 01:28:29 - __main__ - INFO - 162 - trainer - [52/257] Loss: 1.2240
2026/09/01 01:28:36 - __main__ - INFO - 162 - trainer - [104/257] Loss: 1.1934
2026/09/01 01:28:43 - __main__ - INFO - 162 - trainer - [156/257] Loss: 1.2125
2026/09/01 01:28:49 - __main__ - INFO - 162 - trainer - [208/257] Loss: 1.2032
2026/09/01 01:28:56 - __main__ - INFO - 167 - trainer - Average loss in epoch 351: 1.2014
2026/09/01 01:28:56 - __main__ - INFO - 117 - trainer - Epoch: 352
2026/09/01 01:28:56 - __main__ - INFO - 162 - trainer - [0/257] Loss: 1.2267
2026/09/01 01:29:03 - __main__ - INFO - 162 - trainer - [52/257] Loss: 1.2082
2026/09/01 01:29:10 - __main__ - INFO - 162 - trainer - [104/257] Loss: 1.1876
2026/09/01 01:29:17 - __main__ - INFO - 162 - trainer - [156/257] Loss: 1.2258
2026/09/01 01:29:23 - __main__ - INFO - 162 - trainer - [208/257] Loss: 1.1882
2026/09/01 01:29:30 - __main__ - INFO - 167 - trainer - Average loss in epoch 352: 1.2001
2026/09/01 01:29:30 - __main__ - INFO - 117 - trainer - Epoch: 353
2026/09/01 01:29:30 - __main__ - INFO - 162 - trainer - [0/257] Loss: 1.1859
2026/09/01 01:29:37 - __main__ - INFO - 162 - trainer - [52/257] Loss: 1.1945
2026/09/01 01:29:44 - __main__ - INFO - 162 - trainer - [104/257] Loss: 1.1968
2026/09/01 01:29:50 - __main__ - INFO - 162 - trainer - [156/257] Loss: 1.2211
2026/09/01 01:29:57 - __main__ - INFO - 162 - trainer - [208/257] Loss: 1.1766
2026/09/01 01:30:03 - __main__ - INFO - 167 - trainer - Average loss in epoch 353: 1.2006
2026/09/01 01:30:03 - __main__ - INFO - 117 - trainer - Epoch: 354
2026/09/01 01:30:04 - __main__ - INFO - 162 - trainer - [0/257] Loss: 1.2172
2026/09/01 01:30:10 - __main__ - INFO - 162 - trainer - [52/257] Loss: 1.2117
2026/09/01 01:30:17 - __main__ - INFO - 162 - trainer - [104/257] Loss: 1.1951
2026/09/01 01:30:24 - __main__ - INFO - 162 - trainer - [156/257] Loss: 1.1990
2026/09/01 01:30:31 - __main__ - INFO - 162 - trainer - [208/257] Loss: 1.2028
2026/09/01 01:30:37 - __main__ - INFO - 167 - trainer - Average loss in epoch 354: 1.2013
2026/09/01 01:30:37 - __main__ - INFO - 117 - trainer - Epoch: 355
2026/09/01 01:30:37 - __main__ - INFO - 162 - trainer - [0/257] Loss: 1.2133
2026/09/01 01:30:44 - __main__ - INFO - 162 - trainer - [52/257] Loss: 1.1881
2026/09/01 01:30:51 - __main__ - INFO - 162 - trainer - [104/257] Loss: 1.2004
2026/09/01 01:30:58 - __main__ - INFO - 162 - trainer - [156/257] Loss: 1.1776
2026/09/01 01:31:05 - __main__ - INFO - 162 - trainer - [208/257] Loss: 1.1944
2026/09/01 01:31:11 - __main__ - INFO - 167 - trainer - Average loss in epoch 355: 1.2011
2026/09/01 01:31:11 - __main__ - INFO - 117 - trainer - Epoch: 356
2026/09/01 01:31:11 - __main__ - INFO - 162 - trainer - [0/257] Loss: 1.2155
2026/09/01 01:31:18 - __main__ - INFO - 162 - trainer - [52/257] Loss: 1.1968
2026/09/01 01:31:25 - __main__ - INFO - 162 - trainer - [104/257] Loss: 1.1707
2026/09/01 01:31:32 - __main__ - INFO - 162 - trainer - [156/257] Loss: 1.2053
2026/09/01 01:31:39 - __main__ - INFO - 162 - trainer - [208/257] Loss: 1.1812
2026/09/01 01:31:45 - __main__ - INFO - 167 - trainer - Average loss in epoch 356: 1.2016
2026/09/01 01:31:45 - __main__ - INFO - 117 - trainer - Epoch: 357
2026/09/01 01:31:45 - __main__ - INFO - 162 - trainer - [0/257] Loss: 1.2035
2026/09/01 01:31:52 - __main__ - INFO - 162 - trainer - [52/257] Loss: 1.2112
2026/09/01 01:31:58 - __main__ - INFO - 162 - trainer - [104/257] Loss: 1.2222
2026/09/01 01:32:05 - __main__ - INFO - 162 - trainer - [156/257] Loss: 1.1996
2026/09/01 01:32:12 - __main__ - INFO - 162 - trainer - [208/257] Loss: 1.2073
2026/09/01 01:32:18 - __main__ - INFO - 167 - trainer - Average loss in epoch 357: 1.2009
2026/09/01 01:32:18 - __main__ - INFO - 117 - trainer - Epoch: 358
2026/09/01 01:32:18 - __main__ - INFO - 162 - trainer - [0/257] Loss: 1.2026
2026/09/01 01:32:25 - __main__ - INFO - 162 - trainer - [52/257] Loss: 1.2213
2026/09/01 01:32:32 - __main__ - INFO - 162 - trainer - [104/257] Loss: 1.1427
2026/09/01 01:32:39 - __main__ - INFO - 162 - trainer - [156/257] Loss: 1.1933
2026/09/01 01:32:46 - __main__ - INFO - 162 - trainer - [208/257] Loss: 1.2103
2026/09/01 01:32:52 - __main__ - INFO - 167 - trainer - Average loss in epoch 358: 1.2016
2026/09/01 01:32:52 - __main__ - INFO - 117 - trainer - Epoch: 359
2026/09/01 01:32:52 - __main__ - INFO - 162 - trainer - [0/257] Loss: 1.2116
2026/09/01 01:32:59 - __main__ - INFO - 162 - trainer - [52/257] Loss: 1.2236
2026/09/01 01:33:06 - __main__ - INFO - 162 - trainer - [104/257] Loss: 1.1785
2026/09/01 01:33:13 - __main__ - INFO - 162 - trainer - [156/257] Loss: 1.2026
2026/09/01 01:33:20 - __main__ - INFO - 162 - trainer - [208/257] Loss: 1.2509
2026/09/01 01:33:26 - __main__ - INFO - 167 - trainer - Average loss in epoch 359: 1.2006
2026/09/01 01:33:26 - __main__ - INFO - 117 - trainer - Epoch: 360
2026/09/01 01:33:26 - __main__ - INFO - 162 - trainer - [0/257] Loss: 1.2227
2026/09/01 01:33:33 - __main__ - INFO - 162 - trainer - [52/257] Loss: 1.1982
2026/09/01 01:33:40 - __main__ - INFO - 162 - trainer - [104/257] Loss: 1.2315
2026/09/01 01:33:47 - __main__ - INFO - 162 - trainer - [156/257] Loss: 1.2077
2026/09/01 01:33:53 - __main__ - INFO - 162 - trainer - [208/257] Loss: 1.1869
2026/09/01 01:34:00 - __main__ - INFO - 167 - trainer - Average loss in epoch 360: 1.2023
2026/09/01 01:34:00 - __main__ - INFO - 173 - trainer - start predicting: 2026-09-01 01:34:00.260574
2026/09/01 01:35:07 - __main__ - INFO - 117 - trainer - Epoch: 361
2026/09/01 01:35:07 - __main__ - INFO - 162 - trainer - [0/257] Loss: 1.2049
2026/09/01 01:35:15 - __main__ - INFO - 162 - trainer - [52/257] Loss: 1.1542
2026/09/01 01:35:22 - __main__ - INFO - 162 - trainer - [104/257] Loss: 1.2290
2026/09/01 01:35:30 - __main__ - INFO - 162 - trainer - [156/257] Loss: 1.2205
2026/09/01 01:35:37 - __main__ - INFO - 162 - trainer - [208/257] Loss: 1.2369
2026/09/01 01:35:44 - __main__ - INFO - 167 - trainer - Average loss in epoch 361: 1.2007
2026/09/01 01:35:44 - __main__ - INFO - 117 - trainer - Epoch: 362
2026/09/01 01:35:44 - __main__ - INFO - 162 - trainer - [0/257] Loss: 1.1989
2026/09/01 01:35:51 - __main__ - INFO - 162 - trainer - [52/257] Loss: 1.2253
2026/09/01 01:35:58 - __main__ - INFO - 162 - trainer - [104/257] Loss: 1.2129
2026/09/01 01:36:05 - __main__ - INFO - 162 - trainer - [156/257] Loss: 1.1826
2026/09/01 01:36:12 - __main__ - INFO - 162 - trainer - [208/257] Loss: 1.1887
2026/09/01 01:36:18 - __main__ - INFO - 167 - trainer - Average loss in epoch 362: 1.2012
2026/09/01 01:36:18 - __main__ - INFO - 117 - trainer - Epoch: 363
2026/09/01 01:36:18 - __main__ - INFO - 162 - trainer - [0/257] Loss: 1.2079
2026/09/01 01:36:25 - __main__ - INFO - 162 - trainer - [52/257] Loss: 1.1824
2026/09/01 01:36:32 - __main__ - INFO - 162 - trainer - [104/257] Loss: 1.2384
2026/09/01 01:36:39 - __main__ - INFO - 162 - trainer - [156/257] Loss: 1.1955
2026/09/01 01:36:46 - __main__ - INFO - 162 - trainer - [208/257] Loss: 1.1972
2026/09/01 01:36:52 - __main__ - INFO - 167 - trainer - Average loss in epoch 363: 1.2018
2026/09/01 01:36:52 - __main__ - INFO - 117 - trainer - Epoch: 364
2026/09/01 01:36:52 - __main__ - INFO - 162 - trainer - [0/257] Loss: 1.2312
2026/09/01 01:36:59 - __main__ - INFO - 162 - trainer - [52/257] Loss: 1.1716
2026/09/01 01:37:06 - __main__ - INFO - 162 - trainer - [104/257] Loss: 1.1890
2026/09/01 01:37:13 - __main__ - INFO - 162 - trainer - [156/257] Loss: 1.2269
2026/09/01 01:37:20 - __main__ - INFO - 162 - trainer - [208/257] Loss: 1.1703
2026/09/01 01:37:27 - __main__ - INFO - 167 - trainer - Average loss in epoch 364: 1.2029
2026/09/01 01:37:27 - __main__ - INFO - 117 - trainer - Epoch: 365
2026/09/01 01:37:27 - __main__ - INFO - 162 - trainer - [0/257] Loss: 1.1912
2026/09/01 01:37:34 - __main__ - INFO - 162 - trainer - [52/257] Loss: 1.1908
2026/09/01 01:37:41 - __main__ - INFO - 162 - trainer - [104/257] Loss: 1.2032
2026/09/01 01:37:47 - __main__ - INFO - 162 - trainer - [156/257] Loss: 1.1744
2026/09/01 01:37:55 - __main__ - INFO - 162 - trainer - [208/257] Loss: 1.2187
2026/09/01 01:38:01 - __main__ - INFO - 167 - trainer - Average loss in epoch 365: 1.2011
2026/09/01 01:38:01 - __main__ - INFO - 117 - trainer - Epoch: 366
2026/09/01 01:38:01 - __main__ - INFO - 162 - trainer - [0/257] Loss: 1.2298
2026/09/01 01:38:09 - __main__ - INFO - 162 - trainer - [52/257] Loss: 1.1695
2026/09/01 01:38:16 - __main__ - INFO - 162 - trainer - [104/257] Loss: 1.1907
2026/09/01 01:38:23 - __main__ - INFO - 162 - trainer - [156/257] Loss: 1.1881
2026/09/01 01:38:30 - __main__ - INFO - 162 - trainer - [208/257] Loss: 1.1959
2026/09/01 01:38:36 - __main__ - INFO - 167 - trainer - Average loss in epoch 366: 1.2014
2026/09/01 01:38:36 - __main__ - INFO - 117 - trainer - Epoch: 367
2026/09/01 01:38:37 - __main__ - INFO - 162 - trainer - [0/257] Loss: 1.2220
2026/09/01 01:38:44 - __main__ - INFO - 162 - trainer - [52/257] Loss: 1.2162
2026/09/01 01:38:50 - __main__ - INFO - 162 - trainer - [104/257] Loss: 1.1633
2026/09/01 01:38:57 - __main__ - INFO - 162 - trainer - [156/257] Loss: 1.1713
2026/09/01 01:39:04 - __main__ - INFO - 162 - trainer - [208/257] Loss: 1.1963
2026/09/01 01:39:11 - __main__ - INFO - 167 - trainer - Average loss in epoch 367: 1.2024
2026/09/01 01:39:11 - __main__ - INFO - 117 - trainer - Epoch: 368
2026/09/01 01:39:11 - __main__ - INFO - 162 - trainer - [0/257] Loss: 1.2156
2026/09/01 01:39:18 - __main__ - INFO - 162 - trainer - [52/257] Loss: 1.2083
2026/09/01 01:39:25 - __main__ - INFO - 162 - trainer - [104/257] Loss: 1.2225
2026/09/01 01:39:32 - __main__ - INFO - 162 - trainer - [156/257] Loss: 1.1957
2026/09/01 01:39:39 - __main__ - INFO - 162 - trainer - [208/257] Loss: 1.2376
2026/09/01 01:39:45 - __main__ - INFO - 167 - trainer - Average loss in epoch 368: 1.2014
2026/09/01 01:39:45 - __main__ - INFO - 117 - trainer - Epoch: 369
2026/09/01 01:39:45 - __main__ - INFO - 162 - trainer - [0/257] Loss: 1.1831
2026/09/01 01:39:52 - __main__ - INFO - 162 - trainer - [52/257] Loss: 1.2146
2026/09/01 01:40:00 - __main__ - INFO - 162 - trainer - [104/257] Loss: 1.1838
2026/09/01 01:40:07 - __main__ - INFO - 162 - trainer - [156/257] Loss: 1.2157
2026/09/01 01:40:14 - __main__ - INFO - 162 - trainer - [208/257] Loss: 1.1866
2026/09/01 01:40:21 - __main__ - INFO - 167 - trainer - Average loss in epoch 369: 1.2019
2026/09/01 01:40:21 - __main__ - INFO - 117 - trainer - Epoch: 370
2026/09/01 01:40:21 - __main__ - INFO - 162 - trainer - [0/257] Loss: 1.1975
2026/09/01 01:40:28 - __main__ - INFO - 162 - trainer - [52/257] Loss: 1.1608
2026/09/01 01:40:35 - __main__ - INFO - 162 - trainer - [104/257] Loss: 1.2108
2026/09/01 01:40:42 - __main__ - INFO - 162 - trainer - [156/257] Loss: 1.1927
2026/09/01 01:40:49 - __main__ - INFO - 162 - trainer - [208/257] Loss: 1.2063
2026/09/01 01:40:55 - __main__ - INFO - 167 - trainer - Average loss in epoch 370: 1.2014
2026/09/01 01:40:55 - __main__ - INFO - 117 - trainer - Epoch: 371
2026/09/01 01:40:55 - __main__ - INFO - 162 - trainer - [0/257] Loss: 1.2018
2026/09/01 01:41:02 - __main__ - INFO - 162 - trainer - [52/257] Loss: 1.1868
2026/09/01 01:41:09 - __main__ - INFO - 162 - trainer - [104/257] Loss: 1.1937
2026/09/01 01:41:16 - __main__ - INFO - 162 - trainer - [156/257] Loss: 1.1975
2026/09/01 01:41:23 - __main__ - INFO - 162 - trainer - [208/257] Loss: 1.2330
2026/09/01 01:41:30 - __main__ - INFO - 167 - trainer - Average loss in epoch 371: 1.2015
2026/09/01 01:41:30 - __main__ - INFO - 117 - trainer - Epoch: 372
2026/09/01 01:41:30 - __main__ - INFO - 162 - trainer - [0/257] Loss: 1.1839
2026/09/01 01:41:37 - __main__ - INFO - 162 - trainer - [52/257] Loss: 1.1813
2026/09/01 01:41:44 - __main__ - INFO - 162 - trainer - [104/257] Loss: 1.2112
2026/09/01 01:41:50 - __main__ - INFO - 162 - trainer - [156/257] Loss: 1.1988
2026/09/01 01:41:57 - __main__ - INFO - 162 - trainer - [208/257] Loss: 1.2233
2026/09/01 01:42:03 - __main__ - INFO - 167 - trainer - Average loss in epoch 372: 1.2006
2026/09/01 01:42:03 - __main__ - INFO - 117 - trainer - Epoch: 373
2026/09/01 01:42:04 - __main__ - INFO - 162 - trainer - [0/257] Loss: 1.2181
2026/09/01 01:42:10 - __main__ - INFO - 162 - trainer - [52/257] Loss: 1.2107
2026/09/01 01:42:17 - __main__ - INFO - 162 - trainer - [104/257] Loss: 1.2405
2026/09/01 01:42:24 - __main__ - INFO - 162 - trainer - [156/257] Loss: 1.1954
2026/09/01 01:42:31 - __main__ - INFO - 162 - trainer - [208/257] Loss: 1.1668
2026/09/01 01:42:37 - __main__ - INFO - 167 - trainer - Average loss in epoch 373: 1.1999
2026/09/01 01:42:37 - __main__ - INFO - 117 - trainer - Epoch: 374
2026/09/01 01:42:37 - __main__ - INFO - 162 - trainer - [0/257] Loss: 1.1805
2026/09/01 01:42:44 - __main__ - INFO - 162 - trainer - [52/257] Loss: 1.1924
2026/09/01 01:42:51 - __main__ - INFO - 162 - trainer - [104/257] Loss: 1.1851
2026/09/01 01:42:58 - __main__ - INFO - 162 - trainer - [156/257] Loss: 1.2087
2026/09/01 01:43:05 - __main__ - INFO - 162 - trainer - [208/257] Loss: 1.1773
2026/09/01 01:43:11 - __main__ - INFO - 167 - trainer - Average loss in epoch 374: 1.2013
2026/09/01 01:43:11 - __main__ - INFO - 117 - trainer - Epoch: 375
2026/09/01 01:43:11 - __main__ - INFO - 162 - trainer - [0/257] Loss: 1.1860
2026/09/01 01:43:18 - __main__ - INFO - 162 - trainer - [52/257] Loss: 1.1660
2026/09/01 01:43:25 - __main__ - INFO - 162 - trainer - [104/257] Loss: 1.1657
2026/09/01 01:43:32 - __main__ - INFO - 162 - trainer - [156/257] Loss: 1.2080
2026/09/01 01:43:39 - __main__ - INFO - 162 - trainer - [208/257] Loss: 1.1955
2026/09/01 01:43:45 - __main__ - INFO - 167 - trainer - Average loss in epoch 375: 1.2019
2026/09/01 01:43:45 - __main__ - INFO - 117 - trainer - Epoch: 376
2026/09/01 01:43:45 - __main__ - INFO - 162 - trainer - [0/257] Loss: 1.2109
2026/09/01 01:43:52 - __main__ - INFO - 162 - trainer - [52/257] Loss: 1.1903
2026/09/01 01:43:59 - __main__ - INFO - 162 - trainer - [104/257] Loss: 1.2288
2026/09/01 01:44:06 - __main__ - INFO - 162 - trainer - [156/257] Loss: 1.1957
2026/09/01 01:44:12 - __main__ - INFO - 162 - trainer - [208/257] Loss: 1.2149
2026/09/01 01:44:19 - __main__ - INFO - 167 - trainer - Average loss in epoch 376: 1.2008
2026/09/01 01:44:19 - __main__ - INFO - 117 - trainer - Epoch: 377
2026/09/01 01:44:19 - __main__ - INFO - 162 - trainer - [0/257] Loss: 1.1854
2026/09/01 01:44:26 - __main__ - INFO - 162 - trainer - [52/257] Loss: 1.2296
2026/09/01 01:44:34 - __main__ - INFO - 162 - trainer - [104/257] Loss: 1.1584
2026/09/01 01:44:41 - __main__ - INFO - 162 - trainer - [156/257] Loss: 1.1816
2026/09/01 01:44:48 - __main__ - INFO - 162 - trainer - [208/257] Loss: 1.2230
2026/09/01 01:44:55 - __main__ - INFO - 167 - trainer - Average loss in epoch 377: 1.2019
2026/09/01 01:44:55 - __main__ - INFO - 117 - trainer - Epoch: 378
2026/09/01 01:44:55 - __main__ - INFO - 162 - trainer - [0/257] Loss: 1.2183
2026/09/01 01:45:02 - __main__ - INFO - 162 - trainer - [52/257] Loss: 1.2185
2026/09/01 01:45:09 - __main__ - INFO - 162 - trainer - [104/257] Loss: 1.2032
2026/09/01 01:45:16 - __main__ - INFO - 162 - trainer - [156/257] Loss: 1.1975
2026/09/01 01:45:23 - __main__ - INFO - 162 - trainer - [208/257] Loss: 1.2009
2026/09/01 01:45:29 - __main__ - INFO - 167 - trainer - Average loss in epoch 378: 1.2017
2026/09/01 01:45:29 - __main__ - INFO - 117 - trainer - Epoch: 379
2026/09/01 01:45:30 - __main__ - INFO - 162 - trainer - [0/257] Loss: 1.2176
2026/09/01 01:45:36 - __main__ - INFO - 162 - trainer - [52/257] Loss: 1.2183
2026/09/01 01:45:43 - __main__ - INFO - 162 - trainer - [104/257] Loss: 1.1936
2026/09/01 01:45:50 - __main__ - INFO - 162 - trainer - [156/257] Loss: 1.2013
2026/09/01 01:45:57 - __main__ - INFO - 162 - trainer - [208/257] Loss: 1.2179
2026/09/01 01:46:03 - __main__ - INFO - 167 - trainer - Average loss in epoch 379: 1.2017
2026/09/01 01:46:03 - __main__ - INFO - 117 - trainer - Epoch: 380
2026/09/01 01:46:03 - __main__ - INFO - 162 - trainer - [0/257] Loss: 1.2222
2026/09/01 01:46:10 - __main__ - INFO - 162 - trainer - [52/257] Loss: 1.1960
2026/09/01 01:46:17 - __main__ - INFO - 162 - trainer - [104/257] Loss: 1.2212
2026/09/01 01:46:24 - __main__ - INFO - 162 - trainer - [156/257] Loss: 1.1590
2026/09/01 01:46:31 - __main__ - INFO - 162 - trainer - [208/257] Loss: 1.1854
2026/09/01 01:46:37 - __main__ - INFO - 167 - trainer - Average loss in epoch 380: 1.2017
2026/09/01 01:46:37 - __main__ - INFO - 173 - trainer - start predicting: 2026-09-01 01:46:37.653494
2026/09/01 01:47:32 - __main__ - INFO - 203 - trainer - {'Best_HR@5': np.float64(7.7559), 'Best_HR@10': np.float64(10.8086), 'Best_HR@20': np.float64(14.8969), 'Best_NDCG@5': np.float64(5.4064), 'Best_NDCG@10': np.float64(6.3742), 'Best_NDCG@20': np.float64(7.4177)}
2026/09/01 01:47:32 - __main__ - INFO - 204 - trainer - {'Best_epoch_HR@5': 180, 'Best_epoch_HR@10': 120, 'Best_epoch_HR@20': 160, 'Best_epoch_NDCG@5': 380, 'Best_epoch_NDCG@10': 120, 'Best_epoch_NDCG@20': 160}
2026/09/01 01:47:32 - __main__ - INFO - 117 - trainer - Epoch: 381
2026/09/01 01:47:32 - __main__ - INFO - 162 - trainer - [0/257] Loss: 1.2353
2026/09/01 01:47:39 - __main__ - INFO - 162 - trainer - [52/257] Loss: 1.1860
2026/09/01 01:47:45 - __main__ - INFO - 162 - trainer - [104/257] Loss: 1.1947
2026/09/01 01:47:52 - __main__ - INFO - 162 - trainer - [156/257] Loss: 1.1869
2026/09/01 01:47:59 - __main__ - INFO - 162 - trainer - [208/257] Loss: 1.2216
2026/09/01 01:48:05 - __main__ - INFO - 167 - trainer - Average loss in epoch 381: 1.2007
2026/09/01 01:48:05 - __main__ - INFO - 117 - trainer - Epoch: 382
2026/09/01 01:48:05 - __main__ - INFO - 162 - trainer - [0/257] Loss: 1.2268
2026/09/01 01:48:13 - __main__ - INFO - 162 - trainer - [52/257] Loss: 1.2074
2026/09/01 01:48:20 - __main__ - INFO - 162 - trainer - [104/257] Loss: 1.1989
2026/09/01 01:48:27 - __main__ - INFO - 162 - trainer - [156/257] Loss: 1.1991
2026/09/01 01:48:34 - __main__ - INFO - 162 - trainer - [208/257] Loss: 1.2095
2026/09/01 01:48:40 - __main__ - INFO - 167 - trainer - Average loss in epoch 382: 1.2010
2026/09/01 01:48:40 - __main__ - INFO - 117 - trainer - Epoch: 383
2026/09/01 01:48:40 - __main__ - INFO - 162 - trainer - [0/257] Loss: 1.2127
2026/09/01 01:48:47 - __main__ - INFO - 162 - trainer - [52/257] Loss: 1.1997
2026/09/01 01:48:54 - __main__ - INFO - 162 - trainer - [104/257] Loss: 1.2011
2026/09/01 01:49:01 - __main__ - INFO - 162 - trainer - [156/257] Loss: 1.1748
2026/09/01 01:49:08 - __main__ - INFO - 162 - trainer - [208/257] Loss: 1.1965
2026/09/01 01:49:14 - __main__ - INFO - 167 - trainer - Average loss in epoch 383: 1.2010
2026/09/01 01:49:14 - __main__ - INFO - 117 - trainer - Epoch: 384
2026/09/01 01:49:14 - __main__ - INFO - 162 - trainer - [0/257] Loss: 1.2296
2026/09/01 01:49:21 - __main__ - INFO - 162 - trainer - [52/257] Loss: 1.2441
2026/09/01 01:49:28 - __main__ - INFO - 162 - trainer - [104/257] Loss: 1.2222
2026/09/01 01:49:35 - __main__ - INFO - 162 - trainer - [156/257] Loss: 1.1716
2026/09/01 01:49:42 - __main__ - INFO - 162 - trainer - [208/257] Loss: 1.2055
2026/09/01 01:49:48 - __main__ - INFO - 167 - trainer - Average loss in epoch 384: 1.2016
2026/09/01 01:49:48 - __main__ - INFO - 117 - trainer - Epoch: 385
2026/09/01 01:49:48 - __main__ - INFO - 162 - trainer - [0/257] Loss: 1.1984
2026/09/01 01:49:55 - __main__ - INFO - 162 - trainer - [52/257] Loss: 1.2050
2026/09/01 01:50:02 - __main__ - INFO - 162 - trainer - [104/257] Loss: 1.1907
2026/09/01 01:50:09 - __main__ - INFO - 162 - trainer - [156/257] Loss: 1.2002
2026/09/01 01:50:16 - __main__ - INFO - 162 - trainer - [208/257] Loss: 1.2255
2026/09/01 01:50:23 - __main__ - INFO - 167 - trainer - Average loss in epoch 385: 1.2010
2026/09/01 01:50:23 - __main__ - INFO - 117 - trainer - Epoch: 386
2026/09/01 01:50:23 - __main__ - INFO - 162 - trainer - [0/257] Loss: 1.1613
2026/09/01 01:50:30 - __main__ - INFO - 162 - trainer - [52/257] Loss: 1.1913
2026/09/01 01:50:37 - __main__ - INFO - 162 - trainer - [104/257] Loss: 1.2178
2026/09/01 01:50:44 - __main__ - INFO - 162 - trainer - [156/257] Loss: 1.1958
2026/09/01 01:50:50 - __main__ - INFO - 162 - trainer - [208/257] Loss: 1.2073
2026/09/01 01:50:57 - __main__ - INFO - 167 - trainer - Average loss in epoch 386: 1.2005
2026/09/01 01:50:57 - __main__ - INFO - 117 - trainer - Epoch: 387
2026/09/01 01:50:57 - __main__ - INFO - 162 - trainer - [0/257] Loss: 1.2051
2026/09/01 01:51:04 - __main__ - INFO - 162 - trainer - [52/257] Loss: 1.2108
2026/09/01 01:51:11 - __main__ - INFO - 162 - trainer - [104/257] Loss: 1.1851
2026/09/01 01:51:18 - __main__ - INFO - 162 - trainer - [156/257] Loss: 1.2219
2026/09/01 01:51:25 - __main__ - INFO - 162 - trainer - [208/257] Loss: 1.1868
2026/09/01 01:51:31 - __main__ - INFO - 167 - trainer - Average loss in epoch 387: 1.2023
2026/09/01 01:51:31 - __main__ - INFO - 117 - trainer - Epoch: 388
2026/09/01 01:51:31 - __main__ - INFO - 162 - trainer - [0/257] Loss: 1.2238
2026/09/01 01:51:38 - __main__ - INFO - 162 - trainer - [52/257] Loss: 1.2147
2026/09/01 01:51:45 - __main__ - INFO - 162 - trainer - [104/257] Loss: 1.2211
2026/09/01 01:51:52 - __main__ - INFO - 162 - trainer - [156/257] Loss: 1.2134
2026/09/01 01:51:59 - __main__ - INFO - 162 - trainer - [208/257] Loss: 1.2211
2026/09/01 01:52:06 - __main__ - INFO - 167 - trainer - Average loss in epoch 388: 1.2010
2026/09/01 01:52:06 - __main__ - INFO - 117 - trainer - Epoch: 389
2026/09/01 01:52:06 - __main__ - INFO - 162 - trainer - [0/257] Loss: 1.2296
2026/09/01 01:52:13 - __main__ - INFO - 162 - trainer - [52/257] Loss: 1.2189
2026/09/01 01:52:20 - __main__ - INFO - 162 - trainer - [104/257] Loss: 1.2402
2026/09/01 01:52:27 - __main__ - INFO - 162 - trainer - [156/257] Loss: 1.1692
2026/09/01 01:52:34 - __main__ - INFO - 162 - trainer - [208/257] Loss: 1.2173
2026/09/01 01:52:40 - __main__ - INFO - 167 - trainer - Average loss in epoch 389: 1.2016
2026/09/01 01:52:40 - __main__ - INFO - 117 - trainer - Epoch: 390
2026/09/01 01:52:40 - __main__ - INFO - 162 - trainer - [0/257] Loss: 1.2464
2026/09/01 01:52:47 - __main__ - INFO - 162 - trainer - [52/257] Loss: 1.2115
2026/09/01 01:52:54 - __main__ - INFO - 162 - trainer - [104/257] Loss: 1.1878
2026/09/01 01:53:01 - __main__ - INFO - 162 - trainer - [156/257] Loss: 1.2075
2026/09/01 01:53:08 - __main__ - INFO - 162 - trainer - [208/257] Loss: 1.1843
2026/09/01 01:53:14 - __main__ - INFO - 167 - trainer - Average loss in epoch 390: 1.2010
2026/09/01 01:53:14 - __main__ - INFO - 117 - trainer - Epoch: 391
2026/09/01 01:53:14 - __main__ - INFO - 162 - trainer - [0/257] Loss: 1.2177
2026/09/01 01:53:21 - __main__ - INFO - 162 - trainer - [52/257] Loss: 1.1901
2026/09/01 01:53:28 - __main__ - INFO - 162 - trainer - [104/257] Loss: 1.2305
2026/09/01 01:53:35 - __main__ - INFO - 162 - trainer - [156/257] Loss: 1.2318
2026/09/01 01:53:42 - __main__ - INFO - 162 - trainer - [208/257] Loss: 1.1931
2026/09/01 01:53:49 - __main__ - INFO - 167 - trainer - Average loss in epoch 391: 1.2011
2026/09/01 01:53:49 - __main__ - INFO - 117 - trainer - Epoch: 392
2026/09/01 01:53:49 - __main__ - INFO - 162 - trainer - [0/257] Loss: 1.1765
2026/09/01 01:53:56 - __main__ - INFO - 162 - trainer - [52/257] Loss: 1.1743
2026/09/01 01:54:03 - __main__ - INFO - 162 - trainer - [104/257] Loss: 1.1790
2026/09/01 01:54:10 - __main__ - INFO - 162 - trainer - [156/257] Loss: 1.1720
2026/09/01 01:54:17 - __main__ - INFO - 162 - trainer - [208/257] Loss: 1.1727
2026/09/01 01:54:23 - __main__ - INFO - 167 - trainer - Average loss in epoch 392: 1.2011
2026/09/01 01:54:23 - __main__ - INFO - 117 - trainer - Epoch: 393
2026/09/01 01:54:23 - __main__ - INFO - 162 - trainer - [0/257] Loss: 1.1716
2026/09/01 01:54:30 - __main__ - INFO - 162 - trainer - [52/257] Loss: 1.2188
2026/09/01 01:54:37 - __main__ - INFO - 162 - trainer - [104/257] Loss: 1.1870
2026/09/01 01:54:44 - __main__ - INFO - 162 - trainer - [156/257] Loss: 1.1916
2026/09/01 01:54:51 - __main__ - INFO - 162 - trainer - [208/257] Loss: 1.2040
2026/09/01 01:54:58 - __main__ - INFO - 167 - trainer - Average loss in epoch 393: 1.2016
2026/09/01 01:54:58 - __main__ - INFO - 117 - trainer - Epoch: 394
2026/09/01 01:54:58 - __main__ - INFO - 162 - trainer - [0/257] Loss: 1.2183
2026/09/01 01:55:05 - __main__ - INFO - 162 - trainer - [52/257] Loss: 1.2045
2026/09/01 01:55:12 - __main__ - INFO - 162 - trainer - [104/257] Loss: 1.1857
2026/09/01 01:55:19 - __main__ - INFO - 162 - trainer - [156/257] Loss: 1.1959
2026/09/01 01:55:26 - __main__ - INFO - 162 - trainer - [208/257] Loss: 1.2032
2026/09/01 01:55:32 - __main__ - INFO - 167 - trainer - Average loss in epoch 394: 1.2015
2026/09/01 01:55:32 - __main__ - INFO - 117 - trainer - Epoch: 395
2026/09/01 01:55:32 - __main__ - INFO - 162 - trainer - [0/257] Loss: 1.2054
2026/09/01 01:55:39 - __main__ - INFO - 162 - trainer - [52/257] Loss: 1.1785
2026/09/01 01:55:46 - __main__ - INFO - 162 - trainer - [104/257] Loss: 1.1938
2026/09/01 01:55:53 - __main__ - INFO - 162 - trainer - [156/257] Loss: 1.2265
2026/09/01 01:56:00 - __main__ - INFO - 162 - trainer - [208/257] Loss: 1.2036
2026/09/01 01:56:07 - __main__ - INFO - 167 - trainer - Average loss in epoch 395: 1.2007
2026/09/01 01:56:07 - __main__ - INFO - 117 - trainer - Epoch: 396
2026/09/01 01:56:07 - __main__ - INFO - 162 - trainer - [0/257] Loss: 1.2047
2026/09/01 01:56:14 - __main__ - INFO - 162 - trainer - [52/257] Loss: 1.1955
2026/09/01 01:56:21 - __main__ - INFO - 162 - trainer - [104/257] Loss: 1.2116
2026/09/01 01:56:28 - __main__ - INFO - 162 - trainer - [156/257] Loss: 1.2083
2026/09/01 01:56:34 - __main__ - INFO - 162 - trainer - [208/257] Loss: 1.2549
2026/09/01 01:56:41 - __main__ - INFO - 167 - trainer - Average loss in epoch 396: 1.2014
2026/09/01 01:56:41 - __main__ - INFO - 117 - trainer - Epoch: 397
2026/09/01 01:56:41 - __main__ - INFO - 162 - trainer - [0/257] Loss: 1.2060
2026/09/01 01:56:48 - __main__ - INFO - 162 - trainer - [52/257] Loss: 1.1967
2026/09/01 01:56:55 - __main__ - INFO - 162 - trainer - [104/257] Loss: 1.2272
2026/09/01 01:57:02 - __main__ - INFO - 162 - trainer - [156/257] Loss: 1.2059
2026/09/01 01:57:09 - __main__ - INFO - 162 - trainer - [208/257] Loss: 1.2160
2026/09/01 01:57:16 - __main__ - INFO - 167 - trainer - Average loss in epoch 397: 1.2015
2026/09/01 01:57:16 - __main__ - INFO - 117 - trainer - Epoch: 398
2026/09/01 01:57:16 - __main__ - INFO - 162 - trainer - [0/257] Loss: 1.2240
2026/09/01 01:57:23 - __main__ - INFO - 162 - trainer - [52/257] Loss: 1.2185
2026/09/01 01:57:30 - __main__ - INFO - 162 - trainer - [104/257] Loss: 1.1932
2026/09/01 01:57:37 - __main__ - INFO - 162 - trainer - [156/257] Loss: 1.2067
2026/09/01 01:57:44 - __main__ - INFO - 162 - trainer - [208/257] Loss: 1.2203
2026/09/01 01:57:51 - __main__ - INFO - 167 - trainer - Average loss in epoch 398: 1.2009
2026/09/01 01:57:51 - __main__ - INFO - 117 - trainer - Epoch: 399
2026/09/01 01:57:51 - __main__ - INFO - 162 - trainer - [0/257] Loss: 1.1988
2026/09/01 01:57:58 - __main__ - INFO - 162 - trainer - [52/257] Loss: 1.1916
2026/09/01 01:58:05 - __main__ - INFO - 162 - trainer - [104/257] Loss: 1.1830
2026/09/01 01:58:12 - __main__ - INFO - 162 - trainer - [156/257] Loss: 1.2181
2026/09/01 01:58:19 - __main__ - INFO - 162 - trainer - [208/257] Loss: 1.2271
2026/09/01 01:58:25 - __main__ - INFO - 167 - trainer - Average loss in epoch 399: 1.2004
2026/09/01 01:58:25 - __main__ - INFO - 117 - trainer - Epoch: 400
2026/09/01 01:58:26 - __main__ - INFO - 162 - trainer - [0/257] Loss: 1.1698
2026/09/01 01:58:33 - __main__ - INFO - 162 - trainer - [52/257] Loss: 1.2091
2026/09/01 01:58:40 - __main__ - INFO - 162 - trainer - [104/257] Loss: 1.1797
2026/09/01 01:58:47 - __main__ - INFO - 162 - trainer - [156/257] Loss: 1.1925
2026/09/01 01:58:54 - __main__ - INFO - 162 - trainer - [208/257] Loss: 1.2208
2026/09/01 01:59:00 - __main__ - INFO - 167 - trainer - Average loss in epoch 400: 1.2010
2026/09/01 01:59:00 - __main__ - INFO - 173 - trainer - start predicting: 2026-09-01 01:59:00.686381
2026/09/01 02:00:00 - __main__ - INFO - 117 - trainer - Epoch: 401
2026/09/01 02:00:00 - __main__ - INFO - 162 - trainer - [0/257] Loss: 1.2127
2026/09/01 02:00:08 - __main__ - INFO - 162 - trainer - [52/257] Loss: 1.1882
2026/09/01 02:00:15 - __main__ - INFO - 162 - trainer - [104/257] Loss: 1.1746
2026/09/01 02:00:22 - __main__ - INFO - 162 - trainer - [156/257] Loss: 1.2110
2026/09/01 02:00:29 - __main__ - INFO - 162 - trainer - [208/257] Loss: 1.1886
2026/09/01 02:00:36 - __main__ - INFO - 167 - trainer - Average loss in epoch 401: 1.2012
2026/09/01 02:00:36 - __main__ - INFO - 117 - trainer - Epoch: 402
2026/09/01 02:00:36 - __main__ - INFO - 162 - trainer - [0/257] Loss: 1.2193
2026/09/01 02:00:43 - __main__ - INFO - 162 - trainer - [52/257] Loss: 1.1937
2026/09/01 02:00:50 - __main__ - INFO - 162 - trainer - [104/257] Loss: 1.2173
2026/09/01 02:00:57 - __main__ - INFO - 162 - trainer - [156/257] Loss: 1.1804
2026/09/01 02:01:04 - __main__ - INFO - 162 - trainer - [208/257] Loss: 1.1729
2026/09/01 02:01:11 - __main__ - INFO - 167 - trainer - Average loss in epoch 402: 1.2020
2026/09/01 02:01:11 - __main__ - INFO - 117 - trainer - Epoch: 403
2026/09/01 02:01:11 - __main__ - INFO - 162 - trainer - [0/257] Loss: 1.1905
2026/09/01 02:01:18 - __main__ - INFO - 162 - trainer - [52/257] Loss: 1.1649
2026/09/01 02:01:25 - __main__ - INFO - 162 - trainer - [104/257] Loss: 1.1941
2026/09/01 02:01:32 - __main__ - INFO - 162 - trainer - [156/257] Loss: 1.2016
2026/09/01 02:01:39 - __main__ - INFO - 162 - trainer - [208/257] Loss: 1.1671
2026/09/01 02:01:45 - __main__ - INFO - 167 - trainer - Average loss in epoch 403: 1.2016
2026/09/01 02:01:45 - __main__ - INFO - 117 - trainer - Epoch: 404
2026/09/01 02:01:45 - __main__ - INFO - 162 - trainer - [0/257] Loss: 1.1886
2026/09/01 02:01:52 - __main__ - INFO - 162 - trainer - [52/257] Loss: 1.2145
2026/09/01 02:01:59 - __main__ - INFO - 162 - trainer - [104/257] Loss: 1.2104
2026/09/01 02:02:06 - __main__ - INFO - 162 - trainer - [156/257] Loss: 1.2052
2026/09/01 02:02:13 - __main__ - INFO - 162 - trainer - [208/257] Loss: 1.2054
2026/09/01 02:02:19 - __main__ - INFO - 167 - trainer - Average loss in epoch 404: 1.2013
2026/09/01 02:02:19 - __main__ - INFO - 117 - trainer - Epoch: 405
2026/09/01 02:02:19 - __main__ - INFO - 162 - trainer - [0/257] Loss: 1.2130
2026/09/01 02:02:26 - __main__ - INFO - 162 - trainer - [52/257] Loss: 1.2103
2026/09/01 02:02:33 - __main__ - INFO - 162 - trainer - [104/257] Loss: 1.2153
2026/09/01 02:02:40 - __main__ - INFO - 162 - trainer - [156/257] Loss: 1.2340
2026/09/01 02:02:47 - __main__ - INFO - 162 - trainer - [208/257] Loss: 1.2009
2026/09/01 02:02:54 - __main__ - INFO - 167 - trainer - Average loss in epoch 405: 1.2013
2026/09/01 02:02:54 - __main__ - INFO - 117 - trainer - Epoch: 406
2026/09/01 02:02:54 - __main__ - INFO - 162 - trainer - [0/257] Loss: 1.1990
2026/09/01 02:03:01 - __main__ - INFO - 162 - trainer - [52/257] Loss: 1.1820
2026/09/01 02:03:08 - __main__ - INFO - 162 - trainer - [104/257] Loss: 1.1680
2026/09/01 02:03:15 - __main__ - INFO - 162 - trainer - [156/257] Loss: 1.2176
2026/09/01 02:03:22 - __main__ - INFO - 162 - trainer - [208/257] Loss: 1.2082
2026/09/01 02:03:28 - __main__ - INFO - 167 - trainer - Average loss in epoch 406: 1.2020
2026/09/01 02:03:28 - __main__ - INFO - 117 - trainer - Epoch: 407
2026/09/01 02:03:28 - __main__ - INFO - 162 - trainer - [0/257] Loss: 1.1861
2026/09/01 02:03:35 - __main__ - INFO - 162 - trainer - [52/257] Loss: 1.1963
2026/09/01 02:03:42 - __main__ - INFO - 162 - trainer - [104/257] Loss: 1.1846
2026/09/01 02:03:49 - __main__ - INFO - 162 - trainer - [156/257] Loss: 1.2069
2026/09/01 02:03:56 - __main__ - INFO - 162 - trainer - [208/257] Loss: 1.2019
2026/09/01 02:04:03 - __main__ - INFO - 167 - trainer - Average loss in epoch 407: 1.2019
2026/09/01 02:04:03 - __main__ - INFO - 117 - trainer - Epoch: 408
2026/09/01 02:04:03 - __main__ - INFO - 162 - trainer - [0/257] Loss: 1.1890
2026/09/01 02:04:10 - __main__ - INFO - 162 - trainer - [52/257] Loss: 1.1771
2026/09/01 02:04:17 - __main__ - INFO - 162 - trainer - [104/257] Loss: 1.1928
2026/09/01 02:04:23 - __main__ - INFO - 162 - trainer - [156/257] Loss: 1.2016
2026/09/01 02:04:31 - __main__ - INFO - 162 - trainer - [208/257] Loss: 1.2028
2026/09/01 02:04:37 - __main__ - INFO - 167 - trainer - Average loss in epoch 408: 1.2011
2026/09/01 02:04:37 - __main__ - INFO - 117 - trainer - Epoch: 409
2026/09/01 02:04:37 - __main__ - INFO - 162 - trainer - [0/257] Loss: 1.2464
2026/09/01 02:04:44 - __main__ - INFO - 162 - trainer - [52/257] Loss: 1.2111
2026/09/01 02:04:51 - __main__ - INFO - 162 - trainer - [104/257] Loss: 1.1949
2026/09/01 02:04:57 - __main__ - INFO - 162 - trainer - [156/257] Loss: 1.2069
2026/09/01 02:05:05 - __main__ - INFO - 162 - trainer - [208/257] Loss: 1.1965
2026/09/01 02:05:11 - __main__ - INFO - 167 - trainer - Average loss in epoch 409: 1.2011
2026/09/01 02:05:11 - __main__ - INFO - 117 - trainer - Epoch: 410
2026/09/01 02:05:11 - __main__ - INFO - 162 - trainer - [0/257] Loss: 1.2107
2026/09/01 02:05:18 - __main__ - INFO - 162 - trainer - [52/257] Loss: 1.2149
2026/09/01 02:05:25 - __main__ - INFO - 162 - trainer - [104/257] Loss: 1.2334
2026/09/01 02:05:32 - __main__ - INFO - 162 - trainer - [156/257] Loss: 1.2351
2026/09/01 02:05:39 - __main__ - INFO - 162 - trainer - [208/257] Loss: 1.1938
2026/09/01 02:05:45 - __main__ - INFO - 167 - trainer - Average loss in epoch 410: 1.2011
2026/09/01 02:05:45 - __main__ - INFO - 117 - trainer - Epoch: 411
2026/09/01 02:05:45 - __main__ - INFO - 162 - trainer - [0/257] Loss: 1.2692
2026/09/01 02:05:52 - __main__ - INFO - 162 - trainer - [52/257] Loss: 1.1908
2026/09/01 02:05:59 - __main__ - INFO - 162 - trainer - [104/257] Loss: 1.2197
2026/09/01 02:06:06 - __main__ - INFO - 162 - trainer - [156/257] Loss: 1.2130
2026/09/01 02:06:13 - __main__ - INFO - 162 - trainer - [208/257] Loss: 1.2212
2026/09/01 02:06:20 - __main__ - INFO - 167 - trainer - Average loss in epoch 411: 1.2008
2026/09/01 02:06:20 - __main__ - INFO - 117 - trainer - Epoch: 412
2026/09/01 02:06:20 - __main__ - INFO - 162 - trainer - [0/257] Loss: 1.1948
2026/09/01 02:06:27 - __main__ - INFO - 162 - trainer - [52/257] Loss: 1.2295
2026/09/01 02:06:34 - __main__ - INFO - 162 - trainer - [104/257] Loss: 1.2300
2026/09/01 02:06:41 - __main__ - INFO - 162 - trainer - [156/257] Loss: 1.1704
2026/09/01 02:06:48 - __main__ - INFO - 162 - trainer - [208/257] Loss: 1.2051
2026/09/01 02:06:54 - __main__ - INFO - 167 - trainer - Average loss in epoch 412: 1.2012
2026/09/01 02:06:54 - __main__ - INFO - 117 - trainer - Epoch: 413
2026/09/01 02:06:54 - __main__ - INFO - 162 - trainer - [0/257] Loss: 1.1937
2026/09/01 02:07:01 - __main__ - INFO - 162 - trainer - [52/257] Loss: 1.2143
2026/09/01 02:07:08 - __main__ - INFO - 162 - trainer - [104/257] Loss: 1.1965
2026/09/01 02:07:15 - __main__ - INFO - 162 - trainer - [156/257] Loss: 1.1911
2026/09/01 02:07:22 - __main__ - INFO - 162 - trainer - [208/257] Loss: 1.2138
2026/09/01 02:07:28 - __main__ - INFO - 167 - trainer - Average loss in epoch 413: 1.2010
2026/09/01 02:07:28 - __main__ - INFO - 117 - trainer - Epoch: 414
2026/09/01 02:07:29 - __main__ - INFO - 162 - trainer - [0/257] Loss: 1.1671
2026/09/01 02:07:35 - __main__ - INFO - 162 - trainer - [52/257] Loss: 1.1742
2026/09/01 02:07:42 - __main__ - INFO - 162 - trainer - [104/257] Loss: 1.1936
2026/09/01 02:07:49 - __main__ - INFO - 162 - trainer - [156/257] Loss: 1.1839
2026/09/01 02:07:56 - __main__ - INFO - 162 - trainer - [208/257] Loss: 1.1968
2026/09/01 02:08:02 - __main__ - INFO - 167 - trainer - Average loss in epoch 414: 1.2016
2026/09/01 02:08:02 - __main__ - INFO - 117 - trainer - Epoch: 415
2026/09/01 02:08:03 - __main__ - INFO - 162 - trainer - [0/257] Loss: 1.2158
2026/09/01 02:08:10 - __main__ - INFO - 162 - trainer - [52/257] Loss: 1.2645
2026/09/01 02:08:17 - __main__ - INFO - 162 - trainer - [104/257] Loss: 1.1966
2026/09/01 02:08:24 - __main__ - INFO - 162 - trainer - [156/257] Loss: 1.2039
2026/09/01 02:08:30 - __main__ - INFO - 162 - trainer - [208/257] Loss: 1.1579
2026/09/01 02:08:37 - __main__ - INFO - 167 - trainer - Average loss in epoch 415: 1.2008
2026/09/01 02:08:37 - __main__ - INFO - 117 - trainer - Epoch: 416
2026/09/01 02:08:37 - __main__ - INFO - 162 - trainer - [0/257] Loss: 1.1795
2026/09/01 02:08:44 - __main__ - INFO - 162 - trainer - [52/257] Loss: 1.1922
2026/09/01 02:08:51 - __main__ - INFO - 162 - trainer - [104/257] Loss: 1.2618
2026/09/01 02:08:58 - __main__ - INFO - 162 - trainer - [156/257] Loss: 1.1887
2026/09/01 02:09:05 - __main__ - INFO - 162 - trainer - [208/257] Loss: 1.2085
2026/09/01 02:09:11 - __main__ - INFO - 167 - trainer - Average loss in epoch 416: 1.2017
2026/09/01 02:09:11 - __main__ - INFO - 117 - trainer - Epoch: 417
2026/09/01 02:09:11 - __main__ - INFO - 162 - trainer - [0/257] Loss: 1.2171
2026/09/01 02:09:18 - __main__ - INFO - 162 - trainer - [52/257] Loss: 1.1996
2026/09/01 02:09:25 - __main__ - INFO - 162 - trainer - [104/257] Loss: 1.2579
2026/09/01 02:09:32 - __main__ - INFO - 162 - trainer - [156/257] Loss: 1.2182
2026/09/01 02:09:39 - __main__ - INFO - 162 - trainer - [208/257] Loss: 1.1994
2026/09/01 02:09:45 - __main__ - INFO - 167 - trainer - Average loss in epoch 417: 1.2015
2026/09/01 02:09:45 - __main__ - INFO - 117 - trainer - Epoch: 418
2026/09/01 02:09:45 - __main__ - INFO - 162 - trainer - [0/257] Loss: 1.1928
2026/09/01 02:09:52 - __main__ - INFO - 162 - trainer - [52/257] Loss: 1.1969
2026/09/01 02:09:59 - __main__ - INFO - 162 - trainer - [104/257] Loss: 1.2406
2026/09/01 02:10:06 - __main__ - INFO - 162 - trainer - [156/257] Loss: 1.1922
2026/09/01 02:10:13 - __main__ - INFO - 162 - trainer - [208/257] Loss: 1.1901
2026/09/01 02:10:20 - __main__ - INFO - 167 - trainer - Average loss in epoch 418: 1.2017
2026/09/01 02:10:20 - __main__ - INFO - 117 - trainer - Epoch: 419
2026/09/01 02:10:20 - __main__ - INFO - 162 - trainer - [0/257] Loss: 1.2012
2026/09/01 02:10:27 - __main__ - INFO - 162 - trainer - [52/257] Loss: 1.1835
2026/09/01 02:10:34 - __main__ - INFO - 162 - trainer - [104/257] Loss: 1.2166
2026/09/01 02:10:40 - __main__ - INFO - 162 - trainer - [156/257] Loss: 1.2164
2026/09/01 02:10:47 - __main__ - INFO - 162 - trainer - [208/257] Loss: 1.1987
2026/09/01 02:10:54 - __main__ - INFO - 167 - trainer - Average loss in epoch 419: 1.2003
2026/09/01 02:10:54 - __main__ - INFO - 117 - trainer - Epoch: 420
2026/09/01 02:10:54 - __main__ - INFO - 162 - trainer - [0/257] Loss: 1.2248
2026/09/01 02:11:01 - __main__ - INFO - 162 - trainer - [52/257] Loss: 1.1657
2026/09/01 02:11:08 - __main__ - INFO - 162 - trainer - [104/257] Loss: 1.1891
2026/09/01 02:11:15 - __main__ - INFO - 162 - trainer - [156/257] Loss: 1.2063
2026/09/01 02:11:21 - __main__ - INFO - 162 - trainer - [208/257] Loss: 1.1409
2026/09/01 02:11:28 - __main__ - INFO - 167 - trainer - Average loss in epoch 420: 1.2012
2026/09/01 02:11:28 - __main__ - INFO - 173 - trainer - start predicting: 2026-09-01 02:11:28.524880
2026/09/01 02:12:31 - __main__ - INFO - 117 - trainer - Epoch: 421
2026/09/01 02:12:31 - __main__ - INFO - 162 - trainer - [0/257] Loss: 1.2061
2026/09/01 02:12:38 - __main__ - INFO - 162 - trainer - [52/257] Loss: 1.2118
2026/09/01 02:12:45 - __main__ - INFO - 162 - trainer - [104/257] Loss: 1.1701
2026/09/01 02:12:51 - __main__ - INFO - 162 - trainer - [156/257] Loss: 1.1997
2026/09/01 02:12:58 - __main__ - INFO - 162 - trainer - [208/257] Loss: 1.2269
2026/09/01 02:13:04 - __main__ - INFO - 167 - trainer - Average loss in epoch 421: 1.2017
2026/09/01 02:13:04 - __main__ - INFO - 117 - trainer - Epoch: 422
2026/09/01 02:13:05 - __main__ - INFO - 162 - trainer - [0/257] Loss: 1.1900
2026/09/01 02:13:11 - __main__ - INFO - 162 - trainer - [52/257] Loss: 1.1912
2026/09/01 02:13:18 - __main__ - INFO - 162 - trainer - [104/257] Loss: 1.1430
2026/09/01 02:13:25 - __main__ - INFO - 162 - trainer - [156/257] Loss: 1.2198
2026/09/01 02:13:32 - __main__ - INFO - 162 - trainer - [208/257] Loss: 1.1994
2026/09/01 02:13:38 - __main__ - INFO - 167 - trainer - Average loss in epoch 422: 1.2009
2026/09/01 02:13:38 - __main__ - INFO - 117 - trainer - Epoch: 423
2026/09/01 02:13:38 - __main__ - INFO - 162 - trainer - [0/257] Loss: 1.1889
2026/09/01 02:13:45 - __main__ - INFO - 162 - trainer - [52/257] Loss: 1.2291
2026/09/01 02:13:52 - __main__ - INFO - 162 - trainer - [104/257] Loss: 1.1926
2026/09/01 02:13:59 - __main__ - INFO - 162 - trainer - [156/257] Loss: 1.2327
2026/09/01 02:14:06 - __main__ - INFO - 162 - trainer - [208/257] Loss: 1.1758
2026/09/01 02:14:12 - __main__ - INFO - 167 - trainer - Average loss in epoch 423: 1.2020
2026/09/01 02:14:12 - __main__ - INFO - 117 - trainer - Epoch: 424
2026/09/01 02:14:12 - __main__ - INFO - 162 - trainer - [0/257] Loss: 1.1754
2026/09/01 02:14:19 - __main__ - INFO - 162 - trainer - [52/257] Loss: 1.1965
2026/09/01 02:14:26 - __main__ - INFO - 162 - trainer - [104/257] Loss: 1.1848
2026/09/01 02:14:33 - __main__ - INFO - 162 - trainer - [156/257] Loss: 1.2002
2026/09/01 02:14:40 - __main__ - INFO - 162 - trainer - [208/257] Loss: 1.1917
2026/09/01 02:14:46 - __main__ - INFO - 167 - trainer - Average loss in epoch 424: 1.2008
2026/09/01 02:14:46 - __main__ - INFO - 117 - trainer - Epoch: 425
2026/09/01 02:14:46 - __main__ - INFO - 162 - trainer - [0/257] Loss: 1.2069
2026/09/01 02:14:53 - __main__ - INFO - 162 - trainer - [52/257] Loss: 1.2259
2026/09/01 02:15:00 - __main__ - INFO - 162 - trainer - [104/257] Loss: 1.2044
2026/09/01 02:15:07 - __main__ - INFO - 162 - trainer - [156/257] Loss: 1.1900
2026/09/01 02:15:13 - __main__ - INFO - 162 - trainer - [208/257] Loss: 1.1819
2026/09/01 02:15:20 - __main__ - INFO - 167 - trainer - Average loss in epoch 425: 1.2018
2026/09/01 02:15:20 - __main__ - INFO - 117 - trainer - Epoch: 426
2026/09/01 02:15:20 - __main__ - INFO - 162 - trainer - [0/257] Loss: 1.1808
2026/09/01 02:15:27 - __main__ - INFO - 162 - trainer - [52/257] Loss: 1.2277
2026/09/01 02:15:33 - __main__ - INFO - 162 - trainer - [104/257] Loss: 1.2116
2026/09/01 02:15:40 - __main__ - INFO - 162 - trainer - [156/257] Loss: 1.2127
2026/09/01 02:15:47 - __main__ - INFO - 162 - trainer - [208/257] Loss: 1.2129
2026/09/01 02:15:53 - __main__ - INFO - 167 - trainer - Average loss in epoch 426: 1.2006
2026/09/01 02:15:53 - __main__ - INFO - 117 - trainer - Epoch: 427
2026/09/01 02:15:54 - __main__ - INFO - 162 - trainer - [0/257] Loss: 1.2262
2026/09/01 02:16:00 - __main__ - INFO - 162 - trainer - [52/257] Loss: 1.1508
2026/09/01 02:16:07 - __main__ - INFO - 162 - trainer - [104/257] Loss: 1.1875
2026/09/01 02:16:14 - __main__ - INFO - 162 - trainer - [156/257] Loss: 1.2055
2026/09/01 02:16:21 - __main__ - INFO - 162 - trainer - [208/257] Loss: 1.1989
2026/09/01 02:16:27 - __main__ - INFO - 167 - trainer - Average loss in epoch 427: 1.2003
2026/09/01 02:16:27 - __main__ - INFO - 117 - trainer - Epoch: 428
2026/09/01 02:16:28 - __main__ - INFO - 162 - trainer - [0/257] Loss: 1.2009
2026/09/01 02:16:34 - __main__ - INFO - 162 - trainer - [52/257] Loss: 1.2078
2026/09/01 02:16:41 - __main__ - INFO - 162 - trainer - [104/257] Loss: 1.2344
2026/09/01 02:16:48 - __main__ - INFO - 162 - trainer - [156/257] Loss: 1.1750
2026/09/01 02:16:55 - __main__ - INFO - 162 - trainer - [208/257] Loss: 1.2097
2026/09/01 02:17:01 - __main__ - INFO - 167 - trainer - Average loss in epoch 428: 1.2004
2026/09/01 02:17:01 - __main__ - INFO - 117 - trainer - Epoch: 429
2026/09/01 02:17:01 - __main__ - INFO - 162 - trainer - [0/257] Loss: 1.1789
2026/09/01 02:17:08 - __main__ - INFO - 162 - trainer - [52/257] Loss: 1.1836
2026/09/01 02:17:15 - __main__ - INFO - 162 - trainer - [104/257] Loss: 1.1944
2026/09/01 02:17:22 - __main__ - INFO - 162 - trainer - [156/257] Loss: 1.2134
2026/09/01 02:17:29 - __main__ - INFO - 162 - trainer - [208/257] Loss: 1.2034
2026/09/01 02:17:35 - __main__ - INFO - 167 - trainer - Average loss in epoch 429: 1.2017
2026/09/01 02:17:35 - __main__ - INFO - 117 - trainer - Epoch: 430
2026/09/01 02:17:35 - __main__ - INFO - 162 - trainer - [0/257] Loss: 1.2100
2026/09/01 02:17:42 - __main__ - INFO - 162 - trainer - [52/257] Loss: 1.1897
2026/09/01 02:17:49 - __main__ - INFO - 162 - trainer - [104/257] Loss: 1.1487
2026/09/01 02:17:56 - __main__ - INFO - 162 - trainer - [156/257] Loss: 1.2100
2026/09/01 02:18:03 - __main__ - INFO - 162 - trainer - [208/257] Loss: 1.1957
2026/09/01 02:18:09 - __main__ - INFO - 167 - trainer - Average loss in epoch 430: 1.2018
2026/09/01 02:18:09 - __main__ - INFO - 117 - trainer - Epoch: 431
2026/09/01 02:18:09 - __main__ - INFO - 162 - trainer - [0/257] Loss: 1.1964
2026/09/01 02:18:16 - __main__ - INFO - 162 - trainer - [52/257] Loss: 1.2212
2026/09/01 02:18:23 - __main__ - INFO - 162 - trainer - [104/257] Loss: 1.1975
2026/09/01 02:18:30 - __main__ - INFO - 162 - trainer - [156/257] Loss: 1.1915
2026/09/01 02:18:37 - __main__ - INFO - 162 - trainer - [208/257] Loss: 1.2099
2026/09/01 02:18:43 - __main__ - INFO - 167 - trainer - Average loss in epoch 431: 1.2017
2026/09/01 02:18:43 - __main__ - INFO - 117 - trainer - Epoch: 432
2026/09/01 02:18:43 - __main__ - INFO - 162 - trainer - [0/257] Loss: 1.2067
2026/09/01 02:18:50 - __main__ - INFO - 162 - trainer - [52/257] Loss: 1.2100
2026/09/01 02:18:57 - __main__ - INFO - 162 - trainer - [104/257] Loss: 1.1953
2026/09/01 02:19:03 - __main__ - INFO - 162 - trainer - [156/257] Loss: 1.2112
2026/09/01 02:19:10 - __main__ - INFO - 162 - trainer - [208/257] Loss: 1.2034
2026/09/01 02:19:17 - __main__ - INFO - 167 - trainer - Average loss in epoch 432: 1.2004
2026/09/01 02:19:17 - __main__ - INFO - 117 - trainer - Epoch: 433
2026/09/01 02:19:17 - __main__ - INFO - 162 - trainer - [0/257] Loss: 1.1937
2026/09/01 02:19:23 - __main__ - INFO - 162 - trainer - [52/257] Loss: 1.1955
2026/09/01 02:19:30 - __main__ - INFO - 162 - trainer - [104/257] Loss: 1.1986
2026/09/01 02:19:37 - __main__ - INFO - 162 - trainer - [156/257] Loss: 1.2060
2026/09/01 02:19:44 - __main__ - INFO - 162 - trainer - [208/257] Loss: 1.2240
2026/09/01 02:19:50 - __main__ - INFO - 167 - trainer - Average loss in epoch 433: 1.2017
2026/09/01 02:19:50 - __main__ - INFO - 117 - trainer - Epoch: 434
2026/09/01 02:19:50 - __main__ - INFO - 162 - trainer - [0/257] Loss: 1.1957
2026/09/01 02:19:57 - __main__ - INFO - 162 - trainer - [52/257] Loss: 1.1932
2026/09/01 02:20:04 - __main__ - INFO - 162 - trainer - [104/257] Loss: 1.2000
2026/09/01 02:20:11 - __main__ - INFO - 162 - trainer - [156/257] Loss: 1.2241
2026/09/01 02:20:18 - __main__ - INFO - 162 - trainer - [208/257] Loss: 1.2259
2026/09/01 02:20:24 - __main__ - INFO - 167 - trainer - Average loss in epoch 434: 1.2011
2026/09/01 02:20:24 - __main__ - INFO - 117 - trainer - Epoch: 435
2026/09/01 02:20:24 - __main__ - INFO - 162 - trainer - [0/257] Loss: 1.1830
2026/09/01 02:20:31 - __main__ - INFO - 162 - trainer - [52/257] Loss: 1.2116
2026/09/01 02:20:38 - __main__ - INFO - 162 - trainer - [104/257] Loss: 1.2071
2026/09/01 02:20:45 - __main__ - INFO - 162 - trainer - [156/257] Loss: 1.2205
2026/09/01 02:20:52 - __main__ - INFO - 162 - trainer - [208/257] Loss: 1.2116
2026/09/01 02:20:58 - __main__ - INFO - 167 - trainer - Average loss in epoch 435: 1.2006
2026/09/01 02:20:58 - __main__ - INFO - 117 - trainer - Epoch: 436
2026/09/01 02:20:58 - __main__ - INFO - 162 - trainer - [0/257] Loss: 1.1907
2026/09/01 02:21:05 - __main__ - INFO - 162 - trainer - [52/257] Loss: 1.2428
2026/09/01 02:21:12 - __main__ - INFO - 162 - trainer - [104/257] Loss: 1.1795
2026/09/01 02:21:19 - __main__ - INFO - 162 - trainer - [156/257] Loss: 1.1949
2026/09/01 02:21:25 - __main__ - INFO - 162 - trainer - [208/257] Loss: 1.2107
2026/09/01 02:21:32 - __main__ - INFO - 167 - trainer - Average loss in epoch 436: 1.2019
2026/09/01 02:21:32 - __main__ - INFO - 117 - trainer - Epoch: 437
2026/09/01 02:21:32 - __main__ - INFO - 162 - trainer - [0/257] Loss: 1.2156
2026/09/01 02:21:39 - __main__ - INFO - 162 - trainer - [52/257] Loss: 1.1955
2026/09/01 02:21:46 - __main__ - INFO - 162 - trainer - [104/257] Loss: 1.2076
2026/09/01 02:21:52 - __main__ - INFO - 162 - trainer - [156/257] Loss: 1.1672
2026/09/01 02:21:59 - __main__ - INFO - 162 - trainer - [208/257] Loss: 1.1855
2026/09/01 02:22:06 - __main__ - INFO - 167 - trainer - Average loss in epoch 437: 1.2014
2026/09/01 02:22:06 - __main__ - INFO - 117 - trainer - Epoch: 438
2026/09/01 02:22:06 - __main__ - INFO - 162 - trainer - [0/257] Loss: 1.2205
2026/09/01 02:22:13 - __main__ - INFO - 162 - trainer - [52/257] Loss: 1.1851
2026/09/01 02:22:19 - __main__ - INFO - 162 - trainer - [104/257] Loss: 1.1826
2026/09/01 02:22:26 - __main__ - INFO - 162 - trainer - [156/257] Loss: 1.1880
2026/09/01 02:22:33 - __main__ - INFO - 162 - trainer - [208/257] Loss: 1.1652
2026/09/01 02:22:40 - __main__ - INFO - 167 - trainer - Average loss in epoch 438: 1.2006
2026/09/01 02:22:40 - __main__ - INFO - 117 - trainer - Epoch: 439
2026/09/01 02:22:40 - __main__ - INFO - 162 - trainer - [0/257] Loss: 1.2109
2026/09/01 02:22:47 - __main__ - INFO - 162 - trainer - [52/257] Loss: 1.1986
2026/09/01 02:22:53 - __main__ - INFO - 162 - trainer - [104/257] Loss: 1.2031
2026/09/01 02:23:00 - __main__ - INFO - 162 - trainer - [156/257] Loss: 1.2226
2026/09/01 02:23:07 - __main__ - INFO - 162 - trainer - [208/257] Loss: 1.2027
2026/09/01 02:23:13 - __main__ - INFO - 167 - trainer - Average loss in epoch 439: 1.2021
2026/09/01 02:23:13 - __main__ - INFO - 117 - trainer - Epoch: 440
2026/09/01 02:23:13 - __main__ - INFO - 162 - trainer - [0/257] Loss: 1.2026
2026/09/01 02:23:20 - __main__ - INFO - 162 - trainer - [52/257] Loss: 1.1746
2026/09/01 02:23:27 - __main__ - INFO - 162 - trainer - [104/257] Loss: 1.1919
2026/09/01 02:23:34 - __main__ - INFO - 162 - trainer - [156/257] Loss: 1.1693
2026/09/01 02:23:41 - __main__ - INFO - 162 - trainer - [208/257] Loss: 1.1876
2026/09/01 02:23:47 - __main__ - INFO - 167 - trainer - Average loss in epoch 440: 1.2007
2026/09/01 02:23:47 - __main__ - INFO - 173 - trainer - start predicting: 2026-09-01 02:23:47.478604
2026/09/01 02:24:51 - __main__ - INFO - 117 - trainer - Epoch: 441
2026/09/01 02:24:51 - __main__ - INFO - 162 - trainer - [0/257] Loss: 1.2068
2026/09/01 02:24:58 - __main__ - INFO - 162 - trainer - [52/257] Loss: 1.2217
2026/09/01 02:25:05 - __main__ - INFO - 162 - trainer - [104/257] Loss: 1.1919
2026/09/01 02:25:13 - __main__ - INFO - 162 - trainer - [156/257] Loss: 1.2168
2026/09/01 02:25:20 - __main__ - INFO - 162 - trainer - [208/257] Loss: 1.2055
2026/09/01 02:25:26 - __main__ - INFO - 167 - trainer - Average loss in epoch 441: 1.2009
2026/09/01 02:25:26 - __main__ - INFO - 117 - trainer - Epoch: 442
2026/09/01 02:25:26 - __main__ - INFO - 162 - trainer - [0/257] Loss: 1.2017
2026/09/01 02:25:33 - __main__ - INFO - 162 - trainer - [52/257] Loss: 1.1889
2026/09/01 02:25:41 - __main__ - INFO - 162 - trainer - [104/257] Loss: 1.1936
2026/09/01 02:25:48 - __main__ - INFO - 162 - trainer - [156/257] Loss: 1.1681
2026/09/01 02:25:55 - __main__ - INFO - 162 - trainer - [208/257] Loss: 1.1907
2026/09/01 02:26:02 - __main__ - INFO - 167 - trainer - Average loss in epoch 442: 1.2014
2026/09/01 02:26:02 - __main__ - INFO - 117 - trainer - Epoch: 443
2026/09/01 02:26:02 - __main__ - INFO - 162 - trainer - [0/257] Loss: 1.2159
2026/09/01 02:26:09 - __main__ - INFO - 162 - trainer - [52/257] Loss: 1.2271
2026/09/01 02:26:16 - __main__ - INFO - 162 - trainer - [104/257] Loss: 1.2102
2026/09/01 02:26:24 - __main__ - INFO - 162 - trainer - [156/257] Loss: 1.2221
2026/09/01 02:26:31 - __main__ - INFO - 162 - trainer - [208/257] Loss: 1.2120
2026/09/01 02:26:38 - __main__ - INFO - 167 - trainer - Average loss in epoch 443: 1.2009
2026/09/01 02:26:38 - __main__ - INFO - 117 - trainer - Epoch: 444
2026/09/01 02:26:38 - __main__ - INFO - 162 - trainer - [0/257] Loss: 1.1771
2026/09/01 02:26:45 - __main__ - INFO - 162 - trainer - [52/257] Loss: 1.2328
2026/09/01 02:26:52 - __main__ - INFO - 162 - trainer - [104/257] Loss: 1.1730
2026/09/01 02:26:59 - __main__ - INFO - 162 - trainer - [156/257] Loss: 1.1548
2026/09/01 02:27:07 - __main__ - INFO - 162 - trainer - [208/257] Loss: 1.1771
2026/09/01 02:27:14 - __main__ - INFO - 167 - trainer - Average loss in epoch 444: 1.2003
2026/09/01 02:27:14 - __main__ - INFO - 117 - trainer - Epoch: 445
2026/09/01 02:27:14 - __main__ - INFO - 162 - trainer - [0/257] Loss: 1.1974
2026/09/01 02:27:21 - __main__ - INFO - 162 - trainer - [52/257] Loss: 1.2028
2026/09/01 02:27:28 - __main__ - INFO - 162 - trainer - [104/257] Loss: 1.2204
2026/09/01 02:27:35 - __main__ - INFO - 162 - trainer - [156/257] Loss: 1.1837
2026/09/01 02:27:42 - __main__ - INFO - 162 - trainer - [208/257] Loss: 1.2445
2026/09/01 02:27:49 - __main__ - INFO - 167 - trainer - Average loss in epoch 445: 1.2012
2026/09/01 02:27:49 - __main__ - INFO - 117 - trainer - Epoch: 446
2026/09/01 02:27:49 - __main__ - INFO - 162 - trainer - [0/257] Loss: 1.1965
2026/09/01 02:27:56 - __main__ - INFO - 162 - trainer - [52/257] Loss: 1.2130
2026/09/01 02:28:03 - __main__ - INFO - 162 - trainer - [104/257] Loss: 1.2162
2026/09/01 02:28:10 - __main__ - INFO - 162 - trainer - [156/257] Loss: 1.2221
2026/09/01 02:28:18 - __main__ - INFO - 162 - trainer - [208/257] Loss: 1.1771
2026/09/01 02:28:25 - __main__ - INFO - 167 - trainer - Average loss in epoch 446: 1.2020
2026/09/01 02:28:25 - __main__ - INFO - 117 - trainer - Epoch: 447
2026/09/01 02:28:25 - __main__ - INFO - 162 - trainer - [0/257] Loss: 1.2154
2026/09/01 02:28:32 - __main__ - INFO - 162 - trainer - [52/257] Loss: 1.1804
2026/09/01 02:28:39 - __main__ - INFO - 162 - trainer - [104/257] Loss: 1.1993
2026/09/01 02:28:47 - __main__ - INFO - 162 - trainer - [156/257] Loss: 1.2215
2026/09/01 02:28:54 - __main__ - INFO - 162 - trainer - [208/257] Loss: 1.1617
2026/09/01 02:29:00 - __main__ - INFO - 167 - trainer - Average loss in epoch 447: 1.2020
2026/09/01 02:29:00 - __main__ - INFO - 117 - trainer - Epoch: 448
2026/09/01 02:29:01 - __main__ - INFO - 162 - trainer - [0/257] Loss: 1.1933
2026/09/01 02:29:08 - __main__ - INFO - 162 - trainer - [52/257] Loss: 1.2224
2026/09/01 02:29:15 - __main__ - INFO - 162 - trainer - [104/257] Loss: 1.2019
2026/09/01 02:29:22 - __main__ - INFO - 162 - trainer - [156/257] Loss: 1.1662
2026/09/01 02:29:29 - __main__ - INFO - 162 - trainer - [208/257] Loss: 1.1790
2026/09/01 02:29:36 - __main__ - INFO - 167 - trainer - Average loss in epoch 448: 1.2013
2026/09/01 02:29:36 - __main__ - INFO - 117 - trainer - Epoch: 449
2026/09/01 02:29:36 - __main__ - INFO - 162 - trainer - [0/257] Loss: 1.1809
2026/09/01 02:29:44 - __main__ - INFO - 162 - trainer - [52/257] Loss: 1.1862
2026/09/01 02:29:51 - __main__ - INFO - 162 - trainer - [104/257] Loss: 1.2264
2026/09/01 02:29:58 - __main__ - INFO - 162 - trainer - [156/257] Loss: 1.2145
2026/09/01 02:30:05 - __main__ - INFO - 162 - trainer - [208/257] Loss: 1.2325
2026/09/01 02:30:12 - __main__ - INFO - 167 - trainer - Average loss in epoch 449: 1.2011
2026/09/01 02:30:12 - __main__ - INFO - 117 - trainer - Epoch: 450
2026/09/01 02:30:12 - __main__ - INFO - 162 - trainer - [0/257] Loss: 1.2043
2026/09/01 02:30:19 - __main__ - INFO - 162 - trainer - [52/257] Loss: 1.2159
2026/09/01 02:30:26 - __main__ - INFO - 162 - trainer - [104/257] Loss: 1.2057
2026/09/01 02:30:33 - __main__ - INFO - 162 - trainer - [156/257] Loss: 1.1729
2026/09/01 02:30:41 - __main__ - INFO - 162 - trainer - [208/257] Loss: 1.2052
2026/09/01 02:30:47 - __main__ - INFO - 167 - trainer - Average loss in epoch 450: 1.2008
2026/09/01 02:30:47 - __main__ - INFO - 117 - trainer - Epoch: 451
2026/09/01 02:30:47 - __main__ - INFO - 162 - trainer - [0/257] Loss: 1.2058
2026/09/01 02:30:55 - __main__ - INFO - 162 - trainer - [52/257] Loss: 1.2013
2026/09/01 02:31:02 - __main__ - INFO - 162 - trainer - [104/257] Loss: 1.2293
2026/09/01 02:31:09 - __main__ - INFO - 162 - trainer - [156/257] Loss: 1.2115
2026/09/01 02:31:17 - __main__ - INFO - 162 - trainer - [208/257] Loss: 1.1838
2026/09/01 02:31:23 - __main__ - INFO - 167 - trainer - Average loss in epoch 451: 1.2001
2026/09/01 02:31:23 - __main__ - INFO - 117 - trainer - Epoch: 452
2026/09/01 02:31:23 - __main__ - INFO - 162 - trainer - [0/257] Loss: 1.1836
2026/09/01 02:31:31 - __main__ - INFO - 162 - trainer - [52/257] Loss: 1.1965
2026/09/01 02:31:38 - __main__ - INFO - 162 - trainer - [104/257] Loss: 1.2090
2026/09/01 02:31:45 - __main__ - INFO - 162 - trainer - [156/257] Loss: 1.1848
2026/09/01 02:31:52 - __main__ - INFO - 162 - trainer - [208/257] Loss: 1.2399
2026/09/01 02:31:59 - __main__ - INFO - 167 - trainer - Average loss in epoch 452: 1.2001
2026/09/01 02:31:59 - __main__ - INFO - 117 - trainer - Epoch: 453
2026/09/01 02:31:59 - __main__ - INFO - 162 - trainer - [0/257] Loss: 1.2041
2026/09/01 02:32:06 - __main__ - INFO - 162 - trainer - [52/257] Loss: 1.2172
2026/09/01 02:32:13 - __main__ - INFO - 162 - trainer - [104/257] Loss: 1.2198
2026/09/01 02:32:20 - __main__ - INFO - 162 - trainer - [156/257] Loss: 1.1792
2026/09/01 02:32:27 - __main__ - INFO - 162 - trainer - [208/257] Loss: 1.2040
2026/09/01 02:32:34 - __main__ - INFO - 167 - trainer - Average loss in epoch 453: 1.2007
2026/09/01 02:32:34 - __main__ - INFO - 117 - trainer - Epoch: 454
2026/09/01 02:32:34 - __main__ - INFO - 162 - trainer - [0/257] Loss: 1.2317
2026/09/01 02:32:41 - __main__ - INFO - 162 - trainer - [52/257] Loss: 1.1893
2026/09/01 02:32:48 - __main__ - INFO - 162 - trainer - [104/257] Loss: 1.1994
2026/09/01 02:32:56 - __main__ - INFO - 162 - trainer - [156/257] Loss: 1.2059
2026/09/01 02:33:03 - __main__ - INFO - 162 - trainer - [208/257] Loss: 1.2434
2026/09/01 02:33:09 - __main__ - INFO - 167 - trainer - Average loss in epoch 454: 1.1999
2026/09/01 02:33:09 - __main__ - INFO - 117 - trainer - Epoch: 455
2026/09/01 02:33:09 - __main__ - INFO - 162 - trainer - [0/257] Loss: 1.2089
2026/09/01 02:33:17 - __main__ - INFO - 162 - trainer - [52/257] Loss: 1.2189
2026/09/01 02:33:24 - __main__ - INFO - 162 - trainer - [104/257] Loss: 1.2005
2026/09/01 02:33:31 - __main__ - INFO - 162 - trainer - [156/257] Loss: 1.1764
2026/09/01 02:33:38 - __main__ - INFO - 162 - trainer - [208/257] Loss: 1.2099
2026/09/01 02:33:45 - __main__ - INFO - 167 - trainer - Average loss in epoch 455: 1.2010
2026/09/01 02:33:45 - __main__ - INFO - 117 - trainer - Epoch: 456
2026/09/01 02:33:45 - __main__ - INFO - 162 - trainer - [0/257] Loss: 1.1821
2026/09/01 02:33:52 - __main__ - INFO - 162 - trainer - [52/257] Loss: 1.2235
2026/09/01 02:33:59 - __main__ - INFO - 162 - trainer - [104/257] Loss: 1.1852
2026/09/01 02:34:06 - __main__ - INFO - 162 - trainer - [156/257] Loss: 1.2177
2026/09/01 02:34:14 - __main__ - INFO - 162 - trainer - [208/257] Loss: 1.1925
2026/09/01 02:34:20 - __main__ - INFO - 167 - trainer - Average loss in epoch 456: 1.2008
2026/09/01 02:34:20 - __main__ - INFO - 117 - trainer - Epoch: 457
2026/09/01 02:34:20 - __main__ - INFO - 162 - trainer - [0/257] Loss: 1.2325
2026/09/01 02:34:28 - __main__ - INFO - 162 - trainer - [52/257] Loss: 1.2137
2026/09/01 02:34:35 - __main__ - INFO - 162 - trainer - [104/257] Loss: 1.1784
2026/09/01 02:34:43 - __main__ - INFO - 162 - trainer - [156/257] Loss: 1.1886
2026/09/01 02:34:50 - __main__ - INFO - 162 - trainer - [208/257] Loss: 1.2020
2026/09/01 02:34:57 - __main__ - INFO - 167 - trainer - Average loss in epoch 457: 1.2010
2026/09/01 02:34:57 - __main__ - INFO - 117 - trainer - Epoch: 458
2026/09/01 02:34:57 - __main__ - INFO - 162 - trainer - [0/257] Loss: 1.1467
2026/09/01 02:35:04 - __main__ - INFO - 162 - trainer - [52/257] Loss: 1.2058
2026/09/01 02:35:12 - __main__ - INFO - 162 - trainer - [104/257] Loss: 1.2086
2026/09/01 02:35:19 - __main__ - INFO - 162 - trainer - [156/257] Loss: 1.1963
2026/09/01 02:35:26 - __main__ - INFO - 162 - trainer - [208/257] Loss: 1.1973
2026/09/01 02:35:33 - __main__ - INFO - 167 - trainer - Average loss in epoch 458: 1.2008
2026/09/01 02:35:33 - __main__ - INFO - 117 - trainer - Epoch: 459
2026/09/01 02:35:33 - __main__ - INFO - 162 - trainer - [0/257] Loss: 1.2239
2026/09/01 02:35:40 - __main__ - INFO - 162 - trainer - [52/257] Loss: 1.1703
2026/09/01 02:35:47 - __main__ - INFO - 162 - trainer - [104/257] Loss: 1.1992
2026/09/01 02:35:55 - __main__ - INFO - 162 - trainer - [156/257] Loss: 1.2043
2026/09/01 02:36:02 - __main__ - INFO - 162 - trainer - [208/257] Loss: 1.1800
2026/09/01 02:36:08 - __main__ - INFO - 167 - trainer - Average loss in epoch 459: 1.2005
2026/09/01 02:36:08 - __main__ - INFO - 117 - trainer - Epoch: 460
2026/09/01 02:36:08 - __main__ - INFO - 162 - trainer - [0/257] Loss: 1.2239
2026/09/01 02:36:16 - __main__ - INFO - 162 - trainer - [52/257] Loss: 1.2122
2026/09/01 02:36:23 - __main__ - INFO - 162 - trainer - [104/257] Loss: 1.1685
2026/09/01 02:36:30 - __main__ - INFO - 162 - trainer - [156/257] Loss: 1.1792
2026/09/01 02:36:38 - __main__ - INFO - 162 - trainer - [208/257] Loss: 1.1810
2026/09/01 02:36:44 - __main__ - INFO - 167 - trainer - Average loss in epoch 460: 1.2006
2026/09/01 02:36:44 - __main__ - INFO - 173 - trainer - start predicting: 2026-09-01 02:36:44.622395
2026/09/01 02:37:48 - __main__ - INFO - 117 - trainer - Epoch: 461
2026/09/01 02:37:48 - __main__ - INFO - 162 - trainer - [0/257] Loss: 1.1640
2026/09/01 02:37:56 - __main__ - INFO - 162 - trainer - [52/257] Loss: 1.1879
2026/09/01 02:38:03 - __main__ - INFO - 162 - trainer - [104/257] Loss: 1.1920
2026/09/01 02:38:10 - __main__ - INFO - 162 - trainer - [156/257] Loss: 1.2226
2026/09/01 02:38:17 - __main__ - INFO - 162 - trainer - [208/257] Loss: 1.1482
2026/09/01 02:38:23 - __main__ - INFO - 167 - trainer - Average loss in epoch 461: 1.2020
2026/09/01 02:38:23 - __main__ - INFO - 117 - trainer - Epoch: 462
2026/09/01 02:38:24 - __main__ - INFO - 162 - trainer - [0/257] Loss: 1.2122
2026/09/01 02:38:31 - __main__ - INFO - 162 - trainer - [52/257] Loss: 1.2013
2026/09/01 02:38:38 - __main__ - INFO - 162 - trainer - [104/257] Loss: 1.2188
2026/09/01 02:38:45 - __main__ - INFO - 162 - trainer - [156/257] Loss: 1.1941
2026/09/01 02:38:52 - __main__ - INFO - 162 - trainer - [208/257] Loss: 1.1725
2026/09/01 02:38:58 - __main__ - INFO - 167 - trainer - Average loss in epoch 462: 1.2014
2026/09/01 02:38:58 - __main__ - INFO - 117 - trainer - Epoch: 463
2026/09/01 02:38:58 - __main__ - INFO - 162 - trainer - [0/257] Loss: 1.2059
2026/09/01 02:39:05 - __main__ - INFO - 162 - trainer - [52/257] Loss: 1.1873
2026/09/01 02:39:12 - __main__ - INFO - 162 - trainer - [104/257] Loss: 1.2165
2026/09/01 02:39:19 - __main__ - INFO - 162 - trainer - [156/257] Loss: 1.1938
2026/09/01 02:39:26 - __main__ - INFO - 162 - trainer - [208/257] Loss: 1.1836
2026/09/01 02:39:33 - __main__ - INFO - 167 - trainer - Average loss in epoch 463: 1.2018
2026/09/01 02:39:33 - __main__ - INFO - 117 - trainer - Epoch: 464
2026/09/01 02:39:33 - __main__ - INFO - 162 - trainer - [0/257] Loss: 1.1998
2026/09/01 02:39:40 - __main__ - INFO - 162 - trainer - [52/257] Loss: 1.2225
2026/09/01 02:39:47 - __main__ - INFO - 162 - trainer - [104/257] Loss: 1.1666
2026/09/01 02:39:54 - __main__ - INFO - 162 - trainer - [156/257] Loss: 1.2321
2026/09/01 02:40:01 - __main__ - INFO - 162 - trainer - [208/257] Loss: 1.1886
2026/09/01 02:40:07 - __main__ - INFO - 167 - trainer - Average loss in epoch 464: 1.2009
2026/09/01 02:40:07 - __main__ - INFO - 117 - trainer - Epoch: 465
2026/09/01 02:40:07 - __main__ - INFO - 162 - trainer - [0/257] Loss: 1.1981
2026/09/01 02:40:14 - __main__ - INFO - 162 - trainer - [52/257] Loss: 1.2226
2026/09/01 02:40:21 - __main__ - INFO - 162 - trainer - [104/257] Loss: 1.1839
2026/09/01 02:40:28 - __main__ - INFO - 162 - trainer - [156/257] Loss: 1.1872
2026/09/01 02:40:35 - __main__ - INFO - 162 - trainer - [208/257] Loss: 1.1678
2026/09/01 02:40:42 - __main__ - INFO - 167 - trainer - Average loss in epoch 465: 1.2012
2026/09/01 02:40:42 - __main__ - INFO - 117 - trainer - Epoch: 466
2026/09/01 02:40:42 - __main__ - INFO - 162 - trainer - [0/257] Loss: 1.2053
2026/09/01 02:40:49 - __main__ - INFO - 162 - trainer - [52/257] Loss: 1.2009
2026/09/01 02:40:56 - __main__ - INFO - 162 - trainer - [104/257] Loss: 1.2138
2026/09/01 02:41:03 - __main__ - INFO - 162 - trainer - [156/257] Loss: 1.2272
2026/09/01 02:41:09 - __main__ - INFO - 162 - trainer - [208/257] Loss: 1.1973
2026/09/01 02:41:16 - __main__ - INFO - 167 - trainer - Average loss in epoch 466: 1.2025
2026/09/01 02:41:16 - __main__ - INFO - 117 - trainer - Epoch: 467
2026/09/01 02:41:16 - __main__ - INFO - 162 - trainer - [0/257] Loss: 1.2308
2026/09/01 02:41:23 - __main__ - INFO - 162 - trainer - [52/257] Loss: 1.1589
2026/09/01 02:41:30 - __main__ - INFO - 162 - trainer - [104/257] Loss: 1.1993
2026/09/01 02:41:37 - __main__ - INFO - 162 - trainer - [156/257] Loss: 1.2295
2026/09/01 02:41:44 - __main__ - INFO - 162 - trainer - [208/257] Loss: 1.1799
2026/09/01 02:41:50 - __main__ - INFO - 167 - trainer - Average loss in epoch 467: 1.2006
2026/09/01 02:41:50 - __main__ - INFO - 117 - trainer - Epoch: 468
2026/09/01 02:41:50 - __main__ - INFO - 162 - trainer - [0/257] Loss: 1.2008
2026/09/01 02:41:57 - __main__ - INFO - 162 - trainer - [52/257] Loss: 1.2235
2026/09/01 02:42:04 - __main__ - INFO - 162 - trainer - [104/257] Loss: 1.1865
2026/09/01 02:42:11 - __main__ - INFO - 162 - trainer - [156/257] Loss: 1.1718
2026/09/01 02:42:18 - __main__ - INFO - 162 - trainer - [208/257] Loss: 1.1882
2026/09/01 02:42:24 - __main__ - INFO - 167 - trainer - Average loss in epoch 468: 1.2016
2026/09/01 02:42:24 - __main__ - INFO - 117 - trainer - Epoch: 469
2026/09/01 02:42:24 - __main__ - INFO - 162 - trainer - [0/257] Loss: 1.2021
2026/09/01 02:42:31 - __main__ - INFO - 162 - trainer - [52/257] Loss: 1.2072
2026/09/01 02:42:38 - __main__ - INFO - 162 - trainer - [104/257] Loss: 1.2139
2026/09/01 02:42:45 - __main__ - INFO - 162 - trainer - [156/257] Loss: 1.1826
2026/09/01 02:42:52 - __main__ - INFO - 162 - trainer - [208/257] Loss: 1.1710
2026/09/01 02:42:59 - __main__ - INFO - 167 - trainer - Average loss in epoch 469: 1.2014
2026/09/01 02:42:59 - __main__ - INFO - 117 - trainer - Epoch: 470
2026/09/01 02:42:59 - __main__ - INFO - 162 - trainer - [0/257] Loss: 1.2321
2026/09/01 02:43:06 - __main__ - INFO - 162 - trainer - [52/257] Loss: 1.2037
2026/09/01 02:43:13 - __main__ - INFO - 162 - trainer - [104/257] Loss: 1.2175
2026/09/01 02:43:20 - __main__ - INFO - 162 - trainer - [156/257] Loss: 1.2285
2026/09/01 02:43:27 - __main__ - INFO - 162 - trainer - [208/257] Loss: 1.1952
2026/09/01 02:43:33 - __main__ - INFO - 167 - trainer - Average loss in epoch 470: 1.2001
2026/09/01 02:43:33 - __main__ - INFO - 117 - trainer - Epoch: 471
2026/09/01 02:43:33 - __main__ - INFO - 162 - trainer - [0/257] Loss: 1.1980
2026/09/01 02:43:40 - __main__ - INFO - 162 - trainer - [52/257] Loss: 1.2062
2026/09/01 02:43:47 - __main__ - INFO - 162 - trainer - [104/257] Loss: 1.2057
2026/09/01 02:43:54 - __main__ - INFO - 162 - trainer - [156/257] Loss: 1.2005
2026/09/01 02:44:02 - __main__ - INFO - 162 - trainer - [208/257] Loss: 1.2402
2026/09/01 02:44:08 - __main__ - INFO - 167 - trainer - Average loss in epoch 471: 1.2010
2026/09/01 02:44:08 - __main__ - INFO - 117 - trainer - Epoch: 472
2026/09/01 02:44:08 - __main__ - INFO - 162 - trainer - [0/257] Loss: 1.1965
2026/09/01 02:44:15 - __main__ - INFO - 162 - trainer - [52/257] Loss: 1.2028
2026/09/01 02:44:22 - __main__ - INFO - 162 - trainer - [104/257] Loss: 1.1893
2026/09/01 02:44:29 - __main__ - INFO - 162 - trainer - [156/257] Loss: 1.1881
2026/09/01 02:44:36 - __main__ - INFO - 162 - trainer - [208/257] Loss: 1.2006
2026/09/01 02:44:43 - __main__ - INFO - 167 - trainer - Average loss in epoch 472: 1.2006
2026/09/01 02:44:43 - __main__ - INFO - 117 - trainer - Epoch: 473
2026/09/01 02:44:43 - __main__ - INFO - 162 - trainer - [0/257] Loss: 1.1861
2026/09/01 02:44:50 - __main__ - INFO - 162 - trainer - [52/257] Loss: 1.1802
2026/09/01 02:44:57 - __main__ - INFO - 162 - trainer - [104/257] Loss: 1.1822
2026/09/01 02:45:04 - __main__ - INFO - 162 - trainer - [156/257] Loss: 1.1621
2026/09/01 02:45:11 - __main__ - INFO - 162 - trainer - [208/257] Loss: 1.1906
2026/09/01 02:45:18 - __main__ - INFO - 167 - trainer - Average loss in epoch 473: 1.2003
2026/09/01 02:45:18 - __main__ - INFO - 117 - trainer - Epoch: 474
2026/09/01 02:45:18 - __main__ - INFO - 162 - trainer - [0/257] Loss: 1.2059
2026/09/01 02:45:25 - __main__ - INFO - 162 - trainer - [52/257] Loss: 1.1740
2026/09/01 02:45:32 - __main__ - INFO - 162 - trainer - [104/257] Loss: 1.2424
2026/09/01 02:45:39 - __main__ - INFO - 162 - trainer - [156/257] Loss: 1.2181
2026/09/01 02:45:46 - __main__ - INFO - 162 - trainer - [208/257] Loss: 1.2178
2026/09/01 02:45:52 - __main__ - INFO - 167 - trainer - Average loss in epoch 474: 1.2001
2026/09/01 02:45:52 - __main__ - INFO - 117 - trainer - Epoch: 475
2026/09/01 02:45:52 - __main__ - INFO - 162 - trainer - [0/257] Loss: 1.2227
2026/09/01 02:45:59 - __main__ - INFO - 162 - trainer - [52/257] Loss: 1.2195
2026/09/01 02:46:06 - __main__ - INFO - 162 - trainer - [104/257] Loss: 1.1788
2026/09/01 02:46:13 - __main__ - INFO - 162 - trainer - [156/257] Loss: 1.2304
2026/09/01 02:46:20 - __main__ - INFO - 162 - trainer - [208/257] Loss: 1.2594
2026/09/01 02:46:27 - __main__ - INFO - 167 - trainer - Average loss in epoch 475: 1.2004
2026/09/01 02:46:27 - __main__ - INFO - 117 - trainer - Epoch: 476
2026/09/01 02:46:27 - __main__ - INFO - 162 - trainer - [0/257] Loss: 1.1997
2026/09/01 02:46:34 - __main__ - INFO - 162 - trainer - [52/257] Loss: 1.1924
2026/09/01 02:46:41 - __main__ - INFO - 162 - trainer - [104/257] Loss: 1.1850
2026/09/01 02:46:48 - __main__ - INFO - 162 - trainer - [156/257] Loss: 1.2188
2026/09/01 02:46:54 - __main__ - INFO - 162 - trainer - [208/257] Loss: 1.2098
2026/09/01 02:47:01 - __main__ - INFO - 167 - trainer - Average loss in epoch 476: 1.2013
2026/09/01 02:47:01 - __main__ - INFO - 117 - trainer - Epoch: 477
2026/09/01 02:47:01 - __main__ - INFO - 162 - trainer - [0/257] Loss: 1.1816
2026/09/01 02:47:08 - __main__ - INFO - 162 - trainer - [52/257] Loss: 1.2169
2026/09/01 02:47:15 - __main__ - INFO - 162 - trainer - [104/257] Loss: 1.2123
2026/09/01 02:47:22 - __main__ - INFO - 162 - trainer - [156/257] Loss: 1.1936
2026/09/01 02:47:29 - __main__ - INFO - 162 - trainer - [208/257] Loss: 1.1574
2026/09/01 02:47:35 - __main__ - INFO - 167 - trainer - Average loss in epoch 477: 1.2018
2026/09/01 02:47:35 - __main__ - INFO - 117 - trainer - Epoch: 478
2026/09/01 02:47:36 - __main__ - INFO - 162 - trainer - [0/257] Loss: 1.2081
2026/09/01 02:47:42 - __main__ - INFO - 162 - trainer - [52/257] Loss: 1.2110
2026/09/01 02:47:49 - __main__ - INFO - 162 - trainer - [104/257] Loss: 1.1900
2026/09/01 02:47:56 - __main__ - INFO - 162 - trainer - [156/257] Loss: 1.1981
2026/09/01 02:48:03 - __main__ - INFO - 162 - trainer - [208/257] Loss: 1.1990
2026/09/01 02:48:10 - __main__ - INFO - 167 - trainer - Average loss in epoch 478: 1.2012
2026/09/01 02:48:10 - __main__ - INFO - 117 - trainer - Epoch: 479
2026/09/01 02:48:10 - __main__ - INFO - 162 - trainer - [0/257] Loss: 1.1905
2026/09/01 02:48:17 - __main__ - INFO - 162 - trainer - [52/257] Loss: 1.2069
2026/09/01 02:48:24 - __main__ - INFO - 162 - trainer - [104/257] Loss: 1.1906
2026/09/01 02:48:31 - __main__ - INFO - 162 - trainer - [156/257] Loss: 1.1922
2026/09/01 02:48:38 - __main__ - INFO - 162 - trainer - [208/257] Loss: 1.1913
2026/09/01 02:48:44 - __main__ - INFO - 167 - trainer - Average loss in epoch 479: 1.2006
2026/09/01 02:48:44 - __main__ - INFO - 117 - trainer - Epoch: 480
2026/09/01 02:48:44 - __main__ - INFO - 162 - trainer - [0/257] Loss: 1.2526
2026/09/01 02:48:51 - __main__ - INFO - 162 - trainer - [52/257] Loss: 1.1796
2026/09/01 02:48:58 - __main__ - INFO - 162 - trainer - [104/257] Loss: 1.2209
2026/09/01 02:49:05 - __main__ - INFO - 162 - trainer - [156/257] Loss: 1.1479
2026/09/01 02:49:12 - __main__ - INFO - 162 - trainer - [208/257] Loss: 1.2177
2026/09/01 02:49:18 - __main__ - INFO - 167 - trainer - Average loss in epoch 480: 1.2001
2026/09/01 02:49:18 - __main__ - INFO - 173 - trainer - start predicting: 2026-09-01 02:49:18.477107
2026/09/01 02:50:27 - __main__ - INFO - 210 - trainer - {'Best_HR@5': np.float64(7.7559), 'Best_HR@10': np.float64(10.8086), 'Best_HR@20': np.float64(14.8969), 'Best_NDCG@5': np.float64(5.4064), 'Best_NDCG@10': np.float64(6.3742), 'Best_NDCG@20': np.float64(7.4177)}
2026/09/01 02:50:27 - __main__ - INFO - 211 - trainer - {'Best_epoch_HR@5': 180, 'Best_epoch_HR@10': 120, 'Best_epoch_HR@20': 160, 'Best_epoch_NDCG@5': 380, 'Best_epoch_NDCG@10': 120, 'Best_epoch_NDCG@20': 160}
2026/09/01 02:57:09 - __main__ - INFO - 268 - trainer - Train------------------------------------------------------
2026/09/01 02:57:09 - __main__ - INFO - 270 - trainer - {'HR@5': np.float64(48.4848), 'HR@10': np.float64(58.5723), 'HR@20': np.float64(68.227), 'NDCG@5': np.float64(37.3008), 'NDCG@10': np.float64(40.5661), 'NDCG@20': np.float64(43.011)}
2026/09/01 02:57:09 - __main__ - INFO - 274 - trainer - Test------------------------------------------------------
2026/09/01 02:57:09 - __main__ - INFO - 276 - trainer - {'HR@5': np.float64(5.8747), 'HR@10': np.float64(8.4115), 'HR@20': np.float64(11.9855), 'NDCG@5': np.float64(4.0881), 'NDCG@10': np.float64(4.9047), 'NDCG@20': np.float64(5.798)}
2026/09/01 02:57:09 - __main__ - INFO - 279 - trainer - Best Eval---------------------------------------------------------
2026/09/01 02:57:09 - __main__ - INFO - 282 - trainer - {'Best_HR@5': np.float64(7.7559), 'Best_HR@10': np.float64(10.8086), 'Best_HR@20': np.float64(14.8969), 'Best_NDCG@5': np.float64(5.4064), 'Best_NDCG@10': np.float64(6.3742), 'Best_NDCG@20': np.float64(7.4177)}
2026/09/01 02:57:09 - __main__ - INFO - 283 - trainer - {'Best_epoch_HR@5': 180, 'Best_epoch_HR@10': 120, 'Best_epoch_HR@20': 160, 'Best_epoch_NDCG@5': 380, 'Best_epoch_NDCG@10': 120, 'Best_epoch_NDCG@20': 160}
