2026/09/02 22:46:17 - __main__ - INFO - 73 - main - Namespace(dataset='amazon_beauty', log_file='log/', random_seed=1997, max_len=50, device='cuda', num_gpu=1, batch_size=512, hidden_size=128, dropout=0.1, emb_dropout=0.3, hidden_act='gelu', num_blocks=4, epochs=500, decay_step=100, gamma=0.1, metric_ks=[5, 10, 20], optimizer='Adam', lr=0.001, weight_decay=0, momentum=None, lambda_uncertainty=0.001, eval_interval=20, patience=5, eps=0.001, sample_N=30, lambda_t=0.001, dropout_c=0.1, eps_reverse=0.001, m_logNorm=1.0, s_logNorm=0.6, s_modsamp=1.0, last=2, mask_ratio=1.0, sampling_method='mode', Loss_Alpha=0.2, Loss_Beta=0.4)
2026/09/02 22:46:18 - __main__ - INFO - 117 - trainer - Epoch: 0
2026/09/02 22:46:19 - __main__ - INFO - 162 - trainer - [0/257] Loss: 12.4857
2026/09/02 22:46:26 - __main__ - INFO - 162 - trainer - [52/257] Loss: 7.9851
2026/09/02 22:46:34 - __main__ - INFO - 162 - trainer - [104/257] Loss: 6.8329
2026/09/02 22:46:41 - __main__ - INFO - 162 - trainer - [156/257] Loss: 6.0366
2026/09/02 22:46:48 - __main__ - INFO - 162 - trainer - [208/257] Loss: 5.5187
2026/09/02 22:46:55 - __main__ - INFO - 167 - trainer - Average loss in epoch 0: 6.8017
2026/09/02 22:46:55 - __main__ - INFO - 117 - trainer - Epoch: 1
2026/09/02 22:46:55 - __main__ - INFO - 162 - trainer - [0/257] Loss: 4.9329
2026/09/02 22:47:03 - __main__ - INFO - 162 - trainer - [52/257] Loss: 4.5268
2026/09/02 22:47:10 - __main__ - INFO - 162 - trainer - [104/257] Loss: 4.1539
2026/09/02 22:47:17 - __main__ - INFO - 162 - trainer - [156/257] Loss: 3.6361
2026/09/02 22:47:25 - __main__ - INFO - 162 - trainer - [208/257] Loss: 3.2520
2026/09/02 22:47:32 - __main__ - INFO - 167 - trainer - Average loss in epoch 1: 3.9259
2026/09/02 22:47:32 - __main__ - INFO - 117 - trainer - Epoch: 2
2026/09/02 22:47:32 - __main__ - INFO - 162 - trainer - [0/257] Loss: 3.0500
2026/09/02 22:47:39 - __main__ - INFO - 162 - trainer - [52/257] Loss: 2.9978
2026/09/02 22:47:46 - __main__ - INFO - 162 - trainer - [104/257] Loss: 2.9670
2026/09/02 22:47:54 - __main__ - INFO - 162 - trainer - [156/257] Loss: 2.9240
2026/09/02 22:48:01 - __main__ - INFO - 162 - trainer - [208/257] Loss: 2.9061
2026/09/02 22:48:08 - __main__ - INFO - 167 - trainer - Average loss in epoch 2: 2.9429
2026/09/02 22:48:08 - __main__ - INFO - 117 - trainer - Epoch: 3
2026/09/02 22:48:08 - __main__ - INFO - 162 - trainer - [0/257] Loss: 2.8778
2026/09/02 22:48:15 - __main__ - INFO - 162 - trainer - [52/257] Loss: 2.8516
2026/09/02 22:48:23 - __main__ - INFO - 162 - trainer - [104/257] Loss: 2.8364
2026/09/02 22:48:30 - __main__ - INFO - 162 - trainer - [156/257] Loss: 2.8396
2026/09/02 22:48:37 - __main__ - INFO - 162 - trainer - [208/257] Loss: 2.8042
2026/09/02 22:48:44 - __main__ - INFO - 167 - trainer - Average loss in epoch 3: 2.8267
2026/09/02 22:48:44 - __main__ - INFO - 117 - trainer - Epoch: 4
2026/09/02 22:48:45 - __main__ - INFO - 162 - trainer - [0/257] Loss: 2.7711
2026/09/02 22:48:52 - __main__ - INFO - 162 - trainer - [52/257] Loss: 2.7666
2026/09/02 22:48:59 - __main__ - INFO - 162 - trainer - [104/257] Loss: 2.7384
2026/09/02 22:49:07 - __main__ - INFO - 162 - trainer - [156/257] Loss: 2.7214
2026/09/02 22:49:14 - __main__ - INFO - 162 - trainer - [208/257] Loss: 2.6837
2026/09/02 22:49:21 - __main__ - INFO - 167 - trainer - Average loss in epoch 4: 2.7308
2026/09/02 22:49:21 - __main__ - INFO - 117 - trainer - Epoch: 5
2026/09/02 22:49:21 - __main__ - INFO - 162 - trainer - [0/257] Loss: 2.6632
2026/09/02 22:49:29 - __main__ - INFO - 162 - trainer - [52/257] Loss: 2.6585
2026/09/02 22:49:36 - __main__ - INFO - 162 - trainer - [104/257] Loss: 2.6334
2026/09/02 22:49:44 - __main__ - INFO - 162 - trainer - [156/257] Loss: 2.6189
2026/09/02 22:49:51 - __main__ - INFO - 162 - trainer - [208/257] Loss: 2.6215
2026/09/02 22:49:58 - __main__ - INFO - 167 - trainer - Average loss in epoch 5: 2.6406
2026/09/02 22:49:58 - __main__ - INFO - 117 - trainer - Epoch: 6
2026/09/02 22:49:58 - __main__ - INFO - 162 - trainer - [0/257] Loss: 2.6091
2026/09/02 22:50:05 - __main__ - INFO - 162 - trainer - [52/257] Loss: 2.5802
2026/09/02 22:50:13 - __main__ - INFO - 162 - trainer - [104/257] Loss: 2.5804
2026/09/02 22:50:20 - __main__ - INFO - 162 - trainer - [156/257] Loss: 2.5388
2026/09/02 22:50:27 - __main__ - INFO - 162 - trainer - [208/257] Loss: 2.5413
2026/09/02 22:50:34 - __main__ - INFO - 167 - trainer - Average loss in epoch 6: 2.5645
2026/09/02 22:50:34 - __main__ - INFO - 117 - trainer - Epoch: 7
2026/09/02 22:50:34 - __main__ - INFO - 162 - trainer - [0/257] Loss: 2.5185
2026/09/02 22:50:42 - __main__ - INFO - 162 - trainer - [52/257] Loss: 2.4921
2026/09/02 22:50:49 - __main__ - INFO - 162 - trainer - [104/257] Loss: 2.5147
2026/09/02 22:50:57 - __main__ - INFO - 162 - trainer - [156/257] Loss: 2.4766
2026/09/02 22:51:04 - __main__ - INFO - 162 - trainer - [208/257] Loss: 2.4911
2026/09/02 22:51:11 - __main__ - INFO - 167 - trainer - Average loss in epoch 7: 2.4998
2026/09/02 22:51:11 - __main__ - INFO - 117 - trainer - Epoch: 8
2026/09/02 22:51:11 - __main__ - INFO - 162 - trainer - [0/257] Loss: 2.4489
2026/09/02 22:51:19 - __main__ - INFO - 162 - trainer - [52/257] Loss: 2.4398
2026/09/02 22:51:26 - __main__ - INFO - 162 - trainer - [104/257] Loss: 2.4400
2026/09/02 22:51:33 - __main__ - INFO - 162 - trainer - [156/257] Loss: 2.4776
2026/09/02 22:51:41 - __main__ - INFO - 162 - trainer - [208/257] Loss: 2.4107
2026/09/02 22:51:47 - __main__ - INFO - 167 - trainer - Average loss in epoch 8: 2.4415
2026/09/02 22:51:47 - __main__ - INFO - 117 - trainer - Epoch: 9
2026/09/02 22:51:48 - __main__ - INFO - 162 - trainer - [0/257] Loss: 2.3929
2026/09/02 22:51:55 - __main__ - INFO - 162 - trainer - [52/257] Loss: 2.4061
2026/09/02 22:52:03 - __main__ - INFO - 162 - trainer - [104/257] Loss: 2.3759
2026/09/02 22:52:10 - __main__ - INFO - 162 - trainer - [156/257] Loss: 2.3986
2026/09/02 22:52:17 - __main__ - INFO - 162 - trainer - [208/257] Loss: 2.4094
2026/09/02 22:52:24 - __main__ - INFO - 167 - trainer - Average loss in epoch 9: 2.3867
2026/09/02 22:52:24 - __main__ - INFO - 117 - trainer - Epoch: 10
2026/09/02 22:52:24 - __main__ - INFO - 162 - trainer - [0/257] Loss: 2.3575
2026/09/02 22:52:31 - __main__ - INFO - 162 - trainer - [52/257] Loss: 2.3399
2026/09/02 22:52:39 - __main__ - INFO - 162 - trainer - [104/257] Loss: 2.3721
2026/09/02 22:52:46 - __main__ - INFO - 162 - trainer - [156/257] Loss: 2.3499
2026/09/02 22:52:53 - __main__ - INFO - 162 - trainer - [208/257] Loss: 2.3070
2026/09/02 22:53:00 - __main__ - INFO - 167 - trainer - Average loss in epoch 10: 2.3337
2026/09/02 22:53:00 - __main__ - INFO - 117 - trainer - Epoch: 11
2026/09/02 22:53:00 - __main__ - INFO - 162 - trainer - [0/257] Loss: 2.3482
2026/09/02 22:53:08 - __main__ - INFO - 162 - trainer - [52/257] Loss: 2.2935
2026/09/02 22:53:15 - __main__ - INFO - 162 - trainer - [104/257] Loss: 2.2935
2026/09/02 22:53:23 - __main__ - INFO - 162 - trainer - [156/257] Loss: 2.3221
2026/09/02 22:53:30 - __main__ - INFO - 162 - trainer - [208/257] Loss: 2.2633
2026/09/02 22:53:37 - __main__ - INFO - 167 - trainer - Average loss in epoch 11: 2.2829
2026/09/02 22:53:37 - __main__ - INFO - 117 - trainer - Epoch: 12
2026/09/02 22:53:37 - __main__ - INFO - 162 - trainer - [0/257] Loss: 2.2648
2026/09/02 22:53:45 - __main__ - INFO - 162 - trainer - [52/257] Loss: 2.2776
2026/09/02 22:53:52 - __main__ - INFO - 162 - trainer - [104/257] Loss: 2.2378
2026/09/02 22:53:59 - __main__ - INFO - 162 - trainer - [156/257] Loss: 2.2112
2026/09/02 22:54:07 - __main__ - INFO - 162 - trainer - [208/257] Loss: 2.2502
2026/09/02 22:54:14 - __main__ - INFO - 167 - trainer - Average loss in epoch 12: 2.2353
2026/09/02 22:54:14 - __main__ - INFO - 117 - trainer - Epoch: 13
2026/09/02 22:54:14 - __main__ - INFO - 162 - trainer - [0/257] Loss: 2.2684
2026/09/02 22:54:21 - __main__ - INFO - 162 - trainer - [52/257] Loss: 2.1973
2026/09/02 22:54:28 - __main__ - INFO - 162 - trainer - [104/257] Loss: 2.1729
2026/09/02 22:54:36 - __main__ - INFO - 162 - trainer - [156/257] Loss: 2.1985
2026/09/02 22:54:43 - __main__ - INFO - 162 - trainer - [208/257] Loss: 2.1648
2026/09/02 22:54:50 - __main__ - INFO - 167 - trainer - Average loss in epoch 13: 2.1892
2026/09/02 22:54:50 - __main__ - INFO - 117 - trainer - Epoch: 14
2026/09/02 22:54:50 - __main__ - INFO - 162 - trainer - [0/257] Loss: 2.1690
2026/09/02 22:54:58 - __main__ - INFO - 162 - trainer - [52/257] Loss: 2.1895
2026/09/02 22:55:05 - __main__ - INFO - 162 - trainer - [104/257] Loss: 2.1783
2026/09/02 22:55:12 - __main__ - INFO - 162 - trainer - [156/257] Loss: 2.1891
2026/09/02 22:55:19 - __main__ - INFO - 162 - trainer - [208/257] Loss: 2.1164
2026/09/02 22:55:26 - __main__ - INFO - 167 - trainer - Average loss in epoch 14: 2.1472
2026/09/02 22:55:26 - __main__ - INFO - 117 - trainer - Epoch: 15
2026/09/02 22:55:26 - __main__ - INFO - 162 - trainer - [0/257] Loss: 2.1737
2026/09/02 22:55:34 - __main__ - INFO - 162 - trainer - [52/257] Loss: 2.1514
2026/09/02 22:55:41 - __main__ - INFO - 162 - trainer - [104/257] Loss: 2.1427
2026/09/02 22:55:48 - __main__ - INFO - 162 - trainer - [156/257] Loss: 2.1155
2026/09/02 22:55:55 - __main__ - INFO - 162 - trainer - [208/257] Loss: 2.1538
2026/09/02 22:56:02 - __main__ - INFO - 167 - trainer - Average loss in epoch 15: 2.1079
2026/09/02 22:56:02 - __main__ - INFO - 117 - trainer - Epoch: 16
2026/09/02 22:56:02 - __main__ - INFO - 162 - trainer - [0/257] Loss: 2.0672
2026/09/02 22:56:09 - __main__ - INFO - 162 - trainer - [52/257] Loss: 2.0992
2026/09/02 22:56:17 - __main__ - INFO - 162 - trainer - [104/257] Loss: 2.0867
2026/09/02 22:56:24 - __main__ - INFO - 162 - trainer - [156/257] Loss: 2.0926
2026/09/02 22:56:32 - __main__ - INFO - 162 - trainer - [208/257] Loss: 2.0678
2026/09/02 22:56:38 - __main__ - INFO - 167 - trainer - Average loss in epoch 16: 2.0705
2026/09/02 22:56:38 - __main__ - INFO - 117 - trainer - Epoch: 17
2026/09/02 22:56:38 - __main__ - INFO - 162 - trainer - [0/257] Loss: 2.0177
2026/09/02 22:56:46 - __main__ - INFO - 162 - trainer - [52/257] Loss: 2.0510
2026/09/02 22:56:53 - __main__ - INFO - 162 - trainer - [104/257] Loss: 2.0361
2026/09/02 22:57:01 - __main__ - INFO - 162 - trainer - [156/257] Loss: 2.0237
2026/09/02 22:57:08 - __main__ - INFO - 162 - trainer - [208/257] Loss: 1.9883
2026/09/02 22:57:15 - __main__ - INFO - 167 - trainer - Average loss in epoch 17: 2.0361
2026/09/02 22:57:15 - __main__ - INFO - 117 - trainer - Epoch: 18
2026/09/02 22:57:15 - __main__ - INFO - 162 - trainer - [0/257] Loss: 1.9993
2026/09/02 22:57:23 - __main__ - INFO - 162 - trainer - [52/257] Loss: 2.0003
2026/09/02 22:57:30 - __main__ - INFO - 162 - trainer - [104/257] Loss: 2.0077
2026/09/02 22:57:38 - __main__ - INFO - 162 - trainer - [156/257] Loss: 2.0593
2026/09/02 22:57:45 - __main__ - INFO - 162 - trainer - [208/257] Loss: 2.0149
2026/09/02 22:57:52 - __main__ - INFO - 167 - trainer - Average loss in epoch 18: 2.0038
2026/09/02 22:57:52 - __main__ - INFO - 117 - trainer - Epoch: 19
2026/09/02 22:57:52 - __main__ - INFO - 162 - trainer - [0/257] Loss: 1.9920
2026/09/02 22:57:59 - __main__ - INFO - 162 - trainer - [52/257] Loss: 1.9613
2026/09/02 22:58:06 - __main__ - INFO - 162 - trainer - [104/257] Loss: 1.9846
2026/09/02 22:58:14 - __main__ - INFO - 162 - trainer - [156/257] Loss: 2.0093
2026/09/02 22:58:21 - __main__ - INFO - 162 - trainer - [208/257] Loss: 1.9853
2026/09/02 22:58:28 - __main__ - INFO - 167 - trainer - Average loss in epoch 19: 1.9726
2026/09/02 22:58:28 - __main__ - INFO - 117 - trainer - Epoch: 20
2026/09/02 22:58:28 - __main__ - INFO - 162 - trainer - [0/257] Loss: 1.8842
2026/09/02 22:58:36 - __main__ - INFO - 162 - trainer - [52/257] Loss: 1.9233
2026/09/02 22:58:43 - __main__ - INFO - 162 - trainer - [104/257] Loss: 1.9581
2026/09/02 22:58:50 - __main__ - INFO - 162 - trainer - [156/257] Loss: 1.9853
2026/09/02 22:58:58 - __main__ - INFO - 162 - trainer - [208/257] Loss: 1.8982
2026/09/02 22:59:05 - __main__ - INFO - 167 - trainer - Average loss in epoch 20: 1.9443
2026/09/02 22:59:05 - __main__ - INFO - 173 - trainer - start predicting: 2026-09-02 22:59:05.208977
2026/09/02 23:00:12 - __main__ - INFO - 203 - trainer - {'Best_HR@5': np.float64(4.3793), 'Best_HR@10': np.float64(6.3224), 'Best_HR@20': np.float64(9.1192), 'Best_NDCG@5': np.float64(3.0889), 'Best_NDCG@10': np.float64(3.7136), 'Best_NDCG@20': np.float64(4.4203)}
2026/09/02 23:00:12 - __main__ - INFO - 204 - trainer - {'Best_epoch_HR@5': 20, 'Best_epoch_HR@10': 20, 'Best_epoch_HR@20': 20, 'Best_epoch_NDCG@5': 20, 'Best_epoch_NDCG@10': 20, 'Best_epoch_NDCG@20': 20}
2026/09/02 23:00:12 - __main__ - INFO - 117 - trainer - Epoch: 21
2026/09/02 23:00:12 - __main__ - INFO - 162 - trainer - [0/257] Loss: 1.9423
2026/09/02 23:00:19 - __main__ - INFO - 162 - trainer - [52/257] Loss: 1.9354
2026/09/02 23:00:27 - __main__ - INFO - 162 - trainer - [104/257] Loss: 1.8870
2026/09/02 23:00:34 - __main__ - INFO - 162 - trainer - [156/257] Loss: 1.9087
2026/09/02 23:00:41 - __main__ - INFO - 162 - trainer - [208/257] Loss: 1.9106
2026/09/02 23:00:47 - __main__ - INFO - 167 - trainer - Average loss in epoch 21: 1.9173
2026/09/02 23:00:47 - __main__ - INFO - 117 - trainer - Epoch: 22
2026/09/02 23:00:48 - __main__ - INFO - 162 - trainer - [0/257] Loss: 1.8896
2026/09/02 23:00:55 - __main__ - INFO - 162 - trainer - [52/257] Loss: 1.8650
2026/09/02 23:01:02 - __main__ - INFO - 162 - trainer - [104/257] Loss: 1.8697
2026/09/02 23:01:09 - __main__ - INFO - 162 - trainer - [156/257] Loss: 1.8957
2026/09/02 23:01:15 - __main__ - INFO - 162 - trainer - [208/257] Loss: 1.8971
2026/09/02 23:01:22 - __main__ - INFO - 167 - trainer - Average loss in epoch 22: 1.8916
2026/09/02 23:01:22 - __main__ - INFO - 117 - trainer - Epoch: 23
2026/09/02 23:01:22 - __main__ - INFO - 162 - trainer - [0/257] Loss: 1.8238
2026/09/02 23:01:29 - __main__ - INFO - 162 - trainer - [52/257] Loss: 1.8753
2026/09/02 23:01:36 - __main__ - INFO - 162 - trainer - [104/257] Loss: 1.8486
2026/09/02 23:01:42 - __main__ - INFO - 162 - trainer - [156/257] Loss: 1.8648
2026/09/02 23:01:49 - __main__ - INFO - 162 - trainer - [208/257] Loss: 1.8423
2026/09/02 23:01:55 - __main__ - INFO - 167 - trainer - Average loss in epoch 23: 1.8675
2026/09/02 23:01:55 - __main__ - INFO - 117 - trainer - Epoch: 24
2026/09/02 23:01:55 - __main__ - INFO - 162 - trainer - [0/257] Loss: 1.8412
2026/09/02 23:02:02 - __main__ - INFO - 162 - trainer - [52/257] Loss: 1.8443
2026/09/02 23:02:09 - __main__ - INFO - 162 - trainer - [104/257] Loss: 1.8518
2026/09/02 23:02:16 - __main__ - INFO - 162 - trainer - [156/257] Loss: 1.8020
2026/09/02 23:02:23 - __main__ - INFO - 162 - trainer - [208/257] Loss: 1.8591
2026/09/02 23:02:29 - __main__ - INFO - 167 - trainer - Average loss in epoch 24: 1.8449
2026/09/02 23:02:29 - __main__ - INFO - 117 - trainer - Epoch: 25
2026/09/02 23:02:29 - __main__ - INFO - 162 - trainer - [0/257] Loss: 1.7893
2026/09/02 23:02:36 - __main__ - INFO - 162 - trainer - [52/257] Loss: 1.8474
2026/09/02 23:02:43 - __main__ - INFO - 162 - trainer - [104/257] Loss: 1.8449
2026/09/02 23:02:50 - __main__ - INFO - 162 - trainer - [156/257] Loss: 1.7730
2026/09/02 23:02:57 - __main__ - INFO - 162 - trainer - [208/257] Loss: 1.8017
2026/09/02 23:03:04 - __main__ - INFO - 167 - trainer - Average loss in epoch 25: 1.8240
2026/09/02 23:03:04 - __main__ - INFO - 117 - trainer - Epoch: 26
2026/09/02 23:03:04 - __main__ - INFO - 162 - trainer - [0/257] Loss: 1.8091
2026/09/02 23:03:11 - __main__ - INFO - 162 - trainer - [52/257] Loss: 1.8241
2026/09/02 23:03:18 - __main__ - INFO - 162 - trainer - [104/257] Loss: 1.7750
2026/09/02 23:03:25 - __main__ - INFO - 162 - trainer - [156/257] Loss: 1.7583
2026/09/02 23:03:32 - __main__ - INFO - 162 - trainer - [208/257] Loss: 1.7964
2026/09/02 23:03:39 - __main__ - INFO - 167 - trainer - Average loss in epoch 26: 1.8039
2026/09/02 23:03:39 - __main__ - INFO - 117 - trainer - Epoch: 27
2026/09/02 23:03:39 - __main__ - INFO - 162 - trainer - [0/257] Loss: 1.7895
2026/09/02 23:03:46 - __main__ - INFO - 162 - trainer - [52/257] Loss: 1.7938
2026/09/02 23:03:53 - __main__ - INFO - 162 - trainer - [104/257] Loss: 1.7815
2026/09/02 23:04:00 - __main__ - INFO - 162 - trainer - [156/257] Loss: 1.7521
2026/09/02 23:04:07 - __main__ - INFO - 162 - trainer - [208/257] Loss: 1.7936
2026/09/02 23:04:14 - __main__ - INFO - 167 - trainer - Average loss in epoch 27: 1.7848
2026/09/02 23:04:14 - __main__ - INFO - 117 - trainer - Epoch: 28
2026/09/02 23:04:14 - __main__ - INFO - 162 - trainer - [0/257] Loss: 1.7563
2026/09/02 23:04:21 - __main__ - INFO - 162 - trainer - [52/257] Loss: 1.7786
2026/09/02 23:04:28 - __main__ - INFO - 162 - trainer - [104/257] Loss: 1.7972
2026/09/02 23:04:35 - __main__ - INFO - 162 - trainer - [156/257] Loss: 1.7610
2026/09/02 23:04:42 - __main__ - INFO - 162 - trainer - [208/257] Loss: 1.7577
2026/09/02 23:04:49 - __main__ - INFO - 167 - trainer - Average loss in epoch 28: 1.7674
2026/09/02 23:04:49 - __main__ - INFO - 117 - trainer - Epoch: 29
2026/09/02 23:04:49 - __main__ - INFO - 162 - trainer - [0/257] Loss: 1.8081
2026/09/02 23:04:56 - __main__ - INFO - 162 - trainer - [52/257] Loss: 1.7425
2026/09/02 23:05:03 - __main__ - INFO - 162 - trainer - [104/257] Loss: 1.7836
2026/09/02 23:05:11 - __main__ - INFO - 162 - trainer - [156/257] Loss: 1.7377
2026/09/02 23:05:17 - __main__ - INFO - 162 - trainer - [208/257] Loss: 1.7388
2026/09/02 23:05:24 - __main__ - INFO - 167 - trainer - Average loss in epoch 29: 1.7513
2026/09/02 23:05:24 - __main__ - INFO - 117 - trainer - Epoch: 30
2026/09/02 23:05:24 - __main__ - INFO - 162 - trainer - [0/257] Loss: 1.7478
2026/09/02 23:05:31 - __main__ - INFO - 162 - trainer - [52/257] Loss: 1.7367
2026/09/02 23:05:38 - __main__ - INFO - 162 - trainer - [104/257] Loss: 1.7208
2026/09/02 23:05:45 - __main__ - INFO - 162 - trainer - [156/257] Loss: 1.7198
2026/09/02 23:05:53 - __main__ - INFO - 162 - trainer - [208/257] Loss: 1.7548
2026/09/02 23:05:59 - __main__ - INFO - 167 - trainer - Average loss in epoch 30: 1.7346
2026/09/02 23:05:59 - __main__ - INFO - 117 - trainer - Epoch: 31
2026/09/02 23:05:59 - __main__ - INFO - 162 - trainer - [0/257] Loss: 1.7310
2026/09/02 23:06:06 - __main__ - INFO - 162 - trainer - [52/257] Loss: 1.6860
2026/09/02 23:06:13 - __main__ - INFO - 162 - trainer - [104/257] Loss: 1.7432
2026/09/02 23:06:20 - __main__ - INFO - 162 - trainer - [156/257] Loss: 1.7367
2026/09/02 23:06:27 - __main__ - INFO - 162 - trainer - [208/257] Loss: 1.7429
2026/09/02 23:06:34 - __main__ - INFO - 167 - trainer - Average loss in epoch 31: 1.7188
2026/09/02 23:06:34 - __main__ - INFO - 117 - trainer - Epoch: 32
2026/09/02 23:06:34 - __main__ - INFO - 162 - trainer - [0/257] Loss: 1.6871
2026/09/02 23:06:41 - __main__ - INFO - 162 - trainer - [52/257] Loss: 1.6907
2026/09/02 23:06:48 - __main__ - INFO - 162 - trainer - [104/257] Loss: 1.6783
2026/09/02 23:06:55 - __main__ - INFO - 162 - trainer - [156/257] Loss: 1.6883
2026/09/02 23:07:02 - __main__ - INFO - 162 - trainer - [208/257] Loss: 1.7329
2026/09/02 23:07:08 - __main__ - INFO - 167 - trainer - Average loss in epoch 32: 1.7045
2026/09/02 23:07:08 - __main__ - INFO - 117 - trainer - Epoch: 33
2026/09/02 23:07:09 - __main__ - INFO - 162 - trainer - [0/257] Loss: 1.6697
2026/09/02 23:07:16 - __main__ - INFO - 162 - trainer - [52/257] Loss: 1.6802
2026/09/02 23:07:23 - __main__ - INFO - 162 - trainer - [104/257] Loss: 1.6929
2026/09/02 23:07:30 - __main__ - INFO - 162 - trainer - [156/257] Loss: 1.6617
2026/09/02 23:07:37 - __main__ - INFO - 162 - trainer - [208/257] Loss: 1.6921
2026/09/02 23:07:43 - __main__ - INFO - 167 - trainer - Average loss in epoch 33: 1.6915
2026/09/02 23:07:43 - __main__ - INFO - 117 - trainer - Epoch: 34
2026/09/02 23:07:43 - __main__ - INFO - 162 - trainer - [0/257] Loss: 1.6867
2026/09/02 23:07:50 - __main__ - INFO - 162 - trainer - [52/257] Loss: 1.6864
2026/09/02 23:07:58 - __main__ - INFO - 162 - trainer - [104/257] Loss: 1.6938
2026/09/02 23:08:05 - __main__ - INFO - 162 - trainer - [156/257] Loss: 1.6716
2026/09/02 23:08:12 - __main__ - INFO - 162 - trainer - [208/257] Loss: 1.7134
2026/09/02 23:08:18 - __main__ - INFO - 167 - trainer - Average loss in epoch 34: 1.6774
2026/09/02 23:08:18 - __main__ - INFO - 117 - trainer - Epoch: 35
2026/09/02 23:08:18 - __main__ - INFO - 162 - trainer - [0/257] Loss: 1.6773
2026/09/02 23:08:25 - __main__ - INFO - 162 - trainer - [52/257] Loss: 1.6067
2026/09/02 23:08:32 - __main__ - INFO - 162 - trainer - [104/257] Loss: 1.6339
2026/09/02 23:08:39 - __main__ - INFO - 162 - trainer - [156/257] Loss: 1.6946
2026/09/02 23:08:46 - __main__ - INFO - 162 - trainer - [208/257] Loss: 1.6752
2026/09/02 23:08:53 - __main__ - INFO - 167 - trainer - Average loss in epoch 35: 1.6650
2026/09/02 23:08:53 - __main__ - INFO - 117 - trainer - Epoch: 36
2026/09/02 23:08:53 - __main__ - INFO - 162 - trainer - [0/257] Loss: 1.6440
2026/09/02 23:09:00 - __main__ - INFO - 162 - trainer - [52/257] Loss: 1.6164
2026/09/02 23:09:07 - __main__ - INFO - 162 - trainer - [104/257] Loss: 1.6184
2026/09/02 23:09:14 - __main__ - INFO - 162 - trainer - [156/257] Loss: 1.6635
2026/09/02 23:09:21 - __main__ - INFO - 162 - trainer - [208/257] Loss: 1.6200
2026/09/02 23:09:28 - __main__ - INFO - 167 - trainer - Average loss in epoch 36: 1.6520
2026/09/02 23:09:28 - __main__ - INFO - 117 - trainer - Epoch: 37
2026/09/02 23:09:28 - __main__ - INFO - 162 - trainer - [0/257] Loss: 1.6291
2026/09/02 23:09:35 - __main__ - INFO - 162 - trainer - [52/257] Loss: 1.6650
2026/09/02 23:09:42 - __main__ - INFO - 162 - trainer - [104/257] Loss: 1.6421
2026/09/02 23:09:49 - __main__ - INFO - 162 - trainer - [156/257] Loss: 1.6528
2026/09/02 23:09:56 - __main__ - INFO - 162 - trainer - [208/257] Loss: 1.6574
2026/09/02 23:10:03 - __main__ - INFO - 167 - trainer - Average loss in epoch 37: 1.6409
2026/09/02 23:10:03 - __main__ - INFO - 117 - trainer - Epoch: 38
2026/09/02 23:10:03 - __main__ - INFO - 162 - trainer - [0/257] Loss: 1.6109
2026/09/02 23:10:10 - __main__ - INFO - 162 - trainer - [52/257] Loss: 1.6441
2026/09/02 23:10:17 - __main__ - INFO - 162 - trainer - [104/257] Loss: 1.6111
2026/09/02 23:10:24 - __main__ - INFO - 162 - trainer - [156/257] Loss: 1.6231
2026/09/02 23:10:31 - __main__ - INFO - 162 - trainer - [208/257] Loss: 1.6520
2026/09/02 23:10:38 - __main__ - INFO - 167 - trainer - Average loss in epoch 38: 1.6294
2026/09/02 23:10:38 - __main__ - INFO - 117 - trainer - Epoch: 39
2026/09/02 23:10:38 - __main__ - INFO - 162 - trainer - [0/257] Loss: 1.5963
2026/09/02 23:10:45 - __main__ - INFO - 162 - trainer - [52/257] Loss: 1.6110
2026/09/02 23:10:52 - __main__ - INFO - 162 - trainer - [104/257] Loss: 1.6211
2026/09/02 23:10:59 - __main__ - INFO - 162 - trainer - [156/257] Loss: 1.6312
2026/09/02 23:11:06 - __main__ - INFO - 162 - trainer - [208/257] Loss: 1.6610
2026/09/02 23:11:13 - __main__ - INFO - 167 - trainer - Average loss in epoch 39: 1.6174
2026/09/02 23:11:13 - __main__ - INFO - 117 - trainer - Epoch: 40
2026/09/02 23:11:13 - __main__ - INFO - 162 - trainer - [0/257] Loss: 1.6169
2026/09/02 23:11:20 - __main__ - INFO - 162 - trainer - [52/257] Loss: 1.6273
2026/09/02 23:11:27 - __main__ - INFO - 162 - trainer - [104/257] Loss: 1.6273
2026/09/02 23:11:35 - __main__ - INFO - 162 - trainer - [156/257] Loss: 1.6278
2026/09/02 23:11:42 - __main__ - INFO - 162 - trainer - [208/257] Loss: 1.6036
2026/09/02 23:11:48 - __main__ - INFO - 167 - trainer - Average loss in epoch 40: 1.6077
2026/09/02 23:11:48 - __main__ - INFO - 173 - trainer - start predicting: 2026-09-02 23:11:48.722425
2026/09/02 23:12:50 - __main__ - INFO - 203 - trainer - {'Best_HR@5': np.float64(6.4439), 'Best_HR@10': np.float64(9.0095), 'Best_HR@20': np.float64(12.7171), 'Best_NDCG@5': np.float64(4.5104), 'Best_NDCG@10': np.float64(5.3358), 'Best_NDCG@20': np.float64(6.2676)}
2026/09/02 23:12:50 - __main__ - INFO - 204 - trainer - {'Best_epoch_HR@5': 40, 'Best_epoch_HR@10': 40, 'Best_epoch_HR@20': 40, 'Best_epoch_NDCG@5': 40, 'Best_epoch_NDCG@10': 40, 'Best_epoch_NDCG@20': 40}
2026/09/02 23:12:50 - __main__ - INFO - 117 - trainer - Epoch: 41
2026/09/02 23:12:50 - __main__ - INFO - 162 - trainer - [0/257] Loss: 1.6010
2026/09/02 23:12:57 - __main__ - INFO - 162 - trainer - [52/257] Loss: 1.5918
2026/09/02 23:13:04 - __main__ - INFO - 162 - trainer - [104/257] Loss: 1.6198
2026/09/02 23:13:11 - __main__ - INFO - 162 - trainer - [156/257] Loss: 1.6283
2026/09/02 23:13:17 - __main__ - INFO - 162 - trainer - [208/257] Loss: 1.5889
2026/09/02 23:13:24 - __main__ - INFO - 167 - trainer - Average loss in epoch 41: 1.5969
2026/09/02 23:13:24 - __main__ - INFO - 117 - trainer - Epoch: 42
2026/09/02 23:13:24 - __main__ - INFO - 162 - trainer - [0/257] Loss: 1.5758
2026/09/02 23:13:31 - __main__ - INFO - 162 - trainer - [52/257] Loss: 1.6260
2026/09/02 23:13:38 - __main__ - INFO - 162 - trainer - [104/257] Loss: 1.6008
2026/09/02 23:13:45 - __main__ - INFO - 162 - trainer - [156/257] Loss: 1.5416
2026/09/02 23:13:52 - __main__ - INFO - 162 - trainer - [208/257] Loss: 1.6341
2026/09/02 23:13:58 - __main__ - INFO - 167 - trainer - Average loss in epoch 42: 1.5878
2026/09/02 23:13:58 - __main__ - INFO - 117 - trainer - Epoch: 43
2026/09/02 23:13:58 - __main__ - INFO - 162 - trainer - [0/257] Loss: 1.5435
2026/09/02 23:14:05 - __main__ - INFO - 162 - trainer - [52/257] Loss: 1.5960
2026/09/02 23:14:12 - __main__ - INFO - 162 - trainer - [104/257] Loss: 1.5559
2026/09/02 23:14:19 - __main__ - INFO - 162 - trainer - [156/257] Loss: 1.5476
2026/09/02 23:14:26 - __main__ - INFO - 162 - trainer - [208/257] Loss: 1.5835
2026/09/02 23:14:32 - __main__ - INFO - 167 - trainer - Average loss in epoch 43: 1.5775
2026/09/02 23:14:32 - __main__ - INFO - 117 - trainer - Epoch: 44
2026/09/02 23:14:32 - __main__ - INFO - 162 - trainer - [0/257] Loss: 1.5227
2026/09/02 23:14:39 - __main__ - INFO - 162 - trainer - [52/257] Loss: 1.5769
2026/09/02 23:14:47 - __main__ - INFO - 162 - trainer - [104/257] Loss: 1.6093
2026/09/02 23:14:54 - __main__ - INFO - 162 - trainer - [156/257] Loss: 1.5528
2026/09/02 23:15:01 - __main__ - INFO - 162 - trainer - [208/257] Loss: 1.5289
2026/09/02 23:15:07 - __main__ - INFO - 167 - trainer - Average loss in epoch 44: 1.5682
2026/09/02 23:15:07 - __main__ - INFO - 117 - trainer - Epoch: 45
2026/09/02 23:15:08 - __main__ - INFO - 162 - trainer - [0/257] Loss: 1.5500
2026/09/02 23:15:14 - __main__ - INFO - 162 - trainer - [52/257] Loss: 1.5267
2026/09/02 23:15:21 - __main__ - INFO - 162 - trainer - [104/257] Loss: 1.5808
2026/09/02 23:15:28 - __main__ - INFO - 162 - trainer - [156/257] Loss: 1.5921
2026/09/02 23:15:35 - __main__ - INFO - 162 - trainer - [208/257] Loss: 1.5535
2026/09/02 23:15:41 - __main__ - INFO - 167 - trainer - Average loss in epoch 45: 1.5595
2026/09/02 23:15:41 - __main__ - INFO - 117 - trainer - Epoch: 46
2026/09/02 23:15:41 - __main__ - INFO - 162 - trainer - [0/257] Loss: 1.5282
2026/09/02 23:15:48 - __main__ - INFO - 162 - trainer - [52/257] Loss: 1.5228
2026/09/02 23:15:55 - __main__ - INFO - 162 - trainer - [104/257] Loss: 1.5920
2026/09/02 23:16:02 - __main__ - INFO - 162 - trainer - [156/257] Loss: 1.5812
2026/09/02 23:16:09 - __main__ - INFO - 162 - trainer - [208/257] Loss: 1.5917
2026/09/02 23:16:15 - __main__ - INFO - 167 - trainer - Average loss in epoch 46: 1.5500
2026/09/02 23:16:15 - __main__ - INFO - 117 - trainer - Epoch: 47
2026/09/02 23:16:16 - __main__ - INFO - 162 - trainer - [0/257] Loss: 1.4889
2026/09/02 23:16:23 - __main__ - INFO - 162 - trainer - [52/257] Loss: 1.5652
2026/09/02 23:16:30 - __main__ - INFO - 162 - trainer - [104/257] Loss: 1.5842
2026/09/02 23:16:37 - __main__ - INFO - 162 - trainer - [156/257] Loss: 1.5164
2026/09/02 23:16:44 - __main__ - INFO - 162 - trainer - [208/257] Loss: 1.5618
2026/09/02 23:16:50 - __main__ - INFO - 167 - trainer - Average loss in epoch 47: 1.5418
2026/09/02 23:16:50 - __main__ - INFO - 117 - trainer - Epoch: 48
2026/09/02 23:16:50 - __main__ - INFO - 162 - trainer - [0/257] Loss: 1.5375
2026/09/02 23:16:57 - __main__ - INFO - 162 - trainer - [52/257] Loss: 1.5459
2026/09/02 23:17:04 - __main__ - INFO - 162 - trainer - [104/257] Loss: 1.5202
2026/09/02 23:17:11 - __main__ - INFO - 162 - trainer - [156/257] Loss: 1.5625
2026/09/02 23:17:18 - __main__ - INFO - 162 - trainer - [208/257] Loss: 1.5684
2026/09/02 23:17:24 - __main__ - INFO - 167 - trainer - Average loss in epoch 48: 1.5321
2026/09/02 23:17:24 - __main__ - INFO - 117 - trainer - Epoch: 49
2026/09/02 23:17:24 - __main__ - INFO - 162 - trainer - [0/257] Loss: 1.4926
2026/09/02 23:17:31 - __main__ - INFO - 162 - trainer - [52/257] Loss: 1.5098
2026/09/02 23:17:38 - __main__ - INFO - 162 - trainer - [104/257] Loss: 1.5124
2026/09/02 23:17:45 - __main__ - INFO - 162 - trainer - [156/257] Loss: 1.4969
2026/09/02 23:17:52 - __main__ - INFO - 162 - trainer - [208/257] Loss: 1.5479
2026/09/02 23:17:58 - __main__ - INFO - 167 - trainer - Average loss in epoch 49: 1.5255
2026/09/02 23:17:58 - __main__ - INFO - 117 - trainer - Epoch: 50
2026/09/02 23:17:58 - __main__ - INFO - 162 - trainer - [0/257] Loss: 1.5304
2026/09/02 23:18:05 - __main__ - INFO - 162 - trainer - [52/257] Loss: 1.4790
2026/09/02 23:18:12 - __main__ - INFO - 162 - trainer - [104/257] Loss: 1.5210
2026/09/02 23:18:19 - __main__ - INFO - 162 - trainer - [156/257] Loss: 1.4620
2026/09/02 23:18:26 - __main__ - INFO - 162 - trainer - [208/257] Loss: 1.5364
2026/09/02 23:18:33 - __main__ - INFO - 167 - trainer - Average loss in epoch 50: 1.5164
2026/09/02 23:18:33 - __main__ - INFO - 117 - trainer - Epoch: 51
2026/09/02 23:18:33 - __main__ - INFO - 162 - trainer - [0/257] Loss: 1.4820
2026/09/02 23:18:40 - __main__ - INFO - 162 - trainer - [52/257] Loss: 1.5139
2026/09/02 23:18:47 - __main__ - INFO - 162 - trainer - [104/257] Loss: 1.5290
2026/09/02 23:18:53 - __main__ - INFO - 162 - trainer - [156/257] Loss: 1.5337
2026/09/02 23:19:00 - __main__ - INFO - 162 - trainer - [208/257] Loss: 1.4865
2026/09/02 23:19:07 - __main__ - INFO - 167 - trainer - Average loss in epoch 51: 1.5083
2026/09/02 23:19:07 - __main__ - INFO - 117 - trainer - Epoch: 52
2026/09/02 23:19:07 - __main__ - INFO - 162 - trainer - [0/257] Loss: 1.5334
2026/09/02 23:19:14 - __main__ - INFO - 162 - trainer - [52/257] Loss: 1.5025
2026/09/02 23:19:21 - __main__ - INFO - 162 - trainer - [104/257] Loss: 1.4780
2026/09/02 23:19:27 - __main__ - INFO - 162 - trainer - [156/257] Loss: 1.4773
2026/09/02 23:19:34 - __main__ - INFO - 162 - trainer - [208/257] Loss: 1.4857
2026/09/02 23:19:40 - __main__ - INFO - 167 - trainer - Average loss in epoch 52: 1.5007
2026/09/02 23:19:40 - __main__ - INFO - 117 - trainer - Epoch: 53
2026/09/02 23:19:40 - __main__ - INFO - 162 - trainer - [0/257] Loss: 1.4695
2026/09/02 23:19:47 - __main__ - INFO - 162 - trainer - [52/257] Loss: 1.4936
2026/09/02 23:19:54 - __main__ - INFO - 162 - trainer - [104/257] Loss: 1.4966
2026/09/02 23:20:01 - __main__ - INFO - 162 - trainer - [156/257] Loss: 1.4834
2026/09/02 23:20:08 - __main__ - INFO - 162 - trainer - [208/257] Loss: 1.4927
2026/09/02 23:20:15 - __main__ - INFO - 167 - trainer - Average loss in epoch 53: 1.4935
2026/09/02 23:20:15 - __main__ - INFO - 117 - trainer - Epoch: 54
2026/09/02 23:20:15 - __main__ - INFO - 162 - trainer - [0/257] Loss: 1.4523
2026/09/02 23:20:22 - __main__ - INFO - 162 - trainer - [52/257] Loss: 1.4699
2026/09/02 23:20:29 - __main__ - INFO - 162 - trainer - [104/257] Loss: 1.4707
2026/09/02 23:20:36 - __main__ - INFO - 162 - trainer - [156/257] Loss: 1.5140
2026/09/02 23:20:43 - __main__ - INFO - 162 - trainer - [208/257] Loss: 1.5066
2026/09/02 23:20:49 - __main__ - INFO - 167 - trainer - Average loss in epoch 54: 1.4859
2026/09/02 23:20:49 - __main__ - INFO - 117 - trainer - Epoch: 55
2026/09/02 23:20:49 - __main__ - INFO - 162 - trainer - [0/257] Loss: 1.4664
2026/09/02 23:20:56 - __main__ - INFO - 162 - trainer - [52/257] Loss: 1.4373
2026/09/02 23:21:03 - __main__ - INFO - 162 - trainer - [104/257] Loss: 1.4842
2026/09/02 23:21:09 - __main__ - INFO - 162 - trainer - [156/257] Loss: 1.4931
2026/09/02 23:21:16 - __main__ - INFO - 162 - trainer - [208/257] Loss: 1.5069
2026/09/02 23:21:23 - __main__ - INFO - 167 - trainer - Average loss in epoch 55: 1.4795
2026/09/02 23:21:23 - __main__ - INFO - 117 - trainer - Epoch: 56
2026/09/02 23:21:23 - __main__ - INFO - 162 - trainer - [0/257] Loss: 1.4602
2026/09/02 23:21:30 - __main__ - INFO - 162 - trainer - [52/257] Loss: 1.5197
2026/09/02 23:21:37 - __main__ - INFO - 162 - trainer - [104/257] Loss: 1.4601
2026/09/02 23:21:44 - __main__ - INFO - 162 - trainer - [156/257] Loss: 1.4835
2026/09/02 23:21:51 - __main__ - INFO - 162 - trainer - [208/257] Loss: 1.4965
2026/09/02 23:21:57 - __main__ - INFO - 167 - trainer - Average loss in epoch 56: 1.4719
2026/09/02 23:21:57 - __main__ - INFO - 117 - trainer - Epoch: 57
2026/09/02 23:21:58 - __main__ - INFO - 162 - trainer - [0/257] Loss: 1.4355
2026/09/02 23:22:04 - __main__ - INFO - 162 - trainer - [52/257] Loss: 1.4713
2026/09/02 23:22:11 - __main__ - INFO - 162 - trainer - [104/257] Loss: 1.4435
2026/09/02 23:22:18 - __main__ - INFO - 162 - trainer - [156/257] Loss: 1.4766
2026/09/02 23:22:25 - __main__ - INFO - 162 - trainer - [208/257] Loss: 1.4951
2026/09/02 23:22:31 - __main__ - INFO - 167 - trainer - Average loss in epoch 57: 1.4650
2026/09/02 23:22:31 - __main__ - INFO - 117 - trainer - Epoch: 58
2026/09/02 23:22:31 - __main__ - INFO - 162 - trainer - [0/257] Loss: 1.4459
2026/09/02 23:22:38 - __main__ - INFO - 162 - trainer - [52/257] Loss: 1.4257
2026/09/02 23:22:45 - __main__ - INFO - 162 - trainer - [104/257] Loss: 1.4716
2026/09/02 23:22:52 - __main__ - INFO - 162 - trainer - [156/257] Loss: 1.4667
2026/09/02 23:22:59 - __main__ - INFO - 162 - trainer - [208/257] Loss: 1.5007
2026/09/02 23:23:05 - __main__ - INFO - 167 - trainer - Average loss in epoch 58: 1.4592
2026/09/02 23:23:05 - __main__ - INFO - 117 - trainer - Epoch: 59
2026/09/02 23:23:06 - __main__ - INFO - 162 - trainer - [0/257] Loss: 1.4556
2026/09/02 23:23:13 - __main__ - INFO - 162 - trainer - [52/257] Loss: 1.4451
2026/09/02 23:23:20 - __main__ - INFO - 162 - trainer - [104/257] Loss: 1.4358
2026/09/02 23:23:26 - __main__ - INFO - 162 - trainer - [156/257] Loss: 1.4405
2026/09/02 23:23:33 - __main__ - INFO - 162 - trainer - [208/257] Loss: 1.4622
2026/09/02 23:23:40 - __main__ - INFO - 167 - trainer - Average loss in epoch 59: 1.4529
2026/09/02 23:23:40 - __main__ - INFO - 117 - trainer - Epoch: 60
2026/09/02 23:23:40 - __main__ - INFO - 162 - trainer - [0/257] Loss: 1.4306
2026/09/02 23:23:47 - __main__ - INFO - 162 - trainer - [52/257] Loss: 1.4596
2026/09/02 23:23:54 - __main__ - INFO - 162 - trainer - [104/257] Loss: 1.4726
2026/09/02 23:24:01 - __main__ - INFO - 162 - trainer - [156/257] Loss: 1.4350
2026/09/02 23:24:07 - __main__ - INFO - 162 - trainer - [208/257] Loss: 1.4647
2026/09/02 23:24:13 - __main__ - INFO - 167 - trainer - Average loss in epoch 60: 1.4454
2026/09/02 23:24:14 - __main__ - INFO - 173 - trainer - start predicting: 2026-09-02 23:24:13.999987
2026/09/02 23:25:14 - __main__ - INFO - 203 - trainer - {'Best_HR@5': np.float64(7.301), 'Best_HR@10': np.float64(10.2851), 'Best_HR@20': np.float64(14.1068), 'Best_NDCG@5': np.float64(5.0436), 'Best_NDCG@10': np.float64(5.9962), 'Best_NDCG@20': np.float64(6.9582)}
2026/09/02 23:25:14 - __main__ - INFO - 204 - trainer - {'Best_epoch_HR@5': 60, 'Best_epoch_HR@10': 60, 'Best_epoch_HR@20': 60, 'Best_epoch_NDCG@5': 60, 'Best_epoch_NDCG@10': 60, 'Best_epoch_NDCG@20': 60}
2026/09/02 23:25:14 - __main__ - INFO - 117 - trainer - Epoch: 61
2026/09/02 23:25:14 - __main__ - INFO - 162 - trainer - [0/257] Loss: 1.4237
2026/09/02 23:25:21 - __main__ - INFO - 162 - trainer - [52/257] Loss: 1.4373
2026/09/02 23:25:28 - __main__ - INFO - 162 - trainer - [104/257] Loss: 1.4664
2026/09/02 23:25:35 - __main__ - INFO - 162 - trainer - [156/257] Loss: 1.4408
2026/09/02 23:25:42 - __main__ - INFO - 162 - trainer - [208/257] Loss: 1.4540
2026/09/02 23:25:49 - __main__ - INFO - 167 - trainer - Average loss in epoch 61: 1.4392
2026/09/02 23:25:49 - __main__ - INFO - 117 - trainer - Epoch: 62
2026/09/02 23:25:49 - __main__ - INFO - 162 - trainer - [0/257] Loss: 1.4208
2026/09/02 23:25:56 - __main__ - INFO - 162 - trainer - [52/257] Loss: 1.4589
2026/09/02 23:26:03 - __main__ - INFO - 162 - trainer - [104/257] Loss: 1.4237
2026/09/02 23:26:11 - __main__ - INFO - 162 - trainer - [156/257] Loss: 1.4130
2026/09/02 23:26:18 - __main__ - INFO - 162 - trainer - [208/257] Loss: 1.4294
2026/09/02 23:26:24 - __main__ - INFO - 167 - trainer - Average loss in epoch 62: 1.4321
2026/09/02 23:26:24 - __main__ - INFO - 117 - trainer - Epoch: 63
2026/09/02 23:26:25 - __main__ - INFO - 162 - trainer - [0/257] Loss: 1.4082
2026/09/02 23:26:32 - __main__ - INFO - 162 - trainer - [52/257] Loss: 1.4338
2026/09/02 23:26:40 - __main__ - INFO - 162 - trainer - [104/257] Loss: 1.4185
2026/09/02 23:26:47 - __main__ - INFO - 162 - trainer - [156/257] Loss: 1.4609
2026/09/02 23:26:54 - __main__ - INFO - 162 - trainer - [208/257] Loss: 1.4516
2026/09/02 23:27:01 - __main__ - INFO - 167 - trainer - Average loss in epoch 63: 1.4264
2026/09/02 23:27:01 - __main__ - INFO - 117 - trainer - Epoch: 64
2026/09/02 23:27:01 - __main__ - INFO - 162 - trainer - [0/257] Loss: 1.4050
2026/09/02 23:27:09 - __main__ - INFO - 162 - trainer - [52/257] Loss: 1.4602
2026/09/02 23:27:16 - __main__ - INFO - 162 - trainer - [104/257] Loss: 1.4040
2026/09/02 23:27:23 - __main__ - INFO - 162 - trainer - [156/257] Loss: 1.3958
2026/09/02 23:27:31 - __main__ - INFO - 162 - trainer - [208/257] Loss: 1.4165
2026/09/02 23:27:38 - __main__ - INFO - 167 - trainer - Average loss in epoch 64: 1.4212
2026/09/02 23:27:38 - __main__ - INFO - 117 - trainer - Epoch: 65
2026/09/02 23:27:38 - __main__ - INFO - 162 - trainer - [0/257] Loss: 1.3886
2026/09/02 23:27:45 - __main__ - INFO - 162 - trainer - [52/257] Loss: 1.3851
2026/09/02 23:27:53 - __main__ - INFO - 162 - trainer - [104/257] Loss: 1.4308
2026/09/02 23:28:00 - __main__ - INFO - 162 - trainer - [156/257] Loss: 1.3773
2026/09/02 23:28:07 - __main__ - INFO - 162 - trainer - [208/257] Loss: 1.3765
2026/09/02 23:28:14 - __main__ - INFO - 167 - trainer - Average loss in epoch 65: 1.4148
2026/09/02 23:28:14 - __main__ - INFO - 117 - trainer - Epoch: 66
2026/09/02 23:28:14 - __main__ - INFO - 162 - trainer - [0/257] Loss: 1.4203
2026/09/02 23:28:22 - __main__ - INFO - 162 - trainer - [52/257] Loss: 1.3564
2026/09/02 23:28:29 - __main__ - INFO - 162 - trainer - [104/257] Loss: 1.3848
2026/09/02 23:28:37 - __main__ - INFO - 162 - trainer - [156/257] Loss: 1.4361
2026/09/02 23:28:44 - __main__ - INFO - 162 - trainer - [208/257] Loss: 1.4215
2026/09/02 23:28:50 - __main__ - INFO - 167 - trainer - Average loss in epoch 66: 1.4100
2026/09/02 23:28:50 - __main__ - INFO - 117 - trainer - Epoch: 67
2026/09/02 23:28:51 - __main__ - INFO - 162 - trainer - [0/257] Loss: 1.3722
2026/09/02 23:28:58 - __main__ - INFO - 162 - trainer - [52/257] Loss: 1.3722
2026/09/02 23:29:05 - __main__ - INFO - 162 - trainer - [104/257] Loss: 1.4089
2026/09/02 23:29:13 - __main__ - INFO - 162 - trainer - [156/257] Loss: 1.3906
2026/09/02 23:29:20 - __main__ - INFO - 162 - trainer - [208/257] Loss: 1.4222
2026/09/02 23:29:26 - __main__ - INFO - 167 - trainer - Average loss in epoch 67: 1.4036
2026/09/02 23:29:26 - __main__ - INFO - 117 - trainer - Epoch: 68
2026/09/02 23:29:26 - __main__ - INFO - 162 - trainer - [0/257] Loss: 1.4018
2026/09/02 23:29:34 - __main__ - INFO - 162 - trainer - [52/257] Loss: 1.3676
2026/09/02 23:29:41 - __main__ - INFO - 162 - trainer - [104/257] Loss: 1.4323
2026/09/02 23:29:48 - __main__ - INFO - 162 - trainer - [156/257] Loss: 1.4072
2026/09/02 23:29:56 - __main__ - INFO - 162 - trainer - [208/257] Loss: 1.4265
2026/09/02 23:30:03 - __main__ - INFO - 167 - trainer - Average loss in epoch 68: 1.3991
2026/09/02 23:30:03 - __main__ - INFO - 117 - trainer - Epoch: 69
2026/09/02 23:30:03 - __main__ - INFO - 162 - trainer - [0/257] Loss: 1.3832
2026/09/02 23:30:10 - __main__ - INFO - 162 - trainer - [52/257] Loss: 1.4092
2026/09/02 23:30:18 - __main__ - INFO - 162 - trainer - [104/257] Loss: 1.4316
2026/09/02 23:30:25 - __main__ - INFO - 162 - trainer - [156/257] Loss: 1.3765
2026/09/02 23:30:32 - __main__ - INFO - 162 - trainer - [208/257] Loss: 1.4275
2026/09/02 23:30:39 - __main__ - INFO - 167 - trainer - Average loss in epoch 69: 1.3936
2026/09/02 23:30:39 - __main__ - INFO - 117 - trainer - Epoch: 70
2026/09/02 23:30:39 - __main__ - INFO - 162 - trainer - [0/257] Loss: 1.3398
2026/09/02 23:30:47 - __main__ - INFO - 162 - trainer - [52/257] Loss: 1.3980
2026/09/02 23:30:54 - __main__ - INFO - 162 - trainer - [104/257] Loss: 1.3817
2026/09/02 23:31:02 - __main__ - INFO - 162 - trainer - [156/257] Loss: 1.3852
2026/09/02 23:31:09 - __main__ - INFO - 162 - trainer - [208/257] Loss: 1.3732
2026/09/02 23:31:16 - __main__ - INFO - 167 - trainer - Average loss in epoch 70: 1.3879
2026/09/02 23:31:16 - __main__ - INFO - 117 - trainer - Epoch: 71
2026/09/02 23:31:16 - __main__ - INFO - 162 - trainer - [0/257] Loss: 1.4103
2026/09/02 23:31:23 - __main__ - INFO - 162 - trainer - [52/257] Loss: 1.4152
2026/09/02 23:31:31 - __main__ - INFO - 162 - trainer - [104/257] Loss: 1.3807
2026/09/02 23:31:38 - __main__ - INFO - 162 - trainer - [156/257] Loss: 1.4194
2026/09/02 23:31:45 - __main__ - INFO - 162 - trainer - [208/257] Loss: 1.3952
2026/09/02 23:31:52 - __main__ - INFO - 167 - trainer - Average loss in epoch 71: 1.3823
2026/09/02 23:31:52 - __main__ - INFO - 117 - trainer - Epoch: 72
2026/09/02 23:31:52 - __main__ - INFO - 162 - trainer - [0/257] Loss: 1.3533
2026/09/02 23:31:59 - __main__ - INFO - 162 - trainer - [52/257] Loss: 1.4379
2026/09/02 23:32:07 - __main__ - INFO - 162 - trainer - [104/257] Loss: 1.3479
2026/09/02 23:32:14 - __main__ - INFO - 162 - trainer - [156/257] Loss: 1.3967
2026/09/02 23:32:22 - __main__ - INFO - 162 - trainer - [208/257] Loss: 1.3481
2026/09/02 23:32:28 - __main__ - INFO - 167 - trainer - Average loss in epoch 72: 1.3782
2026/09/02 23:32:28 - __main__ - INFO - 117 - trainer - Epoch: 73
2026/09/02 23:32:29 - __main__ - INFO - 162 - trainer - [0/257] Loss: 1.3592
2026/09/02 23:32:36 - __main__ - INFO - 162 - trainer - [52/257] Loss: 1.3838
2026/09/02 23:32:43 - __main__ - INFO - 162 - trainer - [104/257] Loss: 1.3967
2026/09/02 23:32:50 - __main__ - INFO - 162 - trainer - [156/257] Loss: 1.3907
2026/09/02 23:32:58 - __main__ - INFO - 162 - trainer - [208/257] Loss: 1.3680
2026/09/02 23:33:04 - __main__ - INFO - 167 - trainer - Average loss in epoch 73: 1.3718
2026/09/02 23:33:04 - __main__ - INFO - 117 - trainer - Epoch: 74
2026/09/02 23:33:05 - __main__ - INFO - 162 - trainer - [0/257] Loss: 1.3536
2026/09/02 23:33:12 - __main__ - INFO - 162 - trainer - [52/257] Loss: 1.3912
2026/09/02 23:33:19 - __main__ - INFO - 162 - trainer - [104/257] Loss: 1.3622
2026/09/02 23:33:27 - __main__ - INFO - 162 - trainer - [156/257] Loss: 1.3845
2026/09/02 23:33:34 - __main__ - INFO - 162 - trainer - [208/257] Loss: 1.3929
2026/09/02 23:33:41 - __main__ - INFO - 167 - trainer - Average loss in epoch 74: 1.3691
2026/09/02 23:33:41 - __main__ - INFO - 117 - trainer - Epoch: 75
2026/09/02 23:33:41 - __main__ - INFO - 162 - trainer - [0/257] Loss: 1.3596
2026/09/02 23:33:48 - __main__ - INFO - 162 - trainer - [52/257] Loss: 1.3446
2026/09/02 23:33:55 - __main__ - INFO - 162 - trainer - [104/257] Loss: 1.3647
2026/09/02 23:34:02 - __main__ - INFO - 162 - trainer - [156/257] Loss: 1.3484
2026/09/02 23:34:10 - __main__ - INFO - 162 - trainer - [208/257] Loss: 1.3883
2026/09/02 23:34:16 - __main__ - INFO - 167 - trainer - Average loss in epoch 75: 1.3633
2026/09/02 23:34:16 - __main__ - INFO - 117 - trainer - Epoch: 76
2026/09/02 23:34:17 - __main__ - INFO - 162 - trainer - [0/257] Loss: 1.3987
2026/09/02 23:34:24 - __main__ - INFO - 162 - trainer - [52/257] Loss: 1.3542
2026/09/02 23:34:31 - __main__ - INFO - 162 - trainer - [104/257] Loss: 1.3401
2026/09/02 23:34:39 - __main__ - INFO - 162 - trainer - [156/257] Loss: 1.3680
2026/09/02 23:34:46 - __main__ - INFO - 162 - trainer - [208/257] Loss: 1.3744
2026/09/02 23:34:53 - __main__ - INFO - 167 - trainer - Average loss in epoch 76: 1.3583
2026/09/02 23:34:53 - __main__ - INFO - 117 - trainer - Epoch: 77
2026/09/02 23:34:53 - __main__ - INFO - 162 - trainer - [0/257] Loss: 1.3219
2026/09/02 23:35:00 - __main__ - INFO - 162 - trainer - [52/257] Loss: 1.3208
2026/09/02 23:35:07 - __main__ - INFO - 162 - trainer - [104/257] Loss: 1.4027
2026/09/02 23:35:15 - __main__ - INFO - 162 - trainer - [156/257] Loss: 1.3619
2026/09/02 23:35:22 - __main__ - INFO - 162 - trainer - [208/257] Loss: 1.3571
2026/09/02 23:35:29 - __main__ - INFO - 167 - trainer - Average loss in epoch 77: 1.3548
2026/09/02 23:35:29 - __main__ - INFO - 117 - trainer - Epoch: 78
2026/09/02 23:35:29 - __main__ - INFO - 162 - trainer - [0/257] Loss: 1.3492
2026/09/02 23:35:36 - __main__ - INFO - 162 - trainer - [52/257] Loss: 1.3592
2026/09/02 23:35:44 - __main__ - INFO - 162 - trainer - [104/257] Loss: 1.3485
2026/09/02 23:35:51 - __main__ - INFO - 162 - trainer - [156/257] Loss: 1.3899
2026/09/02 23:35:58 - __main__ - INFO - 162 - trainer - [208/257] Loss: 1.3893
2026/09/02 23:36:05 - __main__ - INFO - 167 - trainer - Average loss in epoch 78: 1.3496
2026/09/02 23:36:05 - __main__ - INFO - 117 - trainer - Epoch: 79
2026/09/02 23:36:05 - __main__ - INFO - 162 - trainer - [0/257] Loss: 1.3432
2026/09/02 23:36:13 - __main__ - INFO - 162 - trainer - [52/257] Loss: 1.3121
2026/09/02 23:36:20 - __main__ - INFO - 162 - trainer - [104/257] Loss: 1.3368
2026/09/02 23:36:27 - __main__ - INFO - 162 - trainer - [156/257] Loss: 1.3941
2026/09/02 23:36:35 - __main__ - INFO - 162 - trainer - [208/257] Loss: 1.3424
2026/09/02 23:36:41 - __main__ - INFO - 167 - trainer - Average loss in epoch 79: 1.3464
2026/09/02 23:36:41 - __main__ - INFO - 117 - trainer - Epoch: 80
2026/09/02 23:36:41 - __main__ - INFO - 162 - trainer - [0/257] Loss: 1.3209
2026/09/02 23:36:49 - __main__ - INFO - 162 - trainer - [52/257] Loss: 1.3466
2026/09/02 23:36:56 - __main__ - INFO - 162 - trainer - [104/257] Loss: 1.3389
2026/09/02 23:37:04 - __main__ - INFO - 162 - trainer - [156/257] Loss: 1.3199
2026/09/02 23:37:11 - __main__ - INFO - 162 - trainer - [208/257] Loss: 1.3158
2026/09/02 23:37:18 - __main__ - INFO - 167 - trainer - Average loss in epoch 80: 1.3402
2026/09/02 23:37:18 - __main__ - INFO - 173 - trainer - start predicting: 2026-09-02 23:37:18.354633
2026/09/02 23:38:19 - __main__ - INFO - 203 - trainer - {'Best_HR@5': np.float64(7.5606), 'Best_HR@10': np.float64(10.76), 'Best_HR@20': np.float64(14.6414), 'Best_NDCG@5': np.float64(5.2199), 'Best_NDCG@10': np.float64(6.2548), 'Best_NDCG@20': np.float64(7.2294)}
2026/09/02 23:38:19 - __main__ - INFO - 204 - trainer - {'Best_epoch_HR@5': 80, 'Best_epoch_HR@10': 80, 'Best_epoch_HR@20': 80, 'Best_epoch_NDCG@5': 80, 'Best_epoch_NDCG@10': 80, 'Best_epoch_NDCG@20': 80}
2026/09/02 23:38:19 - __main__ - INFO - 117 - trainer - Epoch: 81
2026/09/02 23:38:19 - __main__ - INFO - 162 - trainer - [0/257] Loss: 1.2972
2026/09/02 23:38:26 - __main__ - INFO - 162 - trainer - [52/257] Loss: 1.3474
2026/09/02 23:38:33 - __main__ - INFO - 162 - trainer - [104/257] Loss: 1.3170
2026/09/02 23:38:40 - __main__ - INFO - 162 - trainer - [156/257] Loss: 1.3678
2026/09/02 23:38:47 - __main__ - INFO - 162 - trainer - [208/257] Loss: 1.3085
2026/09/02 23:38:53 - __main__ - INFO - 167 - trainer - Average loss in epoch 81: 1.3368
2026/09/02 23:38:53 - __main__ - INFO - 117 - trainer - Epoch: 82
2026/09/02 23:38:54 - __main__ - INFO - 162 - trainer - [0/257] Loss: 1.3190
2026/09/02 23:39:01 - __main__ - INFO - 162 - trainer - [52/257] Loss: 1.3081
2026/09/02 23:39:08 - __main__ - INFO - 162 - trainer - [104/257] Loss: 1.3428
2026/09/02 23:39:15 - __main__ - INFO - 162 - trainer - [156/257] Loss: 1.3417
2026/09/02 23:39:22 - __main__ - INFO - 162 - trainer - [208/257] Loss: 1.3349
2026/09/02 23:39:28 - __main__ - INFO - 167 - trainer - Average loss in epoch 82: 1.3330
2026/09/02 23:39:28 - __main__ - INFO - 117 - trainer - Epoch: 83
2026/09/02 23:39:28 - __main__ - INFO - 162 - trainer - [0/257] Loss: 1.3226
2026/09/02 23:39:35 - __main__ - INFO - 162 - trainer - [52/257] Loss: 1.3087
2026/09/02 23:39:42 - __main__ - INFO - 162 - trainer - [104/257] Loss: 1.3197
2026/09/02 23:39:49 - __main__ - INFO - 162 - trainer - [156/257] Loss: 1.3487
2026/09/02 23:39:56 - __main__ - INFO - 162 - trainer - [208/257] Loss: 1.3299
2026/09/02 23:40:02 - __main__ - INFO - 167 - trainer - Average loss in epoch 83: 1.3290
2026/09/02 23:40:02 - __main__ - INFO - 117 - trainer - Epoch: 84
2026/09/02 23:40:02 - __main__ - INFO - 162 - trainer - [0/257] Loss: 1.3461
2026/09/02 23:40:10 - __main__ - INFO - 162 - trainer - [52/257] Loss: 1.2832
2026/09/02 23:40:16 - __main__ - INFO - 162 - trainer - [104/257] Loss: 1.2592
2026/09/02 23:40:23 - __main__ - INFO - 162 - trainer - [156/257] Loss: 1.3295
2026/09/02 23:40:30 - __main__ - INFO - 162 - trainer - [208/257] Loss: 1.3098
2026/09/02 23:40:37 - __main__ - INFO - 167 - trainer - Average loss in epoch 84: 1.3243
2026/09/02 23:40:37 - __main__ - INFO - 117 - trainer - Epoch: 85
2026/09/02 23:40:37 - __main__ - INFO - 162 - trainer - [0/257] Loss: 1.2958
2026/09/02 23:40:44 - __main__ - INFO - 162 - trainer - [52/257] Loss: 1.2979
2026/09/02 23:40:51 - __main__ - INFO - 162 - trainer - [104/257] Loss: 1.3283
2026/09/02 23:40:58 - __main__ - INFO - 162 - trainer - [156/257] Loss: 1.2735
2026/09/02 23:41:05 - __main__ - INFO - 162 - trainer - [208/257] Loss: 1.3452
2026/09/02 23:41:11 - __main__ - INFO - 167 - trainer - Average loss in epoch 85: 1.3208
2026/09/02 23:41:11 - __main__ - INFO - 117 - trainer - Epoch: 86
2026/09/02 23:41:11 - __main__ - INFO - 162 - trainer - [0/257] Loss: 1.2851
2026/09/02 23:41:19 - __main__ - INFO - 162 - trainer - [52/257] Loss: 1.3241
2026/09/02 23:41:26 - __main__ - INFO - 162 - trainer - [104/257] Loss: 1.3560
2026/09/02 23:41:32 - __main__ - INFO - 162 - trainer - [156/257] Loss: 1.3062
2026/09/02 23:41:39 - __main__ - INFO - 162 - trainer - [208/257] Loss: 1.2769
2026/09/02 23:41:46 - __main__ - INFO - 167 - trainer - Average loss in epoch 86: 1.3168
2026/09/02 23:41:46 - __main__ - INFO - 117 - trainer - Epoch: 87
2026/09/02 23:41:46 - __main__ - INFO - 162 - trainer - [0/257] Loss: 1.2883
2026/09/02 23:41:53 - __main__ - INFO - 162 - trainer - [52/257] Loss: 1.2846
2026/09/02 23:42:00 - __main__ - INFO - 162 - trainer - [104/257] Loss: 1.3447
2026/09/02 23:42:07 - __main__ - INFO - 162 - trainer - [156/257] Loss: 1.3487
2026/09/02 23:42:14 - __main__ - INFO - 162 - trainer - [208/257] Loss: 1.3342
2026/09/02 23:42:20 - __main__ - INFO - 167 - trainer - Average loss in epoch 87: 1.3129
2026/09/02 23:42:20 - __main__ - INFO - 117 - trainer - Epoch: 88
2026/09/02 23:42:20 - __main__ - INFO - 162 - trainer - [0/257] Loss: 1.3120
2026/09/02 23:42:27 - __main__ - INFO - 162 - trainer - [52/257] Loss: 1.3327
2026/09/02 23:42:35 - __main__ - INFO - 162 - trainer - [104/257] Loss: 1.3424
2026/09/02 23:42:41 - __main__ - INFO - 162 - trainer - [156/257] Loss: 1.3260
2026/09/02 23:42:48 - __main__ - INFO - 162 - trainer - [208/257] Loss: 1.3379
2026/09/02 23:42:54 - __main__ - INFO - 167 - trainer - Average loss in epoch 88: 1.3106
2026/09/02 23:42:54 - __main__ - INFO - 117 - trainer - Epoch: 89
2026/09/02 23:42:55 - __main__ - INFO - 162 - trainer - [0/257] Loss: 1.2614
2026/09/02 23:43:01 - __main__ - INFO - 162 - trainer - [52/257] Loss: 1.3306
2026/09/02 23:43:08 - __main__ - INFO - 162 - trainer - [104/257] Loss: 1.2922
2026/09/02 23:43:15 - __main__ - INFO - 162 - trainer - [156/257] Loss: 1.3451
2026/09/02 23:43:22 - __main__ - INFO - 162 - trainer - [208/257] Loss: 1.3314
2026/09/02 23:43:28 - __main__ - INFO - 167 - trainer - Average loss in epoch 89: 1.3065
2026/09/02 23:43:28 - __main__ - INFO - 117 - trainer - Epoch: 90
2026/09/02 23:43:29 - __main__ - INFO - 162 - trainer - [0/257] Loss: 1.2795
2026/09/02 23:43:36 - __main__ - INFO - 162 - trainer - [52/257] Loss: 1.3343
2026/09/02 23:43:43 - __main__ - INFO - 162 - trainer - [104/257] Loss: 1.2799
2026/09/02 23:43:50 - __main__ - INFO - 162 - trainer - [156/257] Loss: 1.3135
2026/09/02 23:43:57 - __main__ - INFO - 162 - trainer - [208/257] Loss: 1.2925
2026/09/02 23:44:03 - __main__ - INFO - 167 - trainer - Average loss in epoch 90: 1.3016
2026/09/02 23:44:03 - __main__ - INFO - 117 - trainer - Epoch: 91
2026/09/02 23:44:04 - __main__ - INFO - 162 - trainer - [0/257] Loss: 1.2912
2026/09/02 23:44:10 - __main__ - INFO - 162 - trainer - [52/257] Loss: 1.2940
2026/09/02 23:44:17 - __main__ - INFO - 162 - trainer - [104/257] Loss: 1.3112
2026/09/02 23:44:24 - __main__ - INFO - 162 - trainer - [156/257] Loss: 1.2894
2026/09/02 23:44:31 - __main__ - INFO - 162 - trainer - [208/257] Loss: 1.3158
2026/09/02 23:44:37 - __main__ - INFO - 167 - trainer - Average loss in epoch 91: 1.2999
2026/09/02 23:44:37 - __main__ - INFO - 117 - trainer - Epoch: 92
2026/09/02 23:44:37 - __main__ - INFO - 162 - trainer - [0/257] Loss: 1.2393
2026/09/02 23:44:44 - __main__ - INFO - 162 - trainer - [52/257] Loss: 1.2988
2026/09/02 23:44:51 - __main__ - INFO - 162 - trainer - [104/257] Loss: 1.3222
2026/09/02 23:44:58 - __main__ - INFO - 162 - trainer - [156/257] Loss: 1.2791
2026/09/02 23:45:05 - __main__ - INFO - 162 - trainer - [208/257] Loss: 1.3024
2026/09/02 23:45:11 - __main__ - INFO - 167 - trainer - Average loss in epoch 92: 1.2961
2026/09/02 23:45:11 - __main__ - INFO - 117 - trainer - Epoch: 93
2026/09/02 23:45:11 - __main__ - INFO - 162 - trainer - [0/257] Loss: 1.3005
2026/09/02 23:45:18 - __main__ - INFO - 162 - trainer - [52/257] Loss: 1.2830
2026/09/02 23:45:25 - __main__ - INFO - 162 - trainer - [104/257] Loss: 1.3200
2026/09/02 23:45:32 - __main__ - INFO - 162 - trainer - [156/257] Loss: 1.3064
2026/09/02 23:45:39 - __main__ - INFO - 162 - trainer - [208/257] Loss: 1.2713
2026/09/02 23:45:45 - __main__ - INFO - 167 - trainer - Average loss in epoch 93: 1.2916
2026/09/02 23:45:45 - __main__ - INFO - 117 - trainer - Epoch: 94
2026/09/02 23:45:46 - __main__ - INFO - 162 - trainer - [0/257] Loss: 1.2979
2026/09/02 23:45:52 - __main__ - INFO - 162 - trainer - [52/257] Loss: 1.2656
2026/09/02 23:45:59 - __main__ - INFO - 162 - trainer - [104/257] Loss: 1.3081
2026/09/02 23:46:06 - __main__ - INFO - 162 - trainer - [156/257] Loss: 1.3014
2026/09/02 23:46:13 - __main__ - INFO - 162 - trainer - [208/257] Loss: 1.2872
2026/09/02 23:46:20 - __main__ - INFO - 167 - trainer - Average loss in epoch 94: 1.2889
2026/09/02 23:46:20 - __main__ - INFO - 117 - trainer - Epoch: 95
2026/09/02 23:46:20 - __main__ - INFO - 162 - trainer - [0/257] Loss: 1.3209
2026/09/02 23:46:27 - __main__ - INFO - 162 - trainer - [52/257] Loss: 1.2654
2026/09/02 23:46:34 - __main__ - INFO - 162 - trainer - [104/257] Loss: 1.2763
2026/09/02 23:46:41 - __main__ - INFO - 162 - trainer - [156/257] Loss: 1.3044
2026/09/02 23:46:48 - __main__ - INFO - 162 - trainer - [208/257] Loss: 1.2770
2026/09/02 23:46:54 - __main__ - INFO - 167 - trainer - Average loss in epoch 95: 1.2860
2026/09/02 23:46:54 - __main__ - INFO - 117 - trainer - Epoch: 96
2026/09/02 23:46:55 - __main__ - INFO - 162 - trainer - [0/257] Loss: 1.2832
2026/09/02 23:47:01 - __main__ - INFO - 162 - trainer - [52/257] Loss: 1.2702
2026/09/02 23:47:09 - __main__ - INFO - 162 - trainer - [104/257] Loss: 1.2858
2026/09/02 23:47:16 - __main__ - INFO - 162 - trainer - [156/257] Loss: 1.2402
2026/09/02 23:47:23 - __main__ - INFO - 162 - trainer - [208/257] Loss: 1.2947
2026/09/02 23:47:29 - __main__ - INFO - 167 - trainer - Average loss in epoch 96: 1.2826
2026/09/02 23:47:29 - __main__ - INFO - 117 - trainer - Epoch: 97
2026/09/02 23:47:29 - __main__ - INFO - 162 - trainer - [0/257] Loss: 1.2365
2026/09/02 23:47:36 - __main__ - INFO - 162 - trainer - [52/257] Loss: 1.2822
2026/09/02 23:47:43 - __main__ - INFO - 162 - trainer - [104/257] Loss: 1.2553
2026/09/02 23:47:50 - __main__ - INFO - 162 - trainer - [156/257] Loss: 1.3031
2026/09/02 23:47:57 - __main__ - INFO - 162 - trainer - [208/257] Loss: 1.2701
2026/09/02 23:48:03 - __main__ - INFO - 167 - trainer - Average loss in epoch 97: 1.2794
2026/09/02 23:48:03 - __main__ - INFO - 117 - trainer - Epoch: 98
2026/09/02 23:48:03 - __main__ - INFO - 162 - trainer - [0/257] Loss: 1.2648
2026/09/02 23:48:10 - __main__ - INFO - 162 - trainer - [52/257] Loss: 1.2440
2026/09/02 23:48:17 - __main__ - INFO - 162 - trainer - [104/257] Loss: 1.2601
2026/09/02 23:48:24 - __main__ - INFO - 162 - trainer - [156/257] Loss: 1.2585
2026/09/02 23:48:32 - __main__ - INFO - 162 - trainer - [208/257] Loss: 1.2980
2026/09/02 23:48:38 - __main__ - INFO - 167 - trainer - Average loss in epoch 98: 1.2761
2026/09/02 23:48:38 - __main__ - INFO - 117 - trainer - Epoch: 99
2026/09/02 23:48:38 - __main__ - INFO - 162 - trainer - [0/257] Loss: 1.2374
2026/09/02 23:48:45 - __main__ - INFO - 162 - trainer - [52/257] Loss: 1.2804
2026/09/02 23:48:52 - __main__ - INFO - 162 - trainer - [104/257] Loss: 1.2834
2026/09/02 23:48:59 - __main__ - INFO - 162 - trainer - [156/257] Loss: 1.2665
2026/09/02 23:49:06 - __main__ - INFO - 162 - trainer - [208/257] Loss: 1.2670
2026/09/02 23:49:12 - __main__ - INFO - 167 - trainer - Average loss in epoch 99: 1.2727
2026/09/02 23:49:12 - __main__ - INFO - 117 - trainer - Epoch: 100
2026/09/02 23:49:12 - __main__ - INFO - 162 - trainer - [0/257] Loss: 1.2195
2026/09/02 23:49:19 - __main__ - INFO - 162 - trainer - [52/257] Loss: 1.2257
2026/09/02 23:49:26 - __main__ - INFO - 162 - trainer - [104/257] Loss: 1.2333
2026/09/02 23:49:33 - __main__ - INFO - 162 - trainer - [156/257] Loss: 1.2254
2026/09/02 23:49:40 - __main__ - INFO - 162 - trainer - [208/257] Loss: 1.2523
2026/09/02 23:49:47 - __main__ - INFO - 167 - trainer - Average loss in epoch 100: 1.2541
2026/09/02 23:49:47 - __main__ - INFO - 173 - trainer - start predicting: 2026-09-02 23:49:47.385945
2026/09/02 23:50:51 - __main__ - INFO - 203 - trainer - {'Best_HR@5': np.float64(7.6669), 'Best_HR@10': np.float64(10.76), 'Best_HR@20': np.float64(14.7359), 'Best_NDCG@5': np.float64(5.2641), 'Best_NDCG@10': np.float64(6.2631), 'Best_NDCG@20': np.float64(7.262)}
2026/09/02 23:50:51 - __main__ - INFO - 204 - trainer - {'Best_epoch_HR@5': 100, 'Best_epoch_HR@10': 80, 'Best_epoch_HR@20': 100, 'Best_epoch_NDCG@5': 100, 'Best_epoch_NDCG@10': 100, 'Best_epoch_NDCG@20': 100}
2026/09/02 23:50:51 - __main__ - INFO - 117 - trainer - Epoch: 101
2026/09/02 23:50:51 - __main__ - INFO - 162 - trainer - [0/257] Loss: 1.2753
2026/09/02 23:50:58 - __main__ - INFO - 162 - trainer - [52/257] Loss: 1.2734
2026/09/02 23:51:04 - __main__ - INFO - 162 - trainer - [104/257] Loss: 1.2598
2026/09/02 23:51:11 - __main__ - INFO - 162 - trainer - [156/257] Loss: 1.2338
2026/09/02 23:51:18 - __main__ - INFO - 162 - trainer - [208/257] Loss: 1.2774
2026/09/02 23:51:24 - __main__ - INFO - 167 - trainer - Average loss in epoch 101: 1.2507
2026/09/02 23:51:24 - __main__ - INFO - 117 - trainer - Epoch: 102
2026/09/02 23:51:24 - __main__ - INFO - 162 - trainer - [0/257] Loss: 1.2150
2026/09/02 23:51:31 - __main__ - INFO - 162 - trainer - [52/257] Loss: 1.2479
2026/09/02 23:51:38 - __main__ - INFO - 162 - trainer - [104/257] Loss: 1.2842
2026/09/02 23:51:45 - __main__ - INFO - 162 - trainer - [156/257] Loss: 1.2789
2026/09/02 23:51:52 - __main__ - INFO - 162 - trainer - [208/257] Loss: 1.2684
2026/09/02 23:51:58 - __main__ - INFO - 167 - trainer - Average loss in epoch 102: 1.2496
2026/09/02 23:51:58 - __main__ - INFO - 117 - trainer - Epoch: 103
2026/09/02 23:51:58 - __main__ - INFO - 162 - trainer - [0/257] Loss: 1.3075
2026/09/02 23:52:05 - __main__ - INFO - 162 - trainer - [52/257] Loss: 1.2657
2026/09/02 23:52:12 - __main__ - INFO - 162 - trainer - [104/257] Loss: 1.2317
2026/09/02 23:52:19 - __main__ - INFO - 162 - trainer - [156/257] Loss: 1.2297
2026/09/02 23:52:25 - __main__ - INFO - 162 - trainer - [208/257] Loss: 1.2793
2026/09/02 23:52:32 - __main__ - INFO - 167 - trainer - Average loss in epoch 103: 1.2482
2026/09/02 23:52:32 - __main__ - INFO - 117 - trainer - Epoch: 104
2026/09/02 23:52:32 - __main__ - INFO - 162 - trainer - [0/257] Loss: 1.2167
2026/09/02 23:52:39 - __main__ - INFO - 162 - trainer - [52/257] Loss: 1.2688
2026/09/02 23:52:46 - __main__ - INFO - 162 - trainer - [104/257] Loss: 1.2881
2026/09/02 23:52:52 - __main__ - INFO - 162 - trainer - [156/257] Loss: 1.2631
2026/09/02 23:52:59 - __main__ - INFO - 162 - trainer - [208/257] Loss: 1.1971
2026/09/02 23:53:06 - __main__ - INFO - 167 - trainer - Average loss in epoch 104: 1.2468
2026/09/02 23:53:06 - __main__ - INFO - 117 - trainer - Epoch: 105
2026/09/02 23:53:06 - __main__ - INFO - 162 - trainer - [0/257] Loss: 1.2244
2026/09/02 23:53:13 - __main__ - INFO - 162 - trainer - [52/257] Loss: 1.2163
2026/09/02 23:53:19 - __main__ - INFO - 162 - trainer - [104/257] Loss: 1.2203
2026/09/02 23:53:26 - __main__ - INFO - 162 - trainer - [156/257] Loss: 1.2291
2026/09/02 23:53:33 - __main__ - INFO - 162 - trainer - [208/257] Loss: 1.2349
2026/09/02 23:53:39 - __main__ - INFO - 167 - trainer - Average loss in epoch 105: 1.2468
2026/09/02 23:53:39 - __main__ - INFO - 117 - trainer - Epoch: 106
2026/09/02 23:53:39 - __main__ - INFO - 162 - trainer - [0/257] Loss: 1.2522
2026/09/02 23:53:46 - __main__ - INFO - 162 - trainer - [52/257] Loss: 1.2247
2026/09/02 23:53:53 - __main__ - INFO - 162 - trainer - [104/257] Loss: 1.2472
2026/09/02 23:53:59 - __main__ - INFO - 162 - trainer - [156/257] Loss: 1.2414
2026/09/02 23:54:06 - __main__ - INFO - 162 - trainer - [208/257] Loss: 1.2510
2026/09/02 23:54:12 - __main__ - INFO - 167 - trainer - Average loss in epoch 106: 1.2453
2026/09/02 23:54:12 - __main__ - INFO - 117 - trainer - Epoch: 107
2026/09/02 23:54:13 - __main__ - INFO - 162 - trainer - [0/257] Loss: 1.2527
2026/09/02 23:54:19 - __main__ - INFO - 162 - trainer - [52/257] Loss: 1.2533
2026/09/02 23:54:26 - __main__ - INFO - 162 - trainer - [104/257] Loss: 1.2203
2026/09/02 23:54:33 - __main__ - INFO - 162 - trainer - [156/257] Loss: 1.2320
2026/09/02 23:54:40 - __main__ - INFO - 162 - trainer - [208/257] Loss: 1.2728
2026/09/02 23:54:46 - __main__ - INFO - 167 - trainer - Average loss in epoch 107: 1.2452
2026/09/02 23:54:46 - __main__ - INFO - 117 - trainer - Epoch: 108
2026/09/02 23:54:46 - __main__ - INFO - 162 - trainer - [0/257] Loss: 1.2157
2026/09/02 23:54:53 - __main__ - INFO - 162 - trainer - [52/257] Loss: 1.2481
2026/09/02 23:55:00 - __main__ - INFO - 162 - trainer - [104/257] Loss: 1.2301
2026/09/02 23:55:07 - __main__ - INFO - 162 - trainer - [156/257] Loss: 1.2336
2026/09/02 23:55:13 - __main__ - INFO - 162 - trainer - [208/257] Loss: 1.2512
2026/09/02 23:55:20 - __main__ - INFO - 167 - trainer - Average loss in epoch 108: 1.2439
2026/09/02 23:55:20 - __main__ - INFO - 117 - trainer - Epoch: 109
2026/09/02 23:55:20 - __main__ - INFO - 162 - trainer - [0/257] Loss: 1.2689
2026/09/02 23:55:26 - __main__ - INFO - 162 - trainer - [52/257] Loss: 1.2704
2026/09/02 23:55:33 - __main__ - INFO - 162 - trainer - [104/257] Loss: 1.2154
2026/09/02 23:55:40 - __main__ - INFO - 162 - trainer - [156/257] Loss: 1.2830
2026/09/02 23:55:47 - __main__ - INFO - 162 - trainer - [208/257] Loss: 1.2504
2026/09/02 23:55:53 - __main__ - INFO - 167 - trainer - Average loss in epoch 109: 1.2433
2026/09/02 23:55:53 - __main__ - INFO - 117 - trainer - Epoch: 110
2026/09/02 23:55:53 - __main__ - INFO - 162 - trainer - [0/257] Loss: 1.2476
2026/09/02 23:56:00 - __main__ - INFO - 162 - trainer - [52/257] Loss: 1.2740
2026/09/02 23:56:07 - __main__ - INFO - 162 - trainer - [104/257] Loss: 1.2254
2026/09/02 23:56:14 - __main__ - INFO - 162 - trainer - [156/257] Loss: 1.2368
2026/09/02 23:56:21 - __main__ - INFO - 162 - trainer - [208/257] Loss: 1.2175
2026/09/02 23:56:27 - __main__ - INFO - 167 - trainer - Average loss in epoch 110: 1.2432
2026/09/02 23:56:27 - __main__ - INFO - 117 - trainer - Epoch: 111
2026/09/02 23:56:27 - __main__ - INFO - 162 - trainer - [0/257] Loss: 1.2570
2026/09/02 23:56:34 - __main__ - INFO - 162 - trainer - [52/257] Loss: 1.2255
2026/09/02 23:56:41 - __main__ - INFO - 162 - trainer - [104/257] Loss: 1.2757
2026/09/02 23:56:47 - __main__ - INFO - 162 - trainer - [156/257] Loss: 1.2145
2026/09/02 23:56:54 - __main__ - INFO - 162 - trainer - [208/257] Loss: 1.2534
2026/09/02 23:57:00 - __main__ - INFO - 167 - trainer - Average loss in epoch 111: 1.2426
2026/09/02 23:57:00 - __main__ - INFO - 117 - trainer - Epoch: 112
2026/09/02 23:57:00 - __main__ - INFO - 162 - trainer - [0/257] Loss: 1.2480
2026/09/02 23:57:07 - __main__ - INFO - 162 - trainer - [52/257] Loss: 1.2625
2026/09/02 23:57:14 - __main__ - INFO - 162 - trainer - [104/257] Loss: 1.1984
2026/09/02 23:57:21 - __main__ - INFO - 162 - trainer - [156/257] Loss: 1.2394
2026/09/02 23:57:28 - __main__ - INFO - 162 - trainer - [208/257] Loss: 1.2641
2026/09/02 23:57:34 - __main__ - INFO - 167 - trainer - Average loss in epoch 112: 1.2426
2026/09/02 23:57:34 - __main__ - INFO - 117 - trainer - Epoch: 113
2026/09/02 23:57:34 - __main__ - INFO - 162 - trainer - [0/257] Loss: 1.2488
2026/09/02 23:57:41 - __main__ - INFO - 162 - trainer - [52/257] Loss: 1.2511
2026/09/02 23:57:48 - __main__ - INFO - 162 - trainer - [104/257] Loss: 1.2181
2026/09/02 23:57:54 - __main__ - INFO - 162 - trainer - [156/257] Loss: 1.2719
2026/09/02 23:58:01 - __main__ - INFO - 162 - trainer - [208/257] Loss: 1.2598
2026/09/02 23:58:07 - __main__ - INFO - 167 - trainer - Average loss in epoch 113: 1.2409
2026/09/02 23:58:07 - __main__ - INFO - 117 - trainer - Epoch: 114
2026/09/02 23:58:07 - __main__ - INFO - 162 - trainer - [0/257] Loss: 1.2815
2026/09/02 23:58:14 - __main__ - INFO - 162 - trainer - [52/257] Loss: 1.2621
2026/09/02 23:58:21 - __main__ - INFO - 162 - trainer - [104/257] Loss: 1.2605
2026/09/02 23:58:28 - __main__ - INFO - 162 - trainer - [156/257] Loss: 1.2278
2026/09/02 23:58:34 - __main__ - INFO - 162 - trainer - [208/257] Loss: 1.2679
2026/09/02 23:58:41 - __main__ - INFO - 167 - trainer - Average loss in epoch 114: 1.2400
2026/09/02 23:58:41 - __main__ - INFO - 117 - trainer - Epoch: 115
2026/09/02 23:58:41 - __main__ - INFO - 162 - trainer - [0/257] Loss: 1.2501
2026/09/02 23:58:47 - __main__ - INFO - 162 - trainer - [52/257] Loss: 1.2226
2026/09/02 23:58:54 - __main__ - INFO - 162 - trainer - [104/257] Loss: 1.2301
2026/09/02 23:59:01 - __main__ - INFO - 162 - trainer - [156/257] Loss: 1.2509
2026/09/02 23:59:08 - __main__ - INFO - 162 - trainer - [208/257] Loss: 1.2353
2026/09/02 23:59:14 - __main__ - INFO - 167 - trainer - Average loss in epoch 115: 1.2396
2026/09/02 23:59:14 - __main__ - INFO - 117 - trainer - Epoch: 116
2026/09/02 23:59:14 - __main__ - INFO - 162 - trainer - [0/257] Loss: 1.2672
2026/09/02 23:59:21 - __main__ - INFO - 162 - trainer - [52/257] Loss: 1.2384
2026/09/02 23:59:28 - __main__ - INFO - 162 - trainer - [104/257] Loss: 1.2220
2026/09/02 23:59:35 - __main__ - INFO - 162 - trainer - [156/257] Loss: 1.2951
2026/09/02 23:59:42 - __main__ - INFO - 162 - trainer - [208/257] Loss: 1.2591
2026/09/02 23:59:48 - __main__ - INFO - 167 - trainer - Average loss in epoch 116: 1.2396
2026/09/02 23:59:48 - __main__ - INFO - 117 - trainer - Epoch: 117
2026/09/02 23:59:48 - __main__ - INFO - 162 - trainer - [0/257] Loss: 1.2394
2026/09/02 23:59:55 - __main__ - INFO - 162 - trainer - [52/257] Loss: 1.2388
2026/09/03 00:00:01 - __main__ - INFO - 162 - trainer - [104/257] Loss: 1.2427
2026/09/03 00:00:08 - __main__ - INFO - 162 - trainer - [156/257] Loss: 1.2496
2026/09/03 00:00:15 - __main__ - INFO - 162 - trainer - [208/257] Loss: 1.2371
2026/09/03 00:00:21 - __main__ - INFO - 167 - trainer - Average loss in epoch 117: 1.2387
2026/09/03 00:00:21 - __main__ - INFO - 117 - trainer - Epoch: 118
2026/09/03 00:00:21 - __main__ - INFO - 162 - trainer - [0/257] Loss: 1.2290
2026/09/03 00:00:28 - __main__ - INFO - 162 - trainer - [52/257] Loss: 1.2044
2026/09/03 00:00:35 - __main__ - INFO - 162 - trainer - [104/257] Loss: 1.2348
2026/09/03 00:00:42 - __main__ - INFO - 162 - trainer - [156/257] Loss: 1.2484
2026/09/03 00:00:48 - __main__ - INFO - 162 - trainer - [208/257] Loss: 1.2637
2026/09/03 00:00:55 - __main__ - INFO - 167 - trainer - Average loss in epoch 118: 1.2382
2026/09/03 00:00:55 - __main__ - INFO - 117 - trainer - Epoch: 119
2026/09/03 00:00:55 - __main__ - INFO - 162 - trainer - [0/257] Loss: 1.2631
2026/09/03 00:01:02 - __main__ - INFO - 162 - trainer - [52/257] Loss: 1.2084
2026/09/03 00:01:08 - __main__ - INFO - 162 - trainer - [104/257] Loss: 1.2515
2026/09/03 00:01:15 - __main__ - INFO - 162 - trainer - [156/257] Loss: 1.2539
2026/09/03 00:01:22 - __main__ - INFO - 162 - trainer - [208/257] Loss: 1.2695
2026/09/03 00:01:28 - __main__ - INFO - 167 - trainer - Average loss in epoch 119: 1.2375
2026/09/03 00:01:28 - __main__ - INFO - 117 - trainer - Epoch: 120
2026/09/03 00:01:28 - __main__ - INFO - 162 - trainer - [0/257] Loss: 1.2534
2026/09/03 00:01:35 - __main__ - INFO - 162 - trainer - [52/257] Loss: 1.2329
2026/09/03 00:01:42 - __main__ - INFO - 162 - trainer - [104/257] Loss: 1.2235
2026/09/03 00:01:49 - __main__ - INFO - 162 - trainer - [156/257] Loss: 1.2070
2026/09/03 00:01:55 - __main__ - INFO - 162 - trainer - [208/257] Loss: 1.2403
2026/09/03 00:02:02 - __main__ - INFO - 167 - trainer - Average loss in epoch 120: 1.2370
2026/09/03 00:02:02 - __main__ - INFO - 173 - trainer - start predicting: 2026-09-03 00:02:02.111158
2026/09/03 00:03:03 - __main__ - INFO - 203 - trainer - {'Best_HR@5': np.float64(7.676), 'Best_HR@10': np.float64(10.76), 'Best_HR@20': np.float64(14.7382), 'Best_NDCG@5': np.float64(5.2707), 'Best_NDCG@10': np.float64(6.2631), 'Best_NDCG@20': np.float64(7.2648)}
2026/09/03 00:03:03 - __main__ - INFO - 204 - trainer - {'Best_epoch_HR@5': 120, 'Best_epoch_HR@10': 80, 'Best_epoch_HR@20': 120, 'Best_epoch_NDCG@5': 120, 'Best_epoch_NDCG@10': 100, 'Best_epoch_NDCG@20': 120}
2026/09/03 00:03:03 - __main__ - INFO - 117 - trainer - Epoch: 121
2026/09/03 00:03:03 - __main__ - INFO - 162 - trainer - [0/257] Loss: 1.2434
2026/09/03 00:03:11 - __main__ - INFO - 162 - trainer - [52/257] Loss: 1.2327
2026/09/03 00:03:18 - __main__ - INFO - 162 - trainer - [104/257] Loss: 1.2085
2026/09/03 00:03:25 - __main__ - INFO - 162 - trainer - [156/257] Loss: 1.2613
2026/09/03 00:03:32 - __main__ - INFO - 162 - trainer - [208/257] Loss: 1.2238
2026/09/03 00:03:38 - __main__ - INFO - 167 - trainer - Average loss in epoch 121: 1.2373
2026/09/03 00:03:38 - __main__ - INFO - 117 - trainer - Epoch: 122
2026/09/03 00:03:39 - __main__ - INFO - 162 - trainer - [0/257] Loss: 1.2284
2026/09/03 00:03:46 - __main__ - INFO - 162 - trainer - [52/257] Loss: 1.2201
2026/09/03 00:03:53 - __main__ - INFO - 162 - trainer - [104/257] Loss: 1.1907
2026/09/03 00:04:00 - __main__ - INFO - 162 - trainer - [156/257] Loss: 1.2194
2026/09/03 00:04:07 - __main__ - INFO - 162 - trainer - [208/257] Loss: 1.2426
2026/09/03 00:04:14 - __main__ - INFO - 167 - trainer - Average loss in epoch 122: 1.2356
2026/09/03 00:04:14 - __main__ - INFO - 117 - trainer - Epoch: 123
2026/09/03 00:04:14 - __main__ - INFO - 162 - trainer - [0/257] Loss: 1.2345
2026/09/03 00:04:21 - __main__ - INFO - 162 - trainer - [52/257] Loss: 1.2266
2026/09/03 00:04:28 - __main__ - INFO - 162 - trainer - [104/257] Loss: 1.2146
2026/09/03 00:04:35 - __main__ - INFO - 162 - trainer - [156/257] Loss: 1.2116
2026/09/03 00:04:43 - __main__ - INFO - 162 - trainer - [208/257] Loss: 1.2223
2026/09/03 00:04:49 - __main__ - INFO - 167 - trainer - Average loss in epoch 123: 1.2360
2026/09/03 00:04:49 - __main__ - INFO - 117 - trainer - Epoch: 124
2026/09/03 00:04:49 - __main__ - INFO - 162 - trainer - [0/257] Loss: 1.2455
2026/09/03 00:04:57 - __main__ - INFO - 162 - trainer - [52/257] Loss: 1.2381
2026/09/03 00:05:04 - __main__ - INFO - 162 - trainer - [104/257] Loss: 1.2305
2026/09/03 00:05:11 - __main__ - INFO - 162 - trainer - [156/257] Loss: 1.2334
2026/09/03 00:05:18 - __main__ - INFO - 162 - trainer - [208/257] Loss: 1.2295
2026/09/03 00:05:24 - __main__ - INFO - 167 - trainer - Average loss in epoch 124: 1.2352
2026/09/03 00:05:24 - __main__ - INFO - 117 - trainer - Epoch: 125
2026/09/03 00:05:25 - __main__ - INFO - 162 - trainer - [0/257] Loss: 1.2163
2026/09/03 00:05:32 - __main__ - INFO - 162 - trainer - [52/257] Loss: 1.2173
2026/09/03 00:05:39 - __main__ - INFO - 162 - trainer - [104/257] Loss: 1.2338
2026/09/03 00:05:46 - __main__ - INFO - 162 - trainer - [156/257] Loss: 1.2227
2026/09/03 00:05:53 - __main__ - INFO - 162 - trainer - [208/257] Loss: 1.2160
2026/09/03 00:05:59 - __main__ - INFO - 167 - trainer - Average loss in epoch 125: 1.2345
2026/09/03 00:05:59 - __main__ - INFO - 117 - trainer - Epoch: 126
2026/09/03 00:05:59 - __main__ - INFO - 162 - trainer - [0/257] Loss: 1.2188
2026/09/03 00:06:07 - __main__ - INFO - 162 - trainer - [52/257] Loss: 1.2519
2026/09/03 00:06:14 - __main__ - INFO - 162 - trainer - [104/257] Loss: 1.2424
2026/09/03 00:06:21 - __main__ - INFO - 162 - trainer - [156/257] Loss: 1.2639
2026/09/03 00:06:28 - __main__ - INFO - 162 - trainer - [208/257] Loss: 1.2369
2026/09/03 00:06:35 - __main__ - INFO - 167 - trainer - Average loss in epoch 126: 1.2354
2026/09/03 00:06:35 - __main__ - INFO - 117 - trainer - Epoch: 127
2026/09/03 00:06:35 - __main__ - INFO - 162 - trainer - [0/257] Loss: 1.2471
2026/09/03 00:06:42 - __main__ - INFO - 162 - trainer - [52/257] Loss: 1.2438
2026/09/03 00:06:49 - __main__ - INFO - 162 - trainer - [104/257] Loss: 1.2407
2026/09/03 00:06:56 - __main__ - INFO - 162 - trainer - [156/257] Loss: 1.2135
2026/09/03 00:07:03 - __main__ - INFO - 162 - trainer - [208/257] Loss: 1.2532
2026/09/03 00:07:10 - __main__ - INFO - 167 - trainer - Average loss in epoch 127: 1.2338
2026/09/03 00:07:10 - __main__ - INFO - 117 - trainer - Epoch: 128
2026/09/03 00:07:10 - __main__ - INFO - 162 - trainer - [0/257] Loss: 1.2568
2026/09/03 00:07:17 - __main__ - INFO - 162 - trainer - [52/257] Loss: 1.2000
2026/09/03 00:07:25 - __main__ - INFO - 162 - trainer - [104/257] Loss: 1.2486
2026/09/03 00:07:32 - __main__ - INFO - 162 - trainer - [156/257] Loss: 1.2448
2026/09/03 00:07:39 - __main__ - INFO - 162 - trainer - [208/257] Loss: 1.2505
2026/09/03 00:07:45 - __main__ - INFO - 167 - trainer - Average loss in epoch 128: 1.2343
2026/09/03 00:07:45 - __main__ - INFO - 117 - trainer - Epoch: 129
2026/09/03 00:07:46 - __main__ - INFO - 162 - trainer - [0/257] Loss: 1.2597
2026/09/03 00:07:52 - __main__ - INFO - 162 - trainer - [52/257] Loss: 1.2326
2026/09/03 00:07:59 - __main__ - INFO - 162 - trainer - [104/257] Loss: 1.2774
2026/09/03 00:08:07 - __main__ - INFO - 162 - trainer - [156/257] Loss: 1.2530
2026/09/03 00:08:14 - __main__ - INFO - 162 - trainer - [208/257] Loss: 1.1928
2026/09/03 00:08:20 - __main__ - INFO - 167 - trainer - Average loss in epoch 129: 1.2322
2026/09/03 00:08:20 - __main__ - INFO - 117 - trainer - Epoch: 130
2026/09/03 00:08:20 - __main__ - INFO - 162 - trainer - [0/257] Loss: 1.2309
2026/09/03 00:08:28 - __main__ - INFO - 162 - trainer - [52/257] Loss: 1.2527
2026/09/03 00:08:35 - __main__ - INFO - 162 - trainer - [104/257] Loss: 1.2272
2026/09/03 00:08:42 - __main__ - INFO - 162 - trainer - [156/257] Loss: 1.2648
2026/09/03 00:08:49 - __main__ - INFO - 162 - trainer - [208/257] Loss: 1.2373
2026/09/03 00:08:56 - __main__ - INFO - 167 - trainer - Average loss in epoch 130: 1.2333
2026/09/03 00:08:56 - __main__ - INFO - 117 - trainer - Epoch: 131
2026/09/03 00:08:56 - __main__ - INFO - 162 - trainer - [0/257] Loss: 1.2294
2026/09/03 00:09:03 - __main__ - INFO - 162 - trainer - [52/257] Loss: 1.2391
2026/09/03 00:09:10 - __main__ - INFO - 162 - trainer - [104/257] Loss: 1.2317
2026/09/03 00:09:17 - __main__ - INFO - 162 - trainer - [156/257] Loss: 1.2194
2026/09/03 00:09:24 - __main__ - INFO - 162 - trainer - [208/257] Loss: 1.2174
2026/09/03 00:09:31 - __main__ - INFO - 167 - trainer - Average loss in epoch 131: 1.2334
2026/09/03 00:09:31 - __main__ - INFO - 117 - trainer - Epoch: 132
2026/09/03 00:09:31 - __main__ - INFO - 162 - trainer - [0/257] Loss: 1.2535
2026/09/03 00:09:38 - __main__ - INFO - 162 - trainer - [52/257] Loss: 1.2378
2026/09/03 00:09:45 - __main__ - INFO - 162 - trainer - [104/257] Loss: 1.2296
2026/09/03 00:09:52 - __main__ - INFO - 162 - trainer - [156/257] Loss: 1.2554
2026/09/03 00:09:59 - __main__ - INFO - 162 - trainer - [208/257] Loss: 1.2481
2026/09/03 00:10:06 - __main__ - INFO - 167 - trainer - Average loss in epoch 132: 1.2316
2026/09/03 00:10:06 - __main__ - INFO - 117 - trainer - Epoch: 133
2026/09/03 00:10:06 - __main__ - INFO - 162 - trainer - [0/257] Loss: 1.2285
2026/09/03 00:10:13 - __main__ - INFO - 162 - trainer - [52/257] Loss: 1.1961
2026/09/03 00:10:20 - __main__ - INFO - 162 - trainer - [104/257] Loss: 1.2247
2026/09/03 00:10:27 - __main__ - INFO - 162 - trainer - [156/257] Loss: 1.2415
2026/09/03 00:10:34 - __main__ - INFO - 162 - trainer - [208/257] Loss: 1.2179
2026/09/03 00:10:41 - __main__ - INFO - 167 - trainer - Average loss in epoch 133: 1.2313
2026/09/03 00:10:41 - __main__ - INFO - 117 - trainer - Epoch: 134
2026/09/03 00:10:41 - __main__ - INFO - 162 - trainer - [0/257] Loss: 1.2194
2026/09/03 00:10:48 - __main__ - INFO - 162 - trainer - [52/257] Loss: 1.2645
2026/09/03 00:10:55 - __main__ - INFO - 162 - trainer - [104/257] Loss: 1.2339
2026/09/03 00:11:03 - __main__ - INFO - 162 - trainer - [156/257] Loss: 1.2434
2026/09/03 00:11:10 - __main__ - INFO - 162 - trainer - [208/257] Loss: 1.2297
2026/09/03 00:11:16 - __main__ - INFO - 167 - trainer - Average loss in epoch 134: 1.2309
2026/09/03 00:11:16 - __main__ - INFO - 117 - trainer - Epoch: 135
2026/09/03 00:11:16 - __main__ - INFO - 162 - trainer - [0/257] Loss: 1.2434
2026/09/03 00:11:23 - __main__ - INFO - 162 - trainer - [52/257] Loss: 1.1837
2026/09/03 00:11:31 - __main__ - INFO - 162 - trainer - [104/257] Loss: 1.1967
2026/09/03 00:11:38 - __main__ - INFO - 162 - trainer - [156/257] Loss: 1.2199
2026/09/03 00:11:45 - __main__ - INFO - 162 - trainer - [208/257] Loss: 1.2219
2026/09/03 00:11:52 - __main__ - INFO - 167 - trainer - Average loss in epoch 135: 1.2302
2026/09/03 00:11:52 - __main__ - INFO - 117 - trainer - Epoch: 136
2026/09/03 00:11:52 - __main__ - INFO - 162 - trainer - [0/257] Loss: 1.2360
2026/09/03 00:11:59 - __main__ - INFO - 162 - trainer - [52/257] Loss: 1.1900
2026/09/03 00:12:06 - __main__ - INFO - 162 - trainer - [104/257] Loss: 1.2251
2026/09/03 00:12:13 - __main__ - INFO - 162 - trainer - [156/257] Loss: 1.2050
2026/09/03 00:12:20 - __main__ - INFO - 162 - trainer - [208/257] Loss: 1.2179
2026/09/03 00:12:27 - __main__ - INFO - 167 - trainer - Average loss in epoch 136: 1.2291
2026/09/03 00:12:27 - __main__ - INFO - 117 - trainer - Epoch: 137
2026/09/03 00:12:27 - __main__ - INFO - 162 - trainer - [0/257] Loss: 1.2470
2026/09/03 00:12:34 - __main__ - INFO - 162 - trainer - [52/257] Loss: 1.2022
2026/09/03 00:12:42 - __main__ - INFO - 162 - trainer - [104/257] Loss: 1.2316
2026/09/03 00:12:49 - __main__ - INFO - 162 - trainer - [156/257] Loss: 1.2436
2026/09/03 00:12:56 - __main__ - INFO - 162 - trainer - [208/257] Loss: 1.2239
2026/09/03 00:13:02 - __main__ - INFO - 167 - trainer - Average loss in epoch 137: 1.2293
2026/09/03 00:13:02 - __main__ - INFO - 117 - trainer - Epoch: 138
2026/09/03 00:13:03 - __main__ - INFO - 162 - trainer - [0/257] Loss: 1.2217
2026/09/03 00:13:10 - __main__ - INFO - 162 - trainer - [52/257] Loss: 1.2485
2026/09/03 00:13:17 - __main__ - INFO - 162 - trainer - [104/257] Loss: 1.2066
2026/09/03 00:13:24 - __main__ - INFO - 162 - trainer - [156/257] Loss: 1.2058
2026/09/03 00:13:31 - __main__ - INFO - 162 - trainer - [208/257] Loss: 1.2089
2026/09/03 00:13:38 - __main__ - INFO - 167 - trainer - Average loss in epoch 138: 1.2290
2026/09/03 00:13:38 - __main__ - INFO - 117 - trainer - Epoch: 139
2026/09/03 00:13:38 - __main__ - INFO - 162 - trainer - [0/257] Loss: 1.2388
2026/09/03 00:13:45 - __main__ - INFO - 162 - trainer - [52/257] Loss: 1.2652
2026/09/03 00:13:52 - __main__ - INFO - 162 - trainer - [104/257] Loss: 1.2339
2026/09/03 00:13:59 - __main__ - INFO - 162 - trainer - [156/257] Loss: 1.2352
2026/09/03 00:14:06 - __main__ - INFO - 162 - trainer - [208/257] Loss: 1.2450
2026/09/03 00:14:13 - __main__ - INFO - 167 - trainer - Average loss in epoch 139: 1.2301
2026/09/03 00:14:13 - __main__ - INFO - 117 - trainer - Epoch: 140
2026/09/03 00:14:13 - __main__ - INFO - 162 - trainer - [0/257] Loss: 1.2270
2026/09/03 00:14:20 - __main__ - INFO - 162 - trainer - [52/257] Loss: 1.2582
2026/09/03 00:14:27 - __main__ - INFO - 162 - trainer - [104/257] Loss: 1.1829
2026/09/03 00:14:34 - __main__ - INFO - 162 - trainer - [156/257] Loss: 1.2423
2026/09/03 00:14:42 - __main__ - INFO - 162 - trainer - [208/257] Loss: 1.2337
2026/09/03 00:14:48 - __main__ - INFO - 167 - trainer - Average loss in epoch 140: 1.2288
2026/09/03 00:14:48 - __main__ - INFO - 173 - trainer - start predicting: 2026-09-03 00:14:48.617865
2026/09/03 00:15:59 - __main__ - INFO - 203 - trainer - {'Best_HR@5': np.float64(7.676), 'Best_HR@10': np.float64(10.76), 'Best_HR@20': np.float64(14.7382), 'Best_NDCG@5': np.float64(5.2707), 'Best_NDCG@10': np.float64(6.2631), 'Best_NDCG@20': np.float64(7.2686)}
2026/09/03 00:15:59 - __main__ - INFO - 204 - trainer - {'Best_epoch_HR@5': 120, 'Best_epoch_HR@10': 80, 'Best_epoch_HR@20': 120, 'Best_epoch_NDCG@5': 120, 'Best_epoch_NDCG@10': 100, 'Best_epoch_NDCG@20': 140}
2026/09/03 00:15:59 - __main__ - INFO - 117 - trainer - Epoch: 141
2026/09/03 00:15:59 - __main__ - INFO - 162 - trainer - [0/257] Loss: 1.2366
2026/09/03 00:16:07 - __main__ - INFO - 162 - trainer - [52/257] Loss: 1.2477
2026/09/03 00:16:14 - __main__ - INFO - 162 - trainer - [104/257] Loss: 1.2452
2026/09/03 00:16:21 - __main__ - INFO - 162 - trainer - [156/257] Loss: 1.2161
2026/09/03 00:16:28 - __main__ - INFO - 162 - trainer - [208/257] Loss: 1.2040
2026/09/03 00:16:34 - __main__ - INFO - 167 - trainer - Average loss in epoch 141: 1.2276
2026/09/03 00:16:34 - __main__ - INFO - 117 - trainer - Epoch: 142
2026/09/03 00:16:34 - __main__ - INFO - 162 - trainer - [0/257] Loss: 1.1906
2026/09/03 00:16:42 - __main__ - INFO - 162 - trainer - [52/257] Loss: 1.2278
2026/09/03 00:16:48 - __main__ - INFO - 162 - trainer - [104/257] Loss: 1.2375
2026/09/03 00:16:55 - __main__ - INFO - 162 - trainer - [156/257] Loss: 1.2221
2026/09/03 00:17:02 - __main__ - INFO - 162 - trainer - [208/257] Loss: 1.2620
2026/09/03 00:17:08 - __main__ - INFO - 167 - trainer - Average loss in epoch 142: 1.2274
2026/09/03 00:17:08 - __main__ - INFO - 117 - trainer - Epoch: 143
2026/09/03 00:17:09 - __main__ - INFO - 162 - trainer - [0/257] Loss: 1.2157
2026/09/03 00:17:15 - __main__ - INFO - 162 - trainer - [52/257] Loss: 1.2605
2026/09/03 00:17:22 - __main__ - INFO - 162 - trainer - [104/257] Loss: 1.1838
2026/09/03 00:17:29 - __main__ - INFO - 162 - trainer - [156/257] Loss: 1.2500
2026/09/03 00:17:36 - __main__ - INFO - 162 - trainer - [208/257] Loss: 1.2270
2026/09/03 00:17:42 - __main__ - INFO - 167 - trainer - Average loss in epoch 143: 1.2270
2026/09/03 00:17:42 - __main__ - INFO - 117 - trainer - Epoch: 144
2026/09/03 00:17:43 - __main__ - INFO - 162 - trainer - [0/257] Loss: 1.2170
2026/09/03 00:17:49 - __main__ - INFO - 162 - trainer - [52/257] Loss: 1.2313
2026/09/03 00:17:56 - __main__ - INFO - 162 - trainer - [104/257] Loss: 1.2503
2026/09/03 00:18:03 - __main__ - INFO - 162 - trainer - [156/257] Loss: 1.2298
2026/09/03 00:18:10 - __main__ - INFO - 162 - trainer - [208/257] Loss: 1.2510
2026/09/03 00:18:16 - __main__ - INFO - 167 - trainer - Average loss in epoch 144: 1.2264
2026/09/03 00:18:16 - __main__ - INFO - 117 - trainer - Epoch: 145
2026/09/03 00:18:17 - __main__ - INFO - 162 - trainer - [0/257] Loss: 1.2053
2026/09/03 00:18:23 - __main__ - INFO - 162 - trainer - [52/257] Loss: 1.2111
2026/09/03 00:18:30 - __main__ - INFO - 162 - trainer - [104/257] Loss: 1.2416
2026/09/03 00:18:37 - __main__ - INFO - 162 - trainer - [156/257] Loss: 1.2118
2026/09/03 00:18:44 - __main__ - INFO - 162 - trainer - [208/257] Loss: 1.2397
2026/09/03 00:18:50 - __main__ - INFO - 167 - trainer - Average loss in epoch 145: 1.2266
2026/09/03 00:18:50 - __main__ - INFO - 117 - trainer - Epoch: 146
2026/09/03 00:18:50 - __main__ - INFO - 162 - trainer - [0/257] Loss: 1.1928
2026/09/03 00:18:57 - __main__ - INFO - 162 - trainer - [52/257] Loss: 1.2380
2026/09/03 00:19:04 - __main__ - INFO - 162 - trainer - [104/257] Loss: 1.2230
2026/09/03 00:19:11 - __main__ - INFO - 162 - trainer - [156/257] Loss: 1.1996
2026/09/03 00:19:18 - __main__ - INFO - 162 - trainer - [208/257] Loss: 1.2248
2026/09/03 00:19:24 - __main__ - INFO - 167 - trainer - Average loss in epoch 146: 1.2264
2026/09/03 00:19:24 - __main__ - INFO - 117 - trainer - Epoch: 147
2026/09/03 00:19:24 - __main__ - INFO - 162 - trainer - [0/257] Loss: 1.2318
2026/09/03 00:19:31 - __main__ - INFO - 162 - trainer - [52/257] Loss: 1.2278
2026/09/03 00:19:38 - __main__ - INFO - 162 - trainer - [104/257] Loss: 1.2548
2026/09/03 00:19:45 - __main__ - INFO - 162 - trainer - [156/257] Loss: 1.2247
2026/09/03 00:19:52 - __main__ - INFO - 162 - trainer - [208/257] Loss: 1.2478
2026/09/03 00:19:58 - __main__ - INFO - 167 - trainer - Average loss in epoch 147: 1.2267
2026/09/03 00:19:58 - __main__ - INFO - 117 - trainer - Epoch: 148
2026/09/03 00:19:58 - __main__ - INFO - 162 - trainer - [0/257] Loss: 1.1918
2026/09/03 00:20:05 - __main__ - INFO - 162 - trainer - [52/257] Loss: 1.2345
2026/09/03 00:20:12 - __main__ - INFO - 162 - trainer - [104/257] Loss: 1.1920
2026/09/03 00:20:19 - __main__ - INFO - 162 - trainer - [156/257] Loss: 1.2141
2026/09/03 00:20:26 - __main__ - INFO - 162 - trainer - [208/257] Loss: 1.2353
2026/09/03 00:20:32 - __main__ - INFO - 167 - trainer - Average loss in epoch 148: 1.2241
2026/09/03 00:20:32 - __main__ - INFO - 117 - trainer - Epoch: 149
2026/09/03 00:20:32 - __main__ - INFO - 162 - trainer - [0/257] Loss: 1.2275
2026/09/03 00:20:39 - __main__ - INFO - 162 - trainer - [52/257] Loss: 1.2302
2026/09/03 00:20:46 - __main__ - INFO - 162 - trainer - [104/257] Loss: 1.2091
2026/09/03 00:20:53 - __main__ - INFO - 162 - trainer - [156/257] Loss: 1.2544
2026/09/03 00:21:00 - __main__ - INFO - 162 - trainer - [208/257] Loss: 1.2080
2026/09/03 00:21:06 - __main__ - INFO - 167 - trainer - Average loss in epoch 149: 1.2248
2026/09/03 00:21:06 - __main__ - INFO - 117 - trainer - Epoch: 150
2026/09/03 00:21:06 - __main__ - INFO - 162 - trainer - [0/257] Loss: 1.2411
2026/09/03 00:21:13 - __main__ - INFO - 162 - trainer - [52/257] Loss: 1.2561
2026/09/03 00:21:20 - __main__ - INFO - 162 - trainer - [104/257] Loss: 1.1934
2026/09/03 00:21:27 - __main__ - INFO - 162 - trainer - [156/257] Loss: 1.2440
2026/09/03 00:21:34 - __main__ - INFO - 162 - trainer - [208/257] Loss: 1.2410
2026/09/03 00:21:40 - __main__ - INFO - 167 - trainer - Average loss in epoch 150: 1.2241
2026/09/03 00:21:40 - __main__ - INFO - 117 - trainer - Epoch: 151
2026/09/03 00:21:40 - __main__ - INFO - 162 - trainer - [0/257] Loss: 1.1774
2026/09/03 00:21:47 - __main__ - INFO - 162 - trainer - [52/257] Loss: 1.2263
2026/09/03 00:21:54 - __main__ - INFO - 162 - trainer - [104/257] Loss: 1.2168
2026/09/03 00:22:01 - __main__ - INFO - 162 - trainer - [156/257] Loss: 1.2628
2026/09/03 00:22:08 - __main__ - INFO - 162 - trainer - [208/257] Loss: 1.2505
2026/09/03 00:22:14 - __main__ - INFO - 167 - trainer - Average loss in epoch 151: 1.2248
2026/09/03 00:22:14 - __main__ - INFO - 117 - trainer - Epoch: 152
2026/09/03 00:22:14 - __main__ - INFO - 162 - trainer - [0/257] Loss: 1.2409
2026/09/03 00:22:21 - __main__ - INFO - 162 - trainer - [52/257] Loss: 1.2292
2026/09/03 00:22:28 - __main__ - INFO - 162 - trainer - [104/257] Loss: 1.2576
2026/09/03 00:22:35 - __main__ - INFO - 162 - trainer - [156/257] Loss: 1.2446
2026/09/03 00:22:42 - __main__ - INFO - 162 - trainer - [208/257] Loss: 1.2270
2026/09/03 00:22:48 - __main__ - INFO - 167 - trainer - Average loss in epoch 152: 1.2236
2026/09/03 00:22:48 - __main__ - INFO - 117 - trainer - Epoch: 153
2026/09/03 00:22:48 - __main__ - INFO - 162 - trainer - [0/257] Loss: 1.1820
2026/09/03 00:22:55 - __main__ - INFO - 162 - trainer - [52/257] Loss: 1.2389
2026/09/03 00:23:02 - __main__ - INFO - 162 - trainer - [104/257] Loss: 1.2402
2026/09/03 00:23:09 - __main__ - INFO - 162 - trainer - [156/257] Loss: 1.2665
2026/09/03 00:23:16 - __main__ - INFO - 162 - trainer - [208/257] Loss: 1.2308
2026/09/03 00:23:22 - __main__ - INFO - 167 - trainer - Average loss in epoch 153: 1.2235
2026/09/03 00:23:22 - __main__ - INFO - 117 - trainer - Epoch: 154
2026/09/03 00:23:22 - __main__ - INFO - 162 - trainer - [0/257] Loss: 1.2144
2026/09/03 00:23:29 - __main__ - INFO - 162 - trainer - [52/257] Loss: 1.2300
2026/09/03 00:23:36 - __main__ - INFO - 162 - trainer - [104/257] Loss: 1.2263
2026/09/03 00:23:43 - __main__ - INFO - 162 - trainer - [156/257] Loss: 1.2002
2026/09/03 00:23:50 - __main__ - INFO - 162 - trainer - [208/257] Loss: 1.2256
2026/09/03 00:23:56 - __main__ - INFO - 167 - trainer - Average loss in epoch 154: 1.2234
2026/09/03 00:23:56 - __main__ - INFO - 117 - trainer - Epoch: 155
2026/09/03 00:23:56 - __main__ - INFO - 162 - trainer - [0/257] Loss: 1.2028
2026/09/03 00:24:03 - __main__ - INFO - 162 - trainer - [52/257] Loss: 1.2248
2026/09/03 00:24:10 - __main__ - INFO - 162 - trainer - [104/257] Loss: 1.1892
2026/09/03 00:24:17 - __main__ - INFO - 162 - trainer - [156/257] Loss: 1.2252
2026/09/03 00:24:24 - __main__ - INFO - 162 - trainer - [208/257] Loss: 1.2247
2026/09/03 00:24:30 - __main__ - INFO - 167 - trainer - Average loss in epoch 155: 1.2218
2026/09/03 00:24:30 - __main__ - INFO - 117 - trainer - Epoch: 156
2026/09/03 00:24:30 - __main__ - INFO - 162 - trainer - [0/257] Loss: 1.2137
2026/09/03 00:24:37 - __main__ - INFO - 162 - trainer - [52/257] Loss: 1.2193
2026/09/03 00:24:44 - __main__ - INFO - 162 - trainer - [104/257] Loss: 1.2431
2026/09/03 00:24:51 - __main__ - INFO - 162 - trainer - [156/257] Loss: 1.2377
2026/09/03 00:24:58 - __main__ - INFO - 162 - trainer - [208/257] Loss: 1.2508
2026/09/03 00:25:04 - __main__ - INFO - 167 - trainer - Average loss in epoch 156: 1.2215
2026/09/03 00:25:04 - __main__ - INFO - 117 - trainer - Epoch: 157
2026/09/03 00:25:04 - __main__ - INFO - 162 - trainer - [0/257] Loss: 1.2085
2026/09/03 00:25:11 - __main__ - INFO - 162 - trainer - [52/257] Loss: 1.2309
2026/09/03 00:25:18 - __main__ - INFO - 162 - trainer - [104/257] Loss: 1.2139
2026/09/03 00:25:25 - __main__ - INFO - 162 - trainer - [156/257] Loss: 1.2163
2026/09/03 00:25:32 - __main__ - INFO - 162 - trainer - [208/257] Loss: 1.2118
2026/09/03 00:25:38 - __main__ - INFO - 167 - trainer - Average loss in epoch 157: 1.2218
2026/09/03 00:25:38 - __main__ - INFO - 117 - trainer - Epoch: 158
2026/09/03 00:25:38 - __main__ - INFO - 162 - trainer - [0/257] Loss: 1.1861
2026/09/03 00:25:45 - __main__ - INFO - 162 - trainer - [52/257] Loss: 1.1894
2026/09/03 00:25:52 - __main__ - INFO - 162 - trainer - [104/257] Loss: 1.2076
2026/09/03 00:25:59 - __main__ - INFO - 162 - trainer - [156/257] Loss: 1.2150
2026/09/03 00:26:06 - __main__ - INFO - 162 - trainer - [208/257] Loss: 1.1846
2026/09/03 00:26:12 - __main__ - INFO - 167 - trainer - Average loss in epoch 158: 1.2228
2026/09/03 00:26:12 - __main__ - INFO - 117 - trainer - Epoch: 159
2026/09/03 00:26:12 - __main__ - INFO - 162 - trainer - [0/257] Loss: 1.2091
2026/09/03 00:26:19 - __main__ - INFO - 162 - trainer - [52/257] Loss: 1.2285
2026/09/03 00:26:26 - __main__ - INFO - 162 - trainer - [104/257] Loss: 1.2394
2026/09/03 00:26:33 - __main__ - INFO - 162 - trainer - [156/257] Loss: 1.2357
2026/09/03 00:26:39 - __main__ - INFO - 162 - trainer - [208/257] Loss: 1.2444
2026/09/03 00:26:46 - __main__ - INFO - 167 - trainer - Average loss in epoch 159: 1.2216
2026/09/03 00:26:46 - __main__ - INFO - 117 - trainer - Epoch: 160
2026/09/03 00:26:46 - __main__ - INFO - 162 - trainer - [0/257] Loss: 1.2182
2026/09/03 00:26:53 - __main__ - INFO - 162 - trainer - [52/257] Loss: 1.2169
2026/09/03 00:27:00 - __main__ - INFO - 162 - trainer - [104/257] Loss: 1.1933
2026/09/03 00:27:07 - __main__ - INFO - 162 - trainer - [156/257] Loss: 1.2076
2026/09/03 00:27:13 - __main__ - INFO - 162 - trainer - [208/257] Loss: 1.2092
2026/09/03 00:27:20 - __main__ - INFO - 167 - trainer - Average loss in epoch 160: 1.2212
2026/09/03 00:27:20 - __main__ - INFO - 173 - trainer - start predicting: 2026-09-03 00:27:20.301558
2026/09/03 00:28:25 - __main__ - INFO - 117 - trainer - Epoch: 161
2026/09/03 00:28:26 - __main__ - INFO - 162 - trainer - [0/257] Loss: 1.1828
2026/09/03 00:28:33 - __main__ - INFO - 162 - trainer - [52/257] Loss: 1.2538
2026/09/03 00:28:41 - __main__ - INFO - 162 - trainer - [104/257] Loss: 1.2139
2026/09/03 00:28:48 - __main__ - INFO - 162 - trainer - [156/257] Loss: 1.2422
2026/09/03 00:28:55 - __main__ - INFO - 162 - trainer - [208/257] Loss: 1.2235
2026/09/03 00:29:02 - __main__ - INFO - 167 - trainer - Average loss in epoch 161: 1.2198
2026/09/03 00:29:02 - __main__ - INFO - 117 - trainer - Epoch: 162
2026/09/03 00:29:02 - __main__ - INFO - 162 - trainer - [0/257] Loss: 1.2228
2026/09/03 00:29:10 - __main__ - INFO - 162 - trainer - [52/257] Loss: 1.1929
2026/09/03 00:29:17 - __main__ - INFO - 162 - trainer - [104/257] Loss: 1.2003
2026/09/03 00:29:25 - __main__ - INFO - 162 - trainer - [156/257] Loss: 1.2123
2026/09/03 00:29:33 - __main__ - INFO - 162 - trainer - [208/257] Loss: 1.2757
2026/09/03 00:29:39 - __main__ - INFO - 167 - trainer - Average loss in epoch 162: 1.2198
2026/09/03 00:29:39 - __main__ - INFO - 117 - trainer - Epoch: 163
2026/09/03 00:29:40 - __main__ - INFO - 162 - trainer - [0/257] Loss: 1.2530
2026/09/03 00:29:47 - __main__ - INFO - 162 - trainer - [52/257] Loss: 1.2294
2026/09/03 00:29:54 - __main__ - INFO - 162 - trainer - [104/257] Loss: 1.2070
2026/09/03 00:30:02 - __main__ - INFO - 162 - trainer - [156/257] Loss: 1.2084
2026/09/03 00:30:09 - __main__ - INFO - 162 - trainer - [208/257] Loss: 1.2390
2026/09/03 00:30:16 - __main__ - INFO - 167 - trainer - Average loss in epoch 163: 1.2193
2026/09/03 00:30:16 - __main__ - INFO - 117 - trainer - Epoch: 164
2026/09/03 00:30:16 - __main__ - INFO - 162 - trainer - [0/257] Loss: 1.2370
2026/09/03 00:30:24 - __main__ - INFO - 162 - trainer - [52/257] Loss: 1.2353
2026/09/03 00:30:31 - __main__ - INFO - 162 - trainer - [104/257] Loss: 1.2323
2026/09/03 00:30:39 - __main__ - INFO - 162 - trainer - [156/257] Loss: 1.1830
2026/09/03 00:30:47 - __main__ - INFO - 162 - trainer - [208/257] Loss: 1.2255
2026/09/03 00:30:54 - __main__ - INFO - 167 - trainer - Average loss in epoch 164: 1.2191
2026/09/03 00:30:54 - __main__ - INFO - 117 - trainer - Epoch: 165
2026/09/03 00:30:54 - __main__ - INFO - 162 - trainer - [0/257] Loss: 1.2249
2026/09/03 00:31:01 - __main__ - INFO - 162 - trainer - [52/257] Loss: 1.2074
2026/09/03 00:31:09 - __main__ - INFO - 162 - trainer - [104/257] Loss: 1.1973
2026/09/03 00:31:16 - __main__ - INFO - 162 - trainer - [156/257] Loss: 1.1961
2026/09/03 00:31:23 - __main__ - INFO - 162 - trainer - [208/257] Loss: 1.2083
2026/09/03 00:31:30 - __main__ - INFO - 167 - trainer - Average loss in epoch 165: 1.2194
2026/09/03 00:31:30 - __main__ - INFO - 117 - trainer - Epoch: 166
2026/09/03 00:31:30 - __main__ - INFO - 162 - trainer - [0/257] Loss: 1.2165
2026/09/03 00:31:38 - __main__ - INFO - 162 - trainer - [52/257] Loss: 1.2126
2026/09/03 00:31:45 - __main__ - INFO - 162 - trainer - [104/257] Loss: 1.2408
2026/09/03 00:31:53 - __main__ - INFO - 162 - trainer - [156/257] Loss: 1.2176
2026/09/03 00:32:00 - __main__ - INFO - 162 - trainer - [208/257] Loss: 1.2528
2026/09/03 00:32:07 - __main__ - INFO - 167 - trainer - Average loss in epoch 166: 1.2182
2026/09/03 00:32:07 - __main__ - INFO - 117 - trainer - Epoch: 167
2026/09/03 00:32:07 - __main__ - INFO - 162 - trainer - [0/257] Loss: 1.1999
2026/09/03 00:32:15 - __main__ - INFO - 162 - trainer - [52/257] Loss: 1.2443
2026/09/03 00:32:22 - __main__ - INFO - 162 - trainer - [104/257] Loss: 1.2128
2026/09/03 00:32:30 - __main__ - INFO - 162 - trainer - [156/257] Loss: 1.1960
2026/09/03 00:32:37 - __main__ - INFO - 162 - trainer - [208/257] Loss: 1.2365
2026/09/03 00:32:44 - __main__ - INFO - 167 - trainer - Average loss in epoch 167: 1.2180
2026/09/03 00:32:44 - __main__ - INFO - 117 - trainer - Epoch: 168
2026/09/03 00:32:44 - __main__ - INFO - 162 - trainer - [0/257] Loss: 1.2246
2026/09/03 00:32:52 - __main__ - INFO - 162 - trainer - [52/257] Loss: 1.2233
2026/09/03 00:32:59 - __main__ - INFO - 162 - trainer - [104/257] Loss: 1.2180
2026/09/03 00:33:07 - __main__ - INFO - 162 - trainer - [156/257] Loss: 1.2095
2026/09/03 00:33:14 - __main__ - INFO - 162 - trainer - [208/257] Loss: 1.2369
2026/09/03 00:33:21 - __main__ - INFO - 167 - trainer - Average loss in epoch 168: 1.2188
2026/09/03 00:33:21 - __main__ - INFO - 117 - trainer - Epoch: 169
2026/09/03 00:33:21 - __main__ - INFO - 162 - trainer - [0/257] Loss: 1.2222
2026/09/03 00:33:29 - __main__ - INFO - 162 - trainer - [52/257] Loss: 1.2316
2026/09/03 00:33:36 - __main__ - INFO - 162 - trainer - [104/257] Loss: 1.2221
2026/09/03 00:33:43 - __main__ - INFO - 162 - trainer - [156/257] Loss: 1.2280
2026/09/03 00:33:51 - __main__ - INFO - 162 - trainer - [208/257] Loss: 1.2172
2026/09/03 00:33:58 - __main__ - INFO - 167 - trainer - Average loss in epoch 169: 1.2181
2026/09/03 00:33:58 - __main__ - INFO - 117 - trainer - Epoch: 170
2026/09/03 00:33:58 - __main__ - INFO - 162 - trainer - [0/257] Loss: 1.2442
2026/09/03 00:34:05 - __main__ - INFO - 162 - trainer - [52/257] Loss: 1.1896
2026/09/03 00:34:13 - __main__ - INFO - 162 - trainer - [104/257] Loss: 1.1910
2026/09/03 00:34:21 - __main__ - INFO - 162 - trainer - [156/257] Loss: 1.2504
2026/09/03 00:34:28 - __main__ - INFO - 162 - trainer - [208/257] Loss: 1.2442
2026/09/03 00:34:35 - __main__ - INFO - 167 - trainer - Average loss in epoch 170: 1.2173
2026/09/03 00:34:35 - __main__ - INFO - 117 - trainer - Epoch: 171
2026/09/03 00:34:35 - __main__ - INFO - 162 - trainer - [0/257] Loss: 1.2009
2026/09/03 00:34:43 - __main__ - INFO - 162 - trainer - [52/257] Loss: 1.1937
2026/09/03 00:34:50 - __main__ - INFO - 162 - trainer - [104/257] Loss: 1.1897
2026/09/03 00:34:58 - __main__ - INFO - 162 - trainer - [156/257] Loss: 1.2103
2026/09/03 00:35:05 - __main__ - INFO - 162 - trainer - [208/257] Loss: 1.1957
2026/09/03 00:35:12 - __main__ - INFO - 167 - trainer - Average loss in epoch 171: 1.2179
2026/09/03 00:35:12 - __main__ - INFO - 117 - trainer - Epoch: 172
2026/09/03 00:35:13 - __main__ - INFO - 162 - trainer - [0/257] Loss: 1.2066
2026/09/03 00:35:20 - __main__ - INFO - 162 - trainer - [52/257] Loss: 1.2333
2026/09/03 00:35:28 - __main__ - INFO - 162 - trainer - [104/257] Loss: 1.1819
2026/09/03 00:35:35 - __main__ - INFO - 162 - trainer - [156/257] Loss: 1.2525
2026/09/03 00:35:42 - __main__ - INFO - 162 - trainer - [208/257] Loss: 1.2120
2026/09/03 00:35:49 - __main__ - INFO - 167 - trainer - Average loss in epoch 172: 1.2173
2026/09/03 00:35:49 - __main__ - INFO - 117 - trainer - Epoch: 173
2026/09/03 00:35:50 - __main__ - INFO - 162 - trainer - [0/257] Loss: 1.2234
2026/09/03 00:35:57 - __main__ - INFO - 162 - trainer - [52/257] Loss: 1.1976
2026/09/03 00:36:04 - __main__ - INFO - 162 - trainer - [104/257] Loss: 1.2165
2026/09/03 00:36:12 - __main__ - INFO - 162 - trainer - [156/257] Loss: 1.2566
2026/09/03 00:36:19 - __main__ - INFO - 162 - trainer - [208/257] Loss: 1.2207
2026/09/03 00:36:26 - __main__ - INFO - 167 - trainer - Average loss in epoch 173: 1.2166
2026/09/03 00:36:26 - __main__ - INFO - 117 - trainer - Epoch: 174
2026/09/03 00:36:26 - __main__ - INFO - 162 - trainer - [0/257] Loss: 1.1856
2026/09/03 00:36:33 - __main__ - INFO - 162 - trainer - [52/257] Loss: 1.2140
2026/09/03 00:36:41 - __main__ - INFO - 162 - trainer - [104/257] Loss: 1.2380
2026/09/03 00:36:48 - __main__ - INFO - 162 - trainer - [156/257] Loss: 1.2429
2026/09/03 00:36:55 - __main__ - INFO - 162 - trainer - [208/257] Loss: 1.2484
2026/09/03 00:37:02 - __main__ - INFO - 167 - trainer - Average loss in epoch 174: 1.2164
2026/09/03 00:37:02 - __main__ - INFO - 117 - trainer - Epoch: 175
2026/09/03 00:37:03 - __main__ - INFO - 162 - trainer - [0/257] Loss: 1.2220
2026/09/03 00:37:10 - __main__ - INFO - 162 - trainer - [52/257] Loss: 1.2055
2026/09/03 00:37:17 - __main__ - INFO - 162 - trainer - [104/257] Loss: 1.2113
2026/09/03 00:37:25 - __main__ - INFO - 162 - trainer - [156/257] Loss: 1.2078
2026/09/03 00:37:32 - __main__ - INFO - 162 - trainer - [208/257] Loss: 1.2096
2026/09/03 00:37:39 - __main__ - INFO - 167 - trainer - Average loss in epoch 175: 1.2169
2026/09/03 00:37:39 - __main__ - INFO - 117 - trainer - Epoch: 176
2026/09/03 00:37:39 - __main__ - INFO - 162 - trainer - [0/257] Loss: 1.2102
2026/09/03 00:37:46 - __main__ - INFO - 162 - trainer - [52/257] Loss: 1.2527
2026/09/03 00:37:54 - __main__ - INFO - 162 - trainer - [104/257] Loss: 1.2091
2026/09/03 00:38:01 - __main__ - INFO - 162 - trainer - [156/257] Loss: 1.2270
2026/09/03 00:38:09 - __main__ - INFO - 162 - trainer - [208/257] Loss: 1.1987
2026/09/03 00:38:16 - __main__ - INFO - 167 - trainer - Average loss in epoch 176: 1.2145
2026/09/03 00:38:16 - __main__ - INFO - 117 - trainer - Epoch: 177
2026/09/03 00:38:16 - __main__ - INFO - 162 - trainer - [0/257] Loss: 1.1609
2026/09/03 00:38:23 - __main__ - INFO - 162 - trainer - [52/257] Loss: 1.1846
2026/09/03 00:38:31 - __main__ - INFO - 162 - trainer - [104/257] Loss: 1.2232
2026/09/03 00:38:38 - __main__ - INFO - 162 - trainer - [156/257] Loss: 1.2352
2026/09/03 00:38:46 - __main__ - INFO - 162 - trainer - [208/257] Loss: 1.2265
2026/09/03 00:38:53 - __main__ - INFO - 167 - trainer - Average loss in epoch 177: 1.2153
2026/09/03 00:38:53 - __main__ - INFO - 117 - trainer - Epoch: 178
2026/09/03 00:38:53 - __main__ - INFO - 162 - trainer - [0/257] Loss: 1.2602
2026/09/03 00:39:00 - __main__ - INFO - 162 - trainer - [52/257] Loss: 1.2250
2026/09/03 00:39:08 - __main__ - INFO - 162 - trainer - [104/257] Loss: 1.1783
2026/09/03 00:39:15 - __main__ - INFO - 162 - trainer - [156/257] Loss: 1.1802
2026/09/03 00:39:22 - __main__ - INFO - 162 - trainer - [208/257] Loss: 1.2386
2026/09/03 00:39:30 - __main__ - INFO - 167 - trainer - Average loss in epoch 178: 1.2149
2026/09/03 00:39:30 - __main__ - INFO - 117 - trainer - Epoch: 179
2026/09/03 00:39:30 - __main__ - INFO - 162 - trainer - [0/257] Loss: 1.2345
2026/09/03 00:39:37 - __main__ - INFO - 162 - trainer - [52/257] Loss: 1.1886
2026/09/03 00:39:44 - __main__ - INFO - 162 - trainer - [104/257] Loss: 1.1864
2026/09/03 00:39:52 - __main__ - INFO - 162 - trainer - [156/257] Loss: 1.2302
2026/09/03 00:39:59 - __main__ - INFO - 162 - trainer - [208/257] Loss: 1.2606
2026/09/03 00:40:06 - __main__ - INFO - 167 - trainer - Average loss in epoch 179: 1.2149
2026/09/03 00:40:06 - __main__ - INFO - 117 - trainer - Epoch: 180
2026/09/03 00:40:06 - __main__ - INFO - 162 - trainer - [0/257] Loss: 1.2186
2026/09/03 00:40:14 - __main__ - INFO - 162 - trainer - [52/257] Loss: 1.2315
2026/09/03 00:40:21 - __main__ - INFO - 162 - trainer - [104/257] Loss: 1.1577
2026/09/03 00:40:29 - __main__ - INFO - 162 - trainer - [156/257] Loss: 1.2166
2026/09/03 00:40:36 - __main__ - INFO - 162 - trainer - [208/257] Loss: 1.2293
2026/09/03 00:40:43 - __main__ - INFO - 167 - trainer - Average loss in epoch 180: 1.2144
2026/09/03 00:40:43 - __main__ - INFO - 173 - trainer - start predicting: 2026-09-03 00:40:43.450429
2026/09/03 00:41:50 - __main__ - INFO - 203 - trainer - {'Best_HR@5': np.float64(7.676), 'Best_HR@10': np.float64(10.76), 'Best_HR@20': np.float64(14.8293), 'Best_NDCG@5': np.float64(5.2707), 'Best_NDCG@10': np.float64(6.2631), 'Best_NDCG@20': np.float64(7.2816)}
2026/09/03 00:41:50 - __main__ - INFO - 204 - trainer - {'Best_epoch_HR@5': 120, 'Best_epoch_HR@10': 80, 'Best_epoch_HR@20': 180, 'Best_epoch_NDCG@5': 120, 'Best_epoch_NDCG@10': 100, 'Best_epoch_NDCG@20': 180}
2026/09/03 00:41:50 - __main__ - INFO - 117 - trainer - Epoch: 181
2026/09/03 00:41:50 - __main__ - INFO - 162 - trainer - [0/257] Loss: 1.2299
2026/09/03 00:41:58 - __main__ - INFO - 162 - trainer - [52/257] Loss: 1.2258
2026/09/03 00:42:05 - __main__ - INFO - 162 - trainer - [104/257] Loss: 1.2397
2026/09/03 00:42:13 - __main__ - INFO - 162 - trainer - [156/257] Loss: 1.2304
2026/09/03 00:42:21 - __main__ - INFO - 162 - trainer - [208/257] Loss: 1.2477
2026/09/03 00:42:28 - __main__ - INFO - 167 - trainer - Average loss in epoch 181: 1.2141
2026/09/03 00:42:28 - __main__ - INFO - 117 - trainer - Epoch: 182
2026/09/03 00:42:28 - __main__ - INFO - 162 - trainer - [0/257] Loss: 1.1992
2026/09/03 00:42:36 - __main__ - INFO - 162 - trainer - [52/257] Loss: 1.2079
2026/09/03 00:42:44 - __main__ - INFO - 162 - trainer - [104/257] Loss: 1.2024
2026/09/03 00:42:52 - __main__ - INFO - 162 - trainer - [156/257] Loss: 1.2231
2026/09/03 00:43:00 - __main__ - INFO - 162 - trainer - [208/257] Loss: 1.2159
2026/09/03 00:43:07 - __main__ - INFO - 167 - trainer - Average loss in epoch 182: 1.2143
2026/09/03 00:43:07 - __main__ - INFO - 117 - trainer - Epoch: 183
2026/09/03 00:43:07 - __main__ - INFO - 162 - trainer - [0/257] Loss: 1.2112
2026/09/03 00:43:15 - __main__ - INFO - 162 - trainer - [52/257] Loss: 1.2356
2026/09/03 00:43:23 - __main__ - INFO - 162 - trainer - [104/257] Loss: 1.2756
2026/09/03 00:43:31 - __main__ - INFO - 162 - trainer - [156/257] Loss: 1.2178
2026/09/03 00:43:39 - __main__ - INFO - 162 - trainer - [208/257] Loss: 1.2358
2026/09/03 00:43:46 - __main__ - INFO - 167 - trainer - Average loss in epoch 183: 1.2136
2026/09/03 00:43:46 - __main__ - INFO - 117 - trainer - Epoch: 184
2026/09/03 00:43:46 - __main__ - INFO - 162 - trainer - [0/257] Loss: 1.2157
2026/09/03 00:43:53 - __main__ - INFO - 162 - trainer - [52/257] Loss: 1.2029
2026/09/03 00:44:00 - __main__ - INFO - 162 - trainer - [104/257] Loss: 1.1965
2026/09/03 00:44:07 - __main__ - INFO - 162 - trainer - [156/257] Loss: 1.2061
2026/09/03 00:44:14 - __main__ - INFO - 162 - trainer - [208/257] Loss: 1.2300
2026/09/03 00:44:21 - __main__ - INFO - 167 - trainer - Average loss in epoch 184: 1.2126
2026/09/03 00:44:21 - __main__ - INFO - 117 - trainer - Epoch: 185
2026/09/03 00:44:21 - __main__ - INFO - 162 - trainer - [0/257] Loss: 1.2293
2026/09/03 00:44:29 - __main__ - INFO - 162 - trainer - [52/257] Loss: 1.2021
2026/09/03 00:44:37 - __main__ - INFO - 162 - trainer - [104/257] Loss: 1.1914
2026/09/03 00:44:45 - __main__ - INFO - 162 - trainer - [156/257] Loss: 1.2071
2026/09/03 00:44:53 - __main__ - INFO - 162 - trainer - [208/257] Loss: 1.1950
2026/09/03 00:45:00 - __main__ - INFO - 167 - trainer - Average loss in epoch 185: 1.2128
2026/09/03 00:45:00 - __main__ - INFO - 117 - trainer - Epoch: 186
2026/09/03 00:45:00 - __main__ - INFO - 162 - trainer - [0/257] Loss: 1.2039
2026/09/03 00:45:08 - __main__ - INFO - 162 - trainer - [52/257] Loss: 1.2454
2026/09/03 00:45:16 - __main__ - INFO - 162 - trainer - [104/257] Loss: 1.2272
2026/09/03 00:45:23 - __main__ - INFO - 162 - trainer - [156/257] Loss: 1.2134
2026/09/03 00:45:31 - __main__ - INFO - 162 - trainer - [208/257] Loss: 1.1841
2026/09/03 00:45:38 - __main__ - INFO - 167 - trainer - Average loss in epoch 186: 1.2128
2026/09/03 00:45:38 - __main__ - INFO - 117 - trainer - Epoch: 187
2026/09/03 00:45:39 - __main__ - INFO - 162 - trainer - [0/257] Loss: 1.1754
2026/09/03 00:45:46 - __main__ - INFO - 162 - trainer - [52/257] Loss: 1.1954
2026/09/03 00:45:53 - __main__ - INFO - 162 - trainer - [104/257] Loss: 1.2291
2026/09/03 00:46:00 - __main__ - INFO - 162 - trainer - [156/257] Loss: 1.2119
2026/09/03 00:46:07 - __main__ - INFO - 162 - trainer - [208/257] Loss: 1.2013
2026/09/03 00:46:14 - __main__ - INFO - 167 - trainer - Average loss in epoch 187: 1.2108
2026/09/03 00:46:14 - __main__ - INFO - 117 - trainer - Epoch: 188
2026/09/03 00:46:14 - __main__ - INFO - 162 - trainer - [0/257] Loss: 1.2280
2026/09/03 00:46:21 - __main__ - INFO - 162 - trainer - [52/257] Loss: 1.1728
2026/09/03 00:46:28 - __main__ - INFO - 162 - trainer - [104/257] Loss: 1.2117
2026/09/03 00:46:35 - __main__ - INFO - 162 - trainer - [156/257] Loss: 1.1888
2026/09/03 00:46:42 - __main__ - INFO - 162 - trainer - [208/257] Loss: 1.1882
2026/09/03 00:46:49 - __main__ - INFO - 167 - trainer - Average loss in epoch 188: 1.2111
2026/09/03 00:46:49 - __main__ - INFO - 117 - trainer - Epoch: 189
2026/09/03 00:46:49 - __main__ - INFO - 162 - trainer - [0/257] Loss: 1.1807
2026/09/03 00:46:56 - __main__ - INFO - 162 - trainer - [52/257] Loss: 1.2454
2026/09/03 00:47:04 - __main__ - INFO - 162 - trainer - [104/257] Loss: 1.2040
2026/09/03 00:47:12 - __main__ - INFO - 162 - trainer - [156/257] Loss: 1.1923
2026/09/03 00:47:19 - __main__ - INFO - 162 - trainer - [208/257] Loss: 1.2084
2026/09/03 00:47:26 - __main__ - INFO - 167 - trainer - Average loss in epoch 189: 1.2104
2026/09/03 00:47:26 - __main__ - INFO - 117 - trainer - Epoch: 190
2026/09/03 00:47:26 - __main__ - INFO - 162 - trainer - [0/257] Loss: 1.1924
2026/09/03 00:47:33 - __main__ - INFO - 162 - trainer - [52/257] Loss: 1.2124
2026/09/03 00:47:40 - __main__ - INFO - 162 - trainer - [104/257] Loss: 1.1943
2026/09/03 00:47:48 - __main__ - INFO - 162 - trainer - [156/257] Loss: 1.1965
2026/09/03 00:47:55 - __main__ - INFO - 162 - trainer - [208/257] Loss: 1.2211
2026/09/03 00:48:01 - __main__ - INFO - 167 - trainer - Average loss in epoch 190: 1.2120
2026/09/03 00:48:01 - __main__ - INFO - 117 - trainer - Epoch: 191
2026/09/03 00:48:02 - __main__ - INFO - 162 - trainer - [0/257] Loss: 1.2072
2026/09/03 00:48:09 - __main__ - INFO - 162 - trainer - [52/257] Loss: 1.1909
2026/09/03 00:48:17 - __main__ - INFO - 162 - trainer - [104/257] Loss: 1.2031
2026/09/03 00:48:24 - __main__ - INFO - 162 - trainer - [156/257] Loss: 1.2412
2026/09/03 00:48:32 - __main__ - INFO - 162 - trainer - [208/257] Loss: 1.2223
2026/09/03 00:48:39 - __main__ - INFO - 167 - trainer - Average loss in epoch 191: 1.2101
2026/09/03 00:48:39 - __main__ - INFO - 117 - trainer - Epoch: 192
2026/09/03 00:48:39 - __main__ - INFO - 162 - trainer - [0/257] Loss: 1.2115
2026/09/03 00:48:46 - __main__ - INFO - 162 - trainer - [52/257] Loss: 1.1823
2026/09/03 00:48:54 - __main__ - INFO - 162 - trainer - [104/257] Loss: 1.2087
2026/09/03 00:49:01 - __main__ - INFO - 162 - trainer - [156/257] Loss: 1.1956
2026/09/03 00:49:09 - __main__ - INFO - 162 - trainer - [208/257] Loss: 1.2246
2026/09/03 00:49:16 - __main__ - INFO - 167 - trainer - Average loss in epoch 192: 1.2100
2026/09/03 00:49:16 - __main__ - INFO - 117 - trainer - Epoch: 193
2026/09/03 00:49:16 - __main__ - INFO - 162 - trainer - [0/257] Loss: 1.2080
2026/09/03 00:49:23 - __main__ - INFO - 162 - trainer - [52/257] Loss: 1.2305
2026/09/03 00:49:30 - __main__ - INFO - 162 - trainer - [104/257] Loss: 1.1679
2026/09/03 00:49:37 - __main__ - INFO - 162 - trainer - [156/257] Loss: 1.2527
2026/09/03 00:49:44 - __main__ - INFO - 162 - trainer - [208/257] Loss: 1.2074
2026/09/03 00:49:51 - __main__ - INFO - 167 - trainer - Average loss in epoch 193: 1.2099
2026/09/03 00:49:51 - __main__ - INFO - 117 - trainer - Epoch: 194
2026/09/03 00:49:51 - __main__ - INFO - 162 - trainer - [0/257] Loss: 1.2193
2026/09/03 00:49:58 - __main__ - INFO - 162 - trainer - [52/257] Loss: 1.2034
2026/09/03 00:50:06 - __main__ - INFO - 162 - trainer - [104/257] Loss: 1.2293
2026/09/03 00:50:13 - __main__ - INFO - 162 - trainer - [156/257] Loss: 1.2008
2026/09/03 00:50:21 - __main__ - INFO - 162 - trainer - [208/257] Loss: 1.2458
2026/09/03 00:50:28 - __main__ - INFO - 167 - trainer - Average loss in epoch 194: 1.2096
2026/09/03 00:50:28 - __main__ - INFO - 117 - trainer - Epoch: 195
2026/09/03 00:50:28 - __main__ - INFO - 162 - trainer - [0/257] Loss: 1.1762
2026/09/03 00:50:36 - __main__ - INFO - 162 - trainer - [52/257] Loss: 1.2184
2026/09/03 00:50:43 - __main__ - INFO - 162 - trainer - [104/257] Loss: 1.2033
2026/09/03 00:50:51 - __main__ - INFO - 162 - trainer - [156/257] Loss: 1.1887
2026/09/03 00:50:59 - __main__ - INFO - 162 - trainer - [208/257] Loss: 1.2068
2026/09/03 00:51:06 - __main__ - INFO - 167 - trainer - Average loss in epoch 195: 1.2084
2026/09/03 00:51:06 - __main__ - INFO - 117 - trainer - Epoch: 196
2026/09/03 00:51:06 - __main__ - INFO - 162 - trainer - [0/257] Loss: 1.1798
2026/09/03 00:51:13 - __main__ - INFO - 162 - trainer - [52/257] Loss: 1.1798
2026/09/03 00:51:21 - __main__ - INFO - 162 - trainer - [104/257] Loss: 1.1964
2026/09/03 00:51:29 - __main__ - INFO - 162 - trainer - [156/257] Loss: 1.2213
2026/09/03 00:51:36 - __main__ - INFO - 162 - trainer - [208/257] Loss: 1.2598
2026/09/03 00:51:43 - __main__ - INFO - 167 - trainer - Average loss in epoch 196: 1.2091
2026/09/03 00:51:43 - __main__ - INFO - 117 - trainer - Epoch: 197
2026/09/03 00:51:43 - __main__ - INFO - 162 - trainer - [0/257] Loss: 1.2007
2026/09/03 00:51:51 - __main__ - INFO - 162 - trainer - [52/257] Loss: 1.2407
2026/09/03 00:51:59 - __main__ - INFO - 162 - trainer - [104/257] Loss: 1.2661
2026/09/03 00:52:06 - __main__ - INFO - 162 - trainer - [156/257] Loss: 1.1786
2026/09/03 00:52:14 - __main__ - INFO - 162 - trainer - [208/257] Loss: 1.1954
2026/09/03 00:52:20 - __main__ - INFO - 167 - trainer - Average loss in epoch 197: 1.2093
2026/09/03 00:52:20 - __main__ - INFO - 117 - trainer - Epoch: 198
2026/09/03 00:52:21 - __main__ - INFO - 162 - trainer - [0/257] Loss: 1.2205
2026/09/03 00:52:28 - __main__ - INFO - 162 - trainer - [52/257] Loss: 1.2223
2026/09/03 00:52:36 - __main__ - INFO - 162 - trainer - [104/257] Loss: 1.1907
2026/09/03 00:52:43 - __main__ - INFO - 162 - trainer - [156/257] Loss: 1.2177
2026/09/03 00:52:51 - __main__ - INFO - 162 - trainer - [208/257] Loss: 1.2057
2026/09/03 00:52:58 - __main__ - INFO - 167 - trainer - Average loss in epoch 198: 1.2083
2026/09/03 00:52:58 - __main__ - INFO - 117 - trainer - Epoch: 199
2026/09/03 00:52:58 - __main__ - INFO - 162 - trainer - [0/257] Loss: 1.1988
2026/09/03 00:53:05 - __main__ - INFO - 162 - trainer - [52/257] Loss: 1.2216
2026/09/03 00:53:12 - __main__ - INFO - 162 - trainer - [104/257] Loss: 1.2131
2026/09/03 00:53:19 - __main__ - INFO - 162 - trainer - [156/257] Loss: 1.2114
2026/09/03 00:53:26 - __main__ - INFO - 162 - trainer - [208/257] Loss: 1.2087
2026/09/03 00:53:33 - __main__ - INFO - 167 - trainer - Average loss in epoch 199: 1.2075
2026/09/03 00:53:33 - __main__ - INFO - 117 - trainer - Epoch: 200
2026/09/03 00:53:33 - __main__ - INFO - 162 - trainer - [0/257] Loss: 1.1859
2026/09/03 00:53:40 - __main__ - INFO - 162 - trainer - [52/257] Loss: 1.2009
2026/09/03 00:53:47 - __main__ - INFO - 162 - trainer - [104/257] Loss: 1.1850
2026/09/03 00:53:54 - __main__ - INFO - 162 - trainer - [156/257] Loss: 1.2027
2026/09/03 00:54:01 - __main__ - INFO - 162 - trainer - [208/257] Loss: 1.2005
2026/09/03 00:54:08 - __main__ - INFO - 167 - trainer - Average loss in epoch 200: 1.2055
2026/09/03 00:54:08 - __main__ - INFO - 173 - trainer - start predicting: 2026-09-03 00:54:08.219330
2026/09/03 00:55:17 - __main__ - INFO - 117 - trainer - Epoch: 201
2026/09/03 00:55:17 - __main__ - INFO - 162 - trainer - [0/257] Loss: 1.1854
2026/09/03 00:55:25 - __main__ - INFO - 162 - trainer - [52/257] Loss: 1.2006
2026/09/03 00:55:33 - __main__ - INFO - 162 - trainer - [104/257] Loss: 1.1951
2026/09/03 00:55:40 - __main__ - INFO - 162 - trainer - [156/257] Loss: 1.2367
2026/09/03 00:55:48 - __main__ - INFO - 162 - trainer - [208/257] Loss: 1.2196
2026/09/03 00:55:55 - __main__ - INFO - 167 - trainer - Average loss in epoch 201: 1.2050
2026/09/03 00:55:55 - __main__ - INFO - 117 - trainer - Epoch: 202
2026/09/03 00:55:56 - __main__ - INFO - 162 - trainer - [0/257] Loss: 1.2277
2026/09/03 00:56:03 - __main__ - INFO - 162 - trainer - [52/257] Loss: 1.2419
2026/09/03 00:56:11 - __main__ - INFO - 162 - trainer - [104/257] Loss: 1.2051
2026/09/03 00:56:19 - __main__ - INFO - 162 - trainer - [156/257] Loss: 1.2331
2026/09/03 00:56:27 - __main__ - INFO - 162 - trainer - [208/257] Loss: 1.2129
2026/09/03 00:56:34 - __main__ - INFO - 167 - trainer - Average loss in epoch 202: 1.2050
2026/09/03 00:56:34 - __main__ - INFO - 117 - trainer - Epoch: 203
2026/09/03 00:56:34 - __main__ - INFO - 162 - trainer - [0/257] Loss: 1.2298
2026/09/03 00:56:42 - __main__ - INFO - 162 - trainer - [52/257] Loss: 1.2001
2026/09/03 00:56:50 - __main__ - INFO - 162 - trainer - [104/257] Loss: 1.1896
2026/09/03 00:56:58 - __main__ - INFO - 162 - trainer - [156/257] Loss: 1.2220
2026/09/03 00:57:05 - __main__ - INFO - 162 - trainer - [208/257] Loss: 1.2055
2026/09/03 00:57:12 - __main__ - INFO - 167 - trainer - Average loss in epoch 203: 1.2049
2026/09/03 00:57:12 - __main__ - INFO - 117 - trainer - Epoch: 204
2026/09/03 00:57:12 - __main__ - INFO - 162 - trainer - [0/257] Loss: 1.1770
2026/09/03 00:57:20 - __main__ - INFO - 162 - trainer - [52/257] Loss: 1.2104
2026/09/03 00:57:28 - __main__ - INFO - 162 - trainer - [104/257] Loss: 1.1754
2026/09/03 00:57:35 - __main__ - INFO - 162 - trainer - [156/257] Loss: 1.2000
2026/09/03 00:57:43 - __main__ - INFO - 162 - trainer - [208/257] Loss: 1.2116
2026/09/03 00:57:50 - __main__ - INFO - 167 - trainer - Average loss in epoch 204: 1.2041
2026/09/03 00:57:50 - __main__ - INFO - 117 - trainer - Epoch: 205
2026/09/03 00:57:50 - __main__ - INFO - 162 - trainer - [0/257] Loss: 1.1807
2026/09/03 00:57:58 - __main__ - INFO - 162 - trainer - [52/257] Loss: 1.2041
2026/09/03 00:58:06 - __main__ - INFO - 162 - trainer - [104/257] Loss: 1.2230
2026/09/03 00:58:13 - __main__ - INFO - 162 - trainer - [156/257] Loss: 1.2542
2026/09/03 00:58:21 - __main__ - INFO - 162 - trainer - [208/257] Loss: 1.2000
2026/09/03 00:58:28 - __main__ - INFO - 167 - trainer - Average loss in epoch 205: 1.2053
2026/09/03 00:58:28 - __main__ - INFO - 117 - trainer - Epoch: 206
2026/09/03 00:58:28 - __main__ - INFO - 162 - trainer - [0/257] Loss: 1.2074
2026/09/03 00:58:36 - __main__ - INFO - 162 - trainer - [52/257] Loss: 1.2328
2026/09/03 00:58:43 - __main__ - INFO - 162 - trainer - [104/257] Loss: 1.1931
2026/09/03 00:58:51 - __main__ - INFO - 162 - trainer - [156/257] Loss: 1.1729
2026/09/03 00:58:59 - __main__ - INFO - 162 - trainer - [208/257] Loss: 1.1841
2026/09/03 00:59:06 - __main__ - INFO - 167 - trainer - Average loss in epoch 206: 1.2061
2026/09/03 00:59:06 - __main__ - INFO - 117 - trainer - Epoch: 207
2026/09/03 00:59:06 - __main__ - INFO - 162 - trainer - [0/257] Loss: 1.1725
2026/09/03 00:59:13 - __main__ - INFO - 162 - trainer - [52/257] Loss: 1.2052
2026/09/03 00:59:21 - __main__ - INFO - 162 - trainer - [104/257] Loss: 1.2226
2026/09/03 00:59:29 - __main__ - INFO - 162 - trainer - [156/257] Loss: 1.1984
2026/09/03 00:59:36 - __main__ - INFO - 162 - trainer - [208/257] Loss: 1.2084
2026/09/03 00:59:43 - __main__ - INFO - 167 - trainer - Average loss in epoch 207: 1.2056
2026/09/03 00:59:43 - __main__ - INFO - 117 - trainer - Epoch: 208
2026/09/03 00:59:43 - __main__ - INFO - 162 - trainer - [0/257] Loss: 1.1992
2026/09/03 00:59:51 - __main__ - INFO - 162 - trainer - [52/257] Loss: 1.2169
2026/09/03 00:59:58 - __main__ - INFO - 162 - trainer - [104/257] Loss: 1.1980
2026/09/03 01:00:06 - __main__ - INFO - 162 - trainer - [156/257] Loss: 1.2246
2026/09/03 01:00:14 - __main__ - INFO - 162 - trainer - [208/257] Loss: 1.2436
2026/09/03 01:00:21 - __main__ - INFO - 167 - trainer - Average loss in epoch 208: 1.2048
2026/09/03 01:00:21 - __main__ - INFO - 117 - trainer - Epoch: 209
2026/09/03 01:00:21 - __main__ - INFO - 162 - trainer - [0/257] Loss: 1.1578
2026/09/03 01:00:29 - __main__ - INFO - 162 - trainer - [52/257] Loss: 1.2358
2026/09/03 01:00:37 - __main__ - INFO - 162 - trainer - [104/257] Loss: 1.1991
2026/09/03 01:00:44 - __main__ - INFO - 162 - trainer - [156/257] Loss: 1.1836
2026/09/03 01:00:52 - __main__ - INFO - 162 - trainer - [208/257] Loss: 1.2281
2026/09/03 01:00:59 - __main__ - INFO - 167 - trainer - Average loss in epoch 209: 1.2051
2026/09/03 01:00:59 - __main__ - INFO - 117 - trainer - Epoch: 210
2026/09/03 01:00:59 - __main__ - INFO - 162 - trainer - [0/257] Loss: 1.1991
2026/09/03 01:01:07 - __main__ - INFO - 162 - trainer - [52/257] Loss: 1.1869
2026/09/03 01:01:15 - __main__ - INFO - 162 - trainer - [104/257] Loss: 1.2057
2026/09/03 01:01:22 - __main__ - INFO - 162 - trainer - [156/257] Loss: 1.2081
2026/09/03 01:01:30 - __main__ - INFO - 162 - trainer - [208/257] Loss: 1.2072
2026/09/03 01:01:37 - __main__ - INFO - 167 - trainer - Average loss in epoch 210: 1.2050
2026/09/03 01:01:37 - __main__ - INFO - 117 - trainer - Epoch: 211
2026/09/03 01:01:37 - __main__ - INFO - 162 - trainer - [0/257] Loss: 1.2345
2026/09/03 01:01:45 - __main__ - INFO - 162 - trainer - [52/257] Loss: 1.2152
2026/09/03 01:01:53 - __main__ - INFO - 162 - trainer - [104/257] Loss: 1.1984
2026/09/03 01:02:01 - __main__ - INFO - 162 - trainer - [156/257] Loss: 1.1695
2026/09/03 01:02:08 - __main__ - INFO - 162 - trainer - [208/257] Loss: 1.1698
2026/09/03 01:02:15 - __main__ - INFO - 167 - trainer - Average loss in epoch 211: 1.2063
2026/09/03 01:02:15 - __main__ - INFO - 117 - trainer - Epoch: 212
2026/09/03 01:02:15 - __main__ - INFO - 162 - trainer - [0/257] Loss: 1.2079
2026/09/03 01:02:23 - __main__ - INFO - 162 - trainer - [52/257] Loss: 1.2021
2026/09/03 01:02:31 - __main__ - INFO - 162 - trainer - [104/257] Loss: 1.2019
2026/09/03 01:02:38 - __main__ - INFO - 162 - trainer - [156/257] Loss: 1.2227
2026/09/03 01:02:46 - __main__ - INFO - 162 - trainer - [208/257] Loss: 1.2269
2026/09/03 01:02:53 - __main__ - INFO - 167 - trainer - Average loss in epoch 212: 1.2058
2026/09/03 01:02:53 - __main__ - INFO - 117 - trainer - Epoch: 213
2026/09/03 01:02:53 - __main__ - INFO - 162 - trainer - [0/257] Loss: 1.2338
2026/09/03 01:03:01 - __main__ - INFO - 162 - trainer - [52/257] Loss: 1.2227
2026/09/03 01:03:08 - __main__ - INFO - 162 - trainer - [104/257] Loss: 1.2107
2026/09/03 01:03:16 - __main__ - INFO - 162 - trainer - [156/257] Loss: 1.1964
2026/09/03 01:03:24 - __main__ - INFO - 162 - trainer - [208/257] Loss: 1.1803
2026/09/03 01:03:31 - __main__ - INFO - 167 - trainer - Average loss in epoch 213: 1.2052
2026/09/03 01:03:31 - __main__ - INFO - 117 - trainer - Epoch: 214
2026/09/03 01:03:31 - __main__ - INFO - 162 - trainer - [0/257] Loss: 1.2088
2026/09/03 01:03:39 - __main__ - INFO - 162 - trainer - [52/257] Loss: 1.2339
2026/09/03 01:03:46 - __main__ - INFO - 162 - trainer - [104/257] Loss: 1.2212
2026/09/03 01:03:54 - __main__ - INFO - 162 - trainer - [156/257] Loss: 1.2048
2026/09/03 01:04:02 - __main__ - INFO - 162 - trainer - [208/257] Loss: 1.2356
2026/09/03 01:04:09 - __main__ - INFO - 167 - trainer - Average loss in epoch 214: 1.2037
2026/09/03 01:04:09 - __main__ - INFO - 117 - trainer - Epoch: 215
2026/09/03 01:04:09 - __main__ - INFO - 162 - trainer - [0/257] Loss: 1.1850
2026/09/03 01:04:17 - __main__ - INFO - 162 - trainer - [52/257] Loss: 1.1741
2026/09/03 01:04:24 - __main__ - INFO - 162 - trainer - [104/257] Loss: 1.2023
2026/09/03 01:04:32 - __main__ - INFO - 162 - trainer - [156/257] Loss: 1.2094
2026/09/03 01:04:40 - __main__ - INFO - 162 - trainer - [208/257] Loss: 1.2229
2026/09/03 01:04:47 - __main__ - INFO - 167 - trainer - Average loss in epoch 215: 1.2052
2026/09/03 01:04:47 - __main__ - INFO - 117 - trainer - Epoch: 216
2026/09/03 01:04:47 - __main__ - INFO - 162 - trainer - [0/257] Loss: 1.1812
2026/09/03 01:04:55 - __main__ - INFO - 162 - trainer - [52/257] Loss: 1.2219
2026/09/03 01:05:02 - __main__ - INFO - 162 - trainer - [104/257] Loss: 1.2126
2026/09/03 01:05:10 - __main__ - INFO - 162 - trainer - [156/257] Loss: 1.2172
2026/09/03 01:05:18 - __main__ - INFO - 162 - trainer - [208/257] Loss: 1.1536
2026/09/03 01:05:24 - __main__ - INFO - 167 - trainer - Average loss in epoch 216: 1.2041
2026/09/03 01:05:24 - __main__ - INFO - 117 - trainer - Epoch: 217
2026/09/03 01:05:25 - __main__ - INFO - 162 - trainer - [0/257] Loss: 1.2041
2026/09/03 01:05:32 - __main__ - INFO - 162 - trainer - [52/257] Loss: 1.2126
2026/09/03 01:05:40 - __main__ - INFO - 162 - trainer - [104/257] Loss: 1.2029
2026/09/03 01:05:48 - __main__ - INFO - 162 - trainer - [156/257] Loss: 1.2129
2026/09/03 01:05:55 - __main__ - INFO - 162 - trainer - [208/257] Loss: 1.1772
2026/09/03 01:06:02 - __main__ - INFO - 167 - trainer - Average loss in epoch 217: 1.2049
2026/09/03 01:06:02 - __main__ - INFO - 117 - trainer - Epoch: 218
2026/09/03 01:06:03 - __main__ - INFO - 162 - trainer - [0/257] Loss: 1.1999
2026/09/03 01:06:10 - __main__ - INFO - 162 - trainer - [52/257] Loss: 1.1930
2026/09/03 01:06:18 - __main__ - INFO - 162 - trainer - [104/257] Loss: 1.2287
2026/09/03 01:06:25 - __main__ - INFO - 162 - trainer - [156/257] Loss: 1.2058
2026/09/03 01:06:33 - __main__ - INFO - 162 - trainer - [208/257] Loss: 1.1659
2026/09/03 01:06:40 - __main__ - INFO - 167 - trainer - Average loss in epoch 218: 1.2036
2026/09/03 01:06:40 - __main__ - INFO - 117 - trainer - Epoch: 219
2026/09/03 01:06:40 - __main__ - INFO - 162 - trainer - [0/257] Loss: 1.2157
2026/09/03 01:06:48 - __main__ - INFO - 162 - trainer - [52/257] Loss: 1.2304
2026/09/03 01:06:56 - __main__ - INFO - 162 - trainer - [104/257] Loss: 1.1616
2026/09/03 01:07:04 - __main__ - INFO - 162 - trainer - [156/257] Loss: 1.2282
2026/09/03 01:07:11 - __main__ - INFO - 162 - trainer - [208/257] Loss: 1.1797
2026/09/03 01:07:18 - __main__ - INFO - 167 - trainer - Average loss in epoch 219: 1.2046
2026/09/03 01:07:18 - __main__ - INFO - 117 - trainer - Epoch: 220
2026/09/03 01:07:18 - __main__ - INFO - 162 - trainer - [0/257] Loss: 1.1976
2026/09/03 01:07:26 - __main__ - INFO - 162 - trainer - [52/257] Loss: 1.2294
2026/09/03 01:07:34 - __main__ - INFO - 162 - trainer - [104/257] Loss: 1.1895
2026/09/03 01:07:42 - __main__ - INFO - 162 - trainer - [156/257] Loss: 1.1713
2026/09/03 01:07:49 - __main__ - INFO - 162 - trainer - [208/257] Loss: 1.2382
2026/09/03 01:07:56 - __main__ - INFO - 167 - trainer - Average loss in epoch 220: 1.2053
2026/09/03 01:07:56 - __main__ - INFO - 173 - trainer - start predicting: 2026-09-03 01:07:56.481323
2026/09/03 01:09:03 - __main__ - INFO - 117 - trainer - Epoch: 221
2026/09/03 01:09:03 - __main__ - INFO - 162 - trainer - [0/257] Loss: 1.2283
2026/09/03 01:09:11 - __main__ - INFO - 162 - trainer - [52/257] Loss: 1.2180
2026/09/03 01:09:18 - __main__ - INFO - 162 - trainer - [104/257] Loss: 1.1958
2026/09/03 01:09:26 - __main__ - INFO - 162 - trainer - [156/257] Loss: 1.1969
2026/09/03 01:09:33 - __main__ - INFO - 162 - trainer - [208/257] Loss: 1.1699
2026/09/03 01:09:39 - __main__ - INFO - 167 - trainer - Average loss in epoch 221: 1.2053
2026/09/03 01:09:39 - __main__ - INFO - 117 - trainer - Epoch: 222
2026/09/03 01:09:40 - __main__ - INFO - 162 - trainer - [0/257] Loss: 1.2317
2026/09/03 01:09:47 - __main__ - INFO - 162 - trainer - [52/257] Loss: 1.1802
2026/09/03 01:09:55 - __main__ - INFO - 162 - trainer - [104/257] Loss: 1.1939
2026/09/03 01:10:03 - __main__ - INFO - 162 - trainer - [156/257] Loss: 1.2020
2026/09/03 01:10:11 - __main__ - INFO - 162 - trainer - [208/257] Loss: 1.2184
2026/09/03 01:10:18 - __main__ - INFO - 167 - trainer - Average loss in epoch 222: 1.2060
2026/09/03 01:10:18 - __main__ - INFO - 117 - trainer - Epoch: 223
2026/09/03 01:10:18 - __main__ - INFO - 162 - trainer - [0/257] Loss: 1.1949
2026/09/03 01:10:26 - __main__ - INFO - 162 - trainer - [52/257] Loss: 1.2028
2026/09/03 01:10:33 - __main__ - INFO - 162 - trainer - [104/257] Loss: 1.1835
2026/09/03 01:10:41 - __main__ - INFO - 162 - trainer - [156/257] Loss: 1.2052
2026/09/03 01:10:49 - __main__ - INFO - 162 - trainer - [208/257] Loss: 1.1672
2026/09/03 01:10:55 - __main__ - INFO - 167 - trainer - Average loss in epoch 223: 1.2050
2026/09/03 01:10:55 - __main__ - INFO - 117 - trainer - Epoch: 224
2026/09/03 01:10:56 - __main__ - INFO - 162 - trainer - [0/257] Loss: 1.2150
2026/09/03 01:11:03 - __main__ - INFO - 162 - trainer - [52/257] Loss: 1.1825
2026/09/03 01:11:11 - __main__ - INFO - 162 - trainer - [104/257] Loss: 1.1854
2026/09/03 01:11:18 - __main__ - INFO - 162 - trainer - [156/257] Loss: 1.2020
2026/09/03 01:11:26 - __main__ - INFO - 162 - trainer - [208/257] Loss: 1.2146
2026/09/03 01:11:33 - __main__ - INFO - 167 - trainer - Average loss in epoch 224: 1.2039
2026/09/03 01:11:33 - __main__ - INFO - 117 - trainer - Epoch: 225
2026/09/03 01:11:33 - __main__ - INFO - 162 - trainer - [0/257] Loss: 1.2485
2026/09/03 01:11:41 - __main__ - INFO - 162 - trainer - [52/257] Loss: 1.2225
2026/09/03 01:11:48 - __main__ - INFO - 162 - trainer - [104/257] Loss: 1.2619
2026/09/03 01:11:56 - __main__ - INFO - 162 - trainer - [156/257] Loss: 1.2278
2026/09/03 01:12:04 - __main__ - INFO - 162 - trainer - [208/257] Loss: 1.1966
2026/09/03 01:12:11 - __main__ - INFO - 167 - trainer - Average loss in epoch 225: 1.2043
2026/09/03 01:12:11 - __main__ - INFO - 117 - trainer - Epoch: 226
2026/09/03 01:12:11 - __main__ - INFO - 162 - trainer - [0/257] Loss: 1.2126
2026/09/03 01:12:18 - __main__ - INFO - 162 - trainer - [52/257] Loss: 1.1686
2026/09/03 01:12:26 - __main__ - INFO - 162 - trainer - [104/257] Loss: 1.1861
2026/09/03 01:12:33 - __main__ - INFO - 162 - trainer - [156/257] Loss: 1.2395
2026/09/03 01:12:41 - __main__ - INFO - 162 - trainer - [208/257] Loss: 1.1895
2026/09/03 01:12:48 - __main__ - INFO - 167 - trainer - Average loss in epoch 226: 1.2052
2026/09/03 01:12:48 - __main__ - INFO - 117 - trainer - Epoch: 227
2026/09/03 01:12:48 - __main__ - INFO - 162 - trainer - [0/257] Loss: 1.2035
2026/09/03 01:12:56 - __main__ - INFO - 162 - trainer - [52/257] Loss: 1.2112
2026/09/03 01:13:04 - __main__ - INFO - 162 - trainer - [104/257] Loss: 1.2293
2026/09/03 01:13:11 - __main__ - INFO - 162 - trainer - [156/257] Loss: 1.2183
2026/09/03 01:13:19 - __main__ - INFO - 162 - trainer - [208/257] Loss: 1.2134
2026/09/03 01:13:26 - __main__ - INFO - 167 - trainer - Average loss in epoch 227: 1.2052
2026/09/03 01:13:26 - __main__ - INFO - 117 - trainer - Epoch: 228
2026/09/03 01:13:26 - __main__ - INFO - 162 - trainer - [0/257] Loss: 1.2016
2026/09/03 01:13:34 - __main__ - INFO - 162 - trainer - [52/257] Loss: 1.2314
2026/09/03 01:13:42 - __main__ - INFO - 162 - trainer - [104/257] Loss: 1.1696
2026/09/03 01:13:50 - __main__ - INFO - 162 - trainer - [156/257] Loss: 1.1823
2026/09/03 01:13:57 - __main__ - INFO - 162 - trainer - [208/257] Loss: 1.1978
2026/09/03 01:14:04 - __main__ - INFO - 167 - trainer - Average loss in epoch 228: 1.2048
2026/09/03 01:14:04 - __main__ - INFO - 117 - trainer - Epoch: 229
2026/09/03 01:14:04 - __main__ - INFO - 162 - trainer - [0/257] Loss: 1.2250
2026/09/03 01:14:12 - __main__ - INFO - 162 - trainer - [52/257] Loss: 1.2044
2026/09/03 01:14:20 - __main__ - INFO - 162 - trainer - [104/257] Loss: 1.2145
2026/09/03 01:14:28 - __main__ - INFO - 162 - trainer - [156/257] Loss: 1.2095
2026/09/03 01:14:35 - __main__ - INFO - 162 - trainer - [208/257] Loss: 1.2211
2026/09/03 01:14:42 - __main__ - INFO - 167 - trainer - Average loss in epoch 229: 1.2050
2026/09/03 01:14:42 - __main__ - INFO - 117 - trainer - Epoch: 230
2026/09/03 01:14:42 - __main__ - INFO - 162 - trainer - [0/257] Loss: 1.2032
2026/09/03 01:14:50 - __main__ - INFO - 162 - trainer - [52/257] Loss: 1.2231
2026/09/03 01:14:58 - __main__ - INFO - 162 - trainer - [104/257] Loss: 1.1840
2026/09/03 01:15:05 - __main__ - INFO - 162 - trainer - [156/257] Loss: 1.2303
2026/09/03 01:15:13 - __main__ - INFO - 162 - trainer - [208/257] Loss: 1.2035
2026/09/03 01:15:20 - __main__ - INFO - 167 - trainer - Average loss in epoch 230: 1.2042
2026/09/03 01:15:20 - __main__ - INFO - 117 - trainer - Epoch: 231
2026/09/03 01:15:20 - __main__ - INFO - 162 - trainer - [0/257] Loss: 1.2493
2026/09/03 01:15:28 - __main__ - INFO - 162 - trainer - [52/257] Loss: 1.1724
2026/09/03 01:15:36 - __main__ - INFO - 162 - trainer - [104/257] Loss: 1.2323
2026/09/03 01:15:43 - __main__ - INFO - 162 - trainer - [156/257] Loss: 1.2200
2026/09/03 01:15:51 - __main__ - INFO - 162 - trainer - [208/257] Loss: 1.1690
2026/09/03 01:15:58 - __main__ - INFO - 167 - trainer - Average loss in epoch 231: 1.2041
2026/09/03 01:15:58 - __main__ - INFO - 117 - trainer - Epoch: 232
2026/09/03 01:15:58 - __main__ - INFO - 162 - trainer - [0/257] Loss: 1.2347
2026/09/03 01:16:06 - __main__ - INFO - 162 - trainer - [52/257] Loss: 1.2287
2026/09/03 01:16:14 - __main__ - INFO - 162 - trainer - [104/257] Loss: 1.2203
2026/09/03 01:16:21 - __main__ - INFO - 162 - trainer - [156/257] Loss: 1.2059
2026/09/03 01:16:29 - __main__ - INFO - 162 - trainer - [208/257] Loss: 1.2316
2026/09/03 01:16:36 - __main__ - INFO - 167 - trainer - Average loss in epoch 232: 1.2043
2026/09/03 01:16:36 - __main__ - INFO - 117 - trainer - Epoch: 233
2026/09/03 01:16:36 - __main__ - INFO - 162 - trainer - [0/257] Loss: 1.2076
2026/09/03 01:16:44 - __main__ - INFO - 162 - trainer - [52/257] Loss: 1.1873
2026/09/03 01:16:51 - __main__ - INFO - 162 - trainer - [104/257] Loss: 1.2000
2026/09/03 01:16:59 - __main__ - INFO - 162 - trainer - [156/257] Loss: 1.2349
2026/09/03 01:17:07 - __main__ - INFO - 162 - trainer - [208/257] Loss: 1.1920
2026/09/03 01:17:14 - __main__ - INFO - 167 - trainer - Average loss in epoch 233: 1.2048
2026/09/03 01:17:14 - __main__ - INFO - 117 - trainer - Epoch: 234
2026/09/03 01:17:14 - __main__ - INFO - 162 - trainer - [0/257] Loss: 1.1686
2026/09/03 01:17:21 - __main__ - INFO - 162 - trainer - [52/257] Loss: 1.1904
2026/09/03 01:17:29 - __main__ - INFO - 162 - trainer - [104/257] Loss: 1.1899
2026/09/03 01:17:37 - __main__ - INFO - 162 - trainer - [156/257] Loss: 1.2300
2026/09/03 01:17:45 - __main__ - INFO - 162 - trainer - [208/257] Loss: 1.2104
2026/09/03 01:17:52 - __main__ - INFO - 167 - trainer - Average loss in epoch 234: 1.2037
2026/09/03 01:17:52 - __main__ - INFO - 117 - trainer - Epoch: 235
2026/09/03 01:17:52 - __main__ - INFO - 162 - trainer - [0/257] Loss: 1.1899
2026/09/03 01:18:00 - __main__ - INFO - 162 - trainer - [52/257] Loss: 1.2288
2026/09/03 01:18:07 - __main__ - INFO - 162 - trainer - [104/257] Loss: 1.1981
2026/09/03 01:18:15 - __main__ - INFO - 162 - trainer - [156/257] Loss: 1.1861
2026/09/03 01:18:23 - __main__ - INFO - 162 - trainer - [208/257] Loss: 1.1986
2026/09/03 01:18:30 - __main__ - INFO - 167 - trainer - Average loss in epoch 235: 1.2044
2026/09/03 01:18:30 - __main__ - INFO - 117 - trainer - Epoch: 236
2026/09/03 01:18:30 - __main__ - INFO - 162 - trainer - [0/257] Loss: 1.2389
2026/09/03 01:18:38 - __main__ - INFO - 162 - trainer - [52/257] Loss: 1.1448
2026/09/03 01:18:45 - __main__ - INFO - 162 - trainer - [104/257] Loss: 1.2022
2026/09/03 01:18:53 - __main__ - INFO - 162 - trainer - [156/257] Loss: 1.1655
2026/09/03 01:19:01 - __main__ - INFO - 162 - trainer - [208/257] Loss: 1.1959
2026/09/03 01:19:08 - __main__ - INFO - 167 - trainer - Average loss in epoch 236: 1.2047
2026/09/03 01:19:08 - __main__ - INFO - 117 - trainer - Epoch: 237
2026/09/03 01:19:08 - __main__ - INFO - 162 - trainer - [0/257] Loss: 1.1713
2026/09/03 01:19:16 - __main__ - INFO - 162 - trainer - [52/257] Loss: 1.1877
2026/09/03 01:19:23 - __main__ - INFO - 162 - trainer - [104/257] Loss: 1.1877
2026/09/03 01:19:31 - __main__ - INFO - 162 - trainer - [156/257] Loss: 1.2106
2026/09/03 01:19:39 - __main__ - INFO - 162 - trainer - [208/257] Loss: 1.1742
2026/09/03 01:19:46 - __main__ - INFO - 167 - trainer - Average loss in epoch 237: 1.2044
2026/09/03 01:19:46 - __main__ - INFO - 117 - trainer - Epoch: 238
2026/09/03 01:19:46 - __main__ - INFO - 162 - trainer - [0/257] Loss: 1.2005
2026/09/03 01:19:53 - __main__ - INFO - 162 - trainer - [52/257] Loss: 1.2457
2026/09/03 01:20:01 - __main__ - INFO - 162 - trainer - [104/257] Loss: 1.1752
2026/09/03 01:20:08 - __main__ - INFO - 162 - trainer - [156/257] Loss: 1.2029
2026/09/03 01:20:16 - __main__ - INFO - 162 - trainer - [208/257] Loss: 1.2185
2026/09/03 01:20:23 - __main__ - INFO - 167 - trainer - Average loss in epoch 238: 1.2050
2026/09/03 01:20:23 - __main__ - INFO - 117 - trainer - Epoch: 239
2026/09/03 01:20:23 - __main__ - INFO - 162 - trainer - [0/257] Loss: 1.2106
2026/09/03 01:20:30 - __main__ - INFO - 162 - trainer - [52/257] Loss: 1.2021
2026/09/03 01:20:38 - __main__ - INFO - 162 - trainer - [104/257] Loss: 1.1454
2026/09/03 01:20:46 - __main__ - INFO - 162 - trainer - [156/257] Loss: 1.2431
2026/09/03 01:20:53 - __main__ - INFO - 162 - trainer - [208/257] Loss: 1.2186
2026/09/03 01:21:00 - __main__ - INFO - 167 - trainer - Average loss in epoch 239: 1.2043
2026/09/03 01:21:00 - __main__ - INFO - 117 - trainer - Epoch: 240
2026/09/03 01:21:00 - __main__ - INFO - 162 - trainer - [0/257] Loss: 1.2024
2026/09/03 01:21:08 - __main__ - INFO - 162 - trainer - [52/257] Loss: 1.2196
2026/09/03 01:21:15 - __main__ - INFO - 162 - trainer - [104/257] Loss: 1.1798
2026/09/03 01:21:23 - __main__ - INFO - 162 - trainer - [156/257] Loss: 1.1747
2026/09/03 01:21:30 - __main__ - INFO - 162 - trainer - [208/257] Loss: 1.2044
2026/09/03 01:21:37 - __main__ - INFO - 167 - trainer - Average loss in epoch 240: 1.2043
2026/09/03 01:21:37 - __main__ - INFO - 173 - trainer - start predicting: 2026-09-03 01:21:37.787139
2026/09/03 01:22:44 - __main__ - INFO - 117 - trainer - Epoch: 241
2026/09/03 01:22:44 - __main__ - INFO - 162 - trainer - [0/257] Loss: 1.2088
2026/09/03 01:22:52 - __main__ - INFO - 162 - trainer - [52/257] Loss: 1.2277
2026/09/03 01:22:59 - __main__ - INFO - 162 - trainer - [104/257] Loss: 1.2002
2026/09/03 01:23:07 - __main__ - INFO - 162 - trainer - [156/257] Loss: 1.1905
2026/09/03 01:23:15 - __main__ - INFO - 162 - trainer - [208/257] Loss: 1.2110
2026/09/03 01:23:22 - __main__ - INFO - 167 - trainer - Average loss in epoch 241: 1.2041
2026/09/03 01:23:22 - __main__ - INFO - 117 - trainer - Epoch: 242
2026/09/03 01:23:22 - __main__ - INFO - 162 - trainer - [0/257] Loss: 1.1962
2026/09/03 01:23:29 - __main__ - INFO - 162 - trainer - [52/257] Loss: 1.2023
2026/09/03 01:23:37 - __main__ - INFO - 162 - trainer - [104/257] Loss: 1.2094
2026/09/03 01:23:44 - __main__ - INFO - 162 - trainer - [156/257] Loss: 1.1918
2026/09/03 01:23:52 - __main__ - INFO - 162 - trainer - [208/257] Loss: 1.2059
2026/09/03 01:23:59 - __main__ - INFO - 167 - trainer - Average loss in epoch 242: 1.2027
2026/09/03 01:23:59 - __main__ - INFO - 117 - trainer - Epoch: 243
2026/09/03 01:23:59 - __main__ - INFO - 162 - trainer - [0/257] Loss: 1.2145
2026/09/03 01:24:07 - __main__ - INFO - 162 - trainer - [52/257] Loss: 1.1996
2026/09/03 01:24:14 - __main__ - INFO - 162 - trainer - [104/257] Loss: 1.1823
2026/09/03 01:24:22 - __main__ - INFO - 162 - trainer - [156/257] Loss: 1.1742
2026/09/03 01:24:30 - __main__ - INFO - 162 - trainer - [208/257] Loss: 1.2041
2026/09/03 01:24:37 - __main__ - INFO - 167 - trainer - Average loss in epoch 243: 1.2027
2026/09/03 01:24:37 - __main__ - INFO - 117 - trainer - Epoch: 244
2026/09/03 01:24:37 - __main__ - INFO - 162 - trainer - [0/257] Loss: 1.2248
2026/09/03 01:24:44 - __main__ - INFO - 162 - trainer - [52/257] Loss: 1.2125
2026/09/03 01:24:52 - __main__ - INFO - 162 - trainer - [104/257] Loss: 1.1839
2026/09/03 01:24:59 - __main__ - INFO - 162 - trainer - [156/257] Loss: 1.2076
2026/09/03 01:25:07 - __main__ - INFO - 162 - trainer - [208/257] Loss: 1.1775
2026/09/03 01:25:14 - __main__ - INFO - 167 - trainer - Average loss in epoch 244: 1.2040
2026/09/03 01:25:14 - __main__ - INFO - 117 - trainer - Epoch: 245
2026/09/03 01:25:14 - __main__ - INFO - 162 - trainer - [0/257] Loss: 1.2071
2026/09/03 01:25:21 - __main__ - INFO - 162 - trainer - [52/257] Loss: 1.2154
2026/09/03 01:25:29 - __main__ - INFO - 162 - trainer - [104/257] Loss: 1.1930
2026/09/03 01:25:37 - __main__ - INFO - 162 - trainer - [156/257] Loss: 1.1572
2026/09/03 01:25:44 - __main__ - INFO - 162 - trainer - [208/257] Loss: 1.2228
2026/09/03 01:25:51 - __main__ - INFO - 167 - trainer - Average loss in epoch 245: 1.2035
2026/09/03 01:25:51 - __main__ - INFO - 117 - trainer - Epoch: 246
2026/09/03 01:25:51 - __main__ - INFO - 162 - trainer - [0/257] Loss: 1.1774
2026/09/03 01:25:59 - __main__ - INFO - 162 - trainer - [52/257] Loss: 1.2148
2026/09/03 01:26:06 - __main__ - INFO - 162 - trainer - [104/257] Loss: 1.1988
2026/09/03 01:26:14 - __main__ - INFO - 162 - trainer - [156/257] Loss: 1.1979
2026/09/03 01:26:22 - __main__ - INFO - 162 - trainer - [208/257] Loss: 1.2143
2026/09/03 01:26:28 - __main__ - INFO - 167 - trainer - Average loss in epoch 246: 1.2033
2026/09/03 01:26:28 - __main__ - INFO - 117 - trainer - Epoch: 247
2026/09/03 01:26:29 - __main__ - INFO - 162 - trainer - [0/257] Loss: 1.1972
2026/09/03 01:26:36 - __main__ - INFO - 162 - trainer - [52/257] Loss: 1.2010
2026/09/03 01:26:44 - __main__ - INFO - 162 - trainer - [104/257] Loss: 1.2156
2026/09/03 01:26:51 - __main__ - INFO - 162 - trainer - [156/257] Loss: 1.2138
2026/09/03 01:26:59 - __main__ - INFO - 162 - trainer - [208/257] Loss: 1.2149
2026/09/03 01:27:06 - __main__ - INFO - 167 - trainer - Average loss in epoch 247: 1.2031
2026/09/03 01:27:06 - __main__ - INFO - 117 - trainer - Epoch: 248
2026/09/03 01:27:06 - __main__ - INFO - 162 - trainer - [0/257] Loss: 1.2025
2026/09/03 01:27:14 - __main__ - INFO - 162 - trainer - [52/257] Loss: 1.2154
2026/09/03 01:27:21 - __main__ - INFO - 162 - trainer - [104/257] Loss: 1.1934
2026/09/03 01:27:29 - __main__ - INFO - 162 - trainer - [156/257] Loss: 1.2160
2026/09/03 01:27:36 - __main__ - INFO - 162 - trainer - [208/257] Loss: 1.2030
2026/09/03 01:27:43 - __main__ - INFO - 167 - trainer - Average loss in epoch 248: 1.2043
2026/09/03 01:27:43 - __main__ - INFO - 117 - trainer - Epoch: 249
2026/09/03 01:27:43 - __main__ - INFO - 162 - trainer - [0/257] Loss: 1.1932
2026/09/03 01:27:51 - __main__ - INFO - 162 - trainer - [52/257] Loss: 1.2478
2026/09/03 01:27:58 - __main__ - INFO - 162 - trainer - [104/257] Loss: 1.2151
2026/09/03 01:28:06 - __main__ - INFO - 162 - trainer - [156/257] Loss: 1.2071
2026/09/03 01:28:14 - __main__ - INFO - 162 - trainer - [208/257] Loss: 1.1876
2026/09/03 01:28:21 - __main__ - INFO - 167 - trainer - Average loss in epoch 249: 1.2032
2026/09/03 01:28:21 - __main__ - INFO - 117 - trainer - Epoch: 250
2026/09/03 01:28:21 - __main__ - INFO - 162 - trainer - [0/257] Loss: 1.2036
2026/09/03 01:28:28 - __main__ - INFO - 162 - trainer - [52/257] Loss: 1.2530
2026/09/03 01:28:36 - __main__ - INFO - 162 - trainer - [104/257] Loss: 1.2043
2026/09/03 01:28:43 - __main__ - INFO - 162 - trainer - [156/257] Loss: 1.2107
2026/09/03 01:28:51 - __main__ - INFO - 162 - trainer - [208/257] Loss: 1.2362
2026/09/03 01:28:58 - __main__ - INFO - 167 - trainer - Average loss in epoch 250: 1.2028
2026/09/03 01:28:58 - __main__ - INFO - 117 - trainer - Epoch: 251
2026/09/03 01:28:58 - __main__ - INFO - 162 - trainer - [0/257] Loss: 1.2209
2026/09/03 01:29:05 - __main__ - INFO - 162 - trainer - [52/257] Loss: 1.1990
2026/09/03 01:29:13 - __main__ - INFO - 162 - trainer - [104/257] Loss: 1.1842
2026/09/03 01:29:20 - __main__ - INFO - 162 - trainer - [156/257] Loss: 1.1909
2026/09/03 01:29:28 - __main__ - INFO - 162 - trainer - [208/257] Loss: 1.1878
2026/09/03 01:29:35 - __main__ - INFO - 167 - trainer - Average loss in epoch 251: 1.2040
2026/09/03 01:29:35 - __main__ - INFO - 117 - trainer - Epoch: 252
2026/09/03 01:29:35 - __main__ - INFO - 162 - trainer - [0/257] Loss: 1.2147
2026/09/03 01:29:42 - __main__ - INFO - 162 - trainer - [52/257] Loss: 1.2165
2026/09/03 01:29:50 - __main__ - INFO - 162 - trainer - [104/257] Loss: 1.2205
2026/09/03 01:29:58 - __main__ - INFO - 162 - trainer - [156/257] Loss: 1.2117
2026/09/03 01:30:05 - __main__ - INFO - 162 - trainer - [208/257] Loss: 1.1974
2026/09/03 01:30:12 - __main__ - INFO - 167 - trainer - Average loss in epoch 252: 1.2040
2026/09/03 01:30:12 - __main__ - INFO - 117 - trainer - Epoch: 253
2026/09/03 01:30:12 - __main__ - INFO - 162 - trainer - [0/257] Loss: 1.2244
2026/09/03 01:30:20 - __main__ - INFO - 162 - trainer - [52/257] Loss: 1.2213
2026/09/03 01:30:27 - __main__ - INFO - 162 - trainer - [104/257] Loss: 1.1770
2026/09/03 01:30:34 - __main__ - INFO - 162 - trainer - [156/257] Loss: 1.1767
2026/09/03 01:30:42 - __main__ - INFO - 162 - trainer - [208/257] Loss: 1.2035
2026/09/03 01:30:49 - __main__ - INFO - 167 - trainer - Average loss in epoch 253: 1.2045
2026/09/03 01:30:49 - __main__ - INFO - 117 - trainer - Epoch: 254
2026/09/03 01:30:49 - __main__ - INFO - 162 - trainer - [0/257] Loss: 1.2010
2026/09/03 01:30:56 - __main__ - INFO - 162 - trainer - [52/257] Loss: 1.2335
2026/09/03 01:31:04 - __main__ - INFO - 162 - trainer - [104/257] Loss: 1.2222
2026/09/03 01:31:11 - __main__ - INFO - 162 - trainer - [156/257] Loss: 1.1824
2026/09/03 01:31:19 - __main__ - INFO - 162 - trainer - [208/257] Loss: 1.1987
2026/09/03 01:31:26 - __main__ - INFO - 167 - trainer - Average loss in epoch 254: 1.2029
2026/09/03 01:31:26 - __main__ - INFO - 117 - trainer - Epoch: 255
2026/09/03 01:31:26 - __main__ - INFO - 162 - trainer - [0/257] Loss: 1.2059
2026/09/03 01:31:34 - __main__ - INFO - 162 - trainer - [52/257] Loss: 1.2040
2026/09/03 01:31:41 - __main__ - INFO - 162 - trainer - [104/257] Loss: 1.2105
2026/09/03 01:31:48 - __main__ - INFO - 162 - trainer - [156/257] Loss: 1.2061
2026/09/03 01:31:56 - __main__ - INFO - 162 - trainer - [208/257] Loss: 1.1923
2026/09/03 01:32:03 - __main__ - INFO - 167 - trainer - Average loss in epoch 255: 1.2040
2026/09/03 01:32:03 - __main__ - INFO - 117 - trainer - Epoch: 256
2026/09/03 01:32:03 - __main__ - INFO - 162 - trainer - [0/257] Loss: 1.1920
2026/09/03 01:32:10 - __main__ - INFO - 162 - trainer - [52/257] Loss: 1.1818
2026/09/03 01:32:18 - __main__ - INFO - 162 - trainer - [104/257] Loss: 1.1894
2026/09/03 01:32:25 - __main__ - INFO - 162 - trainer - [156/257] Loss: 1.1810
2026/09/03 01:32:33 - __main__ - INFO - 162 - trainer - [208/257] Loss: 1.2110
2026/09/03 01:32:40 - __main__ - INFO - 167 - trainer - Average loss in epoch 256: 1.2030
2026/09/03 01:32:40 - __main__ - INFO - 117 - trainer - Epoch: 257
2026/09/03 01:32:40 - __main__ - INFO - 162 - trainer - [0/257] Loss: 1.2246
2026/09/03 01:32:47 - __main__ - INFO - 162 - trainer - [52/257] Loss: 1.2095
2026/09/03 01:32:55 - __main__ - INFO - 162 - trainer - [104/257] Loss: 1.1839
2026/09/03 01:33:02 - __main__ - INFO - 162 - trainer - [156/257] Loss: 1.2320
2026/09/03 01:33:09 - __main__ - INFO - 162 - trainer - [208/257] Loss: 1.1941
2026/09/03 01:33:16 - __main__ - INFO - 167 - trainer - Average loss in epoch 257: 1.2034
2026/09/03 01:33:16 - __main__ - INFO - 117 - trainer - Epoch: 258
2026/09/03 01:33:17 - __main__ - INFO - 162 - trainer - [0/257] Loss: 1.2304
2026/09/03 01:33:24 - __main__ - INFO - 162 - trainer - [52/257] Loss: 1.2229
2026/09/03 01:33:31 - __main__ - INFO - 162 - trainer - [104/257] Loss: 1.2229
2026/09/03 01:33:39 - __main__ - INFO - 162 - trainer - [156/257] Loss: 1.2441
2026/09/03 01:33:46 - __main__ - INFO - 162 - trainer - [208/257] Loss: 1.2116
2026/09/03 01:33:53 - __main__ - INFO - 167 - trainer - Average loss in epoch 258: 1.2031
2026/09/03 01:33:53 - __main__ - INFO - 117 - trainer - Epoch: 259
2026/09/03 01:33:53 - __main__ - INFO - 162 - trainer - [0/257] Loss: 1.2050
2026/09/03 01:34:01 - __main__ - INFO - 162 - trainer - [52/257] Loss: 1.1973
2026/09/03 01:34:08 - __main__ - INFO - 162 - trainer - [104/257] Loss: 1.2004
2026/09/03 01:34:15 - __main__ - INFO - 162 - trainer - [156/257] Loss: 1.2099
2026/09/03 01:34:23 - __main__ - INFO - 162 - trainer - [208/257] Loss: 1.1937
2026/09/03 01:34:30 - __main__ - INFO - 167 - trainer - Average loss in epoch 259: 1.2029
2026/09/03 01:34:30 - __main__ - INFO - 117 - trainer - Epoch: 260
2026/09/03 01:34:30 - __main__ - INFO - 162 - trainer - [0/257] Loss: 1.2025
2026/09/03 01:34:38 - __main__ - INFO - 162 - trainer - [52/257] Loss: 1.1692
2026/09/03 01:34:45 - __main__ - INFO - 162 - trainer - [104/257] Loss: 1.2057
2026/09/03 01:34:53 - __main__ - INFO - 162 - trainer - [156/257] Loss: 1.2128
2026/09/03 01:35:00 - __main__ - INFO - 162 - trainer - [208/257] Loss: 1.2120
2026/09/03 01:35:07 - __main__ - INFO - 167 - trainer - Average loss in epoch 260: 1.2028
2026/09/03 01:35:07 - __main__ - INFO - 173 - trainer - start predicting: 2026-09-03 01:35:07.253240
2026/09/03 01:36:20 - __main__ - INFO - 117 - trainer - Epoch: 261
2026/09/03 01:36:20 - __main__ - INFO - 162 - trainer - [0/257] Loss: 1.2313
2026/09/03 01:36:27 - __main__ - INFO - 162 - trainer - [52/257] Loss: 1.1836
2026/09/03 01:36:35 - __main__ - INFO - 162 - trainer - [104/257] Loss: 1.2015
2026/09/03 01:36:43 - __main__ - INFO - 162 - trainer - [156/257] Loss: 1.2139
2026/09/03 01:36:51 - __main__ - INFO - 162 - trainer - [208/257] Loss: 1.1852
2026/09/03 01:36:58 - __main__ - INFO - 167 - trainer - Average loss in epoch 261: 1.2026
2026/09/03 01:36:58 - __main__ - INFO - 117 - trainer - Epoch: 262
2026/09/03 01:36:58 - __main__ - INFO - 162 - trainer - [0/257] Loss: 1.2207
2026/09/03 01:37:05 - __main__ - INFO - 162 - trainer - [52/257] Loss: 1.2086
2026/09/03 01:37:13 - __main__ - INFO - 162 - trainer - [104/257] Loss: 1.2071
2026/09/03 01:37:21 - __main__ - INFO - 162 - trainer - [156/257] Loss: 1.1664
2026/09/03 01:37:28 - __main__ - INFO - 162 - trainer - [208/257] Loss: 1.2166
2026/09/03 01:37:36 - __main__ - INFO - 167 - trainer - Average loss in epoch 262: 1.2033
2026/09/03 01:37:36 - __main__ - INFO - 117 - trainer - Epoch: 263
2026/09/03 01:37:36 - __main__ - INFO - 162 - trainer - [0/257] Loss: 1.2234
2026/09/03 01:37:44 - __main__ - INFO - 162 - trainer - [52/257] Loss: 1.1971
2026/09/03 01:37:51 - __main__ - INFO - 162 - trainer - [104/257] Loss: 1.2241
2026/09/03 01:37:59 - __main__ - INFO - 162 - trainer - [156/257] Loss: 1.1573
2026/09/03 01:38:07 - __main__ - INFO - 162 - trainer - [208/257] Loss: 1.2020
2026/09/03 01:38:14 - __main__ - INFO - 167 - trainer - Average loss in epoch 263: 1.2029
2026/09/03 01:38:14 - __main__ - INFO - 117 - trainer - Epoch: 264
2026/09/03 01:38:14 - __main__ - INFO - 162 - trainer - [0/257] Loss: 1.2052
2026/09/03 01:38:22 - __main__ - INFO - 162 - trainer - [52/257] Loss: 1.1843
2026/09/03 01:38:30 - __main__ - INFO - 162 - trainer - [104/257] Loss: 1.1926
2026/09/03 01:38:37 - __main__ - INFO - 162 - trainer - [156/257] Loss: 1.2048
2026/09/03 01:38:44 - __main__ - INFO - 162 - trainer - [208/257] Loss: 1.2085
2026/09/03 01:38:51 - __main__ - INFO - 167 - trainer - Average loss in epoch 264: 1.2029
2026/09/03 01:38:51 - __main__ - INFO - 117 - trainer - Epoch: 265
2026/09/03 01:38:52 - __main__ - INFO - 162 - trainer - [0/257] Loss: 1.2095
2026/09/03 01:38:59 - __main__ - INFO - 162 - trainer - [52/257] Loss: 1.2216
2026/09/03 01:39:07 - __main__ - INFO - 162 - trainer - [104/257] Loss: 1.2138
2026/09/03 01:39:15 - __main__ - INFO - 162 - trainer - [156/257] Loss: 1.2294
2026/09/03 01:39:22 - __main__ - INFO - 162 - trainer - [208/257] Loss: 1.1836
2026/09/03 01:39:29 - __main__ - INFO - 167 - trainer - Average loss in epoch 265: 1.2019
2026/09/03 01:39:29 - __main__ - INFO - 117 - trainer - Epoch: 266
2026/09/03 01:39:30 - __main__ - INFO - 162 - trainer - [0/257] Loss: 1.2167
2026/09/03 01:39:37 - __main__ - INFO - 162 - trainer - [52/257] Loss: 1.1725
2026/09/03 01:39:45 - __main__ - INFO - 162 - trainer - [104/257] Loss: 1.1654
2026/09/03 01:39:52 - __main__ - INFO - 162 - trainer - [156/257] Loss: 1.2199
2026/09/03 01:40:00 - __main__ - INFO - 162 - trainer - [208/257] Loss: 1.1984
2026/09/03 01:40:07 - __main__ - INFO - 167 - trainer - Average loss in epoch 266: 1.2035
2026/09/03 01:40:07 - __main__ - INFO - 117 - trainer - Epoch: 267
2026/09/03 01:40:07 - __main__ - INFO - 162 - trainer - [0/257] Loss: 1.1931
2026/09/03 01:40:15 - __main__ - INFO - 162 - trainer - [52/257] Loss: 1.2284
2026/09/03 01:40:22 - __main__ - INFO - 162 - trainer - [104/257] Loss: 1.2509
2026/09/03 01:40:30 - __main__ - INFO - 162 - trainer - [156/257] Loss: 1.2034
2026/09/03 01:40:38 - __main__ - INFO - 162 - trainer - [208/257] Loss: 1.1840
2026/09/03 01:40:45 - __main__ - INFO - 167 - trainer - Average loss in epoch 267: 1.2034
2026/09/03 01:40:45 - __main__ - INFO - 117 - trainer - Epoch: 268
2026/09/03 01:40:45 - __main__ - INFO - 162 - trainer - [0/257] Loss: 1.1796
2026/09/03 01:40:52 - __main__ - INFO - 162 - trainer - [52/257] Loss: 1.2032
2026/09/03 01:40:59 - __main__ - INFO - 162 - trainer - [104/257] Loss: 1.2263
2026/09/03 01:41:07 - __main__ - INFO - 162 - trainer - [156/257] Loss: 1.1883
2026/09/03 01:41:15 - __main__ - INFO - 162 - trainer - [208/257] Loss: 1.1816
2026/09/03 01:41:22 - __main__ - INFO - 167 - trainer - Average loss in epoch 268: 1.2015
2026/09/03 01:41:22 - __main__ - INFO - 117 - trainer - Epoch: 269
2026/09/03 01:41:22 - __main__ - INFO - 162 - trainer - [0/257] Loss: 1.1676
2026/09/03 01:41:30 - __main__ - INFO - 162 - trainer - [52/257] Loss: 1.2162
2026/09/03 01:41:37 - __main__ - INFO - 162 - trainer - [104/257] Loss: 1.1877
2026/09/03 01:41:45 - __main__ - INFO - 162 - trainer - [156/257] Loss: 1.2309
2026/09/03 01:41:53 - __main__ - INFO - 162 - trainer - [208/257] Loss: 1.1921
2026/09/03 01:42:00 - __main__ - INFO - 167 - trainer - Average loss in epoch 269: 1.2035
2026/09/03 01:42:00 - __main__ - INFO - 117 - trainer - Epoch: 270
2026/09/03 01:42:00 - __main__ - INFO - 162 - trainer - [0/257] Loss: 1.2048
2026/09/03 01:42:07 - __main__ - INFO - 162 - trainer - [52/257] Loss: 1.1699
2026/09/03 01:42:15 - __main__ - INFO - 162 - trainer - [104/257] Loss: 1.2090
2026/09/03 01:42:23 - __main__ - INFO - 162 - trainer - [156/257] Loss: 1.2025
2026/09/03 01:42:30 - __main__ - INFO - 162 - trainer - [208/257] Loss: 1.1922
2026/09/03 01:42:37 - __main__ - INFO - 167 - trainer - Average loss in epoch 270: 1.2036
2026/09/03 01:42:37 - __main__ - INFO - 117 - trainer - Epoch: 271
2026/09/03 01:42:37 - __main__ - INFO - 162 - trainer - [0/257] Loss: 1.2147
2026/09/03 01:42:45 - __main__ - INFO - 162 - trainer - [52/257] Loss: 1.2165
2026/09/03 01:42:53 - __main__ - INFO - 162 - trainer - [104/257] Loss: 1.1779
2026/09/03 01:43:00 - __main__ - INFO - 162 - trainer - [156/257] Loss: 1.2196
2026/09/03 01:43:08 - __main__ - INFO - 162 - trainer - [208/257] Loss: 1.1857
2026/09/03 01:43:15 - __main__ - INFO - 167 - trainer - Average loss in epoch 271: 1.2032
2026/09/03 01:43:15 - __main__ - INFO - 117 - trainer - Epoch: 272
2026/09/03 01:43:15 - __main__ - INFO - 162 - trainer - [0/257] Loss: 1.2060
2026/09/03 01:43:22 - __main__ - INFO - 162 - trainer - [52/257] Loss: 1.2216
2026/09/03 01:43:30 - __main__ - INFO - 162 - trainer - [104/257] Loss: 1.1996
2026/09/03 01:43:38 - __main__ - INFO - 162 - trainer - [156/257] Loss: 1.2011
2026/09/03 01:43:46 - __main__ - INFO - 162 - trainer - [208/257] Loss: 1.2115
2026/09/03 01:43:53 - __main__ - INFO - 167 - trainer - Average loss in epoch 272: 1.2038
2026/09/03 01:43:53 - __main__ - INFO - 117 - trainer - Epoch: 273
2026/09/03 01:43:53 - __main__ - INFO - 162 - trainer - [0/257] Loss: 1.2157
2026/09/03 01:44:00 - __main__ - INFO - 162 - trainer - [52/257] Loss: 1.2046
2026/09/03 01:44:08 - __main__ - INFO - 162 - trainer - [104/257] Loss: 1.2046
2026/09/03 01:44:16 - __main__ - INFO - 162 - trainer - [156/257] Loss: 1.1941
2026/09/03 01:44:23 - __main__ - INFO - 162 - trainer - [208/257] Loss: 1.1960
2026/09/03 01:44:30 - __main__ - INFO - 167 - trainer - Average loss in epoch 273: 1.2026
2026/09/03 01:44:30 - __main__ - INFO - 117 - trainer - Epoch: 274
2026/09/03 01:44:30 - __main__ - INFO - 162 - trainer - [0/257] Loss: 1.2089
2026/09/03 01:44:38 - __main__ - INFO - 162 - trainer - [52/257] Loss: 1.2218
2026/09/03 01:44:46 - __main__ - INFO - 162 - trainer - [104/257] Loss: 1.2030
2026/09/03 01:44:53 - __main__ - INFO - 162 - trainer - [156/257] Loss: 1.1971
2026/09/03 01:45:01 - __main__ - INFO - 162 - trainer - [208/257] Loss: 1.2109
2026/09/03 01:45:08 - __main__ - INFO - 167 - trainer - Average loss in epoch 274: 1.2025
2026/09/03 01:45:08 - __main__ - INFO - 117 - trainer - Epoch: 275
2026/09/03 01:45:08 - __main__ - INFO - 162 - trainer - [0/257] Loss: 1.2078
2026/09/03 01:45:16 - __main__ - INFO - 162 - trainer - [52/257] Loss: 1.2055
2026/09/03 01:45:23 - __main__ - INFO - 162 - trainer - [104/257] Loss: 1.1887
2026/09/03 01:45:31 - __main__ - INFO - 162 - trainer - [156/257] Loss: 1.1855
2026/09/03 01:45:38 - __main__ - INFO - 162 - trainer - [208/257] Loss: 1.2462
2026/09/03 01:45:45 - __main__ - INFO - 167 - trainer - Average loss in epoch 275: 1.2042
2026/09/03 01:45:45 - __main__ - INFO - 117 - trainer - Epoch: 276
2026/09/03 01:45:45 - __main__ - INFO - 162 - trainer - [0/257] Loss: 1.2197
2026/09/03 01:45:53 - __main__ - INFO - 162 - trainer - [52/257] Loss: 1.2131
2026/09/03 01:46:01 - __main__ - INFO - 162 - trainer - [104/257] Loss: 1.2083
2026/09/03 01:46:08 - __main__ - INFO - 162 - trainer - [156/257] Loss: 1.2306
2026/09/03 01:46:16 - __main__ - INFO - 162 - trainer - [208/257] Loss: 1.2315
2026/09/03 01:46:23 - __main__ - INFO - 167 - trainer - Average loss in epoch 276: 1.2023
2026/09/03 01:46:23 - __main__ - INFO - 117 - trainer - Epoch: 277
2026/09/03 01:46:23 - __main__ - INFO - 162 - trainer - [0/257] Loss: 1.2172
2026/09/03 01:46:31 - __main__ - INFO - 162 - trainer - [52/257] Loss: 1.2320
2026/09/03 01:46:38 - __main__ - INFO - 162 - trainer - [104/257] Loss: 1.1976
2026/09/03 01:46:46 - __main__ - INFO - 162 - trainer - [156/257] Loss: 1.1977
2026/09/03 01:46:54 - __main__ - INFO - 162 - trainer - [208/257] Loss: 1.2204
2026/09/03 01:47:01 - __main__ - INFO - 167 - trainer - Average loss in epoch 277: 1.2017
2026/09/03 01:47:01 - __main__ - INFO - 117 - trainer - Epoch: 278
2026/09/03 01:47:01 - __main__ - INFO - 162 - trainer - [0/257] Loss: 1.2046
2026/09/03 01:47:08 - __main__ - INFO - 162 - trainer - [52/257] Loss: 1.2085
2026/09/03 01:47:16 - __main__ - INFO - 162 - trainer - [104/257] Loss: 1.2019
2026/09/03 01:47:23 - __main__ - INFO - 162 - trainer - [156/257] Loss: 1.1978
2026/09/03 01:47:31 - __main__ - INFO - 162 - trainer - [208/257] Loss: 1.1790
2026/09/03 01:47:38 - __main__ - INFO - 167 - trainer - Average loss in epoch 278: 1.2026
2026/09/03 01:47:38 - __main__ - INFO - 117 - trainer - Epoch: 279
2026/09/03 01:47:38 - __main__ - INFO - 162 - trainer - [0/257] Loss: 1.2256
2026/09/03 01:47:46 - __main__ - INFO - 162 - trainer - [52/257] Loss: 1.2245
2026/09/03 01:47:53 - __main__ - INFO - 162 - trainer - [104/257] Loss: 1.2587
2026/09/03 01:48:00 - __main__ - INFO - 162 - trainer - [156/257] Loss: 1.2214
2026/09/03 01:48:08 - __main__ - INFO - 162 - trainer - [208/257] Loss: 1.2277
2026/09/03 01:48:15 - __main__ - INFO - 167 - trainer - Average loss in epoch 279: 1.2022
2026/09/03 01:48:15 - __main__ - INFO - 117 - trainer - Epoch: 280
2026/09/03 01:48:15 - __main__ - INFO - 162 - trainer - [0/257] Loss: 1.2318
2026/09/03 01:48:22 - __main__ - INFO - 162 - trainer - [52/257] Loss: 1.2144
2026/09/03 01:48:30 - __main__ - INFO - 162 - trainer - [104/257] Loss: 1.2190
2026/09/03 01:48:37 - __main__ - INFO - 162 - trainer - [156/257] Loss: 1.1563
2026/09/03 01:48:45 - __main__ - INFO - 162 - trainer - [208/257] Loss: 1.2175
2026/09/03 01:48:52 - __main__ - INFO - 167 - trainer - Average loss in epoch 280: 1.2018
2026/09/03 01:48:52 - __main__ - INFO - 173 - trainer - start predicting: 2026-09-03 01:48:52.527688
2026/09/03 01:49:53 - __main__ - INFO - 203 - trainer - {'Best_HR@5': np.float64(7.676), 'Best_HR@10': np.float64(10.76), 'Best_HR@20': np.float64(14.8293), 'Best_NDCG@5': np.float64(5.2747), 'Best_NDCG@10': np.float64(6.2631), 'Best_NDCG@20': np.float64(7.2816)}
2026/09/03 01:49:53 - __main__ - INFO - 204 - trainer - {'Best_epoch_HR@5': 120, 'Best_epoch_HR@10': 80, 'Best_epoch_HR@20': 180, 'Best_epoch_NDCG@5': 280, 'Best_epoch_NDCG@10': 100, 'Best_epoch_NDCG@20': 180}
2026/09/03 01:49:53 - __main__ - INFO - 117 - trainer - Epoch: 281
2026/09/03 01:49:53 - __main__ - INFO - 162 - trainer - [0/257] Loss: 1.2234
2026/09/03 01:50:00 - __main__ - INFO - 162 - trainer - [52/257] Loss: 1.1613
2026/09/03 01:50:07 - __main__ - INFO - 162 - trainer - [104/257] Loss: 1.2098
2026/09/03 01:50:15 - __main__ - INFO - 162 - trainer - [156/257] Loss: 1.2178
2026/09/03 01:50:22 - __main__ - INFO - 162 - trainer - [208/257] Loss: 1.2139
2026/09/03 01:50:29 - __main__ - INFO - 167 - trainer - Average loss in epoch 281: 1.2020
2026/09/03 01:50:29 - __main__ - INFO - 117 - trainer - Epoch: 282
2026/09/03 01:50:29 - __main__ - INFO - 162 - trainer - [0/257] Loss: 1.1882
2026/09/03 01:50:36 - __main__ - INFO - 162 - trainer - [52/257] Loss: 1.2350
2026/09/03 01:50:43 - __main__ - INFO - 162 - trainer - [104/257] Loss: 1.1708
2026/09/03 01:50:50 - __main__ - INFO - 162 - trainer - [156/257] Loss: 1.1816
2026/09/03 01:50:58 - __main__ - INFO - 162 - trainer - [208/257] Loss: 1.1867
2026/09/03 01:51:04 - __main__ - INFO - 167 - trainer - Average loss in epoch 282: 1.2014
2026/09/03 01:51:04 - __main__ - INFO - 117 - trainer - Epoch: 283
2026/09/03 01:51:05 - __main__ - INFO - 162 - trainer - [0/257] Loss: 1.2407
2026/09/03 01:51:12 - __main__ - INFO - 162 - trainer - [52/257] Loss: 1.2510
2026/09/03 01:51:19 - __main__ - INFO - 162 - trainer - [104/257] Loss: 1.1756
2026/09/03 01:51:26 - __main__ - INFO - 162 - trainer - [156/257] Loss: 1.2251
2026/09/03 01:51:33 - __main__ - INFO - 162 - trainer - [208/257] Loss: 1.1771
2026/09/03 01:51:40 - __main__ - INFO - 167 - trainer - Average loss in epoch 283: 1.2033
2026/09/03 01:51:40 - __main__ - INFO - 117 - trainer - Epoch: 284
2026/09/03 01:51:40 - __main__ - INFO - 162 - trainer - [0/257] Loss: 1.2038
2026/09/03 01:51:47 - __main__ - INFO - 162 - trainer - [52/257] Loss: 1.2226
2026/09/03 01:51:55 - __main__ - INFO - 162 - trainer - [104/257] Loss: 1.1598
2026/09/03 01:52:02 - __main__ - INFO - 162 - trainer - [156/257] Loss: 1.1913
2026/09/03 01:52:09 - __main__ - INFO - 162 - trainer - [208/257] Loss: 1.1850
2026/09/03 01:52:16 - __main__ - INFO - 167 - trainer - Average loss in epoch 284: 1.2021
2026/09/03 01:52:16 - __main__ - INFO - 117 - trainer - Epoch: 285
2026/09/03 01:52:16 - __main__ - INFO - 162 - trainer - [0/257] Loss: 1.2097
2026/09/03 01:52:23 - __main__ - INFO - 162 - trainer - [52/257] Loss: 1.2280
2026/09/03 01:52:30 - __main__ - INFO - 162 - trainer - [104/257] Loss: 1.1789
2026/09/03 01:52:38 - __main__ - INFO - 162 - trainer - [156/257] Loss: 1.1672
2026/09/03 01:52:45 - __main__ - INFO - 162 - trainer - [208/257] Loss: 1.1683
2026/09/03 01:52:52 - __main__ - INFO - 167 - trainer - Average loss in epoch 285: 1.2023
2026/09/03 01:52:52 - __main__ - INFO - 117 - trainer - Epoch: 286
2026/09/03 01:52:52 - __main__ - INFO - 162 - trainer - [0/257] Loss: 1.1968
2026/09/03 01:52:59 - __main__ - INFO - 162 - trainer - [52/257] Loss: 1.2299
2026/09/03 01:53:07 - __main__ - INFO - 162 - trainer - [104/257] Loss: 1.2400
2026/09/03 01:53:14 - __main__ - INFO - 162 - trainer - [156/257] Loss: 1.1996
2026/09/03 01:53:21 - __main__ - INFO - 162 - trainer - [208/257] Loss: 1.2180
2026/09/03 01:53:28 - __main__ - INFO - 167 - trainer - Average loss in epoch 286: 1.2025
2026/09/03 01:53:28 - __main__ - INFO - 117 - trainer - Epoch: 287
2026/09/03 01:53:28 - __main__ - INFO - 162 - trainer - [0/257] Loss: 1.2209
2026/09/03 01:53:35 - __main__ - INFO - 162 - trainer - [52/257] Loss: 1.2178
2026/09/03 01:53:42 - __main__ - INFO - 162 - trainer - [104/257] Loss: 1.2057
2026/09/03 01:53:49 - __main__ - INFO - 162 - trainer - [156/257] Loss: 1.2357
2026/09/03 01:53:57 - __main__ - INFO - 162 - trainer - [208/257] Loss: 1.2302
2026/09/03 01:54:03 - __main__ - INFO - 167 - trainer - Average loss in epoch 287: 1.2020
2026/09/03 01:54:03 - __main__ - INFO - 117 - trainer - Epoch: 288
2026/09/03 01:54:04 - __main__ - INFO - 162 - trainer - [0/257] Loss: 1.1962
2026/09/03 01:54:11 - __main__ - INFO - 162 - trainer - [52/257] Loss: 1.1737
2026/09/03 01:54:18 - __main__ - INFO - 162 - trainer - [104/257] Loss: 1.1973
2026/09/03 01:54:25 - __main__ - INFO - 162 - trainer - [156/257] Loss: 1.1874
2026/09/03 01:54:32 - __main__ - INFO - 162 - trainer - [208/257] Loss: 1.1865
2026/09/03 01:54:39 - __main__ - INFO - 167 - trainer - Average loss in epoch 288: 1.2020
2026/09/03 01:54:39 - __main__ - INFO - 117 - trainer - Epoch: 289
2026/09/03 01:54:39 - __main__ - INFO - 162 - trainer - [0/257] Loss: 1.1968
2026/09/03 01:54:46 - __main__ - INFO - 162 - trainer - [52/257] Loss: 1.1679
2026/09/03 01:54:54 - __main__ - INFO - 162 - trainer - [104/257] Loss: 1.1802
2026/09/03 01:55:01 - __main__ - INFO - 162 - trainer - [156/257] Loss: 1.1783
2026/09/03 01:55:08 - __main__ - INFO - 162 - trainer - [208/257] Loss: 1.1745
2026/09/03 01:55:15 - __main__ - INFO - 167 - trainer - Average loss in epoch 289: 1.2024
2026/09/03 01:55:15 - __main__ - INFO - 117 - trainer - Epoch: 290
2026/09/03 01:55:15 - __main__ - INFO - 162 - trainer - [0/257] Loss: 1.1762
2026/09/03 01:55:22 - __main__ - INFO - 162 - trainer - [52/257] Loss: 1.2220
2026/09/03 01:55:29 - __main__ - INFO - 162 - trainer - [104/257] Loss: 1.1935
2026/09/03 01:55:37 - __main__ - INFO - 162 - trainer - [156/257] Loss: 1.2021
2026/09/03 01:55:44 - __main__ - INFO - 162 - trainer - [208/257] Loss: 1.2191
2026/09/03 01:55:50 - __main__ - INFO - 167 - trainer - Average loss in epoch 290: 1.2016
2026/09/03 01:55:50 - __main__ - INFO - 117 - trainer - Epoch: 291
2026/09/03 01:55:51 - __main__ - INFO - 162 - trainer - [0/257] Loss: 1.2392
2026/09/03 01:55:58 - __main__ - INFO - 162 - trainer - [52/257] Loss: 1.2162
2026/09/03 01:56:05 - __main__ - INFO - 162 - trainer - [104/257] Loss: 1.2070
2026/09/03 01:56:12 - __main__ - INFO - 162 - trainer - [156/257] Loss: 1.2283
2026/09/03 01:56:20 - __main__ - INFO - 162 - trainer - [208/257] Loss: 1.1998
2026/09/03 01:56:26 - __main__ - INFO - 167 - trainer - Average loss in epoch 291: 1.2023
2026/09/03 01:56:26 - __main__ - INFO - 117 - trainer - Epoch: 292
2026/09/03 01:56:27 - __main__ - INFO - 162 - trainer - [0/257] Loss: 1.2180
2026/09/03 01:56:34 - __main__ - INFO - 162 - trainer - [52/257] Loss: 1.2122
2026/09/03 01:56:41 - __main__ - INFO - 162 - trainer - [104/257] Loss: 1.2147
2026/09/03 01:56:48 - __main__ - INFO - 162 - trainer - [156/257] Loss: 1.1907
2026/09/03 01:56:55 - __main__ - INFO - 162 - trainer - [208/257] Loss: 1.1761
2026/09/03 01:57:02 - __main__ - INFO - 167 - trainer - Average loss in epoch 292: 1.2024
2026/09/03 01:57:02 - __main__ - INFO - 117 - trainer - Epoch: 293
2026/09/03 01:57:02 - __main__ - INFO - 162 - trainer - [0/257] Loss: 1.2445
2026/09/03 01:57:09 - __main__ - INFO - 162 - trainer - [52/257] Loss: 1.1505
2026/09/03 01:57:17 - __main__ - INFO - 162 - trainer - [104/257] Loss: 1.2230
2026/09/03 01:57:24 - __main__ - INFO - 162 - trainer - [156/257] Loss: 1.1899
2026/09/03 01:57:31 - __main__ - INFO - 162 - trainer - [208/257] Loss: 1.2147
2026/09/03 01:57:38 - __main__ - INFO - 167 - trainer - Average loss in epoch 293: 1.2015
2026/09/03 01:57:38 - __main__ - INFO - 117 - trainer - Epoch: 294
2026/09/03 01:57:38 - __main__ - INFO - 162 - trainer - [0/257] Loss: 1.2089
2026/09/03 01:57:45 - __main__ - INFO - 162 - trainer - [52/257] Loss: 1.2112
2026/09/03 01:57:52 - __main__ - INFO - 162 - trainer - [104/257] Loss: 1.2108
2026/09/03 01:57:59 - __main__ - INFO - 162 - trainer - [156/257] Loss: 1.1787
2026/09/03 01:58:07 - __main__ - INFO - 162 - trainer - [208/257] Loss: 1.2014
2026/09/03 01:58:13 - __main__ - INFO - 167 - trainer - Average loss in epoch 294: 1.2019
2026/09/03 01:58:13 - __main__ - INFO - 117 - trainer - Epoch: 295
2026/09/03 01:58:13 - __main__ - INFO - 162 - trainer - [0/257] Loss: 1.1608
2026/09/03 01:58:21 - __main__ - INFO - 162 - trainer - [52/257] Loss: 1.2298
2026/09/03 01:58:28 - __main__ - INFO - 162 - trainer - [104/257] Loss: 1.1880
2026/09/03 01:58:35 - __main__ - INFO - 162 - trainer - [156/257] Loss: 1.1954
2026/09/03 01:58:42 - __main__ - INFO - 162 - trainer - [208/257] Loss: 1.1927
2026/09/03 01:58:49 - __main__ - INFO - 167 - trainer - Average loss in epoch 295: 1.2015
2026/09/03 01:58:49 - __main__ - INFO - 117 - trainer - Epoch: 296
2026/09/03 01:58:49 - __main__ - INFO - 162 - trainer - [0/257] Loss: 1.2294
2026/09/03 01:58:57 - __main__ - INFO - 162 - trainer - [52/257] Loss: 1.2425
2026/09/03 01:59:04 - __main__ - INFO - 162 - trainer - [104/257] Loss: 1.2275
2026/09/03 01:59:11 - __main__ - INFO - 162 - trainer - [156/257] Loss: 1.1992
2026/09/03 01:59:18 - __main__ - INFO - 162 - trainer - [208/257] Loss: 1.1915
2026/09/03 01:59:25 - __main__ - INFO - 167 - trainer - Average loss in epoch 296: 1.2029
2026/09/03 01:59:25 - __main__ - INFO - 117 - trainer - Epoch: 297
2026/09/03 01:59:25 - __main__ - INFO - 162 - trainer - [0/257] Loss: 1.1684
2026/09/03 01:59:32 - __main__ - INFO - 162 - trainer - [52/257] Loss: 1.1803
2026/09/03 01:59:39 - __main__ - INFO - 162 - trainer - [104/257] Loss: 1.1956
2026/09/03 01:59:47 - __main__ - INFO - 162 - trainer - [156/257] Loss: 1.2015
2026/09/03 01:59:54 - __main__ - INFO - 162 - trainer - [208/257] Loss: 1.1874
2026/09/03 02:00:01 - __main__ - INFO - 167 - trainer - Average loss in epoch 297: 1.2016
2026/09/03 02:00:01 - __main__ - INFO - 117 - trainer - Epoch: 298
2026/09/03 02:00:01 - __main__ - INFO - 162 - trainer - [0/257] Loss: 1.1850
2026/09/03 02:00:08 - __main__ - INFO - 162 - trainer - [52/257] Loss: 1.2098
2026/09/03 02:00:15 - __main__ - INFO - 162 - trainer - [104/257] Loss: 1.1995
2026/09/03 02:00:22 - __main__ - INFO - 162 - trainer - [156/257] Loss: 1.1695
2026/09/03 02:00:30 - __main__ - INFO - 162 - trainer - [208/257] Loss: 1.1723
2026/09/03 02:00:36 - __main__ - INFO - 167 - trainer - Average loss in epoch 298: 1.2027
2026/09/03 02:00:36 - __main__ - INFO - 117 - trainer - Epoch: 299
2026/09/03 02:00:36 - __main__ - INFO - 162 - trainer - [0/257] Loss: 1.1976
2026/09/03 02:00:44 - __main__ - INFO - 162 - trainer - [52/257] Loss: 1.2729
2026/09/03 02:00:51 - __main__ - INFO - 162 - trainer - [104/257] Loss: 1.1860
2026/09/03 02:00:58 - __main__ - INFO - 162 - trainer - [156/257] Loss: 1.2146
2026/09/03 02:01:05 - __main__ - INFO - 162 - trainer - [208/257] Loss: 1.2034
2026/09/03 02:01:12 - __main__ - INFO - 167 - trainer - Average loss in epoch 299: 1.2015
2026/09/03 02:01:12 - __main__ - INFO - 117 - trainer - Epoch: 300
2026/09/03 02:01:12 - __main__ - INFO - 162 - trainer - [0/257] Loss: 1.2144
2026/09/03 02:01:20 - __main__ - INFO - 162 - trainer - [52/257] Loss: 1.2034
2026/09/03 02:01:27 - __main__ - INFO - 162 - trainer - [104/257] Loss: 1.1786
2026/09/03 02:01:34 - __main__ - INFO - 162 - trainer - [156/257] Loss: 1.2604
2026/09/03 02:01:41 - __main__ - INFO - 162 - trainer - [208/257] Loss: 1.1932
2026/09/03 02:01:48 - __main__ - INFO - 167 - trainer - Average loss in epoch 300: 1.2020
2026/09/03 02:01:48 - __main__ - INFO - 173 - trainer - start predicting: 2026-09-03 02:01:48.517883
2026/09/03 02:02:55 - __main__ - INFO - 117 - trainer - Epoch: 301
2026/09/03 02:02:55 - __main__ - INFO - 162 - trainer - [0/257] Loss: 1.2255
2026/09/03 02:03:03 - __main__ - INFO - 162 - trainer - [52/257] Loss: 1.1893
2026/09/03 02:03:10 - __main__ - INFO - 162 - trainer - [104/257] Loss: 1.1807
2026/09/03 02:03:17 - __main__ - INFO - 162 - trainer - [156/257] Loss: 1.1940
2026/09/03 02:03:25 - __main__ - INFO - 162 - trainer - [208/257] Loss: 1.2190
2026/09/03 02:03:32 - __main__ - INFO - 167 - trainer - Average loss in epoch 301: 1.2021
2026/09/03 02:03:32 - __main__ - INFO - 117 - trainer - Epoch: 302
2026/09/03 02:03:32 - __main__ - INFO - 162 - trainer - [0/257] Loss: 1.2251
2026/09/03 02:03:39 - __main__ - INFO - 162 - trainer - [52/257] Loss: 1.2037
2026/09/03 02:03:47 - __main__ - INFO - 162 - trainer - [104/257] Loss: 1.1934
2026/09/03 02:03:55 - __main__ - INFO - 162 - trainer - [156/257] Loss: 1.1980
2026/09/03 02:04:02 - __main__ - INFO - 162 - trainer - [208/257] Loss: 1.2212
2026/09/03 02:04:09 - __main__ - INFO - 167 - trainer - Average loss in epoch 302: 1.2016
2026/09/03 02:04:09 - __main__ - INFO - 117 - trainer - Epoch: 303
2026/09/03 02:04:09 - __main__ - INFO - 162 - trainer - [0/257] Loss: 1.2151
2026/09/03 02:04:16 - __main__ - INFO - 162 - trainer - [52/257] Loss: 1.1951
2026/09/03 02:04:23 - __main__ - INFO - 162 - trainer - [104/257] Loss: 1.1776
2026/09/03 02:04:30 - __main__ - INFO - 162 - trainer - [156/257] Loss: 1.2190
2026/09/03 02:04:38 - __main__ - INFO - 162 - trainer - [208/257] Loss: 1.1904
2026/09/03 02:04:44 - __main__ - INFO - 167 - trainer - Average loss in epoch 303: 1.2014
2026/09/03 02:04:44 - __main__ - INFO - 117 - trainer - Epoch: 304
2026/09/03 02:04:44 - __main__ - INFO - 162 - trainer - [0/257] Loss: 1.1664
2026/09/03 02:04:52 - __main__ - INFO - 162 - trainer - [52/257] Loss: 1.2067
2026/09/03 02:04:59 - __main__ - INFO - 162 - trainer - [104/257] Loss: 1.1880
2026/09/03 02:05:06 - __main__ - INFO - 162 - trainer - [156/257] Loss: 1.2188
2026/09/03 02:05:13 - __main__ - INFO - 162 - trainer - [208/257] Loss: 1.1528
2026/09/03 02:05:20 - __main__ - INFO - 167 - trainer - Average loss in epoch 304: 1.2018
2026/09/03 02:05:20 - __main__ - INFO - 117 - trainer - Epoch: 305
2026/09/03 02:05:20 - __main__ - INFO - 162 - trainer - [0/257] Loss: 1.1926
2026/09/03 02:05:27 - __main__ - INFO - 162 - trainer - [52/257] Loss: 1.1963
2026/09/03 02:05:34 - __main__ - INFO - 162 - trainer - [104/257] Loss: 1.2116
2026/09/03 02:05:41 - __main__ - INFO - 162 - trainer - [156/257] Loss: 1.2001
2026/09/03 02:05:48 - __main__ - INFO - 162 - trainer - [208/257] Loss: 1.1784
2026/09/03 02:05:55 - __main__ - INFO - 167 - trainer - Average loss in epoch 305: 1.2019
2026/09/03 02:05:55 - __main__ - INFO - 117 - trainer - Epoch: 306
2026/09/03 02:05:55 - __main__ - INFO - 162 - trainer - [0/257] Loss: 1.1818
2026/09/03 02:06:02 - __main__ - INFO - 162 - trainer - [52/257] Loss: 1.1930
2026/09/03 02:06:10 - __main__ - INFO - 162 - trainer - [104/257] Loss: 1.2155
2026/09/03 02:06:17 - __main__ - INFO - 162 - trainer - [156/257] Loss: 1.1615
2026/09/03 02:06:25 - __main__ - INFO - 162 - trainer - [208/257] Loss: 1.2241
2026/09/03 02:06:32 - __main__ - INFO - 167 - trainer - Average loss in epoch 306: 1.2012
2026/09/03 02:06:32 - __main__ - INFO - 117 - trainer - Epoch: 307
2026/09/03 02:06:32 - __main__ - INFO - 162 - trainer - [0/257] Loss: 1.2046
2026/09/03 02:06:39 - __main__ - INFO - 162 - trainer - [52/257] Loss: 1.1898
2026/09/03 02:06:46 - __main__ - INFO - 162 - trainer - [104/257] Loss: 1.2227
2026/09/03 02:06:53 - __main__ - INFO - 162 - trainer - [156/257] Loss: 1.2409
2026/09/03 02:07:00 - __main__ - INFO - 162 - trainer - [208/257] Loss: 1.1585
2026/09/03 02:07:07 - __main__ - INFO - 167 - trainer - Average loss in epoch 307: 1.2015
2026/09/03 02:07:07 - __main__ - INFO - 117 - trainer - Epoch: 308
2026/09/03 02:07:07 - __main__ - INFO - 162 - trainer - [0/257] Loss: 1.2001
2026/09/03 02:07:14 - __main__ - INFO - 162 - trainer - [52/257] Loss: 1.2136
2026/09/03 02:07:22 - __main__ - INFO - 162 - trainer - [104/257] Loss: 1.2030
2026/09/03 02:07:29 - __main__ - INFO - 162 - trainer - [156/257] Loss: 1.1916
2026/09/03 02:07:36 - __main__ - INFO - 162 - trainer - [208/257] Loss: 1.2075
2026/09/03 02:07:43 - __main__ - INFO - 167 - trainer - Average loss in epoch 308: 1.2016
2026/09/03 02:07:43 - __main__ - INFO - 117 - trainer - Epoch: 309
2026/09/03 02:07:43 - __main__ - INFO - 162 - trainer - [0/257] Loss: 1.2189
2026/09/03 02:07:50 - __main__ - INFO - 162 - trainer - [52/257] Loss: 1.1630
2026/09/03 02:07:57 - __main__ - INFO - 162 - trainer - [104/257] Loss: 1.1863
2026/09/03 02:08:04 - __main__ - INFO - 162 - trainer - [156/257] Loss: 1.2132
2026/09/03 02:08:12 - __main__ - INFO - 162 - trainer - [208/257] Loss: 1.2089
2026/09/03 02:08:18 - __main__ - INFO - 167 - trainer - Average loss in epoch 309: 1.2015
2026/09/03 02:08:18 - __main__ - INFO - 117 - trainer - Epoch: 310
2026/09/03 02:08:19 - __main__ - INFO - 162 - trainer - [0/257] Loss: 1.1991
2026/09/03 02:08:26 - __main__ - INFO - 162 - trainer - [52/257] Loss: 1.1748
2026/09/03 02:08:33 - __main__ - INFO - 162 - trainer - [104/257] Loss: 1.2004
2026/09/03 02:08:41 - __main__ - INFO - 162 - trainer - [156/257] Loss: 1.1968
2026/09/03 02:08:48 - __main__ - INFO - 162 - trainer - [208/257] Loss: 1.1827
2026/09/03 02:08:55 - __main__ - INFO - 167 - trainer - Average loss in epoch 310: 1.2023
2026/09/03 02:08:55 - __main__ - INFO - 117 - trainer - Epoch: 311
2026/09/03 02:08:55 - __main__ - INFO - 162 - trainer - [0/257] Loss: 1.2439
2026/09/03 02:09:02 - __main__ - INFO - 162 - trainer - [52/257] Loss: 1.1955
2026/09/03 02:09:10 - __main__ - INFO - 162 - trainer - [104/257] Loss: 1.2027
2026/09/03 02:09:17 - __main__ - INFO - 162 - trainer - [156/257] Loss: 1.2009
2026/09/03 02:09:24 - __main__ - INFO - 162 - trainer - [208/257] Loss: 1.2021
2026/09/03 02:09:31 - __main__ - INFO - 167 - trainer - Average loss in epoch 311: 1.2018
2026/09/03 02:09:31 - __main__ - INFO - 117 - trainer - Epoch: 312
2026/09/03 02:09:31 - __main__ - INFO - 162 - trainer - [0/257] Loss: 1.2012
2026/09/03 02:09:38 - __main__ - INFO - 162 - trainer - [52/257] Loss: 1.2173
2026/09/03 02:09:45 - __main__ - INFO - 162 - trainer - [104/257] Loss: 1.2039
2026/09/03 02:09:53 - __main__ - INFO - 162 - trainer - [156/257] Loss: 1.2079
2026/09/03 02:10:00 - __main__ - INFO - 162 - trainer - [208/257] Loss: 1.2122
2026/09/03 02:10:07 - __main__ - INFO - 167 - trainer - Average loss in epoch 312: 1.2010
2026/09/03 02:10:07 - __main__ - INFO - 117 - trainer - Epoch: 313
2026/09/03 02:10:07 - __main__ - INFO - 162 - trainer - [0/257] Loss: 1.2011
2026/09/03 02:10:14 - __main__ - INFO - 162 - trainer - [52/257] Loss: 1.1976
2026/09/03 02:10:21 - __main__ - INFO - 162 - trainer - [104/257] Loss: 1.1781
2026/09/03 02:10:29 - __main__ - INFO - 162 - trainer - [156/257] Loss: 1.1968
2026/09/03 02:10:36 - __main__ - INFO - 162 - trainer - [208/257] Loss: 1.1891
2026/09/03 02:10:43 - __main__ - INFO - 167 - trainer - Average loss in epoch 313: 1.2016
2026/09/03 02:10:43 - __main__ - INFO - 117 - trainer - Epoch: 314
2026/09/03 02:10:43 - __main__ - INFO - 162 - trainer - [0/257] Loss: 1.1882
2026/09/03 02:10:50 - __main__ - INFO - 162 - trainer - [52/257] Loss: 1.2310
2026/09/03 02:10:58 - __main__ - INFO - 162 - trainer - [104/257] Loss: 1.1978
2026/09/03 02:11:05 - __main__ - INFO - 162 - trainer - [156/257] Loss: 1.1973
2026/09/03 02:11:12 - __main__ - INFO - 162 - trainer - [208/257] Loss: 1.1778
2026/09/03 02:11:19 - __main__ - INFO - 167 - trainer - Average loss in epoch 314: 1.2014
2026/09/03 02:11:19 - __main__ - INFO - 117 - trainer - Epoch: 315
2026/09/03 02:11:19 - __main__ - INFO - 162 - trainer - [0/257] Loss: 1.2134
2026/09/03 02:11:26 - __main__ - INFO - 162 - trainer - [52/257] Loss: 1.1989
2026/09/03 02:11:33 - __main__ - INFO - 162 - trainer - [104/257] Loss: 1.1914
2026/09/03 02:11:40 - __main__ - INFO - 162 - trainer - [156/257] Loss: 1.1758
2026/09/03 02:11:48 - __main__ - INFO - 162 - trainer - [208/257] Loss: 1.2107
2026/09/03 02:11:54 - __main__ - INFO - 167 - trainer - Average loss in epoch 315: 1.2013
2026/09/03 02:11:54 - __main__ - INFO - 117 - trainer - Epoch: 316
2026/09/03 02:11:54 - __main__ - INFO - 162 - trainer - [0/257] Loss: 1.2172
2026/09/03 02:12:02 - __main__ - INFO - 162 - trainer - [52/257] Loss: 1.1918
2026/09/03 02:12:09 - __main__ - INFO - 162 - trainer - [104/257] Loss: 1.1726
2026/09/03 02:12:16 - __main__ - INFO - 162 - trainer - [156/257] Loss: 1.2006
2026/09/03 02:12:23 - __main__ - INFO - 162 - trainer - [208/257] Loss: 1.2064
2026/09/03 02:12:30 - __main__ - INFO - 167 - trainer - Average loss in epoch 316: 1.2014
2026/09/03 02:12:30 - __main__ - INFO - 117 - trainer - Epoch: 317
2026/09/03 02:12:30 - __main__ - INFO - 162 - trainer - [0/257] Loss: 1.1990
2026/09/03 02:12:37 - __main__ - INFO - 162 - trainer - [52/257] Loss: 1.2150
2026/09/03 02:12:45 - __main__ - INFO - 162 - trainer - [104/257] Loss: 1.2282
2026/09/03 02:12:52 - __main__ - INFO - 162 - trainer - [156/257] Loss: 1.2199
2026/09/03 02:12:59 - __main__ - INFO - 162 - trainer - [208/257] Loss: 1.1675
2026/09/03 02:13:06 - __main__ - INFO - 167 - trainer - Average loss in epoch 317: 1.2021
2026/09/03 02:13:06 - __main__ - INFO - 117 - trainer - Epoch: 318
2026/09/03 02:13:06 - __main__ - INFO - 162 - trainer - [0/257] Loss: 1.1970
2026/09/03 02:13:13 - __main__ - INFO - 162 - trainer - [52/257] Loss: 1.2016
2026/09/03 02:13:21 - __main__ - INFO - 162 - trainer - [104/257] Loss: 1.1685
2026/09/03 02:13:28 - __main__ - INFO - 162 - trainer - [156/257] Loss: 1.1886
2026/09/03 02:13:35 - __main__ - INFO - 162 - trainer - [208/257] Loss: 1.2164
2026/09/03 02:13:42 - __main__ - INFO - 167 - trainer - Average loss in epoch 318: 1.2010
2026/09/03 02:13:42 - __main__ - INFO - 117 - trainer - Epoch: 319
2026/09/03 02:13:42 - __main__ - INFO - 162 - trainer - [0/257] Loss: 1.1889
2026/09/03 02:13:49 - __main__ - INFO - 162 - trainer - [52/257] Loss: 1.2047
2026/09/03 02:13:57 - __main__ - INFO - 162 - trainer - [104/257] Loss: 1.2030
2026/09/03 02:14:04 - __main__ - INFO - 162 - trainer - [156/257] Loss: 1.1993
2026/09/03 02:14:11 - __main__ - INFO - 162 - trainer - [208/257] Loss: 1.1942
2026/09/03 02:14:18 - __main__ - INFO - 167 - trainer - Average loss in epoch 319: 1.2016
2026/09/03 02:14:18 - __main__ - INFO - 117 - trainer - Epoch: 320
2026/09/03 02:14:18 - __main__ - INFO - 162 - trainer - [0/257] Loss: 1.2169
2026/09/03 02:14:25 - __main__ - INFO - 162 - trainer - [52/257] Loss: 1.2055
2026/09/03 02:14:33 - __main__ - INFO - 162 - trainer - [104/257] Loss: 1.2129
2026/09/03 02:14:40 - __main__ - INFO - 162 - trainer - [156/257] Loss: 1.2128
2026/09/03 02:14:48 - __main__ - INFO - 162 - trainer - [208/257] Loss: 1.2095
2026/09/03 02:14:54 - __main__ - INFO - 167 - trainer - Average loss in epoch 320: 1.2014
2026/09/03 02:14:54 - __main__ - INFO - 173 - trainer - start predicting: 2026-09-03 02:14:54.806537
2026/09/03 02:15:57 - __main__ - INFO - 117 - trainer - Epoch: 321
2026/09/03 02:15:57 - __main__ - INFO - 162 - trainer - [0/257] Loss: 1.1955
2026/09/03 02:16:05 - __main__ - INFO - 162 - trainer - [52/257] Loss: 1.2191
2026/09/03 02:16:12 - __main__ - INFO - 162 - trainer - [104/257] Loss: 1.1509
2026/09/03 02:16:20 - __main__ - INFO - 162 - trainer - [156/257] Loss: 1.1955
2026/09/03 02:16:28 - __main__ - INFO - 162 - trainer - [208/257] Loss: 1.1862
2026/09/03 02:16:34 - __main__ - INFO - 167 - trainer - Average loss in epoch 321: 1.2009
2026/09/03 02:16:34 - __main__ - INFO - 117 - trainer - Epoch: 322
2026/09/03 02:16:35 - __main__ - INFO - 162 - trainer - [0/257] Loss: 1.1955
2026/09/03 02:16:42 - __main__ - INFO - 162 - trainer - [52/257] Loss: 1.2014
2026/09/03 02:16:50 - __main__ - INFO - 162 - trainer - [104/257] Loss: 1.1733
2026/09/03 02:16:57 - __main__ - INFO - 162 - trainer - [156/257] Loss: 1.2227
2026/09/03 02:17:05 - __main__ - INFO - 162 - trainer - [208/257] Loss: 1.2473
2026/09/03 02:17:12 - __main__ - INFO - 167 - trainer - Average loss in epoch 322: 1.2014
2026/09/03 02:17:12 - __main__ - INFO - 117 - trainer - Epoch: 323
2026/09/03 02:17:12 - __main__ - INFO - 162 - trainer - [0/257] Loss: 1.1994
2026/09/03 02:17:20 - __main__ - INFO - 162 - trainer - [52/257] Loss: 1.2087
2026/09/03 02:17:27 - __main__ - INFO - 162 - trainer - [104/257] Loss: 1.1855
2026/09/03 02:17:35 - __main__ - INFO - 162 - trainer - [156/257] Loss: 1.2254
2026/09/03 02:17:42 - __main__ - INFO - 162 - trainer - [208/257] Loss: 1.2035
2026/09/03 02:17:49 - __main__ - INFO - 167 - trainer - Average loss in epoch 323: 1.2021
2026/09/03 02:17:49 - __main__ - INFO - 117 - trainer - Epoch: 324
2026/09/03 02:17:49 - __main__ - INFO - 162 - trainer - [0/257] Loss: 1.2103
2026/09/03 02:17:57 - __main__ - INFO - 162 - trainer - [52/257] Loss: 1.1886
2026/09/03 02:18:04 - __main__ - INFO - 162 - trainer - [104/257] Loss: 1.1847
2026/09/03 02:18:12 - __main__ - INFO - 162 - trainer - [156/257] Loss: 1.2256
2026/09/03 02:18:20 - __main__ - INFO - 162 - trainer - [208/257] Loss: 1.2065
2026/09/03 02:18:26 - __main__ - INFO - 167 - trainer - Average loss in epoch 324: 1.2015
2026/09/03 02:18:26 - __main__ - INFO - 117 - trainer - Epoch: 325
2026/09/03 02:18:26 - __main__ - INFO - 162 - trainer - [0/257] Loss: 1.1960
2026/09/03 02:18:34 - __main__ - INFO - 162 - trainer - [52/257] Loss: 1.2052
2026/09/03 02:18:41 - __main__ - INFO - 162 - trainer - [104/257] Loss: 1.2047
2026/09/03 02:18:49 - __main__ - INFO - 162 - trainer - [156/257] Loss: 1.1687
2026/09/03 02:18:56 - __main__ - INFO - 162 - trainer - [208/257] Loss: 1.1910
2026/09/03 02:19:03 - __main__ - INFO - 167 - trainer - Average loss in epoch 325: 1.2005
2026/09/03 02:19:03 - __main__ - INFO - 117 - trainer - Epoch: 326
2026/09/03 02:19:03 - __main__ - INFO - 162 - trainer - [0/257] Loss: 1.1895
2026/09/03 02:19:11 - __main__ - INFO - 162 - trainer - [52/257] Loss: 1.2094
2026/09/03 02:19:19 - __main__ - INFO - 162 - trainer - [104/257] Loss: 1.1954
2026/09/03 02:19:26 - __main__ - INFO - 162 - trainer - [156/257] Loss: 1.1963
2026/09/03 02:19:33 - __main__ - INFO - 162 - trainer - [208/257] Loss: 1.2196
2026/09/03 02:19:40 - __main__ - INFO - 167 - trainer - Average loss in epoch 326: 1.2015
2026/09/03 02:19:40 - __main__ - INFO - 117 - trainer - Epoch: 327
2026/09/03 02:19:41 - __main__ - INFO - 162 - trainer - [0/257] Loss: 1.1782
2026/09/03 02:19:48 - __main__ - INFO - 162 - trainer - [52/257] Loss: 1.2208
2026/09/03 02:19:55 - __main__ - INFO - 162 - trainer - [104/257] Loss: 1.1852
2026/09/03 02:20:03 - __main__ - INFO - 162 - trainer - [156/257] Loss: 1.1902
2026/09/03 02:20:11 - __main__ - INFO - 162 - trainer - [208/257] Loss: 1.2241
2026/09/03 02:20:18 - __main__ - INFO - 167 - trainer - Average loss in epoch 327: 1.2014
2026/09/03 02:20:18 - __main__ - INFO - 117 - trainer - Epoch: 328
2026/09/03 02:20:18 - __main__ - INFO - 162 - trainer - [0/257] Loss: 1.2230
2026/09/03 02:20:25 - __main__ - INFO - 162 - trainer - [52/257] Loss: 1.2141
2026/09/03 02:20:33 - __main__ - INFO - 162 - trainer - [104/257] Loss: 1.1983
2026/09/03 02:20:40 - __main__ - INFO - 162 - trainer - [156/257] Loss: 1.2263
2026/09/03 02:20:48 - __main__ - INFO - 162 - trainer - [208/257] Loss: 1.1853
2026/09/03 02:20:55 - __main__ - INFO - 167 - trainer - Average loss in epoch 328: 1.2012
2026/09/03 02:20:55 - __main__ - INFO - 117 - trainer - Epoch: 329
2026/09/03 02:20:55 - __main__ - INFO - 162 - trainer - [0/257] Loss: 1.1936
2026/09/03 02:21:02 - __main__ - INFO - 162 - trainer - [52/257] Loss: 1.1962
2026/09/03 02:21:10 - __main__ - INFO - 162 - trainer - [104/257] Loss: 1.2040
2026/09/03 02:21:17 - __main__ - INFO - 162 - trainer - [156/257] Loss: 1.2079
2026/09/03 02:21:25 - __main__ - INFO - 162 - trainer - [208/257] Loss: 1.1861
2026/09/03 02:21:32 - __main__ - INFO - 167 - trainer - Average loss in epoch 329: 1.2011
2026/09/03 02:21:32 - __main__ - INFO - 117 - trainer - Epoch: 330
2026/09/03 02:21:32 - __main__ - INFO - 162 - trainer - [0/257] Loss: 1.1557
2026/09/03 02:21:39 - __main__ - INFO - 162 - trainer - [52/257] Loss: 1.2015
2026/09/03 02:21:47 - __main__ - INFO - 162 - trainer - [104/257] Loss: 1.2203
2026/09/03 02:21:54 - __main__ - INFO - 162 - trainer - [156/257] Loss: 1.2227
2026/09/03 02:22:02 - __main__ - INFO - 162 - trainer - [208/257] Loss: 1.1984
2026/09/03 02:22:09 - __main__ - INFO - 167 - trainer - Average loss in epoch 330: 1.2011
2026/09/03 02:22:09 - __main__ - INFO - 117 - trainer - Epoch: 331
2026/09/03 02:22:09 - __main__ - INFO - 162 - trainer - [0/257] Loss: 1.2034
2026/09/03 02:22:17 - __main__ - INFO - 162 - trainer - [52/257] Loss: 1.1922
2026/09/03 02:22:24 - __main__ - INFO - 162 - trainer - [104/257] Loss: 1.1724
2026/09/03 02:22:32 - __main__ - INFO - 162 - trainer - [156/257] Loss: 1.1978
2026/09/03 02:22:39 - __main__ - INFO - 162 - trainer - [208/257] Loss: 1.1989
2026/09/03 02:22:46 - __main__ - INFO - 167 - trainer - Average loss in epoch 331: 1.2018
2026/09/03 02:22:46 - __main__ - INFO - 117 - trainer - Epoch: 332
2026/09/03 02:22:46 - __main__ - INFO - 162 - trainer - [0/257] Loss: 1.1903
2026/09/03 02:22:54 - __main__ - INFO - 162 - trainer - [52/257] Loss: 1.2037
2026/09/03 02:23:01 - __main__ - INFO - 162 - trainer - [104/257] Loss: 1.2033
2026/09/03 02:23:09 - __main__ - INFO - 162 - trainer - [156/257] Loss: 1.2006
2026/09/03 02:23:17 - __main__ - INFO - 162 - trainer - [208/257] Loss: 1.2004
2026/09/03 02:23:24 - __main__ - INFO - 167 - trainer - Average loss in epoch 332: 1.2013
2026/09/03 02:23:24 - __main__ - INFO - 117 - trainer - Epoch: 333
2026/09/03 02:23:24 - __main__ - INFO - 162 - trainer - [0/257] Loss: 1.1856
2026/09/03 02:23:31 - __main__ - INFO - 162 - trainer - [52/257] Loss: 1.2417
2026/09/03 02:23:39 - __main__ - INFO - 162 - trainer - [104/257] Loss: 1.1598
2026/09/03 02:23:46 - __main__ - INFO - 162 - trainer - [156/257] Loss: 1.1977
2026/09/03 02:23:53 - __main__ - INFO - 162 - trainer - [208/257] Loss: 1.2085
2026/09/03 02:24:00 - __main__ - INFO - 167 - trainer - Average loss in epoch 333: 1.2032
2026/09/03 02:24:00 - __main__ - INFO - 117 - trainer - Epoch: 334
2026/09/03 02:24:01 - __main__ - INFO - 162 - trainer - [0/257] Loss: 1.2003
2026/09/03 02:24:08 - __main__ - INFO - 162 - trainer - [52/257] Loss: 1.1684
2026/09/03 02:24:15 - __main__ - INFO - 162 - trainer - [104/257] Loss: 1.1960
2026/09/03 02:24:23 - __main__ - INFO - 162 - trainer - [156/257] Loss: 1.1955
2026/09/03 02:24:31 - __main__ - INFO - 162 - trainer - [208/257] Loss: 1.2088
2026/09/03 02:24:38 - __main__ - INFO - 167 - trainer - Average loss in epoch 334: 1.2006
2026/09/03 02:24:38 - __main__ - INFO - 117 - trainer - Epoch: 335
2026/09/03 02:24:38 - __main__ - INFO - 162 - trainer - [0/257] Loss: 1.1835
2026/09/03 02:24:46 - __main__ - INFO - 162 - trainer - [52/257] Loss: 1.1958
2026/09/03 02:24:53 - __main__ - INFO - 162 - trainer - [104/257] Loss: 1.1753
2026/09/03 02:25:01 - __main__ - INFO - 162 - trainer - [156/257] Loss: 1.2111
2026/09/03 02:25:09 - __main__ - INFO - 162 - trainer - [208/257] Loss: 1.2178
2026/09/03 02:25:15 - __main__ - INFO - 167 - trainer - Average loss in epoch 335: 1.2013
2026/09/03 02:25:15 - __main__ - INFO - 117 - trainer - Epoch: 336
2026/09/03 02:25:15 - __main__ - INFO - 162 - trainer - [0/257] Loss: 1.1738
2026/09/03 02:25:23 - __main__ - INFO - 162 - trainer - [52/257] Loss: 1.1924
2026/09/03 02:25:31 - __main__ - INFO - 162 - trainer - [104/257] Loss: 1.1857
2026/09/03 02:25:38 - __main__ - INFO - 162 - trainer - [156/257] Loss: 1.2070
2026/09/03 02:25:46 - __main__ - INFO - 162 - trainer - [208/257] Loss: 1.2140
2026/09/03 02:25:53 - __main__ - INFO - 167 - trainer - Average loss in epoch 336: 1.2005
2026/09/03 02:25:53 - __main__ - INFO - 117 - trainer - Epoch: 337
2026/09/03 02:25:53 - __main__ - INFO - 162 - trainer - [0/257] Loss: 1.1977
2026/09/03 02:26:00 - __main__ - INFO - 162 - trainer - [52/257] Loss: 1.2247
2026/09/03 02:26:08 - __main__ - INFO - 162 - trainer - [104/257] Loss: 1.1602
2026/09/03 02:26:16 - __main__ - INFO - 162 - trainer - [156/257] Loss: 1.1844
2026/09/03 02:26:23 - __main__ - INFO - 162 - trainer - [208/257] Loss: 1.1643
2026/09/03 02:26:30 - __main__ - INFO - 167 - trainer - Average loss in epoch 337: 1.2009
2026/09/03 02:26:30 - __main__ - INFO - 117 - trainer - Epoch: 338
2026/09/03 02:26:30 - __main__ - INFO - 162 - trainer - [0/257] Loss: 1.2142
2026/09/03 02:26:38 - __main__ - INFO - 162 - trainer - [52/257] Loss: 1.1778
2026/09/03 02:26:45 - __main__ - INFO - 162 - trainer - [104/257] Loss: 1.2011
2026/09/03 02:26:53 - __main__ - INFO - 162 - trainer - [156/257] Loss: 1.1740
2026/09/03 02:27:01 - __main__ - INFO - 162 - trainer - [208/257] Loss: 1.2074
2026/09/03 02:27:08 - __main__ - INFO - 167 - trainer - Average loss in epoch 338: 1.2023
2026/09/03 02:27:08 - __main__ - INFO - 117 - trainer - Epoch: 339
2026/09/03 02:27:08 - __main__ - INFO - 162 - trainer - [0/257] Loss: 1.2367
2026/09/03 02:27:15 - __main__ - INFO - 162 - trainer - [52/257] Loss: 1.1829
2026/09/03 02:27:23 - __main__ - INFO - 162 - trainer - [104/257] Loss: 1.1978
2026/09/03 02:27:30 - __main__ - INFO - 162 - trainer - [156/257] Loss: 1.2044
2026/09/03 02:27:38 - __main__ - INFO - 162 - trainer - [208/257] Loss: 1.1900
2026/09/03 02:27:44 - __main__ - INFO - 167 - trainer - Average loss in epoch 339: 1.2015
2026/09/03 02:27:44 - __main__ - INFO - 117 - trainer - Epoch: 340
2026/09/03 02:27:45 - __main__ - INFO - 162 - trainer - [0/257] Loss: 1.1960
2026/09/03 02:27:52 - __main__ - INFO - 162 - trainer - [52/257] Loss: 1.1977
2026/09/03 02:28:00 - __main__ - INFO - 162 - trainer - [104/257] Loss: 1.1613
2026/09/03 02:28:07 - __main__ - INFO - 162 - trainer - [156/257] Loss: 1.1874
2026/09/03 02:28:15 - __main__ - INFO - 162 - trainer - [208/257] Loss: 1.1971
2026/09/03 02:28:21 - __main__ - INFO - 167 - trainer - Average loss in epoch 340: 1.2017
2026/09/03 02:28:21 - __main__ - INFO - 173 - trainer - start predicting: 2026-09-03 02:28:21.868420
2026/09/03 02:29:27 - __main__ - INFO - 117 - trainer - Epoch: 341
2026/09/03 02:29:27 - __main__ - INFO - 162 - trainer - [0/257] Loss: 1.2259
2026/09/03 02:29:34 - __main__ - INFO - 162 - trainer - [52/257] Loss: 1.1854
2026/09/03 02:29:41 - __main__ - INFO - 162 - trainer - [104/257] Loss: 1.1937
2026/09/03 02:29:49 - __main__ - INFO - 162 - trainer - [156/257] Loss: 1.2086
2026/09/03 02:29:56 - __main__ - INFO - 162 - trainer - [208/257] Loss: 1.2493
2026/09/03 02:30:03 - __main__ - INFO - 167 - trainer - Average loss in epoch 341: 1.2030
2026/09/03 02:30:03 - __main__ - INFO - 117 - trainer - Epoch: 342
2026/09/03 02:30:03 - __main__ - INFO - 162 - trainer - [0/257] Loss: 1.1882
2026/09/03 02:30:10 - __main__ - INFO - 162 - trainer - [52/257] Loss: 1.1438
2026/09/03 02:30:18 - __main__ - INFO - 162 - trainer - [104/257] Loss: 1.2259
2026/09/03 02:30:25 - __main__ - INFO - 162 - trainer - [156/257] Loss: 1.2114
2026/09/03 02:30:32 - __main__ - INFO - 162 - trainer - [208/257] Loss: 1.2238
2026/09/03 02:30:39 - __main__ - INFO - 167 - trainer - Average loss in epoch 342: 1.2019
2026/09/03 02:30:39 - __main__ - INFO - 117 - trainer - Epoch: 343
2026/09/03 02:30:39 - __main__ - INFO - 162 - trainer - [0/257] Loss: 1.2267
2026/09/03 02:30:47 - __main__ - INFO - 162 - trainer - [52/257] Loss: 1.2020
2026/09/03 02:30:54 - __main__ - INFO - 162 - trainer - [104/257] Loss: 1.1840
2026/09/03 02:31:01 - __main__ - INFO - 162 - trainer - [156/257] Loss: 1.2475
2026/09/03 02:31:09 - __main__ - INFO - 162 - trainer - [208/257] Loss: 1.2043
2026/09/03 02:31:15 - __main__ - INFO - 167 - trainer - Average loss in epoch 343: 1.2014
2026/09/03 02:31:15 - __main__ - INFO - 117 - trainer - Epoch: 344
2026/09/03 02:31:16 - __main__ - INFO - 162 - trainer - [0/257] Loss: 1.1832
2026/09/03 02:31:23 - __main__ - INFO - 162 - trainer - [52/257] Loss: 1.2049
2026/09/03 02:31:30 - __main__ - INFO - 162 - trainer - [104/257] Loss: 1.1901
2026/09/03 02:31:37 - __main__ - INFO - 162 - trainer - [156/257] Loss: 1.2065
2026/09/03 02:31:45 - __main__ - INFO - 162 - trainer - [208/257] Loss: 1.1849
2026/09/03 02:31:52 - __main__ - INFO - 167 - trainer - Average loss in epoch 344: 1.2013
2026/09/03 02:31:52 - __main__ - INFO - 117 - trainer - Epoch: 345
2026/09/03 02:31:52 - __main__ - INFO - 162 - trainer - [0/257] Loss: 1.1967
2026/09/03 02:31:59 - __main__ - INFO - 162 - trainer - [52/257] Loss: 1.1894
2026/09/03 02:32:06 - __main__ - INFO - 162 - trainer - [104/257] Loss: 1.2214
2026/09/03 02:32:13 - __main__ - INFO - 162 - trainer - [156/257] Loss: 1.1796
2026/09/03 02:32:21 - __main__ - INFO - 162 - trainer - [208/257] Loss: 1.1983
2026/09/03 02:32:27 - __main__ - INFO - 167 - trainer - Average loss in epoch 345: 1.2015
2026/09/03 02:32:27 - __main__ - INFO - 117 - trainer - Epoch: 346
2026/09/03 02:32:28 - __main__ - INFO - 162 - trainer - [0/257] Loss: 1.2276
2026/09/03 02:32:35 - __main__ - INFO - 162 - trainer - [52/257] Loss: 1.2205
2026/09/03 02:32:42 - __main__ - INFO - 162 - trainer - [104/257] Loss: 1.2060
2026/09/03 02:32:50 - __main__ - INFO - 162 - trainer - [156/257] Loss: 1.2094
2026/09/03 02:32:57 - __main__ - INFO - 162 - trainer - [208/257] Loss: 1.2017
2026/09/03 02:33:04 - __main__ - INFO - 167 - trainer - Average loss in epoch 346: 1.2009
2026/09/03 02:33:04 - __main__ - INFO - 117 - trainer - Epoch: 347
2026/09/03 02:33:04 - __main__ - INFO - 162 - trainer - [0/257] Loss: 1.1795
2026/09/03 02:33:11 - __main__ - INFO - 162 - trainer - [52/257] Loss: 1.2102
2026/09/03 02:33:19 - __main__ - INFO - 162 - trainer - [104/257] Loss: 1.2041
2026/09/03 02:33:26 - __main__ - INFO - 162 - trainer - [156/257] Loss: 1.2028
2026/09/03 02:33:33 - __main__ - INFO - 162 - trainer - [208/257] Loss: 1.1846
2026/09/03 02:33:40 - __main__ - INFO - 167 - trainer - Average loss in epoch 347: 1.2019
2026/09/03 02:33:40 - __main__ - INFO - 117 - trainer - Epoch: 348
2026/09/03 02:33:40 - __main__ - INFO - 162 - trainer - [0/257] Loss: 1.2089
2026/09/03 02:33:47 - __main__ - INFO - 162 - trainer - [52/257] Loss: 1.2007
2026/09/03 02:33:55 - __main__ - INFO - 162 - trainer - [104/257] Loss: 1.1942
2026/09/03 02:34:02 - __main__ - INFO - 162 - trainer - [156/257] Loss: 1.2289
2026/09/03 02:34:09 - __main__ - INFO - 162 - trainer - [208/257] Loss: 1.2212
2026/09/03 02:34:16 - __main__ - INFO - 167 - trainer - Average loss in epoch 348: 1.2013
2026/09/03 02:34:16 - __main__ - INFO - 117 - trainer - Epoch: 349
2026/09/03 02:34:16 - __main__ - INFO - 162 - trainer - [0/257] Loss: 1.2330
2026/09/03 02:34:24 - __main__ - INFO - 162 - trainer - [52/257] Loss: 1.1580
2026/09/03 02:34:31 - __main__ - INFO - 162 - trainer - [104/257] Loss: 1.2175
2026/09/03 02:34:38 - __main__ - INFO - 162 - trainer - [156/257] Loss: 1.2096
2026/09/03 02:34:46 - __main__ - INFO - 162 - trainer - [208/257] Loss: 1.2125
2026/09/03 02:34:53 - __main__ - INFO - 167 - trainer - Average loss in epoch 349: 1.2011
2026/09/03 02:34:53 - __main__ - INFO - 117 - trainer - Epoch: 350
2026/09/03 02:34:53 - __main__ - INFO - 162 - trainer - [0/257] Loss: 1.2002
2026/09/03 02:35:00 - __main__ - INFO - 162 - trainer - [52/257] Loss: 1.1987
2026/09/03 02:35:08 - __main__ - INFO - 162 - trainer - [104/257] Loss: 1.2129
2026/09/03 02:35:15 - __main__ - INFO - 162 - trainer - [156/257] Loss: 1.1911
2026/09/03 02:35:23 - __main__ - INFO - 162 - trainer - [208/257] Loss: 1.2328
2026/09/03 02:35:30 - __main__ - INFO - 167 - trainer - Average loss in epoch 350: 1.2033
2026/09/03 02:35:30 - __main__ - INFO - 117 - trainer - Epoch: 351
2026/09/03 02:35:30 - __main__ - INFO - 162 - trainer - [0/257] Loss: 1.2167
2026/09/03 02:35:37 - __main__ - INFO - 162 - trainer - [52/257] Loss: 1.2218
2026/09/03 02:35:44 - __main__ - INFO - 162 - trainer - [104/257] Loss: 1.1975
2026/09/03 02:35:52 - __main__ - INFO - 162 - trainer - [156/257] Loss: 1.2234
2026/09/03 02:35:59 - __main__ - INFO - 162 - trainer - [208/257] Loss: 1.1974
2026/09/03 02:36:06 - __main__ - INFO - 167 - trainer - Average loss in epoch 351: 1.2017
2026/09/03 02:36:06 - __main__ - INFO - 117 - trainer - Epoch: 352
2026/09/03 02:36:06 - __main__ - INFO - 162 - trainer - [0/257] Loss: 1.2268
2026/09/03 02:36:13 - __main__ - INFO - 162 - trainer - [52/257] Loss: 1.1984
2026/09/03 02:36:21 - __main__ - INFO - 162 - trainer - [104/257] Loss: 1.1861
2026/09/03 02:36:28 - __main__ - INFO - 162 - trainer - [156/257] Loss: 1.2226
2026/09/03 02:36:36 - __main__ - INFO - 162 - trainer - [208/257] Loss: 1.2014
2026/09/03 02:36:43 - __main__ - INFO - 167 - trainer - Average loss in epoch 352: 1.2008
2026/09/03 02:36:43 - __main__ - INFO - 117 - trainer - Epoch: 353
2026/09/03 02:36:43 - __main__ - INFO - 162 - trainer - [0/257] Loss: 1.1935
2026/09/03 02:36:50 - __main__ - INFO - 162 - trainer - [52/257] Loss: 1.1975
2026/09/03 02:36:58 - __main__ - INFO - 162 - trainer - [104/257] Loss: 1.2172
2026/09/03 02:37:05 - __main__ - INFO - 162 - trainer - [156/257] Loss: 1.2193
2026/09/03 02:37:12 - __main__ - INFO - 162 - trainer - [208/257] Loss: 1.1809
2026/09/03 02:37:19 - __main__ - INFO - 167 - trainer - Average loss in epoch 353: 1.2009
2026/09/03 02:37:19 - __main__ - INFO - 117 - trainer - Epoch: 354
2026/09/03 02:37:19 - __main__ - INFO - 162 - trainer - [0/257] Loss: 1.2079
2026/09/03 02:37:27 - __main__ - INFO - 162 - trainer - [52/257] Loss: 1.2054
2026/09/03 02:37:34 - __main__ - INFO - 162 - trainer - [104/257] Loss: 1.1844
2026/09/03 02:37:41 - __main__ - INFO - 162 - trainer - [156/257] Loss: 1.1947
2026/09/03 02:37:49 - __main__ - INFO - 162 - trainer - [208/257] Loss: 1.1980
2026/09/03 02:37:56 - __main__ - INFO - 167 - trainer - Average loss in epoch 354: 1.2011
2026/09/03 02:37:56 - __main__ - INFO - 117 - trainer - Epoch: 355
2026/09/03 02:37:56 - __main__ - INFO - 162 - trainer - [0/257] Loss: 1.2038
2026/09/03 02:38:03 - __main__ - INFO - 162 - trainer - [52/257] Loss: 1.1829
2026/09/03 02:38:11 - __main__ - INFO - 162 - trainer - [104/257] Loss: 1.2135
2026/09/03 02:38:18 - __main__ - INFO - 162 - trainer - [156/257] Loss: 1.1916
2026/09/03 02:38:26 - __main__ - INFO - 162 - trainer - [208/257] Loss: 1.2020
2026/09/03 02:38:33 - __main__ - INFO - 167 - trainer - Average loss in epoch 355: 1.2012
2026/09/03 02:38:33 - __main__ - INFO - 117 - trainer - Epoch: 356
2026/09/03 02:38:33 - __main__ - INFO - 162 - trainer - [0/257] Loss: 1.2072
2026/09/03 02:38:40 - __main__ - INFO - 162 - trainer - [52/257] Loss: 1.2034
2026/09/03 02:38:48 - __main__ - INFO - 162 - trainer - [104/257] Loss: 1.1745
2026/09/03 02:38:55 - __main__ - INFO - 162 - trainer - [156/257] Loss: 1.2018
2026/09/03 02:39:03 - __main__ - INFO - 162 - trainer - [208/257] Loss: 1.1734
2026/09/03 02:39:10 - __main__ - INFO - 167 - trainer - Average loss in epoch 356: 1.2001
2026/09/03 02:39:10 - __main__ - INFO - 117 - trainer - Epoch: 357
2026/09/03 02:39:10 - __main__ - INFO - 162 - trainer - [0/257] Loss: 1.1995
2026/09/03 02:39:17 - __main__ - INFO - 162 - trainer - [52/257] Loss: 1.2115
2026/09/03 02:39:25 - __main__ - INFO - 162 - trainer - [104/257] Loss: 1.2220
2026/09/03 02:39:32 - __main__ - INFO - 162 - trainer - [156/257] Loss: 1.2052
2026/09/03 02:39:39 - __main__ - INFO - 162 - trainer - [208/257] Loss: 1.1915
2026/09/03 02:39:46 - __main__ - INFO - 167 - trainer - Average loss in epoch 357: 1.2011
2026/09/03 02:39:46 - __main__ - INFO - 117 - trainer - Epoch: 358
2026/09/03 02:39:46 - __main__ - INFO - 162 - trainer - [0/257] Loss: 1.2058
2026/09/03 02:39:54 - __main__ - INFO - 162 - trainer - [52/257] Loss: 1.2171
2026/09/03 02:40:01 - __main__ - INFO - 162 - trainer - [104/257] Loss: 1.1536
2026/09/03 02:40:09 - __main__ - INFO - 162 - trainer - [156/257] Loss: 1.2046
2026/09/03 02:40:16 - __main__ - INFO - 162 - trainer - [208/257] Loss: 1.2009
2026/09/03 02:40:23 - __main__ - INFO - 167 - trainer - Average loss in epoch 358: 1.2020
2026/09/03 02:40:23 - __main__ - INFO - 117 - trainer - Epoch: 359
2026/09/03 02:40:23 - __main__ - INFO - 162 - trainer - [0/257] Loss: 1.2003
2026/09/03 02:40:30 - __main__ - INFO - 162 - trainer - [52/257] Loss: 1.2156
2026/09/03 02:40:38 - __main__ - INFO - 162 - trainer - [104/257] Loss: 1.1804
2026/09/03 02:40:45 - __main__ - INFO - 162 - trainer - [156/257] Loss: 1.2224
2026/09/03 02:40:52 - __main__ - INFO - 162 - trainer - [208/257] Loss: 1.2423
2026/09/03 02:40:59 - __main__ - INFO - 167 - trainer - Average loss in epoch 359: 1.2019
2026/09/03 02:40:59 - __main__ - INFO - 117 - trainer - Epoch: 360
2026/09/03 02:40:59 - __main__ - INFO - 162 - trainer - [0/257] Loss: 1.2188
2026/09/03 02:41:07 - __main__ - INFO - 162 - trainer - [52/257] Loss: 1.1980
2026/09/03 02:41:14 - __main__ - INFO - 162 - trainer - [104/257] Loss: 1.2227
2026/09/03 02:41:21 - __main__ - INFO - 162 - trainer - [156/257] Loss: 1.2109
2026/09/03 02:41:29 - __main__ - INFO - 162 - trainer - [208/257] Loss: 1.2025
2026/09/03 02:41:35 - __main__ - INFO - 167 - trainer - Average loss in epoch 360: 1.2013
2026/09/03 02:41:35 - __main__ - INFO - 173 - trainer - start predicting: 2026-09-03 02:41:35.923219
2026/09/03 02:42:42 - __main__ - INFO - 117 - trainer - Epoch: 361
2026/09/03 02:42:42 - __main__ - INFO - 162 - trainer - [0/257] Loss: 1.2162
2026/09/03 02:42:49 - __main__ - INFO - 162 - trainer - [52/257] Loss: 1.1527
2026/09/03 02:42:57 - __main__ - INFO - 162 - trainer - [104/257] Loss: 1.2385
2026/09/03 02:43:04 - __main__ - INFO - 162 - trainer - [156/257] Loss: 1.2183
2026/09/03 02:43:12 - __main__ - INFO - 162 - trainer - [208/257] Loss: 1.2446
2026/09/03 02:43:18 - __main__ - INFO - 167 - trainer - Average loss in epoch 361: 1.2010
2026/09/03 02:43:18 - __main__ - INFO - 117 - trainer - Epoch: 362
2026/09/03 02:43:19 - __main__ - INFO - 162 - trainer - [0/257] Loss: 1.1894
2026/09/03 02:43:26 - __main__ - INFO - 162 - trainer - [52/257] Loss: 1.2153
2026/09/03 02:43:34 - __main__ - INFO - 162 - trainer - [104/257] Loss: 1.2235
2026/09/03 02:43:41 - __main__ - INFO - 162 - trainer - [156/257] Loss: 1.1824
2026/09/03 02:43:48 - __main__ - INFO - 162 - trainer - [208/257] Loss: 1.1777
2026/09/03 02:43:55 - __main__ - INFO - 167 - trainer - Average loss in epoch 362: 1.2007
2026/09/03 02:43:55 - __main__ - INFO - 117 - trainer - Epoch: 363
2026/09/03 02:43:55 - __main__ - INFO - 162 - trainer - [0/257] Loss: 1.2124
2026/09/03 02:44:03 - __main__ - INFO - 162 - trainer - [52/257] Loss: 1.1803
2026/09/03 02:44:10 - __main__ - INFO - 162 - trainer - [104/257] Loss: 1.2059
2026/09/03 02:44:17 - __main__ - INFO - 162 - trainer - [156/257] Loss: 1.1835
2026/09/03 02:44:25 - __main__ - INFO - 162 - trainer - [208/257] Loss: 1.1990
2026/09/03 02:44:31 - __main__ - INFO - 167 - trainer - Average loss in epoch 363: 1.2011
2026/09/03 02:44:31 - __main__ - INFO - 117 - trainer - Epoch: 364
2026/09/03 02:44:32 - __main__ - INFO - 162 - trainer - [0/257] Loss: 1.2349
2026/09/03 02:44:39 - __main__ - INFO - 162 - trainer - [52/257] Loss: 1.1857
2026/09/03 02:44:46 - __main__ - INFO - 162 - trainer - [104/257] Loss: 1.1870
2026/09/03 02:44:53 - __main__ - INFO - 162 - trainer - [156/257] Loss: 1.2073
2026/09/03 02:45:01 - __main__ - INFO - 162 - trainer - [208/257] Loss: 1.1645
2026/09/03 02:45:08 - __main__ - INFO - 167 - trainer - Average loss in epoch 364: 1.2028
2026/09/03 02:45:08 - __main__ - INFO - 117 - trainer - Epoch: 365
2026/09/03 02:45:08 - __main__ - INFO - 162 - trainer - [0/257] Loss: 1.1978
2026/09/03 02:45:15 - __main__ - INFO - 162 - trainer - [52/257] Loss: 1.1867
2026/09/03 02:45:22 - __main__ - INFO - 162 - trainer - [104/257] Loss: 1.1959
2026/09/03 02:45:30 - __main__ - INFO - 162 - trainer - [156/257] Loss: 1.1811
2026/09/03 02:45:37 - __main__ - INFO - 162 - trainer - [208/257] Loss: 1.2185
2026/09/03 02:45:44 - __main__ - INFO - 167 - trainer - Average loss in epoch 365: 1.2017
2026/09/03 02:45:44 - __main__ - INFO - 117 - trainer - Epoch: 366
2026/09/03 02:45:44 - __main__ - INFO - 162 - trainer - [0/257] Loss: 1.2455
2026/09/03 02:45:52 - __main__ - INFO - 162 - trainer - [52/257] Loss: 1.1838
2026/09/03 02:45:59 - __main__ - INFO - 162 - trainer - [104/257] Loss: 1.1863
2026/09/03 02:46:06 - __main__ - INFO - 162 - trainer - [156/257] Loss: 1.1778
2026/09/03 02:46:14 - __main__ - INFO - 162 - trainer - [208/257] Loss: 1.1838
2026/09/03 02:46:20 - __main__ - INFO - 167 - trainer - Average loss in epoch 366: 1.2015
2026/09/03 02:46:20 - __main__ - INFO - 117 - trainer - Epoch: 367
2026/09/03 02:46:21 - __main__ - INFO - 162 - trainer - [0/257] Loss: 1.2235
2026/09/03 02:46:28 - __main__ - INFO - 162 - trainer - [52/257] Loss: 1.2133
2026/09/03 02:46:35 - __main__ - INFO - 162 - trainer - [104/257] Loss: 1.1663
2026/09/03 02:46:43 - __main__ - INFO - 162 - trainer - [156/257] Loss: 1.1733
2026/09/03 02:46:50 - __main__ - INFO - 162 - trainer - [208/257] Loss: 1.1843
2026/09/03 02:46:57 - __main__ - INFO - 167 - trainer - Average loss in epoch 367: 1.2020
2026/09/03 02:46:57 - __main__ - INFO - 117 - trainer - Epoch: 368
2026/09/03 02:46:57 - __main__ - INFO - 162 - trainer - [0/257] Loss: 1.2087
2026/09/03 02:47:04 - __main__ - INFO - 162 - trainer - [52/257] Loss: 1.2177
2026/09/03 02:47:12 - __main__ - INFO - 162 - trainer - [104/257] Loss: 1.2292
2026/09/03 02:47:19 - __main__ - INFO - 162 - trainer - [156/257] Loss: 1.1951
2026/09/03 02:47:27 - __main__ - INFO - 162 - trainer - [208/257] Loss: 1.2415
2026/09/03 02:47:33 - __main__ - INFO - 167 - trainer - Average loss in epoch 368: 1.2005
2026/09/03 02:47:33 - __main__ - INFO - 117 - trainer - Epoch: 369
2026/09/03 02:47:34 - __main__ - INFO - 162 - trainer - [0/257] Loss: 1.1800
2026/09/03 02:47:41 - __main__ - INFO - 162 - trainer - [52/257] Loss: 1.2088
2026/09/03 02:47:48 - __main__ - INFO - 162 - trainer - [104/257] Loss: 1.1849
2026/09/03 02:47:55 - __main__ - INFO - 162 - trainer - [156/257] Loss: 1.1971
2026/09/03 02:48:03 - __main__ - INFO - 162 - trainer - [208/257] Loss: 1.1873
2026/09/03 02:48:10 - __main__ - INFO - 167 - trainer - Average loss in epoch 369: 1.2012
2026/09/03 02:48:10 - __main__ - INFO - 117 - trainer - Epoch: 370
2026/09/03 02:48:10 - __main__ - INFO - 162 - trainer - [0/257] Loss: 1.2055
2026/09/03 02:48:17 - __main__ - INFO - 162 - trainer - [52/257] Loss: 1.1620
2026/09/03 02:48:25 - __main__ - INFO - 162 - trainer - [104/257] Loss: 1.1995
2026/09/03 02:48:32 - __main__ - INFO - 162 - trainer - [156/257] Loss: 1.1828
2026/09/03 02:48:39 - __main__ - INFO - 162 - trainer - [208/257] Loss: 1.2083
2026/09/03 02:48:46 - __main__ - INFO - 167 - trainer - Average loss in epoch 370: 1.2019
2026/09/03 02:48:46 - __main__ - INFO - 117 - trainer - Epoch: 371
2026/09/03 02:48:46 - __main__ - INFO - 162 - trainer - [0/257] Loss: 1.2151
2026/09/03 02:48:54 - __main__ - INFO - 162 - trainer - [52/257] Loss: 1.1932
2026/09/03 02:49:01 - __main__ - INFO - 162 - trainer - [104/257] Loss: 1.1779
2026/09/03 02:49:08 - __main__ - INFO - 162 - trainer - [156/257] Loss: 1.2072
2026/09/03 02:49:16 - __main__ - INFO - 162 - trainer - [208/257] Loss: 1.2151
2026/09/03 02:49:22 - __main__ - INFO - 167 - trainer - Average loss in epoch 371: 1.2011
2026/09/03 02:49:22 - __main__ - INFO - 117 - trainer - Epoch: 372
2026/09/03 02:49:22 - __main__ - INFO - 162 - trainer - [0/257] Loss: 1.1774
2026/09/03 02:49:30 - __main__ - INFO - 162 - trainer - [52/257] Loss: 1.1918
2026/09/03 02:49:37 - __main__ - INFO - 162 - trainer - [104/257] Loss: 1.2149
2026/09/03 02:49:44 - __main__ - INFO - 162 - trainer - [156/257] Loss: 1.1861
2026/09/03 02:49:52 - __main__ - INFO - 162 - trainer - [208/257] Loss: 1.2081
2026/09/03 02:49:58 - __main__ - INFO - 167 - trainer - Average loss in epoch 372: 1.2003
2026/09/03 02:49:58 - __main__ - INFO - 117 - trainer - Epoch: 373
2026/09/03 02:49:59 - __main__ - INFO - 162 - trainer - [0/257] Loss: 1.2230
2026/09/03 02:50:06 - __main__ - INFO - 162 - trainer - [52/257] Loss: 1.2080
2026/09/03 02:50:13 - __main__ - INFO - 162 - trainer - [104/257] Loss: 1.2423
2026/09/03 02:50:21 - __main__ - INFO - 162 - trainer - [156/257] Loss: 1.2030
2026/09/03 02:50:28 - __main__ - INFO - 162 - trainer - [208/257] Loss: 1.1796
2026/09/03 02:50:35 - __main__ - INFO - 167 - trainer - Average loss in epoch 373: 1.2010
2026/09/03 02:50:35 - __main__ - INFO - 117 - trainer - Epoch: 374
2026/09/03 02:50:35 - __main__ - INFO - 162 - trainer - [0/257] Loss: 1.1899
2026/09/03 02:50:42 - __main__ - INFO - 162 - trainer - [52/257] Loss: 1.1902
2026/09/03 02:50:49 - __main__ - INFO - 162 - trainer - [104/257] Loss: 1.1799
2026/09/03 02:50:57 - __main__ - INFO - 162 - trainer - [156/257] Loss: 1.2079
2026/09/03 02:51:04 - __main__ - INFO - 162 - trainer - [208/257] Loss: 1.1958
2026/09/03 02:51:11 - __main__ - INFO - 167 - trainer - Average loss in epoch 374: 1.2014
2026/09/03 02:51:11 - __main__ - INFO - 117 - trainer - Epoch: 375
2026/09/03 02:51:11 - __main__ - INFO - 162 - trainer - [0/257] Loss: 1.1927
2026/09/03 02:51:18 - __main__ - INFO - 162 - trainer - [52/257] Loss: 1.1686
2026/09/03 02:51:26 - __main__ - INFO - 162 - trainer - [104/257] Loss: 1.1617
2026/09/03 02:51:33 - __main__ - INFO - 162 - trainer - [156/257] Loss: 1.2226
2026/09/03 02:51:40 - __main__ - INFO - 162 - trainer - [208/257] Loss: 1.2009
2026/09/03 02:51:47 - __main__ - INFO - 167 - trainer - Average loss in epoch 375: 1.2020
2026/09/03 02:51:47 - __main__ - INFO - 117 - trainer - Epoch: 376
2026/09/03 02:51:47 - __main__ - INFO - 162 - trainer - [0/257] Loss: 1.2112
2026/09/03 02:51:55 - __main__ - INFO - 162 - trainer - [52/257] Loss: 1.1800
2026/09/03 02:52:02 - __main__ - INFO - 162 - trainer - [104/257] Loss: 1.2238
2026/09/03 02:52:09 - __main__ - INFO - 162 - trainer - [156/257] Loss: 1.2043
2026/09/03 02:52:17 - __main__ - INFO - 162 - trainer - [208/257] Loss: 1.2160
2026/09/03 02:52:23 - __main__ - INFO - 167 - trainer - Average loss in epoch 376: 1.2011
2026/09/03 02:52:23 - __main__ - INFO - 117 - trainer - Epoch: 377
2026/09/03 02:52:24 - __main__ - INFO - 162 - trainer - [0/257] Loss: 1.1952
2026/09/03 02:52:31 - __main__ - INFO - 162 - trainer - [52/257] Loss: 1.2064
2026/09/03 02:52:38 - __main__ - INFO - 162 - trainer - [104/257] Loss: 1.1750
2026/09/03 02:52:46 - __main__ - INFO - 162 - trainer - [156/257] Loss: 1.2100
2026/09/03 02:52:53 - __main__ - INFO - 162 - trainer - [208/257] Loss: 1.2188
2026/09/03 02:53:00 - __main__ - INFO - 167 - trainer - Average loss in epoch 377: 1.2011
2026/09/03 02:53:00 - __main__ - INFO - 117 - trainer - Epoch: 378
2026/09/03 02:53:00 - __main__ - INFO - 162 - trainer - [0/257] Loss: 1.2202
2026/09/03 02:53:08 - __main__ - INFO - 162 - trainer - [52/257] Loss: 1.2231
2026/09/03 02:53:15 - __main__ - INFO - 162 - trainer - [104/257] Loss: 1.2162
2026/09/03 02:53:22 - __main__ - INFO - 162 - trainer - [156/257] Loss: 1.2013
2026/09/03 02:53:30 - __main__ - INFO - 162 - trainer - [208/257] Loss: 1.2030
2026/09/03 02:53:36 - __main__ - INFO - 167 - trainer - Average loss in epoch 378: 1.2018
2026/09/03 02:53:36 - __main__ - INFO - 117 - trainer - Epoch: 379
2026/09/03 02:53:37 - __main__ - INFO - 162 - trainer - [0/257] Loss: 1.2123
2026/09/03 02:53:44 - __main__ - INFO - 162 - trainer - [52/257] Loss: 1.2211
2026/09/03 02:53:51 - __main__ - INFO - 162 - trainer - [104/257] Loss: 1.1922
2026/09/03 02:53:59 - __main__ - INFO - 162 - trainer - [156/257] Loss: 1.1912
2026/09/03 02:54:06 - __main__ - INFO - 162 - trainer - [208/257] Loss: 1.2359
2026/09/03 02:54:13 - __main__ - INFO - 167 - trainer - Average loss in epoch 379: 1.2020
2026/09/03 02:54:13 - __main__ - INFO - 117 - trainer - Epoch: 380
2026/09/03 02:54:13 - __main__ - INFO - 162 - trainer - [0/257] Loss: 1.2154
2026/09/03 02:54:20 - __main__ - INFO - 162 - trainer - [52/257] Loss: 1.1826
2026/09/03 02:54:28 - __main__ - INFO - 162 - trainer - [104/257] Loss: 1.2222
2026/09/03 02:54:35 - __main__ - INFO - 162 - trainer - [156/257] Loss: 1.1731
2026/09/03 02:54:42 - __main__ - INFO - 162 - trainer - [208/257] Loss: 1.1868
2026/09/03 02:54:49 - __main__ - INFO - 167 - trainer - Average loss in epoch 380: 1.2007
2026/09/03 02:54:49 - __main__ - INFO - 173 - trainer - start predicting: 2026-09-03 02:54:49.584840
2026/09/03 02:55:53 - __main__ - INFO - 210 - trainer - {'Best_HR@5': np.float64(7.676), 'Best_HR@10': np.float64(10.76), 'Best_HR@20': np.float64(14.8293), 'Best_NDCG@5': np.float64(5.2747), 'Best_NDCG@10': np.float64(6.2631), 'Best_NDCG@20': np.float64(7.2816)}
2026/09/03 02:55:53 - __main__ - INFO - 211 - trainer - {'Best_epoch_HR@5': 120, 'Best_epoch_HR@10': 80, 'Best_epoch_HR@20': 180, 'Best_epoch_NDCG@5': 280, 'Best_epoch_NDCG@10': 100, 'Best_epoch_NDCG@20': 180}
2026/09/03 03:02:34 - __main__ - INFO - 268 - trainer - Train------------------------------------------------------
2026/09/03 03:02:34 - __main__ - INFO - 270 - trainer - {'HR@5': np.float64(48.2526), 'HR@10': np.float64(58.3979), 'HR@20': np.float64(68.0522), 'NDCG@5': np.float64(37.0832), 'NDCG@10': np.float64(40.3695), 'NDCG@20': np.float64(42.8129)}
2026/09/03 03:02:34 - __main__ - INFO - 274 - trainer - Test------------------------------------------------------
2026/09/03 03:02:34 - __main__ - INFO - 276 - trainer - {'HR@5': np.float64(5.9598), 'HR@10': np.float64(8.3866), 'HR@20': np.float64(11.7234), 'NDCG@5': np.float64(4.1746), 'NDCG@10': np.float64(4.955), 'NDCG@20': np.float64(5.7906)}
2026/09/03 03:02:34 - __main__ - INFO - 279 - trainer - Best Eval---------------------------------------------------------
2026/09/03 03:02:34 - __main__ - INFO - 282 - trainer - {'Best_HR@5': np.float64(7.676), 'Best_HR@10': np.float64(10.76), 'Best_HR@20': np.float64(14.8293), 'Best_NDCG@5': np.float64(5.2747), 'Best_NDCG@10': np.float64(6.2631), 'Best_NDCG@20': np.float64(7.2816)}
2026/09/03 03:02:34 - __main__ - INFO - 283 - trainer - {'Best_epoch_HR@5': 120, 'Best_epoch_HR@10': 80, 'Best_epoch_HR@20': 180, 'Best_epoch_NDCG@5': 280, 'Best_epoch_NDCG@10': 100, 'Best_epoch_NDCG@20': 180}
