2026/09/03 17:49:16 - __main__ - INFO - 73 - main - Namespace(dataset='amazon_beauty', log_file='log/', random_seed=1997, max_len=50, device='cuda', num_gpu=1, batch_size=512, hidden_size=128, dropout=0.1, emb_dropout=0.3, hidden_act='gelu', num_blocks=4, epochs=500, decay_step=100, gamma=0.1, metric_ks=[5, 10, 20], optimizer='Adam', lr=0.001, weight_decay=0, momentum=None, lambda_uncertainty=0.001, eval_interval=20, patience=5, eps=0.001, sample_N=30, lambda_t=0.001, dropout_c=0.1, eps_reverse=0.001, m_logNorm=1.0, s_logNorm=0.6, s_modsamp=1.0, last=2, mask_ratio=1.0, sampling_method='mode', Loss_Alpha=0.2, Loss_Beta=0.4)
2026/09/03 17:49:17 - __main__ - INFO - 117 - trainer - Epoch: 0
2026/09/03 17:49:17 - __main__ - INFO - 162 - trainer - [0/257] Loss: 12.4857
2026/09/03 17:49:24 - __main__ - INFO - 162 - trainer - [52/257] Loss: 7.9851
2026/09/03 17:49:31 - __main__ - INFO - 162 - trainer - [104/257] Loss: 6.8329
2026/09/03 17:49:38 - __main__ - INFO - 162 - trainer - [156/257] Loss: 6.0366
2026/09/03 17:49:45 - __main__ - INFO - 162 - trainer - [208/257] Loss: 5.5187
2026/09/03 17:49:51 - __main__ - INFO - 167 - trainer - Average loss in epoch 0: 6.8017
2026/09/03 17:49:51 - __main__ - INFO - 117 - trainer - Epoch: 1
2026/09/03 17:49:52 - __main__ - INFO - 162 - trainer - [0/257] Loss: 4.9329
2026/09/03 17:49:59 - __main__ - INFO - 162 - trainer - [52/257] Loss: 4.5268
2026/09/03 17:50:06 - __main__ - INFO - 162 - trainer - [104/257] Loss: 4.1539
2026/09/03 17:50:12 - __main__ - INFO - 162 - trainer - [156/257] Loss: 3.6361
2026/09/03 17:50:19 - __main__ - INFO - 162 - trainer - [208/257] Loss: 3.2520
2026/09/03 17:50:26 - __main__ - INFO - 167 - trainer - Average loss in epoch 1: 3.9259
2026/09/03 17:50:26 - __main__ - INFO - 117 - trainer - Epoch: 2
2026/09/03 17:50:26 - __main__ - INFO - 162 - trainer - [0/257] Loss: 3.0500
2026/09/03 17:50:33 - __main__ - INFO - 162 - trainer - [52/257] Loss: 2.9978
2026/09/03 17:50:39 - __main__ - INFO - 162 - trainer - [104/257] Loss: 2.9670
2026/09/03 17:50:46 - __main__ - INFO - 162 - trainer - [156/257] Loss: 2.9240
2026/09/03 17:50:52 - __main__ - INFO - 162 - trainer - [208/257] Loss: 2.9061
2026/09/03 17:50:58 - __main__ - INFO - 167 - trainer - Average loss in epoch 2: 2.9429
2026/09/03 17:50:58 - __main__ - INFO - 117 - trainer - Epoch: 3
2026/09/03 17:50:58 - __main__ - INFO - 162 - trainer - [0/257] Loss: 2.8778
2026/09/03 17:51:05 - __main__ - INFO - 162 - trainer - [52/257] Loss: 2.8516
2026/09/03 17:51:12 - __main__ - INFO - 162 - trainer - [104/257] Loss: 2.8364
2026/09/03 17:51:18 - __main__ - INFO - 162 - trainer - [156/257] Loss: 2.8396
2026/09/03 17:51:25 - __main__ - INFO - 162 - trainer - [208/257] Loss: 2.8042
2026/09/03 17:51:31 - __main__ - INFO - 167 - trainer - Average loss in epoch 3: 2.8267
2026/09/03 17:51:31 - __main__ - INFO - 117 - trainer - Epoch: 4
2026/09/03 17:51:31 - __main__ - INFO - 162 - trainer - [0/257] Loss: 2.7711
2026/09/03 17:51:38 - __main__ - INFO - 162 - trainer - [52/257] Loss: 2.7666
2026/09/03 17:51:44 - __main__ - INFO - 162 - trainer - [104/257] Loss: 2.7384
2026/09/03 17:51:51 - __main__ - INFO - 162 - trainer - [156/257] Loss: 2.7214
2026/09/03 17:51:57 - __main__ - INFO - 162 - trainer - [208/257] Loss: 2.6837
2026/09/03 17:52:03 - __main__ - INFO - 167 - trainer - Average loss in epoch 4: 2.7308
2026/09/03 17:52:03 - __main__ - INFO - 117 - trainer - Epoch: 5
2026/09/03 17:52:03 - __main__ - INFO - 162 - trainer - [0/257] Loss: 2.6632
2026/09/03 17:52:10 - __main__ - INFO - 162 - trainer - [52/257] Loss: 2.6585
2026/09/03 17:52:16 - __main__ - INFO - 162 - trainer - [104/257] Loss: 2.6334
2026/09/03 17:52:23 - __main__ - INFO - 162 - trainer - [156/257] Loss: 2.6189
2026/09/03 17:52:29 - __main__ - INFO - 162 - trainer - [208/257] Loss: 2.6215
2026/09/03 17:52:35 - __main__ - INFO - 167 - trainer - Average loss in epoch 5: 2.6406
2026/09/03 17:52:35 - __main__ - INFO - 117 - trainer - Epoch: 6
2026/09/03 17:52:35 - __main__ - INFO - 162 - trainer - [0/257] Loss: 2.6091
2026/09/03 17:52:42 - __main__ - INFO - 162 - trainer - [52/257] Loss: 2.5802
2026/09/03 17:52:49 - __main__ - INFO - 162 - trainer - [104/257] Loss: 2.5804
2026/09/03 17:52:55 - __main__ - INFO - 162 - trainer - [156/257] Loss: 2.5388
2026/09/03 17:53:02 - __main__ - INFO - 162 - trainer - [208/257] Loss: 2.5413
2026/09/03 17:53:07 - __main__ - INFO - 167 - trainer - Average loss in epoch 6: 2.5645
2026/09/03 17:53:07 - __main__ - INFO - 117 - trainer - Epoch: 7
2026/09/03 17:53:08 - __main__ - INFO - 162 - trainer - [0/257] Loss: 2.5185
2026/09/03 17:53:14 - __main__ - INFO - 162 - trainer - [52/257] Loss: 2.4921
2026/09/03 17:53:20 - __main__ - INFO - 162 - trainer - [104/257] Loss: 2.5147
2026/09/03 17:53:26 - __main__ - INFO - 162 - trainer - [156/257] Loss: 2.4766
2026/09/03 17:53:32 - __main__ - INFO - 162 - trainer - [208/257] Loss: 2.4911
2026/09/03 17:53:38 - __main__ - INFO - 167 - trainer - Average loss in epoch 7: 2.4998
2026/09/03 17:53:38 - __main__ - INFO - 117 - trainer - Epoch: 8
2026/09/03 17:53:38 - __main__ - INFO - 162 - trainer - [0/257] Loss: 2.4489
2026/09/03 17:53:45 - __main__ - INFO - 162 - trainer - [52/257] Loss: 2.4399
2026/09/03 17:53:52 - __main__ - INFO - 162 - trainer - [104/257] Loss: 2.4398
2026/09/03 17:53:59 - __main__ - INFO - 162 - trainer - [156/257] Loss: 2.4761
2026/09/03 17:54:05 - __main__ - INFO - 162 - trainer - [208/257] Loss: 2.4098
2026/09/03 17:54:11 - __main__ - INFO - 167 - trainer - Average loss in epoch 8: 2.4412
2026/09/03 17:54:11 - __main__ - INFO - 117 - trainer - Epoch: 9
2026/09/03 17:54:12 - __main__ - INFO - 162 - trainer - [0/257] Loss: 2.3923
2026/09/03 17:54:18 - __main__ - INFO - 162 - trainer - [52/257] Loss: 2.4069
2026/09/03 17:54:25 - __main__ - INFO - 162 - trainer - [104/257] Loss: 2.3741
2026/09/03 17:54:32 - __main__ - INFO - 162 - trainer - [156/257] Loss: 2.3988
2026/09/03 17:54:39 - __main__ - INFO - 162 - trainer - [208/257] Loss: 2.4093
2026/09/03 17:54:45 - __main__ - INFO - 167 - trainer - Average loss in epoch 9: 2.3866
2026/09/03 17:54:45 - __main__ - INFO - 117 - trainer - Epoch: 10
2026/09/03 17:54:45 - __main__ - INFO - 162 - trainer - [0/257] Loss: 2.3585
2026/09/03 17:54:52 - __main__ - INFO - 162 - trainer - [52/257] Loss: 2.3374
2026/09/03 17:54:59 - __main__ - INFO - 162 - trainer - [104/257] Loss: 2.3731
2026/09/03 17:55:05 - __main__ - INFO - 162 - trainer - [156/257] Loss: 2.3512
2026/09/03 17:55:12 - __main__ - INFO - 162 - trainer - [208/257] Loss: 2.3071
2026/09/03 17:55:19 - __main__ - INFO - 167 - trainer - Average loss in epoch 10: 2.3335
2026/09/03 17:55:19 - __main__ - INFO - 117 - trainer - Epoch: 11
2026/09/03 17:55:19 - __main__ - INFO - 162 - trainer - [0/257] Loss: 2.3431
2026/09/03 17:55:25 - __main__ - INFO - 162 - trainer - [52/257] Loss: 2.2915
2026/09/03 17:55:32 - __main__ - INFO - 162 - trainer - [104/257] Loss: 2.2956
2026/09/03 17:55:39 - __main__ - INFO - 162 - trainer - [156/257] Loss: 2.3232
2026/09/03 17:55:46 - __main__ - INFO - 162 - trainer - [208/257] Loss: 2.2625
2026/09/03 17:55:52 - __main__ - INFO - 167 - trainer - Average loss in epoch 11: 2.2827
2026/09/03 17:55:52 - __main__ - INFO - 117 - trainer - Epoch: 12
2026/09/03 17:55:52 - __main__ - INFO - 162 - trainer - [0/257] Loss: 2.2648
2026/09/03 17:55:58 - __main__ - INFO - 162 - trainer - [52/257] Loss: 2.2745
2026/09/03 17:56:05 - __main__ - INFO - 162 - trainer - [104/257] Loss: 2.2357
2026/09/03 17:56:11 - __main__ - INFO - 162 - trainer - [156/257] Loss: 2.2119
2026/09/03 17:56:18 - __main__ - INFO - 162 - trainer - [208/257] Loss: 2.2505
2026/09/03 17:56:23 - __main__ - INFO - 167 - trainer - Average loss in epoch 12: 2.2350
2026/09/03 17:56:23 - __main__ - INFO - 117 - trainer - Epoch: 13
2026/09/03 17:56:24 - __main__ - INFO - 162 - trainer - [0/257] Loss: 2.2712
2026/09/03 17:56:30 - __main__ - INFO - 162 - trainer - [52/257] Loss: 2.1968
2026/09/03 17:56:37 - __main__ - INFO - 162 - trainer - [104/257] Loss: 2.1720
2026/09/03 17:56:44 - __main__ - INFO - 162 - trainer - [156/257] Loss: 2.2001
2026/09/03 17:56:50 - __main__ - INFO - 162 - trainer - [208/257] Loss: 2.1641
2026/09/03 17:56:56 - __main__ - INFO - 167 - trainer - Average loss in epoch 13: 2.1893
2026/09/03 17:56:56 - __main__ - INFO - 117 - trainer - Epoch: 14
2026/09/03 17:56:56 - __main__ - INFO - 162 - trainer - [0/257] Loss: 2.1676
2026/09/03 17:57:03 - __main__ - INFO - 162 - trainer - [52/257] Loss: 2.1906
2026/09/03 17:57:10 - __main__ - INFO - 162 - trainer - [104/257] Loss: 2.1763
2026/09/03 17:57:16 - __main__ - INFO - 162 - trainer - [156/257] Loss: 2.1904
2026/09/03 17:57:23 - __main__ - INFO - 162 - trainer - [208/257] Loss: 2.1187
2026/09/03 17:57:29 - __main__ - INFO - 167 - trainer - Average loss in epoch 14: 2.1473
2026/09/03 17:57:29 - __main__ - INFO - 117 - trainer - Epoch: 15
2026/09/03 17:57:29 - __main__ - INFO - 162 - trainer - [0/257] Loss: 2.1747
2026/09/03 17:57:35 - __main__ - INFO - 162 - trainer - [52/257] Loss: 2.1503
2026/09/03 17:57:42 - __main__ - INFO - 162 - trainer - [104/257] Loss: 2.1415
2026/09/03 17:57:48 - __main__ - INFO - 162 - trainer - [156/257] Loss: 2.1157
2026/09/03 17:57:54 - __main__ - INFO - 162 - trainer - [208/257] Loss: 2.1552
2026/09/03 17:58:00 - __main__ - INFO - 167 - trainer - Average loss in epoch 15: 2.1079
2026/09/03 17:58:00 - __main__ - INFO - 117 - trainer - Epoch: 16
2026/09/03 17:58:00 - __main__ - INFO - 162 - trainer - [0/257] Loss: 2.0701
2026/09/03 17:58:07 - __main__ - INFO - 162 - trainer - [52/257] Loss: 2.1003
2026/09/03 17:58:13 - __main__ - INFO - 162 - trainer - [104/257] Loss: 2.0828
2026/09/03 17:58:20 - __main__ - INFO - 162 - trainer - [156/257] Loss: 2.0922
2026/09/03 17:58:26 - __main__ - INFO - 162 - trainer - [208/257] Loss: 2.0683
2026/09/03 17:58:32 - __main__ - INFO - 167 - trainer - Average loss in epoch 16: 2.0705
2026/09/03 17:58:32 - __main__ - INFO - 117 - trainer - Epoch: 17
2026/09/03 17:58:32 - __main__ - INFO - 162 - trainer - [0/257] Loss: 2.0197
2026/09/03 17:58:39 - __main__ - INFO - 162 - trainer - [52/257] Loss: 2.0531
2026/09/03 17:58:45 - __main__ - INFO - 162 - trainer - [104/257] Loss: 2.0340
2026/09/03 17:58:52 - __main__ - INFO - 162 - trainer - [156/257] Loss: 2.0242
2026/09/03 17:58:58 - __main__ - INFO - 162 - trainer - [208/257] Loss: 1.9900
2026/09/03 17:59:04 - __main__ - INFO - 167 - trainer - Average loss in epoch 17: 2.0359
2026/09/03 17:59:04 - __main__ - INFO - 117 - trainer - Epoch: 18
2026/09/03 17:59:04 - __main__ - INFO - 162 - trainer - [0/257] Loss: 1.9975
2026/09/03 17:59:10 - __main__ - INFO - 162 - trainer - [52/257] Loss: 2.0035
2026/09/03 17:59:17 - __main__ - INFO - 162 - trainer - [104/257] Loss: 2.0065
2026/09/03 17:59:23 - __main__ - INFO - 162 - trainer - [156/257] Loss: 2.0599
2026/09/03 17:59:29 - __main__ - INFO - 162 - trainer - [208/257] Loss: 2.0164
2026/09/03 17:59:35 - __main__ - INFO - 167 - trainer - Average loss in epoch 18: 2.0039
2026/09/03 17:59:35 - __main__ - INFO - 117 - trainer - Epoch: 19
2026/09/03 17:59:35 - __main__ - INFO - 162 - trainer - [0/257] Loss: 1.9914
2026/09/03 17:59:42 - __main__ - INFO - 162 - trainer - [52/257] Loss: 1.9620
2026/09/03 17:59:48 - __main__ - INFO - 162 - trainer - [104/257] Loss: 1.9858
2026/09/03 17:59:54 - __main__ - INFO - 162 - trainer - [156/257] Loss: 2.0107
2026/09/03 18:00:00 - __main__ - INFO - 162 - trainer - [208/257] Loss: 1.9848
2026/09/03 18:00:06 - __main__ - INFO - 167 - trainer - Average loss in epoch 19: 1.9727
2026/09/03 18:00:06 - __main__ - INFO - 117 - trainer - Epoch: 20
2026/09/03 18:00:06 - __main__ - INFO - 162 - trainer - [0/257] Loss: 1.8858
2026/09/03 18:00:13 - __main__ - INFO - 162 - trainer - [52/257] Loss: 1.9190
2026/09/03 18:00:19 - __main__ - INFO - 162 - trainer - [104/257] Loss: 1.9591
2026/09/03 18:00:25 - __main__ - INFO - 162 - trainer - [156/257] Loss: 1.9850
2026/09/03 18:00:32 - __main__ - INFO - 162 - trainer - [208/257] Loss: 1.8990
2026/09/03 18:00:38 - __main__ - INFO - 167 - trainer - Average loss in epoch 20: 1.9446
2026/09/03 18:00:38 - __main__ - INFO - 173 - trainer - start predicting: 2026-09-03 18:00:38.054873
2026/09/03 18:01:25 - __main__ - INFO - 203 - trainer - {'Best_HR@5': np.float64(4.4034), 'Best_HR@10': np.float64(6.4131), 'Best_HR@20': np.float64(9.1477), 'Best_NDCG@5': np.float64(3.097), 'Best_NDCG@10': np.float64(3.7452), 'Best_NDCG@20': np.float64(4.4346)}
2026/09/03 18:01:25 - __main__ - INFO - 204 - trainer - {'Best_epoch_HR@5': 20, 'Best_epoch_HR@10': 20, 'Best_epoch_HR@20': 20, 'Best_epoch_NDCG@5': 20, 'Best_epoch_NDCG@10': 20, 'Best_epoch_NDCG@20': 20}
2026/09/03 18:01:25 - __main__ - INFO - 117 - trainer - Epoch: 21
2026/09/03 18:01:25 - __main__ - INFO - 162 - trainer - [0/257] Loss: 1.9440
2026/09/03 18:01:33 - __main__ - INFO - 162 - trainer - [52/257] Loss: 1.9339
2026/09/03 18:01:39 - __main__ - INFO - 162 - trainer - [104/257] Loss: 1.8878
2026/09/03 18:01:46 - __main__ - INFO - 162 - trainer - [156/257] Loss: 1.9075
2026/09/03 18:01:52 - __main__ - INFO - 162 - trainer - [208/257] Loss: 1.9099
2026/09/03 18:01:58 - __main__ - INFO - 167 - trainer - Average loss in epoch 21: 1.9173
2026/09/03 18:01:58 - __main__ - INFO - 117 - trainer - Epoch: 22
2026/09/03 18:01:58 - __main__ - INFO - 162 - trainer - [0/257] Loss: 1.8911
2026/09/03 18:02:05 - __main__ - INFO - 162 - trainer - [52/257] Loss: 1.8647
2026/09/03 18:02:11 - __main__ - INFO - 162 - trainer - [104/257] Loss: 1.8689
2026/09/03 18:02:18 - __main__ - INFO - 162 - trainer - [156/257] Loss: 1.8957
2026/09/03 18:02:25 - __main__ - INFO - 162 - trainer - [208/257] Loss: 1.8970
2026/09/03 18:02:30 - __main__ - INFO - 167 - trainer - Average loss in epoch 22: 1.8914
2026/09/03 18:02:30 - __main__ - INFO - 117 - trainer - Epoch: 23
2026/09/03 18:02:30 - __main__ - INFO - 162 - trainer - [0/257] Loss: 1.8209
2026/09/03 18:02:37 - __main__ - INFO - 162 - trainer - [52/257] Loss: 1.8697
2026/09/03 18:02:43 - __main__ - INFO - 162 - trainer - [104/257] Loss: 1.8443
2026/09/03 18:02:49 - __main__ - INFO - 162 - trainer - [156/257] Loss: 1.8679
2026/09/03 18:02:56 - __main__ - INFO - 162 - trainer - [208/257] Loss: 1.8426
2026/09/03 18:03:01 - __main__ - INFO - 167 - trainer - Average loss in epoch 23: 1.8678
2026/09/03 18:03:01 - __main__ - INFO - 117 - trainer - Epoch: 24
2026/09/03 18:03:02 - __main__ - INFO - 162 - trainer - [0/257] Loss: 1.8391
2026/09/03 18:03:08 - __main__ - INFO - 162 - trainer - [52/257] Loss: 1.8473
2026/09/03 18:03:14 - __main__ - INFO - 162 - trainer - [104/257] Loss: 1.8493
2026/09/03 18:03:20 - __main__ - INFO - 162 - trainer - [156/257] Loss: 1.8016
2026/09/03 18:03:27 - __main__ - INFO - 162 - trainer - [208/257] Loss: 1.8567
2026/09/03 18:03:32 - __main__ - INFO - 167 - trainer - Average loss in epoch 24: 1.8450
2026/09/03 18:03:32 - __main__ - INFO - 117 - trainer - Epoch: 25
2026/09/03 18:03:32 - __main__ - INFO - 162 - trainer - [0/257] Loss: 1.7895
2026/09/03 18:03:39 - __main__ - INFO - 162 - trainer - [52/257] Loss: 1.8425
2026/09/03 18:03:45 - __main__ - INFO - 162 - trainer - [104/257] Loss: 1.8462
2026/09/03 18:03:51 - __main__ - INFO - 162 - trainer - [156/257] Loss: 1.7736
2026/09/03 18:03:58 - __main__ - INFO - 162 - trainer - [208/257] Loss: 1.8014
2026/09/03 18:04:06 - __main__ - INFO - 167 - trainer - Average loss in epoch 25: 1.8242
2026/09/03 18:04:06 - __main__ - INFO - 117 - trainer - Epoch: 26
2026/09/03 18:04:06 - __main__ - INFO - 162 - trainer - [0/257] Loss: 1.8086
2026/09/03 18:04:13 - __main__ - INFO - 162 - trainer - [52/257] Loss: 1.8225
2026/09/03 18:04:19 - __main__ - INFO - 162 - trainer - [104/257] Loss: 1.7761
2026/09/03 18:04:26 - __main__ - INFO - 162 - trainer - [156/257] Loss: 1.7609
2026/09/03 18:04:32 - __main__ - INFO - 162 - trainer - [208/257] Loss: 1.7950
2026/09/03 18:04:38 - __main__ - INFO - 167 - trainer - Average loss in epoch 26: 1.8041
2026/09/03 18:04:38 - __main__ - INFO - 117 - trainer - Epoch: 27
2026/09/03 18:04:38 - __main__ - INFO - 162 - trainer - [0/257] Loss: 1.7940
2026/09/03 18:04:44 - __main__ - INFO - 162 - trainer - [52/257] Loss: 1.7936
2026/09/03 18:04:50 - __main__ - INFO - 162 - trainer - [104/257] Loss: 1.7801
2026/09/03 18:04:57 - __main__ - INFO - 162 - trainer - [156/257] Loss: 1.7510
2026/09/03 18:05:03 - __main__ - INFO - 162 - trainer - [208/257] Loss: 1.7905
2026/09/03 18:05:09 - __main__ - INFO - 167 - trainer - Average loss in epoch 27: 1.7849
2026/09/03 18:05:09 - __main__ - INFO - 117 - trainer - Epoch: 28
2026/09/03 18:05:09 - __main__ - INFO - 162 - trainer - [0/257] Loss: 1.7580
2026/09/03 18:05:15 - __main__ - INFO - 162 - trainer - [52/257] Loss: 1.7765
2026/09/03 18:05:21 - __main__ - INFO - 162 - trainer - [104/257] Loss: 1.7995
2026/09/03 18:05:27 - __main__ - INFO - 162 - trainer - [156/257] Loss: 1.7671
2026/09/03 18:05:33 - __main__ - INFO - 162 - trainer - [208/257] Loss: 1.7596
2026/09/03 18:05:40 - __main__ - INFO - 167 - trainer - Average loss in epoch 28: 1.7671
2026/09/03 18:05:40 - __main__ - INFO - 117 - trainer - Epoch: 29
2026/09/03 18:05:40 - __main__ - INFO - 162 - trainer - [0/257] Loss: 1.8110
2026/09/03 18:05:47 - __main__ - INFO - 162 - trainer - [52/257] Loss: 1.7444
2026/09/03 18:05:53 - __main__ - INFO - 162 - trainer - [104/257] Loss: 1.7832
2026/09/03 18:05:59 - __main__ - INFO - 162 - trainer - [156/257] Loss: 1.7397
2026/09/03 18:06:05 - __main__ - INFO - 162 - trainer - [208/257] Loss: 1.7403
2026/09/03 18:06:11 - __main__ - INFO - 167 - trainer - Average loss in epoch 29: 1.7509
2026/09/03 18:06:11 - __main__ - INFO - 117 - trainer - Epoch: 30
2026/09/03 18:06:11 - __main__ - INFO - 162 - trainer - [0/257] Loss: 1.7507
2026/09/03 18:06:18 - __main__ - INFO - 162 - trainer - [52/257] Loss: 1.7345
2026/09/03 18:06:24 - __main__ - INFO - 162 - trainer - [104/257] Loss: 1.7169
2026/09/03 18:06:30 - __main__ - INFO - 162 - trainer - [156/257] Loss: 1.7181
2026/09/03 18:06:37 - __main__ - INFO - 162 - trainer - [208/257] Loss: 1.7485
2026/09/03 18:06:42 - __main__ - INFO - 167 - trainer - Average loss in epoch 30: 1.7346
2026/09/03 18:06:42 - __main__ - INFO - 117 - trainer - Epoch: 31
2026/09/03 18:06:43 - __main__ - INFO - 162 - trainer - [0/257] Loss: 1.7304
2026/09/03 18:06:49 - __main__ - INFO - 162 - trainer - [52/257] Loss: 1.6869
2026/09/03 18:06:55 - __main__ - INFO - 162 - trainer - [104/257] Loss: 1.7440
2026/09/03 18:07:01 - __main__ - INFO - 162 - trainer - [156/257] Loss: 1.7406
2026/09/03 18:07:08 - __main__ - INFO - 162 - trainer - [208/257] Loss: 1.7392
2026/09/03 18:07:13 - __main__ - INFO - 167 - trainer - Average loss in epoch 31: 1.7187
2026/09/03 18:07:13 - __main__ - INFO - 117 - trainer - Epoch: 32
2026/09/03 18:07:13 - __main__ - INFO - 162 - trainer - [0/257] Loss: 1.6885
2026/09/03 18:07:20 - __main__ - INFO - 162 - trainer - [52/257] Loss: 1.6922
2026/09/03 18:07:27 - __main__ - INFO - 162 - trainer - [104/257] Loss: 1.6744
2026/09/03 18:07:33 - __main__ - INFO - 162 - trainer - [156/257] Loss: 1.6860
2026/09/03 18:07:39 - __main__ - INFO - 162 - trainer - [208/257] Loss: 1.7276
2026/09/03 18:07:45 - __main__ - INFO - 167 - trainer - Average loss in epoch 32: 1.7046
2026/09/03 18:07:45 - __main__ - INFO - 117 - trainer - Epoch: 33
2026/09/03 18:07:45 - __main__ - INFO - 162 - trainer - [0/257] Loss: 1.6693
2026/09/03 18:07:51 - __main__ - INFO - 162 - trainer - [52/257] Loss: 1.6809
2026/09/03 18:07:57 - __main__ - INFO - 162 - trainer - [104/257] Loss: 1.6942
2026/09/03 18:08:04 - __main__ - INFO - 162 - trainer - [156/257] Loss: 1.6599
2026/09/03 18:08:10 - __main__ - INFO - 162 - trainer - [208/257] Loss: 1.6942
2026/09/03 18:08:16 - __main__ - INFO - 167 - trainer - Average loss in epoch 33: 1.6914
2026/09/03 18:08:16 - __main__ - INFO - 117 - trainer - Epoch: 34
2026/09/03 18:08:16 - __main__ - INFO - 162 - trainer - [0/257] Loss: 1.6846
2026/09/03 18:08:23 - __main__ - INFO - 162 - trainer - [52/257] Loss: 1.6873
2026/09/03 18:08:29 - __main__ - INFO - 162 - trainer - [104/257] Loss: 1.6938
2026/09/03 18:08:36 - __main__ - INFO - 162 - trainer - [156/257] Loss: 1.6682
2026/09/03 18:08:42 - __main__ - INFO - 162 - trainer - [208/257] Loss: 1.7138
2026/09/03 18:08:49 - __main__ - INFO - 167 - trainer - Average loss in epoch 34: 1.6769
2026/09/03 18:08:49 - __main__ - INFO - 117 - trainer - Epoch: 35
2026/09/03 18:08:49 - __main__ - INFO - 162 - trainer - [0/257] Loss: 1.6746
2026/09/03 18:08:55 - __main__ - INFO - 162 - trainer - [52/257] Loss: 1.6086
2026/09/03 18:09:02 - __main__ - INFO - 162 - trainer - [104/257] Loss: 1.6255
2026/09/03 18:09:08 - __main__ - INFO - 162 - trainer - [156/257] Loss: 1.6940
2026/09/03 18:09:15 - __main__ - INFO - 162 - trainer - [208/257] Loss: 1.6759
2026/09/03 18:09:20 - __main__ - INFO - 167 - trainer - Average loss in epoch 35: 1.6648
2026/09/03 18:09:20 - __main__ - INFO - 117 - trainer - Epoch: 36
2026/09/03 18:09:21 - __main__ - INFO - 162 - trainer - [0/257] Loss: 1.6392
2026/09/03 18:09:27 - __main__ - INFO - 162 - trainer - [52/257] Loss: 1.6179
2026/09/03 18:09:33 - __main__ - INFO - 162 - trainer - [104/257] Loss: 1.6155
2026/09/03 18:09:40 - __main__ - INFO - 162 - trainer - [156/257] Loss: 1.6668
2026/09/03 18:09:46 - __main__ - INFO - 162 - trainer - [208/257] Loss: 1.6202
2026/09/03 18:09:52 - __main__ - INFO - 167 - trainer - Average loss in epoch 36: 1.6521
2026/09/03 18:09:52 - __main__ - INFO - 117 - trainer - Epoch: 37
2026/09/03 18:09:52 - __main__ - INFO - 162 - trainer - [0/257] Loss: 1.6293
2026/09/03 18:09:58 - __main__ - INFO - 162 - trainer - [52/257] Loss: 1.6562
2026/09/03 18:10:04 - __main__ - INFO - 162 - trainer - [104/257] Loss: 1.6417
2026/09/03 18:10:11 - __main__ - INFO - 162 - trainer - [156/257] Loss: 1.6552
2026/09/03 18:10:17 - __main__ - INFO - 162 - trainer - [208/257] Loss: 1.6644
2026/09/03 18:10:23 - __main__ - INFO - 167 - trainer - Average loss in epoch 37: 1.6409
2026/09/03 18:10:23 - __main__ - INFO - 117 - trainer - Epoch: 38
2026/09/03 18:10:23 - __main__ - INFO - 162 - trainer - [0/257] Loss: 1.6098
2026/09/03 18:10:29 - __main__ - INFO - 162 - trainer - [52/257] Loss: 1.6467
2026/09/03 18:10:36 - __main__ - INFO - 162 - trainer - [104/257] Loss: 1.6139
2026/09/03 18:10:42 - __main__ - INFO - 162 - trainer - [156/257] Loss: 1.6304
2026/09/03 18:10:48 - __main__ - INFO - 162 - trainer - [208/257] Loss: 1.6535
2026/09/03 18:10:54 - __main__ - INFO - 167 - trainer - Average loss in epoch 38: 1.6295
2026/09/03 18:10:54 - __main__ - INFO - 117 - trainer - Epoch: 39
2026/09/03 18:10:54 - __main__ - INFO - 162 - trainer - [0/257] Loss: 1.5984
2026/09/03 18:11:01 - __main__ - INFO - 162 - trainer - [52/257] Loss: 1.6108
2026/09/03 18:11:07 - __main__ - INFO - 162 - trainer - [104/257] Loss: 1.6229
2026/09/03 18:11:13 - __main__ - INFO - 162 - trainer - [156/257] Loss: 1.6365
2026/09/03 18:11:19 - __main__ - INFO - 162 - trainer - [208/257] Loss: 1.6597
2026/09/03 18:11:25 - __main__ - INFO - 167 - trainer - Average loss in epoch 39: 1.6178
2026/09/03 18:11:25 - __main__ - INFO - 117 - trainer - Epoch: 40
2026/09/03 18:11:25 - __main__ - INFO - 162 - trainer - [0/257] Loss: 1.6198
2026/09/03 18:11:31 - __main__ - INFO - 162 - trainer - [52/257] Loss: 1.6234
2026/09/03 18:11:38 - __main__ - INFO - 162 - trainer - [104/257] Loss: 1.6251
2026/09/03 18:11:44 - __main__ - INFO - 162 - trainer - [156/257] Loss: 1.6201
2026/09/03 18:11:50 - __main__ - INFO - 162 - trainer - [208/257] Loss: 1.6016
2026/09/03 18:11:55 - __main__ - INFO - 167 - trainer - Average loss in epoch 40: 1.6077
2026/09/03 18:11:55 - __main__ - INFO - 173 - trainer - start predicting: 2026-09-03 18:11:55.889478
2026/09/03 18:12:43 - __main__ - INFO - 203 - trainer - {'Best_HR@5': np.float64(6.4369), 'Best_HR@10': np.float64(9.1399), 'Best_HR@20': np.float64(12.7084), 'Best_NDCG@5': np.float64(4.5108), 'Best_NDCG@10': np.float64(5.377), 'Best_NDCG@20': np.float64(6.2723)}
2026/09/03 18:12:43 - __main__ - INFO - 204 - trainer - {'Best_epoch_HR@5': 40, 'Best_epoch_HR@10': 40, 'Best_epoch_HR@20': 40, 'Best_epoch_NDCG@5': 40, 'Best_epoch_NDCG@10': 40, 'Best_epoch_NDCG@20': 40}
2026/09/03 18:12:43 - __main__ - INFO - 117 - trainer - Epoch: 41
2026/09/03 18:12:43 - __main__ - INFO - 162 - trainer - [0/257] Loss: 1.6027
2026/09/03 18:12:50 - __main__ - INFO - 162 - trainer - [52/257] Loss: 1.5917
2026/09/03 18:12:56 - __main__ - INFO - 162 - trainer - [104/257] Loss: 1.6198
2026/09/03 18:13:02 - __main__ - INFO - 162 - trainer - [156/257] Loss: 1.6363
2026/09/03 18:13:08 - __main__ - INFO - 162 - trainer - [208/257] Loss: 1.5966
2026/09/03 18:13:14 - __main__ - INFO - 167 - trainer - Average loss in epoch 41: 1.5968
2026/09/03 18:13:14 - __main__ - INFO - 117 - trainer - Epoch: 42
2026/09/03 18:13:14 - __main__ - INFO - 162 - trainer - [0/257] Loss: 1.5796
2026/09/03 18:13:20 - __main__ - INFO - 162 - trainer - [52/257] Loss: 1.6263
2026/09/03 18:13:26 - __main__ - INFO - 162 - trainer - [104/257] Loss: 1.5969
2026/09/03 18:13:32 - __main__ - INFO - 162 - trainer - [156/257] Loss: 1.5376
2026/09/03 18:13:38 - __main__ - INFO - 162 - trainer - [208/257] Loss: 1.6320
2026/09/03 18:13:44 - __main__ - INFO - 167 - trainer - Average loss in epoch 42: 1.5874
2026/09/03 18:13:44 - __main__ - INFO - 117 - trainer - Epoch: 43
2026/09/03 18:13:44 - __main__ - INFO - 162 - trainer - [0/257] Loss: 1.5503
2026/09/03 18:13:50 - __main__ - INFO - 162 - trainer - [52/257] Loss: 1.5914
2026/09/03 18:13:56 - __main__ - INFO - 162 - trainer - [104/257] Loss: 1.5544
2026/09/03 18:14:02 - __main__ - INFO - 162 - trainer - [156/257] Loss: 1.5492
2026/09/03 18:14:08 - __main__ - INFO - 162 - trainer - [208/257] Loss: 1.5830
2026/09/03 18:14:14 - __main__ - INFO - 167 - trainer - Average loss in epoch 43: 1.5771
2026/09/03 18:14:14 - __main__ - INFO - 117 - trainer - Epoch: 44
2026/09/03 18:14:14 - __main__ - INFO - 162 - trainer - [0/257] Loss: 1.5217
2026/09/03 18:14:20 - __main__ - INFO - 162 - trainer - [52/257] Loss: 1.5835
2026/09/03 18:14:26 - __main__ - INFO - 162 - trainer - [104/257] Loss: 1.6035
2026/09/03 18:14:32 - __main__ - INFO - 162 - trainer - [156/257] Loss: 1.5470
2026/09/03 18:14:38 - __main__ - INFO - 162 - trainer - [208/257] Loss: 1.5274
2026/09/03 18:14:44 - __main__ - INFO - 167 - trainer - Average loss in epoch 44: 1.5676
2026/09/03 18:14:44 - __main__ - INFO - 117 - trainer - Epoch: 45
2026/09/03 18:14:44 - __main__ - INFO - 162 - trainer - [0/257] Loss: 1.5452
2026/09/03 18:14:50 - __main__ - INFO - 162 - trainer - [52/257] Loss: 1.5280
2026/09/03 18:14:56 - __main__ - INFO - 162 - trainer - [104/257] Loss: 1.5824
2026/09/03 18:15:02 - __main__ - INFO - 162 - trainer - [156/257] Loss: 1.5939
2026/09/03 18:15:09 - __main__ - INFO - 162 - trainer - [208/257] Loss: 1.5490
2026/09/03 18:15:14 - __main__ - INFO - 167 - trainer - Average loss in epoch 45: 1.5594
2026/09/03 18:15:14 - __main__ - INFO - 117 - trainer - Epoch: 46
2026/09/03 18:15:14 - __main__ - INFO - 162 - trainer - [0/257] Loss: 1.5263
2026/09/03 18:15:21 - __main__ - INFO - 162 - trainer - [52/257] Loss: 1.5292
2026/09/03 18:15:27 - __main__ - INFO - 162 - trainer - [104/257] Loss: 1.5906
2026/09/03 18:15:33 - __main__ - INFO - 162 - trainer - [156/257] Loss: 1.5754
2026/09/03 18:15:39 - __main__ - INFO - 162 - trainer - [208/257] Loss: 1.5939
2026/09/03 18:15:45 - __main__ - INFO - 167 - trainer - Average loss in epoch 46: 1.5499
2026/09/03 18:15:45 - __main__ - INFO - 117 - trainer - Epoch: 47
2026/09/03 18:15:45 - __main__ - INFO - 162 - trainer - [0/257] Loss: 1.4829
2026/09/03 18:15:51 - __main__ - INFO - 162 - trainer - [52/257] Loss: 1.5717
2026/09/03 18:15:57 - __main__ - INFO - 162 - trainer - [104/257] Loss: 1.5831
2026/09/03 18:16:03 - __main__ - INFO - 162 - trainer - [156/257] Loss: 1.5131
2026/09/03 18:16:09 - __main__ - INFO - 162 - trainer - [208/257] Loss: 1.5672
2026/09/03 18:16:15 - __main__ - INFO - 167 - trainer - Average loss in epoch 47: 1.5418
2026/09/03 18:16:15 - __main__ - INFO - 117 - trainer - Epoch: 48
2026/09/03 18:16:15 - __main__ - INFO - 162 - trainer - [0/257] Loss: 1.5349
2026/09/03 18:16:21 - __main__ - INFO - 162 - trainer - [52/257] Loss: 1.5412
2026/09/03 18:16:27 - __main__ - INFO - 162 - trainer - [104/257] Loss: 1.5342
2026/09/03 18:16:33 - __main__ - INFO - 162 - trainer - [156/257] Loss: 1.5731
2026/09/03 18:16:39 - __main__ - INFO - 162 - trainer - [208/257] Loss: 1.5661
2026/09/03 18:16:45 - __main__ - INFO - 167 - trainer - Average loss in epoch 48: 1.5322
2026/09/03 18:16:45 - __main__ - INFO - 117 - trainer - Epoch: 49
2026/09/03 18:16:45 - __main__ - INFO - 162 - trainer - [0/257] Loss: 1.4947
2026/09/03 18:16:51 - __main__ - INFO - 162 - trainer - [52/257] Loss: 1.5107
2026/09/03 18:16:57 - __main__ - INFO - 162 - trainer - [104/257] Loss: 1.5173
2026/09/03 18:17:03 - __main__ - INFO - 162 - trainer - [156/257] Loss: 1.5024
2026/09/03 18:17:09 - __main__ - INFO - 162 - trainer - [208/257] Loss: 1.5450
2026/09/03 18:17:16 - __main__ - INFO - 167 - trainer - Average loss in epoch 49: 1.5248
2026/09/03 18:17:16 - __main__ - INFO - 117 - trainer - Epoch: 50
2026/09/03 18:17:16 - __main__ - INFO - 162 - trainer - [0/257] Loss: 1.5366
2026/09/03 18:17:23 - __main__ - INFO - 162 - trainer - [52/257] Loss: 1.4738
2026/09/03 18:17:30 - __main__ - INFO - 162 - trainer - [104/257] Loss: 1.5249
2026/09/03 18:17:36 - __main__ - INFO - 162 - trainer - [156/257] Loss: 1.4649
2026/09/03 18:17:42 - __main__ - INFO - 162 - trainer - [208/257] Loss: 1.5386
2026/09/03 18:17:48 - __main__ - INFO - 167 - trainer - Average loss in epoch 50: 1.5163
2026/09/03 18:17:48 - __main__ - INFO - 117 - trainer - Epoch: 51
2026/09/03 18:17:48 - __main__ - INFO - 162 - trainer - [0/257] Loss: 1.4817
2026/09/03 18:17:54 - __main__ - INFO - 162 - trainer - [52/257] Loss: 1.5114
2026/09/03 18:18:00 - __main__ - INFO - 162 - trainer - [104/257] Loss: 1.5350
2026/09/03 18:18:06 - __main__ - INFO - 162 - trainer - [156/257] Loss: 1.5365
2026/09/03 18:18:12 - __main__ - INFO - 162 - trainer - [208/257] Loss: 1.4863
2026/09/03 18:18:18 - __main__ - INFO - 167 - trainer - Average loss in epoch 51: 1.5085
2026/09/03 18:18:18 - __main__ - INFO - 117 - trainer - Epoch: 52
2026/09/03 18:18:18 - __main__ - INFO - 162 - trainer - [0/257] Loss: 1.5315
2026/09/03 18:18:24 - __main__ - INFO - 162 - trainer - [52/257] Loss: 1.5058
2026/09/03 18:18:31 - __main__ - INFO - 162 - trainer - [104/257] Loss: 1.4863
2026/09/03 18:18:37 - __main__ - INFO - 162 - trainer - [156/257] Loss: 1.4738
2026/09/03 18:18:43 - __main__ - INFO - 162 - trainer - [208/257] Loss: 1.4921
2026/09/03 18:18:49 - __main__ - INFO - 167 - trainer - Average loss in epoch 52: 1.5007
2026/09/03 18:18:49 - __main__ - INFO - 117 - trainer - Epoch: 53
2026/09/03 18:18:49 - __main__ - INFO - 162 - trainer - [0/257] Loss: 1.4685
2026/09/03 18:18:55 - __main__ - INFO - 162 - trainer - [52/257] Loss: 1.4959
2026/09/03 18:19:01 - __main__ - INFO - 162 - trainer - [104/257] Loss: 1.4977
2026/09/03 18:19:07 - __main__ - INFO - 162 - trainer - [156/257] Loss: 1.4930
2026/09/03 18:19:14 - __main__ - INFO - 162 - trainer - [208/257] Loss: 1.4932
2026/09/03 18:19:19 - __main__ - INFO - 167 - trainer - Average loss in epoch 53: 1.4933
2026/09/03 18:19:19 - __main__ - INFO - 117 - trainer - Epoch: 54
2026/09/03 18:19:19 - __main__ - INFO - 162 - trainer - [0/257] Loss: 1.4598
2026/09/03 18:19:26 - __main__ - INFO - 162 - trainer - [52/257] Loss: 1.4630
2026/09/03 18:19:32 - __main__ - INFO - 162 - trainer - [104/257] Loss: 1.4736
2026/09/03 18:19:38 - __main__ - INFO - 162 - trainer - [156/257] Loss: 1.5075
2026/09/03 18:19:45 - __main__ - INFO - 162 - trainer - [208/257] Loss: 1.4967
2026/09/03 18:19:50 - __main__ - INFO - 167 - trainer - Average loss in epoch 54: 1.4859
2026/09/03 18:19:50 - __main__ - INFO - 117 - trainer - Epoch: 55
2026/09/03 18:19:50 - __main__ - INFO - 162 - trainer - [0/257] Loss: 1.4632
2026/09/03 18:19:57 - __main__ - INFO - 162 - trainer - [52/257] Loss: 1.4378
2026/09/03 18:20:03 - __main__ - INFO - 162 - trainer - [104/257] Loss: 1.4826
2026/09/03 18:20:09 - __main__ - INFO - 162 - trainer - [156/257] Loss: 1.4938
2026/09/03 18:20:15 - __main__ - INFO - 162 - trainer - [208/257] Loss: 1.5176
2026/09/03 18:20:21 - __main__ - INFO - 167 - trainer - Average loss in epoch 55: 1.4797
2026/09/03 18:20:21 - __main__ - INFO - 117 - trainer - Epoch: 56
2026/09/03 18:20:21 - __main__ - INFO - 162 - trainer - [0/257] Loss: 1.4620
2026/09/03 18:20:28 - __main__ - INFO - 162 - trainer - [52/257] Loss: 1.5129
2026/09/03 18:20:34 - __main__ - INFO - 162 - trainer - [104/257] Loss: 1.4547
2026/09/03 18:20:40 - __main__ - INFO - 162 - trainer - [156/257] Loss: 1.4867
2026/09/03 18:20:46 - __main__ - INFO - 162 - trainer - [208/257] Loss: 1.5020
2026/09/03 18:20:52 - __main__ - INFO - 167 - trainer - Average loss in epoch 56: 1.4715
2026/09/03 18:20:52 - __main__ - INFO - 117 - trainer - Epoch: 57
2026/09/03 18:20:52 - __main__ - INFO - 162 - trainer - [0/257] Loss: 1.4413
2026/09/03 18:20:58 - __main__ - INFO - 162 - trainer - [52/257] Loss: 1.4604
2026/09/03 18:21:05 - __main__ - INFO - 162 - trainer - [104/257] Loss: 1.4457
2026/09/03 18:21:11 - __main__ - INFO - 162 - trainer - [156/257] Loss: 1.4706
2026/09/03 18:21:17 - __main__ - INFO - 162 - trainer - [208/257] Loss: 1.5041
2026/09/03 18:21:23 - __main__ - INFO - 167 - trainer - Average loss in epoch 57: 1.4646
2026/09/03 18:21:23 - __main__ - INFO - 117 - trainer - Epoch: 58
2026/09/03 18:21:23 - __main__ - INFO - 162 - trainer - [0/257] Loss: 1.4530
2026/09/03 18:21:29 - __main__ - INFO - 162 - trainer - [52/257] Loss: 1.4280
2026/09/03 18:21:36 - __main__ - INFO - 162 - trainer - [104/257] Loss: 1.4643
2026/09/03 18:21:42 - __main__ - INFO - 162 - trainer - [156/257] Loss: 1.4576
2026/09/03 18:21:48 - __main__ - INFO - 162 - trainer - [208/257] Loss: 1.4987
2026/09/03 18:21:54 - __main__ - INFO - 167 - trainer - Average loss in epoch 58: 1.4592
2026/09/03 18:21:54 - __main__ - INFO - 117 - trainer - Epoch: 59
2026/09/03 18:21:54 - __main__ - INFO - 162 - trainer - [0/257] Loss: 1.4582
2026/09/03 18:22:00 - __main__ - INFO - 162 - trainer - [52/257] Loss: 1.4484
2026/09/03 18:22:06 - __main__ - INFO - 162 - trainer - [104/257] Loss: 1.4302
2026/09/03 18:22:13 - __main__ - INFO - 162 - trainer - [156/257] Loss: 1.4411
2026/09/03 18:22:19 - __main__ - INFO - 162 - trainer - [208/257] Loss: 1.4644
2026/09/03 18:22:25 - __main__ - INFO - 167 - trainer - Average loss in epoch 59: 1.4519
2026/09/03 18:22:25 - __main__ - INFO - 117 - trainer - Epoch: 60
2026/09/03 18:22:25 - __main__ - INFO - 162 - trainer - [0/257] Loss: 1.4183
2026/09/03 18:22:31 - __main__ - INFO - 162 - trainer - [52/257] Loss: 1.4491
2026/09/03 18:22:37 - __main__ - INFO - 162 - trainer - [104/257] Loss: 1.4785
2026/09/03 18:22:43 - __main__ - INFO - 162 - trainer - [156/257] Loss: 1.4368
2026/09/03 18:22:50 - __main__ - INFO - 162 - trainer - [208/257] Loss: 1.4650
2026/09/03 18:22:56 - __main__ - INFO - 167 - trainer - Average loss in epoch 60: 1.4453
2026/09/03 18:22:56 - __main__ - INFO - 173 - trainer - start predicting: 2026-09-03 18:22:56.005326
2026/09/03 18:23:44 - __main__ - INFO - 203 - trainer - {'Best_HR@5': np.float64(7.226), 'Best_HR@10': np.float64(10.4072), 'Best_HR@20': np.float64(14.1844), 'Best_NDCG@5': np.float64(5.0323), 'Best_NDCG@10': np.float64(6.0569), 'Best_NDCG@20': np.float64(7.0124)}
2026/09/03 18:23:44 - __main__ - INFO - 204 - trainer - {'Best_epoch_HR@5': 60, 'Best_epoch_HR@10': 60, 'Best_epoch_HR@20': 60, 'Best_epoch_NDCG@5': 60, 'Best_epoch_NDCG@10': 60, 'Best_epoch_NDCG@20': 60}
2026/09/03 18:23:44 - __main__ - INFO - 117 - trainer - Epoch: 61
2026/09/03 18:23:44 - __main__ - INFO - 162 - trainer - [0/257] Loss: 1.4221
2026/09/03 18:23:50 - __main__ - INFO - 162 - trainer - [52/257] Loss: 1.4343
2026/09/03 18:23:56 - __main__ - INFO - 162 - trainer - [104/257] Loss: 1.4659
2026/09/03 18:24:02 - __main__ - INFO - 162 - trainer - [156/257] Loss: 1.4384
2026/09/03 18:24:08 - __main__ - INFO - 162 - trainer - [208/257] Loss: 1.4579
2026/09/03 18:24:14 - __main__ - INFO - 167 - trainer - Average loss in epoch 61: 1.4386
2026/09/03 18:24:14 - __main__ - INFO - 117 - trainer - Epoch: 62
2026/09/03 18:24:14 - __main__ - INFO - 162 - trainer - [0/257] Loss: 1.4257
2026/09/03 18:24:20 - __main__ - INFO - 162 - trainer - [52/257] Loss: 1.4590
2026/09/03 18:24:27 - __main__ - INFO - 162 - trainer - [104/257] Loss: 1.4195
2026/09/03 18:24:33 - __main__ - INFO - 162 - trainer - [156/257] Loss: 1.4077
2026/09/03 18:24:39 - __main__ - INFO - 162 - trainer - [208/257] Loss: 1.4215
2026/09/03 18:24:45 - __main__ - INFO - 167 - trainer - Average loss in epoch 62: 1.4317
2026/09/03 18:24:45 - __main__ - INFO - 117 - trainer - Epoch: 63
2026/09/03 18:24:45 - __main__ - INFO - 162 - trainer - [0/257] Loss: 1.4065
2026/09/03 18:24:51 - __main__ - INFO - 162 - trainer - [52/257] Loss: 1.4370
2026/09/03 18:24:57 - __main__ - INFO - 162 - trainer - [104/257] Loss: 1.4235
2026/09/03 18:25:03 - __main__ - INFO - 162 - trainer - [156/257] Loss: 1.4562
2026/09/03 18:25:09 - __main__ - INFO - 162 - trainer - [208/257] Loss: 1.4525
2026/09/03 18:25:15 - __main__ - INFO - 167 - trainer - Average loss in epoch 63: 1.4261
2026/09/03 18:25:15 - __main__ - INFO - 117 - trainer - Epoch: 64
2026/09/03 18:25:15 - __main__ - INFO - 162 - trainer - [0/257] Loss: 1.3970
2026/09/03 18:25:22 - __main__ - INFO - 162 - trainer - [52/257] Loss: 1.4587
2026/09/03 18:25:28 - __main__ - INFO - 162 - trainer - [104/257] Loss: 1.4044
2026/09/03 18:25:34 - __main__ - INFO - 162 - trainer - [156/257] Loss: 1.3999
2026/09/03 18:25:40 - __main__ - INFO - 162 - trainer - [208/257] Loss: 1.4120
2026/09/03 18:25:46 - __main__ - INFO - 167 - trainer - Average loss in epoch 64: 1.4200
2026/09/03 18:25:46 - __main__ - INFO - 117 - trainer - Epoch: 65
2026/09/03 18:25:46 - __main__ - INFO - 162 - trainer - [0/257] Loss: 1.3966
2026/09/03 18:25:52 - __main__ - INFO - 162 - trainer - [52/257] Loss: 1.3937
2026/09/03 18:25:58 - __main__ - INFO - 162 - trainer - [104/257] Loss: 1.4164
2026/09/03 18:26:04 - __main__ - INFO - 162 - trainer - [156/257] Loss: 1.3783
2026/09/03 18:26:10 - __main__ - INFO - 162 - trainer - [208/257] Loss: 1.3796
2026/09/03 18:26:16 - __main__ - INFO - 167 - trainer - Average loss in epoch 65: 1.4144
2026/09/03 18:26:16 - __main__ - INFO - 117 - trainer - Epoch: 66
2026/09/03 18:26:16 - __main__ - INFO - 162 - trainer - [0/257] Loss: 1.4221
2026/09/03 18:26:23 - __main__ - INFO - 162 - trainer - [52/257] Loss: 1.3555
2026/09/03 18:26:29 - __main__ - INFO - 162 - trainer - [104/257] Loss: 1.3918
2026/09/03 18:26:35 - __main__ - INFO - 162 - trainer - [156/257] Loss: 1.4220
2026/09/03 18:26:41 - __main__ - INFO - 162 - trainer - [208/257] Loss: 1.4225
2026/09/03 18:26:47 - __main__ - INFO - 167 - trainer - Average loss in epoch 66: 1.4100
2026/09/03 18:26:47 - __main__ - INFO - 117 - trainer - Epoch: 67
2026/09/03 18:26:47 - __main__ - INFO - 162 - trainer - [0/257] Loss: 1.3681
2026/09/03 18:26:53 - __main__ - INFO - 162 - trainer - [52/257] Loss: 1.3703
2026/09/03 18:26:59 - __main__ - INFO - 162 - trainer - [104/257] Loss: 1.4130
2026/09/03 18:27:05 - __main__ - INFO - 162 - trainer - [156/257] Loss: 1.3810
2026/09/03 18:27:11 - __main__ - INFO - 162 - trainer - [208/257] Loss: 1.4250
2026/09/03 18:27:17 - __main__ - INFO - 167 - trainer - Average loss in epoch 67: 1.4031
2026/09/03 18:27:17 - __main__ - INFO - 117 - trainer - Epoch: 68
2026/09/03 18:27:17 - __main__ - INFO - 162 - trainer - [0/257] Loss: 1.4078
2026/09/03 18:27:25 - __main__ - INFO - 162 - trainer - [52/257] Loss: 1.3639
2026/09/03 18:27:31 - __main__ - INFO - 162 - trainer - [104/257] Loss: 1.4343
2026/09/03 18:27:37 - __main__ - INFO - 162 - trainer - [156/257] Loss: 1.4148
2026/09/03 18:27:43 - __main__ - INFO - 162 - trainer - [208/257] Loss: 1.4244
2026/09/03 18:27:49 - __main__ - INFO - 167 - trainer - Average loss in epoch 68: 1.3989
2026/09/03 18:27:49 - __main__ - INFO - 117 - trainer - Epoch: 69
2026/09/03 18:27:49 - __main__ - INFO - 162 - trainer - [0/257] Loss: 1.3800
2026/09/03 18:27:55 - __main__ - INFO - 162 - trainer - [52/257] Loss: 1.3976
2026/09/03 18:28:01 - __main__ - INFO - 162 - trainer - [104/257] Loss: 1.4414
2026/09/03 18:28:07 - __main__ - INFO - 162 - trainer - [156/257] Loss: 1.3852
2026/09/03 18:28:14 - __main__ - INFO - 162 - trainer - [208/257] Loss: 1.4406
2026/09/03 18:28:20 - __main__ - INFO - 167 - trainer - Average loss in epoch 69: 1.3929
2026/09/03 18:28:20 - __main__ - INFO - 117 - trainer - Epoch: 70
2026/09/03 18:28:20 - __main__ - INFO - 162 - trainer - [0/257] Loss: 1.3393
2026/09/03 18:28:26 - __main__ - INFO - 162 - trainer - [52/257] Loss: 1.4068
2026/09/03 18:28:32 - __main__ - INFO - 162 - trainer - [104/257] Loss: 1.3724
2026/09/03 18:28:39 - __main__ - INFO - 162 - trainer - [156/257] Loss: 1.3792
2026/09/03 18:28:45 - __main__ - INFO - 162 - trainer - [208/257] Loss: 1.3624
2026/09/03 18:28:50 - __main__ - INFO - 167 - trainer - Average loss in epoch 70: 1.3881
2026/09/03 18:28:50 - __main__ - INFO - 117 - trainer - Epoch: 71
2026/09/03 18:28:50 - __main__ - INFO - 162 - trainer - [0/257] Loss: 1.4043
2026/09/03 18:28:57 - __main__ - INFO - 162 - trainer - [52/257] Loss: 1.4167
2026/09/03 18:29:03 - __main__ - INFO - 162 - trainer - [104/257] Loss: 1.3848
2026/09/03 18:29:09 - __main__ - INFO - 162 - trainer - [156/257] Loss: 1.4277
2026/09/03 18:29:15 - __main__ - INFO - 162 - trainer - [208/257] Loss: 1.3982
2026/09/03 18:29:21 - __main__ - INFO - 167 - trainer - Average loss in epoch 71: 1.3820
2026/09/03 18:29:21 - __main__ - INFO - 117 - trainer - Epoch: 72
2026/09/03 18:29:21 - __main__ - INFO - 162 - trainer - [0/257] Loss: 1.3476
2026/09/03 18:29:27 - __main__ - INFO - 162 - trainer - [52/257] Loss: 1.4335
2026/09/03 18:29:33 - __main__ - INFO - 162 - trainer - [104/257] Loss: 1.3425
2026/09/03 18:29:39 - __main__ - INFO - 162 - trainer - [156/257] Loss: 1.3863
2026/09/03 18:29:45 - __main__ - INFO - 162 - trainer - [208/257] Loss: 1.3479
2026/09/03 18:29:51 - __main__ - INFO - 167 - trainer - Average loss in epoch 72: 1.3782
2026/09/03 18:29:51 - __main__ - INFO - 117 - trainer - Epoch: 73
2026/09/03 18:29:51 - __main__ - INFO - 162 - trainer - [0/257] Loss: 1.3518
2026/09/03 18:29:57 - __main__ - INFO - 162 - trainer - [52/257] Loss: 1.3823
2026/09/03 18:30:03 - __main__ - INFO - 162 - trainer - [104/257] Loss: 1.3959
2026/09/03 18:30:11 - __main__ - INFO - 162 - trainer - [156/257] Loss: 1.3941
2026/09/03 18:30:17 - __main__ - INFO - 162 - trainer - [208/257] Loss: 1.3609
2026/09/03 18:30:23 - __main__ - INFO - 167 - trainer - Average loss in epoch 73: 1.3719
2026/09/03 18:30:23 - __main__ - INFO - 117 - trainer - Epoch: 74
2026/09/03 18:30:23 - __main__ - INFO - 162 - trainer - [0/257] Loss: 1.3559
2026/09/03 18:30:29 - __main__ - INFO - 162 - trainer - [52/257] Loss: 1.3905
2026/09/03 18:30:35 - __main__ - INFO - 162 - trainer - [104/257] Loss: 1.3671
2026/09/03 18:30:41 - __main__ - INFO - 162 - trainer - [156/257] Loss: 1.3968
2026/09/03 18:30:48 - __main__ - INFO - 162 - trainer - [208/257] Loss: 1.3910
2026/09/03 18:30:53 - __main__ - INFO - 167 - trainer - Average loss in epoch 74: 1.3689
2026/09/03 18:30:53 - __main__ - INFO - 117 - trainer - Epoch: 75
2026/09/03 18:30:53 - __main__ - INFO - 162 - trainer - [0/257] Loss: 1.3547
2026/09/03 18:30:59 - __main__ - INFO - 162 - trainer - [52/257] Loss: 1.3438
2026/09/03 18:31:05 - __main__ - INFO - 162 - trainer - [104/257] Loss: 1.3735
2026/09/03 18:31:12 - __main__ - INFO - 162 - trainer - [156/257] Loss: 1.3427
2026/09/03 18:31:18 - __main__ - INFO - 162 - trainer - [208/257] Loss: 1.3808
2026/09/03 18:31:23 - __main__ - INFO - 167 - trainer - Average loss in epoch 75: 1.3631
2026/09/03 18:31:23 - __main__ - INFO - 117 - trainer - Epoch: 76
2026/09/03 18:31:24 - __main__ - INFO - 162 - trainer - [0/257] Loss: 1.3978
2026/09/03 18:31:30 - __main__ - INFO - 162 - trainer - [52/257] Loss: 1.3535
2026/09/03 18:31:36 - __main__ - INFO - 162 - trainer - [104/257] Loss: 1.3473
2026/09/03 18:31:42 - __main__ - INFO - 162 - trainer - [156/257] Loss: 1.3621
2026/09/03 18:31:48 - __main__ - INFO - 162 - trainer - [208/257] Loss: 1.3720
2026/09/03 18:31:54 - __main__ - INFO - 167 - trainer - Average loss in epoch 76: 1.3580
2026/09/03 18:31:54 - __main__ - INFO - 117 - trainer - Epoch: 77
2026/09/03 18:31:54 - __main__ - INFO - 162 - trainer - [0/257] Loss: 1.3222
2026/09/03 18:32:00 - __main__ - INFO - 162 - trainer - [52/257] Loss: 1.3135
2026/09/03 18:32:06 - __main__ - INFO - 162 - trainer - [104/257] Loss: 1.4108
2026/09/03 18:32:12 - __main__ - INFO - 162 - trainer - [156/257] Loss: 1.3646
2026/09/03 18:32:18 - __main__ - INFO - 162 - trainer - [208/257] Loss: 1.3473
2026/09/03 18:32:24 - __main__ - INFO - 167 - trainer - Average loss in epoch 77: 1.3543
2026/09/03 18:32:24 - __main__ - INFO - 117 - trainer - Epoch: 78
2026/09/03 18:32:24 - __main__ - INFO - 162 - trainer - [0/257] Loss: 1.3486
2026/09/03 18:32:30 - __main__ - INFO - 162 - trainer - [52/257] Loss: 1.3670
2026/09/03 18:32:36 - __main__ - INFO - 162 - trainer - [104/257] Loss: 1.3569
2026/09/03 18:32:42 - __main__ - INFO - 162 - trainer - [156/257] Loss: 1.3629
2026/09/03 18:32:49 - __main__ - INFO - 162 - trainer - [208/257] Loss: 1.3825
2026/09/03 18:32:54 - __main__ - INFO - 167 - trainer - Average loss in epoch 78: 1.3503
2026/09/03 18:32:54 - __main__ - INFO - 117 - trainer - Epoch: 79
2026/09/03 18:32:54 - __main__ - INFO - 162 - trainer - [0/257] Loss: 1.3625
2026/09/03 18:33:00 - __main__ - INFO - 162 - trainer - [52/257] Loss: 1.3167
2026/09/03 18:33:07 - __main__ - INFO - 162 - trainer - [104/257] Loss: 1.3365
2026/09/03 18:33:13 - __main__ - INFO - 162 - trainer - [156/257] Loss: 1.3837
2026/09/03 18:33:19 - __main__ - INFO - 162 - trainer - [208/257] Loss: 1.3292
2026/09/03 18:33:24 - __main__ - INFO - 167 - trainer - Average loss in epoch 79: 1.3463
2026/09/03 18:33:24 - __main__ - INFO - 117 - trainer - Epoch: 80
2026/09/03 18:33:24 - __main__ - INFO - 162 - trainer - [0/257] Loss: 1.3370
2026/09/03 18:33:30 - __main__ - INFO - 162 - trainer - [52/257] Loss: 1.3425
2026/09/03 18:33:37 - __main__ - INFO - 162 - trainer - [104/257] Loss: 1.3462
2026/09/03 18:33:43 - __main__ - INFO - 162 - trainer - [156/257] Loss: 1.3271
2026/09/03 18:33:49 - __main__ - INFO - 162 - trainer - [208/257] Loss: 1.3232
2026/09/03 18:33:55 - __main__ - INFO - 167 - trainer - Average loss in epoch 80: 1.3403
2026/09/03 18:33:55 - __main__ - INFO - 173 - trainer - start predicting: 2026-09-03 18:33:55.145899
2026/09/03 18:34:47 - __main__ - INFO - 203 - trainer - {'Best_HR@5': np.float64(7.6199), 'Best_HR@10': np.float64(10.7465), 'Best_HR@20': np.float64(14.672), 'Best_NDCG@5': np.float64(5.2807), 'Best_NDCG@10': np.float64(6.2916), 'Best_NDCG@20': np.float64(7.2807)}
2026/09/03 18:34:47 - __main__ - INFO - 204 - trainer - {'Best_epoch_HR@5': 80, 'Best_epoch_HR@10': 80, 'Best_epoch_HR@20': 80, 'Best_epoch_NDCG@5': 80, 'Best_epoch_NDCG@10': 80, 'Best_epoch_NDCG@20': 80}
2026/09/03 18:34:47 - __main__ - INFO - 117 - trainer - Epoch: 81
2026/09/03 18:34:47 - __main__ - INFO - 162 - trainer - [0/257] Loss: 1.3073
2026/09/03 18:34:53 - __main__ - INFO - 162 - trainer - [52/257] Loss: 1.3507
2026/09/03 18:35:00 - __main__ - INFO - 162 - trainer - [104/257] Loss: 1.3176
2026/09/03 18:35:06 - __main__ - INFO - 162 - trainer - [156/257] Loss: 1.3477
2026/09/03 18:35:13 - __main__ - INFO - 162 - trainer - [208/257] Loss: 1.3138
2026/09/03 18:35:19 - __main__ - INFO - 167 - trainer - Average loss in epoch 81: 1.3369
2026/09/03 18:35:19 - __main__ - INFO - 117 - trainer - Epoch: 82
2026/09/03 18:35:19 - __main__ - INFO - 162 - trainer - [0/257] Loss: 1.3207
2026/09/03 18:35:26 - __main__ - INFO - 162 - trainer - [52/257] Loss: 1.3012
2026/09/03 18:35:32 - __main__ - INFO - 162 - trainer - [104/257] Loss: 1.3384
2026/09/03 18:35:38 - __main__ - INFO - 162 - trainer - [156/257] Loss: 1.3372
2026/09/03 18:35:44 - __main__ - INFO - 162 - trainer - [208/257] Loss: 1.3311
2026/09/03 18:35:50 - __main__ - INFO - 167 - trainer - Average loss in epoch 82: 1.3328
2026/09/03 18:35:50 - __main__ - INFO - 117 - trainer - Epoch: 83
2026/09/03 18:35:50 - __main__ - INFO - 162 - trainer - [0/257] Loss: 1.3211
2026/09/03 18:35:58 - __main__ - INFO - 162 - trainer - [52/257] Loss: 1.3155
2026/09/03 18:36:04 - __main__ - INFO - 162 - trainer - [104/257] Loss: 1.3146
2026/09/03 18:36:12 - __main__ - INFO - 162 - trainer - [156/257] Loss: 1.3434
2026/09/03 18:36:18 - __main__ - INFO - 162 - trainer - [208/257] Loss: 1.3312
2026/09/03 18:36:24 - __main__ - INFO - 167 - trainer - Average loss in epoch 83: 1.3282
2026/09/03 18:36:24 - __main__ - INFO - 117 - trainer - Epoch: 84
2026/09/03 18:36:24 - __main__ - INFO - 162 - trainer - [0/257] Loss: 1.3510
2026/09/03 18:36:31 - __main__ - INFO - 162 - trainer - [52/257] Loss: 1.2933
2026/09/03 18:36:37 - __main__ - INFO - 162 - trainer - [104/257] Loss: 1.2687
2026/09/03 18:36:44 - __main__ - INFO - 162 - trainer - [156/257] Loss: 1.3417
2026/09/03 18:36:50 - __main__ - INFO - 162 - trainer - [208/257] Loss: 1.3168
2026/09/03 18:36:56 - __main__ - INFO - 167 - trainer - Average loss in epoch 84: 1.3245
2026/09/03 18:36:56 - __main__ - INFO - 117 - trainer - Epoch: 85
2026/09/03 18:36:57 - __main__ - INFO - 162 - trainer - [0/257] Loss: 1.3005
2026/09/03 18:37:03 - __main__ - INFO - 162 - trainer - [52/257] Loss: 1.3026
2026/09/03 18:37:10 - __main__ - INFO - 162 - trainer - [104/257] Loss: 1.3140
2026/09/03 18:37:16 - __main__ - INFO - 162 - trainer - [156/257] Loss: 1.2694
2026/09/03 18:37:23 - __main__ - INFO - 162 - trainer - [208/257] Loss: 1.3328
2026/09/03 18:37:29 - __main__ - INFO - 167 - trainer - Average loss in epoch 85: 1.3208
2026/09/03 18:37:29 - __main__ - INFO - 117 - trainer - Epoch: 86
2026/09/03 18:37:29 - __main__ - INFO - 162 - trainer - [0/257] Loss: 1.2792
2026/09/03 18:37:35 - __main__ - INFO - 162 - trainer - [52/257] Loss: 1.3280
2026/09/03 18:37:42 - __main__ - INFO - 162 - trainer - [104/257] Loss: 1.3478
2026/09/03 18:37:48 - __main__ - INFO - 162 - trainer - [156/257] Loss: 1.3097
2026/09/03 18:37:54 - __main__ - INFO - 162 - trainer - [208/257] Loss: 1.2725
2026/09/03 18:38:02 - __main__ - INFO - 167 - trainer - Average loss in epoch 86: 1.3166
2026/09/03 18:38:02 - __main__ - INFO - 117 - trainer - Epoch: 87
2026/09/03 18:38:02 - __main__ - INFO - 162 - trainer - [0/257] Loss: 1.2744
2026/09/03 18:38:09 - __main__ - INFO - 162 - trainer - [52/257] Loss: 1.2756
2026/09/03 18:38:15 - __main__ - INFO - 162 - trainer - [104/257] Loss: 1.3368
2026/09/03 18:38:22 - __main__ - INFO - 162 - trainer - [156/257] Loss: 1.3500
2026/09/03 18:38:28 - __main__ - INFO - 162 - trainer - [208/257] Loss: 1.3306
2026/09/03 18:38:34 - __main__ - INFO - 167 - trainer - Average loss in epoch 87: 1.3130
2026/09/03 18:38:34 - __main__ - INFO - 117 - trainer - Epoch: 88
2026/09/03 18:38:34 - __main__ - INFO - 162 - trainer - [0/257] Loss: 1.3074
2026/09/03 18:38:41 - __main__ - INFO - 162 - trainer - [52/257] Loss: 1.3366
2026/09/03 18:38:47 - __main__ - INFO - 162 - trainer - [104/257] Loss: 1.3442
2026/09/03 18:38:54 - __main__ - INFO - 162 - trainer - [156/257] Loss: 1.3214
2026/09/03 18:39:00 - __main__ - INFO - 162 - trainer - [208/257] Loss: 1.3354
2026/09/03 18:39:06 - __main__ - INFO - 167 - trainer - Average loss in epoch 88: 1.3107
2026/09/03 18:39:06 - __main__ - INFO - 117 - trainer - Epoch: 89
2026/09/03 18:39:06 - __main__ - INFO - 162 - trainer - [0/257] Loss: 1.2662
2026/09/03 18:39:12 - __main__ - INFO - 162 - trainer - [52/257] Loss: 1.3259
2026/09/03 18:39:19 - __main__ - INFO - 162 - trainer - [104/257] Loss: 1.2946
2026/09/03 18:39:25 - __main__ - INFO - 162 - trainer - [156/257] Loss: 1.3380
2026/09/03 18:39:33 - __main__ - INFO - 162 - trainer - [208/257] Loss: 1.3252
2026/09/03 18:39:39 - __main__ - INFO - 167 - trainer - Average loss in epoch 89: 1.3060
2026/09/03 18:39:39 - __main__ - INFO - 117 - trainer - Epoch: 90
2026/09/03 18:39:39 - __main__ - INFO - 162 - trainer - [0/257] Loss: 1.2659
2026/09/03 18:39:46 - __main__ - INFO - 162 - trainer - [52/257] Loss: 1.3485
2026/09/03 18:39:52 - __main__ - INFO - 162 - trainer - [104/257] Loss: 1.2722
2026/09/03 18:39:59 - __main__ - INFO - 162 - trainer - [156/257] Loss: 1.3228
2026/09/03 18:40:05 - __main__ - INFO - 162 - trainer - [208/257] Loss: 1.2943
2026/09/03 18:40:11 - __main__ - INFO - 167 - trainer - Average loss in epoch 90: 1.3015
2026/09/03 18:40:11 - __main__ - INFO - 117 - trainer - Epoch: 91
2026/09/03 18:40:11 - __main__ - INFO - 162 - trainer - [0/257] Loss: 1.3013
2026/09/03 18:40:18 - __main__ - INFO - 162 - trainer - [52/257] Loss: 1.2971
2026/09/03 18:40:24 - __main__ - INFO - 162 - trainer - [104/257] Loss: 1.3171
2026/09/03 18:40:30 - __main__ - INFO - 162 - trainer - [156/257] Loss: 1.2956
2026/09/03 18:40:37 - __main__ - INFO - 162 - trainer - [208/257] Loss: 1.3192
2026/09/03 18:40:43 - __main__ - INFO - 167 - trainer - Average loss in epoch 91: 1.3001
2026/09/03 18:40:43 - __main__ - INFO - 117 - trainer - Epoch: 92
2026/09/03 18:40:43 - __main__ - INFO - 162 - trainer - [0/257] Loss: 1.2374
2026/09/03 18:40:49 - __main__ - INFO - 162 - trainer - [52/257] Loss: 1.2898
2026/09/03 18:40:56 - __main__ - INFO - 162 - trainer - [104/257] Loss: 1.3466
2026/09/03 18:41:02 - __main__ - INFO - 162 - trainer - [156/257] Loss: 1.2883
2026/09/03 18:41:09 - __main__ - INFO - 162 - trainer - [208/257] Loss: 1.3006
2026/09/03 18:41:14 - __main__ - INFO - 167 - trainer - Average loss in epoch 92: 1.2966
2026/09/03 18:41:14 - __main__ - INFO - 117 - trainer - Epoch: 93
2026/09/03 18:41:14 - __main__ - INFO - 162 - trainer - [0/257] Loss: 1.3052
2026/09/03 18:41:21 - __main__ - INFO - 162 - trainer - [52/257] Loss: 1.2807
2026/09/03 18:41:27 - __main__ - INFO - 162 - trainer - [104/257] Loss: 1.3093
2026/09/03 18:41:34 - __main__ - INFO - 162 - trainer - [156/257] Loss: 1.2986
2026/09/03 18:41:40 - __main__ - INFO - 162 - trainer - [208/257] Loss: 1.2642
2026/09/03 18:41:46 - __main__ - INFO - 167 - trainer - Average loss in epoch 93: 1.2923
2026/09/03 18:41:46 - __main__ - INFO - 117 - trainer - Epoch: 94
2026/09/03 18:41:46 - __main__ - INFO - 162 - trainer - [0/257] Loss: 1.3095
2026/09/03 18:41:52 - __main__ - INFO - 162 - trainer - [52/257] Loss: 1.2735
2026/09/03 18:41:59 - __main__ - INFO - 162 - trainer - [104/257] Loss: 1.3074
2026/09/03 18:42:07 - __main__ - INFO - 162 - trainer - [156/257] Loss: 1.3069
2026/09/03 18:42:13 - __main__ - INFO - 162 - trainer - [208/257] Loss: 1.2856
2026/09/03 18:42:19 - __main__ - INFO - 167 - trainer - Average loss in epoch 94: 1.2899
2026/09/03 18:42:19 - __main__ - INFO - 117 - trainer - Epoch: 95
2026/09/03 18:42:19 - __main__ - INFO - 162 - trainer - [0/257] Loss: 1.3000
2026/09/03 18:42:26 - __main__ - INFO - 162 - trainer - [52/257] Loss: 1.2649
2026/09/03 18:42:32 - __main__ - INFO - 162 - trainer - [104/257] Loss: 1.2866
2026/09/03 18:42:39 - __main__ - INFO - 162 - trainer - [156/257] Loss: 1.3118
2026/09/03 18:42:45 - __main__ - INFO - 162 - trainer - [208/257] Loss: 1.2787
2026/09/03 18:42:51 - __main__ - INFO - 167 - trainer - Average loss in epoch 95: 1.2858
2026/09/03 18:42:51 - __main__ - INFO - 117 - trainer - Epoch: 96
2026/09/03 18:42:51 - __main__ - INFO - 162 - trainer - [0/257] Loss: 1.2750
2026/09/03 18:42:58 - __main__ - INFO - 162 - trainer - [52/257] Loss: 1.2715
2026/09/03 18:43:04 - __main__ - INFO - 162 - trainer - [104/257] Loss: 1.2854
2026/09/03 18:43:10 - __main__ - INFO - 162 - trainer - [156/257] Loss: 1.2348
2026/09/03 18:43:17 - __main__ - INFO - 162 - trainer - [208/257] Loss: 1.3075
2026/09/03 18:43:23 - __main__ - INFO - 167 - trainer - Average loss in epoch 96: 1.2825
2026/09/03 18:43:23 - __main__ - INFO - 117 - trainer - Epoch: 97
2026/09/03 18:43:23 - __main__ - INFO - 162 - trainer - [0/257] Loss: 1.2551
2026/09/03 18:43:29 - __main__ - INFO - 162 - trainer - [52/257] Loss: 1.2901
2026/09/03 18:43:35 - __main__ - INFO - 162 - trainer - [104/257] Loss: 1.2582
2026/09/03 18:43:42 - __main__ - INFO - 162 - trainer - [156/257] Loss: 1.3025
2026/09/03 18:43:48 - __main__ - INFO - 162 - trainer - [208/257] Loss: 1.2794
2026/09/03 18:43:54 - __main__ - INFO - 167 - trainer - Average loss in epoch 97: 1.2798
2026/09/03 18:43:54 - __main__ - INFO - 117 - trainer - Epoch: 98
2026/09/03 18:43:54 - __main__ - INFO - 162 - trainer - [0/257] Loss: 1.2669
2026/09/03 18:44:01 - __main__ - INFO - 162 - trainer - [52/257] Loss: 1.2468
2026/09/03 18:44:07 - __main__ - INFO - 162 - trainer - [104/257] Loss: 1.2582
2026/09/03 18:44:13 - __main__ - INFO - 162 - trainer - [156/257] Loss: 1.2691
2026/09/03 18:44:20 - __main__ - INFO - 162 - trainer - [208/257] Loss: 1.2689
2026/09/03 18:44:25 - __main__ - INFO - 167 - trainer - Average loss in epoch 98: 1.2760
2026/09/03 18:44:25 - __main__ - INFO - 117 - trainer - Epoch: 99
2026/09/03 18:44:26 - __main__ - INFO - 162 - trainer - [0/257] Loss: 1.2493
2026/09/03 18:44:32 - __main__ - INFO - 162 - trainer - [52/257] Loss: 1.2663
2026/09/03 18:44:38 - __main__ - INFO - 162 - trainer - [104/257] Loss: 1.2759
2026/09/03 18:44:46 - __main__ - INFO - 162 - trainer - [156/257] Loss: 1.2784
2026/09/03 18:44:53 - __main__ - INFO - 162 - trainer - [208/257] Loss: 1.2665
2026/09/03 18:45:00 - __main__ - INFO - 167 - trainer - Average loss in epoch 99: 1.2719
2026/09/03 18:45:00 - __main__ - INFO - 117 - trainer - Epoch: 100
2026/09/03 18:45:00 - __main__ - INFO - 162 - trainer - [0/257] Loss: 1.2237
2026/09/03 18:45:06 - __main__ - INFO - 162 - trainer - [52/257] Loss: 1.2205
2026/09/03 18:45:13 - __main__ - INFO - 162 - trainer - [104/257] Loss: 1.2370
2026/09/03 18:45:19 - __main__ - INFO - 162 - trainer - [156/257] Loss: 1.2391
2026/09/03 18:45:26 - __main__ - INFO - 162 - trainer - [208/257] Loss: 1.2532
2026/09/03 18:45:32 - __main__ - INFO - 167 - trainer - Average loss in epoch 100: 1.2547
2026/09/03 18:45:32 - __main__ - INFO - 173 - trainer - start predicting: 2026-09-03 18:45:32.052458
2026/09/03 18:46:19 - __main__ - INFO - 203 - trainer - {'Best_HR@5': np.float64(7.7423), 'Best_HR@10': np.float64(10.7514), 'Best_HR@20': np.float64(14.705), 'Best_NDCG@5': np.float64(5.333), 'Best_NDCG@10': np.float64(6.3038), 'Best_NDCG@20': np.float64(7.3001)}
2026/09/03 18:46:19 - __main__ - INFO - 204 - trainer - {'Best_epoch_HR@5': 100, 'Best_epoch_HR@10': 100, 'Best_epoch_HR@20': 100, 'Best_epoch_NDCG@5': 100, 'Best_epoch_NDCG@10': 100, 'Best_epoch_NDCG@20': 100}
2026/09/03 18:46:19 - __main__ - INFO - 117 - trainer - Epoch: 101
2026/09/03 18:46:19 - __main__ - INFO - 162 - trainer - [0/257] Loss: 1.2739
2026/09/03 18:46:26 - __main__ - INFO - 162 - trainer - [52/257] Loss: 1.2701
2026/09/03 18:46:32 - __main__ - INFO - 162 - trainer - [104/257] Loss: 1.2553
2026/09/03 18:46:38 - __main__ - INFO - 162 - trainer - [156/257] Loss: 1.2449
2026/09/03 18:46:45 - __main__ - INFO - 162 - trainer - [208/257] Loss: 1.2881
2026/09/03 18:46:51 - __main__ - INFO - 167 - trainer - Average loss in epoch 101: 1.2515
2026/09/03 18:46:51 - __main__ - INFO - 117 - trainer - Epoch: 102
2026/09/03 18:46:51 - __main__ - INFO - 162 - trainer - [0/257] Loss: 1.2196
2026/09/03 18:46:58 - __main__ - INFO - 162 - trainer - [52/257] Loss: 1.2497
2026/09/03 18:47:04 - __main__ - INFO - 162 - trainer - [104/257] Loss: 1.2885
2026/09/03 18:47:11 - __main__ - INFO - 162 - trainer - [156/257] Loss: 1.2903
2026/09/03 18:47:17 - __main__ - INFO - 162 - trainer - [208/257] Loss: 1.2532
2026/09/03 18:47:23 - __main__ - INFO - 167 - trainer - Average loss in epoch 102: 1.2496
2026/09/03 18:47:23 - __main__ - INFO - 117 - trainer - Epoch: 103
2026/09/03 18:47:24 - __main__ - INFO - 162 - trainer - [0/257] Loss: 1.2918
2026/09/03 18:47:30 - __main__ - INFO - 162 - trainer - [52/257] Loss: 1.2614
2026/09/03 18:47:37 - __main__ - INFO - 162 - trainer - [104/257] Loss: 1.2428
2026/09/03 18:47:43 - __main__ - INFO - 162 - trainer - [156/257] Loss: 1.2326
2026/09/03 18:47:50 - __main__ - INFO - 162 - trainer - [208/257] Loss: 1.2710
2026/09/03 18:47:56 - __main__ - INFO - 167 - trainer - Average loss in epoch 103: 1.2483
2026/09/03 18:47:56 - __main__ - INFO - 117 - trainer - Epoch: 104
2026/09/03 18:47:56 - __main__ - INFO - 162 - trainer - [0/257] Loss: 1.2199
2026/09/03 18:48:03 - __main__ - INFO - 162 - trainer - [52/257] Loss: 1.2734
2026/09/03 18:48:10 - __main__ - INFO - 162 - trainer - [104/257] Loss: 1.2736
2026/09/03 18:48:16 - __main__ - INFO - 162 - trainer - [156/257] Loss: 1.2570
2026/09/03 18:48:23 - __main__ - INFO - 162 - trainer - [208/257] Loss: 1.2063
2026/09/03 18:48:29 - __main__ - INFO - 167 - trainer - Average loss in epoch 104: 1.2470
2026/09/03 18:48:29 - __main__ - INFO - 117 - trainer - Epoch: 105
2026/09/03 18:48:29 - __main__ - INFO - 162 - trainer - [0/257] Loss: 1.2311
2026/09/03 18:48:35 - __main__ - INFO - 162 - trainer - [52/257] Loss: 1.2243
2026/09/03 18:48:42 - __main__ - INFO - 162 - trainer - [104/257] Loss: 1.2177
2026/09/03 18:48:48 - __main__ - INFO - 162 - trainer - [156/257] Loss: 1.2271
2026/09/03 18:48:55 - __main__ - INFO - 162 - trainer - [208/257] Loss: 1.2413
2026/09/03 18:49:00 - __main__ - INFO - 167 - trainer - Average loss in epoch 105: 1.2471
2026/09/03 18:49:00 - __main__ - INFO - 117 - trainer - Epoch: 106
2026/09/03 18:49:01 - __main__ - INFO - 162 - trainer - [0/257] Loss: 1.2591
2026/09/03 18:49:07 - __main__ - INFO - 162 - trainer - [52/257] Loss: 1.2204
2026/09/03 18:49:14 - __main__ - INFO - 162 - trainer - [104/257] Loss: 1.2499
2026/09/03 18:49:20 - __main__ - INFO - 162 - trainer - [156/257] Loss: 1.2293
2026/09/03 18:49:27 - __main__ - INFO - 162 - trainer - [208/257] Loss: 1.2502
2026/09/03 18:49:33 - __main__ - INFO - 167 - trainer - Average loss in epoch 106: 1.2453
2026/09/03 18:49:33 - __main__ - INFO - 117 - trainer - Epoch: 107
2026/09/03 18:49:33 - __main__ - INFO - 162 - trainer - [0/257] Loss: 1.2529
2026/09/03 18:49:39 - __main__ - INFO - 162 - trainer - [52/257] Loss: 1.2531
2026/09/03 18:49:46 - __main__ - INFO - 162 - trainer - [104/257] Loss: 1.2311
2026/09/03 18:49:52 - __main__ - INFO - 162 - trainer - [156/257] Loss: 1.2435
2026/09/03 18:49:59 - __main__ - INFO - 162 - trainer - [208/257] Loss: 1.2730
2026/09/03 18:50:06 - __main__ - INFO - 167 - trainer - Average loss in epoch 107: 1.2455
2026/09/03 18:50:06 - __main__ - INFO - 117 - trainer - Epoch: 108
2026/09/03 18:50:06 - __main__ - INFO - 162 - trainer - [0/257] Loss: 1.1955
2026/09/03 18:50:13 - __main__ - INFO - 162 - trainer - [52/257] Loss: 1.2359
2026/09/03 18:50:19 - __main__ - INFO - 162 - trainer - [104/257] Loss: 1.2470
2026/09/03 18:50:26 - __main__ - INFO - 162 - trainer - [156/257] Loss: 1.2374
2026/09/03 18:50:32 - __main__ - INFO - 162 - trainer - [208/257] Loss: 1.2584
2026/09/03 18:50:38 - __main__ - INFO - 167 - trainer - Average loss in epoch 108: 1.2445
2026/09/03 18:50:38 - __main__ - INFO - 117 - trainer - Epoch: 109
2026/09/03 18:50:38 - __main__ - INFO - 162 - trainer - [0/257] Loss: 1.2751
2026/09/03 18:50:45 - __main__ - INFO - 162 - trainer - [52/257] Loss: 1.2692
2026/09/03 18:50:51 - __main__ - INFO - 162 - trainer - [104/257] Loss: 1.2082
2026/09/03 18:50:58 - __main__ - INFO - 162 - trainer - [156/257] Loss: 1.2792
2026/09/03 18:51:04 - __main__ - INFO - 162 - trainer - [208/257] Loss: 1.2417
2026/09/03 18:51:10 - __main__ - INFO - 167 - trainer - Average loss in epoch 109: 1.2420
2026/09/03 18:51:10 - __main__ - INFO - 117 - trainer - Epoch: 110
2026/09/03 18:51:10 - __main__ - INFO - 162 - trainer - [0/257] Loss: 1.2580
2026/09/03 18:51:16 - __main__ - INFO - 162 - trainer - [52/257] Loss: 1.2653
2026/09/03 18:51:23 - __main__ - INFO - 162 - trainer - [104/257] Loss: 1.2396
2026/09/03 18:51:29 - __main__ - INFO - 162 - trainer - [156/257] Loss: 1.2381
2026/09/03 18:51:36 - __main__ - INFO - 162 - trainer - [208/257] Loss: 1.2173
2026/09/03 18:51:42 - __main__ - INFO - 167 - trainer - Average loss in epoch 110: 1.2429
2026/09/03 18:51:42 - __main__ - INFO - 117 - trainer - Epoch: 111
2026/09/03 18:51:42 - __main__ - INFO - 162 - trainer - [0/257] Loss: 1.2550
2026/09/03 18:51:48 - __main__ - INFO - 162 - trainer - [52/257] Loss: 1.2282
2026/09/03 18:51:55 - __main__ - INFO - 162 - trainer - [104/257] Loss: 1.2776
2026/09/03 18:52:01 - __main__ - INFO - 162 - trainer - [156/257] Loss: 1.2270
2026/09/03 18:52:08 - __main__ - INFO - 162 - trainer - [208/257] Loss: 1.2445
2026/09/03 18:52:14 - __main__ - INFO - 167 - trainer - Average loss in epoch 111: 1.2427
2026/09/03 18:52:14 - __main__ - INFO - 117 - trainer - Epoch: 112
2026/09/03 18:52:14 - __main__ - INFO - 162 - trainer - [0/257] Loss: 1.2372
2026/09/03 18:52:20 - __main__ - INFO - 162 - trainer - [52/257] Loss: 1.2721
2026/09/03 18:52:27 - __main__ - INFO - 162 - trainer - [104/257] Loss: 1.1809
2026/09/03 18:52:34 - __main__ - INFO - 162 - trainer - [156/257] Loss: 1.2378
2026/09/03 18:52:40 - __main__ - INFO - 162 - trainer - [208/257] Loss: 1.2607
2026/09/03 18:52:46 - __main__ - INFO - 167 - trainer - Average loss in epoch 112: 1.2413
2026/09/03 18:52:46 - __main__ - INFO - 117 - trainer - Epoch: 113
2026/09/03 18:52:46 - __main__ - INFO - 162 - trainer - [0/257] Loss: 1.2674
2026/09/03 18:52:53 - __main__ - INFO - 162 - trainer - [52/257] Loss: 1.2496
2026/09/03 18:52:59 - __main__ - INFO - 162 - trainer - [104/257] Loss: 1.2095
2026/09/03 18:53:06 - __main__ - INFO - 162 - trainer - [156/257] Loss: 1.2703
2026/09/03 18:53:12 - __main__ - INFO - 162 - trainer - [208/257] Loss: 1.2613
2026/09/03 18:53:18 - __main__ - INFO - 167 - trainer - Average loss in epoch 113: 1.2408
2026/09/03 18:53:18 - __main__ - INFO - 117 - trainer - Epoch: 114
2026/09/03 18:53:18 - __main__ - INFO - 162 - trainer - [0/257] Loss: 1.2849
2026/09/03 18:53:25 - __main__ - INFO - 162 - trainer - [52/257] Loss: 1.2561
2026/09/03 18:53:31 - __main__ - INFO - 162 - trainer - [104/257] Loss: 1.2579
2026/09/03 18:53:38 - __main__ - INFO - 162 - trainer - [156/257] Loss: 1.2294
2026/09/03 18:53:44 - __main__ - INFO - 162 - trainer - [208/257] Loss: 1.2599
2026/09/03 18:53:50 - __main__ - INFO - 167 - trainer - Average loss in epoch 114: 1.2409
2026/09/03 18:53:50 - __main__ - INFO - 117 - trainer - Epoch: 115
2026/09/03 18:53:50 - __main__ - INFO - 162 - trainer - [0/257] Loss: 1.2470
2026/09/03 18:53:56 - __main__ - INFO - 162 - trainer - [52/257] Loss: 1.2307
2026/09/03 18:54:03 - __main__ - INFO - 162 - trainer - [104/257] Loss: 1.2309
2026/09/03 18:54:09 - __main__ - INFO - 162 - trainer - [156/257] Loss: 1.2451
2026/09/03 18:54:16 - __main__ - INFO - 162 - trainer - [208/257] Loss: 1.2478
2026/09/03 18:54:21 - __main__ - INFO - 167 - trainer - Average loss in epoch 115: 1.2399
2026/09/03 18:54:21 - __main__ - INFO - 117 - trainer - Epoch: 116
2026/09/03 18:54:22 - __main__ - INFO - 162 - trainer - [0/257] Loss: 1.2553
2026/09/03 18:54:28 - __main__ - INFO - 162 - trainer - [52/257] Loss: 1.2581
2026/09/03 18:54:35 - __main__ - INFO - 162 - trainer - [104/257] Loss: 1.2261
2026/09/03 18:54:41 - __main__ - INFO - 162 - trainer - [156/257] Loss: 1.2811
2026/09/03 18:54:47 - __main__ - INFO - 162 - trainer - [208/257] Loss: 1.2556
2026/09/03 18:54:53 - __main__ - INFO - 167 - trainer - Average loss in epoch 116: 1.2394
2026/09/03 18:54:53 - __main__ - INFO - 117 - trainer - Epoch: 117
2026/09/03 18:54:54 - __main__ - INFO - 162 - trainer - [0/257] Loss: 1.2356
2026/09/03 18:55:00 - __main__ - INFO - 162 - trainer - [52/257] Loss: 1.2478
2026/09/03 18:55:06 - __main__ - INFO - 162 - trainer - [104/257] Loss: 1.2621
2026/09/03 18:55:13 - __main__ - INFO - 162 - trainer - [156/257] Loss: 1.2473
2026/09/03 18:55:19 - __main__ - INFO - 162 - trainer - [208/257] Loss: 1.2460
2026/09/03 18:55:25 - __main__ - INFO - 167 - trainer - Average loss in epoch 117: 1.2394
2026/09/03 18:55:25 - __main__ - INFO - 117 - trainer - Epoch: 118
2026/09/03 18:55:25 - __main__ - INFO - 162 - trainer - [0/257] Loss: 1.2188
2026/09/03 18:55:31 - __main__ - INFO - 162 - trainer - [52/257] Loss: 1.2101
2026/09/03 18:55:38 - __main__ - INFO - 162 - trainer - [104/257] Loss: 1.2250
2026/09/03 18:55:44 - __main__ - INFO - 162 - trainer - [156/257] Loss: 1.2441
2026/09/03 18:55:51 - __main__ - INFO - 162 - trainer - [208/257] Loss: 1.2511
2026/09/03 18:55:56 - __main__ - INFO - 167 - trainer - Average loss in epoch 118: 1.2382
2026/09/03 18:55:56 - __main__ - INFO - 117 - trainer - Epoch: 119
2026/09/03 18:55:57 - __main__ - INFO - 162 - trainer - [0/257] Loss: 1.2560
2026/09/03 18:56:03 - __main__ - INFO - 162 - trainer - [52/257] Loss: 1.1970
2026/09/03 18:56:09 - __main__ - INFO - 162 - trainer - [104/257] Loss: 1.2501
2026/09/03 18:56:16 - __main__ - INFO - 162 - trainer - [156/257] Loss: 1.2635
2026/09/03 18:56:22 - __main__ - INFO - 162 - trainer - [208/257] Loss: 1.2740
2026/09/03 18:56:28 - __main__ - INFO - 167 - trainer - Average loss in epoch 119: 1.2376
2026/09/03 18:56:28 - __main__ - INFO - 117 - trainer - Epoch: 120
2026/09/03 18:56:28 - __main__ - INFO - 162 - trainer - [0/257] Loss: 1.2385
2026/09/03 18:56:35 - __main__ - INFO - 162 - trainer - [52/257] Loss: 1.2243
2026/09/03 18:56:41 - __main__ - INFO - 162 - trainer - [104/257] Loss: 1.2257
2026/09/03 18:56:48 - __main__ - INFO - 162 - trainer - [156/257] Loss: 1.2065
2026/09/03 18:56:54 - __main__ - INFO - 162 - trainer - [208/257] Loss: 1.2435
2026/09/03 18:57:00 - __main__ - INFO - 167 - trainer - Average loss in epoch 120: 1.2365
2026/09/03 18:57:00 - __main__ - INFO - 173 - trainer - start predicting: 2026-09-03 18:57:00.498067
2026/09/03 18:57:49 - __main__ - INFO - 203 - trainer - {'Best_HR@5': np.float64(7.7423), 'Best_HR@10': np.float64(10.8266), 'Best_HR@20': np.float64(14.7784), 'Best_NDCG@5': np.float64(5.3397), 'Best_NDCG@10': np.float64(6.332), 'Best_NDCG@20': np.float64(7.3269)}
2026/09/03 18:57:49 - __main__ - INFO - 204 - trainer - {'Best_epoch_HR@5': 100, 'Best_epoch_HR@10': 120, 'Best_epoch_HR@20': 120, 'Best_epoch_NDCG@5': 120, 'Best_epoch_NDCG@10': 120, 'Best_epoch_NDCG@20': 120}
2026/09/03 18:57:49 - __main__ - INFO - 117 - trainer - Epoch: 121
2026/09/03 18:57:49 - __main__ - INFO - 162 - trainer - [0/257] Loss: 1.2364
2026/09/03 18:57:56 - __main__ - INFO - 162 - trainer - [52/257] Loss: 1.2244
2026/09/03 18:58:02 - __main__ - INFO - 162 - trainer - [104/257] Loss: 1.2082
2026/09/03 18:58:08 - __main__ - INFO - 162 - trainer - [156/257] Loss: 1.2635
2026/09/03 18:58:14 - __main__ - INFO - 162 - trainer - [208/257] Loss: 1.2221
2026/09/03 18:58:20 - __main__ - INFO - 167 - trainer - Average loss in epoch 121: 1.2376
2026/09/03 18:58:20 - __main__ - INFO - 117 - trainer - Epoch: 122
2026/09/03 18:58:20 - __main__ - INFO - 162 - trainer - [0/257] Loss: 1.2386
2026/09/03 18:58:27 - __main__ - INFO - 162 - trainer - [52/257] Loss: 1.2237
2026/09/03 18:58:33 - __main__ - INFO - 162 - trainer - [104/257] Loss: 1.2025
2026/09/03 18:58:39 - __main__ - INFO - 162 - trainer - [156/257] Loss: 1.2215
2026/09/03 18:58:46 - __main__ - INFO - 162 - trainer - [208/257] Loss: 1.2499
2026/09/03 18:58:52 - __main__ - INFO - 167 - trainer - Average loss in epoch 122: 1.2354
2026/09/03 18:58:52 - __main__ - INFO - 117 - trainer - Epoch: 123
2026/09/03 18:58:52 - __main__ - INFO - 162 - trainer - [0/257] Loss: 1.2406
2026/09/03 18:58:58 - __main__ - INFO - 162 - trainer - [52/257] Loss: 1.2284
2026/09/03 18:59:05 - __main__ - INFO - 162 - trainer - [104/257] Loss: 1.2148
2026/09/03 18:59:11 - __main__ - INFO - 162 - trainer - [156/257] Loss: 1.2075
2026/09/03 18:59:17 - __main__ - INFO - 162 - trainer - [208/257] Loss: 1.2184
2026/09/03 18:59:23 - __main__ - INFO - 167 - trainer - Average loss in epoch 123: 1.2359
2026/09/03 18:59:23 - __main__ - INFO - 117 - trainer - Epoch: 124
2026/09/03 18:59:23 - __main__ - INFO - 162 - trainer - [0/257] Loss: 1.2296
2026/09/03 18:59:30 - __main__ - INFO - 162 - trainer - [52/257] Loss: 1.2235
2026/09/03 18:59:36 - __main__ - INFO - 162 - trainer - [104/257] Loss: 1.2252
2026/09/03 18:59:42 - __main__ - INFO - 162 - trainer - [156/257] Loss: 1.2353
2026/09/03 18:59:49 - __main__ - INFO - 162 - trainer - [208/257] Loss: 1.2409
2026/09/03 18:59:55 - __main__ - INFO - 167 - trainer - Average loss in epoch 124: 1.2351
2026/09/03 18:59:55 - __main__ - INFO - 117 - trainer - Epoch: 125
2026/09/03 18:59:55 - __main__ - INFO - 162 - trainer - [0/257] Loss: 1.2140
2026/09/03 19:00:01 - __main__ - INFO - 162 - trainer - [52/257] Loss: 1.2075
2026/09/03 19:00:07 - __main__ - INFO - 162 - trainer - [104/257] Loss: 1.2383
2026/09/03 19:00:14 - __main__ - INFO - 162 - trainer - [156/257] Loss: 1.2325
2026/09/03 19:00:20 - __main__ - INFO - 162 - trainer - [208/257] Loss: 1.2215
2026/09/03 19:00:26 - __main__ - INFO - 167 - trainer - Average loss in epoch 125: 1.2340
2026/09/03 19:00:26 - __main__ - INFO - 117 - trainer - Epoch: 126
2026/09/03 19:00:26 - __main__ - INFO - 162 - trainer - [0/257] Loss: 1.2104
2026/09/03 19:00:32 - __main__ - INFO - 162 - trainer - [52/257] Loss: 1.2587
2026/09/03 19:00:39 - __main__ - INFO - 162 - trainer - [104/257] Loss: 1.2439
2026/09/03 19:00:45 - __main__ - INFO - 162 - trainer - [156/257] Loss: 1.2691
2026/09/03 19:00:52 - __main__ - INFO - 162 - trainer - [208/257] Loss: 1.2301
2026/09/03 19:00:58 - __main__ - INFO - 167 - trainer - Average loss in epoch 126: 1.2351
2026/09/03 19:00:58 - __main__ - INFO - 117 - trainer - Epoch: 127
2026/09/03 19:00:58 - __main__ - INFO - 162 - trainer - [0/257] Loss: 1.2460
2026/09/03 19:01:04 - __main__ - INFO - 162 - trainer - [52/257] Loss: 1.2354
2026/09/03 19:01:10 - __main__ - INFO - 162 - trainer - [104/257] Loss: 1.2468
2026/09/03 19:01:17 - __main__ - INFO - 162 - trainer - [156/257] Loss: 1.2058
2026/09/03 19:01:23 - __main__ - INFO - 162 - trainer - [208/257] Loss: 1.2505
2026/09/03 19:01:29 - __main__ - INFO - 167 - trainer - Average loss in epoch 127: 1.2342
2026/09/03 19:01:29 - __main__ - INFO - 117 - trainer - Epoch: 128
2026/09/03 19:01:29 - __main__ - INFO - 162 - trainer - [0/257] Loss: 1.2731
2026/09/03 19:01:35 - __main__ - INFO - 162 - trainer - [52/257] Loss: 1.2097
2026/09/03 19:01:42 - __main__ - INFO - 162 - trainer - [104/257] Loss: 1.2387
2026/09/03 19:01:48 - __main__ - INFO - 162 - trainer - [156/257] Loss: 1.2347
2026/09/03 19:01:54 - __main__ - INFO - 162 - trainer - [208/257] Loss: 1.2570
2026/09/03 19:02:00 - __main__ - INFO - 167 - trainer - Average loss in epoch 128: 1.2340
2026/09/03 19:02:00 - __main__ - INFO - 117 - trainer - Epoch: 129
2026/09/03 19:02:00 - __main__ - INFO - 162 - trainer - [0/257] Loss: 1.2577
2026/09/03 19:02:06 - __main__ - INFO - 162 - trainer - [52/257] Loss: 1.2319
2026/09/03 19:02:13 - __main__ - INFO - 162 - trainer - [104/257] Loss: 1.2624
2026/09/03 19:02:19 - __main__ - INFO - 162 - trainer - [156/257] Loss: 1.2551
2026/09/03 19:02:25 - __main__ - INFO - 162 - trainer - [208/257] Loss: 1.2009
2026/09/03 19:02:31 - __main__ - INFO - 167 - trainer - Average loss in epoch 129: 1.2317
2026/09/03 19:02:31 - __main__ - INFO - 117 - trainer - Epoch: 130
2026/09/03 19:02:31 - __main__ - INFO - 162 - trainer - [0/257] Loss: 1.2257
2026/09/03 19:02:38 - __main__ - INFO - 162 - trainer - [52/257] Loss: 1.2522
2026/09/03 19:02:44 - __main__ - INFO - 162 - trainer - [104/257] Loss: 1.2295
2026/09/03 19:02:51 - __main__ - INFO - 162 - trainer - [156/257] Loss: 1.2585
2026/09/03 19:02:57 - __main__ - INFO - 162 - trainer - [208/257] Loss: 1.2335
2026/09/03 19:03:03 - __main__ - INFO - 167 - trainer - Average loss in epoch 130: 1.2328
2026/09/03 19:03:03 - __main__ - INFO - 117 - trainer - Epoch: 131
2026/09/03 19:03:03 - __main__ - INFO - 162 - trainer - [0/257] Loss: 1.2439
2026/09/03 19:03:09 - __main__ - INFO - 162 - trainer - [52/257] Loss: 1.2342
2026/09/03 19:03:15 - __main__ - INFO - 162 - trainer - [104/257] Loss: 1.2375
2026/09/03 19:03:22 - __main__ - INFO - 162 - trainer - [156/257] Loss: 1.2195
2026/09/03 19:03:28 - __main__ - INFO - 162 - trainer - [208/257] Loss: 1.2118
2026/09/03 19:03:34 - __main__ - INFO - 167 - trainer - Average loss in epoch 131: 1.2335
2026/09/03 19:03:34 - __main__ - INFO - 117 - trainer - Epoch: 132
2026/09/03 19:03:34 - __main__ - INFO - 162 - trainer - [0/257] Loss: 1.2538
2026/09/03 19:03:41 - __main__ - INFO - 162 - trainer - [52/257] Loss: 1.2345
2026/09/03 19:03:49 - __main__ - INFO - 162 - trainer - [104/257] Loss: 1.2315
2026/09/03 19:03:55 - __main__ - INFO - 162 - trainer - [156/257] Loss: 1.2471
2026/09/03 19:04:01 - __main__ - INFO - 162 - trainer - [208/257] Loss: 1.2261
2026/09/03 19:04:07 - __main__ - INFO - 167 - trainer - Average loss in epoch 132: 1.2319
2026/09/03 19:04:07 - __main__ - INFO - 117 - trainer - Epoch: 133
2026/09/03 19:04:07 - __main__ - INFO - 162 - trainer - [0/257] Loss: 1.2328
2026/09/03 19:04:14 - __main__ - INFO - 162 - trainer - [52/257] Loss: 1.1896
2026/09/03 19:04:20 - __main__ - INFO - 162 - trainer - [104/257] Loss: 1.2204
2026/09/03 19:04:26 - __main__ - INFO - 162 - trainer - [156/257] Loss: 1.2455
2026/09/03 19:04:33 - __main__ - INFO - 162 - trainer - [208/257] Loss: 1.2121
2026/09/03 19:04:38 - __main__ - INFO - 167 - trainer - Average loss in epoch 133: 1.2317
2026/09/03 19:04:38 - __main__ - INFO - 117 - trainer - Epoch: 134
2026/09/03 19:04:38 - __main__ - INFO - 162 - trainer - [0/257] Loss: 1.2150
2026/09/03 19:04:45 - __main__ - INFO - 162 - trainer - [52/257] Loss: 1.2588
2026/09/03 19:04:51 - __main__ - INFO - 162 - trainer - [104/257] Loss: 1.2437
2026/09/03 19:04:58 - __main__ - INFO - 162 - trainer - [156/257] Loss: 1.2367
2026/09/03 19:05:04 - __main__ - INFO - 162 - trainer - [208/257] Loss: 1.2249
2026/09/03 19:05:10 - __main__ - INFO - 167 - trainer - Average loss in epoch 134: 1.2319
2026/09/03 19:05:10 - __main__ - INFO - 117 - trainer - Epoch: 135
2026/09/03 19:05:10 - __main__ - INFO - 162 - trainer - [0/257] Loss: 1.2524
2026/09/03 19:05:16 - __main__ - INFO - 162 - trainer - [52/257] Loss: 1.1961
2026/09/03 19:05:23 - __main__ - INFO - 162 - trainer - [104/257] Loss: 1.1931
2026/09/03 19:05:29 - __main__ - INFO - 162 - trainer - [156/257] Loss: 1.2168
2026/09/03 19:05:35 - __main__ - INFO - 162 - trainer - [208/257] Loss: 1.2171
2026/09/03 19:05:41 - __main__ - INFO - 167 - trainer - Average loss in epoch 135: 1.2308
2026/09/03 19:05:41 - __main__ - INFO - 117 - trainer - Epoch: 136
2026/09/03 19:05:41 - __main__ - INFO - 162 - trainer - [0/257] Loss: 1.2358
2026/09/03 19:05:48 - __main__ - INFO - 162 - trainer - [52/257] Loss: 1.1903
2026/09/03 19:05:54 - __main__ - INFO - 162 - trainer - [104/257] Loss: 1.2120
2026/09/03 19:06:01 - __main__ - INFO - 162 - trainer - [156/257] Loss: 1.2226
2026/09/03 19:06:07 - __main__ - INFO - 162 - trainer - [208/257] Loss: 1.2236
2026/09/03 19:06:13 - __main__ - INFO - 167 - trainer - Average loss in epoch 136: 1.2292
2026/09/03 19:06:13 - __main__ - INFO - 117 - trainer - Epoch: 137
2026/09/03 19:06:13 - __main__ - INFO - 162 - trainer - [0/257] Loss: 1.2491
2026/09/03 19:06:19 - __main__ - INFO - 162 - trainer - [52/257] Loss: 1.1981
2026/09/03 19:06:26 - __main__ - INFO - 162 - trainer - [104/257] Loss: 1.2284
2026/09/03 19:06:32 - __main__ - INFO - 162 - trainer - [156/257] Loss: 1.2350
2026/09/03 19:06:38 - __main__ - INFO - 162 - trainer - [208/257] Loss: 1.2268
2026/09/03 19:06:44 - __main__ - INFO - 167 - trainer - Average loss in epoch 137: 1.2293
2026/09/03 19:06:44 - __main__ - INFO - 117 - trainer - Epoch: 138
2026/09/03 19:06:44 - __main__ - INFO - 162 - trainer - [0/257] Loss: 1.2212
2026/09/03 19:06:51 - __main__ - INFO - 162 - trainer - [52/257] Loss: 1.2288
2026/09/03 19:06:57 - __main__ - INFO - 162 - trainer - [104/257] Loss: 1.2153
2026/09/03 19:07:04 - __main__ - INFO - 162 - trainer - [156/257] Loss: 1.1927
2026/09/03 19:07:10 - __main__ - INFO - 162 - trainer - [208/257] Loss: 1.1993
2026/09/03 19:07:16 - __main__ - INFO - 167 - trainer - Average loss in epoch 138: 1.2286
2026/09/03 19:07:16 - __main__ - INFO - 117 - trainer - Epoch: 139
2026/09/03 19:07:16 - __main__ - INFO - 162 - trainer - [0/257] Loss: 1.2441
2026/09/03 19:07:22 - __main__ - INFO - 162 - trainer - [52/257] Loss: 1.2632
2026/09/03 19:07:29 - __main__ - INFO - 162 - trainer - [104/257] Loss: 1.2406
2026/09/03 19:07:35 - __main__ - INFO - 162 - trainer - [156/257] Loss: 1.2271
2026/09/03 19:07:41 - __main__ - INFO - 162 - trainer - [208/257] Loss: 1.2381
2026/09/03 19:07:47 - __main__ - INFO - 167 - trainer - Average loss in epoch 139: 1.2296
2026/09/03 19:07:47 - __main__ - INFO - 117 - trainer - Epoch: 140
2026/09/03 19:07:47 - __main__ - INFO - 162 - trainer - [0/257] Loss: 1.2343
2026/09/03 19:07:54 - __main__ - INFO - 162 - trainer - [52/257] Loss: 1.2558
2026/09/03 19:08:00 - __main__ - INFO - 162 - trainer - [104/257] Loss: 1.1684
2026/09/03 19:08:07 - __main__ - INFO - 162 - trainer - [156/257] Loss: 1.2430
2026/09/03 19:08:13 - __main__ - INFO - 162 - trainer - [208/257] Loss: 1.2388
2026/09/03 19:08:19 - __main__ - INFO - 167 - trainer - Average loss in epoch 140: 1.2288
2026/09/03 19:08:19 - __main__ - INFO - 173 - trainer - start predicting: 2026-09-03 19:08:19.360151
2026/09/03 19:09:06 - __main__ - INFO - 117 - trainer - Epoch: 141
2026/09/03 19:09:06 - __main__ - INFO - 162 - trainer - [0/257] Loss: 1.2420
2026/09/03 19:09:13 - __main__ - INFO - 162 - trainer - [52/257] Loss: 1.2590
2026/09/03 19:09:19 - __main__ - INFO - 162 - trainer - [104/257] Loss: 1.2382
2026/09/03 19:09:25 - __main__ - INFO - 162 - trainer - [156/257] Loss: 1.2144
2026/09/03 19:09:32 - __main__ - INFO - 162 - trainer - [208/257] Loss: 1.2135
2026/09/03 19:09:38 - __main__ - INFO - 167 - trainer - Average loss in epoch 141: 1.2275
2026/09/03 19:09:38 - __main__ - INFO - 117 - trainer - Epoch: 142
2026/09/03 19:09:38 - __main__ - INFO - 162 - trainer - [0/257] Loss: 1.2007
2026/09/03 19:09:44 - __main__ - INFO - 162 - trainer - [52/257] Loss: 1.2256
2026/09/03 19:09:50 - __main__ - INFO - 162 - trainer - [104/257] Loss: 1.2331
2026/09/03 19:09:57 - __main__ - INFO - 162 - trainer - [156/257] Loss: 1.2215
2026/09/03 19:10:03 - __main__ - INFO - 162 - trainer - [208/257] Loss: 1.2581
2026/09/03 19:10:09 - __main__ - INFO - 167 - trainer - Average loss in epoch 142: 1.2269
2026/09/03 19:10:09 - __main__ - INFO - 117 - trainer - Epoch: 143
2026/09/03 19:10:09 - __main__ - INFO - 162 - trainer - [0/257] Loss: 1.2151
2026/09/03 19:10:16 - __main__ - INFO - 162 - trainer - [52/257] Loss: 1.2536
2026/09/03 19:10:22 - __main__ - INFO - 162 - trainer - [104/257] Loss: 1.1766
2026/09/03 19:10:28 - __main__ - INFO - 162 - trainer - [156/257] Loss: 1.2464
2026/09/03 19:10:35 - __main__ - INFO - 162 - trainer - [208/257] Loss: 1.2247
2026/09/03 19:10:40 - __main__ - INFO - 167 - trainer - Average loss in epoch 143: 1.2264
2026/09/03 19:10:40 - __main__ - INFO - 117 - trainer - Epoch: 144
2026/09/03 19:10:41 - __main__ - INFO - 162 - trainer - [0/257] Loss: 1.2188
2026/09/03 19:10:47 - __main__ - INFO - 162 - trainer - [52/257] Loss: 1.2392
2026/09/03 19:10:53 - __main__ - INFO - 162 - trainer - [104/257] Loss: 1.2499
2026/09/03 19:11:00 - __main__ - INFO - 162 - trainer - [156/257] Loss: 1.2268
2026/09/03 19:11:06 - __main__ - INFO - 162 - trainer - [208/257] Loss: 1.2623
2026/09/03 19:11:12 - __main__ - INFO - 167 - trainer - Average loss in epoch 144: 1.2264
2026/09/03 19:11:12 - __main__ - INFO - 117 - trainer - Epoch: 145
2026/09/03 19:11:12 - __main__ - INFO - 162 - trainer - [0/257] Loss: 1.1960
2026/09/03 19:11:19 - __main__ - INFO - 162 - trainer - [52/257] Loss: 1.2148
2026/09/03 19:11:25 - __main__ - INFO - 162 - trainer - [104/257] Loss: 1.2428
2026/09/03 19:11:31 - __main__ - INFO - 162 - trainer - [156/257] Loss: 1.2121
2026/09/03 19:11:38 - __main__ - INFO - 162 - trainer - [208/257] Loss: 1.2464
2026/09/03 19:11:43 - __main__ - INFO - 167 - trainer - Average loss in epoch 145: 1.2261
2026/09/03 19:11:43 - __main__ - INFO - 117 - trainer - Epoch: 146
2026/09/03 19:11:44 - __main__ - INFO - 162 - trainer - [0/257] Loss: 1.1874
2026/09/03 19:11:50 - __main__ - INFO - 162 - trainer - [52/257] Loss: 1.2365
2026/09/03 19:11:56 - __main__ - INFO - 162 - trainer - [104/257] Loss: 1.2172
2026/09/03 19:12:03 - __main__ - INFO - 162 - trainer - [156/257] Loss: 1.2138
2026/09/03 19:12:09 - __main__ - INFO - 162 - trainer - [208/257] Loss: 1.2250
2026/09/03 19:12:15 - __main__ - INFO - 167 - trainer - Average loss in epoch 146: 1.2262
2026/09/03 19:12:15 - __main__ - INFO - 117 - trainer - Epoch: 147
2026/09/03 19:12:15 - __main__ - INFO - 162 - trainer - [0/257] Loss: 1.2350
2026/09/03 19:12:22 - __main__ - INFO - 162 - trainer - [52/257] Loss: 1.2142
2026/09/03 19:12:28 - __main__ - INFO - 162 - trainer - [104/257] Loss: 1.2591
2026/09/03 19:12:35 - __main__ - INFO - 162 - trainer - [156/257] Loss: 1.2102
2026/09/03 19:12:41 - __main__ - INFO - 162 - trainer - [208/257] Loss: 1.2446
2026/09/03 19:12:47 - __main__ - INFO - 167 - trainer - Average loss in epoch 147: 1.2264
2026/09/03 19:12:47 - __main__ - INFO - 117 - trainer - Epoch: 148
2026/09/03 19:12:47 - __main__ - INFO - 162 - trainer - [0/257] Loss: 1.1874
2026/09/03 19:12:53 - __main__ - INFO - 162 - trainer - [52/257] Loss: 1.2419
2026/09/03 19:13:00 - __main__ - INFO - 162 - trainer - [104/257] Loss: 1.1975
2026/09/03 19:13:06 - __main__ - INFO - 162 - trainer - [156/257] Loss: 1.2148
2026/09/03 19:13:12 - __main__ - INFO - 162 - trainer - [208/257] Loss: 1.2518
2026/09/03 19:13:18 - __main__ - INFO - 167 - trainer - Average loss in epoch 148: 1.2242
2026/09/03 19:13:18 - __main__ - INFO - 117 - trainer - Epoch: 149
2026/09/03 19:13:18 - __main__ - INFO - 162 - trainer - [0/257] Loss: 1.2281
2026/09/03 19:13:25 - __main__ - INFO - 162 - trainer - [52/257] Loss: 1.2303
2026/09/03 19:13:31 - __main__ - INFO - 162 - trainer - [104/257] Loss: 1.2071
2026/09/03 19:13:37 - __main__ - INFO - 162 - trainer - [156/257] Loss: 1.2439
2026/09/03 19:13:44 - __main__ - INFO - 162 - trainer - [208/257] Loss: 1.2047
2026/09/03 19:13:49 - __main__ - INFO - 167 - trainer - Average loss in epoch 149: 1.2244
2026/09/03 19:13:49 - __main__ - INFO - 117 - trainer - Epoch: 150
2026/09/03 19:13:50 - __main__ - INFO - 162 - trainer - [0/257] Loss: 1.2473
2026/09/03 19:13:56 - __main__ - INFO - 162 - trainer - [52/257] Loss: 1.2480
2026/09/03 19:14:02 - __main__ - INFO - 162 - trainer - [104/257] Loss: 1.2034
2026/09/03 19:14:09 - __main__ - INFO - 162 - trainer - [156/257] Loss: 1.2429
2026/09/03 19:14:16 - __main__ - INFO - 162 - trainer - [208/257] Loss: 1.2373
2026/09/03 19:14:23 - __main__ - INFO - 167 - trainer - Average loss in epoch 150: 1.2244
2026/09/03 19:14:23 - __main__ - INFO - 117 - trainer - Epoch: 151
2026/09/03 19:14:23 - __main__ - INFO - 162 - trainer - [0/257] Loss: 1.1898
2026/09/03 19:14:29 - __main__ - INFO - 162 - trainer - [52/257] Loss: 1.2390
2026/09/03 19:14:36 - __main__ - INFO - 162 - trainer - [104/257] Loss: 1.2238
2026/09/03 19:14:42 - __main__ - INFO - 162 - trainer - [156/257] Loss: 1.2501
2026/09/03 19:14:49 - __main__ - INFO - 162 - trainer - [208/257] Loss: 1.2471
2026/09/03 19:14:55 - __main__ - INFO - 167 - trainer - Average loss in epoch 151: 1.2246
2026/09/03 19:14:55 - __main__ - INFO - 117 - trainer - Epoch: 152
2026/09/03 19:14:55 - __main__ - INFO - 162 - trainer - [0/257] Loss: 1.2368
2026/09/03 19:15:01 - __main__ - INFO - 162 - trainer - [52/257] Loss: 1.2336
2026/09/03 19:15:08 - __main__ - INFO - 162 - trainer - [104/257] Loss: 1.2645
2026/09/03 19:15:14 - __main__ - INFO - 162 - trainer - [156/257] Loss: 1.2408
2026/09/03 19:15:21 - __main__ - INFO - 162 - trainer - [208/257] Loss: 1.2296
2026/09/03 19:15:27 - __main__ - INFO - 167 - trainer - Average loss in epoch 152: 1.2237
2026/09/03 19:15:27 - __main__ - INFO - 117 - trainer - Epoch: 153
2026/09/03 19:15:27 - __main__ - INFO - 162 - trainer - [0/257] Loss: 1.1860
2026/09/03 19:15:33 - __main__ - INFO - 162 - trainer - [52/257] Loss: 1.2405
2026/09/03 19:15:40 - __main__ - INFO - 162 - trainer - [104/257] Loss: 1.2392
2026/09/03 19:15:46 - __main__ - INFO - 162 - trainer - [156/257] Loss: 1.2665
2026/09/03 19:15:52 - __main__ - INFO - 162 - trainer - [208/257] Loss: 1.2311
2026/09/03 19:15:58 - __main__ - INFO - 167 - trainer - Average loss in epoch 153: 1.2235
2026/09/03 19:15:58 - __main__ - INFO - 117 - trainer - Epoch: 154
2026/09/03 19:15:58 - __main__ - INFO - 162 - trainer - [0/257] Loss: 1.2120
2026/09/03 19:16:04 - __main__ - INFO - 162 - trainer - [52/257] Loss: 1.2178
2026/09/03 19:16:11 - __main__ - INFO - 162 - trainer - [104/257] Loss: 1.2343
2026/09/03 19:16:17 - __main__ - INFO - 162 - trainer - [156/257] Loss: 1.2026
2026/09/03 19:16:23 - __main__ - INFO - 162 - trainer - [208/257] Loss: 1.2152
2026/09/03 19:16:29 - __main__ - INFO - 167 - trainer - Average loss in epoch 154: 1.2241
2026/09/03 19:16:29 - __main__ - INFO - 117 - trainer - Epoch: 155
2026/09/03 19:16:30 - __main__ - INFO - 162 - trainer - [0/257] Loss: 1.1983
2026/09/03 19:16:36 - __main__ - INFO - 162 - trainer - [52/257] Loss: 1.2252
2026/09/03 19:16:42 - __main__ - INFO - 162 - trainer - [104/257] Loss: 1.1935
2026/09/03 19:16:49 - __main__ - INFO - 162 - trainer - [156/257] Loss: 1.2231
2026/09/03 19:16:55 - __main__ - INFO - 162 - trainer - [208/257] Loss: 1.2327
2026/09/03 19:17:01 - __main__ - INFO - 167 - trainer - Average loss in epoch 155: 1.2216
2026/09/03 19:17:01 - __main__ - INFO - 117 - trainer - Epoch: 156
2026/09/03 19:17:01 - __main__ - INFO - 162 - trainer - [0/257] Loss: 1.2251
2026/09/03 19:17:07 - __main__ - INFO - 162 - trainer - [52/257] Loss: 1.2172
2026/09/03 19:17:14 - __main__ - INFO - 162 - trainer - [104/257] Loss: 1.2496
2026/09/03 19:17:20 - __main__ - INFO - 162 - trainer - [156/257] Loss: 1.2294
2026/09/03 19:17:26 - __main__ - INFO - 162 - trainer - [208/257] Loss: 1.2374
2026/09/03 19:17:32 - __main__ - INFO - 167 - trainer - Average loss in epoch 156: 1.2214
2026/09/03 19:17:32 - __main__ - INFO - 117 - trainer - Epoch: 157
2026/09/03 19:17:33 - __main__ - INFO - 162 - trainer - [0/257] Loss: 1.2122
2026/09/03 19:17:39 - __main__ - INFO - 162 - trainer - [52/257] Loss: 1.2376
2026/09/03 19:17:45 - __main__ - INFO - 162 - trainer - [104/257] Loss: 1.2032
2026/09/03 19:17:52 - __main__ - INFO - 162 - trainer - [156/257] Loss: 1.2139
2026/09/03 19:17:58 - __main__ - INFO - 162 - trainer - [208/257] Loss: 1.2200
2026/09/03 19:18:04 - __main__ - INFO - 167 - trainer - Average loss in epoch 157: 1.2221
2026/09/03 19:18:04 - __main__ - INFO - 117 - trainer - Epoch: 158
2026/09/03 19:18:04 - __main__ - INFO - 162 - trainer - [0/257] Loss: 1.1825
2026/09/03 19:18:10 - __main__ - INFO - 162 - trainer - [52/257] Loss: 1.1865
2026/09/03 19:18:17 - __main__ - INFO - 162 - trainer - [104/257] Loss: 1.2082
2026/09/03 19:18:23 - __main__ - INFO - 162 - trainer - [156/257] Loss: 1.2116
2026/09/03 19:18:29 - __main__ - INFO - 162 - trainer - [208/257] Loss: 1.1943
2026/09/03 19:18:35 - __main__ - INFO - 167 - trainer - Average loss in epoch 158: 1.2227
2026/09/03 19:18:35 - __main__ - INFO - 117 - trainer - Epoch: 159
2026/09/03 19:18:35 - __main__ - INFO - 162 - trainer - [0/257] Loss: 1.2182
2026/09/03 19:18:42 - __main__ - INFO - 162 - trainer - [52/257] Loss: 1.2321
2026/09/03 19:18:48 - __main__ - INFO - 162 - trainer - [104/257] Loss: 1.2425
2026/09/03 19:18:54 - __main__ - INFO - 162 - trainer - [156/257] Loss: 1.2245
2026/09/03 19:19:01 - __main__ - INFO - 162 - trainer - [208/257] Loss: 1.2368
2026/09/03 19:19:07 - __main__ - INFO - 167 - trainer - Average loss in epoch 159: 1.2215
2026/09/03 19:19:07 - __main__ - INFO - 117 - trainer - Epoch: 160
2026/09/03 19:19:07 - __main__ - INFO - 162 - trainer - [0/257] Loss: 1.2273
2026/09/03 19:19:13 - __main__ - INFO - 162 - trainer - [52/257] Loss: 1.2070
2026/09/03 19:19:19 - __main__ - INFO - 162 - trainer - [104/257] Loss: 1.1978
2026/09/03 19:19:26 - __main__ - INFO - 162 - trainer - [156/257] Loss: 1.2171
2026/09/03 19:19:32 - __main__ - INFO - 162 - trainer - [208/257] Loss: 1.2151
2026/09/03 19:19:38 - __main__ - INFO - 167 - trainer - Average loss in epoch 160: 1.2209
2026/09/03 19:19:38 - __main__ - INFO - 173 - trainer - start predicting: 2026-09-03 19:19:38.742979
2026/09/03 19:20:26 - __main__ - INFO - 203 - trainer - {'Best_HR@5': np.float64(7.7423), 'Best_HR@10': np.float64(10.8266), 'Best_HR@20': np.float64(14.7784), 'Best_NDCG@5': np.float64(5.3405), 'Best_NDCG@10': np.float64(6.332), 'Best_NDCG@20': np.float64(7.3269)}
2026/09/03 19:20:26 - __main__ - INFO - 204 - trainer - {'Best_epoch_HR@5': 100, 'Best_epoch_HR@10': 120, 'Best_epoch_HR@20': 120, 'Best_epoch_NDCG@5': 160, 'Best_epoch_NDCG@10': 120, 'Best_epoch_NDCG@20': 120}
2026/09/03 19:20:26 - __main__ - INFO - 117 - trainer - Epoch: 161
2026/09/03 19:20:26 - __main__ - INFO - 162 - trainer - [0/257] Loss: 1.1953
2026/09/03 19:20:32 - __main__ - INFO - 162 - trainer - [52/257] Loss: 1.2417
2026/09/03 19:20:39 - __main__ - INFO - 162 - trainer - [104/257] Loss: 1.2205
2026/09/03 19:20:45 - __main__ - INFO - 162 - trainer - [156/257] Loss: 1.2397
2026/09/03 19:20:51 - __main__ - INFO - 162 - trainer - [208/257] Loss: 1.2212
2026/09/03 19:20:57 - __main__ - INFO - 167 - trainer - Average loss in epoch 161: 1.2203
2026/09/03 19:20:57 - __main__ - INFO - 117 - trainer - Epoch: 162
2026/09/03 19:20:57 - __main__ - INFO - 162 - trainer - [0/257] Loss: 1.2459
2026/09/03 19:21:04 - __main__ - INFO - 162 - trainer - [52/257] Loss: 1.1919
2026/09/03 19:21:10 - __main__ - INFO - 162 - trainer - [104/257] Loss: 1.2076
2026/09/03 19:21:16 - __main__ - INFO - 162 - trainer - [156/257] Loss: 1.2069
2026/09/03 19:21:23 - __main__ - INFO - 162 - trainer - [208/257] Loss: 1.2735
2026/09/03 19:21:29 - __main__ - INFO - 167 - trainer - Average loss in epoch 162: 1.2197
2026/09/03 19:21:29 - __main__ - INFO - 117 - trainer - Epoch: 163
2026/09/03 19:21:29 - __main__ - INFO - 162 - trainer - [0/257] Loss: 1.2547
2026/09/03 19:21:35 - __main__ - INFO - 162 - trainer - [52/257] Loss: 1.2310
2026/09/03 19:21:41 - __main__ - INFO - 162 - trainer - [104/257] Loss: 1.2065
2026/09/03 19:21:48 - __main__ - INFO - 162 - trainer - [156/257] Loss: 1.2109
2026/09/03 19:21:54 - __main__ - INFO - 162 - trainer - [208/257] Loss: 1.2434
2026/09/03 19:22:00 - __main__ - INFO - 167 - trainer - Average loss in epoch 163: 1.2189
2026/09/03 19:22:00 - __main__ - INFO - 117 - trainer - Epoch: 164
2026/09/03 19:22:00 - __main__ - INFO - 162 - trainer - [0/257] Loss: 1.2364
2026/09/03 19:22:06 - __main__ - INFO - 162 - trainer - [52/257] Loss: 1.2454
2026/09/03 19:22:13 - __main__ - INFO - 162 - trainer - [104/257] Loss: 1.2284
2026/09/03 19:22:19 - __main__ - INFO - 162 - trainer - [156/257] Loss: 1.1906
2026/09/03 19:22:25 - __main__ - INFO - 162 - trainer - [208/257] Loss: 1.2352
2026/09/03 19:22:31 - __main__ - INFO - 167 - trainer - Average loss in epoch 164: 1.2192
2026/09/03 19:22:31 - __main__ - INFO - 117 - trainer - Epoch: 165
2026/09/03 19:22:32 - __main__ - INFO - 162 - trainer - [0/257] Loss: 1.2292
2026/09/03 19:22:38 - __main__ - INFO - 162 - trainer - [52/257] Loss: 1.1969
2026/09/03 19:22:44 - __main__ - INFO - 162 - trainer - [104/257] Loss: 1.2109
2026/09/03 19:22:51 - __main__ - INFO - 162 - trainer - [156/257] Loss: 1.2057
2026/09/03 19:22:58 - __main__ - INFO - 162 - trainer - [208/257] Loss: 1.2091
2026/09/03 19:23:03 - __main__ - INFO - 167 - trainer - Average loss in epoch 165: 1.2198
2026/09/03 19:23:03 - __main__ - INFO - 117 - trainer - Epoch: 166
2026/09/03 19:23:04 - __main__ - INFO - 162 - trainer - [0/257] Loss: 1.1935
2026/09/03 19:23:10 - __main__ - INFO - 162 - trainer - [52/257] Loss: 1.2204
2026/09/03 19:23:16 - __main__ - INFO - 162 - trainer - [104/257] Loss: 1.2468
2026/09/03 19:23:23 - __main__ - INFO - 162 - trainer - [156/257] Loss: 1.2109
2026/09/03 19:23:29 - __main__ - INFO - 162 - trainer - [208/257] Loss: 1.2557
2026/09/03 19:23:35 - __main__ - INFO - 167 - trainer - Average loss in epoch 166: 1.2184
2026/09/03 19:23:35 - __main__ - INFO - 117 - trainer - Epoch: 167
2026/09/03 19:23:35 - __main__ - INFO - 162 - trainer - [0/257] Loss: 1.2036
2026/09/03 19:23:41 - __main__ - INFO - 162 - trainer - [52/257] Loss: 1.2542
2026/09/03 19:23:48 - __main__ - INFO - 162 - trainer - [104/257] Loss: 1.2220
2026/09/03 19:23:54 - __main__ - INFO - 162 - trainer - [156/257] Loss: 1.1929
2026/09/03 19:24:01 - __main__ - INFO - 162 - trainer - [208/257] Loss: 1.2445
2026/09/03 19:24:07 - __main__ - INFO - 167 - trainer - Average loss in epoch 167: 1.2169
2026/09/03 19:24:07 - __main__ - INFO - 117 - trainer - Epoch: 168
2026/09/03 19:24:07 - __main__ - INFO - 162 - trainer - [0/257] Loss: 1.2121
2026/09/03 19:24:13 - __main__ - INFO - 162 - trainer - [52/257] Loss: 1.2132
2026/09/03 19:24:20 - __main__ - INFO - 162 - trainer - [104/257] Loss: 1.2124
2026/09/03 19:24:27 - __main__ - INFO - 162 - trainer - [156/257] Loss: 1.1985
2026/09/03 19:24:33 - __main__ - INFO - 162 - trainer - [208/257] Loss: 1.2446
2026/09/03 19:24:39 - __main__ - INFO - 167 - trainer - Average loss in epoch 168: 1.2180
2026/09/03 19:24:39 - __main__ - INFO - 117 - trainer - Epoch: 169
2026/09/03 19:24:39 - __main__ - INFO - 162 - trainer - [0/257] Loss: 1.2217
2026/09/03 19:24:46 - __main__ - INFO - 162 - trainer - [52/257] Loss: 1.2273
2026/09/03 19:24:52 - __main__ - INFO - 162 - trainer - [104/257] Loss: 1.2292
2026/09/03 19:24:59 - __main__ - INFO - 162 - trainer - [156/257] Loss: 1.2295
2026/09/03 19:25:05 - __main__ - INFO - 162 - trainer - [208/257] Loss: 1.2235
2026/09/03 19:25:11 - __main__ - INFO - 167 - trainer - Average loss in epoch 169: 1.2179
2026/09/03 19:25:11 - __main__ - INFO - 117 - trainer - Epoch: 170
2026/09/03 19:25:11 - __main__ - INFO - 162 - trainer - [0/257] Loss: 1.2433
2026/09/03 19:25:18 - __main__ - INFO - 162 - trainer - [52/257] Loss: 1.1925
2026/09/03 19:25:24 - __main__ - INFO - 162 - trainer - [104/257] Loss: 1.1906
2026/09/03 19:25:30 - __main__ - INFO - 162 - trainer - [156/257] Loss: 1.2695
2026/09/03 19:25:38 - __main__ - INFO - 162 - trainer - [208/257] Loss: 1.2189
2026/09/03 19:25:44 - __main__ - INFO - 167 - trainer - Average loss in epoch 170: 1.2171
2026/09/03 19:25:44 - __main__ - INFO - 117 - trainer - Epoch: 171
2026/09/03 19:25:44 - __main__ - INFO - 162 - trainer - [0/257] Loss: 1.1919
2026/09/03 19:25:50 - __main__ - INFO - 162 - trainer - [52/257] Loss: 1.1886
2026/09/03 19:25:57 - __main__ - INFO - 162 - trainer - [104/257] Loss: 1.1809
2026/09/03 19:26:03 - __main__ - INFO - 162 - trainer - [156/257] Loss: 1.2084
2026/09/03 19:26:10 - __main__ - INFO - 162 - trainer - [208/257] Loss: 1.1953
2026/09/03 19:26:15 - __main__ - INFO - 167 - trainer - Average loss in epoch 171: 1.2172
2026/09/03 19:26:15 - __main__ - INFO - 117 - trainer - Epoch: 172
2026/09/03 19:26:16 - __main__ - INFO - 162 - trainer - [0/257] Loss: 1.2123
2026/09/03 19:26:22 - __main__ - INFO - 162 - trainer - [52/257] Loss: 1.2415
2026/09/03 19:26:28 - __main__ - INFO - 162 - trainer - [104/257] Loss: 1.2041
2026/09/03 19:26:35 - __main__ - INFO - 162 - trainer - [156/257] Loss: 1.2624
2026/09/03 19:26:41 - __main__ - INFO - 162 - trainer - [208/257] Loss: 1.2141
2026/09/03 19:26:47 - __main__ - INFO - 167 - trainer - Average loss in epoch 172: 1.2172
2026/09/03 19:26:47 - __main__ - INFO - 117 - trainer - Epoch: 173
2026/09/03 19:26:47 - __main__ - INFO - 162 - trainer - [0/257] Loss: 1.2181
2026/09/03 19:26:54 - __main__ - INFO - 162 - trainer - [52/257] Loss: 1.2085
2026/09/03 19:27:00 - __main__ - INFO - 162 - trainer - [104/257] Loss: 1.2115
2026/09/03 19:27:06 - __main__ - INFO - 162 - trainer - [156/257] Loss: 1.2631
2026/09/03 19:27:13 - __main__ - INFO - 162 - trainer - [208/257] Loss: 1.2225
2026/09/03 19:27:19 - __main__ - INFO - 167 - trainer - Average loss in epoch 173: 1.2167
2026/09/03 19:27:19 - __main__ - INFO - 117 - trainer - Epoch: 174
2026/09/03 19:27:19 - __main__ - INFO - 162 - trainer - [0/257] Loss: 1.1859
2026/09/03 19:27:26 - __main__ - INFO - 162 - trainer - [52/257] Loss: 1.2158
2026/09/03 19:27:32 - __main__ - INFO - 162 - trainer - [104/257] Loss: 1.2368
2026/09/03 19:27:38 - __main__ - INFO - 162 - trainer - [156/257] Loss: 1.2498
2026/09/03 19:27:45 - __main__ - INFO - 162 - trainer - [208/257] Loss: 1.2402
2026/09/03 19:27:51 - __main__ - INFO - 167 - trainer - Average loss in epoch 174: 1.2169
2026/09/03 19:27:51 - __main__ - INFO - 117 - trainer - Epoch: 175
2026/09/03 19:27:51 - __main__ - INFO - 162 - trainer - [0/257] Loss: 1.2204
2026/09/03 19:27:57 - __main__ - INFO - 162 - trainer - [52/257] Loss: 1.2081
2026/09/03 19:28:04 - __main__ - INFO - 162 - trainer - [104/257] Loss: 1.2266
2026/09/03 19:28:10 - __main__ - INFO - 162 - trainer - [156/257] Loss: 1.2024
2026/09/03 19:28:16 - __main__ - INFO - 162 - trainer - [208/257] Loss: 1.2051
2026/09/03 19:28:24 - __main__ - INFO - 167 - trainer - Average loss in epoch 175: 1.2161
2026/09/03 19:28:24 - __main__ - INFO - 117 - trainer - Epoch: 176
2026/09/03 19:28:24 - __main__ - INFO - 162 - trainer - [0/257] Loss: 1.2060
2026/09/03 19:28:30 - __main__ - INFO - 162 - trainer - [52/257] Loss: 1.2426
2026/09/03 19:28:37 - __main__ - INFO - 162 - trainer - [104/257] Loss: 1.2190
2026/09/03 19:28:43 - __main__ - INFO - 162 - trainer - [156/257] Loss: 1.2074
2026/09/03 19:28:50 - __main__ - INFO - 162 - trainer - [208/257] Loss: 1.2126
2026/09/03 19:28:55 - __main__ - INFO - 167 - trainer - Average loss in epoch 176: 1.2148
2026/09/03 19:28:55 - __main__ - INFO - 117 - trainer - Epoch: 177
2026/09/03 19:28:56 - __main__ - INFO - 162 - trainer - [0/257] Loss: 1.1607
2026/09/03 19:29:02 - __main__ - INFO - 162 - trainer - [52/257] Loss: 1.1801
2026/09/03 19:29:08 - __main__ - INFO - 162 - trainer - [104/257] Loss: 1.2141
2026/09/03 19:29:15 - __main__ - INFO - 162 - trainer - [156/257] Loss: 1.2238
2026/09/03 19:29:21 - __main__ - INFO - 162 - trainer - [208/257] Loss: 1.2225
2026/09/03 19:29:28 - __main__ - INFO - 167 - trainer - Average loss in epoch 177: 1.2149
2026/09/03 19:29:28 - __main__ - INFO - 117 - trainer - Epoch: 178
2026/09/03 19:29:28 - __main__ - INFO - 162 - trainer - [0/257] Loss: 1.2577
2026/09/03 19:29:34 - __main__ - INFO - 162 - trainer - [52/257] Loss: 1.2350
2026/09/03 19:29:41 - __main__ - INFO - 162 - trainer - [104/257] Loss: 1.1834
2026/09/03 19:29:47 - __main__ - INFO - 162 - trainer - [156/257] Loss: 1.1895
2026/09/03 19:29:54 - __main__ - INFO - 162 - trainer - [208/257] Loss: 1.2388
2026/09/03 19:30:01 - __main__ - INFO - 167 - trainer - Average loss in epoch 178: 1.2144
2026/09/03 19:30:01 - __main__ - INFO - 117 - trainer - Epoch: 179
2026/09/03 19:30:01 - __main__ - INFO - 162 - trainer - [0/257] Loss: 1.2131
2026/09/03 19:30:08 - __main__ - INFO - 162 - trainer - [52/257] Loss: 1.1900
2026/09/03 19:30:14 - __main__ - INFO - 162 - trainer - [104/257] Loss: 1.1939
2026/09/03 19:30:21 - __main__ - INFO - 162 - trainer - [156/257] Loss: 1.2310
2026/09/03 19:30:27 - __main__ - INFO - 162 - trainer - [208/257] Loss: 1.2602
2026/09/03 19:30:33 - __main__ - INFO - 167 - trainer - Average loss in epoch 179: 1.2147
2026/09/03 19:30:33 - __main__ - INFO - 117 - trainer - Epoch: 180
2026/09/03 19:30:33 - __main__ - INFO - 162 - trainer - [0/257] Loss: 1.2220
2026/09/03 19:30:40 - __main__ - INFO - 162 - trainer - [52/257] Loss: 1.2453
2026/09/03 19:30:46 - __main__ - INFO - 162 - trainer - [104/257] Loss: 1.1620
2026/09/03 19:30:53 - __main__ - INFO - 162 - trainer - [156/257] Loss: 1.2143
2026/09/03 19:30:59 - __main__ - INFO - 162 - trainer - [208/257] Loss: 1.2219
2026/09/03 19:31:05 - __main__ - INFO - 167 - trainer - Average loss in epoch 180: 1.2144
2026/09/03 19:31:05 - __main__ - INFO - 173 - trainer - start predicting: 2026-09-03 19:31:05.489832
2026/09/03 19:31:54 - __main__ - INFO - 203 - trainer - {'Best_HR@5': np.float64(7.7423), 'Best_HR@10': np.float64(10.8266), 'Best_HR@20': np.float64(14.7784), 'Best_NDCG@5': np.float64(5.3608), 'Best_NDCG@10': np.float64(6.332), 'Best_NDCG@20': np.float64(7.3269)}
2026/09/03 19:31:54 - __main__ - INFO - 204 - trainer - {'Best_epoch_HR@5': 100, 'Best_epoch_HR@10': 120, 'Best_epoch_HR@20': 120, 'Best_epoch_NDCG@5': 180, 'Best_epoch_NDCG@10': 120, 'Best_epoch_NDCG@20': 120}
2026/09/03 19:31:54 - __main__ - INFO - 117 - trainer - Epoch: 181
2026/09/03 19:31:54 - __main__ - INFO - 162 - trainer - [0/257] Loss: 1.2365
2026/09/03 19:32:00 - __main__ - INFO - 162 - trainer - [52/257] Loss: 1.2125
2026/09/03 19:32:06 - __main__ - INFO - 162 - trainer - [104/257] Loss: 1.2416
2026/09/03 19:32:14 - __main__ - INFO - 162 - trainer - [156/257] Loss: 1.2258
2026/09/03 19:32:21 - __main__ - INFO - 162 - trainer - [208/257] Loss: 1.2523
2026/09/03 19:32:27 - __main__ - INFO - 167 - trainer - Average loss in epoch 181: 1.2144
2026/09/03 19:32:27 - __main__ - INFO - 117 - trainer - Epoch: 182
2026/09/03 19:32:27 - __main__ - INFO - 162 - trainer - [0/257] Loss: 1.2160
2026/09/03 19:32:33 - __main__ - INFO - 162 - trainer - [52/257] Loss: 1.2020
2026/09/03 19:32:40 - __main__ - INFO - 162 - trainer - [104/257] Loss: 1.2106
2026/09/03 19:32:46 - __main__ - INFO - 162 - trainer - [156/257] Loss: 1.2224
2026/09/03 19:32:53 - __main__ - INFO - 162 - trainer - [208/257] Loss: 1.2138
2026/09/03 19:32:58 - __main__ - INFO - 167 - trainer - Average loss in epoch 182: 1.2149
2026/09/03 19:32:58 - __main__ - INFO - 117 - trainer - Epoch: 183
2026/09/03 19:32:59 - __main__ - INFO - 162 - trainer - [0/257] Loss: 1.2078
2026/09/03 19:33:05 - __main__ - INFO - 162 - trainer - [52/257] Loss: 1.2461
2026/09/03 19:33:12 - __main__ - INFO - 162 - trainer - [104/257] Loss: 1.2829
2026/09/03 19:33:18 - __main__ - INFO - 162 - trainer - [156/257] Loss: 1.2169
2026/09/03 19:33:24 - __main__ - INFO - 162 - trainer - [208/257] Loss: 1.2384
2026/09/03 19:33:30 - __main__ - INFO - 167 - trainer - Average loss in epoch 183: 1.2135
2026/09/03 19:33:30 - __main__ - INFO - 117 - trainer - Epoch: 184
2026/09/03 19:33:30 - __main__ - INFO - 162 - trainer - [0/257] Loss: 1.2333
2026/09/03 19:33:37 - __main__ - INFO - 162 - trainer - [52/257] Loss: 1.2145
2026/09/03 19:33:44 - __main__ - INFO - 162 - trainer - [104/257] Loss: 1.2097
2026/09/03 19:33:51 - __main__ - INFO - 162 - trainer - [156/257] Loss: 1.2034
2026/09/03 19:33:58 - __main__ - INFO - 162 - trainer - [208/257] Loss: 1.2238
2026/09/03 19:34:04 - __main__ - INFO - 167 - trainer - Average loss in epoch 184: 1.2133
2026/09/03 19:34:04 - __main__ - INFO - 117 - trainer - Epoch: 185
2026/09/03 19:34:05 - __main__ - INFO - 162 - trainer - [0/257] Loss: 1.2443
2026/09/03 19:34:11 - __main__ - INFO - 162 - trainer - [52/257] Loss: 1.2082
2026/09/03 19:34:18 - __main__ - INFO - 162 - trainer - [104/257] Loss: 1.1984
2026/09/03 19:34:24 - __main__ - INFO - 162 - trainer - [156/257] Loss: 1.1953
2026/09/03 19:34:31 - __main__ - INFO - 162 - trainer - [208/257] Loss: 1.1968
2026/09/03 19:34:36 - __main__ - INFO - 167 - trainer - Average loss in epoch 185: 1.2129
2026/09/03 19:34:36 - __main__ - INFO - 117 - trainer - Epoch: 186
2026/09/03 19:34:37 - __main__ - INFO - 162 - trainer - [0/257] Loss: 1.1995
2026/09/03 19:34:43 - __main__ - INFO - 162 - trainer - [52/257] Loss: 1.2489
2026/09/03 19:34:50 - __main__ - INFO - 162 - trainer - [104/257] Loss: 1.2312
2026/09/03 19:34:56 - __main__ - INFO - 162 - trainer - [156/257] Loss: 1.2226
2026/09/03 19:35:02 - __main__ - INFO - 162 - trainer - [208/257] Loss: 1.1895
2026/09/03 19:35:08 - __main__ - INFO - 167 - trainer - Average loss in epoch 186: 1.2123
2026/09/03 19:35:08 - __main__ - INFO - 117 - trainer - Epoch: 187
2026/09/03 19:35:09 - __main__ - INFO - 162 - trainer - [0/257] Loss: 1.1800
2026/09/03 19:35:15 - __main__ - INFO - 162 - trainer - [52/257] Loss: 1.1776
2026/09/03 19:35:22 - __main__ - INFO - 162 - trainer - [104/257] Loss: 1.2390
2026/09/03 19:35:28 - __main__ - INFO - 162 - trainer - [156/257] Loss: 1.2178
2026/09/03 19:35:34 - __main__ - INFO - 162 - trainer - [208/257] Loss: 1.1984
2026/09/03 19:35:40 - __main__ - INFO - 167 - trainer - Average loss in epoch 187: 1.2112
2026/09/03 19:35:40 - __main__ - INFO - 117 - trainer - Epoch: 188
2026/09/03 19:35:40 - __main__ - INFO - 162 - trainer - [0/257] Loss: 1.2216
2026/09/03 19:35:47 - __main__ - INFO - 162 - trainer - [52/257] Loss: 1.1707
2026/09/03 19:35:53 - __main__ - INFO - 162 - trainer - [104/257] Loss: 1.2227
2026/09/03 19:36:00 - __main__ - INFO - 162 - trainer - [156/257] Loss: 1.1985
2026/09/03 19:36:06 - __main__ - INFO - 162 - trainer - [208/257] Loss: 1.1745
2026/09/03 19:36:12 - __main__ - INFO - 167 - trainer - Average loss in epoch 188: 1.2114
2026/09/03 19:36:12 - __main__ - INFO - 117 - trainer - Epoch: 189
2026/09/03 19:36:12 - __main__ - INFO - 162 - trainer - [0/257] Loss: 1.1710
2026/09/03 19:36:19 - __main__ - INFO - 162 - trainer - [52/257] Loss: 1.2462
2026/09/03 19:36:25 - __main__ - INFO - 162 - trainer - [104/257] Loss: 1.2046
2026/09/03 19:36:32 - __main__ - INFO - 162 - trainer - [156/257] Loss: 1.1865
2026/09/03 19:36:38 - __main__ - INFO - 162 - trainer - [208/257] Loss: 1.1924
2026/09/03 19:36:44 - __main__ - INFO - 167 - trainer - Average loss in epoch 189: 1.2110
2026/09/03 19:36:44 - __main__ - INFO - 117 - trainer - Epoch: 190
2026/09/03 19:36:44 - __main__ - INFO - 162 - trainer - [0/257] Loss: 1.1936
2026/09/03 19:36:51 - __main__ - INFO - 162 - trainer - [52/257] Loss: 1.2091
2026/09/03 19:36:57 - __main__ - INFO - 162 - trainer - [104/257] Loss: 1.1957
2026/09/03 19:37:03 - __main__ - INFO - 162 - trainer - [156/257] Loss: 1.1911
2026/09/03 19:37:10 - __main__ - INFO - 162 - trainer - [208/257] Loss: 1.2295
2026/09/03 19:37:16 - __main__ - INFO - 167 - trainer - Average loss in epoch 190: 1.2120
2026/09/03 19:37:16 - __main__ - INFO - 117 - trainer - Epoch: 191
2026/09/03 19:37:16 - __main__ - INFO - 162 - trainer - [0/257] Loss: 1.2053
2026/09/03 19:37:22 - __main__ - INFO - 162 - trainer - [52/257] Loss: 1.1913
2026/09/03 19:37:29 - __main__ - INFO - 162 - trainer - [104/257] Loss: 1.2001
2026/09/03 19:37:35 - __main__ - INFO - 162 - trainer - [156/257] Loss: 1.2301
2026/09/03 19:37:42 - __main__ - INFO - 162 - trainer - [208/257] Loss: 1.2233
2026/09/03 19:37:48 - __main__ - INFO - 167 - trainer - Average loss in epoch 191: 1.2100
2026/09/03 19:37:48 - __main__ - INFO - 117 - trainer - Epoch: 192
2026/09/03 19:37:48 - __main__ - INFO - 162 - trainer - [0/257] Loss: 1.2107
2026/09/03 19:37:54 - __main__ - INFO - 162 - trainer - [52/257] Loss: 1.1913
2026/09/03 19:38:01 - __main__ - INFO - 162 - trainer - [104/257] Loss: 1.2098
2026/09/03 19:38:07 - __main__ - INFO - 162 - trainer - [156/257] Loss: 1.1838
2026/09/03 19:38:13 - __main__ - INFO - 162 - trainer - [208/257] Loss: 1.2162
2026/09/03 19:38:19 - __main__ - INFO - 167 - trainer - Average loss in epoch 192: 1.2099
2026/09/03 19:38:19 - __main__ - INFO - 117 - trainer - Epoch: 193
2026/09/03 19:38:20 - __main__ - INFO - 162 - trainer - [0/257] Loss: 1.2034
2026/09/03 19:38:26 - __main__ - INFO - 162 - trainer - [52/257] Loss: 1.2319
2026/09/03 19:38:32 - __main__ - INFO - 162 - trainer - [104/257] Loss: 1.1560
2026/09/03 19:38:39 - __main__ - INFO - 162 - trainer - [156/257] Loss: 1.2537
2026/09/03 19:38:45 - __main__ - INFO - 162 - trainer - [208/257] Loss: 1.2109
2026/09/03 19:38:51 - __main__ - INFO - 167 - trainer - Average loss in epoch 193: 1.2093
2026/09/03 19:38:51 - __main__ - INFO - 117 - trainer - Epoch: 194
2026/09/03 19:38:51 - __main__ - INFO - 162 - trainer - [0/257] Loss: 1.2203
2026/09/03 19:38:58 - __main__ - INFO - 162 - trainer - [52/257] Loss: 1.2152
2026/09/03 19:39:04 - __main__ - INFO - 162 - trainer - [104/257] Loss: 1.2169
2026/09/03 19:39:10 - __main__ - INFO - 162 - trainer - [156/257] Loss: 1.1964
2026/09/03 19:39:17 - __main__ - INFO - 162 - trainer - [208/257] Loss: 1.2415
2026/09/03 19:39:23 - __main__ - INFO - 167 - trainer - Average loss in epoch 194: 1.2097
2026/09/03 19:39:23 - __main__ - INFO - 117 - trainer - Epoch: 195
2026/09/03 19:39:23 - __main__ - INFO - 162 - trainer - [0/257] Loss: 1.1743
2026/09/03 19:39:29 - __main__ - INFO - 162 - trainer - [52/257] Loss: 1.2118
2026/09/03 19:39:36 - __main__ - INFO - 162 - trainer - [104/257] Loss: 1.2187
2026/09/03 19:39:42 - __main__ - INFO - 162 - trainer - [156/257] Loss: 1.1918
2026/09/03 19:39:48 - __main__ - INFO - 162 - trainer - [208/257] Loss: 1.2025
2026/09/03 19:39:54 - __main__ - INFO - 167 - trainer - Average loss in epoch 195: 1.2079
2026/09/03 19:39:54 - __main__ - INFO - 117 - trainer - Epoch: 196
2026/09/03 19:39:54 - __main__ - INFO - 162 - trainer - [0/257] Loss: 1.1737
2026/09/03 19:40:01 - __main__ - INFO - 162 - trainer - [52/257] Loss: 1.1754
2026/09/03 19:40:07 - __main__ - INFO - 162 - trainer - [104/257] Loss: 1.1958
2026/09/03 19:40:14 - __main__ - INFO - 162 - trainer - [156/257] Loss: 1.2024
2026/09/03 19:40:20 - __main__ - INFO - 162 - trainer - [208/257] Loss: 1.2472
2026/09/03 19:40:26 - __main__ - INFO - 167 - trainer - Average loss in epoch 196: 1.2090
2026/09/03 19:40:26 - __main__ - INFO - 117 - trainer - Epoch: 197
2026/09/03 19:40:26 - __main__ - INFO - 162 - trainer - [0/257] Loss: 1.2060
2026/09/03 19:40:33 - __main__ - INFO - 162 - trainer - [52/257] Loss: 1.2232
2026/09/03 19:40:39 - __main__ - INFO - 162 - trainer - [104/257] Loss: 1.2553
2026/09/03 19:40:46 - __main__ - INFO - 162 - trainer - [156/257] Loss: 1.1853
2026/09/03 19:40:52 - __main__ - INFO - 162 - trainer - [208/257] Loss: 1.1869
2026/09/03 19:40:58 - __main__ - INFO - 167 - trainer - Average loss in epoch 197: 1.2083
2026/09/03 19:40:58 - __main__ - INFO - 117 - trainer - Epoch: 198
2026/09/03 19:40:58 - __main__ - INFO - 162 - trainer - [0/257] Loss: 1.2113
2026/09/03 19:41:04 - __main__ - INFO - 162 - trainer - [52/257] Loss: 1.2308
2026/09/03 19:41:11 - __main__ - INFO - 162 - trainer - [104/257] Loss: 1.2003
2026/09/03 19:41:17 - __main__ - INFO - 162 - trainer - [156/257] Loss: 1.2092
2026/09/03 19:41:23 - __main__ - INFO - 162 - trainer - [208/257] Loss: 1.2046
2026/09/03 19:41:29 - __main__ - INFO - 167 - trainer - Average loss in epoch 198: 1.2082
2026/09/03 19:41:29 - __main__ - INFO - 117 - trainer - Epoch: 199
2026/09/03 19:41:29 - __main__ - INFO - 162 - trainer - [0/257] Loss: 1.2139
2026/09/03 19:41:36 - __main__ - INFO - 162 - trainer - [52/257] Loss: 1.2140
2026/09/03 19:41:42 - __main__ - INFO - 162 - trainer - [104/257] Loss: 1.1992
2026/09/03 19:41:49 - __main__ - INFO - 162 - trainer - [156/257] Loss: 1.2123
2026/09/03 19:41:55 - __main__ - INFO - 162 - trainer - [208/257] Loss: 1.2233
2026/09/03 19:42:01 - __main__ - INFO - 167 - trainer - Average loss in epoch 199: 1.2072
2026/09/03 19:42:01 - __main__ - INFO - 117 - trainer - Epoch: 200
2026/09/03 19:42:01 - __main__ - INFO - 162 - trainer - [0/257] Loss: 1.1851
2026/09/03 19:42:07 - __main__ - INFO - 162 - trainer - [52/257] Loss: 1.2072
2026/09/03 19:42:15 - __main__ - INFO - 162 - trainer - [104/257] Loss: 1.1789
2026/09/03 19:42:21 - __main__ - INFO - 162 - trainer - [156/257] Loss: 1.1915
2026/09/03 19:42:28 - __main__ - INFO - 162 - trainer - [208/257] Loss: 1.1925
2026/09/03 19:42:34 - __main__ - INFO - 167 - trainer - Average loss in epoch 200: 1.2051
2026/09/03 19:42:34 - __main__ - INFO - 173 - trainer - start predicting: 2026-09-03 19:42:34.106347
2026/09/03 19:43:22 - __main__ - INFO - 117 - trainer - Epoch: 201
2026/09/03 19:43:22 - __main__ - INFO - 162 - trainer - [0/257] Loss: 1.1957
2026/09/03 19:43:29 - __main__ - INFO - 162 - trainer - [52/257] Loss: 1.2026
2026/09/03 19:43:36 - __main__ - INFO - 162 - trainer - [104/257] Loss: 1.1901
2026/09/03 19:43:42 - __main__ - INFO - 162 - trainer - [156/257] Loss: 1.2319
2026/09/03 19:43:48 - __main__ - INFO - 162 - trainer - [208/257] Loss: 1.2093
2026/09/03 19:43:54 - __main__ - INFO - 167 - trainer - Average loss in epoch 201: 1.2046
2026/09/03 19:43:54 - __main__ - INFO - 117 - trainer - Epoch: 202
2026/09/03 19:43:54 - __main__ - INFO - 162 - trainer - [0/257] Loss: 1.2203
2026/09/03 19:44:01 - __main__ - INFO - 162 - trainer - [52/257] Loss: 1.2459
2026/09/03 19:44:07 - __main__ - INFO - 162 - trainer - [104/257] Loss: 1.1992
2026/09/03 19:44:13 - __main__ - INFO - 162 - trainer - [156/257] Loss: 1.2333
2026/09/03 19:44:20 - __main__ - INFO - 162 - trainer - [208/257] Loss: 1.2124
2026/09/03 19:44:26 - __main__ - INFO - 167 - trainer - Average loss in epoch 202: 1.2050
2026/09/03 19:44:26 - __main__ - INFO - 117 - trainer - Epoch: 203
2026/09/03 19:44:26 - __main__ - INFO - 162 - trainer - [0/257] Loss: 1.2097
2026/09/03 19:44:32 - __main__ - INFO - 162 - trainer - [52/257] Loss: 1.1924
2026/09/03 19:44:39 - __main__ - INFO - 162 - trainer - [104/257] Loss: 1.1864
2026/09/03 19:44:45 - __main__ - INFO - 162 - trainer - [156/257] Loss: 1.2222
2026/09/03 19:44:51 - __main__ - INFO - 162 - trainer - [208/257] Loss: 1.1899
2026/09/03 19:44:57 - __main__ - INFO - 167 - trainer - Average loss in epoch 203: 1.2053
2026/09/03 19:44:57 - __main__ - INFO - 117 - trainer - Epoch: 204
2026/09/03 19:44:57 - __main__ - INFO - 162 - trainer - [0/257] Loss: 1.1846
2026/09/03 19:45:04 - __main__ - INFO - 162 - trainer - [52/257] Loss: 1.2031
2026/09/03 19:45:10 - __main__ - INFO - 162 - trainer - [104/257] Loss: 1.1759
2026/09/03 19:45:17 - __main__ - INFO - 162 - trainer - [156/257] Loss: 1.1971
2026/09/03 19:45:23 - __main__ - INFO - 162 - trainer - [208/257] Loss: 1.1975
2026/09/03 19:45:29 - __main__ - INFO - 167 - trainer - Average loss in epoch 204: 1.2042
2026/09/03 19:45:29 - __main__ - INFO - 117 - trainer - Epoch: 205
2026/09/03 19:45:29 - __main__ - INFO - 162 - trainer - [0/257] Loss: 1.1804
2026/09/03 19:45:35 - __main__ - INFO - 162 - trainer - [52/257] Loss: 1.1969
2026/09/03 19:45:42 - __main__ - INFO - 162 - trainer - [104/257] Loss: 1.2224
2026/09/03 19:45:48 - __main__ - INFO - 162 - trainer - [156/257] Loss: 1.2515
2026/09/03 19:45:55 - __main__ - INFO - 162 - trainer - [208/257] Loss: 1.1926
2026/09/03 19:46:01 - __main__ - INFO - 167 - trainer - Average loss in epoch 205: 1.2057
2026/09/03 19:46:01 - __main__ - INFO - 117 - trainer - Epoch: 206
2026/09/03 19:46:01 - __main__ - INFO - 162 - trainer - [0/257] Loss: 1.2131
2026/09/03 19:46:07 - __main__ - INFO - 162 - trainer - [52/257] Loss: 1.2251
2026/09/03 19:46:13 - __main__ - INFO - 162 - trainer - [104/257] Loss: 1.2024
2026/09/03 19:46:20 - __main__ - INFO - 162 - trainer - [156/257] Loss: 1.1919
2026/09/03 19:46:26 - __main__ - INFO - 162 - trainer - [208/257] Loss: 1.1976
2026/09/03 19:46:32 - __main__ - INFO - 167 - trainer - Average loss in epoch 206: 1.2061
2026/09/03 19:46:32 - __main__ - INFO - 117 - trainer - Epoch: 207
2026/09/03 19:46:32 - __main__ - INFO - 162 - trainer - [0/257] Loss: 1.1779
2026/09/03 19:46:39 - __main__ - INFO - 162 - trainer - [52/257] Loss: 1.2093
2026/09/03 19:46:45 - __main__ - INFO - 162 - trainer - [104/257] Loss: 1.2240
2026/09/03 19:46:51 - __main__ - INFO - 162 - trainer - [156/257] Loss: 1.1961
2026/09/03 19:46:58 - __main__ - INFO - 162 - trainer - [208/257] Loss: 1.1999
2026/09/03 19:47:04 - __main__ - INFO - 167 - trainer - Average loss in epoch 207: 1.2061
2026/09/03 19:47:04 - __main__ - INFO - 117 - trainer - Epoch: 208
2026/09/03 19:47:04 - __main__ - INFO - 162 - trainer - [0/257] Loss: 1.2019
2026/09/03 19:47:10 - __main__ - INFO - 162 - trainer - [52/257] Loss: 1.2153
2026/09/03 19:47:17 - __main__ - INFO - 162 - trainer - [104/257] Loss: 1.2165
2026/09/03 19:47:23 - __main__ - INFO - 162 - trainer - [156/257] Loss: 1.2337
2026/09/03 19:47:30 - __main__ - INFO - 162 - trainer - [208/257] Loss: 1.2359
2026/09/03 19:47:36 - __main__ - INFO - 167 - trainer - Average loss in epoch 208: 1.2043
2026/09/03 19:47:36 - __main__ - INFO - 117 - trainer - Epoch: 209
2026/09/03 19:47:36 - __main__ - INFO - 162 - trainer - [0/257] Loss: 1.1638
2026/09/03 19:47:43 - __main__ - INFO - 162 - trainer - [52/257] Loss: 1.2227
2026/09/03 19:47:49 - __main__ - INFO - 162 - trainer - [104/257] Loss: 1.2000
2026/09/03 19:47:56 - __main__ - INFO - 162 - trainer - [156/257] Loss: 1.1980
2026/09/03 19:48:02 - __main__ - INFO - 162 - trainer - [208/257] Loss: 1.2305
2026/09/03 19:48:08 - __main__ - INFO - 167 - trainer - Average loss in epoch 209: 1.2051
2026/09/03 19:48:08 - __main__ - INFO - 117 - trainer - Epoch: 210
2026/09/03 19:48:08 - __main__ - INFO - 162 - trainer - [0/257] Loss: 1.1926
2026/09/03 19:48:15 - __main__ - INFO - 162 - trainer - [52/257] Loss: 1.1908
2026/09/03 19:48:21 - __main__ - INFO - 162 - trainer - [104/257] Loss: 1.2145
2026/09/03 19:48:28 - __main__ - INFO - 162 - trainer - [156/257] Loss: 1.2080
2026/09/03 19:48:34 - __main__ - INFO - 162 - trainer - [208/257] Loss: 1.2041
2026/09/03 19:48:40 - __main__ - INFO - 167 - trainer - Average loss in epoch 210: 1.2043
2026/09/03 19:48:40 - __main__ - INFO - 117 - trainer - Epoch: 211
2026/09/03 19:48:40 - __main__ - INFO - 162 - trainer - [0/257] Loss: 1.2296
2026/09/03 19:48:47 - __main__ - INFO - 162 - trainer - [52/257] Loss: 1.2199
2026/09/03 19:48:53 - __main__ - INFO - 162 - trainer - [104/257] Loss: 1.1917
2026/09/03 19:48:59 - __main__ - INFO - 162 - trainer - [156/257] Loss: 1.1578
2026/09/03 19:49:06 - __main__ - INFO - 162 - trainer - [208/257] Loss: 1.1699
2026/09/03 19:49:12 - __main__ - INFO - 167 - trainer - Average loss in epoch 211: 1.2053
2026/09/03 19:49:12 - __main__ - INFO - 117 - trainer - Epoch: 212
2026/09/03 19:49:12 - __main__ - INFO - 162 - trainer - [0/257] Loss: 1.1785
2026/09/03 19:49:18 - __main__ - INFO - 162 - trainer - [52/257] Loss: 1.1968
2026/09/03 19:49:25 - __main__ - INFO - 162 - trainer - [104/257] Loss: 1.1988
2026/09/03 19:49:31 - __main__ - INFO - 162 - trainer - [156/257] Loss: 1.2167
2026/09/03 19:49:37 - __main__ - INFO - 162 - trainer - [208/257] Loss: 1.2251
2026/09/03 19:49:43 - __main__ - INFO - 167 - trainer - Average loss in epoch 212: 1.2062
2026/09/03 19:49:43 - __main__ - INFO - 117 - trainer - Epoch: 213
2026/09/03 19:49:43 - __main__ - INFO - 162 - trainer - [0/257] Loss: 1.2121
2026/09/03 19:49:50 - __main__ - INFO - 162 - trainer - [52/257] Loss: 1.2064
2026/09/03 19:49:56 - __main__ - INFO - 162 - trainer - [104/257] Loss: 1.2162
2026/09/03 19:50:03 - __main__ - INFO - 162 - trainer - [156/257] Loss: 1.1961
2026/09/03 19:50:09 - __main__ - INFO - 162 - trainer - [208/257] Loss: 1.1727
2026/09/03 19:50:15 - __main__ - INFO - 167 - trainer - Average loss in epoch 213: 1.2044
2026/09/03 19:50:15 - __main__ - INFO - 117 - trainer - Epoch: 214
2026/09/03 19:50:15 - __main__ - INFO - 162 - trainer - [0/257] Loss: 1.2072
2026/09/03 19:50:21 - __main__ - INFO - 162 - trainer - [52/257] Loss: 1.2385
2026/09/03 19:50:28 - __main__ - INFO - 162 - trainer - [104/257] Loss: 1.2185
2026/09/03 19:50:34 - __main__ - INFO - 162 - trainer - [156/257] Loss: 1.1979
2026/09/03 19:50:40 - __main__ - INFO - 162 - trainer - [208/257] Loss: 1.2420
2026/09/03 19:50:46 - __main__ - INFO - 167 - trainer - Average loss in epoch 214: 1.2039
2026/09/03 19:50:46 - __main__ - INFO - 117 - trainer - Epoch: 215
2026/09/03 19:50:46 - __main__ - INFO - 162 - trainer - [0/257] Loss: 1.1964
2026/09/03 19:50:53 - __main__ - INFO - 162 - trainer - [52/257] Loss: 1.1621
2026/09/03 19:50:59 - __main__ - INFO - 162 - trainer - [104/257] Loss: 1.1890
2026/09/03 19:51:05 - __main__ - INFO - 162 - trainer - [156/257] Loss: 1.2018
2026/09/03 19:51:12 - __main__ - INFO - 162 - trainer - [208/257] Loss: 1.2249
2026/09/03 19:51:18 - __main__ - INFO - 167 - trainer - Average loss in epoch 215: 1.2052
2026/09/03 19:51:18 - __main__ - INFO - 117 - trainer - Epoch: 216
2026/09/03 19:51:18 - __main__ - INFO - 162 - trainer - [0/257] Loss: 1.1868
2026/09/03 19:51:24 - __main__ - INFO - 162 - trainer - [52/257] Loss: 1.2070
2026/09/03 19:51:30 - __main__ - INFO - 162 - trainer - [104/257] Loss: 1.2119
2026/09/03 19:51:37 - __main__ - INFO - 162 - trainer - [156/257] Loss: 1.2440
2026/09/03 19:51:43 - __main__ - INFO - 162 - trainer - [208/257] Loss: 1.1606
2026/09/03 19:51:49 - __main__ - INFO - 167 - trainer - Average loss in epoch 216: 1.2037
2026/09/03 19:51:49 - __main__ - INFO - 117 - trainer - Epoch: 217
2026/09/03 19:51:49 - __main__ - INFO - 162 - trainer - [0/257] Loss: 1.2015
2026/09/03 19:51:56 - __main__ - INFO - 162 - trainer - [52/257] Loss: 1.2149
2026/09/03 19:52:02 - __main__ - INFO - 162 - trainer - [104/257] Loss: 1.2032
2026/09/03 19:52:08 - __main__ - INFO - 162 - trainer - [156/257] Loss: 1.2042
2026/09/03 19:52:15 - __main__ - INFO - 162 - trainer - [208/257] Loss: 1.1865
2026/09/03 19:52:21 - __main__ - INFO - 167 - trainer - Average loss in epoch 217: 1.2054
2026/09/03 19:52:21 - __main__ - INFO - 117 - trainer - Epoch: 218
2026/09/03 19:52:21 - __main__ - INFO - 162 - trainer - [0/257] Loss: 1.1984
2026/09/03 19:52:27 - __main__ - INFO - 162 - trainer - [52/257] Loss: 1.2001
2026/09/03 19:52:34 - __main__ - INFO - 162 - trainer - [104/257] Loss: 1.2260
2026/09/03 19:52:40 - __main__ - INFO - 162 - trainer - [156/257] Loss: 1.2042
2026/09/03 19:52:46 - __main__ - INFO - 162 - trainer - [208/257] Loss: 1.1735
2026/09/03 19:52:52 - __main__ - INFO - 167 - trainer - Average loss in epoch 218: 1.2040
2026/09/03 19:52:52 - __main__ - INFO - 117 - trainer - Epoch: 219
2026/09/03 19:52:52 - __main__ - INFO - 162 - trainer - [0/257] Loss: 1.2129
2026/09/03 19:52:59 - __main__ - INFO - 162 - trainer - [52/257] Loss: 1.2269
2026/09/03 19:53:05 - __main__ - INFO - 162 - trainer - [104/257] Loss: 1.1723
2026/09/03 19:53:13 - __main__ - INFO - 162 - trainer - [156/257] Loss: 1.2062
2026/09/03 19:53:20 - __main__ - INFO - 162 - trainer - [208/257] Loss: 1.1704
2026/09/03 19:53:26 - __main__ - INFO - 167 - trainer - Average loss in epoch 219: 1.2042
2026/09/03 19:53:26 - __main__ - INFO - 117 - trainer - Epoch: 220
2026/09/03 19:53:26 - __main__ - INFO - 162 - trainer - [0/257] Loss: 1.2227
2026/09/03 19:53:32 - __main__ - INFO - 162 - trainer - [52/257] Loss: 1.2086
2026/09/03 19:53:39 - __main__ - INFO - 162 - trainer - [104/257] Loss: 1.1867
2026/09/03 19:53:45 - __main__ - INFO - 162 - trainer - [156/257] Loss: 1.1731
2026/09/03 19:53:51 - __main__ - INFO - 162 - trainer - [208/257] Loss: 1.2334
2026/09/03 19:53:57 - __main__ - INFO - 167 - trainer - Average loss in epoch 220: 1.2054
2026/09/03 19:53:57 - __main__ - INFO - 173 - trainer - start predicting: 2026-09-03 19:53:57.559965
2026/09/03 19:54:48 - __main__ - INFO - 203 - trainer - {'Best_HR@5': np.float64(7.7629), 'Best_HR@10': np.float64(10.8266), 'Best_HR@20': np.float64(14.7784), 'Best_NDCG@5': np.float64(5.3608), 'Best_NDCG@10': np.float64(6.332), 'Best_NDCG@20': np.float64(7.3269)}
2026/09/03 19:54:48 - __main__ - INFO - 204 - trainer - {'Best_epoch_HR@5': 220, 'Best_epoch_HR@10': 120, 'Best_epoch_HR@20': 120, 'Best_epoch_NDCG@5': 180, 'Best_epoch_NDCG@10': 120, 'Best_epoch_NDCG@20': 120}
2026/09/03 19:54:48 - __main__ - INFO - 117 - trainer - Epoch: 221
2026/09/03 19:54:48 - __main__ - INFO - 162 - trainer - [0/257] Loss: 1.2211
2026/09/03 19:54:54 - __main__ - INFO - 162 - trainer - [52/257] Loss: 1.2237
2026/09/03 19:55:00 - __main__ - INFO - 162 - trainer - [104/257] Loss: 1.1877
2026/09/03 19:55:07 - __main__ - INFO - 162 - trainer - [156/257] Loss: 1.1851
2026/09/03 19:55:13 - __main__ - INFO - 162 - trainer - [208/257] Loss: 1.1775
2026/09/03 19:55:19 - __main__ - INFO - 167 - trainer - Average loss in epoch 221: 1.2047
2026/09/03 19:55:19 - __main__ - INFO - 117 - trainer - Epoch: 222
2026/09/03 19:55:19 - __main__ - INFO - 162 - trainer - [0/257] Loss: 1.2275
2026/09/03 19:55:25 - __main__ - INFO - 162 - trainer - [52/257] Loss: 1.1738
2026/09/03 19:55:32 - __main__ - INFO - 162 - trainer - [104/257] Loss: 1.1868
2026/09/03 19:55:38 - __main__ - INFO - 162 - trainer - [156/257] Loss: 1.2069
2026/09/03 19:55:44 - __main__ - INFO - 162 - trainer - [208/257] Loss: 1.2234
2026/09/03 19:55:51 - __main__ - INFO - 167 - trainer - Average loss in epoch 222: 1.2055
2026/09/03 19:55:51 - __main__ - INFO - 117 - trainer - Epoch: 223
2026/09/03 19:55:52 - __main__ - INFO - 162 - trainer - [0/257] Loss: 1.2002
2026/09/03 19:55:58 - __main__ - INFO - 162 - trainer - [52/257] Loss: 1.2043
2026/09/03 19:56:04 - __main__ - INFO - 162 - trainer - [104/257] Loss: 1.1746
2026/09/03 19:56:11 - __main__ - INFO - 162 - trainer - [156/257] Loss: 1.2053
2026/09/03 19:56:17 - __main__ - INFO - 162 - trainer - [208/257] Loss: 1.1791
2026/09/03 19:56:23 - __main__ - INFO - 167 - trainer - Average loss in epoch 223: 1.2054
2026/09/03 19:56:23 - __main__ - INFO - 117 - trainer - Epoch: 224
2026/09/03 19:56:23 - __main__ - INFO - 162 - trainer - [0/257] Loss: 1.2145
2026/09/03 19:56:30 - __main__ - INFO - 162 - trainer - [52/257] Loss: 1.1933
2026/09/03 19:56:36 - __main__ - INFO - 162 - trainer - [104/257] Loss: 1.1854
2026/09/03 19:56:42 - __main__ - INFO - 162 - trainer - [156/257] Loss: 1.2133
2026/09/03 19:56:49 - __main__ - INFO - 162 - trainer - [208/257] Loss: 1.2217
2026/09/03 19:56:54 - __main__ - INFO - 167 - trainer - Average loss in epoch 224: 1.2051
2026/09/03 19:56:54 - __main__ - INFO - 117 - trainer - Epoch: 225
2026/09/03 19:56:54 - __main__ - INFO - 162 - trainer - [0/257] Loss: 1.2376
2026/09/03 19:57:00 - __main__ - INFO - 162 - trainer - [52/257] Loss: 1.2099
2026/09/03 19:57:07 - __main__ - INFO - 162 - trainer - [104/257] Loss: 1.2558
2026/09/03 19:57:13 - __main__ - INFO - 162 - trainer - [156/257] Loss: 1.2043
2026/09/03 19:57:19 - __main__ - INFO - 162 - trainer - [208/257] Loss: 1.1898
2026/09/03 19:57:25 - __main__ - INFO - 167 - trainer - Average loss in epoch 225: 1.2042
2026/09/03 19:57:25 - __main__ - INFO - 117 - trainer - Epoch: 226
2026/09/03 19:57:25 - __main__ - INFO - 162 - trainer - [0/257] Loss: 1.2141
2026/09/03 19:57:31 - __main__ - INFO - 162 - trainer - [52/257] Loss: 1.1683
2026/09/03 19:57:37 - __main__ - INFO - 162 - trainer - [104/257] Loss: 1.1908
2026/09/03 19:57:43 - __main__ - INFO - 162 - trainer - [156/257] Loss: 1.2254
2026/09/03 19:57:49 - __main__ - INFO - 162 - trainer - [208/257] Loss: 1.1734
2026/09/03 19:57:55 - __main__ - INFO - 167 - trainer - Average loss in epoch 226: 1.2048
2026/09/03 19:57:55 - __main__ - INFO - 117 - trainer - Epoch: 227
2026/09/03 19:57:55 - __main__ - INFO - 162 - trainer - [0/257] Loss: 1.2064
2026/09/03 19:58:01 - __main__ - INFO - 162 - trainer - [52/257] Loss: 1.2214
2026/09/03 19:58:08 - __main__ - INFO - 162 - trainer - [104/257] Loss: 1.2325
2026/09/03 19:58:14 - __main__ - INFO - 162 - trainer - [156/257] Loss: 1.2214
2026/09/03 19:58:20 - __main__ - INFO - 162 - trainer - [208/257] Loss: 1.2068
2026/09/03 19:58:26 - __main__ - INFO - 167 - trainer - Average loss in epoch 227: 1.2048
2026/09/03 19:58:26 - __main__ - INFO - 117 - trainer - Epoch: 228
2026/09/03 19:58:26 - __main__ - INFO - 162 - trainer - [0/257] Loss: 1.1987
2026/09/03 19:58:32 - __main__ - INFO - 162 - trainer - [52/257] Loss: 1.2274
2026/09/03 19:58:38 - __main__ - INFO - 162 - trainer - [104/257] Loss: 1.1768
2026/09/03 19:58:45 - __main__ - INFO - 162 - trainer - [156/257] Loss: 1.1972
2026/09/03 19:58:52 - __main__ - INFO - 162 - trainer - [208/257] Loss: 1.1825
2026/09/03 19:58:57 - __main__ - INFO - 167 - trainer - Average loss in epoch 228: 1.2046
2026/09/03 19:58:57 - __main__ - INFO - 117 - trainer - Epoch: 229
2026/09/03 19:58:57 - __main__ - INFO - 162 - trainer - [0/257] Loss: 1.2263
2026/09/03 19:59:03 - __main__ - INFO - 162 - trainer - [52/257] Loss: 1.1929
2026/09/03 19:59:10 - __main__ - INFO - 162 - trainer - [104/257] Loss: 1.2218
2026/09/03 19:59:16 - __main__ - INFO - 162 - trainer - [156/257] Loss: 1.2154
2026/09/03 19:59:22 - __main__ - INFO - 162 - trainer - [208/257] Loss: 1.2081
2026/09/03 19:59:28 - __main__ - INFO - 167 - trainer - Average loss in epoch 229: 1.2051
2026/09/03 19:59:28 - __main__ - INFO - 117 - trainer - Epoch: 230
2026/09/03 19:59:28 - __main__ - INFO - 162 - trainer - [0/257] Loss: 1.1822
2026/09/03 19:59:34 - __main__ - INFO - 162 - trainer - [52/257] Loss: 1.2252
2026/09/03 19:59:40 - __main__ - INFO - 162 - trainer - [104/257] Loss: 1.1726
2026/09/03 19:59:46 - __main__ - INFO - 162 - trainer - [156/257] Loss: 1.2220
2026/09/03 19:59:53 - __main__ - INFO - 162 - trainer - [208/257] Loss: 1.2015
2026/09/03 19:59:59 - __main__ - INFO - 167 - trainer - Average loss in epoch 230: 1.2041
2026/09/03 19:59:59 - __main__ - INFO - 117 - trainer - Epoch: 231
2026/09/03 19:59:59 - __main__ - INFO - 162 - trainer - [0/257] Loss: 1.2359
2026/09/03 20:00:05 - __main__ - INFO - 162 - trainer - [52/257] Loss: 1.1746
2026/09/03 20:00:11 - __main__ - INFO - 162 - trainer - [104/257] Loss: 1.2324
2026/09/03 20:00:18 - __main__ - INFO - 162 - trainer - [156/257] Loss: 1.1980
2026/09/03 20:00:24 - __main__ - INFO - 162 - trainer - [208/257] Loss: 1.1644
2026/09/03 20:00:29 - __main__ - INFO - 167 - trainer - Average loss in epoch 231: 1.2046
2026/09/03 20:00:29 - __main__ - INFO - 117 - trainer - Epoch: 232
2026/09/03 20:00:29 - __main__ - INFO - 162 - trainer - [0/257] Loss: 1.2320
2026/09/03 20:00:36 - __main__ - INFO - 162 - trainer - [52/257] Loss: 1.2388
2026/09/03 20:00:42 - __main__ - INFO - 162 - trainer - [104/257] Loss: 1.2281
2026/09/03 20:00:48 - __main__ - INFO - 162 - trainer - [156/257] Loss: 1.2122
2026/09/03 20:00:54 - __main__ - INFO - 162 - trainer - [208/257] Loss: 1.2377
2026/09/03 20:00:59 - __main__ - INFO - 167 - trainer - Average loss in epoch 232: 1.2044
2026/09/03 20:00:59 - __main__ - INFO - 117 - trainer - Epoch: 233
2026/09/03 20:01:00 - __main__ - INFO - 162 - trainer - [0/257] Loss: 1.2079
2026/09/03 20:01:06 - __main__ - INFO - 162 - trainer - [52/257] Loss: 1.1815
2026/09/03 20:01:12 - __main__ - INFO - 162 - trainer - [104/257] Loss: 1.2118
2026/09/03 20:01:18 - __main__ - INFO - 162 - trainer - [156/257] Loss: 1.2282
2026/09/03 20:01:24 - __main__ - INFO - 162 - trainer - [208/257] Loss: 1.2000
2026/09/03 20:01:30 - __main__ - INFO - 167 - trainer - Average loss in epoch 233: 1.2048
2026/09/03 20:01:30 - __main__ - INFO - 117 - trainer - Epoch: 234
2026/09/03 20:01:30 - __main__ - INFO - 162 - trainer - [0/257] Loss: 1.1850
2026/09/03 20:01:36 - __main__ - INFO - 162 - trainer - [52/257] Loss: 1.1984
2026/09/03 20:01:42 - __main__ - INFO - 162 - trainer - [104/257] Loss: 1.1834
2026/09/03 20:01:48 - __main__ - INFO - 162 - trainer - [156/257] Loss: 1.2309
2026/09/03 20:01:54 - __main__ - INFO - 162 - trainer - [208/257] Loss: 1.2078
2026/09/03 20:02:00 - __main__ - INFO - 167 - trainer - Average loss in epoch 234: 1.2039
2026/09/03 20:02:00 - __main__ - INFO - 117 - trainer - Epoch: 235
2026/09/03 20:02:00 - __main__ - INFO - 162 - trainer - [0/257] Loss: 1.2002
2026/09/03 20:02:06 - __main__ - INFO - 162 - trainer - [52/257] Loss: 1.2370
2026/09/03 20:02:12 - __main__ - INFO - 162 - trainer - [104/257] Loss: 1.2080
2026/09/03 20:02:18 - __main__ - INFO - 162 - trainer - [156/257] Loss: 1.1874
2026/09/03 20:02:24 - __main__ - INFO - 162 - trainer - [208/257] Loss: 1.1947
2026/09/03 20:02:30 - __main__ - INFO - 167 - trainer - Average loss in epoch 235: 1.2033
2026/09/03 20:02:30 - __main__ - INFO - 117 - trainer - Epoch: 236
2026/09/03 20:02:30 - __main__ - INFO - 162 - trainer - [0/257] Loss: 1.2407
2026/09/03 20:02:36 - __main__ - INFO - 162 - trainer - [52/257] Loss: 1.1524
2026/09/03 20:02:42 - __main__ - INFO - 162 - trainer - [104/257] Loss: 1.1943
2026/09/03 20:02:48 - __main__ - INFO - 162 - trainer - [156/257] Loss: 1.1912
2026/09/03 20:02:55 - __main__ - INFO - 162 - trainer - [208/257] Loss: 1.2148
2026/09/03 20:03:00 - __main__ - INFO - 167 - trainer - Average loss in epoch 236: 1.2044
2026/09/03 20:03:00 - __main__ - INFO - 117 - trainer - Epoch: 237
2026/09/03 20:03:00 - __main__ - INFO - 162 - trainer - [0/257] Loss: 1.1729
2026/09/03 20:03:06 - __main__ - INFO - 162 - trainer - [52/257] Loss: 1.1878
2026/09/03 20:03:13 - __main__ - INFO - 162 - trainer - [104/257] Loss: 1.1926
2026/09/03 20:03:19 - __main__ - INFO - 162 - trainer - [156/257] Loss: 1.2256
2026/09/03 20:03:25 - __main__ - INFO - 162 - trainer - [208/257] Loss: 1.1778
2026/09/03 20:03:31 - __main__ - INFO - 167 - trainer - Average loss in epoch 237: 1.2033
2026/09/03 20:03:31 - __main__ - INFO - 117 - trainer - Epoch: 238
2026/09/03 20:03:31 - __main__ - INFO - 162 - trainer - [0/257] Loss: 1.1774
2026/09/03 20:03:37 - __main__ - INFO - 162 - trainer - [52/257] Loss: 1.2264
2026/09/03 20:03:43 - __main__ - INFO - 162 - trainer - [104/257] Loss: 1.1791
2026/09/03 20:03:49 - __main__ - INFO - 162 - trainer - [156/257] Loss: 1.2008
2026/09/03 20:03:55 - __main__ - INFO - 162 - trainer - [208/257] Loss: 1.2160
2026/09/03 20:04:01 - __main__ - INFO - 167 - trainer - Average loss in epoch 238: 1.2036
2026/09/03 20:04:01 - __main__ - INFO - 117 - trainer - Epoch: 239
2026/09/03 20:04:01 - __main__ - INFO - 162 - trainer - [0/257] Loss: 1.2149
2026/09/03 20:04:07 - __main__ - INFO - 162 - trainer - [52/257] Loss: 1.1860
2026/09/03 20:04:13 - __main__ - INFO - 162 - trainer - [104/257] Loss: 1.1469
2026/09/03 20:04:19 - __main__ - INFO - 162 - trainer - [156/257] Loss: 1.2593
2026/09/03 20:04:25 - __main__ - INFO - 162 - trainer - [208/257] Loss: 1.2219
2026/09/03 20:04:31 - __main__ - INFO - 167 - trainer - Average loss in epoch 239: 1.2046
2026/09/03 20:04:31 - __main__ - INFO - 117 - trainer - Epoch: 240
2026/09/03 20:04:31 - __main__ - INFO - 162 - trainer - [0/257] Loss: 1.2167
2026/09/03 20:04:37 - __main__ - INFO - 162 - trainer - [52/257] Loss: 1.2184
2026/09/03 20:04:44 - __main__ - INFO - 162 - trainer - [104/257] Loss: 1.1789
2026/09/03 20:04:50 - __main__ - INFO - 162 - trainer - [156/257] Loss: 1.1690
2026/09/03 20:04:56 - __main__ - INFO - 162 - trainer - [208/257] Loss: 1.2088
2026/09/03 20:05:02 - __main__ - INFO - 167 - trainer - Average loss in epoch 240: 1.2043
2026/09/03 20:05:02 - __main__ - INFO - 173 - trainer - start predicting: 2026-09-03 20:05:02.027029
2026/09/03 20:05:48 - __main__ - INFO - 203 - trainer - {'Best_HR@5': np.float64(7.7671), 'Best_HR@10': np.float64(10.8266), 'Best_HR@20': np.float64(14.7784), 'Best_NDCG@5': np.float64(5.3648), 'Best_NDCG@10': np.float64(6.332), 'Best_NDCG@20': np.float64(7.3269)}
2026/09/03 20:05:48 - __main__ - INFO - 204 - trainer - {'Best_epoch_HR@5': 240, 'Best_epoch_HR@10': 120, 'Best_epoch_HR@20': 120, 'Best_epoch_NDCG@5': 240, 'Best_epoch_NDCG@10': 120, 'Best_epoch_NDCG@20': 120}
2026/09/03 20:05:48 - __main__ - INFO - 117 - trainer - Epoch: 241
2026/09/03 20:05:48 - __main__ - INFO - 162 - trainer - [0/257] Loss: 1.2141
2026/09/03 20:05:55 - __main__ - INFO - 162 - trainer - [52/257] Loss: 1.2262
2026/09/03 20:06:01 - __main__ - INFO - 162 - trainer - [104/257] Loss: 1.2094
2026/09/03 20:06:07 - __main__ - INFO - 162 - trainer - [156/257] Loss: 1.1786
2026/09/03 20:06:13 - __main__ - INFO - 162 - trainer - [208/257] Loss: 1.2214
2026/09/03 20:06:19 - __main__ - INFO - 167 - trainer - Average loss in epoch 241: 1.2043
2026/09/03 20:06:19 - __main__ - INFO - 117 - trainer - Epoch: 242
2026/09/03 20:06:19 - __main__ - INFO - 162 - trainer - [0/257] Loss: 1.2002
2026/09/03 20:06:26 - __main__ - INFO - 162 - trainer - [52/257] Loss: 1.2005
2026/09/03 20:06:33 - __main__ - INFO - 162 - trainer - [104/257] Loss: 1.2026
2026/09/03 20:06:39 - __main__ - INFO - 162 - trainer - [156/257] Loss: 1.2041
2026/09/03 20:06:45 - __main__ - INFO - 162 - trainer - [208/257] Loss: 1.2039
2026/09/03 20:06:51 - __main__ - INFO - 167 - trainer - Average loss in epoch 242: 1.2026
2026/09/03 20:06:51 - __main__ - INFO - 117 - trainer - Epoch: 243
2026/09/03 20:06:51 - __main__ - INFO - 162 - trainer - [0/257] Loss: 1.2065
2026/09/03 20:06:57 - __main__ - INFO - 162 - trainer - [52/257] Loss: 1.1976
2026/09/03 20:07:04 - __main__ - INFO - 162 - trainer - [104/257] Loss: 1.1813
2026/09/03 20:07:10 - __main__ - INFO - 162 - trainer - [156/257] Loss: 1.1864
2026/09/03 20:07:16 - __main__ - INFO - 162 - trainer - [208/257] Loss: 1.2028
2026/09/03 20:07:22 - __main__ - INFO - 167 - trainer - Average loss in epoch 243: 1.2030
2026/09/03 20:07:22 - __main__ - INFO - 117 - trainer - Epoch: 244
2026/09/03 20:07:22 - __main__ - INFO - 162 - trainer - [0/257] Loss: 1.2053
2026/09/03 20:07:28 - __main__ - INFO - 162 - trainer - [52/257] Loss: 1.2035
2026/09/03 20:07:34 - __main__ - INFO - 162 - trainer - [104/257] Loss: 1.1960
2026/09/03 20:07:40 - __main__ - INFO - 162 - trainer - [156/257] Loss: 1.2094
2026/09/03 20:07:47 - __main__ - INFO - 162 - trainer - [208/257] Loss: 1.1743
2026/09/03 20:07:52 - __main__ - INFO - 167 - trainer - Average loss in epoch 244: 1.2036
2026/09/03 20:07:52 - __main__ - INFO - 117 - trainer - Epoch: 245
2026/09/03 20:07:52 - __main__ - INFO - 162 - trainer - [0/257] Loss: 1.2187
2026/09/03 20:07:59 - __main__ - INFO - 162 - trainer - [52/257] Loss: 1.2340
2026/09/03 20:08:05 - __main__ - INFO - 162 - trainer - [104/257] Loss: 1.1792
2026/09/03 20:08:11 - __main__ - INFO - 162 - trainer - [156/257] Loss: 1.1643
2026/09/03 20:08:17 - __main__ - INFO - 162 - trainer - [208/257] Loss: 1.2216
2026/09/03 20:08:23 - __main__ - INFO - 167 - trainer - Average loss in epoch 245: 1.2033
2026/09/03 20:08:23 - __main__ - INFO - 117 - trainer - Epoch: 246
2026/09/03 20:08:23 - __main__ - INFO - 162 - trainer - [0/257] Loss: 1.1896
2026/09/03 20:08:29 - __main__ - INFO - 162 - trainer - [52/257] Loss: 1.2057
2026/09/03 20:08:36 - __main__ - INFO - 162 - trainer - [104/257] Loss: 1.1964
2026/09/03 20:08:42 - __main__ - INFO - 162 - trainer - [156/257] Loss: 1.1959
2026/09/03 20:08:48 - __main__ - INFO - 162 - trainer - [208/257] Loss: 1.2162
2026/09/03 20:08:54 - __main__ - INFO - 167 - trainer - Average loss in epoch 246: 1.2036
2026/09/03 20:08:54 - __main__ - INFO - 117 - trainer - Epoch: 247
2026/09/03 20:08:54 - __main__ - INFO - 162 - trainer - [0/257] Loss: 1.1977
2026/09/03 20:09:00 - __main__ - INFO - 162 - trainer - [52/257] Loss: 1.2137
2026/09/03 20:09:06 - __main__ - INFO - 162 - trainer - [104/257] Loss: 1.2302
2026/09/03 20:09:12 - __main__ - INFO - 162 - trainer - [156/257] Loss: 1.2193
2026/09/03 20:09:19 - __main__ - INFO - 162 - trainer - [208/257] Loss: 1.2096
2026/09/03 20:09:24 - __main__ - INFO - 167 - trainer - Average loss in epoch 247: 1.2028
2026/09/03 20:09:24 - __main__ - INFO - 117 - trainer - Epoch: 248
2026/09/03 20:09:25 - __main__ - INFO - 162 - trainer - [0/257] Loss: 1.2251
2026/09/03 20:09:31 - __main__ - INFO - 162 - trainer - [52/257] Loss: 1.2191
2026/09/03 20:09:37 - __main__ - INFO - 162 - trainer - [104/257] Loss: 1.1965
2026/09/03 20:09:43 - __main__ - INFO - 162 - trainer - [156/257] Loss: 1.2138
2026/09/03 20:09:49 - __main__ - INFO - 162 - trainer - [208/257] Loss: 1.2057
2026/09/03 20:09:55 - __main__ - INFO - 167 - trainer - Average loss in epoch 248: 1.2047
2026/09/03 20:09:55 - __main__ - INFO - 117 - trainer - Epoch: 249
2026/09/03 20:09:55 - __main__ - INFO - 162 - trainer - [0/257] Loss: 1.1985
2026/09/03 20:10:01 - __main__ - INFO - 162 - trainer - [52/257] Loss: 1.2380
2026/09/03 20:10:07 - __main__ - INFO - 162 - trainer - [104/257] Loss: 1.2131
2026/09/03 20:10:13 - __main__ - INFO - 162 - trainer - [156/257] Loss: 1.2158
2026/09/03 20:10:20 - __main__ - INFO - 162 - trainer - [208/257] Loss: 1.2054
2026/09/03 20:10:25 - __main__ - INFO - 167 - trainer - Average loss in epoch 249: 1.2034
2026/09/03 20:10:25 - __main__ - INFO - 117 - trainer - Epoch: 250
2026/09/03 20:10:26 - __main__ - INFO - 162 - trainer - [0/257] Loss: 1.2066
2026/09/03 20:10:32 - __main__ - INFO - 162 - trainer - [52/257] Loss: 1.2514
2026/09/03 20:10:38 - __main__ - INFO - 162 - trainer - [104/257] Loss: 1.2102
2026/09/03 20:10:44 - __main__ - INFO - 162 - trainer - [156/257] Loss: 1.2032
2026/09/03 20:10:50 - __main__ - INFO - 162 - trainer - [208/257] Loss: 1.2311
2026/09/03 20:10:56 - __main__ - INFO - 167 - trainer - Average loss in epoch 250: 1.2026
2026/09/03 20:10:56 - __main__ - INFO - 117 - trainer - Epoch: 251
2026/09/03 20:10:56 - __main__ - INFO - 162 - trainer - [0/257] Loss: 1.2119
2026/09/03 20:11:02 - __main__ - INFO - 162 - trainer - [52/257] Loss: 1.1990
2026/09/03 20:11:08 - __main__ - INFO - 162 - trainer - [104/257] Loss: 1.1813
2026/09/03 20:11:14 - __main__ - INFO - 162 - trainer - [156/257] Loss: 1.1773
2026/09/03 20:11:21 - __main__ - INFO - 162 - trainer - [208/257] Loss: 1.1803
2026/09/03 20:11:26 - __main__ - INFO - 167 - trainer - Average loss in epoch 251: 1.2037
2026/09/03 20:11:26 - __main__ - INFO - 117 - trainer - Epoch: 252
2026/09/03 20:11:26 - __main__ - INFO - 162 - trainer - [0/257] Loss: 1.2237
2026/09/03 20:11:33 - __main__ - INFO - 162 - trainer - [52/257] Loss: 1.2085
2026/09/03 20:11:39 - __main__ - INFO - 162 - trainer - [104/257] Loss: 1.2332
2026/09/03 20:11:45 - __main__ - INFO - 162 - trainer - [156/257] Loss: 1.2100
2026/09/03 20:11:51 - __main__ - INFO - 162 - trainer - [208/257] Loss: 1.1876
2026/09/03 20:11:57 - __main__ - INFO - 167 - trainer - Average loss in epoch 252: 1.2040
2026/09/03 20:11:57 - __main__ - INFO - 117 - trainer - Epoch: 253
2026/09/03 20:11:57 - __main__ - INFO - 162 - trainer - [0/257] Loss: 1.2227
2026/09/03 20:12:04 - __main__ - INFO - 162 - trainer - [52/257] Loss: 1.2246
2026/09/03 20:12:11 - __main__ - INFO - 162 - trainer - [104/257] Loss: 1.1909
2026/09/03 20:12:18 - __main__ - INFO - 162 - trainer - [156/257] Loss: 1.1927
2026/09/03 20:12:24 - __main__ - INFO - 162 - trainer - [208/257] Loss: 1.2138
2026/09/03 20:12:30 - __main__ - INFO - 167 - trainer - Average loss in epoch 253: 1.2041
2026/09/03 20:12:30 - __main__ - INFO - 117 - trainer - Epoch: 254
2026/09/03 20:12:30 - __main__ - INFO - 162 - trainer - [0/257] Loss: 1.2019
2026/09/03 20:12:36 - __main__ - INFO - 162 - trainer - [52/257] Loss: 1.2357
2026/09/03 20:12:42 - __main__ - INFO - 162 - trainer - [104/257] Loss: 1.2183
2026/09/03 20:12:49 - __main__ - INFO - 162 - trainer - [156/257] Loss: 1.1831
2026/09/03 20:12:55 - __main__ - INFO - 162 - trainer - [208/257] Loss: 1.1929
2026/09/03 20:13:00 - __main__ - INFO - 167 - trainer - Average loss in epoch 254: 1.2034
2026/09/03 20:13:00 - __main__ - INFO - 117 - trainer - Epoch: 255
2026/09/03 20:13:01 - __main__ - INFO - 162 - trainer - [0/257] Loss: 1.2069
2026/09/03 20:13:07 - __main__ - INFO - 162 - trainer - [52/257] Loss: 1.1938
2026/09/03 20:13:13 - __main__ - INFO - 162 - trainer - [104/257] Loss: 1.2177
2026/09/03 20:13:19 - __main__ - INFO - 162 - trainer - [156/257] Loss: 1.2089
2026/09/03 20:13:26 - __main__ - INFO - 162 - trainer - [208/257] Loss: 1.1833
2026/09/03 20:13:31 - __main__ - INFO - 167 - trainer - Average loss in epoch 255: 1.2032
2026/09/03 20:13:31 - __main__ - INFO - 117 - trainer - Epoch: 256
2026/09/03 20:13:32 - __main__ - INFO - 162 - trainer - [0/257] Loss: 1.1906
2026/09/03 20:13:38 - __main__ - INFO - 162 - trainer - [52/257] Loss: 1.1929
2026/09/03 20:13:46 - __main__ - INFO - 162 - trainer - [104/257] Loss: 1.1849
2026/09/03 20:13:52 - __main__ - INFO - 162 - trainer - [156/257] Loss: 1.1930
2026/09/03 20:13:58 - __main__ - INFO - 162 - trainer - [208/257] Loss: 1.2034
2026/09/03 20:14:04 - __main__ - INFO - 167 - trainer - Average loss in epoch 256: 1.2031
2026/09/03 20:14:04 - __main__ - INFO - 117 - trainer - Epoch: 257
2026/09/03 20:14:04 - __main__ - INFO - 162 - trainer - [0/257] Loss: 1.2244
2026/09/03 20:14:10 - __main__ - INFO - 162 - trainer - [52/257] Loss: 1.1941
2026/09/03 20:14:17 - __main__ - INFO - 162 - trainer - [104/257] Loss: 1.1792
2026/09/03 20:14:23 - __main__ - INFO - 162 - trainer - [156/257] Loss: 1.2252
2026/09/03 20:14:29 - __main__ - INFO - 162 - trainer - [208/257] Loss: 1.1817
2026/09/03 20:14:35 - __main__ - INFO - 167 - trainer - Average loss in epoch 257: 1.2032
2026/09/03 20:14:35 - __main__ - INFO - 117 - trainer - Epoch: 258
2026/09/03 20:14:35 - __main__ - INFO - 162 - trainer - [0/257] Loss: 1.2282
2026/09/03 20:14:41 - __main__ - INFO - 162 - trainer - [52/257] Loss: 1.2271
2026/09/03 20:14:47 - __main__ - INFO - 162 - trainer - [104/257] Loss: 1.2224
2026/09/03 20:14:54 - __main__ - INFO - 162 - trainer - [156/257] Loss: 1.2399
2026/09/03 20:15:00 - __main__ - INFO - 162 - trainer - [208/257] Loss: 1.2120
2026/09/03 20:15:06 - __main__ - INFO - 167 - trainer - Average loss in epoch 258: 1.2024
2026/09/03 20:15:06 - __main__ - INFO - 117 - trainer - Epoch: 259
2026/09/03 20:15:06 - __main__ - INFO - 162 - trainer - [0/257] Loss: 1.2142
2026/09/03 20:15:12 - __main__ - INFO - 162 - trainer - [52/257] Loss: 1.1964
2026/09/03 20:15:18 - __main__ - INFO - 162 - trainer - [104/257] Loss: 1.2066
2026/09/03 20:15:24 - __main__ - INFO - 162 - trainer - [156/257] Loss: 1.2190
2026/09/03 20:15:31 - __main__ - INFO - 162 - trainer - [208/257] Loss: 1.2063
2026/09/03 20:15:36 - __main__ - INFO - 167 - trainer - Average loss in epoch 259: 1.2028
2026/09/03 20:15:36 - __main__ - INFO - 117 - trainer - Epoch: 260
2026/09/03 20:15:36 - __main__ - INFO - 162 - trainer - [0/257] Loss: 1.2072
2026/09/03 20:15:43 - __main__ - INFO - 162 - trainer - [52/257] Loss: 1.1771
2026/09/03 20:15:49 - __main__ - INFO - 162 - trainer - [104/257] Loss: 1.1964
2026/09/03 20:15:55 - __main__ - INFO - 162 - trainer - [156/257] Loss: 1.2042
2026/09/03 20:16:01 - __main__ - INFO - 162 - trainer - [208/257] Loss: 1.2103
2026/09/03 20:16:07 - __main__ - INFO - 167 - trainer - Average loss in epoch 260: 1.2036
2026/09/03 20:16:07 - __main__ - INFO - 173 - trainer - start predicting: 2026-09-03 20:16:07.749568
2026/09/03 20:16:55 - __main__ - INFO - 117 - trainer - Epoch: 261
2026/09/03 20:16:55 - __main__ - INFO - 162 - trainer - [0/257] Loss: 1.2226
2026/09/03 20:17:01 - __main__ - INFO - 162 - trainer - [52/257] Loss: 1.1712
2026/09/03 20:17:08 - __main__ - INFO - 162 - trainer - [104/257] Loss: 1.1817
2026/09/03 20:17:15 - __main__ - INFO - 162 - trainer - [156/257] Loss: 1.2127
2026/09/03 20:17:21 - __main__ - INFO - 162 - trainer - [208/257] Loss: 1.1860
2026/09/03 20:17:27 - __main__ - INFO - 167 - trainer - Average loss in epoch 261: 1.2021
2026/09/03 20:17:27 - __main__ - INFO - 117 - trainer - Epoch: 262
2026/09/03 20:17:27 - __main__ - INFO - 162 - trainer - [0/257] Loss: 1.2209
2026/09/03 20:17:34 - __main__ - INFO - 162 - trainer - [52/257] Loss: 1.2005
2026/09/03 20:17:40 - __main__ - INFO - 162 - trainer - [104/257] Loss: 1.1992
2026/09/03 20:17:47 - __main__ - INFO - 162 - trainer - [156/257] Loss: 1.1787
2026/09/03 20:17:54 - __main__ - INFO - 162 - trainer - [208/257] Loss: 1.2160
2026/09/03 20:18:01 - __main__ - INFO - 167 - trainer - Average loss in epoch 262: 1.2028
2026/09/03 20:18:01 - __main__ - INFO - 117 - trainer - Epoch: 263
2026/09/03 20:18:01 - __main__ - INFO - 162 - trainer - [0/257] Loss: 1.2184
2026/09/03 20:18:07 - __main__ - INFO - 162 - trainer - [52/257] Loss: 1.2154
2026/09/03 20:18:14 - __main__ - INFO - 162 - trainer - [104/257] Loss: 1.2209
2026/09/03 20:18:20 - __main__ - INFO - 162 - trainer - [156/257] Loss: 1.1606
2026/09/03 20:18:27 - __main__ - INFO - 162 - trainer - [208/257] Loss: 1.2063
2026/09/03 20:18:33 - __main__ - INFO - 167 - trainer - Average loss in epoch 263: 1.2030
2026/09/03 20:18:33 - __main__ - INFO - 117 - trainer - Epoch: 264
2026/09/03 20:18:33 - __main__ - INFO - 162 - trainer - [0/257] Loss: 1.2099
2026/09/03 20:18:40 - __main__ - INFO - 162 - trainer - [52/257] Loss: 1.1740
2026/09/03 20:18:46 - __main__ - INFO - 162 - trainer - [104/257] Loss: 1.1929
2026/09/03 20:18:52 - __main__ - INFO - 162 - trainer - [156/257] Loss: 1.1986
2026/09/03 20:18:59 - __main__ - INFO - 162 - trainer - [208/257] Loss: 1.1893
2026/09/03 20:19:05 - __main__ - INFO - 167 - trainer - Average loss in epoch 264: 1.2033
2026/09/03 20:19:05 - __main__ - INFO - 117 - trainer - Epoch: 265
2026/09/03 20:19:05 - __main__ - INFO - 162 - trainer - [0/257] Loss: 1.2030
2026/09/03 20:19:12 - __main__ - INFO - 162 - trainer - [52/257] Loss: 1.2161
2026/09/03 20:19:18 - __main__ - INFO - 162 - trainer - [104/257] Loss: 1.2185
2026/09/03 20:19:24 - __main__ - INFO - 162 - trainer - [156/257] Loss: 1.2394
2026/09/03 20:19:31 - __main__ - INFO - 162 - trainer - [208/257] Loss: 1.1963
2026/09/03 20:19:37 - __main__ - INFO - 167 - trainer - Average loss in epoch 265: 1.2021
2026/09/03 20:19:37 - __main__ - INFO - 117 - trainer - Epoch: 266
2026/09/03 20:19:37 - __main__ - INFO - 162 - trainer - [0/257] Loss: 1.2115
2026/09/03 20:19:44 - __main__ - INFO - 162 - trainer - [52/257] Loss: 1.1735
2026/09/03 20:19:50 - __main__ - INFO - 162 - trainer - [104/257] Loss: 1.1722
2026/09/03 20:19:56 - __main__ - INFO - 162 - trainer - [156/257] Loss: 1.2057
2026/09/03 20:20:04 - __main__ - INFO - 162 - trainer - [208/257] Loss: 1.1926
2026/09/03 20:20:10 - __main__ - INFO - 167 - trainer - Average loss in epoch 266: 1.2037
2026/09/03 20:20:10 - __main__ - INFO - 117 - trainer - Epoch: 267
2026/09/03 20:20:11 - __main__ - INFO - 162 - trainer - [0/257] Loss: 1.1929
2026/09/03 20:20:17 - __main__ - INFO - 162 - trainer - [52/257] Loss: 1.2409
2026/09/03 20:20:25 - __main__ - INFO - 162 - trainer - [104/257] Loss: 1.2441
2026/09/03 20:20:32 - __main__ - INFO - 162 - trainer - [156/257] Loss: 1.1901
2026/09/03 20:20:39 - __main__ - INFO - 162 - trainer - [208/257] Loss: 1.1963
2026/09/03 20:20:45 - __main__ - INFO - 167 - trainer - Average loss in epoch 267: 1.2029
2026/09/03 20:20:45 - __main__ - INFO - 117 - trainer - Epoch: 268
2026/09/03 20:20:45 - __main__ - INFO - 162 - trainer - [0/257] Loss: 1.1888
2026/09/03 20:20:51 - __main__ - INFO - 162 - trainer - [52/257] Loss: 1.1998
2026/09/03 20:20:58 - __main__ - INFO - 162 - trainer - [104/257] Loss: 1.2233
2026/09/03 20:21:04 - __main__ - INFO - 162 - trainer - [156/257] Loss: 1.2069
2026/09/03 20:21:11 - __main__ - INFO - 162 - trainer - [208/257] Loss: 1.1925
2026/09/03 20:21:17 - __main__ - INFO - 167 - trainer - Average loss in epoch 268: 1.2014
2026/09/03 20:21:17 - __main__ - INFO - 117 - trainer - Epoch: 269
2026/09/03 20:21:17 - __main__ - INFO - 162 - trainer - [0/257] Loss: 1.1708
2026/09/03 20:21:24 - __main__ - INFO - 162 - trainer - [52/257] Loss: 1.2266
2026/09/03 20:21:31 - __main__ - INFO - 162 - trainer - [104/257] Loss: 1.1976
2026/09/03 20:21:37 - __main__ - INFO - 162 - trainer - [156/257] Loss: 1.2326
2026/09/03 20:21:44 - __main__ - INFO - 162 - trainer - [208/257] Loss: 1.1790
2026/09/03 20:21:50 - __main__ - INFO - 167 - trainer - Average loss in epoch 269: 1.2035
2026/09/03 20:21:50 - __main__ - INFO - 117 - trainer - Epoch: 270
2026/09/03 20:21:50 - __main__ - INFO - 162 - trainer - [0/257] Loss: 1.2051
2026/09/03 20:21:57 - __main__ - INFO - 162 - trainer - [52/257] Loss: 1.1905
2026/09/03 20:22:03 - __main__ - INFO - 162 - trainer - [104/257] Loss: 1.2010
2026/09/03 20:22:10 - __main__ - INFO - 162 - trainer - [156/257] Loss: 1.1956
2026/09/03 20:22:17 - __main__ - INFO - 162 - trainer - [208/257] Loss: 1.1843
2026/09/03 20:22:23 - __main__ - INFO - 167 - trainer - Average loss in epoch 270: 1.2032
2026/09/03 20:22:23 - __main__ - INFO - 117 - trainer - Epoch: 271
2026/09/03 20:22:23 - __main__ - INFO - 162 - trainer - [0/257] Loss: 1.2270
2026/09/03 20:22:29 - __main__ - INFO - 162 - trainer - [52/257] Loss: 1.2186
2026/09/03 20:22:36 - __main__ - INFO - 162 - trainer - [104/257] Loss: 1.1950
2026/09/03 20:22:43 - __main__ - INFO - 162 - trainer - [156/257] Loss: 1.2216
2026/09/03 20:22:50 - __main__ - INFO - 162 - trainer - [208/257] Loss: 1.1852
2026/09/03 20:22:56 - __main__ - INFO - 167 - trainer - Average loss in epoch 271: 1.2036
2026/09/03 20:22:56 - __main__ - INFO - 117 - trainer - Epoch: 272
2026/09/03 20:22:56 - __main__ - INFO - 162 - trainer - [0/257] Loss: 1.1955
2026/09/03 20:23:02 - __main__ - INFO - 162 - trainer - [52/257] Loss: 1.2242
2026/09/03 20:23:09 - __main__ - INFO - 162 - trainer - [104/257] Loss: 1.1966
2026/09/03 20:23:16 - __main__ - INFO - 162 - trainer - [156/257] Loss: 1.2038
2026/09/03 20:23:22 - __main__ - INFO - 162 - trainer - [208/257] Loss: 1.2224
2026/09/03 20:23:28 - __main__ - INFO - 167 - trainer - Average loss in epoch 272: 1.2036
2026/09/03 20:23:28 - __main__ - INFO - 117 - trainer - Epoch: 273
2026/09/03 20:23:28 - __main__ - INFO - 162 - trainer - [0/257] Loss: 1.2207
2026/09/03 20:23:35 - __main__ - INFO - 162 - trainer - [52/257] Loss: 1.2045
2026/09/03 20:23:41 - __main__ - INFO - 162 - trainer - [104/257] Loss: 1.2120
2026/09/03 20:23:48 - __main__ - INFO - 162 - trainer - [156/257] Loss: 1.2038
2026/09/03 20:23:54 - __main__ - INFO - 162 - trainer - [208/257] Loss: 1.1951
2026/09/03 20:24:00 - __main__ - INFO - 167 - trainer - Average loss in epoch 273: 1.2028
2026/09/03 20:24:00 - __main__ - INFO - 117 - trainer - Epoch: 274
2026/09/03 20:24:00 - __main__ - INFO - 162 - trainer - [0/257] Loss: 1.2120
2026/09/03 20:24:07 - __main__ - INFO - 162 - trainer - [52/257] Loss: 1.2022
2026/09/03 20:24:13 - __main__ - INFO - 162 - trainer - [104/257] Loss: 1.1991
2026/09/03 20:24:19 - __main__ - INFO - 162 - trainer - [156/257] Loss: 1.1936
2026/09/03 20:24:26 - __main__ - INFO - 162 - trainer - [208/257] Loss: 1.2079
2026/09/03 20:24:32 - __main__ - INFO - 167 - trainer - Average loss in epoch 274: 1.2025
2026/09/03 20:24:32 - __main__ - INFO - 117 - trainer - Epoch: 275
2026/09/03 20:24:32 - __main__ - INFO - 162 - trainer - [0/257] Loss: 1.1987
2026/09/03 20:24:38 - __main__ - INFO - 162 - trainer - [52/257] Loss: 1.2009
2026/09/03 20:24:45 - __main__ - INFO - 162 - trainer - [104/257] Loss: 1.1994
2026/09/03 20:24:52 - __main__ - INFO - 162 - trainer - [156/257] Loss: 1.1780
2026/09/03 20:24:58 - __main__ - INFO - 162 - trainer - [208/257] Loss: 1.2479
2026/09/03 20:25:04 - __main__ - INFO - 167 - trainer - Average loss in epoch 275: 1.2042
2026/09/03 20:25:04 - __main__ - INFO - 117 - trainer - Epoch: 276
2026/09/03 20:25:04 - __main__ - INFO - 162 - trainer - [0/257] Loss: 1.2123
2026/09/03 20:25:11 - __main__ - INFO - 162 - trainer - [52/257] Loss: 1.2251
2026/09/03 20:25:18 - __main__ - INFO - 162 - trainer - [104/257] Loss: 1.2044
2026/09/03 20:25:24 - __main__ - INFO - 162 - trainer - [156/257] Loss: 1.2278
2026/09/03 20:25:31 - __main__ - INFO - 162 - trainer - [208/257] Loss: 1.2331
2026/09/03 20:25:37 - __main__ - INFO - 167 - trainer - Average loss in epoch 276: 1.2014
2026/09/03 20:25:37 - __main__ - INFO - 117 - trainer - Epoch: 277
2026/09/03 20:25:37 - __main__ - INFO - 162 - trainer - [0/257] Loss: 1.2265
2026/09/03 20:25:43 - __main__ - INFO - 162 - trainer - [52/257] Loss: 1.2432
2026/09/03 20:25:50 - __main__ - INFO - 162 - trainer - [104/257] Loss: 1.2063
2026/09/03 20:25:56 - __main__ - INFO - 162 - trainer - [156/257] Loss: 1.1891
2026/09/03 20:26:03 - __main__ - INFO - 162 - trainer - [208/257] Loss: 1.2188
2026/09/03 20:26:09 - __main__ - INFO - 167 - trainer - Average loss in epoch 277: 1.2023
2026/09/03 20:26:09 - __main__ - INFO - 117 - trainer - Epoch: 278
2026/09/03 20:26:09 - __main__ - INFO - 162 - trainer - [0/257] Loss: 1.1982
2026/09/03 20:26:15 - __main__ - INFO - 162 - trainer - [52/257] Loss: 1.2069
2026/09/03 20:26:22 - __main__ - INFO - 162 - trainer - [104/257] Loss: 1.2095
2026/09/03 20:26:28 - __main__ - INFO - 162 - trainer - [156/257] Loss: 1.2029
2026/09/03 20:26:35 - __main__ - INFO - 162 - trainer - [208/257] Loss: 1.1945
2026/09/03 20:26:41 - __main__ - INFO - 167 - trainer - Average loss in epoch 278: 1.2026
2026/09/03 20:26:41 - __main__ - INFO - 117 - trainer - Epoch: 279
2026/09/03 20:26:41 - __main__ - INFO - 162 - trainer - [0/257] Loss: 1.2296
2026/09/03 20:26:47 - __main__ - INFO - 162 - trainer - [52/257] Loss: 1.2149
2026/09/03 20:26:54 - __main__ - INFO - 162 - trainer - [104/257] Loss: 1.2553
2026/09/03 20:27:00 - __main__ - INFO - 162 - trainer - [156/257] Loss: 1.2294
2026/09/03 20:27:07 - __main__ - INFO - 162 - trainer - [208/257] Loss: 1.2297
2026/09/03 20:27:13 - __main__ - INFO - 167 - trainer - Average loss in epoch 279: 1.2023
2026/09/03 20:27:13 - __main__ - INFO - 117 - trainer - Epoch: 280
2026/09/03 20:27:13 - __main__ - INFO - 162 - trainer - [0/257] Loss: 1.2250
2026/09/03 20:27:19 - __main__ - INFO - 162 - trainer - [52/257] Loss: 1.2167
2026/09/03 20:27:26 - __main__ - INFO - 162 - trainer - [104/257] Loss: 1.2239
2026/09/03 20:27:32 - __main__ - INFO - 162 - trainer - [156/257] Loss: 1.1490
2026/09/03 20:27:39 - __main__ - INFO - 162 - trainer - [208/257] Loss: 1.2307
2026/09/03 20:27:45 - __main__ - INFO - 167 - trainer - Average loss in epoch 280: 1.2020
2026/09/03 20:27:45 - __main__ - INFO - 173 - trainer - start predicting: 2026-09-03 20:27:45.151774
2026/09/03 20:28:32 - __main__ - INFO - 203 - trainer - {'Best_HR@5': np.float64(7.7671), 'Best_HR@10': np.float64(10.8266), 'Best_HR@20': np.float64(14.7784), 'Best_NDCG@5': np.float64(5.3686), 'Best_NDCG@10': np.float64(6.332), 'Best_NDCG@20': np.float64(7.3269)}
2026/09/03 20:28:32 - __main__ - INFO - 204 - trainer - {'Best_epoch_HR@5': 240, 'Best_epoch_HR@10': 120, 'Best_epoch_HR@20': 120, 'Best_epoch_NDCG@5': 280, 'Best_epoch_NDCG@10': 120, 'Best_epoch_NDCG@20': 120}
2026/09/03 20:28:32 - __main__ - INFO - 117 - trainer - Epoch: 281
2026/09/03 20:28:32 - __main__ - INFO - 162 - trainer - [0/257] Loss: 1.2276
2026/09/03 20:28:38 - __main__ - INFO - 162 - trainer - [52/257] Loss: 1.1641
2026/09/03 20:28:45 - __main__ - INFO - 162 - trainer - [104/257] Loss: 1.2143
2026/09/03 20:28:51 - __main__ - INFO - 162 - trainer - [156/257] Loss: 1.2120
2026/09/03 20:28:58 - __main__ - INFO - 162 - trainer - [208/257] Loss: 1.2109
2026/09/03 20:29:04 - __main__ - INFO - 167 - trainer - Average loss in epoch 281: 1.2026
2026/09/03 20:29:04 - __main__ - INFO - 117 - trainer - Epoch: 282
2026/09/03 20:29:04 - __main__ - INFO - 162 - trainer - [0/257] Loss: 1.1990
2026/09/03 20:29:11 - __main__ - INFO - 162 - trainer - [52/257] Loss: 1.2244
2026/09/03 20:29:17 - __main__ - INFO - 162 - trainer - [104/257] Loss: 1.1681
2026/09/03 20:29:24 - __main__ - INFO - 162 - trainer - [156/257] Loss: 1.1893
2026/09/03 20:29:30 - __main__ - INFO - 162 - trainer - [208/257] Loss: 1.1814
2026/09/03 20:29:36 - __main__ - INFO - 167 - trainer - Average loss in epoch 282: 1.2017
2026/09/03 20:29:36 - __main__ - INFO - 117 - trainer - Epoch: 283
2026/09/03 20:29:36 - __main__ - INFO - 162 - trainer - [0/257] Loss: 1.2449
2026/09/03 20:29:42 - __main__ - INFO - 162 - trainer - [52/257] Loss: 1.2353
2026/09/03 20:29:49 - __main__ - INFO - 162 - trainer - [104/257] Loss: 1.1809
2026/09/03 20:29:55 - __main__ - INFO - 162 - trainer - [156/257] Loss: 1.1993
2026/09/03 20:30:01 - __main__ - INFO - 162 - trainer - [208/257] Loss: 1.1860
2026/09/03 20:30:07 - __main__ - INFO - 167 - trainer - Average loss in epoch 283: 1.2034
2026/09/03 20:30:07 - __main__ - INFO - 117 - trainer - Epoch: 284
2026/09/03 20:30:08 - __main__ - INFO - 162 - trainer - [0/257] Loss: 1.1830
2026/09/03 20:30:14 - __main__ - INFO - 162 - trainer - [52/257] Loss: 1.2165
2026/09/03 20:30:21 - __main__ - INFO - 162 - trainer - [104/257] Loss: 1.1673
2026/09/03 20:30:27 - __main__ - INFO - 162 - trainer - [156/257] Loss: 1.1915
2026/09/03 20:30:33 - __main__ - INFO - 162 - trainer - [208/257] Loss: 1.1931
2026/09/03 20:30:39 - __main__ - INFO - 167 - trainer - Average loss in epoch 284: 1.2019
2026/09/03 20:30:39 - __main__ - INFO - 117 - trainer - Epoch: 285
2026/09/03 20:30:39 - __main__ - INFO - 162 - trainer - [0/257] Loss: 1.2104
2026/09/03 20:30:46 - __main__ - INFO - 162 - trainer - [52/257] Loss: 1.2322
2026/09/03 20:30:52 - __main__ - INFO - 162 - trainer - [104/257] Loss: 1.1830
2026/09/03 20:30:59 - __main__ - INFO - 162 - trainer - [156/257] Loss: 1.1726
2026/09/03 20:31:05 - __main__ - INFO - 162 - trainer - [208/257] Loss: 1.1834
2026/09/03 20:31:11 - __main__ - INFO - 167 - trainer - Average loss in epoch 285: 1.2025
2026/09/03 20:31:11 - __main__ - INFO - 117 - trainer - Epoch: 286
2026/09/03 20:31:11 - __main__ - INFO - 162 - trainer - [0/257] Loss: 1.2004
2026/09/03 20:31:18 - __main__ - INFO - 162 - trainer - [52/257] Loss: 1.2230
2026/09/03 20:31:24 - __main__ - INFO - 162 - trainer - [104/257] Loss: 1.2374
2026/09/03 20:31:31 - __main__ - INFO - 162 - trainer - [156/257] Loss: 1.1900
2026/09/03 20:31:37 - __main__ - INFO - 162 - trainer - [208/257] Loss: 1.2104
2026/09/03 20:31:43 - __main__ - INFO - 167 - trainer - Average loss in epoch 286: 1.2023
2026/09/03 20:31:43 - __main__ - INFO - 117 - trainer - Epoch: 287
2026/09/03 20:31:43 - __main__ - INFO - 162 - trainer - [0/257] Loss: 1.2333
2026/09/03 20:31:49 - __main__ - INFO - 162 - trainer - [52/257] Loss: 1.2192
2026/09/03 20:31:56 - __main__ - INFO - 162 - trainer - [104/257] Loss: 1.2128
2026/09/03 20:32:02 - __main__ - INFO - 162 - trainer - [156/257] Loss: 1.2476
2026/09/03 20:32:09 - __main__ - INFO - 162 - trainer - [208/257] Loss: 1.2301
2026/09/03 20:32:15 - __main__ - INFO - 167 - trainer - Average loss in epoch 287: 1.2025
2026/09/03 20:32:15 - __main__ - INFO - 117 - trainer - Epoch: 288
2026/09/03 20:32:15 - __main__ - INFO - 162 - trainer - [0/257] Loss: 1.2095
2026/09/03 20:32:21 - __main__ - INFO - 162 - trainer - [52/257] Loss: 1.1763
2026/09/03 20:32:28 - __main__ - INFO - 162 - trainer - [104/257] Loss: 1.2048
2026/09/03 20:32:34 - __main__ - INFO - 162 - trainer - [156/257] Loss: 1.1821
2026/09/03 20:32:40 - __main__ - INFO - 162 - trainer - [208/257] Loss: 1.1830
2026/09/03 20:32:46 - __main__ - INFO - 167 - trainer - Average loss in epoch 288: 1.2020
2026/09/03 20:32:46 - __main__ - INFO - 117 - trainer - Epoch: 289
2026/09/03 20:32:46 - __main__ - INFO - 162 - trainer - [0/257] Loss: 1.1977
2026/09/03 20:32:53 - __main__ - INFO - 162 - trainer - [52/257] Loss: 1.1517
2026/09/03 20:33:00 - __main__ - INFO - 162 - trainer - [104/257] Loss: 1.1789
2026/09/03 20:33:06 - __main__ - INFO - 162 - trainer - [156/257] Loss: 1.1860
2026/09/03 20:33:13 - __main__ - INFO - 162 - trainer - [208/257] Loss: 1.1715
2026/09/03 20:33:19 - __main__ - INFO - 167 - trainer - Average loss in epoch 289: 1.2024
2026/09/03 20:33:19 - __main__ - INFO - 117 - trainer - Epoch: 290
2026/09/03 20:33:19 - __main__ - INFO - 162 - trainer - [0/257] Loss: 1.1741
2026/09/03 20:33:25 - __main__ - INFO - 162 - trainer - [52/257] Loss: 1.2145
2026/09/03 20:33:32 - __main__ - INFO - 162 - trainer - [104/257] Loss: 1.1867
2026/09/03 20:33:38 - __main__ - INFO - 162 - trainer - [156/257] Loss: 1.1958
2026/09/03 20:33:45 - __main__ - INFO - 162 - trainer - [208/257] Loss: 1.2192
2026/09/03 20:33:50 - __main__ - INFO - 167 - trainer - Average loss in epoch 290: 1.2016
2026/09/03 20:33:50 - __main__ - INFO - 117 - trainer - Epoch: 291
2026/09/03 20:33:51 - __main__ - INFO - 162 - trainer - [0/257] Loss: 1.2393
2026/09/03 20:33:57 - __main__ - INFO - 162 - trainer - [52/257] Loss: 1.2238
2026/09/03 20:34:03 - __main__ - INFO - 162 - trainer - [104/257] Loss: 1.1968
2026/09/03 20:34:09 - __main__ - INFO - 162 - trainer - [156/257] Loss: 1.2156
2026/09/03 20:34:16 - __main__ - INFO - 162 - trainer - [208/257] Loss: 1.1837
2026/09/03 20:34:22 - __main__ - INFO - 167 - trainer - Average loss in epoch 291: 1.2014
2026/09/03 20:34:22 - __main__ - INFO - 117 - trainer - Epoch: 292
2026/09/03 20:34:22 - __main__ - INFO - 162 - trainer - [0/257] Loss: 1.2016
2026/09/03 20:34:28 - __main__ - INFO - 162 - trainer - [52/257] Loss: 1.1923
2026/09/03 20:34:35 - __main__ - INFO - 162 - trainer - [104/257] Loss: 1.2029
2026/09/03 20:34:42 - __main__ - INFO - 162 - trainer - [156/257] Loss: 1.2116
2026/09/03 20:34:48 - __main__ - INFO - 162 - trainer - [208/257] Loss: 1.1579
2026/09/03 20:34:54 - __main__ - INFO - 167 - trainer - Average loss in epoch 292: 1.2017
2026/09/03 20:34:54 - __main__ - INFO - 117 - trainer - Epoch: 293
2026/09/03 20:34:54 - __main__ - INFO - 162 - trainer - [0/257] Loss: 1.2397
2026/09/03 20:35:01 - __main__ - INFO - 162 - trainer - [52/257] Loss: 1.1725
2026/09/03 20:35:07 - __main__ - INFO - 162 - trainer - [104/257] Loss: 1.2113
2026/09/03 20:35:14 - __main__ - INFO - 162 - trainer - [156/257] Loss: 1.1941
2026/09/03 20:35:21 - __main__ - INFO - 162 - trainer - [208/257] Loss: 1.2133
2026/09/03 20:35:27 - __main__ - INFO - 167 - trainer - Average loss in epoch 293: 1.2016
2026/09/03 20:35:27 - __main__ - INFO - 117 - trainer - Epoch: 294
2026/09/03 20:35:27 - __main__ - INFO - 162 - trainer - [0/257] Loss: 1.2075
2026/09/03 20:35:34 - __main__ - INFO - 162 - trainer - [52/257] Loss: 1.1972
2026/09/03 20:35:40 - __main__ - INFO - 162 - trainer - [104/257] Loss: 1.2118
2026/09/03 20:35:47 - __main__ - INFO - 162 - trainer - [156/257] Loss: 1.1797
2026/09/03 20:35:53 - __main__ - INFO - 162 - trainer - [208/257] Loss: 1.2136
2026/09/03 20:35:59 - __main__ - INFO - 167 - trainer - Average loss in epoch 294: 1.2022
2026/09/03 20:35:59 - __main__ - INFO - 117 - trainer - Epoch: 295
2026/09/03 20:35:59 - __main__ - INFO - 162 - trainer - [0/257] Loss: 1.1561
2026/09/03 20:36:06 - __main__ - INFO - 162 - trainer - [52/257] Loss: 1.2201
2026/09/03 20:36:12 - __main__ - INFO - 162 - trainer - [104/257] Loss: 1.1954
2026/09/03 20:36:18 - __main__ - INFO - 162 - trainer - [156/257] Loss: 1.1871
2026/09/03 20:36:25 - __main__ - INFO - 162 - trainer - [208/257] Loss: 1.2017
2026/09/03 20:36:31 - __main__ - INFO - 167 - trainer - Average loss in epoch 295: 1.2014
2026/09/03 20:36:31 - __main__ - INFO - 117 - trainer - Epoch: 296
2026/09/03 20:36:31 - __main__ - INFO - 162 - trainer - [0/257] Loss: 1.2235
2026/09/03 20:36:38 - __main__ - INFO - 162 - trainer - [52/257] Loss: 1.2450
2026/09/03 20:36:45 - __main__ - INFO - 162 - trainer - [104/257] Loss: 1.2172
2026/09/03 20:36:51 - __main__ - INFO - 162 - trainer - [156/257] Loss: 1.2002
2026/09/03 20:36:57 - __main__ - INFO - 162 - trainer - [208/257] Loss: 1.1982
2026/09/03 20:37:03 - __main__ - INFO - 167 - trainer - Average loss in epoch 296: 1.2026
2026/09/03 20:37:03 - __main__ - INFO - 117 - trainer - Epoch: 297
2026/09/03 20:37:03 - __main__ - INFO - 162 - trainer - [0/257] Loss: 1.1730
2026/09/03 20:37:09 - __main__ - INFO - 162 - trainer - [52/257] Loss: 1.1845
2026/09/03 20:37:16 - __main__ - INFO - 162 - trainer - [104/257] Loss: 1.2066
2026/09/03 20:37:22 - __main__ - INFO - 162 - trainer - [156/257] Loss: 1.1872
2026/09/03 20:37:29 - __main__ - INFO - 162 - trainer - [208/257] Loss: 1.1899
2026/09/03 20:37:34 - __main__ - INFO - 167 - trainer - Average loss in epoch 297: 1.2007
2026/09/03 20:37:34 - __main__ - INFO - 117 - trainer - Epoch: 298
2026/09/03 20:37:35 - __main__ - INFO - 162 - trainer - [0/257] Loss: 1.1748
2026/09/03 20:37:41 - __main__ - INFO - 162 - trainer - [52/257] Loss: 1.2082
2026/09/03 20:37:47 - __main__ - INFO - 162 - trainer - [104/257] Loss: 1.1990
2026/09/03 20:37:54 - __main__ - INFO - 162 - trainer - [156/257] Loss: 1.1792
2026/09/03 20:38:00 - __main__ - INFO - 162 - trainer - [208/257] Loss: 1.1721
2026/09/03 20:38:06 - __main__ - INFO - 167 - trainer - Average loss in epoch 298: 1.2026
2026/09/03 20:38:06 - __main__ - INFO - 117 - trainer - Epoch: 299
2026/09/03 20:38:06 - __main__ - INFO - 162 - trainer - [0/257] Loss: 1.1937
2026/09/03 20:38:13 - __main__ - INFO - 162 - trainer - [52/257] Loss: 1.2740
2026/09/03 20:38:19 - __main__ - INFO - 162 - trainer - [104/257] Loss: 1.1889
2026/09/03 20:38:25 - __main__ - INFO - 162 - trainer - [156/257] Loss: 1.2162
2026/09/03 20:38:32 - __main__ - INFO - 162 - trainer - [208/257] Loss: 1.2016
2026/09/03 20:38:38 - __main__ - INFO - 167 - trainer - Average loss in epoch 299: 1.2018
2026/09/03 20:38:38 - __main__ - INFO - 117 - trainer - Epoch: 300
2026/09/03 20:38:38 - __main__ - INFO - 162 - trainer - [0/257] Loss: 1.2024
2026/09/03 20:38:44 - __main__ - INFO - 162 - trainer - [52/257] Loss: 1.1948
2026/09/03 20:38:51 - __main__ - INFO - 162 - trainer - [104/257] Loss: 1.1744
2026/09/03 20:38:57 - __main__ - INFO - 162 - trainer - [156/257] Loss: 1.2550
2026/09/03 20:39:03 - __main__ - INFO - 162 - trainer - [208/257] Loss: 1.1876
2026/09/03 20:39:09 - __main__ - INFO - 167 - trainer - Average loss in epoch 300: 1.2010
2026/09/03 20:39:09 - __main__ - INFO - 173 - trainer - start predicting: 2026-09-03 20:39:09.687820
2026/09/03 20:39:57 - __main__ - INFO - 117 - trainer - Epoch: 301
2026/09/03 20:39:57 - __main__ - INFO - 162 - trainer - [0/257] Loss: 1.2121
2026/09/03 20:40:04 - __main__ - INFO - 162 - trainer - [52/257] Loss: 1.1798
2026/09/03 20:40:10 - __main__ - INFO - 162 - trainer - [104/257] Loss: 1.1906
2026/09/03 20:40:17 - __main__ - INFO - 162 - trainer - [156/257] Loss: 1.1883
2026/09/03 20:40:23 - __main__ - INFO - 162 - trainer - [208/257] Loss: 1.2117
2026/09/03 20:40:29 - __main__ - INFO - 167 - trainer - Average loss in epoch 301: 1.2020
2026/09/03 20:40:29 - __main__ - INFO - 117 - trainer - Epoch: 302
2026/09/03 20:40:29 - __main__ - INFO - 162 - trainer - [0/257] Loss: 1.2394
2026/09/03 20:40:36 - __main__ - INFO - 162 - trainer - [52/257] Loss: 1.1988
2026/09/03 20:40:42 - __main__ - INFO - 162 - trainer - [104/257] Loss: 1.1866
2026/09/03 20:40:48 - __main__ - INFO - 162 - trainer - [156/257] Loss: 1.1849
2026/09/03 20:40:55 - __main__ - INFO - 162 - trainer - [208/257] Loss: 1.2250
2026/09/03 20:41:01 - __main__ - INFO - 167 - trainer - Average loss in epoch 302: 1.2012
2026/09/03 20:41:01 - __main__ - INFO - 117 - trainer - Epoch: 303
2026/09/03 20:41:01 - __main__ - INFO - 162 - trainer - [0/257] Loss: 1.2231
2026/09/03 20:41:07 - __main__ - INFO - 162 - trainer - [52/257] Loss: 1.2097
2026/09/03 20:41:14 - __main__ - INFO - 162 - trainer - [104/257] Loss: 1.1780
2026/09/03 20:41:20 - __main__ - INFO - 162 - trainer - [156/257] Loss: 1.2075
2026/09/03 20:41:27 - __main__ - INFO - 162 - trainer - [208/257] Loss: 1.1865
2026/09/03 20:41:32 - __main__ - INFO - 167 - trainer - Average loss in epoch 303: 1.2012
2026/09/03 20:41:32 - __main__ - INFO - 117 - trainer - Epoch: 304
2026/09/03 20:41:33 - __main__ - INFO - 162 - trainer - [0/257] Loss: 1.1686
2026/09/03 20:41:39 - __main__ - INFO - 162 - trainer - [52/257] Loss: 1.1980
2026/09/03 20:41:45 - __main__ - INFO - 162 - trainer - [104/257] Loss: 1.1939
2026/09/03 20:41:52 - __main__ - INFO - 162 - trainer - [156/257] Loss: 1.1996
2026/09/03 20:41:58 - __main__ - INFO - 162 - trainer - [208/257] Loss: 1.1523
2026/09/03 20:42:04 - __main__ - INFO - 167 - trainer - Average loss in epoch 304: 1.2016
2026/09/03 20:42:04 - __main__ - INFO - 117 - trainer - Epoch: 305
2026/09/03 20:42:04 - __main__ - INFO - 162 - trainer - [0/257] Loss: 1.1909
2026/09/03 20:42:10 - __main__ - INFO - 162 - trainer - [52/257] Loss: 1.2023
2026/09/03 20:42:17 - __main__ - INFO - 162 - trainer - [104/257] Loss: 1.2229
2026/09/03 20:42:23 - __main__ - INFO - 162 - trainer - [156/257] Loss: 1.1869
2026/09/03 20:42:29 - __main__ - INFO - 162 - trainer - [208/257] Loss: 1.1743
2026/09/03 20:42:35 - __main__ - INFO - 167 - trainer - Average loss in epoch 305: 1.2019
2026/09/03 20:42:35 - __main__ - INFO - 117 - trainer - Epoch: 306
2026/09/03 20:42:35 - __main__ - INFO - 162 - trainer - [0/257] Loss: 1.1807
2026/09/03 20:42:41 - __main__ - INFO - 162 - trainer - [52/257] Loss: 1.1905
2026/09/03 20:42:48 - __main__ - INFO - 162 - trainer - [104/257] Loss: 1.2192
2026/09/03 20:42:54 - __main__ - INFO - 162 - trainer - [156/257] Loss: 1.1644
2026/09/03 20:43:01 - __main__ - INFO - 162 - trainer - [208/257] Loss: 1.2231
2026/09/03 20:43:06 - __main__ - INFO - 167 - trainer - Average loss in epoch 306: 1.2009
2026/09/03 20:43:06 - __main__ - INFO - 117 - trainer - Epoch: 307
2026/09/03 20:43:06 - __main__ - INFO - 162 - trainer - [0/257] Loss: 1.1883
2026/09/03 20:43:13 - __main__ - INFO - 162 - trainer - [52/257] Loss: 1.1946
2026/09/03 20:43:20 - __main__ - INFO - 162 - trainer - [104/257] Loss: 1.2290
2026/09/03 20:43:26 - __main__ - INFO - 162 - trainer - [156/257] Loss: 1.2272
2026/09/03 20:43:33 - __main__ - INFO - 162 - trainer - [208/257] Loss: 1.1738
2026/09/03 20:43:39 - __main__ - INFO - 167 - trainer - Average loss in epoch 307: 1.2019
2026/09/03 20:43:39 - __main__ - INFO - 117 - trainer - Epoch: 308
2026/09/03 20:43:39 - __main__ - INFO - 162 - trainer - [0/257] Loss: 1.1964
2026/09/03 20:43:45 - __main__ - INFO - 162 - trainer - [52/257] Loss: 1.2119
2026/09/03 20:43:51 - __main__ - INFO - 162 - trainer - [104/257] Loss: 1.2080
2026/09/03 20:43:58 - __main__ - INFO - 162 - trainer - [156/257] Loss: 1.1836
2026/09/03 20:44:04 - __main__ - INFO - 162 - trainer - [208/257] Loss: 1.2001
2026/09/03 20:44:10 - __main__ - INFO - 167 - trainer - Average loss in epoch 308: 1.2022
2026/09/03 20:44:10 - __main__ - INFO - 117 - trainer - Epoch: 309
2026/09/03 20:44:10 - __main__ - INFO - 162 - trainer - [0/257] Loss: 1.2081
2026/09/03 20:44:16 - __main__ - INFO - 162 - trainer - [52/257] Loss: 1.1680
2026/09/03 20:44:22 - __main__ - INFO - 162 - trainer - [104/257] Loss: 1.1680
2026/09/03 20:44:29 - __main__ - INFO - 162 - trainer - [156/257] Loss: 1.2084
2026/09/03 20:44:35 - __main__ - INFO - 162 - trainer - [208/257] Loss: 1.2127
2026/09/03 20:44:41 - __main__ - INFO - 167 - trainer - Average loss in epoch 309: 1.2021
2026/09/03 20:44:41 - __main__ - INFO - 117 - trainer - Epoch: 310
2026/09/03 20:44:41 - __main__ - INFO - 162 - trainer - [0/257] Loss: 1.1911
2026/09/03 20:44:47 - __main__ - INFO - 162 - trainer - [52/257] Loss: 1.1767
2026/09/03 20:44:54 - __main__ - INFO - 162 - trainer - [104/257] Loss: 1.2005
2026/09/03 20:45:00 - __main__ - INFO - 162 - trainer - [156/257] Loss: 1.1877
2026/09/03 20:45:06 - __main__ - INFO - 162 - trainer - [208/257] Loss: 1.1793
2026/09/03 20:45:12 - __main__ - INFO - 167 - trainer - Average loss in epoch 310: 1.2021
2026/09/03 20:45:12 - __main__ - INFO - 117 - trainer - Epoch: 311
2026/09/03 20:45:12 - __main__ - INFO - 162 - trainer - [0/257] Loss: 1.2465
2026/09/03 20:45:19 - __main__ - INFO - 162 - trainer - [52/257] Loss: 1.2036
2026/09/03 20:45:25 - __main__ - INFO - 162 - trainer - [104/257] Loss: 1.2207
2026/09/03 20:45:31 - __main__ - INFO - 162 - trainer - [156/257] Loss: 1.2009
2026/09/03 20:45:38 - __main__ - INFO - 162 - trainer - [208/257] Loss: 1.2074
2026/09/03 20:45:45 - __main__ - INFO - 167 - trainer - Average loss in epoch 311: 1.2013
2026/09/03 20:45:45 - __main__ - INFO - 117 - trainer - Epoch: 312
2026/09/03 20:45:45 - __main__ - INFO - 162 - trainer - [0/257] Loss: 1.2070
2026/09/03 20:45:51 - __main__ - INFO - 162 - trainer - [52/257] Loss: 1.2215
2026/09/03 20:45:57 - __main__ - INFO - 162 - trainer - [104/257] Loss: 1.1989
2026/09/03 20:46:04 - __main__ - INFO - 162 - trainer - [156/257] Loss: 1.2136
2026/09/03 20:46:10 - __main__ - INFO - 162 - trainer - [208/257] Loss: 1.2001
2026/09/03 20:46:16 - __main__ - INFO - 167 - trainer - Average loss in epoch 312: 1.2011
2026/09/03 20:46:16 - __main__ - INFO - 117 - trainer - Epoch: 313
2026/09/03 20:46:16 - __main__ - INFO - 162 - trainer - [0/257] Loss: 1.1916
2026/09/03 20:46:22 - __main__ - INFO - 162 - trainer - [52/257] Loss: 1.2075
2026/09/03 20:46:29 - __main__ - INFO - 162 - trainer - [104/257] Loss: 1.1816
2026/09/03 20:46:35 - __main__ - INFO - 162 - trainer - [156/257] Loss: 1.1929
2026/09/03 20:46:41 - __main__ - INFO - 162 - trainer - [208/257] Loss: 1.1850
2026/09/03 20:46:47 - __main__ - INFO - 167 - trainer - Average loss in epoch 313: 1.2022
2026/09/03 20:46:47 - __main__ - INFO - 117 - trainer - Epoch: 314
2026/09/03 20:46:47 - __main__ - INFO - 162 - trainer - [0/257] Loss: 1.1900
2026/09/03 20:46:54 - __main__ - INFO - 162 - trainer - [52/257] Loss: 1.2339
2026/09/03 20:47:00 - __main__ - INFO - 162 - trainer - [104/257] Loss: 1.1953
2026/09/03 20:47:06 - __main__ - INFO - 162 - trainer - [156/257] Loss: 1.1971
2026/09/03 20:47:13 - __main__ - INFO - 162 - trainer - [208/257] Loss: 1.1848
2026/09/03 20:47:19 - __main__ - INFO - 167 - trainer - Average loss in epoch 314: 1.2012
2026/09/03 20:47:19 - __main__ - INFO - 117 - trainer - Epoch: 315
2026/09/03 20:47:19 - __main__ - INFO - 162 - trainer - [0/257] Loss: 1.2067
2026/09/03 20:47:25 - __main__ - INFO - 162 - trainer - [52/257] Loss: 1.1967
2026/09/03 20:47:31 - __main__ - INFO - 162 - trainer - [104/257] Loss: 1.1863
2026/09/03 20:47:38 - __main__ - INFO - 162 - trainer - [156/257] Loss: 1.1718
2026/09/03 20:47:44 - __main__ - INFO - 162 - trainer - [208/257] Loss: 1.2167
2026/09/03 20:47:50 - __main__ - INFO - 167 - trainer - Average loss in epoch 315: 1.2005
2026/09/03 20:47:50 - __main__ - INFO - 117 - trainer - Epoch: 316
2026/09/03 20:47:50 - __main__ - INFO - 162 - trainer - [0/257] Loss: 1.2240
2026/09/03 20:47:56 - __main__ - INFO - 162 - trainer - [52/257] Loss: 1.1997
2026/09/03 20:48:03 - __main__ - INFO - 162 - trainer - [104/257] Loss: 1.1655
2026/09/03 20:48:09 - __main__ - INFO - 162 - trainer - [156/257] Loss: 1.2007
2026/09/03 20:48:15 - __main__ - INFO - 162 - trainer - [208/257] Loss: 1.2130
2026/09/03 20:48:21 - __main__ - INFO - 167 - trainer - Average loss in epoch 316: 1.2011
2026/09/03 20:48:21 - __main__ - INFO - 117 - trainer - Epoch: 317
2026/09/03 20:48:21 - __main__ - INFO - 162 - trainer - [0/257] Loss: 1.1981
2026/09/03 20:48:28 - __main__ - INFO - 162 - trainer - [52/257] Loss: 1.1980
2026/09/03 20:48:34 - __main__ - INFO - 162 - trainer - [104/257] Loss: 1.2344
2026/09/03 20:48:40 - __main__ - INFO - 162 - trainer - [156/257] Loss: 1.2200
2026/09/03 20:48:47 - __main__ - INFO - 162 - trainer - [208/257] Loss: 1.1689
2026/09/03 20:48:52 - __main__ - INFO - 167 - trainer - Average loss in epoch 317: 1.2019
2026/09/03 20:48:52 - __main__ - INFO - 117 - trainer - Epoch: 318
2026/09/03 20:48:53 - __main__ - INFO - 162 - trainer - [0/257] Loss: 1.1943
2026/09/03 20:48:59 - __main__ - INFO - 162 - trainer - [52/257] Loss: 1.1852
2026/09/03 20:49:05 - __main__ - INFO - 162 - trainer - [104/257] Loss: 1.1878
2026/09/03 20:49:12 - __main__ - INFO - 162 - trainer - [156/257] Loss: 1.2030
2026/09/03 20:49:18 - __main__ - INFO - 162 - trainer - [208/257] Loss: 1.2126
2026/09/03 20:49:24 - __main__ - INFO - 167 - trainer - Average loss in epoch 318: 1.2011
2026/09/03 20:49:24 - __main__ - INFO - 117 - trainer - Epoch: 319
2026/09/03 20:49:24 - __main__ - INFO - 162 - trainer - [0/257] Loss: 1.2058
2026/09/03 20:49:31 - __main__ - INFO - 162 - trainer - [52/257] Loss: 1.1853
2026/09/03 20:49:37 - __main__ - INFO - 162 - trainer - [104/257] Loss: 1.2289
2026/09/03 20:49:43 - __main__ - INFO - 162 - trainer - [156/257] Loss: 1.1897
2026/09/03 20:49:50 - __main__ - INFO - 162 - trainer - [208/257] Loss: 1.1870
2026/09/03 20:49:55 - __main__ - INFO - 167 - trainer - Average loss in epoch 319: 1.2016
2026/09/03 20:49:55 - __main__ - INFO - 117 - trainer - Epoch: 320
2026/09/03 20:49:56 - __main__ - INFO - 162 - trainer - [0/257] Loss: 1.2086
2026/09/03 20:50:02 - __main__ - INFO - 162 - trainer - [52/257] Loss: 1.1955
2026/09/03 20:50:09 - __main__ - INFO - 162 - trainer - [104/257] Loss: 1.2176
2026/09/03 20:50:15 - __main__ - INFO - 162 - trainer - [156/257] Loss: 1.2208
2026/09/03 20:50:22 - __main__ - INFO - 162 - trainer - [208/257] Loss: 1.1947
2026/09/03 20:50:28 - __main__ - INFO - 167 - trainer - Average loss in epoch 320: 1.2003
2026/09/03 20:50:28 - __main__ - INFO - 173 - trainer - start predicting: 2026-09-03 20:50:28.065035
2026/09/03 20:51:16 - __main__ - INFO - 117 - trainer - Epoch: 321
2026/09/03 20:51:16 - __main__ - INFO - 162 - trainer - [0/257] Loss: 1.2008
2026/09/03 20:51:23 - __main__ - INFO - 162 - trainer - [52/257] Loss: 1.2155
2026/09/03 20:51:29 - __main__ - INFO - 162 - trainer - [104/257] Loss: 1.1553
2026/09/03 20:51:35 - __main__ - INFO - 162 - trainer - [156/257] Loss: 1.1987
2026/09/03 20:51:41 - __main__ - INFO - 162 - trainer - [208/257] Loss: 1.1885
2026/09/03 20:51:47 - __main__ - INFO - 167 - trainer - Average loss in epoch 321: 1.2004
2026/09/03 20:51:47 - __main__ - INFO - 117 - trainer - Epoch: 322
2026/09/03 20:51:47 - __main__ - INFO - 162 - trainer - [0/257] Loss: 1.1831
2026/09/03 20:51:54 - __main__ - INFO - 162 - trainer - [52/257] Loss: 1.1987
2026/09/03 20:52:00 - __main__ - INFO - 162 - trainer - [104/257] Loss: 1.1498
2026/09/03 20:52:07 - __main__ - INFO - 162 - trainer - [156/257] Loss: 1.2259
2026/09/03 20:52:13 - __main__ - INFO - 162 - trainer - [208/257] Loss: 1.2488
2026/09/03 20:52:19 - __main__ - INFO - 167 - trainer - Average loss in epoch 322: 1.2008
2026/09/03 20:52:19 - __main__ - INFO - 117 - trainer - Epoch: 323
2026/09/03 20:52:19 - __main__ - INFO - 162 - trainer - [0/257] Loss: 1.1901
2026/09/03 20:52:26 - __main__ - INFO - 162 - trainer - [52/257] Loss: 1.2144
2026/09/03 20:52:32 - __main__ - INFO - 162 - trainer - [104/257] Loss: 1.1741
2026/09/03 20:52:38 - __main__ - INFO - 162 - trainer - [156/257] Loss: 1.2171
2026/09/03 20:52:45 - __main__ - INFO - 162 - trainer - [208/257] Loss: 1.2260
2026/09/03 20:52:50 - __main__ - INFO - 167 - trainer - Average loss in epoch 323: 1.2016
2026/09/03 20:52:50 - __main__ - INFO - 117 - trainer - Epoch: 324
2026/09/03 20:52:51 - __main__ - INFO - 162 - trainer - [0/257] Loss: 1.2107
2026/09/03 20:52:57 - __main__ - INFO - 162 - trainer - [52/257] Loss: 1.1784
2026/09/03 20:53:03 - __main__ - INFO - 162 - trainer - [104/257] Loss: 1.1716
2026/09/03 20:53:10 - __main__ - INFO - 162 - trainer - [156/257] Loss: 1.2417
2026/09/03 20:53:16 - __main__ - INFO - 162 - trainer - [208/257] Loss: 1.2005
2026/09/03 20:53:22 - __main__ - INFO - 167 - trainer - Average loss in epoch 324: 1.2015
2026/09/03 20:53:22 - __main__ - INFO - 117 - trainer - Epoch: 325
2026/09/03 20:53:22 - __main__ - INFO - 162 - trainer - [0/257] Loss: 1.1856
2026/09/03 20:53:28 - __main__ - INFO - 162 - trainer - [52/257] Loss: 1.1962
2026/09/03 20:53:34 - __main__ - INFO - 162 - trainer - [104/257] Loss: 1.2189
2026/09/03 20:53:41 - __main__ - INFO - 162 - trainer - [156/257] Loss: 1.1770
2026/09/03 20:53:47 - __main__ - INFO - 162 - trainer - [208/257] Loss: 1.2032
2026/09/03 20:53:53 - __main__ - INFO - 167 - trainer - Average loss in epoch 325: 1.2003
2026/09/03 20:53:53 - __main__ - INFO - 117 - trainer - Epoch: 326
2026/09/03 20:53:53 - __main__ - INFO - 162 - trainer - [0/257] Loss: 1.1874
2026/09/03 20:53:59 - __main__ - INFO - 162 - trainer - [52/257] Loss: 1.2117
2026/09/03 20:54:06 - __main__ - INFO - 162 - trainer - [104/257] Loss: 1.2047
2026/09/03 20:54:12 - __main__ - INFO - 162 - trainer - [156/257] Loss: 1.2090
2026/09/03 20:54:19 - __main__ - INFO - 162 - trainer - [208/257] Loss: 1.2010
2026/09/03 20:54:24 - __main__ - INFO - 167 - trainer - Average loss in epoch 326: 1.2026
2026/09/03 20:54:24 - __main__ - INFO - 117 - trainer - Epoch: 327
2026/09/03 20:54:25 - __main__ - INFO - 162 - trainer - [0/257] Loss: 1.1743
2026/09/03 20:54:31 - __main__ - INFO - 162 - trainer - [52/257] Loss: 1.2084
2026/09/03 20:54:37 - __main__ - INFO - 162 - trainer - [104/257] Loss: 1.1824
2026/09/03 20:54:45 - __main__ - INFO - 162 - trainer - [156/257] Loss: 1.1974
2026/09/03 20:54:51 - __main__ - INFO - 162 - trainer - [208/257] Loss: 1.2314
2026/09/03 20:54:57 - __main__ - INFO - 167 - trainer - Average loss in epoch 327: 1.2020
2026/09/03 20:54:57 - __main__ - INFO - 117 - trainer - Epoch: 328
2026/09/03 20:54:57 - __main__ - INFO - 162 - trainer - [0/257] Loss: 1.2356
2026/09/03 20:55:03 - __main__ - INFO - 162 - trainer - [52/257] Loss: 1.2267
2026/09/03 20:55:09 - __main__ - INFO - 162 - trainer - [104/257] Loss: 1.2135
2026/09/03 20:55:16 - __main__ - INFO - 162 - trainer - [156/257] Loss: 1.2275
2026/09/03 20:55:22 - __main__ - INFO - 162 - trainer - [208/257] Loss: 1.1707
2026/09/03 20:55:28 - __main__ - INFO - 167 - trainer - Average loss in epoch 328: 1.2012
2026/09/03 20:55:28 - __main__ - INFO - 117 - trainer - Epoch: 329
2026/09/03 20:55:28 - __main__ - INFO - 162 - trainer - [0/257] Loss: 1.1979
2026/09/03 20:55:34 - __main__ - INFO - 162 - trainer - [52/257] Loss: 1.1873
2026/09/03 20:55:41 - __main__ - INFO - 162 - trainer - [104/257] Loss: 1.2034
2026/09/03 20:55:47 - __main__ - INFO - 162 - trainer - [156/257] Loss: 1.2134
2026/09/03 20:55:53 - __main__ - INFO - 162 - trainer - [208/257] Loss: 1.1832
2026/09/03 20:55:59 - __main__ - INFO - 167 - trainer - Average loss in epoch 329: 1.2018
2026/09/03 20:55:59 - __main__ - INFO - 117 - trainer - Epoch: 330
2026/09/03 20:55:59 - __main__ - INFO - 162 - trainer - [0/257] Loss: 1.1686
2026/09/03 20:56:06 - __main__ - INFO - 162 - trainer - [52/257] Loss: 1.2023
2026/09/03 20:56:12 - __main__ - INFO - 162 - trainer - [104/257] Loss: 1.2153
2026/09/03 20:56:18 - __main__ - INFO - 162 - trainer - [156/257] Loss: 1.2070
2026/09/03 20:56:25 - __main__ - INFO - 162 - trainer - [208/257] Loss: 1.1994
2026/09/03 20:56:30 - __main__ - INFO - 167 - trainer - Average loss in epoch 330: 1.2008
2026/09/03 20:56:30 - __main__ - INFO - 117 - trainer - Epoch: 331
2026/09/03 20:56:31 - __main__ - INFO - 162 - trainer - [0/257] Loss: 1.2122
2026/09/03 20:56:37 - __main__ - INFO - 162 - trainer - [52/257] Loss: 1.1934
2026/09/03 20:56:43 - __main__ - INFO - 162 - trainer - [104/257] Loss: 1.1653
2026/09/03 20:56:49 - __main__ - INFO - 162 - trainer - [156/257] Loss: 1.2092
2026/09/03 20:56:56 - __main__ - INFO - 162 - trainer - [208/257] Loss: 1.1986
2026/09/03 20:57:02 - __main__ - INFO - 167 - trainer - Average loss in epoch 331: 1.2010
2026/09/03 20:57:02 - __main__ - INFO - 117 - trainer - Epoch: 332
2026/09/03 20:57:02 - __main__ - INFO - 162 - trainer - [0/257] Loss: 1.2021
2026/09/03 20:57:09 - __main__ - INFO - 162 - trainer - [52/257] Loss: 1.1976
2026/09/03 20:57:15 - __main__ - INFO - 162 - trainer - [104/257] Loss: 1.1993
2026/09/03 20:57:21 - __main__ - INFO - 162 - trainer - [156/257] Loss: 1.1945
2026/09/03 20:57:28 - __main__ - INFO - 162 - trainer - [208/257] Loss: 1.2051
2026/09/03 20:57:33 - __main__ - INFO - 167 - trainer - Average loss in epoch 332: 1.2015
2026/09/03 20:57:33 - __main__ - INFO - 117 - trainer - Epoch: 333
2026/09/03 20:57:33 - __main__ - INFO - 162 - trainer - [0/257] Loss: 1.1987
2026/09/03 20:57:40 - __main__ - INFO - 162 - trainer - [52/257] Loss: 1.2515
2026/09/03 20:57:46 - __main__ - INFO - 162 - trainer - [104/257] Loss: 1.1571
2026/09/03 20:57:53 - __main__ - INFO - 162 - trainer - [156/257] Loss: 1.2083
2026/09/03 20:57:59 - __main__ - INFO - 162 - trainer - [208/257] Loss: 1.2081
2026/09/03 20:58:05 - __main__ - INFO - 167 - trainer - Average loss in epoch 333: 1.2019
2026/09/03 20:58:05 - __main__ - INFO - 117 - trainer - Epoch: 334
2026/09/03 20:58:05 - __main__ - INFO - 162 - trainer - [0/257] Loss: 1.2010
2026/09/03 20:58:11 - __main__ - INFO - 162 - trainer - [52/257] Loss: 1.1724
2026/09/03 20:58:18 - __main__ - INFO - 162 - trainer - [104/257] Loss: 1.1907
2026/09/03 20:58:25 - __main__ - INFO - 162 - trainer - [156/257] Loss: 1.2079
2026/09/03 20:58:32 - __main__ - INFO - 162 - trainer - [208/257] Loss: 1.2160
2026/09/03 20:58:38 - __main__ - INFO - 167 - trainer - Average loss in epoch 334: 1.2013
2026/09/03 20:58:38 - __main__ - INFO - 117 - trainer - Epoch: 335
2026/09/03 20:58:38 - __main__ - INFO - 162 - trainer - [0/257] Loss: 1.1948
2026/09/03 20:58:44 - __main__ - INFO - 162 - trainer - [52/257] Loss: 1.1966
2026/09/03 20:58:51 - __main__ - INFO - 162 - trainer - [104/257] Loss: 1.1797
2026/09/03 20:58:57 - __main__ - INFO - 162 - trainer - [156/257] Loss: 1.2012
2026/09/03 20:59:03 - __main__ - INFO - 162 - trainer - [208/257] Loss: 1.2227
2026/09/03 20:59:09 - __main__ - INFO - 167 - trainer - Average loss in epoch 335: 1.2009
2026/09/03 20:59:09 - __main__ - INFO - 117 - trainer - Epoch: 336
2026/09/03 20:59:09 - __main__ - INFO - 162 - trainer - [0/257] Loss: 1.1835
2026/09/03 20:59:16 - __main__ - INFO - 162 - trainer - [52/257] Loss: 1.1892
2026/09/03 20:59:22 - __main__ - INFO - 162 - trainer - [104/257] Loss: 1.1860
2026/09/03 20:59:28 - __main__ - INFO - 162 - trainer - [156/257] Loss: 1.2033
2026/09/03 20:59:35 - __main__ - INFO - 162 - trainer - [208/257] Loss: 1.2062
2026/09/03 20:59:41 - __main__ - INFO - 167 - trainer - Average loss in epoch 336: 1.2009
2026/09/03 20:59:41 - __main__ - INFO - 117 - trainer - Epoch: 337
2026/09/03 20:59:41 - __main__ - INFO - 162 - trainer - [0/257] Loss: 1.2113
2026/09/03 20:59:47 - __main__ - INFO - 162 - trainer - [52/257] Loss: 1.2153
2026/09/03 20:59:53 - __main__ - INFO - 162 - trainer - [104/257] Loss: 1.1631
2026/09/03 21:00:00 - __main__ - INFO - 162 - trainer - [156/257] Loss: 1.1950
2026/09/03 21:00:06 - __main__ - INFO - 162 - trainer - [208/257] Loss: 1.1650
2026/09/03 21:00:12 - __main__ - INFO - 167 - trainer - Average loss in epoch 337: 1.2003
2026/09/03 21:00:12 - __main__ - INFO - 117 - trainer - Epoch: 338
2026/09/03 21:00:12 - __main__ - INFO - 162 - trainer - [0/257] Loss: 1.2150
2026/09/03 21:00:18 - __main__ - INFO - 162 - trainer - [52/257] Loss: 1.1949
2026/09/03 21:00:25 - __main__ - INFO - 162 - trainer - [104/257] Loss: 1.1928
2026/09/03 21:00:31 - __main__ - INFO - 162 - trainer - [156/257] Loss: 1.1779
2026/09/03 21:00:38 - __main__ - INFO - 162 - trainer - [208/257] Loss: 1.2007
2026/09/03 21:00:44 - __main__ - INFO - 167 - trainer - Average loss in epoch 338: 1.2017
2026/09/03 21:00:44 - __main__ - INFO - 117 - trainer - Epoch: 339
2026/09/03 21:00:44 - __main__ - INFO - 162 - trainer - [0/257] Loss: 1.2324
2026/09/03 21:00:50 - __main__ - INFO - 162 - trainer - [52/257] Loss: 1.1783
2026/09/03 21:00:56 - __main__ - INFO - 162 - trainer - [104/257] Loss: 1.2025
2026/09/03 21:01:03 - __main__ - INFO - 162 - trainer - [156/257] Loss: 1.2126
2026/09/03 21:01:09 - __main__ - INFO - 162 - trainer - [208/257] Loss: 1.1919
2026/09/03 21:01:15 - __main__ - INFO - 167 - trainer - Average loss in epoch 339: 1.2016
2026/09/03 21:01:15 - __main__ - INFO - 117 - trainer - Epoch: 340
2026/09/03 21:01:15 - __main__ - INFO - 162 - trainer - [0/257] Loss: 1.2045
2026/09/03 21:01:21 - __main__ - INFO - 162 - trainer - [52/257] Loss: 1.1876
2026/09/03 21:01:28 - __main__ - INFO - 162 - trainer - [104/257] Loss: 1.1590
2026/09/03 21:01:34 - __main__ - INFO - 162 - trainer - [156/257] Loss: 1.1849
2026/09/03 21:01:40 - __main__ - INFO - 162 - trainer - [208/257] Loss: 1.1875
2026/09/03 21:01:46 - __main__ - INFO - 167 - trainer - Average loss in epoch 340: 1.2020
2026/09/03 21:01:46 - __main__ - INFO - 173 - trainer - start predicting: 2026-09-03 21:01:46.705586
2026/09/03 21:02:33 - __main__ - INFO - 117 - trainer - Epoch: 341
2026/09/03 21:02:33 - __main__ - INFO - 162 - trainer - [0/257] Loss: 1.2265
2026/09/03 21:02:39 - __main__ - INFO - 162 - trainer - [52/257] Loss: 1.1769
2026/09/03 21:02:46 - __main__ - INFO - 162 - trainer - [104/257] Loss: 1.1856
2026/09/03 21:02:52 - __main__ - INFO - 162 - trainer - [156/257] Loss: 1.2079
2026/09/03 21:02:59 - __main__ - INFO - 162 - trainer - [208/257] Loss: 1.2414
2026/09/03 21:03:05 - __main__ - INFO - 167 - trainer - Average loss in epoch 341: 1.2025
2026/09/03 21:03:05 - __main__ - INFO - 117 - trainer - Epoch: 342
2026/09/03 21:03:05 - __main__ - INFO - 162 - trainer - [0/257] Loss: 1.1848
2026/09/03 21:03:11 - __main__ - INFO - 162 - trainer - [52/257] Loss: 1.1677
2026/09/03 21:03:18 - __main__ - INFO - 162 - trainer - [104/257] Loss: 1.2099
2026/09/03 21:03:24 - __main__ - INFO - 162 - trainer - [156/257] Loss: 1.2022
2026/09/03 21:03:31 - __main__ - INFO - 162 - trainer - [208/257] Loss: 1.2195
2026/09/03 21:03:36 - __main__ - INFO - 167 - trainer - Average loss in epoch 342: 1.2017
2026/09/03 21:03:36 - __main__ - INFO - 117 - trainer - Epoch: 343
2026/09/03 21:03:37 - __main__ - INFO - 162 - trainer - [0/257] Loss: 1.2282
2026/09/03 21:03:43 - __main__ - INFO - 162 - trainer - [52/257] Loss: 1.2106
2026/09/03 21:03:49 - __main__ - INFO - 162 - trainer - [104/257] Loss: 1.1879
2026/09/03 21:03:56 - __main__ - INFO - 162 - trainer - [156/257] Loss: 1.2457
2026/09/03 21:04:02 - __main__ - INFO - 162 - trainer - [208/257] Loss: 1.2075
2026/09/03 21:04:08 - __main__ - INFO - 167 - trainer - Average loss in epoch 343: 1.2020
2026/09/03 21:04:08 - __main__ - INFO - 117 - trainer - Epoch: 344
2026/09/03 21:04:08 - __main__ - INFO - 162 - trainer - [0/257] Loss: 1.1981
2026/09/03 21:04:15 - __main__ - INFO - 162 - trainer - [52/257] Loss: 1.2101
2026/09/03 21:04:21 - __main__ - INFO - 162 - trainer - [104/257] Loss: 1.1904
2026/09/03 21:04:28 - __main__ - INFO - 162 - trainer - [156/257] Loss: 1.2007
2026/09/03 21:04:34 - __main__ - INFO - 162 - trainer - [208/257] Loss: 1.1938
2026/09/03 21:04:40 - __main__ - INFO - 167 - trainer - Average loss in epoch 344: 1.2010
2026/09/03 21:04:40 - __main__ - INFO - 117 - trainer - Epoch: 345
2026/09/03 21:04:40 - __main__ - INFO - 162 - trainer - [0/257] Loss: 1.2050
2026/09/03 21:04:46 - __main__ - INFO - 162 - trainer - [52/257] Loss: 1.1887
2026/09/03 21:04:53 - __main__ - INFO - 162 - trainer - [104/257] Loss: 1.2196
2026/09/03 21:05:00 - __main__ - INFO - 162 - trainer - [156/257] Loss: 1.1729
2026/09/03 21:05:07 - __main__ - INFO - 162 - trainer - [208/257] Loss: 1.1927
2026/09/03 21:05:13 - __main__ - INFO - 167 - trainer - Average loss in epoch 345: 1.2013
2026/09/03 21:05:13 - __main__ - INFO - 117 - trainer - Epoch: 346
2026/09/03 21:05:13 - __main__ - INFO - 162 - trainer - [0/257] Loss: 1.2272
2026/09/03 21:05:19 - __main__ - INFO - 162 - trainer - [52/257] Loss: 1.2345
2026/09/03 21:05:26 - __main__ - INFO - 162 - trainer - [104/257] Loss: 1.2117
2026/09/03 21:05:32 - __main__ - INFO - 162 - trainer - [156/257] Loss: 1.1952
2026/09/03 21:05:39 - __main__ - INFO - 162 - trainer - [208/257] Loss: 1.1943
2026/09/03 21:05:45 - __main__ - INFO - 167 - trainer - Average loss in epoch 346: 1.2011
2026/09/03 21:05:45 - __main__ - INFO - 117 - trainer - Epoch: 347
2026/09/03 21:05:45 - __main__ - INFO - 162 - trainer - [0/257] Loss: 1.1778
2026/09/03 21:05:53 - __main__ - INFO - 162 - trainer - [52/257] Loss: 1.2166
2026/09/03 21:05:59 - __main__ - INFO - 162 - trainer - [104/257] Loss: 1.2008
2026/09/03 21:06:06 - __main__ - INFO - 162 - trainer - [156/257] Loss: 1.2040
2026/09/03 21:06:12 - __main__ - INFO - 162 - trainer - [208/257] Loss: 1.1863
2026/09/03 21:06:18 - __main__ - INFO - 167 - trainer - Average loss in epoch 347: 1.2017
2026/09/03 21:06:18 - __main__ - INFO - 117 - trainer - Epoch: 348
2026/09/03 21:06:18 - __main__ - INFO - 162 - trainer - [0/257] Loss: 1.2097
2026/09/03 21:06:25 - __main__ - INFO - 162 - trainer - [52/257] Loss: 1.2068
2026/09/03 21:06:31 - __main__ - INFO - 162 - trainer - [104/257] Loss: 1.1943
2026/09/03 21:06:38 - __main__ - INFO - 162 - trainer - [156/257] Loss: 1.2239
2026/09/03 21:06:44 - __main__ - INFO - 162 - trainer - [208/257] Loss: 1.2304
2026/09/03 21:06:50 - __main__ - INFO - 167 - trainer - Average loss in epoch 348: 1.2010
2026/09/03 21:06:50 - __main__ - INFO - 117 - trainer - Epoch: 349
2026/09/03 21:06:50 - __main__ - INFO - 162 - trainer - [0/257] Loss: 1.2069
2026/09/03 21:06:56 - __main__ - INFO - 162 - trainer - [52/257] Loss: 1.1563
2026/09/03 21:07:03 - __main__ - INFO - 162 - trainer - [104/257] Loss: 1.2158
2026/09/03 21:07:10 - __main__ - INFO - 162 - trainer - [156/257] Loss: 1.2173
2026/09/03 21:07:16 - __main__ - INFO - 162 - trainer - [208/257] Loss: 1.2040
2026/09/03 21:07:22 - __main__ - INFO - 167 - trainer - Average loss in epoch 349: 1.2002
2026/09/03 21:07:22 - __main__ - INFO - 117 - trainer - Epoch: 350
2026/09/03 21:07:22 - __main__ - INFO - 162 - trainer - [0/257] Loss: 1.2017
2026/09/03 21:07:29 - __main__ - INFO - 162 - trainer - [52/257] Loss: 1.1858
2026/09/03 21:07:35 - __main__ - INFO - 162 - trainer - [104/257] Loss: 1.2168
2026/09/03 21:07:41 - __main__ - INFO - 162 - trainer - [156/257] Loss: 1.2011
2026/09/03 21:07:48 - __main__ - INFO - 162 - trainer - [208/257] Loss: 1.2336
2026/09/03 21:07:54 - __main__ - INFO - 167 - trainer - Average loss in epoch 350: 1.2034
2026/09/03 21:07:54 - __main__ - INFO - 117 - trainer - Epoch: 351
2026/09/03 21:07:54 - __main__ - INFO - 162 - trainer - [0/257] Loss: 1.2226
2026/09/03 21:08:00 - __main__ - INFO - 162 - trainer - [52/257] Loss: 1.2203
2026/09/03 21:08:07 - __main__ - INFO - 162 - trainer - [104/257] Loss: 1.1965
2026/09/03 21:08:13 - __main__ - INFO - 162 - trainer - [156/257] Loss: 1.2250
2026/09/03 21:08:20 - __main__ - INFO - 162 - trainer - [208/257] Loss: 1.2068
2026/09/03 21:08:26 - __main__ - INFO - 167 - trainer - Average loss in epoch 351: 1.2016
2026/09/03 21:08:26 - __main__ - INFO - 117 - trainer - Epoch: 352
2026/09/03 21:08:26 - __main__ - INFO - 162 - trainer - [0/257] Loss: 1.2269
2026/09/03 21:08:32 - __main__ - INFO - 162 - trainer - [52/257] Loss: 1.2060
2026/09/03 21:08:38 - __main__ - INFO - 162 - trainer - [104/257] Loss: 1.1805
2026/09/03 21:08:46 - __main__ - INFO - 162 - trainer - [156/257] Loss: 1.2304
2026/09/03 21:08:52 - __main__ - INFO - 162 - trainer - [208/257] Loss: 1.1887
2026/09/03 21:08:58 - __main__ - INFO - 167 - trainer - Average loss in epoch 352: 1.2006
2026/09/03 21:08:58 - __main__ - INFO - 117 - trainer - Epoch: 353
2026/09/03 21:08:58 - __main__ - INFO - 162 - trainer - [0/257] Loss: 1.1816
2026/09/03 21:09:04 - __main__ - INFO - 162 - trainer - [52/257] Loss: 1.2048
2026/09/03 21:09:11 - __main__ - INFO - 162 - trainer - [104/257] Loss: 1.2006
2026/09/03 21:09:18 - __main__ - INFO - 162 - trainer - [156/257] Loss: 1.2309
2026/09/03 21:09:24 - __main__ - INFO - 162 - trainer - [208/257] Loss: 1.1691
2026/09/03 21:09:30 - __main__ - INFO - 167 - trainer - Average loss in epoch 353: 1.2011
2026/09/03 21:09:30 - __main__ - INFO - 117 - trainer - Epoch: 354
2026/09/03 21:09:30 - __main__ - INFO - 162 - trainer - [0/257] Loss: 1.2138
2026/09/03 21:09:36 - __main__ - INFO - 162 - trainer - [52/257] Loss: 1.2145
2026/09/03 21:09:43 - __main__ - INFO - 162 - trainer - [104/257] Loss: 1.1931
2026/09/03 21:09:49 - __main__ - INFO - 162 - trainer - [156/257] Loss: 1.1995
2026/09/03 21:09:55 - __main__ - INFO - 162 - trainer - [208/257] Loss: 1.2020
2026/09/03 21:10:01 - __main__ - INFO - 167 - trainer - Average loss in epoch 354: 1.2017
2026/09/03 21:10:01 - __main__ - INFO - 117 - trainer - Epoch: 355
2026/09/03 21:10:02 - __main__ - INFO - 162 - trainer - [0/257] Loss: 1.1935
2026/09/03 21:10:08 - __main__ - INFO - 162 - trainer - [52/257] Loss: 1.1860
2026/09/03 21:10:14 - __main__ - INFO - 162 - trainer - [104/257] Loss: 1.1967
2026/09/03 21:10:21 - __main__ - INFO - 162 - trainer - [156/257] Loss: 1.1738
2026/09/03 21:10:27 - __main__ - INFO - 162 - trainer - [208/257] Loss: 1.1980
2026/09/03 21:10:33 - __main__ - INFO - 167 - trainer - Average loss in epoch 355: 1.2010
2026/09/03 21:10:33 - __main__ - INFO - 117 - trainer - Epoch: 356
2026/09/03 21:10:33 - __main__ - INFO - 162 - trainer - [0/257] Loss: 1.2133
2026/09/03 21:10:40 - __main__ - INFO - 162 - trainer - [52/257] Loss: 1.1942
2026/09/03 21:10:46 - __main__ - INFO - 162 - trainer - [104/257] Loss: 1.1755
2026/09/03 21:10:53 - __main__ - INFO - 162 - trainer - [156/257] Loss: 1.2122
2026/09/03 21:10:59 - __main__ - INFO - 162 - trainer - [208/257] Loss: 1.1840
2026/09/03 21:11:05 - __main__ - INFO - 167 - trainer - Average loss in epoch 356: 1.2005
2026/09/03 21:11:05 - __main__ - INFO - 117 - trainer - Epoch: 357
2026/09/03 21:11:05 - __main__ - INFO - 162 - trainer - [0/257] Loss: 1.2171
2026/09/03 21:11:12 - __main__ - INFO - 162 - trainer - [52/257] Loss: 1.2101
2026/09/03 21:11:18 - __main__ - INFO - 162 - trainer - [104/257] Loss: 1.2230
2026/09/03 21:11:25 - __main__ - INFO - 162 - trainer - [156/257] Loss: 1.1853
2026/09/03 21:11:31 - __main__ - INFO - 162 - trainer - [208/257] Loss: 1.1963
2026/09/03 21:11:37 - __main__ - INFO - 167 - trainer - Average loss in epoch 357: 1.2011
2026/09/03 21:11:37 - __main__ - INFO - 117 - trainer - Epoch: 358
2026/09/03 21:11:37 - __main__ - INFO - 162 - trainer - [0/257] Loss: 1.2223
2026/09/03 21:11:43 - __main__ - INFO - 162 - trainer - [52/257] Loss: 1.2220
2026/09/03 21:11:50 - __main__ - INFO - 162 - trainer - [104/257] Loss: 1.1607
2026/09/03 21:11:56 - __main__ - INFO - 162 - trainer - [156/257] Loss: 1.1947
2026/09/03 21:12:03 - __main__ - INFO - 162 - trainer - [208/257] Loss: 1.2004
2026/09/03 21:12:09 - __main__ - INFO - 167 - trainer - Average loss in epoch 358: 1.2011
2026/09/03 21:12:09 - __main__ - INFO - 117 - trainer - Epoch: 359
2026/09/03 21:12:09 - __main__ - INFO - 162 - trainer - [0/257] Loss: 1.2014
2026/09/03 21:12:15 - __main__ - INFO - 162 - trainer - [52/257] Loss: 1.2109
2026/09/03 21:12:22 - __main__ - INFO - 162 - trainer - [104/257] Loss: 1.1784
2026/09/03 21:12:28 - __main__ - INFO - 162 - trainer - [156/257] Loss: 1.2025
2026/09/03 21:12:35 - __main__ - INFO - 162 - trainer - [208/257] Loss: 1.2464
2026/09/03 21:12:41 - __main__ - INFO - 167 - trainer - Average loss in epoch 359: 1.2012
2026/09/03 21:12:41 - __main__ - INFO - 117 - trainer - Epoch: 360
2026/09/03 21:12:41 - __main__ - INFO - 162 - trainer - [0/257] Loss: 1.2072
2026/09/03 21:12:48 - __main__ - INFO - 162 - trainer - [52/257] Loss: 1.1923
2026/09/03 21:12:54 - __main__ - INFO - 162 - trainer - [104/257] Loss: 1.2466
2026/09/03 21:13:01 - __main__ - INFO - 162 - trainer - [156/257] Loss: 1.2021
2026/09/03 21:13:07 - __main__ - INFO - 162 - trainer - [208/257] Loss: 1.1986
2026/09/03 21:13:13 - __main__ - INFO - 167 - trainer - Average loss in epoch 360: 1.2017
2026/09/03 21:13:13 - __main__ - INFO - 173 - trainer - start predicting: 2026-09-03 21:13:13.578660
2026/09/03 21:14:02 - __main__ - INFO - 117 - trainer - Epoch: 361
2026/09/03 21:14:02 - __main__ - INFO - 162 - trainer - [0/257] Loss: 1.2072
2026/09/03 21:14:09 - __main__ - INFO - 162 - trainer - [52/257] Loss: 1.1584
2026/09/03 21:14:15 - __main__ - INFO - 162 - trainer - [104/257] Loss: 1.2404
2026/09/03 21:14:21 - __main__ - INFO - 162 - trainer - [156/257] Loss: 1.2107
2026/09/03 21:14:28 - __main__ - INFO - 162 - trainer - [208/257] Loss: 1.2391
2026/09/03 21:14:33 - __main__ - INFO - 167 - trainer - Average loss in epoch 361: 1.2002
2026/09/03 21:14:33 - __main__ - INFO - 117 - trainer - Epoch: 362
2026/09/03 21:14:33 - __main__ - INFO - 162 - trainer - [0/257] Loss: 1.1911
2026/09/03 21:14:40 - __main__ - INFO - 162 - trainer - [52/257] Loss: 1.2003
2026/09/03 21:14:46 - __main__ - INFO - 162 - trainer - [104/257] Loss: 1.2124
2026/09/03 21:14:52 - __main__ - INFO - 162 - trainer - [156/257] Loss: 1.1854
2026/09/03 21:14:59 - __main__ - INFO - 162 - trainer - [208/257] Loss: 1.1940
2026/09/03 21:15:05 - __main__ - INFO - 167 - trainer - Average loss in epoch 362: 1.2003
2026/09/03 21:15:05 - __main__ - INFO - 117 - trainer - Epoch: 363
2026/09/03 21:15:05 - __main__ - INFO - 162 - trainer - [0/257] Loss: 1.2105
2026/09/03 21:15:11 - __main__ - INFO - 162 - trainer - [52/257] Loss: 1.1943
2026/09/03 21:15:17 - __main__ - INFO - 162 - trainer - [104/257] Loss: 1.2163
2026/09/03 21:15:24 - __main__ - INFO - 162 - trainer - [156/257] Loss: 1.1839
2026/09/03 21:15:30 - __main__ - INFO - 162 - trainer - [208/257] Loss: 1.2044
2026/09/03 21:15:36 - __main__ - INFO - 167 - trainer - Average loss in epoch 363: 1.2008
2026/09/03 21:15:36 - __main__ - INFO - 117 - trainer - Epoch: 364
2026/09/03 21:15:36 - __main__ - INFO - 162 - trainer - [0/257] Loss: 1.2320
2026/09/03 21:15:43 - __main__ - INFO - 162 - trainer - [52/257] Loss: 1.1947
2026/09/03 21:15:49 - __main__ - INFO - 162 - trainer - [104/257] Loss: 1.1868
2026/09/03 21:15:55 - __main__ - INFO - 162 - trainer - [156/257] Loss: 1.2165
2026/09/03 21:16:02 - __main__ - INFO - 162 - trainer - [208/257] Loss: 1.1672
2026/09/03 21:16:08 - __main__ - INFO - 167 - trainer - Average loss in epoch 364: 1.2033
2026/09/03 21:16:08 - __main__ - INFO - 117 - trainer - Epoch: 365
2026/09/03 21:16:08 - __main__ - INFO - 162 - trainer - [0/257] Loss: 1.1919
2026/09/03 21:16:14 - __main__ - INFO - 162 - trainer - [52/257] Loss: 1.1826
2026/09/03 21:16:20 - __main__ - INFO - 162 - trainer - [104/257] Loss: 1.2040
2026/09/03 21:16:27 - __main__ - INFO - 162 - trainer - [156/257] Loss: 1.1916
2026/09/03 21:16:33 - __main__ - INFO - 162 - trainer - [208/257] Loss: 1.2311
2026/09/03 21:16:39 - __main__ - INFO - 167 - trainer - Average loss in epoch 365: 1.2016
2026/09/03 21:16:39 - __main__ - INFO - 117 - trainer - Epoch: 366
2026/09/03 21:16:39 - __main__ - INFO - 162 - trainer - [0/257] Loss: 1.2496
2026/09/03 21:16:45 - __main__ - INFO - 162 - trainer - [52/257] Loss: 1.1752
2026/09/03 21:16:52 - __main__ - INFO - 162 - trainer - [104/257] Loss: 1.1916
2026/09/03 21:16:58 - __main__ - INFO - 162 - trainer - [156/257] Loss: 1.1893
2026/09/03 21:17:05 - __main__ - INFO - 162 - trainer - [208/257] Loss: 1.2006
2026/09/03 21:17:12 - __main__ - INFO - 167 - trainer - Average loss in epoch 366: 1.2011
2026/09/03 21:17:12 - __main__ - INFO - 117 - trainer - Epoch: 367
2026/09/03 21:17:12 - __main__ - INFO - 162 - trainer - [0/257] Loss: 1.2261
2026/09/03 21:17:18 - __main__ - INFO - 162 - trainer - [52/257] Loss: 1.2059
2026/09/03 21:17:25 - __main__ - INFO - 162 - trainer - [104/257] Loss: 1.1627
2026/09/03 21:17:31 - __main__ - INFO - 162 - trainer - [156/257] Loss: 1.1717
2026/09/03 21:17:37 - __main__ - INFO - 162 - trainer - [208/257] Loss: 1.1840
2026/09/03 21:17:43 - __main__ - INFO - 167 - trainer - Average loss in epoch 367: 1.2015
2026/09/03 21:17:43 - __main__ - INFO - 117 - trainer - Epoch: 368
2026/09/03 21:17:43 - __main__ - INFO - 162 - trainer - [0/257] Loss: 1.2092
2026/09/03 21:17:50 - __main__ - INFO - 162 - trainer - [52/257] Loss: 1.1982
2026/09/03 21:17:56 - __main__ - INFO - 162 - trainer - [104/257] Loss: 1.2256
2026/09/03 21:18:03 - __main__ - INFO - 162 - trainer - [156/257] Loss: 1.2061
2026/09/03 21:18:09 - __main__ - INFO - 162 - trainer - [208/257] Loss: 1.2462
2026/09/03 21:18:15 - __main__ - INFO - 167 - trainer - Average loss in epoch 368: 1.2017
2026/09/03 21:18:15 - __main__ - INFO - 117 - trainer - Epoch: 369
2026/09/03 21:18:15 - __main__ - INFO - 162 - trainer - [0/257] Loss: 1.1879
2026/09/03 21:18:21 - __main__ - INFO - 162 - trainer - [52/257] Loss: 1.2187
2026/09/03 21:18:28 - __main__ - INFO - 162 - trainer - [104/257] Loss: 1.1912
2026/09/03 21:18:34 - __main__ - INFO - 162 - trainer - [156/257] Loss: 1.1915
2026/09/03 21:18:41 - __main__ - INFO - 162 - trainer - [208/257] Loss: 1.1846
2026/09/03 21:18:47 - __main__ - INFO - 167 - trainer - Average loss in epoch 369: 1.2013
2026/09/03 21:18:47 - __main__ - INFO - 117 - trainer - Epoch: 370
2026/09/03 21:18:47 - __main__ - INFO - 162 - trainer - [0/257] Loss: 1.1955
2026/09/03 21:18:53 - __main__ - INFO - 162 - trainer - [52/257] Loss: 1.1747
2026/09/03 21:18:59 - __main__ - INFO - 162 - trainer - [104/257] Loss: 1.2120
2026/09/03 21:19:06 - __main__ - INFO - 162 - trainer - [156/257] Loss: 1.1856
2026/09/03 21:19:12 - __main__ - INFO - 162 - trainer - [208/257] Loss: 1.2050
2026/09/03 21:19:18 - __main__ - INFO - 167 - trainer - Average loss in epoch 370: 1.2009
2026/09/03 21:19:18 - __main__ - INFO - 117 - trainer - Epoch: 371
2026/09/03 21:19:19 - __main__ - INFO - 162 - trainer - [0/257] Loss: 1.2143
2026/09/03 21:19:25 - __main__ - INFO - 162 - trainer - [52/257] Loss: 1.1897
2026/09/03 21:19:31 - __main__ - INFO - 162 - trainer - [104/257] Loss: 1.1738
2026/09/03 21:19:38 - __main__ - INFO - 162 - trainer - [156/257] Loss: 1.1886
2026/09/03 21:19:44 - __main__ - INFO - 162 - trainer - [208/257] Loss: 1.2232
2026/09/03 21:19:50 - __main__ - INFO - 167 - trainer - Average loss in epoch 371: 1.2011
2026/09/03 21:19:50 - __main__ - INFO - 117 - trainer - Epoch: 372
2026/09/03 21:19:50 - __main__ - INFO - 162 - trainer - [0/257] Loss: 1.1881
2026/09/03 21:19:57 - __main__ - INFO - 162 - trainer - [52/257] Loss: 1.1906
2026/09/03 21:20:03 - __main__ - INFO - 162 - trainer - [104/257] Loss: 1.2371
2026/09/03 21:20:09 - __main__ - INFO - 162 - trainer - [156/257] Loss: 1.1935
2026/09/03 21:20:16 - __main__ - INFO - 162 - trainer - [208/257] Loss: 1.2158
2026/09/03 21:20:22 - __main__ - INFO - 167 - trainer - Average loss in epoch 372: 1.2016
2026/09/03 21:20:22 - __main__ - INFO - 117 - trainer - Epoch: 373
2026/09/03 21:20:22 - __main__ - INFO - 162 - trainer - [0/257] Loss: 1.2340
2026/09/03 21:20:29 - __main__ - INFO - 162 - trainer - [52/257] Loss: 1.2070
2026/09/03 21:20:35 - __main__ - INFO - 162 - trainer - [104/257] Loss: 1.2483
2026/09/03 21:20:41 - __main__ - INFO - 162 - trainer - [156/257] Loss: 1.1961
2026/09/03 21:20:48 - __main__ - INFO - 162 - trainer - [208/257] Loss: 1.1789
2026/09/03 21:20:54 - __main__ - INFO - 167 - trainer - Average loss in epoch 373: 1.2010
2026/09/03 21:20:54 - __main__ - INFO - 117 - trainer - Epoch: 374
2026/09/03 21:20:54 - __main__ - INFO - 162 - trainer - [0/257] Loss: 1.2024
2026/09/03 21:21:00 - __main__ - INFO - 162 - trainer - [52/257] Loss: 1.1849
2026/09/03 21:21:07 - __main__ - INFO - 162 - trainer - [104/257] Loss: 1.1832
2026/09/03 21:21:13 - __main__ - INFO - 162 - trainer - [156/257] Loss: 1.2005
2026/09/03 21:21:19 - __main__ - INFO - 162 - trainer - [208/257] Loss: 1.2028
2026/09/03 21:21:25 - __main__ - INFO - 167 - trainer - Average loss in epoch 374: 1.2016
2026/09/03 21:21:25 - __main__ - INFO - 117 - trainer - Epoch: 375
2026/09/03 21:21:25 - __main__ - INFO - 162 - trainer - [0/257] Loss: 1.1952
2026/09/03 21:21:32 - __main__ - INFO - 162 - trainer - [52/257] Loss: 1.1714
2026/09/03 21:21:38 - __main__ - INFO - 162 - trainer - [104/257] Loss: 1.1669
2026/09/03 21:21:45 - __main__ - INFO - 162 - trainer - [156/257] Loss: 1.1992
2026/09/03 21:21:51 - __main__ - INFO - 162 - trainer - [208/257] Loss: 1.2030
2026/09/03 21:21:57 - __main__ - INFO - 167 - trainer - Average loss in epoch 375: 1.2018
2026/09/03 21:21:57 - __main__ - INFO - 117 - trainer - Epoch: 376
2026/09/03 21:21:57 - __main__ - INFO - 162 - trainer - [0/257] Loss: 1.2085
2026/09/03 21:22:03 - __main__ - INFO - 162 - trainer - [52/257] Loss: 1.1898
2026/09/03 21:22:10 - __main__ - INFO - 162 - trainer - [104/257] Loss: 1.2171
2026/09/03 21:22:16 - __main__ - INFO - 162 - trainer - [156/257] Loss: 1.1831
2026/09/03 21:22:22 - __main__ - INFO - 162 - trainer - [208/257] Loss: 1.2170
2026/09/03 21:22:28 - __main__ - INFO - 167 - trainer - Average loss in epoch 376: 1.2012
2026/09/03 21:22:28 - __main__ - INFO - 117 - trainer - Epoch: 377
2026/09/03 21:22:28 - __main__ - INFO - 162 - trainer - [0/257] Loss: 1.2007
2026/09/03 21:22:35 - __main__ - INFO - 162 - trainer - [52/257] Loss: 1.2048
2026/09/03 21:22:41 - __main__ - INFO - 162 - trainer - [104/257] Loss: 1.1671
2026/09/03 21:22:48 - __main__ - INFO - 162 - trainer - [156/257] Loss: 1.2058
2026/09/03 21:22:54 - __main__ - INFO - 162 - trainer - [208/257] Loss: 1.2384
2026/09/03 21:23:00 - __main__ - INFO - 167 - trainer - Average loss in epoch 377: 1.2017
2026/09/03 21:23:00 - __main__ - INFO - 117 - trainer - Epoch: 378
2026/09/03 21:23:00 - __main__ - INFO - 162 - trainer - [0/257] Loss: 1.2180
2026/09/03 21:23:06 - __main__ - INFO - 162 - trainer - [52/257] Loss: 1.2250
2026/09/03 21:23:13 - __main__ - INFO - 162 - trainer - [104/257] Loss: 1.2070
2026/09/03 21:23:19 - __main__ - INFO - 162 - trainer - [156/257] Loss: 1.2028
2026/09/03 21:23:26 - __main__ - INFO - 162 - trainer - [208/257] Loss: 1.2133
2026/09/03 21:23:32 - __main__ - INFO - 167 - trainer - Average loss in epoch 378: 1.2018
2026/09/03 21:23:32 - __main__ - INFO - 117 - trainer - Epoch: 379
2026/09/03 21:23:32 - __main__ - INFO - 162 - trainer - [0/257] Loss: 1.2301
2026/09/03 21:23:38 - __main__ - INFO - 162 - trainer - [52/257] Loss: 1.2071
2026/09/03 21:23:45 - __main__ - INFO - 162 - trainer - [104/257] Loss: 1.1914
2026/09/03 21:23:51 - __main__ - INFO - 162 - trainer - [156/257] Loss: 1.2056
2026/09/03 21:23:57 - __main__ - INFO - 162 - trainer - [208/257] Loss: 1.2363
2026/09/03 21:24:03 - __main__ - INFO - 167 - trainer - Average loss in epoch 379: 1.2017
2026/09/03 21:24:03 - __main__ - INFO - 117 - trainer - Epoch: 380
2026/09/03 21:24:03 - __main__ - INFO - 162 - trainer - [0/257] Loss: 1.2150
2026/09/03 21:24:10 - __main__ - INFO - 162 - trainer - [52/257] Loss: 1.1887
2026/09/03 21:24:16 - __main__ - INFO - 162 - trainer - [104/257] Loss: 1.2095
2026/09/03 21:24:23 - __main__ - INFO - 162 - trainer - [156/257] Loss: 1.1726
2026/09/03 21:24:29 - __main__ - INFO - 162 - trainer - [208/257] Loss: 1.1841
2026/09/03 21:24:35 - __main__ - INFO - 167 - trainer - Average loss in epoch 380: 1.2010
2026/09/03 21:24:35 - __main__ - INFO - 173 - trainer - start predicting: 2026-09-03 21:24:35.373668
2026/09/03 21:25:24 - __main__ - INFO - 203 - trainer - {'Best_HR@5': np.float64(7.776), 'Best_HR@10': np.float64(10.8266), 'Best_HR@20': np.float64(14.7784), 'Best_NDCG@5': np.float64(5.3686), 'Best_NDCG@10': np.float64(6.332), 'Best_NDCG@20': np.float64(7.3269)}
2026/09/03 21:25:24 - __main__ - INFO - 204 - trainer - {'Best_epoch_HR@5': 380, 'Best_epoch_HR@10': 120, 'Best_epoch_HR@20': 120, 'Best_epoch_NDCG@5': 280, 'Best_epoch_NDCG@10': 120, 'Best_epoch_NDCG@20': 120}
2026/09/03 21:25:24 - __main__ - INFO - 117 - trainer - Epoch: 381
2026/09/03 21:25:24 - __main__ - INFO - 162 - trainer - [0/257] Loss: 1.2325
2026/09/03 21:25:30 - __main__ - INFO - 162 - trainer - [52/257] Loss: 1.1981
2026/09/03 21:25:37 - __main__ - INFO - 162 - trainer - [104/257] Loss: 1.1917
2026/09/03 21:25:43 - __main__ - INFO - 162 - trainer - [156/257] Loss: 1.1758
2026/09/03 21:25:49 - __main__ - INFO - 162 - trainer - [208/257] Loss: 1.2218
2026/09/03 21:25:55 - __main__ - INFO - 167 - trainer - Average loss in epoch 381: 1.2013
2026/09/03 21:25:55 - __main__ - INFO - 117 - trainer - Epoch: 382
2026/09/03 21:25:55 - __main__ - INFO - 162 - trainer - [0/257] Loss: 1.2281
2026/09/03 21:26:02 - __main__ - INFO - 162 - trainer - [52/257] Loss: 1.1963
2026/09/03 21:26:08 - __main__ - INFO - 162 - trainer - [104/257] Loss: 1.2015
2026/09/03 21:26:15 - __main__ - INFO - 162 - trainer - [156/257] Loss: 1.2134
2026/09/03 21:26:21 - __main__ - INFO - 162 - trainer - [208/257] Loss: 1.2235
2026/09/03 21:26:27 - __main__ - INFO - 167 - trainer - Average loss in epoch 382: 1.2013
2026/09/03 21:26:27 - __main__ - INFO - 117 - trainer - Epoch: 383
2026/09/03 21:26:27 - __main__ - INFO - 162 - trainer - [0/257] Loss: 1.2001
2026/09/03 21:26:33 - __main__ - INFO - 162 - trainer - [52/257] Loss: 1.1949
2026/09/03 21:26:40 - __main__ - INFO - 162 - trainer - [104/257] Loss: 1.2019
2026/09/03 21:26:46 - __main__ - INFO - 162 - trainer - [156/257] Loss: 1.1682
2026/09/03 21:26:52 - __main__ - INFO - 162 - trainer - [208/257] Loss: 1.1939
2026/09/03 21:26:59 - __main__ - INFO - 167 - trainer - Average loss in epoch 383: 1.2015
2026/09/03 21:26:59 - __main__ - INFO - 117 - trainer - Epoch: 384
2026/09/03 21:26:59 - __main__ - INFO - 162 - trainer - [0/257] Loss: 1.2323
2026/09/03 21:27:05 - __main__ - INFO - 162 - trainer - [52/257] Loss: 1.2305
2026/09/03 21:27:11 - __main__ - INFO - 162 - trainer - [104/257] Loss: 1.2349
2026/09/03 21:27:18 - __main__ - INFO - 162 - trainer - [156/257] Loss: 1.1531
2026/09/03 21:27:24 - __main__ - INFO - 162 - trainer - [208/257] Loss: 1.2040
2026/09/03 21:27:30 - __main__ - INFO - 167 - trainer - Average loss in epoch 384: 1.2007
2026/09/03 21:27:30 - __main__ - INFO - 117 - trainer - Epoch: 385
2026/09/03 21:27:30 - __main__ - INFO - 162 - trainer - [0/257] Loss: 1.1942
2026/09/03 21:27:36 - __main__ - INFO - 162 - trainer - [52/257] Loss: 1.2019
2026/09/03 21:27:43 - __main__ - INFO - 162 - trainer - [104/257] Loss: 1.1947
2026/09/03 21:27:49 - __main__ - INFO - 162 - trainer - [156/257] Loss: 1.2169
2026/09/03 21:27:55 - __main__ - INFO - 162 - trainer - [208/257] Loss: 1.2229
2026/09/03 21:28:01 - __main__ - INFO - 167 - trainer - Average loss in epoch 385: 1.2012
2026/09/03 21:28:01 - __main__ - INFO - 117 - trainer - Epoch: 386
2026/09/03 21:28:01 - __main__ - INFO - 162 - trainer - [0/257] Loss: 1.1672
2026/09/03 21:28:08 - __main__ - INFO - 162 - trainer - [52/257] Loss: 1.1928
2026/09/03 21:28:14 - __main__ - INFO - 162 - trainer - [104/257] Loss: 1.2056
2026/09/03 21:28:21 - __main__ - INFO - 162 - trainer - [156/257] Loss: 1.1977
2026/09/03 21:28:27 - __main__ - INFO - 162 - trainer - [208/257] Loss: 1.1952
2026/09/03 21:28:33 - __main__ - INFO - 167 - trainer - Average loss in epoch 386: 1.2004
2026/09/03 21:28:33 - __main__ - INFO - 117 - trainer - Epoch: 387
2026/09/03 21:28:33 - __main__ - INFO - 162 - trainer - [0/257] Loss: 1.2114
2026/09/03 21:28:40 - __main__ - INFO - 162 - trainer - [52/257] Loss: 1.2129
2026/09/03 21:28:46 - __main__ - INFO - 162 - trainer - [104/257] Loss: 1.2000
2026/09/03 21:28:52 - __main__ - INFO - 162 - trainer - [156/257] Loss: 1.2145
2026/09/03 21:28:59 - __main__ - INFO - 162 - trainer - [208/257] Loss: 1.1880
2026/09/03 21:29:04 - __main__ - INFO - 167 - trainer - Average loss in epoch 387: 1.2021
2026/09/03 21:29:04 - __main__ - INFO - 117 - trainer - Epoch: 388
2026/09/03 21:29:05 - __main__ - INFO - 162 - trainer - [0/257] Loss: 1.2188
2026/09/03 21:29:11 - __main__ - INFO - 162 - trainer - [52/257] Loss: 1.2126
2026/09/03 21:29:18 - __main__ - INFO - 162 - trainer - [104/257] Loss: 1.2349
2026/09/03 21:29:25 - __main__ - INFO - 162 - trainer - [156/257] Loss: 1.2034
2026/09/03 21:29:31 - __main__ - INFO - 162 - trainer - [208/257] Loss: 1.2208
2026/09/03 21:29:37 - __main__ - INFO - 167 - trainer - Average loss in epoch 388: 1.2011
2026/09/03 21:29:37 - __main__ - INFO - 117 - trainer - Epoch: 389
2026/09/03 21:29:37 - __main__ - INFO - 162 - trainer - [0/257] Loss: 1.2362
2026/09/03 21:29:44 - __main__ - INFO - 162 - trainer - [52/257] Loss: 1.2285
2026/09/03 21:29:50 - __main__ - INFO - 162 - trainer - [104/257] Loss: 1.2165
2026/09/03 21:29:56 - __main__ - INFO - 162 - trainer - [156/257] Loss: 1.1827
2026/09/03 21:30:03 - __main__ - INFO - 162 - trainer - [208/257] Loss: 1.2233
2026/09/03 21:30:09 - __main__ - INFO - 167 - trainer - Average loss in epoch 389: 1.2015
2026/09/03 21:30:09 - __main__ - INFO - 117 - trainer - Epoch: 390
2026/09/03 21:30:09 - __main__ - INFO - 162 - trainer - [0/257] Loss: 1.2375
2026/09/03 21:30:15 - __main__ - INFO - 162 - trainer - [52/257] Loss: 1.1853
2026/09/03 21:30:21 - __main__ - INFO - 162 - trainer - [104/257] Loss: 1.2057
2026/09/03 21:30:27 - __main__ - INFO - 162 - trainer - [156/257] Loss: 1.2067
2026/09/03 21:30:34 - __main__ - INFO - 162 - trainer - [208/257] Loss: 1.1998
2026/09/03 21:30:40 - __main__ - INFO - 167 - trainer - Average loss in epoch 390: 1.2007
2026/09/03 21:30:40 - __main__ - INFO - 117 - trainer - Epoch: 391
2026/09/03 21:30:40 - __main__ - INFO - 162 - trainer - [0/257] Loss: 1.2143
2026/09/03 21:30:47 - __main__ - INFO - 162 - trainer - [52/257] Loss: 1.1999
2026/09/03 21:30:53 - __main__ - INFO - 162 - trainer - [104/257] Loss: 1.2248
2026/09/03 21:30:59 - __main__ - INFO - 162 - trainer - [156/257] Loss: 1.2141
2026/09/03 21:31:06 - __main__ - INFO - 162 - trainer - [208/257] Loss: 1.1889
2026/09/03 21:31:12 - __main__ - INFO - 167 - trainer - Average loss in epoch 391: 1.2005
2026/09/03 21:31:12 - __main__ - INFO - 117 - trainer - Epoch: 392
2026/09/03 21:31:12 - __main__ - INFO - 162 - trainer - [0/257] Loss: 1.1791
2026/09/03 21:31:18 - __main__ - INFO - 162 - trainer - [52/257] Loss: 1.1816
2026/09/03 21:31:24 - __main__ - INFO - 162 - trainer - [104/257] Loss: 1.1930
2026/09/03 21:31:31 - __main__ - INFO - 162 - trainer - [156/257] Loss: 1.1854
2026/09/03 21:31:37 - __main__ - INFO - 162 - trainer - [208/257] Loss: 1.1738
2026/09/03 21:31:43 - __main__ - INFO - 167 - trainer - Average loss in epoch 392: 1.2014
2026/09/03 21:31:43 - __main__ - INFO - 117 - trainer - Epoch: 393
2026/09/03 21:31:43 - __main__ - INFO - 162 - trainer - [0/257] Loss: 1.1761
2026/09/03 21:31:50 - __main__ - INFO - 162 - trainer - [52/257] Loss: 1.2081
2026/09/03 21:31:56 - __main__ - INFO - 162 - trainer - [104/257] Loss: 1.2004
2026/09/03 21:32:03 - __main__ - INFO - 162 - trainer - [156/257] Loss: 1.2041
2026/09/03 21:32:09 - __main__ - INFO - 162 - trainer - [208/257] Loss: 1.1976
2026/09/03 21:32:15 - __main__ - INFO - 167 - trainer - Average loss in epoch 393: 1.2015
2026/09/03 21:32:15 - __main__ - INFO - 117 - trainer - Epoch: 394
2026/09/03 21:32:15 - __main__ - INFO - 162 - trainer - [0/257] Loss: 1.2186
2026/09/03 21:32:21 - __main__ - INFO - 162 - trainer - [52/257] Loss: 1.2098
2026/09/03 21:32:27 - __main__ - INFO - 162 - trainer - [104/257] Loss: 1.1890
2026/09/03 21:32:34 - __main__ - INFO - 162 - trainer - [156/257] Loss: 1.1944
2026/09/03 21:32:40 - __main__ - INFO - 162 - trainer - [208/257] Loss: 1.2021
2026/09/03 21:32:46 - __main__ - INFO - 167 - trainer - Average loss in epoch 394: 1.2018
2026/09/03 21:32:46 - __main__ - INFO - 117 - trainer - Epoch: 395
2026/09/03 21:32:46 - __main__ - INFO - 162 - trainer - [0/257] Loss: 1.2117
2026/09/03 21:32:53 - __main__ - INFO - 162 - trainer - [52/257] Loss: 1.1859
2026/09/03 21:32:59 - __main__ - INFO - 162 - trainer - [104/257] Loss: 1.1951
2026/09/03 21:33:06 - __main__ - INFO - 162 - trainer - [156/257] Loss: 1.2246
2026/09/03 21:33:12 - __main__ - INFO - 162 - trainer - [208/257] Loss: 1.2022
2026/09/03 21:33:18 - __main__ - INFO - 167 - trainer - Average loss in epoch 395: 1.2016
2026/09/03 21:33:18 - __main__ - INFO - 117 - trainer - Epoch: 396
2026/09/03 21:33:18 - __main__ - INFO - 162 - trainer - [0/257] Loss: 1.1979
2026/09/03 21:33:24 - __main__ - INFO - 162 - trainer - [52/257] Loss: 1.1874
2026/09/03 21:33:31 - __main__ - INFO - 162 - trainer - [104/257] Loss: 1.2035
2026/09/03 21:33:37 - __main__ - INFO - 162 - trainer - [156/257] Loss: 1.2030
2026/09/03 21:33:43 - __main__ - INFO - 162 - trainer - [208/257] Loss: 1.2407
2026/09/03 21:33:49 - __main__ - INFO - 167 - trainer - Average loss in epoch 396: 1.2004
2026/09/03 21:33:49 - __main__ - INFO - 117 - trainer - Epoch: 397
2026/09/03 21:33:49 - __main__ - INFO - 162 - trainer - [0/257] Loss: 1.2095
2026/09/03 21:33:56 - __main__ - INFO - 162 - trainer - [52/257] Loss: 1.1999
2026/09/03 21:34:02 - __main__ - INFO - 162 - trainer - [104/257] Loss: 1.2224
2026/09/03 21:34:09 - __main__ - INFO - 162 - trainer - [156/257] Loss: 1.2032
2026/09/03 21:34:15 - __main__ - INFO - 162 - trainer - [208/257] Loss: 1.2187
2026/09/03 21:34:21 - __main__ - INFO - 167 - trainer - Average loss in epoch 397: 1.2013
2026/09/03 21:34:21 - __main__ - INFO - 117 - trainer - Epoch: 398
2026/09/03 21:34:21 - __main__ - INFO - 162 - trainer - [0/257] Loss: 1.2220
2026/09/03 21:34:27 - __main__ - INFO - 162 - trainer - [52/257] Loss: 1.2250
2026/09/03 21:34:33 - __main__ - INFO - 162 - trainer - [104/257] Loss: 1.1889
2026/09/03 21:34:40 - __main__ - INFO - 162 - trainer - [156/257] Loss: 1.1971
2026/09/03 21:34:46 - __main__ - INFO - 162 - trainer - [208/257] Loss: 1.2192
2026/09/03 21:34:52 - __main__ - INFO - 167 - trainer - Average loss in epoch 398: 1.2011
2026/09/03 21:34:52 - __main__ - INFO - 117 - trainer - Epoch: 399
2026/09/03 21:34:52 - __main__ - INFO - 162 - trainer - [0/257] Loss: 1.2309
2026/09/03 21:34:58 - __main__ - INFO - 162 - trainer - [52/257] Loss: 1.1899
2026/09/03 21:35:05 - __main__ - INFO - 162 - trainer - [104/257] Loss: 1.1818
2026/09/03 21:35:11 - __main__ - INFO - 162 - trainer - [156/257] Loss: 1.2006
2026/09/03 21:35:18 - __main__ - INFO - 162 - trainer - [208/257] Loss: 1.2291
2026/09/03 21:35:24 - __main__ - INFO - 167 - trainer - Average loss in epoch 399: 1.2007
2026/09/03 21:35:24 - __main__ - INFO - 117 - trainer - Epoch: 400
2026/09/03 21:35:24 - __main__ - INFO - 162 - trainer - [0/257] Loss: 1.1899
2026/09/03 21:35:30 - __main__ - INFO - 162 - trainer - [52/257] Loss: 1.2039
2026/09/03 21:35:36 - __main__ - INFO - 162 - trainer - [104/257] Loss: 1.1735
2026/09/03 21:35:43 - __main__ - INFO - 162 - trainer - [156/257] Loss: 1.1994
2026/09/03 21:35:49 - __main__ - INFO - 162 - trainer - [208/257] Loss: 1.2195
2026/09/03 21:35:55 - __main__ - INFO - 167 - trainer - Average loss in epoch 400: 1.2007
2026/09/03 21:35:55 - __main__ - INFO - 173 - trainer - start predicting: 2026-09-03 21:35:55.754209
2026/09/03 21:36:42 - __main__ - INFO - 117 - trainer - Epoch: 401
2026/09/03 21:36:43 - __main__ - INFO - 162 - trainer - [0/257] Loss: 1.2088
2026/09/03 21:36:49 - __main__ - INFO - 162 - trainer - [52/257] Loss: 1.1874
2026/09/03 21:36:55 - __main__ - INFO - 162 - trainer - [104/257] Loss: 1.1712
2026/09/03 21:37:02 - __main__ - INFO - 162 - trainer - [156/257] Loss: 1.2197
2026/09/03 21:37:08 - __main__ - INFO - 162 - trainer - [208/257] Loss: 1.1883
2026/09/03 21:37:14 - __main__ - INFO - 167 - trainer - Average loss in epoch 401: 1.2011
2026/09/03 21:37:14 - __main__ - INFO - 117 - trainer - Epoch: 402
2026/09/03 21:37:14 - __main__ - INFO - 162 - trainer - [0/257] Loss: 1.2170
2026/09/03 21:37:20 - __main__ - INFO - 162 - trainer - [52/257] Loss: 1.1886
2026/09/03 21:37:26 - __main__ - INFO - 162 - trainer - [104/257] Loss: 1.2061
2026/09/03 21:37:33 - __main__ - INFO - 162 - trainer - [156/257] Loss: 1.1866
2026/09/03 21:37:39 - __main__ - INFO - 162 - trainer - [208/257] Loss: 1.1701
2026/09/03 21:37:45 - __main__ - INFO - 167 - trainer - Average loss in epoch 402: 1.2011
2026/09/03 21:37:45 - __main__ - INFO - 117 - trainer - Epoch: 403
2026/09/03 21:37:45 - __main__ - INFO - 162 - trainer - [0/257] Loss: 1.1730
2026/09/03 21:37:51 - __main__ - INFO - 162 - trainer - [52/257] Loss: 1.1720
2026/09/03 21:37:58 - __main__ - INFO - 162 - trainer - [104/257] Loss: 1.1920
2026/09/03 21:38:04 - __main__ - INFO - 162 - trainer - [156/257] Loss: 1.2066
2026/09/03 21:38:10 - __main__ - INFO - 162 - trainer - [208/257] Loss: 1.1690
2026/09/03 21:38:16 - __main__ - INFO - 167 - trainer - Average loss in epoch 403: 1.2015
2026/09/03 21:38:16 - __main__ - INFO - 117 - trainer - Epoch: 404
2026/09/03 21:38:16 - __main__ - INFO - 162 - trainer - [0/257] Loss: 1.2075
2026/09/03 21:38:22 - __main__ - INFO - 162 - trainer - [52/257] Loss: 1.2061
2026/09/03 21:38:29 - __main__ - INFO - 162 - trainer - [104/257] Loss: 1.2212
2026/09/03 21:38:35 - __main__ - INFO - 162 - trainer - [156/257] Loss: 1.1952
2026/09/03 21:38:41 - __main__ - INFO - 162 - trainer - [208/257] Loss: 1.2009
2026/09/03 21:38:47 - __main__ - INFO - 167 - trainer - Average loss in epoch 404: 1.2018
2026/09/03 21:38:47 - __main__ - INFO - 117 - trainer - Epoch: 405
2026/09/03 21:38:47 - __main__ - INFO - 162 - trainer - [0/257] Loss: 1.2234
2026/09/03 21:38:54 - __main__ - INFO - 162 - trainer - [52/257] Loss: 1.2203
2026/09/03 21:39:00 - __main__ - INFO - 162 - trainer - [104/257] Loss: 1.2078
2026/09/03 21:39:06 - __main__ - INFO - 162 - trainer - [156/257] Loss: 1.2143
2026/09/03 21:39:13 - __main__ - INFO - 162 - trainer - [208/257] Loss: 1.1953
2026/09/03 21:39:18 - __main__ - INFO - 167 - trainer - Average loss in epoch 405: 1.2012
2026/09/03 21:39:18 - __main__ - INFO - 117 - trainer - Epoch: 406
2026/09/03 21:39:19 - __main__ - INFO - 162 - trainer - [0/257] Loss: 1.1899
2026/09/03 21:39:25 - __main__ - INFO - 162 - trainer - [52/257] Loss: 1.1934
2026/09/03 21:39:31 - __main__ - INFO - 162 - trainer - [104/257] Loss: 1.1863
2026/09/03 21:39:38 - __main__ - INFO - 162 - trainer - [156/257] Loss: 1.2163
2026/09/03 21:39:44 - __main__ - INFO - 162 - trainer - [208/257] Loss: 1.1925
2026/09/03 21:39:50 - __main__ - INFO - 167 - trainer - Average loss in epoch 406: 1.2013
2026/09/03 21:39:50 - __main__ - INFO - 117 - trainer - Epoch: 407
2026/09/03 21:39:50 - __main__ - INFO - 162 - trainer - [0/257] Loss: 1.1972
2026/09/03 21:39:56 - __main__ - INFO - 162 - trainer - [52/257] Loss: 1.1922
2026/09/03 21:40:02 - __main__ - INFO - 162 - trainer - [104/257] Loss: 1.1945
2026/09/03 21:40:09 - __main__ - INFO - 162 - trainer - [156/257] Loss: 1.2083
2026/09/03 21:40:15 - __main__ - INFO - 162 - trainer - [208/257] Loss: 1.2165
2026/09/03 21:40:21 - __main__ - INFO - 167 - trainer - Average loss in epoch 407: 1.2011
2026/09/03 21:40:21 - __main__ - INFO - 117 - trainer - Epoch: 408
2026/09/03 21:40:21 - __main__ - INFO - 162 - trainer - [0/257] Loss: 1.1990
2026/09/03 21:40:27 - __main__ - INFO - 162 - trainer - [52/257] Loss: 1.1635
2026/09/03 21:40:33 - __main__ - INFO - 162 - trainer - [104/257] Loss: 1.1915
2026/09/03 21:40:39 - __main__ - INFO - 162 - trainer - [156/257] Loss: 1.2018
2026/09/03 21:40:46 - __main__ - INFO - 162 - trainer - [208/257] Loss: 1.1913
2026/09/03 21:40:51 - __main__ - INFO - 167 - trainer - Average loss in epoch 408: 1.2007
2026/09/03 21:40:51 - __main__ - INFO - 117 - trainer - Epoch: 409
2026/09/03 21:40:52 - __main__ - INFO - 162 - trainer - [0/257] Loss: 1.2367
2026/09/03 21:40:58 - __main__ - INFO - 162 - trainer - [52/257] Loss: 1.2210
2026/09/03 21:41:04 - __main__ - INFO - 162 - trainer - [104/257] Loss: 1.1898
2026/09/03 21:41:11 - __main__ - INFO - 162 - trainer - [156/257] Loss: 1.1969
2026/09/03 21:41:17 - __main__ - INFO - 162 - trainer - [208/257] Loss: 1.1920
2026/09/03 21:41:23 - __main__ - INFO - 167 - trainer - Average loss in epoch 409: 1.2010
2026/09/03 21:41:23 - __main__ - INFO - 117 - trainer - Epoch: 410
2026/09/03 21:41:23 - __main__ - INFO - 162 - trainer - [0/257] Loss: 1.2127
2026/09/03 21:41:29 - __main__ - INFO - 162 - trainer - [52/257] Loss: 1.2182
2026/09/03 21:41:36 - __main__ - INFO - 162 - trainer - [104/257] Loss: 1.2307
2026/09/03 21:41:42 - __main__ - INFO - 162 - trainer - [156/257] Loss: 1.2363
2026/09/03 21:41:48 - __main__ - INFO - 162 - trainer - [208/257] Loss: 1.1875
2026/09/03 21:41:54 - __main__ - INFO - 167 - trainer - Average loss in epoch 410: 1.2015
2026/09/03 21:41:54 - __main__ - INFO - 117 - trainer - Epoch: 411
2026/09/03 21:41:54 - __main__ - INFO - 162 - trainer - [0/257] Loss: 1.2670
2026/09/03 21:42:00 - __main__ - INFO - 162 - trainer - [52/257] Loss: 1.1986
2026/09/03 21:42:07 - __main__ - INFO - 162 - trainer - [104/257] Loss: 1.2354
2026/09/03 21:42:13 - __main__ - INFO - 162 - trainer - [156/257] Loss: 1.2118
2026/09/03 21:42:19 - __main__ - INFO - 162 - trainer - [208/257] Loss: 1.2101
2026/09/03 21:42:25 - __main__ - INFO - 167 - trainer - Average loss in epoch 411: 1.2004
2026/09/03 21:42:25 - __main__ - INFO - 117 - trainer - Epoch: 412
2026/09/03 21:42:25 - __main__ - INFO - 162 - trainer - [0/257] Loss: 1.1952
2026/09/03 21:42:31 - __main__ - INFO - 162 - trainer - [52/257] Loss: 1.2253
2026/09/03 21:42:38 - __main__ - INFO - 162 - trainer - [104/257] Loss: 1.2338
2026/09/03 21:42:44 - __main__ - INFO - 162 - trainer - [156/257] Loss: 1.1781
2026/09/03 21:42:50 - __main__ - INFO - 162 - trainer - [208/257] Loss: 1.2052
2026/09/03 21:42:56 - __main__ - INFO - 167 - trainer - Average loss in epoch 412: 1.2013
2026/09/03 21:42:56 - __main__ - INFO - 117 - trainer - Epoch: 413
2026/09/03 21:42:56 - __main__ - INFO - 162 - trainer - [0/257] Loss: 1.2089
2026/09/03 21:43:02 - __main__ - INFO - 162 - trainer - [52/257] Loss: 1.2021
2026/09/03 21:43:09 - __main__ - INFO - 162 - trainer - [104/257] Loss: 1.1957
2026/09/03 21:43:15 - __main__ - INFO - 162 - trainer - [156/257] Loss: 1.1941
2026/09/03 21:43:21 - __main__ - INFO - 162 - trainer - [208/257] Loss: 1.2199
2026/09/03 21:43:27 - __main__ - INFO - 167 - trainer - Average loss in epoch 413: 1.2008
2026/09/03 21:43:27 - __main__ - INFO - 117 - trainer - Epoch: 414
2026/09/03 21:43:27 - __main__ - INFO - 162 - trainer - [0/257] Loss: 1.1711
2026/09/03 21:43:34 - __main__ - INFO - 162 - trainer - [52/257] Loss: 1.1669
2026/09/03 21:43:40 - __main__ - INFO - 162 - trainer - [104/257] Loss: 1.1955
2026/09/03 21:43:46 - __main__ - INFO - 162 - trainer - [156/257] Loss: 1.1701
2026/09/03 21:43:53 - __main__ - INFO - 162 - trainer - [208/257] Loss: 1.1972
2026/09/03 21:43:58 - __main__ - INFO - 167 - trainer - Average loss in epoch 414: 1.2016
2026/09/03 21:43:58 - __main__ - INFO - 117 - trainer - Epoch: 415
2026/09/03 21:43:58 - __main__ - INFO - 162 - trainer - [0/257] Loss: 1.2170
2026/09/03 21:44:05 - __main__ - INFO - 162 - trainer - [52/257] Loss: 1.2649
2026/09/03 21:44:11 - __main__ - INFO - 162 - trainer - [104/257] Loss: 1.2010
2026/09/03 21:44:18 - __main__ - INFO - 162 - trainer - [156/257] Loss: 1.1907
2026/09/03 21:44:24 - __main__ - INFO - 162 - trainer - [208/257] Loss: 1.1719
2026/09/03 21:44:30 - __main__ - INFO - 167 - trainer - Average loss in epoch 415: 1.2010
2026/09/03 21:44:30 - __main__ - INFO - 117 - trainer - Epoch: 416
2026/09/03 21:44:30 - __main__ - INFO - 162 - trainer - [0/257] Loss: 1.1783
2026/09/03 21:44:36 - __main__ - INFO - 162 - trainer - [52/257] Loss: 1.1827
2026/09/03 21:44:42 - __main__ - INFO - 162 - trainer - [104/257] Loss: 1.2626
2026/09/03 21:44:49 - __main__ - INFO - 162 - trainer - [156/257] Loss: 1.1840
2026/09/03 21:44:55 - __main__ - INFO - 162 - trainer - [208/257] Loss: 1.2156
2026/09/03 21:45:01 - __main__ - INFO - 167 - trainer - Average loss in epoch 416: 1.2011
2026/09/03 21:45:01 - __main__ - INFO - 117 - trainer - Epoch: 417
2026/09/03 21:45:01 - __main__ - INFO - 162 - trainer - [0/257] Loss: 1.2145
2026/09/03 21:45:07 - __main__ - INFO - 162 - trainer - [52/257] Loss: 1.1951
2026/09/03 21:45:13 - __main__ - INFO - 162 - trainer - [104/257] Loss: 1.2509
2026/09/03 21:45:20 - __main__ - INFO - 162 - trainer - [156/257] Loss: 1.2221
2026/09/03 21:45:26 - __main__ - INFO - 162 - trainer - [208/257] Loss: 1.2057
2026/09/03 21:45:32 - __main__ - INFO - 167 - trainer - Average loss in epoch 417: 1.2009
2026/09/03 21:45:32 - __main__ - INFO - 117 - trainer - Epoch: 418
2026/09/03 21:45:32 - __main__ - INFO - 162 - trainer - [0/257] Loss: 1.1822
2026/09/03 21:45:38 - __main__ - INFO - 162 - trainer - [52/257] Loss: 1.1913
2026/09/03 21:45:44 - __main__ - INFO - 162 - trainer - [104/257] Loss: 1.2466
2026/09/03 21:45:51 - __main__ - INFO - 162 - trainer - [156/257] Loss: 1.1960
2026/09/03 21:45:57 - __main__ - INFO - 162 - trainer - [208/257] Loss: 1.2000
2026/09/03 21:46:03 - __main__ - INFO - 167 - trainer - Average loss in epoch 418: 1.2021
2026/09/03 21:46:03 - __main__ - INFO - 117 - trainer - Epoch: 419
2026/09/03 21:46:03 - __main__ - INFO - 162 - trainer - [0/257] Loss: 1.1798
2026/09/03 21:46:09 - __main__ - INFO - 162 - trainer - [52/257] Loss: 1.1820
2026/09/03 21:46:16 - __main__ - INFO - 162 - trainer - [104/257] Loss: 1.2115
2026/09/03 21:46:22 - __main__ - INFO - 162 - trainer - [156/257] Loss: 1.2090
2026/09/03 21:46:29 - __main__ - INFO - 162 - trainer - [208/257] Loss: 1.2014
2026/09/03 21:46:35 - __main__ - INFO - 167 - trainer - Average loss in epoch 419: 1.2005
2026/09/03 21:46:35 - __main__ - INFO - 117 - trainer - Epoch: 420
2026/09/03 21:46:35 - __main__ - INFO - 162 - trainer - [0/257] Loss: 1.2185
2026/09/03 21:46:41 - __main__ - INFO - 162 - trainer - [52/257] Loss: 1.1595
2026/09/03 21:46:47 - __main__ - INFO - 162 - trainer - [104/257] Loss: 1.1916
2026/09/03 21:46:54 - __main__ - INFO - 162 - trainer - [156/257] Loss: 1.2056
2026/09/03 21:47:00 - __main__ - INFO - 162 - trainer - [208/257] Loss: 1.1409
2026/09/03 21:47:06 - __main__ - INFO - 167 - trainer - Average loss in epoch 420: 1.2005
2026/09/03 21:47:06 - __main__ - INFO - 173 - trainer - start predicting: 2026-09-03 21:47:06.234534
2026/09/03 21:47:53 - __main__ - INFO - 117 - trainer - Epoch: 421
2026/09/03 21:47:54 - __main__ - INFO - 162 - trainer - [0/257] Loss: 1.2143
2026/09/03 21:48:00 - __main__ - INFO - 162 - trainer - [52/257] Loss: 1.2002
2026/09/03 21:48:06 - __main__ - INFO - 162 - trainer - [104/257] Loss: 1.1559
2026/09/03 21:48:12 - __main__ - INFO - 162 - trainer - [156/257] Loss: 1.2062
2026/09/03 21:48:19 - __main__ - INFO - 162 - trainer - [208/257] Loss: 1.2248
2026/09/03 21:48:24 - __main__ - INFO - 167 - trainer - Average loss in epoch 421: 1.2007
2026/09/03 21:48:24 - __main__ - INFO - 117 - trainer - Epoch: 422
2026/09/03 21:48:25 - __main__ - INFO - 162 - trainer - [0/257] Loss: 1.1866
2026/09/03 21:48:31 - __main__ - INFO - 162 - trainer - [52/257] Loss: 1.1873
2026/09/03 21:48:38 - __main__ - INFO - 162 - trainer - [104/257] Loss: 1.1399
2026/09/03 21:48:45 - __main__ - INFO - 162 - trainer - [156/257] Loss: 1.2100
2026/09/03 21:48:52 - __main__ - INFO - 162 - trainer - [208/257] Loss: 1.2050
2026/09/03 21:48:57 - __main__ - INFO - 167 - trainer - Average loss in epoch 422: 1.2013
2026/09/03 21:48:57 - __main__ - INFO - 117 - trainer - Epoch: 423
2026/09/03 21:48:58 - __main__ - INFO - 162 - trainer - [0/257] Loss: 1.1913
2026/09/03 21:49:04 - __main__ - INFO - 162 - trainer - [52/257] Loss: 1.2242
2026/09/03 21:49:10 - __main__ - INFO - 162 - trainer - [104/257] Loss: 1.1847
2026/09/03 21:49:17 - __main__ - INFO - 162 - trainer - [156/257] Loss: 1.2271
2026/09/03 21:49:23 - __main__ - INFO - 162 - trainer - [208/257] Loss: 1.1878
2026/09/03 21:49:29 - __main__ - INFO - 167 - trainer - Average loss in epoch 423: 1.2014
2026/09/03 21:49:29 - __main__ - INFO - 117 - trainer - Epoch: 424
2026/09/03 21:49:29 - __main__ - INFO - 162 - trainer - [0/257] Loss: 1.1728
2026/09/03 21:49:35 - __main__ - INFO - 162 - trainer - [52/257] Loss: 1.2078
2026/09/03 21:49:41 - __main__ - INFO - 162 - trainer - [104/257] Loss: 1.1842
2026/09/03 21:49:48 - __main__ - INFO - 162 - trainer - [156/257] Loss: 1.1962
2026/09/03 21:49:54 - __main__ - INFO - 162 - trainer - [208/257] Loss: 1.1911
2026/09/03 21:50:00 - __main__ - INFO - 167 - trainer - Average loss in epoch 424: 1.2013
2026/09/03 21:50:00 - __main__ - INFO - 117 - trainer - Epoch: 425
2026/09/03 21:50:00 - __main__ - INFO - 162 - trainer - [0/257] Loss: 1.2231
2026/09/03 21:50:06 - __main__ - INFO - 162 - trainer - [52/257] Loss: 1.2189
2026/09/03 21:50:12 - __main__ - INFO - 162 - trainer - [104/257] Loss: 1.2096
2026/09/03 21:50:19 - __main__ - INFO - 162 - trainer - [156/257] Loss: 1.1860
2026/09/03 21:50:25 - __main__ - INFO - 162 - trainer - [208/257] Loss: 1.1757
2026/09/03 21:50:31 - __main__ - INFO - 167 - trainer - Average loss in epoch 425: 1.2009
2026/09/03 21:50:31 - __main__ - INFO - 117 - trainer - Epoch: 426
2026/09/03 21:50:31 - __main__ - INFO - 162 - trainer - [0/257] Loss: 1.1895
2026/09/03 21:50:37 - __main__ - INFO - 162 - trainer - [52/257] Loss: 1.2286
2026/09/03 21:50:43 - __main__ - INFO - 162 - trainer - [104/257] Loss: 1.2144
2026/09/03 21:50:50 - __main__ - INFO - 162 - trainer - [156/257] Loss: 1.1976
2026/09/03 21:50:56 - __main__ - INFO - 162 - trainer - [208/257] Loss: 1.2064
2026/09/03 21:51:02 - __main__ - INFO - 167 - trainer - Average loss in epoch 426: 1.2002
2026/09/03 21:51:02 - __main__ - INFO - 117 - trainer - Epoch: 427
2026/09/03 21:51:02 - __main__ - INFO - 162 - trainer - [0/257] Loss: 1.2211
2026/09/03 21:51:08 - __main__ - INFO - 162 - trainer - [52/257] Loss: 1.1485
2026/09/03 21:51:15 - __main__ - INFO - 162 - trainer - [104/257] Loss: 1.1901
2026/09/03 21:51:21 - __main__ - INFO - 162 - trainer - [156/257] Loss: 1.1980
2026/09/03 21:51:28 - __main__ - INFO - 162 - trainer - [208/257] Loss: 1.1965
2026/09/03 21:51:33 - __main__ - INFO - 167 - trainer - Average loss in epoch 427: 1.2010
2026/09/03 21:51:33 - __main__ - INFO - 117 - trainer - Epoch: 428
2026/09/03 21:51:34 - __main__ - INFO - 162 - trainer - [0/257] Loss: 1.2015
2026/09/03 21:51:40 - __main__ - INFO - 162 - trainer - [52/257] Loss: 1.2191
2026/09/03 21:51:46 - __main__ - INFO - 162 - trainer - [104/257] Loss: 1.2294
2026/09/03 21:51:53 - __main__ - INFO - 162 - trainer - [156/257] Loss: 1.1719
2026/09/03 21:52:00 - __main__ - INFO - 162 - trainer - [208/257] Loss: 1.2068
2026/09/03 21:52:06 - __main__ - INFO - 167 - trainer - Average loss in epoch 428: 1.1997
2026/09/03 21:52:06 - __main__ - INFO - 117 - trainer - Epoch: 429
2026/09/03 21:52:06 - __main__ - INFO - 162 - trainer - [0/257] Loss: 1.1735
2026/09/03 21:52:12 - __main__ - INFO - 162 - trainer - [52/257] Loss: 1.1896
2026/09/03 21:52:18 - __main__ - INFO - 162 - trainer - [104/257] Loss: 1.1815
2026/09/03 21:52:25 - __main__ - INFO - 162 - trainer - [156/257] Loss: 1.1975
2026/09/03 21:52:31 - __main__ - INFO - 162 - trainer - [208/257] Loss: 1.2164
2026/09/03 21:52:37 - __main__ - INFO - 167 - trainer - Average loss in epoch 429: 1.2020
2026/09/03 21:52:37 - __main__ - INFO - 117 - trainer - Epoch: 430
2026/09/03 21:52:37 - __main__ - INFO - 162 - trainer - [0/257] Loss: 1.2110
2026/09/03 21:52:44 - __main__ - INFO - 162 - trainer - [52/257] Loss: 1.1636
2026/09/03 21:52:50 - __main__ - INFO - 162 - trainer - [104/257] Loss: 1.1553
2026/09/03 21:52:56 - __main__ - INFO - 162 - trainer - [156/257] Loss: 1.2160
2026/09/03 21:53:03 - __main__ - INFO - 162 - trainer - [208/257] Loss: 1.2074
2026/09/03 21:53:09 - __main__ - INFO - 167 - trainer - Average loss in epoch 430: 1.2013
2026/09/03 21:53:09 - __main__ - INFO - 117 - trainer - Epoch: 431
2026/09/03 21:53:09 - __main__ - INFO - 162 - trainer - [0/257] Loss: 1.1926
2026/09/03 21:53:15 - __main__ - INFO - 162 - trainer - [52/257] Loss: 1.2053
2026/09/03 21:53:22 - __main__ - INFO - 162 - trainer - [104/257] Loss: 1.1973
2026/09/03 21:53:28 - __main__ - INFO - 162 - trainer - [156/257] Loss: 1.2118
2026/09/03 21:53:34 - __main__ - INFO - 162 - trainer - [208/257] Loss: 1.1964
2026/09/03 21:53:41 - __main__ - INFO - 167 - trainer - Average loss in epoch 431: 1.2009
2026/09/03 21:53:41 - __main__ - INFO - 117 - trainer - Epoch: 432
2026/09/03 21:53:41 - __main__ - INFO - 162 - trainer - [0/257] Loss: 1.2079
2026/09/03 21:53:47 - __main__ - INFO - 162 - trainer - [52/257] Loss: 1.2075
2026/09/03 21:53:54 - __main__ - INFO - 162 - trainer - [104/257] Loss: 1.2096
2026/09/03 21:54:00 - __main__ - INFO - 162 - trainer - [156/257] Loss: 1.2038
2026/09/03 21:54:07 - __main__ - INFO - 162 - trainer - [208/257] Loss: 1.2015
2026/09/03 21:54:13 - __main__ - INFO - 167 - trainer - Average loss in epoch 432: 1.2000
2026/09/03 21:54:13 - __main__ - INFO - 117 - trainer - Epoch: 433
2026/09/03 21:54:13 - __main__ - INFO - 162 - trainer - [0/257] Loss: 1.1912
2026/09/03 21:54:19 - __main__ - INFO - 162 - trainer - [52/257] Loss: 1.1893
2026/09/03 21:54:26 - __main__ - INFO - 162 - trainer - [104/257] Loss: 1.1957
2026/09/03 21:54:32 - __main__ - INFO - 162 - trainer - [156/257] Loss: 1.1794
2026/09/03 21:54:39 - __main__ - INFO - 162 - trainer - [208/257] Loss: 1.2270
2026/09/03 21:54:45 - __main__ - INFO - 167 - trainer - Average loss in epoch 433: 1.2010
2026/09/03 21:54:45 - __main__ - INFO - 117 - trainer - Epoch: 434
2026/09/03 21:54:45 - __main__ - INFO - 162 - trainer - [0/257] Loss: 1.1913
2026/09/03 21:54:51 - __main__ - INFO - 162 - trainer - [52/257] Loss: 1.2037
2026/09/03 21:54:58 - __main__ - INFO - 162 - trainer - [104/257] Loss: 1.2023
2026/09/03 21:55:04 - __main__ - INFO - 162 - trainer - [156/257] Loss: 1.2410
2026/09/03 21:55:10 - __main__ - INFO - 162 - trainer - [208/257] Loss: 1.2331
2026/09/03 21:55:16 - __main__ - INFO - 167 - trainer - Average loss in epoch 434: 1.2004
2026/09/03 21:55:16 - __main__ - INFO - 117 - trainer - Epoch: 435
2026/09/03 21:55:16 - __main__ - INFO - 162 - trainer - [0/257] Loss: 1.1754
2026/09/03 21:55:23 - __main__ - INFO - 162 - trainer - [52/257] Loss: 1.2059
2026/09/03 21:55:29 - __main__ - INFO - 162 - trainer - [104/257] Loss: 1.2058
2026/09/03 21:55:35 - __main__ - INFO - 162 - trainer - [156/257] Loss: 1.2105
2026/09/03 21:55:42 - __main__ - INFO - 162 - trainer - [208/257] Loss: 1.2141
2026/09/03 21:55:48 - __main__ - INFO - 167 - trainer - Average loss in epoch 435: 1.2013
2026/09/03 21:55:48 - __main__ - INFO - 117 - trainer - Epoch: 436
2026/09/03 21:55:48 - __main__ - INFO - 162 - trainer - [0/257] Loss: 1.1812
2026/09/03 21:55:54 - __main__ - INFO - 162 - trainer - [52/257] Loss: 1.2337
2026/09/03 21:56:01 - __main__ - INFO - 162 - trainer - [104/257] Loss: 1.1887
2026/09/03 21:56:07 - __main__ - INFO - 162 - trainer - [156/257] Loss: 1.2045
2026/09/03 21:56:13 - __main__ - INFO - 162 - trainer - [208/257] Loss: 1.1993
2026/09/03 21:56:19 - __main__ - INFO - 167 - trainer - Average loss in epoch 436: 1.2012
2026/09/03 21:56:19 - __main__ - INFO - 117 - trainer - Epoch: 437
2026/09/03 21:56:19 - __main__ - INFO - 162 - trainer - [0/257] Loss: 1.2152
2026/09/03 21:56:26 - __main__ - INFO - 162 - trainer - [52/257] Loss: 1.1786
2026/09/03 21:56:32 - __main__ - INFO - 162 - trainer - [104/257] Loss: 1.2091
2026/09/03 21:56:38 - __main__ - INFO - 162 - trainer - [156/257] Loss: 1.1774
2026/09/03 21:56:44 - __main__ - INFO - 162 - trainer - [208/257] Loss: 1.1930
2026/09/03 21:56:50 - __main__ - INFO - 167 - trainer - Average loss in epoch 437: 1.2015
2026/09/03 21:56:50 - __main__ - INFO - 117 - trainer - Epoch: 438
2026/09/03 21:56:51 - __main__ - INFO - 162 - trainer - [0/257] Loss: 1.2271
2026/09/03 21:56:57 - __main__ - INFO - 162 - trainer - [52/257] Loss: 1.1876
2026/09/03 21:57:03 - __main__ - INFO - 162 - trainer - [104/257] Loss: 1.1882
2026/09/03 21:57:09 - __main__ - INFO - 162 - trainer - [156/257] Loss: 1.1728
2026/09/03 21:57:16 - __main__ - INFO - 162 - trainer - [208/257] Loss: 1.1650
2026/09/03 21:57:21 - __main__ - INFO - 167 - trainer - Average loss in epoch 438: 1.2007
2026/09/03 21:57:21 - __main__ - INFO - 117 - trainer - Epoch: 439
2026/09/03 21:57:22 - __main__ - INFO - 162 - trainer - [0/257] Loss: 1.1948
2026/09/03 21:57:28 - __main__ - INFO - 162 - trainer - [52/257] Loss: 1.2100
2026/09/03 21:57:34 - __main__ - INFO - 162 - trainer - [104/257] Loss: 1.1930
2026/09/03 21:57:40 - __main__ - INFO - 162 - trainer - [156/257] Loss: 1.2206
2026/09/03 21:57:47 - __main__ - INFO - 162 - trainer - [208/257] Loss: 1.1947
2026/09/03 21:57:53 - __main__ - INFO - 167 - trainer - Average loss in epoch 439: 1.2012
2026/09/03 21:57:53 - __main__ - INFO - 117 - trainer - Epoch: 440
2026/09/03 21:57:53 - __main__ - INFO - 162 - trainer - [0/257] Loss: 1.2023
2026/09/03 21:57:59 - __main__ - INFO - 162 - trainer - [52/257] Loss: 1.1658
2026/09/03 21:58:06 - __main__ - INFO - 162 - trainer - [104/257] Loss: 1.1848
2026/09/03 21:58:12 - __main__ - INFO - 162 - trainer - [156/257] Loss: 1.1681
2026/09/03 21:58:18 - __main__ - INFO - 162 - trainer - [208/257] Loss: 1.1834
2026/09/03 21:58:24 - __main__ - INFO - 167 - trainer - Average loss in epoch 440: 1.2006
2026/09/03 21:58:24 - __main__ - INFO - 173 - trainer - start predicting: 2026-09-03 21:58:24.655463
2026/09/03 21:59:12 - __main__ - INFO - 117 - trainer - Epoch: 441
2026/09/03 21:59:12 - __main__ - INFO - 162 - trainer - [0/257] Loss: 1.1923
2026/09/03 21:59:19 - __main__ - INFO - 162 - trainer - [52/257] Loss: 1.2218
2026/09/03 21:59:25 - __main__ - INFO - 162 - trainer - [104/257] Loss: 1.1997
2026/09/03 21:59:32 - __main__ - INFO - 162 - trainer - [156/257] Loss: 1.2139
2026/09/03 21:59:38 - __main__ - INFO - 162 - trainer - [208/257] Loss: 1.1927
2026/09/03 21:59:44 - __main__ - INFO - 167 - trainer - Average loss in epoch 441: 1.2008
2026/09/03 21:59:44 - __main__ - INFO - 117 - trainer - Epoch: 442
2026/09/03 21:59:44 - __main__ - INFO - 162 - trainer - [0/257] Loss: 1.1984
2026/09/03 21:59:50 - __main__ - INFO - 162 - trainer - [52/257] Loss: 1.1952
2026/09/03 21:59:57 - __main__ - INFO - 162 - trainer - [104/257] Loss: 1.2036
2026/09/03 22:00:04 - __main__ - INFO - 162 - trainer - [156/257] Loss: 1.1683
2026/09/03 22:00:11 - __main__ - INFO - 162 - trainer - [208/257] Loss: 1.1873
2026/09/03 22:00:17 - __main__ - INFO - 167 - trainer - Average loss in epoch 442: 1.2004
2026/09/03 22:00:17 - __main__ - INFO - 117 - trainer - Epoch: 443
2026/09/03 22:00:17 - __main__ - INFO - 162 - trainer - [0/257] Loss: 1.2088
2026/09/03 22:00:24 - __main__ - INFO - 162 - trainer - [52/257] Loss: 1.2190
2026/09/03 22:00:30 - __main__ - INFO - 162 - trainer - [104/257] Loss: 1.2088
2026/09/03 22:00:37 - __main__ - INFO - 162 - trainer - [156/257] Loss: 1.2245
2026/09/03 22:00:43 - __main__ - INFO - 162 - trainer - [208/257] Loss: 1.2134
2026/09/03 22:00:50 - __main__ - INFO - 167 - trainer - Average loss in epoch 443: 1.2012
2026/09/03 22:00:50 - __main__ - INFO - 117 - trainer - Epoch: 444
2026/09/03 22:00:50 - __main__ - INFO - 162 - trainer - [0/257] Loss: 1.1812
2026/09/03 22:00:56 - __main__ - INFO - 162 - trainer - [52/257] Loss: 1.2143
2026/09/03 22:01:03 - __main__ - INFO - 162 - trainer - [104/257] Loss: 1.1763
2026/09/03 22:01:10 - __main__ - INFO - 162 - trainer - [156/257] Loss: 1.1591
2026/09/03 22:01:16 - __main__ - INFO - 162 - trainer - [208/257] Loss: 1.1933
2026/09/03 22:01:22 - __main__ - INFO - 167 - trainer - Average loss in epoch 444: 1.2004
2026/09/03 22:01:22 - __main__ - INFO - 117 - trainer - Epoch: 445
2026/09/03 22:01:22 - __main__ - INFO - 162 - trainer - [0/257] Loss: 1.2045
2026/09/03 22:01:28 - __main__ - INFO - 162 - trainer - [52/257] Loss: 1.2075
2026/09/03 22:01:35 - __main__ - INFO - 162 - trainer - [104/257] Loss: 1.2236
2026/09/03 22:01:41 - __main__ - INFO - 162 - trainer - [156/257] Loss: 1.1820
2026/09/03 22:01:47 - __main__ - INFO - 162 - trainer - [208/257] Loss: 1.2334
2026/09/03 22:01:53 - __main__ - INFO - 167 - trainer - Average loss in epoch 445: 1.2010
2026/09/03 22:01:53 - __main__ - INFO - 117 - trainer - Epoch: 446
2026/09/03 22:01:53 - __main__ - INFO - 162 - trainer - [0/257] Loss: 1.2100
2026/09/03 22:02:00 - __main__ - INFO - 162 - trainer - [52/257] Loss: 1.2121
2026/09/03 22:02:06 - __main__ - INFO - 162 - trainer - [104/257] Loss: 1.2323
2026/09/03 22:02:12 - __main__ - INFO - 162 - trainer - [156/257] Loss: 1.1999
2026/09/03 22:02:19 - __main__ - INFO - 162 - trainer - [208/257] Loss: 1.1727
2026/09/03 22:02:24 - __main__ - INFO - 167 - trainer - Average loss in epoch 446: 1.2009
2026/09/03 22:02:24 - __main__ - INFO - 117 - trainer - Epoch: 447
2026/09/03 22:02:24 - __main__ - INFO - 162 - trainer - [0/257] Loss: 1.2150
2026/09/03 22:02:31 - __main__ - INFO - 162 - trainer - [52/257] Loss: 1.1818
2026/09/03 22:02:37 - __main__ - INFO - 162 - trainer - [104/257] Loss: 1.2065
2026/09/03 22:02:44 - __main__ - INFO - 162 - trainer - [156/257] Loss: 1.2285
2026/09/03 22:02:50 - __main__ - INFO - 162 - trainer - [208/257] Loss: 1.1714
2026/09/03 22:02:57 - __main__ - INFO - 167 - trainer - Average loss in epoch 447: 1.2019
2026/09/03 22:02:57 - __main__ - INFO - 117 - trainer - Epoch: 448
2026/09/03 22:02:57 - __main__ - INFO - 162 - trainer - [0/257] Loss: 1.1877
2026/09/03 22:03:04 - __main__ - INFO - 162 - trainer - [52/257] Loss: 1.2260
2026/09/03 22:03:10 - __main__ - INFO - 162 - trainer - [104/257] Loss: 1.2026
2026/09/03 22:03:17 - __main__ - INFO - 162 - trainer - [156/257] Loss: 1.1687
2026/09/03 22:03:23 - __main__ - INFO - 162 - trainer - [208/257] Loss: 1.1717
2026/09/03 22:03:29 - __main__ - INFO - 167 - trainer - Average loss in epoch 448: 1.2015
2026/09/03 22:03:29 - __main__ - INFO - 117 - trainer - Epoch: 449
2026/09/03 22:03:29 - __main__ - INFO - 162 - trainer - [0/257] Loss: 1.1603
2026/09/03 22:03:36 - __main__ - INFO - 162 - trainer - [52/257] Loss: 1.1982
2026/09/03 22:03:42 - __main__ - INFO - 162 - trainer - [104/257] Loss: 1.2204
2026/09/03 22:03:48 - __main__ - INFO - 162 - trainer - [156/257] Loss: 1.2228
2026/09/03 22:03:55 - __main__ - INFO - 162 - trainer - [208/257] Loss: 1.2256
2026/09/03 22:04:01 - __main__ - INFO - 167 - trainer - Average loss in epoch 449: 1.2005
2026/09/03 22:04:01 - __main__ - INFO - 117 - trainer - Epoch: 450
2026/09/03 22:04:01 - __main__ - INFO - 162 - trainer - [0/257] Loss: 1.1902
2026/09/03 22:04:07 - __main__ - INFO - 162 - trainer - [52/257] Loss: 1.2076
2026/09/03 22:04:13 - __main__ - INFO - 162 - trainer - [104/257] Loss: 1.2024
2026/09/03 22:04:20 - __main__ - INFO - 162 - trainer - [156/257] Loss: 1.1652
2026/09/03 22:04:26 - __main__ - INFO - 162 - trainer - [208/257] Loss: 1.1970
2026/09/03 22:04:32 - __main__ - INFO - 167 - trainer - Average loss in epoch 450: 1.2009
2026/09/03 22:04:32 - __main__ - INFO - 117 - trainer - Epoch: 451
2026/09/03 22:04:32 - __main__ - INFO - 162 - trainer - [0/257] Loss: 1.1989
2026/09/03 22:04:38 - __main__ - INFO - 162 - trainer - [52/257] Loss: 1.2179
2026/09/03 22:04:45 - __main__ - INFO - 162 - trainer - [104/257] Loss: 1.2233
2026/09/03 22:04:51 - __main__ - INFO - 162 - trainer - [156/257] Loss: 1.2240
2026/09/03 22:04:57 - __main__ - INFO - 162 - trainer - [208/257] Loss: 1.1867
2026/09/03 22:05:03 - __main__ - INFO - 167 - trainer - Average loss in epoch 451: 1.2008
2026/09/03 22:05:03 - __main__ - INFO - 117 - trainer - Epoch: 452
2026/09/03 22:05:03 - __main__ - INFO - 162 - trainer - [0/257] Loss: 1.1950
2026/09/03 22:05:09 - __main__ - INFO - 162 - trainer - [52/257] Loss: 1.2034
2026/09/03 22:05:16 - __main__ - INFO - 162 - trainer - [104/257] Loss: 1.2014
2026/09/03 22:05:22 - __main__ - INFO - 162 - trainer - [156/257] Loss: 1.1669
2026/09/03 22:05:28 - __main__ - INFO - 162 - trainer - [208/257] Loss: 1.2263
2026/09/03 22:05:34 - __main__ - INFO - 167 - trainer - Average loss in epoch 452: 1.2001
2026/09/03 22:05:34 - __main__ - INFO - 117 - trainer - Epoch: 453
2026/09/03 22:05:34 - __main__ - INFO - 162 - trainer - [0/257] Loss: 1.1980
2026/09/03 22:05:41 - __main__ - INFO - 162 - trainer - [52/257] Loss: 1.2203
2026/09/03 22:05:47 - __main__ - INFO - 162 - trainer - [104/257] Loss: 1.2178
2026/09/03 22:05:53 - __main__ - INFO - 162 - trainer - [156/257] Loss: 1.1870
2026/09/03 22:06:00 - __main__ - INFO - 162 - trainer - [208/257] Loss: 1.2010
2026/09/03 22:06:05 - __main__ - INFO - 167 - trainer - Average loss in epoch 453: 1.2007
2026/09/03 22:06:05 - __main__ - INFO - 117 - trainer - Epoch: 454
2026/09/03 22:06:06 - __main__ - INFO - 162 - trainer - [0/257] Loss: 1.2204
2026/09/03 22:06:12 - __main__ - INFO - 162 - trainer - [52/257] Loss: 1.1877
2026/09/03 22:06:18 - __main__ - INFO - 162 - trainer - [104/257] Loss: 1.1850
2026/09/03 22:06:24 - __main__ - INFO - 162 - trainer - [156/257] Loss: 1.1996
2026/09/03 22:06:31 - __main__ - INFO - 162 - trainer - [208/257] Loss: 1.2323
2026/09/03 22:06:37 - __main__ - INFO - 167 - trainer - Average loss in epoch 454: 1.2006
2026/09/03 22:06:37 - __main__ - INFO - 117 - trainer - Epoch: 455
2026/09/03 22:06:37 - __main__ - INFO - 162 - trainer - [0/257] Loss: 1.2184
2026/09/03 22:06:43 - __main__ - INFO - 162 - trainer - [52/257] Loss: 1.2113
2026/09/03 22:06:49 - __main__ - INFO - 162 - trainer - [104/257] Loss: 1.2079
2026/09/03 22:06:56 - __main__ - INFO - 162 - trainer - [156/257] Loss: 1.2000
2026/09/03 22:07:02 - __main__ - INFO - 162 - trainer - [208/257] Loss: 1.1981
2026/09/03 22:07:08 - __main__ - INFO - 167 - trainer - Average loss in epoch 455: 1.2007
2026/09/03 22:07:08 - __main__ - INFO - 117 - trainer - Epoch: 456
2026/09/03 22:07:08 - __main__ - INFO - 162 - trainer - [0/257] Loss: 1.2021
2026/09/03 22:07:14 - __main__ - INFO - 162 - trainer - [52/257] Loss: 1.2127
2026/09/03 22:07:21 - __main__ - INFO - 162 - trainer - [104/257] Loss: 1.1727
2026/09/03 22:07:27 - __main__ - INFO - 162 - trainer - [156/257] Loss: 1.2064
2026/09/03 22:07:33 - __main__ - INFO - 162 - trainer - [208/257] Loss: 1.2081
2026/09/03 22:07:39 - __main__ - INFO - 167 - trainer - Average loss in epoch 456: 1.2012
2026/09/03 22:07:39 - __main__ - INFO - 117 - trainer - Epoch: 457
2026/09/03 22:07:39 - __main__ - INFO - 162 - trainer - [0/257] Loss: 1.2296
2026/09/03 22:07:45 - __main__ - INFO - 162 - trainer - [52/257] Loss: 1.2065
2026/09/03 22:07:52 - __main__ - INFO - 162 - trainer - [104/257] Loss: 1.1879
2026/09/03 22:07:58 - __main__ - INFO - 162 - trainer - [156/257] Loss: 1.1768
2026/09/03 22:08:04 - __main__ - INFO - 162 - trainer - [208/257] Loss: 1.1988
2026/09/03 22:08:10 - __main__ - INFO - 167 - trainer - Average loss in epoch 457: 1.2006
2026/09/03 22:08:10 - __main__ - INFO - 117 - trainer - Epoch: 458
2026/09/03 22:08:10 - __main__ - INFO - 162 - trainer - [0/257] Loss: 1.1633
2026/09/03 22:08:16 - __main__ - INFO - 162 - trainer - [52/257] Loss: 1.2212
2026/09/03 22:08:23 - __main__ - INFO - 162 - trainer - [104/257] Loss: 1.2122
2026/09/03 22:08:29 - __main__ - INFO - 162 - trainer - [156/257] Loss: 1.1879
2026/09/03 22:08:35 - __main__ - INFO - 162 - trainer - [208/257] Loss: 1.2053
2026/09/03 22:08:41 - __main__ - INFO - 167 - trainer - Average loss in epoch 458: 1.2005
2026/09/03 22:08:41 - __main__ - INFO - 117 - trainer - Epoch: 459
2026/09/03 22:08:41 - __main__ - INFO - 162 - trainer - [0/257] Loss: 1.2012
2026/09/03 22:08:48 - __main__ - INFO - 162 - trainer - [52/257] Loss: 1.1862
2026/09/03 22:08:54 - __main__ - INFO - 162 - trainer - [104/257] Loss: 1.1981
2026/09/03 22:09:00 - __main__ - INFO - 162 - trainer - [156/257] Loss: 1.2043
2026/09/03 22:09:07 - __main__ - INFO - 162 - trainer - [208/257] Loss: 1.1975
2026/09/03 22:09:12 - __main__ - INFO - 167 - trainer - Average loss in epoch 459: 1.2001
2026/09/03 22:09:12 - __main__ - INFO - 117 - trainer - Epoch: 460
2026/09/03 22:09:13 - __main__ - INFO - 162 - trainer - [0/257] Loss: 1.2206
2026/09/03 22:09:19 - __main__ - INFO - 162 - trainer - [52/257] Loss: 1.2131
2026/09/03 22:09:25 - __main__ - INFO - 162 - trainer - [104/257] Loss: 1.1746
2026/09/03 22:09:31 - __main__ - INFO - 162 - trainer - [156/257] Loss: 1.1846
2026/09/03 22:09:38 - __main__ - INFO - 162 - trainer - [208/257] Loss: 1.1791
2026/09/03 22:09:43 - __main__ - INFO - 167 - trainer - Average loss in epoch 460: 1.2009
2026/09/03 22:09:43 - __main__ - INFO - 173 - trainer - start predicting: 2026-09-03 22:09:43.921522
2026/09/03 22:10:31 - __main__ - INFO - 203 - trainer - {'Best_HR@5': np.float64(7.776), 'Best_HR@10': np.float64(10.8266), 'Best_HR@20': np.float64(14.7784), 'Best_NDCG@5': np.float64(5.3686), 'Best_NDCG@10': np.float64(6.332), 'Best_NDCG@20': np.float64(7.3346)}
2026/09/03 22:10:31 - __main__ - INFO - 204 - trainer - {'Best_epoch_HR@5': 380, 'Best_epoch_HR@10': 120, 'Best_epoch_HR@20': 120, 'Best_epoch_NDCG@5': 280, 'Best_epoch_NDCG@10': 120, 'Best_epoch_NDCG@20': 460}
2026/09/03 22:10:31 - __main__ - INFO - 117 - trainer - Epoch: 461
2026/09/03 22:10:31 - __main__ - INFO - 162 - trainer - [0/257] Loss: 1.1634
2026/09/03 22:10:38 - __main__ - INFO - 162 - trainer - [52/257] Loss: 1.1833
2026/09/03 22:10:44 - __main__ - INFO - 162 - trainer - [104/257] Loss: 1.1938
2026/09/03 22:10:50 - __main__ - INFO - 162 - trainer - [156/257] Loss: 1.2238
2026/09/03 22:10:57 - __main__ - INFO - 162 - trainer - [208/257] Loss: 1.1568
2026/09/03 22:11:02 - __main__ - INFO - 167 - trainer - Average loss in epoch 461: 1.2020
2026/09/03 22:11:02 - __main__ - INFO - 117 - trainer - Epoch: 462
2026/09/03 22:11:02 - __main__ - INFO - 162 - trainer - [0/257] Loss: 1.2136
2026/09/03 22:11:09 - __main__ - INFO - 162 - trainer - [52/257] Loss: 1.2019
2026/09/03 22:11:15 - __main__ - INFO - 162 - trainer - [104/257] Loss: 1.2281
2026/09/03 22:11:22 - __main__ - INFO - 162 - trainer - [156/257] Loss: 1.1840
2026/09/03 22:11:28 - __main__ - INFO - 162 - trainer - [208/257] Loss: 1.1752
2026/09/03 22:11:34 - __main__ - INFO - 167 - trainer - Average loss in epoch 462: 1.2004
2026/09/03 22:11:34 - __main__ - INFO - 117 - trainer - Epoch: 463
2026/09/03 22:11:34 - __main__ - INFO - 162 - trainer - [0/257] Loss: 1.2131
2026/09/03 22:11:41 - __main__ - INFO - 162 - trainer - [52/257] Loss: 1.1857
2026/09/03 22:11:47 - __main__ - INFO - 162 - trainer - [104/257] Loss: 1.2084
2026/09/03 22:11:53 - __main__ - INFO - 162 - trainer - [156/257] Loss: 1.2025
2026/09/03 22:12:01 - __main__ - INFO - 162 - trainer - [208/257] Loss: 1.1853
2026/09/03 22:12:07 - __main__ - INFO - 167 - trainer - Average loss in epoch 463: 1.2013
2026/09/03 22:12:07 - __main__ - INFO - 117 - trainer - Epoch: 464
2026/09/03 22:12:07 - __main__ - INFO - 162 - trainer - [0/257] Loss: 1.2002
2026/09/03 22:12:13 - __main__ - INFO - 162 - trainer - [52/257] Loss: 1.2149
2026/09/03 22:12:20 - __main__ - INFO - 162 - trainer - [104/257] Loss: 1.1595
2026/09/03 22:12:26 - __main__ - INFO - 162 - trainer - [156/257] Loss: 1.2390
2026/09/03 22:12:32 - __main__ - INFO - 162 - trainer - [208/257] Loss: 1.1864
2026/09/03 22:12:38 - __main__ - INFO - 167 - trainer - Average loss in epoch 464: 1.2016
2026/09/03 22:12:38 - __main__ - INFO - 117 - trainer - Epoch: 465
2026/09/03 22:12:38 - __main__ - INFO - 162 - trainer - [0/257] Loss: 1.2053
2026/09/03 22:12:44 - __main__ - INFO - 162 - trainer - [52/257] Loss: 1.2231
2026/09/03 22:12:51 - __main__ - INFO - 162 - trainer - [104/257] Loss: 1.1876
2026/09/03 22:12:57 - __main__ - INFO - 162 - trainer - [156/257] Loss: 1.1729
2026/09/03 22:13:03 - __main__ - INFO - 162 - trainer - [208/257] Loss: 1.1834
2026/09/03 22:13:09 - __main__ - INFO - 167 - trainer - Average loss in epoch 465: 1.2001
2026/09/03 22:13:09 - __main__ - INFO - 117 - trainer - Epoch: 466
2026/09/03 22:13:09 - __main__ - INFO - 162 - trainer - [0/257] Loss: 1.2090
2026/09/03 22:13:16 - __main__ - INFO - 162 - trainer - [52/257] Loss: 1.1923
2026/09/03 22:13:22 - __main__ - INFO - 162 - trainer - [104/257] Loss: 1.2217
2026/09/03 22:13:28 - __main__ - INFO - 162 - trainer - [156/257] Loss: 1.2321
2026/09/03 22:13:35 - __main__ - INFO - 162 - trainer - [208/257] Loss: 1.1904
2026/09/03 22:13:40 - __main__ - INFO - 167 - trainer - Average loss in epoch 466: 1.2018
2026/09/03 22:13:40 - __main__ - INFO - 117 - trainer - Epoch: 467
2026/09/03 22:13:40 - __main__ - INFO - 162 - trainer - [0/257] Loss: 1.2220
2026/09/03 22:13:47 - __main__ - INFO - 162 - trainer - [52/257] Loss: 1.1706
2026/09/03 22:13:53 - __main__ - INFO - 162 - trainer - [104/257] Loss: 1.2091
2026/09/03 22:14:00 - __main__ - INFO - 162 - trainer - [156/257] Loss: 1.2157
2026/09/03 22:14:06 - __main__ - INFO - 162 - trainer - [208/257] Loss: 1.1769
2026/09/03 22:14:12 - __main__ - INFO - 167 - trainer - Average loss in epoch 467: 1.2008
2026/09/03 22:14:12 - __main__ - INFO - 117 - trainer - Epoch: 468
2026/09/03 22:14:12 - __main__ - INFO - 162 - trainer - [0/257] Loss: 1.1881
2026/09/03 22:14:18 - __main__ - INFO - 162 - trainer - [52/257] Loss: 1.2181
2026/09/03 22:14:25 - __main__ - INFO - 162 - trainer - [104/257] Loss: 1.1905
2026/09/03 22:14:31 - __main__ - INFO - 162 - trainer - [156/257] Loss: 1.1923
2026/09/03 22:14:37 - __main__ - INFO - 162 - trainer - [208/257] Loss: 1.1893
2026/09/03 22:14:43 - __main__ - INFO - 167 - trainer - Average loss in epoch 468: 1.2020
2026/09/03 22:14:43 - __main__ - INFO - 117 - trainer - Epoch: 469
2026/09/03 22:14:43 - __main__ - INFO - 162 - trainer - [0/257] Loss: 1.2138
2026/09/03 22:14:50 - __main__ - INFO - 162 - trainer - [52/257] Loss: 1.2151
2026/09/03 22:14:56 - __main__ - INFO - 162 - trainer - [104/257] Loss: 1.2113
2026/09/03 22:15:02 - __main__ - INFO - 162 - trainer - [156/257] Loss: 1.1848
2026/09/03 22:15:09 - __main__ - INFO - 162 - trainer - [208/257] Loss: 1.1669
2026/09/03 22:15:15 - __main__ - INFO - 167 - trainer - Average loss in epoch 469: 1.2013
2026/09/03 22:15:15 - __main__ - INFO - 117 - trainer - Epoch: 470
2026/09/03 22:15:15 - __main__ - INFO - 162 - trainer - [0/257] Loss: 1.2174
2026/09/03 22:15:21 - __main__ - INFO - 162 - trainer - [52/257] Loss: 1.2017
2026/09/03 22:15:27 - __main__ - INFO - 162 - trainer - [104/257] Loss: 1.2013
2026/09/03 22:15:34 - __main__ - INFO - 162 - trainer - [156/257] Loss: 1.2262
2026/09/03 22:15:40 - __main__ - INFO - 162 - trainer - [208/257] Loss: 1.1829
2026/09/03 22:15:46 - __main__ - INFO - 167 - trainer - Average loss in epoch 470: 1.2000
2026/09/03 22:15:46 - __main__ - INFO - 117 - trainer - Epoch: 471
2026/09/03 22:15:46 - __main__ - INFO - 162 - trainer - [0/257] Loss: 1.2057
2026/09/03 22:15:52 - __main__ - INFO - 162 - trainer - [52/257] Loss: 1.1914
2026/09/03 22:15:59 - __main__ - INFO - 162 - trainer - [104/257] Loss: 1.2034
2026/09/03 22:16:05 - __main__ - INFO - 162 - trainer - [156/257] Loss: 1.2053
2026/09/03 22:16:11 - __main__ - INFO - 162 - trainer - [208/257] Loss: 1.2373
2026/09/03 22:16:17 - __main__ - INFO - 167 - trainer - Average loss in epoch 471: 1.2010
2026/09/03 22:16:17 - __main__ - INFO - 117 - trainer - Epoch: 472
2026/09/03 22:16:18 - __main__ - INFO - 162 - trainer - [0/257] Loss: 1.1936
2026/09/03 22:16:24 - __main__ - INFO - 162 - trainer - [52/257] Loss: 1.1845
2026/09/03 22:16:30 - __main__ - INFO - 162 - trainer - [104/257] Loss: 1.1778
2026/09/03 22:16:37 - __main__ - INFO - 162 - trainer - [156/257] Loss: 1.2007
2026/09/03 22:16:43 - __main__ - INFO - 162 - trainer - [208/257] Loss: 1.2044
2026/09/03 22:16:49 - __main__ - INFO - 167 - trainer - Average loss in epoch 472: 1.2009
2026/09/03 22:16:49 - __main__ - INFO - 117 - trainer - Epoch: 473
2026/09/03 22:16:49 - __main__ - INFO - 162 - trainer - [0/257] Loss: 1.1873
2026/09/03 22:16:55 - __main__ - INFO - 162 - trainer - [52/257] Loss: 1.1849
2026/09/03 22:17:01 - __main__ - INFO - 162 - trainer - [104/257] Loss: 1.1695
2026/09/03 22:17:08 - __main__ - INFO - 162 - trainer - [156/257] Loss: 1.1749
2026/09/03 22:17:14 - __main__ - INFO - 162 - trainer - [208/257] Loss: 1.2015
2026/09/03 22:17:20 - __main__ - INFO - 167 - trainer - Average loss in epoch 473: 1.2002
2026/09/03 22:17:20 - __main__ - INFO - 117 - trainer - Epoch: 474
2026/09/03 22:17:20 - __main__ - INFO - 162 - trainer - [0/257] Loss: 1.2065
2026/09/03 22:17:27 - __main__ - INFO - 162 - trainer - [52/257] Loss: 1.1748
2026/09/03 22:17:34 - __main__ - INFO - 162 - trainer - [104/257] Loss: 1.2367
2026/09/03 22:17:40 - __main__ - INFO - 162 - trainer - [156/257] Loss: 1.2184
2026/09/03 22:17:46 - __main__ - INFO - 162 - trainer - [208/257] Loss: 1.2259
2026/09/03 22:17:52 - __main__ - INFO - 167 - trainer - Average loss in epoch 474: 1.1999
2026/09/03 22:17:52 - __main__ - INFO - 117 - trainer - Epoch: 475
2026/09/03 22:17:52 - __main__ - INFO - 162 - trainer - [0/257] Loss: 1.2283
2026/09/03 22:17:59 - __main__ - INFO - 162 - trainer - [52/257] Loss: 1.2213
2026/09/03 22:18:05 - __main__ - INFO - 162 - trainer - [104/257] Loss: 1.1812
2026/09/03 22:18:11 - __main__ - INFO - 162 - trainer - [156/257] Loss: 1.2108
2026/09/03 22:18:18 - __main__ - INFO - 162 - trainer - [208/257] Loss: 1.2448
2026/09/03 22:18:24 - __main__ - INFO - 167 - trainer - Average loss in epoch 475: 1.2004
2026/09/03 22:18:24 - __main__ - INFO - 117 - trainer - Epoch: 476
2026/09/03 22:18:24 - __main__ - INFO - 162 - trainer - [0/257] Loss: 1.2003
2026/09/03 22:18:30 - __main__ - INFO - 162 - trainer - [52/257] Loss: 1.1941
2026/09/03 22:18:36 - __main__ - INFO - 162 - trainer - [104/257] Loss: 1.2013
2026/09/03 22:18:43 - __main__ - INFO - 162 - trainer - [156/257] Loss: 1.2163
2026/09/03 22:18:49 - __main__ - INFO - 162 - trainer - [208/257] Loss: 1.2154
2026/09/03 22:18:55 - __main__ - INFO - 167 - trainer - Average loss in epoch 476: 1.2013
2026/09/03 22:18:55 - __main__ - INFO - 117 - trainer - Epoch: 477
2026/09/03 22:18:55 - __main__ - INFO - 162 - trainer - [0/257] Loss: 1.2052
2026/09/03 22:19:01 - __main__ - INFO - 162 - trainer - [52/257] Loss: 1.2189
2026/09/03 22:19:08 - __main__ - INFO - 162 - trainer - [104/257] Loss: 1.2124
2026/09/03 22:19:14 - __main__ - INFO - 162 - trainer - [156/257] Loss: 1.1944
2026/09/03 22:19:21 - __main__ - INFO - 162 - trainer - [208/257] Loss: 1.1565
2026/09/03 22:19:27 - __main__ - INFO - 167 - trainer - Average loss in epoch 477: 1.2026
2026/09/03 22:19:27 - __main__ - INFO - 117 - trainer - Epoch: 478
2026/09/03 22:19:27 - __main__ - INFO - 162 - trainer - [0/257] Loss: 1.2017
2026/09/03 22:19:33 - __main__ - INFO - 162 - trainer - [52/257] Loss: 1.1855
2026/09/03 22:19:39 - __main__ - INFO - 162 - trainer - [104/257] Loss: 1.2052
2026/09/03 22:19:46 - __main__ - INFO - 162 - trainer - [156/257] Loss: 1.2105
2026/09/03 22:19:52 - __main__ - INFO - 162 - trainer - [208/257] Loss: 1.1988
2026/09/03 22:19:58 - __main__ - INFO - 167 - trainer - Average loss in epoch 478: 1.2014
2026/09/03 22:19:58 - __main__ - INFO - 117 - trainer - Epoch: 479
2026/09/03 22:19:58 - __main__ - INFO - 162 - trainer - [0/257] Loss: 1.1992
2026/09/03 22:20:05 - __main__ - INFO - 162 - trainer - [52/257] Loss: 1.1881
2026/09/03 22:20:11 - __main__ - INFO - 162 - trainer - [104/257] Loss: 1.1893
2026/09/03 22:20:17 - __main__ - INFO - 162 - trainer - [156/257] Loss: 1.2015
2026/09/03 22:20:24 - __main__ - INFO - 162 - trainer - [208/257] Loss: 1.1874
2026/09/03 22:20:30 - __main__ - INFO - 167 - trainer - Average loss in epoch 479: 1.2004
2026/09/03 22:20:30 - __main__ - INFO - 117 - trainer - Epoch: 480
2026/09/03 22:20:30 - __main__ - INFO - 162 - trainer - [0/257] Loss: 1.2522
2026/09/03 22:20:36 - __main__ - INFO - 162 - trainer - [52/257] Loss: 1.1806
2026/09/03 22:20:42 - __main__ - INFO - 162 - trainer - [104/257] Loss: 1.2310
2026/09/03 22:20:49 - __main__ - INFO - 162 - trainer - [156/257] Loss: 1.1487
2026/09/03 22:20:55 - __main__ - INFO - 162 - trainer - [208/257] Loss: 1.2136
2026/09/03 22:21:02 - __main__ - INFO - 167 - trainer - Average loss in epoch 480: 1.2007
2026/09/03 22:21:02 - __main__ - INFO - 173 - trainer - start predicting: 2026-09-03 22:21:02.322788
2026/09/03 22:21:50 - __main__ - INFO - 117 - trainer - Epoch: 481
2026/09/03 22:21:50 - __main__ - INFO - 162 - trainer - [0/257] Loss: 1.1635
2026/09/03 22:21:56 - __main__ - INFO - 162 - trainer - [52/257] Loss: 1.1966
2026/09/03 22:22:02 - __main__ - INFO - 162 - trainer - [104/257] Loss: 1.1988
2026/09/03 22:22:09 - __main__ - INFO - 162 - trainer - [156/257] Loss: 1.1781
2026/09/03 22:22:15 - __main__ - INFO - 162 - trainer - [208/257] Loss: 1.1906
2026/09/03 22:22:21 - __main__ - INFO - 167 - trainer - Average loss in epoch 481: 1.2010
2026/09/03 22:22:21 - __main__ - INFO - 117 - trainer - Epoch: 482
2026/09/03 22:22:21 - __main__ - INFO - 162 - trainer - [0/257] Loss: 1.2157
2026/09/03 22:22:27 - __main__ - INFO - 162 - trainer - [52/257] Loss: 1.2013
2026/09/03 22:22:34 - __main__ - INFO - 162 - trainer - [104/257] Loss: 1.1975
2026/09/03 22:22:40 - __main__ - INFO - 162 - trainer - [156/257] Loss: 1.2176
2026/09/03 22:22:46 - __main__ - INFO - 162 - trainer - [208/257] Loss: 1.1828
2026/09/03 22:22:52 - __main__ - INFO - 167 - trainer - Average loss in epoch 482: 1.2026
2026/09/03 22:22:52 - __main__ - INFO - 117 - trainer - Epoch: 483
2026/09/03 22:22:52 - __main__ - INFO - 162 - trainer - [0/257] Loss: 1.2100
2026/09/03 22:22:58 - __main__ - INFO - 162 - trainer - [52/257] Loss: 1.1885
2026/09/03 22:23:05 - __main__ - INFO - 162 - trainer - [104/257] Loss: 1.2313
2026/09/03 22:23:11 - __main__ - INFO - 162 - trainer - [156/257] Loss: 1.1657
2026/09/03 22:23:17 - __main__ - INFO - 162 - trainer - [208/257] Loss: 1.1984
2026/09/03 22:23:23 - __main__ - INFO - 167 - trainer - Average loss in epoch 483: 1.2011
2026/09/03 22:23:23 - __main__ - INFO - 117 - trainer - Epoch: 484
2026/09/03 22:23:23 - __main__ - INFO - 162 - trainer - [0/257] Loss: 1.1894
2026/09/03 22:23:30 - __main__ - INFO - 162 - trainer - [52/257] Loss: 1.1945
2026/09/03 22:23:36 - __main__ - INFO - 162 - trainer - [104/257] Loss: 1.2155
2026/09/03 22:23:43 - __main__ - INFO - 162 - trainer - [156/257] Loss: 1.2304
2026/09/03 22:23:49 - __main__ - INFO - 162 - trainer - [208/257] Loss: 1.2237
2026/09/03 22:23:55 - __main__ - INFO - 167 - trainer - Average loss in epoch 484: 1.2009
2026/09/03 22:23:55 - __main__ - INFO - 117 - trainer - Epoch: 485
2026/09/03 22:23:55 - __main__ - INFO - 162 - trainer - [0/257] Loss: 1.2020
2026/09/03 22:24:01 - __main__ - INFO - 162 - trainer - [52/257] Loss: 1.2137
2026/09/03 22:24:07 - __main__ - INFO - 162 - trainer - [104/257] Loss: 1.2006
2026/09/03 22:24:14 - __main__ - INFO - 162 - trainer - [156/257] Loss: 1.1949
2026/09/03 22:24:20 - __main__ - INFO - 162 - trainer - [208/257] Loss: 1.1820
2026/09/03 22:24:26 - __main__ - INFO - 167 - trainer - Average loss in epoch 485: 1.2015
2026/09/03 22:24:26 - __main__ - INFO - 117 - trainer - Epoch: 486
2026/09/03 22:24:26 - __main__ - INFO - 162 - trainer - [0/257] Loss: 1.2176
2026/09/03 22:24:32 - __main__ - INFO - 162 - trainer - [52/257] Loss: 1.2123
2026/09/03 22:24:39 - __main__ - INFO - 162 - trainer - [104/257] Loss: 1.1810
2026/09/03 22:24:45 - __main__ - INFO - 162 - trainer - [156/257] Loss: 1.1817
2026/09/03 22:24:51 - __main__ - INFO - 162 - trainer - [208/257] Loss: 1.1737
2026/09/03 22:24:57 - __main__ - INFO - 167 - trainer - Average loss in epoch 486: 1.2008
2026/09/03 22:24:57 - __main__ - INFO - 117 - trainer - Epoch: 487
2026/09/03 22:24:57 - __main__ - INFO - 162 - trainer - [0/257] Loss: 1.1674
2026/09/03 22:25:04 - __main__ - INFO - 162 - trainer - [52/257] Loss: 1.1576
2026/09/03 22:25:10 - __main__ - INFO - 162 - trainer - [104/257] Loss: 1.1928
2026/09/03 22:25:16 - __main__ - INFO - 162 - trainer - [156/257] Loss: 1.2060
2026/09/03 22:25:23 - __main__ - INFO - 162 - trainer - [208/257] Loss: 1.1990
2026/09/03 22:25:28 - __main__ - INFO - 167 - trainer - Average loss in epoch 487: 1.2008
2026/09/03 22:25:28 - __main__ - INFO - 117 - trainer - Epoch: 488
2026/09/03 22:25:29 - __main__ - INFO - 162 - trainer - [0/257] Loss: 1.1963
2026/09/03 22:25:35 - __main__ - INFO - 162 - trainer - [52/257] Loss: 1.1838
2026/09/03 22:25:41 - __main__ - INFO - 162 - trainer - [104/257] Loss: 1.1741
2026/09/03 22:25:48 - __main__ - INFO - 162 - trainer - [156/257] Loss: 1.1692
2026/09/03 22:25:54 - __main__ - INFO - 162 - trainer - [208/257] Loss: 1.2251
2026/09/03 22:26:00 - __main__ - INFO - 167 - trainer - Average loss in epoch 488: 1.2011
2026/09/03 22:26:00 - __main__ - INFO - 117 - trainer - Epoch: 489
2026/09/03 22:26:00 - __main__ - INFO - 162 - trainer - [0/257] Loss: 1.1467
2026/09/03 22:26:06 - __main__ - INFO - 162 - trainer - [52/257] Loss: 1.2472
2026/09/03 22:26:13 - __main__ - INFO - 162 - trainer - [104/257] Loss: 1.2355
2026/09/03 22:26:19 - __main__ - INFO - 162 - trainer - [156/257] Loss: 1.2101
2026/09/03 22:26:26 - __main__ - INFO - 162 - trainer - [208/257] Loss: 1.1809
2026/09/03 22:26:32 - __main__ - INFO - 167 - trainer - Average loss in epoch 489: 1.2001
2026/09/03 22:26:32 - __main__ - INFO - 117 - trainer - Epoch: 490
2026/09/03 22:26:32 - __main__ - INFO - 162 - trainer - [0/257] Loss: 1.1831
2026/09/03 22:26:38 - __main__ - INFO - 162 - trainer - [52/257] Loss: 1.1747
2026/09/03 22:26:45 - __main__ - INFO - 162 - trainer - [104/257] Loss: 1.1938
2026/09/03 22:26:51 - __main__ - INFO - 162 - trainer - [156/257] Loss: 1.1738
2026/09/03 22:26:57 - __main__ - INFO - 162 - trainer - [208/257] Loss: 1.2301
2026/09/03 22:27:03 - __main__ - INFO - 167 - trainer - Average loss in epoch 490: 1.2010
2026/09/03 22:27:03 - __main__ - INFO - 117 - trainer - Epoch: 491
2026/09/03 22:27:03 - __main__ - INFO - 162 - trainer - [0/257] Loss: 1.1907
2026/09/03 22:27:10 - __main__ - INFO - 162 - trainer - [52/257] Loss: 1.1720
2026/09/03 22:27:16 - __main__ - INFO - 162 - trainer - [104/257] Loss: 1.1885
2026/09/03 22:27:22 - __main__ - INFO - 162 - trainer - [156/257] Loss: 1.2296
2026/09/03 22:27:28 - __main__ - INFO - 162 - trainer - [208/257] Loss: 1.2047
2026/09/03 22:27:34 - __main__ - INFO - 167 - trainer - Average loss in epoch 491: 1.2000
2026/09/03 22:27:34 - __main__ - INFO - 117 - trainer - Epoch: 492
2026/09/03 22:27:34 - __main__ - INFO - 162 - trainer - [0/257] Loss: 1.1934
2026/09/03 22:27:41 - __main__ - INFO - 162 - trainer - [52/257] Loss: 1.2026
2026/09/03 22:27:47 - __main__ - INFO - 162 - trainer - [104/257] Loss: 1.2106
2026/09/03 22:27:53 - __main__ - INFO - 162 - trainer - [156/257] Loss: 1.1927
2026/09/03 22:28:00 - __main__ - INFO - 162 - trainer - [208/257] Loss: 1.2429
2026/09/03 22:28:05 - __main__ - INFO - 167 - trainer - Average loss in epoch 492: 1.2010
2026/09/03 22:28:05 - __main__ - INFO - 117 - trainer - Epoch: 493
2026/09/03 22:28:05 - __main__ - INFO - 162 - trainer - [0/257] Loss: 1.1766
2026/09/03 22:28:12 - __main__ - INFO - 162 - trainer - [52/257] Loss: 1.1874
2026/09/03 22:28:18 - __main__ - INFO - 162 - trainer - [104/257] Loss: 1.1766
2026/09/03 22:28:24 - __main__ - INFO - 162 - trainer - [156/257] Loss: 1.2223
2026/09/03 22:28:31 - __main__ - INFO - 162 - trainer - [208/257] Loss: 1.2376
2026/09/03 22:28:37 - __main__ - INFO - 167 - trainer - Average loss in epoch 493: 1.2010
2026/09/03 22:28:37 - __main__ - INFO - 117 - trainer - Epoch: 494
2026/09/03 22:28:37 - __main__ - INFO - 162 - trainer - [0/257] Loss: 1.2056
2026/09/03 22:28:43 - __main__ - INFO - 162 - trainer - [52/257] Loss: 1.2254
2026/09/03 22:28:49 - __main__ - INFO - 162 - trainer - [104/257] Loss: 1.2252
2026/09/03 22:28:56 - __main__ - INFO - 162 - trainer - [156/257] Loss: 1.1797
2026/09/03 22:29:02 - __main__ - INFO - 162 - trainer - [208/257] Loss: 1.2213
2026/09/03 22:29:08 - __main__ - INFO - 167 - trainer - Average loss in epoch 494: 1.2012
2026/09/03 22:29:08 - __main__ - INFO - 117 - trainer - Epoch: 495
2026/09/03 22:29:08 - __main__ - INFO - 162 - trainer - [0/257] Loss: 1.1981
2026/09/03 22:29:15 - __main__ - INFO - 162 - trainer - [52/257] Loss: 1.1917
2026/09/03 22:29:21 - __main__ - INFO - 162 - trainer - [104/257] Loss: 1.2149
2026/09/03 22:29:28 - __main__ - INFO - 162 - trainer - [156/257] Loss: 1.2172
2026/09/03 22:29:34 - __main__ - INFO - 162 - trainer - [208/257] Loss: 1.1911
2026/09/03 22:29:40 - __main__ - INFO - 167 - trainer - Average loss in epoch 495: 1.2010
2026/09/03 22:29:40 - __main__ - INFO - 117 - trainer - Epoch: 496
2026/09/03 22:29:40 - __main__ - INFO - 162 - trainer - [0/257] Loss: 1.1941
2026/09/03 22:29:46 - __main__ - INFO - 162 - trainer - [52/257] Loss: 1.2015
2026/09/03 22:29:52 - __main__ - INFO - 162 - trainer - [104/257] Loss: 1.2083
2026/09/03 22:29:59 - __main__ - INFO - 162 - trainer - [156/257] Loss: 1.2017
2026/09/03 22:30:05 - __main__ - INFO - 162 - trainer - [208/257] Loss: 1.1770
2026/09/03 22:30:11 - __main__ - INFO - 167 - trainer - Average loss in epoch 496: 1.2001
2026/09/03 22:30:11 - __main__ - INFO - 117 - trainer - Epoch: 497
2026/09/03 22:30:11 - __main__ - INFO - 162 - trainer - [0/257] Loss: 1.2317
2026/09/03 22:30:17 - __main__ - INFO - 162 - trainer - [52/257] Loss: 1.2018
2026/09/03 22:30:24 - __main__ - INFO - 162 - trainer - [104/257] Loss: 1.1937
2026/09/03 22:30:30 - __main__ - INFO - 162 - trainer - [156/257] Loss: 1.1814
2026/09/03 22:30:36 - __main__ - INFO - 162 - trainer - [208/257] Loss: 1.1871
2026/09/03 22:30:42 - __main__ - INFO - 167 - trainer - Average loss in epoch 497: 1.2023
2026/09/03 22:30:42 - __main__ - INFO - 117 - trainer - Epoch: 498
2026/09/03 22:30:42 - __main__ - INFO - 162 - trainer - [0/257] Loss: 1.1973
2026/09/03 22:30:48 - __main__ - INFO - 162 - trainer - [52/257] Loss: 1.2075
2026/09/03 22:30:55 - __main__ - INFO - 162 - trainer - [104/257] Loss: 1.2360
2026/09/03 22:31:01 - __main__ - INFO - 162 - trainer - [156/257] Loss: 1.1903
2026/09/03 22:31:07 - __main__ - INFO - 162 - trainer - [208/257] Loss: 1.1751
2026/09/03 22:31:13 - __main__ - INFO - 167 - trainer - Average loss in epoch 498: 1.2017
2026/09/03 22:31:13 - __main__ - INFO - 117 - trainer - Epoch: 499
2026/09/03 22:31:13 - __main__ - INFO - 162 - trainer - [0/257] Loss: 1.1754
2026/09/03 22:31:20 - __main__ - INFO - 162 - trainer - [52/257] Loss: 1.1974
2026/09/03 22:31:26 - __main__ - INFO - 162 - trainer - [104/257] Loss: 1.1711
2026/09/03 22:31:32 - __main__ - INFO - 162 - trainer - [156/257] Loss: 1.2153
2026/09/03 22:31:39 - __main__ - INFO - 162 - trainer - [208/257] Loss: 1.2061
2026/09/03 22:31:45 - __main__ - INFO - 167 - trainer - Average loss in epoch 499: 1.2012
2026/09/03 22:31:45 - __main__ - INFO - 210 - trainer - {'Best_HR@5': np.float64(7.776), 'Best_HR@10': np.float64(10.8266), 'Best_HR@20': np.float64(14.7784), 'Best_NDCG@5': np.float64(5.3686), 'Best_NDCG@10': np.float64(6.332), 'Best_NDCG@20': np.float64(7.3346)}
2026/09/03 22:31:45 - __main__ - INFO - 211 - trainer - {'Best_epoch_HR@5': 380, 'Best_epoch_HR@10': 120, 'Best_epoch_HR@20': 120, 'Best_epoch_NDCG@5': 280, 'Best_epoch_NDCG@10': 120, 'Best_epoch_NDCG@20': 460}
2026/09/03 22:37:16 - __main__ - INFO - 268 - trainer - Train------------------------------------------------------
2026/09/03 22:37:16 - __main__ - INFO - 270 - trainer - {'HR@5': np.float64(48.4031), 'HR@10': np.float64(58.4716), 'HR@20': np.float64(68.1681), 'NDCG@5': np.float64(37.2124), 'NDCG@10': np.float64(40.476), 'NDCG@20': np.float64(42.9327)}
2026/09/03 22:37:16 - __main__ - INFO - 274 - trainer - Test------------------------------------------------------
2026/09/03 22:37:16 - __main__ - INFO - 276 - trainer - {'HR@5': np.float64(5.892), 'HR@10': np.float64(8.3286), 'HR@20': np.float64(11.6699), 'NDCG@5': np.float64(4.1662), 'NDCG@10': np.float64(4.9512), 'NDCG@20': np.float64(5.7922)}
2026/09/03 22:37:16 - __main__ - INFO - 279 - trainer - Best Eval---------------------------------------------------------
2026/09/03 22:37:16 - __main__ - INFO - 282 - trainer - {'Best_HR@5': np.float64(7.776), 'Best_HR@10': np.float64(10.8266), 'Best_HR@20': np.float64(14.7784), 'Best_NDCG@5': np.float64(5.3686), 'Best_NDCG@10': np.float64(6.332), 'Best_NDCG@20': np.float64(7.3346)}
2026/09/03 22:37:16 - __main__ - INFO - 283 - trainer - {'Best_epoch_HR@5': 380, 'Best_epoch_HR@10': 120, 'Best_epoch_HR@20': 120, 'Best_epoch_NDCG@5': 280, 'Best_epoch_NDCG@10': 120, 'Best_epoch_NDCG@20': 460}
