2026/09/01 14:22:18 - __main__ - INFO - 73 - main - Namespace(dataset='amazon_beauty', log_file='log/', random_seed=1997, max_len=50, device='cuda', num_gpu=1, batch_size=512, hidden_size=128, dropout=0.1, emb_dropout=0.3, hidden_act='gelu', num_blocks=4, epochs=500, decay_step=100, gamma=0.1, metric_ks=[5, 10, 20], optimizer='Adam', lr=0.001, weight_decay=0, momentum=None, lambda_uncertainty=0.001, eval_interval=20, patience=5, eps=0.001, sample_N=30, lambda_t=0.001, dropout_c=0.1, eps_reverse=0.001, m_logNorm=1.0, s_logNorm=0.6, s_modsamp=1.0, last=2, mask_ratio=1.0, sampling_method='uniform', Loss_Alpha=0.2, Loss_Beta=0.4)
2026/09/01 14:22:19 - __main__ - INFO - 117 - trainer - Epoch: 0
2026/09/01 14:22:20 - __main__ - INFO - 162 - trainer - [0/257] Loss: 12.4877
2026/09/01 14:22:30 - __main__ - INFO - 162 - trainer - [52/257] Loss: 7.9853
2026/09/01 14:22:41 - __main__ - INFO - 162 - trainer - [104/257] Loss: 6.8328
2026/09/01 14:22:51 - __main__ - INFO - 162 - trainer - [156/257] Loss: 6.0368
2026/09/01 14:23:02 - __main__ - INFO - 162 - trainer - [208/257] Loss: 5.5186
2026/09/01 14:23:11 - __main__ - INFO - 167 - trainer - Average loss in epoch 0: 6.8019
2026/09/01 14:23:11 - __main__ - INFO - 117 - trainer - Epoch: 1
2026/09/01 14:23:11 - __main__ - INFO - 162 - trainer - [0/257] Loss: 4.9330
2026/09/01 14:23:22 - __main__ - INFO - 162 - trainer - [52/257] Loss: 4.5269
2026/09/01 14:23:32 - __main__ - INFO - 162 - trainer - [104/257] Loss: 4.1542
2026/09/01 14:23:43 - __main__ - INFO - 162 - trainer - [156/257] Loss: 3.6363
2026/09/01 14:23:53 - __main__ - INFO - 162 - trainer - [208/257] Loss: 3.2521
2026/09/01 14:24:03 - __main__ - INFO - 167 - trainer - Average loss in epoch 1: 3.9260
2026/09/01 14:24:03 - __main__ - INFO - 117 - trainer - Epoch: 2
2026/09/01 14:24:03 - __main__ - INFO - 162 - trainer - [0/257] Loss: 3.0496
2026/09/01 14:24:14 - __main__ - INFO - 162 - trainer - [52/257] Loss: 2.9976
2026/09/01 14:24:23 - __main__ - INFO - 162 - trainer - [104/257] Loss: 2.9670
2026/09/01 14:24:34 - __main__ - INFO - 162 - trainer - [156/257] Loss: 2.9241
2026/09/01 14:24:44 - __main__ - INFO - 162 - trainer - [208/257] Loss: 2.9062
2026/09/01 14:24:53 - __main__ - INFO - 167 - trainer - Average loss in epoch 2: 2.9430
2026/09/01 14:24:53 - __main__ - INFO - 117 - trainer - Epoch: 3
2026/09/01 14:24:53 - __main__ - INFO - 162 - trainer - [0/257] Loss: 2.8778
2026/09/01 14:25:03 - __main__ - INFO - 162 - trainer - [52/257] Loss: 2.8517
2026/09/01 14:25:13 - __main__ - INFO - 162 - trainer - [104/257] Loss: 2.8365
2026/09/01 14:25:23 - __main__ - INFO - 162 - trainer - [156/257] Loss: 2.8396
2026/09/01 14:25:33 - __main__ - INFO - 162 - trainer - [208/257] Loss: 2.8043
2026/09/01 14:25:42 - __main__ - INFO - 167 - trainer - Average loss in epoch 3: 2.8268
2026/09/01 14:25:42 - __main__ - INFO - 117 - trainer - Epoch: 4
2026/09/01 14:25:43 - __main__ - INFO - 162 - trainer - [0/257] Loss: 2.7712
2026/09/01 14:25:53 - __main__ - INFO - 162 - trainer - [52/257] Loss: 2.7668
2026/09/01 14:26:04 - __main__ - INFO - 162 - trainer - [104/257] Loss: 2.7385
2026/09/01 14:26:15 - __main__ - INFO - 162 - trainer - [156/257] Loss: 2.7216
2026/09/01 14:26:25 - __main__ - INFO - 162 - trainer - [208/257] Loss: 2.6839
2026/09/01 14:26:35 - __main__ - INFO - 167 - trainer - Average loss in epoch 4: 2.7309
2026/09/01 14:26:35 - __main__ - INFO - 117 - trainer - Epoch: 5
2026/09/01 14:26:35 - __main__ - INFO - 162 - trainer - [0/257] Loss: 2.6633
2026/09/01 14:26:45 - __main__ - INFO - 162 - trainer - [52/257] Loss: 2.6588
2026/09/01 14:26:56 - __main__ - INFO - 162 - trainer - [104/257] Loss: 2.6337
2026/09/01 14:27:07 - __main__ - INFO - 162 - trainer - [156/257] Loss: 2.6191
2026/09/01 14:27:18 - __main__ - INFO - 162 - trainer - [208/257] Loss: 2.6216
2026/09/01 14:27:27 - __main__ - INFO - 167 - trainer - Average loss in epoch 5: 2.6407
2026/09/01 14:27:27 - __main__ - INFO - 117 - trainer - Epoch: 6
2026/09/01 14:27:28 - __main__ - INFO - 162 - trainer - [0/257] Loss: 2.6093
2026/09/01 14:27:39 - __main__ - INFO - 162 - trainer - [52/257] Loss: 2.5802
2026/09/01 14:27:50 - __main__ - INFO - 162 - trainer - [104/257] Loss: 2.5804
2026/09/01 14:28:01 - __main__ - INFO - 162 - trainer - [156/257] Loss: 2.5387
2026/09/01 14:28:12 - __main__ - INFO - 162 - trainer - [208/257] Loss: 2.5414
2026/09/01 14:28:23 - __main__ - INFO - 167 - trainer - Average loss in epoch 6: 2.5647
2026/09/01 14:28:23 - __main__ - INFO - 117 - trainer - Epoch: 7
2026/09/01 14:28:23 - __main__ - INFO - 162 - trainer - [0/257] Loss: 2.5194
2026/09/01 14:28:34 - __main__ - INFO - 162 - trainer - [52/257] Loss: 2.4921
2026/09/01 14:28:44 - __main__ - INFO - 162 - trainer - [104/257] Loss: 2.5150
2026/09/01 14:28:54 - __main__ - INFO - 162 - trainer - [156/257] Loss: 2.4770
2026/09/01 14:29:04 - __main__ - INFO - 162 - trainer - [208/257] Loss: 2.4903
2026/09/01 14:29:13 - __main__ - INFO - 167 - trainer - Average loss in epoch 7: 2.4999
2026/09/01 14:29:13 - __main__ - INFO - 117 - trainer - Epoch: 8
2026/09/01 14:29:13 - __main__ - INFO - 162 - trainer - [0/257] Loss: 2.4474
2026/09/01 14:29:24 - __main__ - INFO - 162 - trainer - [52/257] Loss: 2.4406
2026/09/01 14:29:34 - __main__ - INFO - 162 - trainer - [104/257] Loss: 2.4395
2026/09/01 14:29:44 - __main__ - INFO - 162 - trainer - [156/257] Loss: 2.4771
2026/09/01 14:29:55 - __main__ - INFO - 162 - trainer - [208/257] Loss: 2.4117
2026/09/01 14:30:04 - __main__ - INFO - 167 - trainer - Average loss in epoch 8: 2.4414
2026/09/01 14:30:04 - __main__ - INFO - 117 - trainer - Epoch: 9
2026/09/01 14:30:05 - __main__ - INFO - 162 - trainer - [0/257] Loss: 2.3935
2026/09/01 14:30:16 - __main__ - INFO - 162 - trainer - [52/257] Loss: 2.4040
2026/09/01 14:30:26 - __main__ - INFO - 162 - trainer - [104/257] Loss: 2.3753
2026/09/01 14:30:36 - __main__ - INFO - 162 - trainer - [156/257] Loss: 2.3986
2026/09/01 14:30:46 - __main__ - INFO - 162 - trainer - [208/257] Loss: 2.4090
2026/09/01 14:30:55 - __main__ - INFO - 167 - trainer - Average loss in epoch 9: 2.3865
2026/09/01 14:30:55 - __main__ - INFO - 117 - trainer - Epoch: 10
2026/09/01 14:30:56 - __main__ - INFO - 162 - trainer - [0/257] Loss: 2.3610
2026/09/01 14:31:06 - __main__ - INFO - 162 - trainer - [52/257] Loss: 2.3383
2026/09/01 14:31:17 - __main__ - INFO - 162 - trainer - [104/257] Loss: 2.3731
2026/09/01 14:31:28 - __main__ - INFO - 162 - trainer - [156/257] Loss: 2.3543
2026/09/01 14:31:38 - __main__ - INFO - 162 - trainer - [208/257] Loss: 2.3075
2026/09/01 14:31:48 - __main__ - INFO - 167 - trainer - Average loss in epoch 10: 2.3337
2026/09/01 14:31:48 - __main__ - INFO - 117 - trainer - Epoch: 11
2026/09/01 14:31:48 - __main__ - INFO - 162 - trainer - [0/257] Loss: 2.3435
2026/09/01 14:31:58 - __main__ - INFO - 162 - trainer - [52/257] Loss: 2.2912
2026/09/01 14:32:09 - __main__ - INFO - 162 - trainer - [104/257] Loss: 2.2949
2026/09/01 14:32:20 - __main__ - INFO - 162 - trainer - [156/257] Loss: 2.3242
2026/09/01 14:32:30 - __main__ - INFO - 162 - trainer - [208/257] Loss: 2.2630
2026/09/01 14:32:40 - __main__ - INFO - 167 - trainer - Average loss in epoch 11: 2.2827
2026/09/01 14:32:40 - __main__ - INFO - 117 - trainer - Epoch: 12
2026/09/01 14:32:40 - __main__ - INFO - 162 - trainer - [0/257] Loss: 2.2636
2026/09/01 14:32:51 - __main__ - INFO - 162 - trainer - [52/257] Loss: 2.2739
2026/09/01 14:33:01 - __main__ - INFO - 162 - trainer - [104/257] Loss: 2.2350
2026/09/01 14:33:11 - __main__ - INFO - 162 - trainer - [156/257] Loss: 2.2115
2026/09/01 14:33:21 - __main__ - INFO - 162 - trainer - [208/257] Loss: 2.2517
2026/09/01 14:33:30 - __main__ - INFO - 167 - trainer - Average loss in epoch 12: 2.2353
2026/09/01 14:33:30 - __main__ - INFO - 117 - trainer - Epoch: 13
2026/09/01 14:33:31 - __main__ - INFO - 162 - trainer - [0/257] Loss: 2.2697
2026/09/01 14:33:40 - __main__ - INFO - 162 - trainer - [52/257] Loss: 2.1983
2026/09/01 14:33:50 - __main__ - INFO - 162 - trainer - [104/257] Loss: 2.1726
2026/09/01 14:34:01 - __main__ - INFO - 162 - trainer - [156/257] Loss: 2.2018
2026/09/01 14:34:11 - __main__ - INFO - 162 - trainer - [208/257] Loss: 2.1631
2026/09/01 14:34:20 - __main__ - INFO - 167 - trainer - Average loss in epoch 13: 2.1894
2026/09/01 14:34:20 - __main__ - INFO - 117 - trainer - Epoch: 14
2026/09/01 14:34:20 - __main__ - INFO - 162 - trainer - [0/257] Loss: 2.1682
2026/09/01 14:34:30 - __main__ - INFO - 162 - trainer - [52/257] Loss: 2.1909
2026/09/01 14:34:40 - __main__ - INFO - 162 - trainer - [104/257] Loss: 2.1762
2026/09/01 14:34:50 - __main__ - INFO - 162 - trainer - [156/257] Loss: 2.1875
2026/09/01 14:35:00 - __main__ - INFO - 162 - trainer - [208/257] Loss: 2.1188
2026/09/01 14:35:10 - __main__ - INFO - 167 - trainer - Average loss in epoch 14: 2.1472
2026/09/01 14:35:10 - __main__ - INFO - 117 - trainer - Epoch: 15
2026/09/01 14:35:10 - __main__ - INFO - 162 - trainer - [0/257] Loss: 2.1728
2026/09/01 14:35:21 - __main__ - INFO - 162 - trainer - [52/257] Loss: 2.1534
2026/09/01 14:35:30 - __main__ - INFO - 162 - trainer - [104/257] Loss: 2.1403
2026/09/01 14:35:40 - __main__ - INFO - 162 - trainer - [156/257] Loss: 2.1125
2026/09/01 14:35:51 - __main__ - INFO - 162 - trainer - [208/257] Loss: 2.1533
2026/09/01 14:36:00 - __main__ - INFO - 167 - trainer - Average loss in epoch 15: 2.1082
2026/09/01 14:36:00 - __main__ - INFO - 117 - trainer - Epoch: 16
2026/09/01 14:36:00 - __main__ - INFO - 162 - trainer - [0/257] Loss: 2.0701
2026/09/01 14:36:11 - __main__ - INFO - 162 - trainer - [52/257] Loss: 2.0997
2026/09/01 14:36:21 - __main__ - INFO - 162 - trainer - [104/257] Loss: 2.0865
2026/09/01 14:36:31 - __main__ - INFO - 162 - trainer - [156/257] Loss: 2.0935
2026/09/01 14:36:41 - __main__ - INFO - 162 - trainer - [208/257] Loss: 2.0680
2026/09/01 14:36:51 - __main__ - INFO - 167 - trainer - Average loss in epoch 16: 2.0705
2026/09/01 14:36:51 - __main__ - INFO - 117 - trainer - Epoch: 17
2026/09/01 14:36:51 - __main__ - INFO - 162 - trainer - [0/257] Loss: 2.0199
2026/09/01 14:37:01 - __main__ - INFO - 162 - trainer - [52/257] Loss: 2.0525
2026/09/01 14:37:11 - __main__ - INFO - 162 - trainer - [104/257] Loss: 2.0346
2026/09/01 14:37:22 - __main__ - INFO - 162 - trainer - [156/257] Loss: 2.0243
2026/09/01 14:37:32 - __main__ - INFO - 162 - trainer - [208/257] Loss: 1.9884
2026/09/01 14:37:41 - __main__ - INFO - 167 - trainer - Average loss in epoch 17: 2.0363
2026/09/01 14:37:41 - __main__ - INFO - 117 - trainer - Epoch: 18
2026/09/01 14:37:41 - __main__ - INFO - 162 - trainer - [0/257] Loss: 1.9983
2026/09/01 14:37:50 - __main__ - INFO - 162 - trainer - [52/257] Loss: 1.9998
2026/09/01 14:38:00 - __main__ - INFO - 162 - trainer - [104/257] Loss: 2.0044
2026/09/01 14:38:10 - __main__ - INFO - 162 - trainer - [156/257] Loss: 2.0598
2026/09/01 14:38:20 - __main__ - INFO - 162 - trainer - [208/257] Loss: 2.0150
2026/09/01 14:38:29 - __main__ - INFO - 167 - trainer - Average loss in epoch 18: 2.0040
2026/09/01 14:38:29 - __main__ - INFO - 117 - trainer - Epoch: 19
2026/09/01 14:38:30 - __main__ - INFO - 162 - trainer - [0/257] Loss: 1.9899
2026/09/01 14:38:40 - __main__ - INFO - 162 - trainer - [52/257] Loss: 1.9636
2026/09/01 14:38:50 - __main__ - INFO - 162 - trainer - [104/257] Loss: 1.9836
2026/09/01 14:39:00 - __main__ - INFO - 162 - trainer - [156/257] Loss: 2.0066
2026/09/01 14:39:11 - __main__ - INFO - 162 - trainer - [208/257] Loss: 1.9852
2026/09/01 14:39:20 - __main__ - INFO - 167 - trainer - Average loss in epoch 19: 1.9729
2026/09/01 14:39:20 - __main__ - INFO - 117 - trainer - Epoch: 20
2026/09/01 14:39:21 - __main__ - INFO - 162 - trainer - [0/257] Loss: 1.8885
2026/09/01 14:39:31 - __main__ - INFO - 162 - trainer - [52/257] Loss: 1.9201
2026/09/01 14:39:41 - __main__ - INFO - 162 - trainer - [104/257] Loss: 1.9564
2026/09/01 14:39:52 - __main__ - INFO - 162 - trainer - [156/257] Loss: 1.9844
2026/09/01 14:40:02 - __main__ - INFO - 162 - trainer - [208/257] Loss: 1.9013
2026/09/01 14:40:11 - __main__ - INFO - 167 - trainer - Average loss in epoch 20: 1.9445
2026/09/01 14:40:11 - __main__ - INFO - 173 - trainer - start predicting: 2026-09-01 14:40:11.943734
2026/09/01 14:42:38 - __main__ - INFO - 203 - trainer - {'Best_HR@5': np.float64(4.5143), 'Best_HR@10': np.float64(6.4112), 'Best_HR@20': np.float64(9.215), 'Best_NDCG@5': np.float64(3.1208), 'Best_NDCG@10': np.float64(3.7305), 'Best_NDCG@20': np.float64(4.4359)}
2026/09/01 14:42:38 - __main__ - INFO - 204 - trainer - {'Best_epoch_HR@5': 20, 'Best_epoch_HR@10': 20, 'Best_epoch_HR@20': 20, 'Best_epoch_NDCG@5': 20, 'Best_epoch_NDCG@10': 20, 'Best_epoch_NDCG@20': 20}
2026/09/01 14:42:38 - __main__ - INFO - 117 - trainer - Epoch: 21
2026/09/01 14:42:39 - __main__ - INFO - 162 - trainer - [0/257] Loss: 1.9429
2026/09/01 14:42:48 - __main__ - INFO - 162 - trainer - [52/257] Loss: 1.9321
2026/09/01 14:42:56 - __main__ - INFO - 162 - trainer - [104/257] Loss: 1.8892
2026/09/01 14:43:05 - __main__ - INFO - 162 - trainer - [156/257] Loss: 1.9066
2026/09/01 14:43:14 - __main__ - INFO - 162 - trainer - [208/257] Loss: 1.9110
2026/09/01 14:43:23 - __main__ - INFO - 167 - trainer - Average loss in epoch 21: 1.9176
2026/09/01 14:43:23 - __main__ - INFO - 117 - trainer - Epoch: 22
2026/09/01 14:43:23 - __main__ - INFO - 162 - trainer - [0/257] Loss: 1.8922
2026/09/01 14:43:32 - __main__ - INFO - 162 - trainer - [52/257] Loss: 1.8656
2026/09/01 14:43:41 - __main__ - INFO - 162 - trainer - [104/257] Loss: 1.8657
2026/09/01 14:43:51 - __main__ - INFO - 162 - trainer - [156/257] Loss: 1.8952
2026/09/01 14:44:01 - __main__ - INFO - 162 - trainer - [208/257] Loss: 1.8986
2026/09/01 14:44:09 - __main__ - INFO - 167 - trainer - Average loss in epoch 22: 1.8916
2026/09/01 14:44:09 - __main__ - INFO - 117 - trainer - Epoch: 23
2026/09/01 14:44:09 - __main__ - INFO - 162 - trainer - [0/257] Loss: 1.8227
2026/09/01 14:44:18 - __main__ - INFO - 162 - trainer - [52/257] Loss: 1.8729
2026/09/01 14:44:28 - __main__ - INFO - 162 - trainer - [104/257] Loss: 1.8464
2026/09/01 14:44:37 - __main__ - INFO - 162 - trainer - [156/257] Loss: 1.8664
2026/09/01 14:44:46 - __main__ - INFO - 162 - trainer - [208/257] Loss: 1.8428
2026/09/01 14:44:54 - __main__ - INFO - 167 - trainer - Average loss in epoch 23: 1.8679
2026/09/01 14:44:54 - __main__ - INFO - 117 - trainer - Epoch: 24
2026/09/01 14:44:54 - __main__ - INFO - 162 - trainer - [0/257] Loss: 1.8354
2026/09/01 14:45:04 - __main__ - INFO - 162 - trainer - [52/257] Loss: 1.8486
2026/09/01 14:45:13 - __main__ - INFO - 162 - trainer - [104/257] Loss: 1.8493
2026/09/01 14:45:23 - __main__ - INFO - 162 - trainer - [156/257] Loss: 1.7998
2026/09/01 14:45:32 - __main__ - INFO - 162 - trainer - [208/257] Loss: 1.8552
2026/09/01 14:45:41 - __main__ - INFO - 167 - trainer - Average loss in epoch 24: 1.8452
2026/09/01 14:45:41 - __main__ - INFO - 117 - trainer - Epoch: 25
2026/09/01 14:45:41 - __main__ - INFO - 162 - trainer - [0/257] Loss: 1.7869
2026/09/01 14:45:51 - __main__ - INFO - 162 - trainer - [52/257] Loss: 1.8457
2026/09/01 14:46:01 - __main__ - INFO - 162 - trainer - [104/257] Loss: 1.8471
2026/09/01 14:46:10 - __main__ - INFO - 162 - trainer - [156/257] Loss: 1.7721
2026/09/01 14:46:20 - __main__ - INFO - 162 - trainer - [208/257] Loss: 1.8031
2026/09/01 14:46:28 - __main__ - INFO - 167 - trainer - Average loss in epoch 25: 1.8244
2026/09/01 14:46:28 - __main__ - INFO - 117 - trainer - Epoch: 26
2026/09/01 14:46:28 - __main__ - INFO - 162 - trainer - [0/257] Loss: 1.8102
2026/09/01 14:46:38 - __main__ - INFO - 162 - trainer - [52/257] Loss: 1.8245
2026/09/01 14:46:47 - __main__ - INFO - 162 - trainer - [104/257] Loss: 1.7714
2026/09/01 14:46:55 - __main__ - INFO - 162 - trainer - [156/257] Loss: 1.7621
2026/09/01 14:47:04 - __main__ - INFO - 162 - trainer - [208/257] Loss: 1.7947
2026/09/01 14:47:13 - __main__ - INFO - 167 - trainer - Average loss in epoch 26: 1.8043
2026/09/01 14:47:13 - __main__ - INFO - 117 - trainer - Epoch: 27
2026/09/01 14:47:13 - __main__ - INFO - 162 - trainer - [0/257] Loss: 1.7919
2026/09/01 14:47:22 - __main__ - INFO - 162 - trainer - [52/257] Loss: 1.7946
2026/09/01 14:47:31 - __main__ - INFO - 162 - trainer - [104/257] Loss: 1.7834
2026/09/01 14:47:41 - __main__ - INFO - 162 - trainer - [156/257] Loss: 1.7568
2026/09/01 14:47:51 - __main__ - INFO - 162 - trainer - [208/257] Loss: 1.7891
2026/09/01 14:47:59 - __main__ - INFO - 167 - trainer - Average loss in epoch 27: 1.7848
2026/09/01 14:47:59 - __main__ - INFO - 117 - trainer - Epoch: 28
2026/09/01 14:47:59 - __main__ - INFO - 162 - trainer - [0/257] Loss: 1.7580
2026/09/01 14:48:09 - __main__ - INFO - 162 - trainer - [52/257] Loss: 1.7743
2026/09/01 14:48:19 - __main__ - INFO - 162 - trainer - [104/257] Loss: 1.7959
2026/09/01 14:48:28 - __main__ - INFO - 162 - trainer - [156/257] Loss: 1.7673
2026/09/01 14:48:37 - __main__ - INFO - 162 - trainer - [208/257] Loss: 1.7568
2026/09/01 14:48:45 - __main__ - INFO - 167 - trainer - Average loss in epoch 28: 1.7678
2026/09/01 14:48:45 - __main__ - INFO - 117 - trainer - Epoch: 29
2026/09/01 14:48:45 - __main__ - INFO - 162 - trainer - [0/257] Loss: 1.8058
2026/09/01 14:48:54 - __main__ - INFO - 162 - trainer - [52/257] Loss: 1.7445
2026/09/01 14:49:03 - __main__ - INFO - 162 - trainer - [104/257] Loss: 1.7814
2026/09/01 14:49:13 - __main__ - INFO - 162 - trainer - [156/257] Loss: 1.7346
2026/09/01 14:49:22 - __main__ - INFO - 162 - trainer - [208/257] Loss: 1.7419
2026/09/01 14:49:30 - __main__ - INFO - 167 - trainer - Average loss in epoch 29: 1.7513
2026/09/01 14:49:30 - __main__ - INFO - 117 - trainer - Epoch: 30
2026/09/01 14:49:30 - __main__ - INFO - 162 - trainer - [0/257] Loss: 1.7480
2026/09/01 14:49:40 - __main__ - INFO - 162 - trainer - [52/257] Loss: 1.7349
2026/09/01 14:49:50 - __main__ - INFO - 162 - trainer - [104/257] Loss: 1.7201
2026/09/01 14:49:59 - __main__ - INFO - 162 - trainer - [156/257] Loss: 1.7183
2026/09/01 14:50:08 - __main__ - INFO - 162 - trainer - [208/257] Loss: 1.7519
2026/09/01 14:50:17 - __main__ - INFO - 167 - trainer - Average loss in epoch 30: 1.7351
2026/09/01 14:50:17 - __main__ - INFO - 117 - trainer - Epoch: 31
2026/09/01 14:50:17 - __main__ - INFO - 162 - trainer - [0/257] Loss: 1.7311
2026/09/01 14:50:27 - __main__ - INFO - 162 - trainer - [52/257] Loss: 1.6893
2026/09/01 14:50:37 - __main__ - INFO - 162 - trainer - [104/257] Loss: 1.7516
2026/09/01 14:50:47 - __main__ - INFO - 162 - trainer - [156/257] Loss: 1.7354
2026/09/01 14:50:56 - __main__ - INFO - 162 - trainer - [208/257] Loss: 1.7443
2026/09/01 14:51:06 - __main__ - INFO - 167 - trainer - Average loss in epoch 31: 1.7192
2026/09/01 14:51:06 - __main__ - INFO - 117 - trainer - Epoch: 32
2026/09/01 14:51:06 - __main__ - INFO - 162 - trainer - [0/257] Loss: 1.6937
2026/09/01 14:51:17 - __main__ - INFO - 162 - trainer - [52/257] Loss: 1.6930
2026/09/01 14:51:26 - __main__ - INFO - 162 - trainer - [104/257] Loss: 1.6724
2026/09/01 14:51:35 - __main__ - INFO - 162 - trainer - [156/257] Loss: 1.6982
2026/09/01 14:51:44 - __main__ - INFO - 162 - trainer - [208/257] Loss: 1.7285
2026/09/01 14:51:53 - __main__ - INFO - 167 - trainer - Average loss in epoch 32: 1.7047
2026/09/01 14:51:53 - __main__ - INFO - 117 - trainer - Epoch: 33
2026/09/01 14:51:53 - __main__ - INFO - 162 - trainer - [0/257] Loss: 1.6709
2026/09/01 14:52:03 - __main__ - INFO - 162 - trainer - [52/257] Loss: 1.6814
2026/09/01 14:52:12 - __main__ - INFO - 162 - trainer - [104/257] Loss: 1.6901
2026/09/01 14:52:22 - __main__ - INFO - 162 - trainer - [156/257] Loss: 1.6638
2026/09/01 14:52:32 - __main__ - INFO - 162 - trainer - [208/257] Loss: 1.6846
2026/09/01 14:52:41 - __main__ - INFO - 167 - trainer - Average loss in epoch 33: 1.6917
2026/09/01 14:52:41 - __main__ - INFO - 117 - trainer - Epoch: 34
2026/09/01 14:52:41 - __main__ - INFO - 162 - trainer - [0/257] Loss: 1.6816
2026/09/01 14:52:50 - __main__ - INFO - 162 - trainer - [52/257] Loss: 1.6849
2026/09/01 14:53:00 - __main__ - INFO - 162 - trainer - [104/257] Loss: 1.6906
2026/09/01 14:53:10 - __main__ - INFO - 162 - trainer - [156/257] Loss: 1.6722
2026/09/01 14:53:19 - __main__ - INFO - 162 - trainer - [208/257] Loss: 1.7099
2026/09/01 14:53:29 - __main__ - INFO - 167 - trainer - Average loss in epoch 34: 1.6772
2026/09/01 14:53:29 - __main__ - INFO - 117 - trainer - Epoch: 35
2026/09/01 14:53:29 - __main__ - INFO - 162 - trainer - [0/257] Loss: 1.6724
2026/09/01 14:53:39 - __main__ - INFO - 162 - trainer - [52/257] Loss: 1.6050
2026/09/01 14:53:48 - __main__ - INFO - 162 - trainer - [104/257] Loss: 1.6315
2026/09/01 14:53:58 - __main__ - INFO - 162 - trainer - [156/257] Loss: 1.6950
2026/09/01 14:54:08 - __main__ - INFO - 162 - trainer - [208/257] Loss: 1.6789
2026/09/01 14:54:16 - __main__ - INFO - 167 - trainer - Average loss in epoch 35: 1.6651
2026/09/01 14:54:16 - __main__ - INFO - 117 - trainer - Epoch: 36
2026/09/01 14:54:16 - __main__ - INFO - 162 - trainer - [0/257] Loss: 1.6453
2026/09/01 14:54:26 - __main__ - INFO - 162 - trainer - [52/257] Loss: 1.6187
2026/09/01 14:54:36 - __main__ - INFO - 162 - trainer - [104/257] Loss: 1.6193
2026/09/01 14:54:46 - __main__ - INFO - 162 - trainer - [156/257] Loss: 1.6661
2026/09/01 14:54:55 - __main__ - INFO - 162 - trainer - [208/257] Loss: 1.6215
2026/09/01 14:55:04 - __main__ - INFO - 167 - trainer - Average loss in epoch 36: 1.6524
2026/09/01 14:55:04 - __main__ - INFO - 117 - trainer - Epoch: 37
2026/09/01 14:55:04 - __main__ - INFO - 162 - trainer - [0/257] Loss: 1.6256
2026/09/01 14:55:15 - __main__ - INFO - 162 - trainer - [52/257] Loss: 1.6597
2026/09/01 14:55:24 - __main__ - INFO - 162 - trainer - [104/257] Loss: 1.6446
2026/09/01 14:55:35 - __main__ - INFO - 162 - trainer - [156/257] Loss: 1.6485
2026/09/01 14:55:45 - __main__ - INFO - 162 - trainer - [208/257] Loss: 1.6629
2026/09/01 14:55:54 - __main__ - INFO - 167 - trainer - Average loss in epoch 37: 1.6408
2026/09/01 14:55:54 - __main__ - INFO - 117 - trainer - Epoch: 38
2026/09/01 14:55:54 - __main__ - INFO - 162 - trainer - [0/257] Loss: 1.6166
2026/09/01 14:56:03 - __main__ - INFO - 162 - trainer - [52/257] Loss: 1.6517
2026/09/01 14:56:12 - __main__ - INFO - 162 - trainer - [104/257] Loss: 1.6112
2026/09/01 14:56:22 - __main__ - INFO - 162 - trainer - [156/257] Loss: 1.6339
2026/09/01 14:56:32 - __main__ - INFO - 162 - trainer - [208/257] Loss: 1.6525
2026/09/01 14:56:41 - __main__ - INFO - 167 - trainer - Average loss in epoch 38: 1.6295
2026/09/01 14:56:41 - __main__ - INFO - 117 - trainer - Epoch: 39
2026/09/01 14:56:41 - __main__ - INFO - 162 - trainer - [0/257] Loss: 1.5983
2026/09/01 14:56:50 - __main__ - INFO - 162 - trainer - [52/257] Loss: 1.6132
2026/09/01 14:57:00 - __main__ - INFO - 162 - trainer - [104/257] Loss: 1.6229
2026/09/01 14:57:09 - __main__ - INFO - 162 - trainer - [156/257] Loss: 1.6324
2026/09/01 14:57:19 - __main__ - INFO - 162 - trainer - [208/257] Loss: 1.6600
2026/09/01 14:57:27 - __main__ - INFO - 167 - trainer - Average loss in epoch 39: 1.6178
2026/09/01 14:57:27 - __main__ - INFO - 117 - trainer - Epoch: 40
2026/09/01 14:57:27 - __main__ - INFO - 162 - trainer - [0/257] Loss: 1.6245
2026/09/01 14:57:37 - __main__ - INFO - 162 - trainer - [52/257] Loss: 1.6303
2026/09/01 14:57:46 - __main__ - INFO - 162 - trainer - [104/257] Loss: 1.6285
2026/09/01 14:57:56 - __main__ - INFO - 162 - trainer - [156/257] Loss: 1.6180
2026/09/01 14:58:05 - __main__ - INFO - 162 - trainer - [208/257] Loss: 1.6042
2026/09/01 14:58:14 - __main__ - INFO - 167 - trainer - Average loss in epoch 40: 1.6082
2026/09/01 14:58:14 - __main__ - INFO - 173 - trainer - start predicting: 2026-09-01 14:58:14.817351
2026/09/01 15:00:46 - __main__ - INFO - 203 - trainer - {'Best_HR@5': np.float64(6.3773), 'Best_HR@10': np.float64(8.9911), 'Best_HR@20': np.float64(12.6926), 'Best_NDCG@5': np.float64(4.4613), 'Best_NDCG@10': np.float64(5.3055), 'Best_NDCG@20': np.float64(6.2391)}
2026/09/01 15:00:46 - __main__ - INFO - 204 - trainer - {'Best_epoch_HR@5': 40, 'Best_epoch_HR@10': 40, 'Best_epoch_HR@20': 40, 'Best_epoch_NDCG@5': 40, 'Best_epoch_NDCG@10': 40, 'Best_epoch_NDCG@20': 40}
2026/09/01 15:00:46 - __main__ - INFO - 117 - trainer - Epoch: 41
2026/09/01 15:00:46 - __main__ - INFO - 162 - trainer - [0/257] Loss: 1.6009
2026/09/01 15:00:56 - __main__ - INFO - 162 - trainer - [52/257] Loss: 1.5938
2026/09/01 15:01:07 - __main__ - INFO - 162 - trainer - [104/257] Loss: 1.6192
2026/09/01 15:01:17 - __main__ - INFO - 162 - trainer - [156/257] Loss: 1.6314
2026/09/01 15:01:27 - __main__ - INFO - 162 - trainer - [208/257] Loss: 1.5961
2026/09/01 15:01:36 - __main__ - INFO - 167 - trainer - Average loss in epoch 41: 1.5976
2026/09/01 15:01:36 - __main__ - INFO - 117 - trainer - Epoch: 42
2026/09/01 15:01:36 - __main__ - INFO - 162 - trainer - [0/257] Loss: 1.5809
2026/09/01 15:01:45 - __main__ - INFO - 162 - trainer - [52/257] Loss: 1.6208
2026/09/01 15:01:54 - __main__ - INFO - 162 - trainer - [104/257] Loss: 1.6002
2026/09/01 15:02:03 - __main__ - INFO - 162 - trainer - [156/257] Loss: 1.5395
2026/09/01 15:02:13 - __main__ - INFO - 162 - trainer - [208/257] Loss: 1.6342
2026/09/01 15:02:22 - __main__ - INFO - 167 - trainer - Average loss in epoch 42: 1.5876
2026/09/01 15:02:22 - __main__ - INFO - 117 - trainer - Epoch: 43
2026/09/01 15:02:22 - __main__ - INFO - 162 - trainer - [0/257] Loss: 1.5470
2026/09/01 15:02:32 - __main__ - INFO - 162 - trainer - [52/257] Loss: 1.5901
2026/09/01 15:02:42 - __main__ - INFO - 162 - trainer - [104/257] Loss: 1.5574
2026/09/01 15:02:52 - __main__ - INFO - 162 - trainer - [156/257] Loss: 1.5514
2026/09/01 15:03:01 - __main__ - INFO - 162 - trainer - [208/257] Loss: 1.5888
2026/09/01 15:03:10 - __main__ - INFO - 167 - trainer - Average loss in epoch 43: 1.5774
2026/09/01 15:03:10 - __main__ - INFO - 117 - trainer - Epoch: 44
2026/09/01 15:03:10 - __main__ - INFO - 162 - trainer - [0/257] Loss: 1.5220
2026/09/01 15:03:19 - __main__ - INFO - 162 - trainer - [52/257] Loss: 1.5751
2026/09/01 15:03:29 - __main__ - INFO - 162 - trainer - [104/257] Loss: 1.6051
2026/09/01 15:03:38 - __main__ - INFO - 162 - trainer - [156/257] Loss: 1.5503
2026/09/01 15:03:47 - __main__ - INFO - 162 - trainer - [208/257] Loss: 1.5341
2026/09/01 15:03:56 - __main__ - INFO - 167 - trainer - Average loss in epoch 44: 1.5679
2026/09/01 15:03:56 - __main__ - INFO - 117 - trainer - Epoch: 45
2026/09/01 15:03:56 - __main__ - INFO - 162 - trainer - [0/257] Loss: 1.5487
2026/09/01 15:04:06 - __main__ - INFO - 162 - trainer - [52/257] Loss: 1.5329
2026/09/01 15:04:16 - __main__ - INFO - 162 - trainer - [104/257] Loss: 1.5772
2026/09/01 15:04:26 - __main__ - INFO - 162 - trainer - [156/257] Loss: 1.5961
2026/09/01 15:04:36 - __main__ - INFO - 162 - trainer - [208/257] Loss: 1.5522
2026/09/01 15:04:46 - __main__ - INFO - 167 - trainer - Average loss in epoch 45: 1.5596
2026/09/01 15:04:46 - __main__ - INFO - 117 - trainer - Epoch: 46
2026/09/01 15:04:46 - __main__ - INFO - 162 - trainer - [0/257] Loss: 1.5353
2026/09/01 15:04:56 - __main__ - INFO - 162 - trainer - [52/257] Loss: 1.5315
2026/09/01 15:05:06 - __main__ - INFO - 162 - trainer - [104/257] Loss: 1.5895
2026/09/01 15:05:16 - __main__ - INFO - 162 - trainer - [156/257] Loss: 1.5734
2026/09/01 15:05:26 - __main__ - INFO - 162 - trainer - [208/257] Loss: 1.5924
2026/09/01 15:05:34 - __main__ - INFO - 167 - trainer - Average loss in epoch 46: 1.5502
2026/09/01 15:05:34 - __main__ - INFO - 117 - trainer - Epoch: 47
2026/09/01 15:05:34 - __main__ - INFO - 162 - trainer - [0/257] Loss: 1.4865
2026/09/01 15:05:45 - __main__ - INFO - 162 - trainer - [52/257] Loss: 1.5621
2026/09/01 15:05:55 - __main__ - INFO - 162 - trainer - [104/257] Loss: 1.5816
2026/09/01 15:06:05 - __main__ - INFO - 162 - trainer - [156/257] Loss: 1.5091
2026/09/01 15:06:14 - __main__ - INFO - 162 - trainer - [208/257] Loss: 1.5574
2026/09/01 15:06:23 - __main__ - INFO - 167 - trainer - Average loss in epoch 47: 1.5419
2026/09/01 15:06:23 - __main__ - INFO - 117 - trainer - Epoch: 48
2026/09/01 15:06:24 - __main__ - INFO - 162 - trainer - [0/257] Loss: 1.5356
2026/09/01 15:06:33 - __main__ - INFO - 162 - trainer - [52/257] Loss: 1.5439
2026/09/01 15:06:41 - __main__ - INFO - 162 - trainer - [104/257] Loss: 1.5239
2026/09/01 15:06:50 - __main__ - INFO - 162 - trainer - [156/257] Loss: 1.5712
2026/09/01 15:07:01 - __main__ - INFO - 162 - trainer - [208/257] Loss: 1.5642
2026/09/01 15:07:09 - __main__ - INFO - 167 - trainer - Average loss in epoch 48: 1.5324
2026/09/01 15:07:09 - __main__ - INFO - 117 - trainer - Epoch: 49
2026/09/01 15:07:09 - __main__ - INFO - 162 - trainer - [0/257] Loss: 1.4891
2026/09/01 15:07:19 - __main__ - INFO - 162 - trainer - [52/257] Loss: 1.5106
2026/09/01 15:07:29 - __main__ - INFO - 162 - trainer - [104/257] Loss: 1.5127
2026/09/01 15:07:39 - __main__ - INFO - 162 - trainer - [156/257] Loss: 1.4924
2026/09/01 15:07:50 - __main__ - INFO - 162 - trainer - [208/257] Loss: 1.5388
2026/09/01 15:07:59 - __main__ - INFO - 167 - trainer - Average loss in epoch 49: 1.5248
2026/09/01 15:07:59 - __main__ - INFO - 117 - trainer - Epoch: 50
2026/09/01 15:07:59 - __main__ - INFO - 162 - trainer - [0/257] Loss: 1.5307
2026/09/01 15:08:08 - __main__ - INFO - 162 - trainer - [52/257] Loss: 1.4701
2026/09/01 15:08:17 - __main__ - INFO - 162 - trainer - [104/257] Loss: 1.5160
2026/09/01 15:08:27 - __main__ - INFO - 162 - trainer - [156/257] Loss: 1.4566
2026/09/01 15:08:37 - __main__ - INFO - 162 - trainer - [208/257] Loss: 1.5309
2026/09/01 15:08:45 - __main__ - INFO - 167 - trainer - Average loss in epoch 50: 1.5160
2026/09/01 15:08:45 - __main__ - INFO - 117 - trainer - Epoch: 51
2026/09/01 15:08:45 - __main__ - INFO - 162 - trainer - [0/257] Loss: 1.4891
2026/09/01 15:08:55 - __main__ - INFO - 162 - trainer - [52/257] Loss: 1.5149
2026/09/01 15:09:05 - __main__ - INFO - 162 - trainer - [104/257] Loss: 1.5249
2026/09/01 15:09:14 - __main__ - INFO - 162 - trainer - [156/257] Loss: 1.5305
2026/09/01 15:09:24 - __main__ - INFO - 162 - trainer - [208/257] Loss: 1.4886
2026/09/01 15:09:33 - __main__ - INFO - 167 - trainer - Average loss in epoch 51: 1.5087
2026/09/01 15:09:33 - __main__ - INFO - 117 - trainer - Epoch: 52
2026/09/01 15:09:33 - __main__ - INFO - 162 - trainer - [0/257] Loss: 1.5331
2026/09/01 15:09:42 - __main__ - INFO - 162 - trainer - [52/257] Loss: 1.5019
2026/09/01 15:09:51 - __main__ - INFO - 162 - trainer - [104/257] Loss: 1.4802
2026/09/01 15:10:01 - __main__ - INFO - 162 - trainer - [156/257] Loss: 1.4840
2026/09/01 15:10:10 - __main__ - INFO - 162 - trainer - [208/257] Loss: 1.4846
2026/09/01 15:10:19 - __main__ - INFO - 167 - trainer - Average loss in epoch 52: 1.5005
2026/09/01 15:10:19 - __main__ - INFO - 117 - trainer - Epoch: 53
2026/09/01 15:10:20 - __main__ - INFO - 162 - trainer - [0/257] Loss: 1.4687
2026/09/01 15:10:30 - __main__ - INFO - 162 - trainer - [52/257] Loss: 1.4994
2026/09/01 15:10:40 - __main__ - INFO - 162 - trainer - [104/257] Loss: 1.4982
2026/09/01 15:10:50 - __main__ - INFO - 162 - trainer - [156/257] Loss: 1.4799
2026/09/01 15:10:59 - __main__ - INFO - 162 - trainer - [208/257] Loss: 1.4971
2026/09/01 15:11:07 - __main__ - INFO - 167 - trainer - Average loss in epoch 53: 1.4939
2026/09/01 15:11:07 - __main__ - INFO - 117 - trainer - Epoch: 54
2026/09/01 15:11:08 - __main__ - INFO - 162 - trainer - [0/257] Loss: 1.4558
2026/09/01 15:11:17 - __main__ - INFO - 162 - trainer - [52/257] Loss: 1.4659
2026/09/01 15:11:27 - __main__ - INFO - 162 - trainer - [104/257] Loss: 1.4651
2026/09/01 15:11:36 - __main__ - INFO - 162 - trainer - [156/257] Loss: 1.4980
2026/09/01 15:11:46 - __main__ - INFO - 162 - trainer - [208/257] Loss: 1.5089
2026/09/01 15:11:55 - __main__ - INFO - 167 - trainer - Average loss in epoch 54: 1.4857
2026/09/01 15:11:55 - __main__ - INFO - 117 - trainer - Epoch: 55
2026/09/01 15:11:55 - __main__ - INFO - 162 - trainer - [0/257] Loss: 1.4709
2026/09/01 15:12:05 - __main__ - INFO - 162 - trainer - [52/257] Loss: 1.4298
2026/09/01 15:12:14 - __main__ - INFO - 162 - trainer - [104/257] Loss: 1.4765
2026/09/01 15:12:23 - __main__ - INFO - 162 - trainer - [156/257] Loss: 1.4945
2026/09/01 15:12:32 - __main__ - INFO - 162 - trainer - [208/257] Loss: 1.5166
2026/09/01 15:12:40 - __main__ - INFO - 167 - trainer - Average loss in epoch 55: 1.4799
2026/09/01 15:12:40 - __main__ - INFO - 117 - trainer - Epoch: 56
2026/09/01 15:12:40 - __main__ - INFO - 162 - trainer - [0/257] Loss: 1.4607
2026/09/01 15:12:49 - __main__ - INFO - 162 - trainer - [52/257] Loss: 1.5171
2026/09/01 15:12:58 - __main__ - INFO - 162 - trainer - [104/257] Loss: 1.4516
2026/09/01 15:13:08 - __main__ - INFO - 162 - trainer - [156/257] Loss: 1.4784
2026/09/01 15:13:16 - __main__ - INFO - 162 - trainer - [208/257] Loss: 1.5062
2026/09/01 15:13:25 - __main__ - INFO - 167 - trainer - Average loss in epoch 56: 1.4721
2026/09/01 15:13:25 - __main__ - INFO - 117 - trainer - Epoch: 57
2026/09/01 15:13:25 - __main__ - INFO - 162 - trainer - [0/257] Loss: 1.4502
2026/09/01 15:13:35 - __main__ - INFO - 162 - trainer - [52/257] Loss: 1.4649
2026/09/01 15:13:46 - __main__ - INFO - 162 - trainer - [104/257] Loss: 1.4456
2026/09/01 15:13:56 - __main__ - INFO - 162 - trainer - [156/257] Loss: 1.4796
2026/09/01 15:14:06 - __main__ - INFO - 162 - trainer - [208/257] Loss: 1.4945
2026/09/01 15:14:16 - __main__ - INFO - 167 - trainer - Average loss in epoch 57: 1.4646
2026/09/01 15:14:16 - __main__ - INFO - 117 - trainer - Epoch: 58
2026/09/01 15:14:16 - __main__ - INFO - 162 - trainer - [0/257] Loss: 1.4502
2026/09/01 15:14:26 - __main__ - INFO - 162 - trainer - [52/257] Loss: 1.4307
2026/09/01 15:14:36 - __main__ - INFO - 162 - trainer - [104/257] Loss: 1.4632
2026/09/01 15:14:46 - __main__ - INFO - 162 - trainer - [156/257] Loss: 1.4541
2026/09/01 15:14:57 - __main__ - INFO - 162 - trainer - [208/257] Loss: 1.5007
2026/09/01 15:15:05 - __main__ - INFO - 167 - trainer - Average loss in epoch 58: 1.4590
2026/09/01 15:15:05 - __main__ - INFO - 117 - trainer - Epoch: 59
2026/09/01 15:15:06 - __main__ - INFO - 162 - trainer - [0/257] Loss: 1.4560
2026/09/01 15:15:16 - __main__ - INFO - 162 - trainer - [52/257] Loss: 1.4421
2026/09/01 15:15:25 - __main__ - INFO - 162 - trainer - [104/257] Loss: 1.4433
2026/09/01 15:15:35 - __main__ - INFO - 162 - trainer - [156/257] Loss: 1.4411
2026/09/01 15:15:45 - __main__ - INFO - 162 - trainer - [208/257] Loss: 1.4612
2026/09/01 15:15:54 - __main__ - INFO - 167 - trainer - Average loss in epoch 59: 1.4523
2026/09/01 15:15:54 - __main__ - INFO - 117 - trainer - Epoch: 60
2026/09/01 15:15:55 - __main__ - INFO - 162 - trainer - [0/257] Loss: 1.4246
2026/09/01 15:16:04 - __main__ - INFO - 162 - trainer - [52/257] Loss: 1.4571
2026/09/01 15:16:13 - __main__ - INFO - 162 - trainer - [104/257] Loss: 1.4670
2026/09/01 15:16:23 - __main__ - INFO - 162 - trainer - [156/257] Loss: 1.4402
2026/09/01 15:16:33 - __main__ - INFO - 162 - trainer - [208/257] Loss: 1.4587
2026/09/01 15:16:42 - __main__ - INFO - 167 - trainer - Average loss in epoch 60: 1.4452
2026/09/01 15:16:42 - __main__ - INFO - 173 - trainer - start predicting: 2026-09-01 15:16:42.065800
2026/09/01 15:19:17 - __main__ - INFO - 203 - trainer - {'Best_HR@5': np.float64(7.1839), 'Best_HR@10': np.float64(10.3981), 'Best_HR@20': np.float64(14.255), 'Best_NDCG@5': np.float64(5.0434), 'Best_NDCG@10': np.float64(6.0754), 'Best_NDCG@20': np.float64(7.0437)}
2026/09/01 15:19:17 - __main__ - INFO - 204 - trainer - {'Best_epoch_HR@5': 60, 'Best_epoch_HR@10': 60, 'Best_epoch_HR@20': 60, 'Best_epoch_NDCG@5': 60, 'Best_epoch_NDCG@10': 60, 'Best_epoch_NDCG@20': 60}
2026/09/01 15:19:17 - __main__ - INFO - 117 - trainer - Epoch: 61
2026/09/01 15:19:18 - __main__ - INFO - 162 - trainer - [0/257] Loss: 1.4237
2026/09/01 15:19:28 - __main__ - INFO - 162 - trainer - [52/257] Loss: 1.4398
2026/09/01 15:19:38 - __main__ - INFO - 162 - trainer - [104/257] Loss: 1.4698
2026/09/01 15:19:48 - __main__ - INFO - 162 - trainer - [156/257] Loss: 1.4439
2026/09/01 15:19:58 - __main__ - INFO - 162 - trainer - [208/257] Loss: 1.4572
2026/09/01 15:20:06 - __main__ - INFO - 167 - trainer - Average loss in epoch 61: 1.4392
2026/09/01 15:20:06 - __main__ - INFO - 117 - trainer - Epoch: 62
2026/09/01 15:20:07 - __main__ - INFO - 162 - trainer - [0/257] Loss: 1.4159
2026/09/01 15:20:16 - __main__ - INFO - 162 - trainer - [52/257] Loss: 1.4602
2026/09/01 15:20:26 - __main__ - INFO - 162 - trainer - [104/257] Loss: 1.4161
2026/09/01 15:20:36 - __main__ - INFO - 162 - trainer - [156/257] Loss: 1.4038
2026/09/01 15:20:46 - __main__ - INFO - 162 - trainer - [208/257] Loss: 1.4139
2026/09/01 15:20:55 - __main__ - INFO - 167 - trainer - Average loss in epoch 62: 1.4319
2026/09/01 15:20:55 - __main__ - INFO - 117 - trainer - Epoch: 63
2026/09/01 15:20:55 - __main__ - INFO - 162 - trainer - [0/257] Loss: 1.4012
2026/09/01 15:21:05 - __main__ - INFO - 162 - trainer - [52/257] Loss: 1.4299
2026/09/01 15:21:15 - __main__ - INFO - 162 - trainer - [104/257] Loss: 1.4231
2026/09/01 15:21:25 - __main__ - INFO - 162 - trainer - [156/257] Loss: 1.4492
2026/09/01 15:21:35 - __main__ - INFO - 162 - trainer - [208/257] Loss: 1.4547
2026/09/01 15:21:44 - __main__ - INFO - 167 - trainer - Average loss in epoch 63: 1.4261
2026/09/01 15:21:44 - __main__ - INFO - 117 - trainer - Epoch: 64
2026/09/01 15:21:44 - __main__ - INFO - 162 - trainer - [0/257] Loss: 1.4041
2026/09/01 15:21:53 - __main__ - INFO - 162 - trainer - [52/257] Loss: 1.4620
2026/09/01 15:22:02 - __main__ - INFO - 162 - trainer - [104/257] Loss: 1.3956
2026/09/01 15:22:12 - __main__ - INFO - 162 - trainer - [156/257] Loss: 1.4001
2026/09/01 15:22:23 - __main__ - INFO - 162 - trainer - [208/257] Loss: 1.4104
2026/09/01 15:22:32 - __main__ - INFO - 167 - trainer - Average loss in epoch 64: 1.4201
2026/09/01 15:22:32 - __main__ - INFO - 117 - trainer - Epoch: 65
2026/09/01 15:22:33 - __main__ - INFO - 162 - trainer - [0/257] Loss: 1.3956
2026/09/01 15:22:42 - __main__ - INFO - 162 - trainer - [52/257] Loss: 1.3978
2026/09/01 15:22:52 - __main__ - INFO - 162 - trainer - [104/257] Loss: 1.4229
2026/09/01 15:23:02 - __main__ - INFO - 162 - trainer - [156/257] Loss: 1.3793
2026/09/01 15:23:12 - __main__ - INFO - 162 - trainer - [208/257] Loss: 1.3795
2026/09/01 15:23:20 - __main__ - INFO - 167 - trainer - Average loss in epoch 65: 1.4153
2026/09/01 15:23:20 - __main__ - INFO - 117 - trainer - Epoch: 66
2026/09/01 15:23:20 - __main__ - INFO - 162 - trainer - [0/257] Loss: 1.4232
2026/09/01 15:23:31 - __main__ - INFO - 162 - trainer - [52/257] Loss: 1.3547
2026/09/01 15:23:41 - __main__ - INFO - 162 - trainer - [104/257] Loss: 1.3879
2026/09/01 15:23:51 - __main__ - INFO - 162 - trainer - [156/257] Loss: 1.4215
2026/09/01 15:24:02 - __main__ - INFO - 162 - trainer - [208/257] Loss: 1.4120
2026/09/01 15:24:11 - __main__ - INFO - 167 - trainer - Average loss in epoch 66: 1.4096
2026/09/01 15:24:11 - __main__ - INFO - 117 - trainer - Epoch: 67
2026/09/01 15:24:12 - __main__ - INFO - 162 - trainer - [0/257] Loss: 1.3718
2026/09/01 15:24:22 - __main__ - INFO - 162 - trainer - [52/257] Loss: 1.3710
2026/09/01 15:24:32 - __main__ - INFO - 162 - trainer - [104/257] Loss: 1.4063
2026/09/01 15:24:42 - __main__ - INFO - 162 - trainer - [156/257] Loss: 1.3936
2026/09/01 15:24:52 - __main__ - INFO - 162 - trainer - [208/257] Loss: 1.4302
2026/09/01 15:25:02 - __main__ - INFO - 167 - trainer - Average loss in epoch 67: 1.4031
2026/09/01 15:25:02 - __main__ - INFO - 117 - trainer - Epoch: 68
2026/09/01 15:25:02 - __main__ - INFO - 162 - trainer - [0/257] Loss: 1.4050
2026/09/01 15:25:12 - __main__ - INFO - 162 - trainer - [52/257] Loss: 1.3761
2026/09/01 15:25:22 - __main__ - INFO - 162 - trainer - [104/257] Loss: 1.4383
2026/09/01 15:25:32 - __main__ - INFO - 162 - trainer - [156/257] Loss: 1.4056
2026/09/01 15:25:41 - __main__ - INFO - 162 - trainer - [208/257] Loss: 1.4261
2026/09/01 15:25:49 - __main__ - INFO - 167 - trainer - Average loss in epoch 68: 1.3988
2026/09/01 15:25:49 - __main__ - INFO - 117 - trainer - Epoch: 69
2026/09/01 15:25:50 - __main__ - INFO - 162 - trainer - [0/257] Loss: 1.3892
2026/09/01 15:25:59 - __main__ - INFO - 162 - trainer - [52/257] Loss: 1.4020
2026/09/01 15:26:09 - __main__ - INFO - 162 - trainer - [104/257] Loss: 1.4349
2026/09/01 15:26:18 - __main__ - INFO - 162 - trainer - [156/257] Loss: 1.3861
2026/09/01 15:26:27 - __main__ - INFO - 162 - trainer - [208/257] Loss: 1.4384
2026/09/01 15:26:36 - __main__ - INFO - 167 - trainer - Average loss in epoch 69: 1.3935
2026/09/01 15:26:36 - __main__ - INFO - 117 - trainer - Epoch: 70
2026/09/01 15:26:37 - __main__ - INFO - 162 - trainer - [0/257] Loss: 1.3412
2026/09/01 15:26:46 - __main__ - INFO - 162 - trainer - [52/257] Loss: 1.4140
2026/09/01 15:26:56 - __main__ - INFO - 162 - trainer - [104/257] Loss: 1.3700
2026/09/01 15:27:05 - __main__ - INFO - 162 - trainer - [156/257] Loss: 1.3694
2026/09/01 15:27:15 - __main__ - INFO - 162 - trainer - [208/257] Loss: 1.3713
2026/09/01 15:27:24 - __main__ - INFO - 167 - trainer - Average loss in epoch 70: 1.3877
2026/09/01 15:27:24 - __main__ - INFO - 117 - trainer - Epoch: 71
2026/09/01 15:27:25 - __main__ - INFO - 162 - trainer - [0/257] Loss: 1.4178
2026/09/01 15:27:34 - __main__ - INFO - 162 - trainer - [52/257] Loss: 1.4023
2026/09/01 15:27:44 - __main__ - INFO - 162 - trainer - [104/257] Loss: 1.3814
2026/09/01 15:27:54 - __main__ - INFO - 162 - trainer - [156/257] Loss: 1.4165
2026/09/01 15:28:03 - __main__ - INFO - 162 - trainer - [208/257] Loss: 1.4036
2026/09/01 15:28:11 - __main__ - INFO - 167 - trainer - Average loss in epoch 71: 1.3818
2026/09/01 15:28:11 - __main__ - INFO - 117 - trainer - Epoch: 72
2026/09/01 15:28:11 - __main__ - INFO - 162 - trainer - [0/257] Loss: 1.3484
2026/09/01 15:28:20 - __main__ - INFO - 162 - trainer - [52/257] Loss: 1.4300
2026/09/01 15:28:29 - __main__ - INFO - 162 - trainer - [104/257] Loss: 1.3355
2026/09/01 15:28:39 - __main__ - INFO - 162 - trainer - [156/257] Loss: 1.3902
2026/09/01 15:28:49 - __main__ - INFO - 162 - trainer - [208/257] Loss: 1.3584
2026/09/01 15:28:57 - __main__ - INFO - 167 - trainer - Average loss in epoch 72: 1.3783
2026/09/01 15:28:57 - __main__ - INFO - 117 - trainer - Epoch: 73
2026/09/01 15:28:58 - __main__ - INFO - 162 - trainer - [0/257] Loss: 1.3600
2026/09/01 15:29:07 - __main__ - INFO - 162 - trainer - [52/257] Loss: 1.3824
2026/09/01 15:29:16 - __main__ - INFO - 162 - trainer - [104/257] Loss: 1.3977
2026/09/01 15:29:25 - __main__ - INFO - 162 - trainer - [156/257] Loss: 1.3913
2026/09/01 15:29:35 - __main__ - INFO - 162 - trainer - [208/257] Loss: 1.3588
2026/09/01 15:29:43 - __main__ - INFO - 167 - trainer - Average loss in epoch 73: 1.3720
2026/09/01 15:29:43 - __main__ - INFO - 117 - trainer - Epoch: 74
2026/09/01 15:29:43 - __main__ - INFO - 162 - trainer - [0/257] Loss: 1.3685
2026/09/01 15:29:52 - __main__ - INFO - 162 - trainer - [52/257] Loss: 1.4010
2026/09/01 15:30:01 - __main__ - INFO - 162 - trainer - [104/257] Loss: 1.3637
2026/09/01 15:30:11 - __main__ - INFO - 162 - trainer - [156/257] Loss: 1.3904
2026/09/01 15:30:21 - __main__ - INFO - 162 - trainer - [208/257] Loss: 1.3801
2026/09/01 15:30:30 - __main__ - INFO - 167 - trainer - Average loss in epoch 74: 1.3691
2026/09/01 15:30:30 - __main__ - INFO - 117 - trainer - Epoch: 75
2026/09/01 15:30:30 - __main__ - INFO - 162 - trainer - [0/257] Loss: 1.3566
2026/09/01 15:30:39 - __main__ - INFO - 162 - trainer - [52/257] Loss: 1.3373
2026/09/01 15:30:48 - __main__ - INFO - 162 - trainer - [104/257] Loss: 1.3689
2026/09/01 15:30:57 - __main__ - INFO - 162 - trainer - [156/257] Loss: 1.3356
2026/09/01 15:31:07 - __main__ - INFO - 162 - trainer - [208/257] Loss: 1.3866
2026/09/01 15:31:15 - __main__ - INFO - 167 - trainer - Average loss in epoch 75: 1.3626
2026/09/01 15:31:15 - __main__ - INFO - 117 - trainer - Epoch: 76
2026/09/01 15:31:15 - __main__ - INFO - 162 - trainer - [0/257] Loss: 1.3912
2026/09/01 15:31:24 - __main__ - INFO - 162 - trainer - [52/257] Loss: 1.3489
2026/09/01 15:31:34 - __main__ - INFO - 162 - trainer - [104/257] Loss: 1.3414
2026/09/01 15:31:44 - __main__ - INFO - 162 - trainer - [156/257] Loss: 1.3598
2026/09/01 15:31:54 - __main__ - INFO - 162 - trainer - [208/257] Loss: 1.3661
2026/09/01 15:32:03 - __main__ - INFO - 167 - trainer - Average loss in epoch 76: 1.3583
2026/09/01 15:32:03 - __main__ - INFO - 117 - trainer - Epoch: 77
2026/09/01 15:32:04 - __main__ - INFO - 162 - trainer - [0/257] Loss: 1.3303
2026/09/01 15:32:13 - __main__ - INFO - 162 - trainer - [52/257] Loss: 1.3127
2026/09/01 15:32:23 - __main__ - INFO - 162 - trainer - [104/257] Loss: 1.4061
2026/09/01 15:32:34 - __main__ - INFO - 162 - trainer - [156/257] Loss: 1.3681
2026/09/01 15:32:43 - __main__ - INFO - 162 - trainer - [208/257] Loss: 1.3524
2026/09/01 15:32:51 - __main__ - INFO - 167 - trainer - Average loss in epoch 77: 1.3549
2026/09/01 15:32:51 - __main__ - INFO - 117 - trainer - Epoch: 78
2026/09/01 15:32:52 - __main__ - INFO - 162 - trainer - [0/257] Loss: 1.3395
2026/09/01 15:33:01 - __main__ - INFO - 162 - trainer - [52/257] Loss: 1.3581
2026/09/01 15:33:11 - __main__ - INFO - 162 - trainer - [104/257] Loss: 1.3548
2026/09/01 15:33:20 - __main__ - INFO - 162 - trainer - [156/257] Loss: 1.3711
2026/09/01 15:33:29 - __main__ - INFO - 162 - trainer - [208/257] Loss: 1.3912
2026/09/01 15:33:38 - __main__ - INFO - 167 - trainer - Average loss in epoch 78: 1.3499
2026/09/01 15:33:38 - __main__ - INFO - 117 - trainer - Epoch: 79
2026/09/01 15:33:38 - __main__ - INFO - 162 - trainer - [0/257] Loss: 1.3632
2026/09/01 15:33:48 - __main__ - INFO - 162 - trainer - [52/257] Loss: 1.3188
2026/09/01 15:33:58 - __main__ - INFO - 162 - trainer - [104/257] Loss: 1.3445
2026/09/01 15:34:07 - __main__ - INFO - 162 - trainer - [156/257] Loss: 1.3723
2026/09/01 15:34:16 - __main__ - INFO - 162 - trainer - [208/257] Loss: 1.3289
2026/09/01 15:34:25 - __main__ - INFO - 167 - trainer - Average loss in epoch 79: 1.3463
2026/09/01 15:34:25 - __main__ - INFO - 117 - trainer - Epoch: 80
2026/09/01 15:34:25 - __main__ - INFO - 162 - trainer - [0/257] Loss: 1.3380
2026/09/01 15:34:35 - __main__ - INFO - 162 - trainer - [52/257] Loss: 1.3422
2026/09/01 15:34:45 - __main__ - INFO - 162 - trainer - [104/257] Loss: 1.3485
2026/09/01 15:34:54 - __main__ - INFO - 162 - trainer - [156/257] Loss: 1.3215
2026/09/01 15:35:03 - __main__ - INFO - 162 - trainer - [208/257] Loss: 1.3154
2026/09/01 15:35:11 - __main__ - INFO - 167 - trainer - Average loss in epoch 80: 1.3402
2026/09/01 15:35:11 - __main__ - INFO - 173 - trainer - start predicting: 2026-09-01 15:35:11.244264
2026/09/01 15:37:40 - __main__ - INFO - 203 - trainer - {'Best_HR@5': np.float64(7.6933), 'Best_HR@10': np.float64(10.696), 'Best_HR@20': np.float64(14.5408), 'Best_NDCG@5': np.float64(5.283), 'Best_NDCG@10': np.float64(6.2506), 'Best_NDCG@20': np.float64(7.2221)}
2026/09/01 15:37:40 - __main__ - INFO - 204 - trainer - {'Best_epoch_HR@5': 80, 'Best_epoch_HR@10': 80, 'Best_epoch_HR@20': 80, 'Best_epoch_NDCG@5': 80, 'Best_epoch_NDCG@10': 80, 'Best_epoch_NDCG@20': 80}
2026/09/01 15:37:40 - __main__ - INFO - 117 - trainer - Epoch: 81
2026/09/01 15:37:40 - __main__ - INFO - 162 - trainer - [0/257] Loss: 1.3006
2026/09/01 15:37:51 - __main__ - INFO - 162 - trainer - [52/257] Loss: 1.3423
2026/09/01 15:38:00 - __main__ - INFO - 162 - trainer - [104/257] Loss: 1.3164
2026/09/01 15:38:10 - __main__ - INFO - 162 - trainer - [156/257] Loss: 1.3716
2026/09/01 15:38:20 - __main__ - INFO - 162 - trainer - [208/257] Loss: 1.2994
2026/09/01 15:38:30 - __main__ - INFO - 167 - trainer - Average loss in epoch 81: 1.3374
2026/09/01 15:38:30 - __main__ - INFO - 117 - trainer - Epoch: 82
2026/09/01 15:38:30 - __main__ - INFO - 162 - trainer - [0/257] Loss: 1.3183
2026/09/01 15:38:40 - __main__ - INFO - 162 - trainer - [52/257] Loss: 1.3087
2026/09/01 15:38:49 - __main__ - INFO - 162 - trainer - [104/257] Loss: 1.3366
2026/09/01 15:38:58 - __main__ - INFO - 162 - trainer - [156/257] Loss: 1.3468
2026/09/01 15:39:07 - __main__ - INFO - 162 - trainer - [208/257] Loss: 1.3357
2026/09/01 15:39:16 - __main__ - INFO - 167 - trainer - Average loss in epoch 82: 1.3328
2026/09/01 15:39:16 - __main__ - INFO - 117 - trainer - Epoch: 83
2026/09/01 15:39:16 - __main__ - INFO - 162 - trainer - [0/257] Loss: 1.3172
2026/09/01 15:39:27 - __main__ - INFO - 162 - trainer - [52/257] Loss: 1.3133
2026/09/01 15:39:37 - __main__ - INFO - 162 - trainer - [104/257] Loss: 1.3182
2026/09/01 15:39:48 - __main__ - INFO - 162 - trainer - [156/257] Loss: 1.3380
2026/09/01 15:39:58 - __main__ - INFO - 162 - trainer - [208/257] Loss: 1.3296
2026/09/01 15:40:07 - __main__ - INFO - 167 - trainer - Average loss in epoch 83: 1.3284
2026/09/01 15:40:07 - __main__ - INFO - 117 - trainer - Epoch: 84
2026/09/01 15:40:07 - __main__ - INFO - 162 - trainer - [0/257] Loss: 1.3485
2026/09/01 15:40:17 - __main__ - INFO - 162 - trainer - [52/257] Loss: 1.2873
2026/09/01 15:40:26 - __main__ - INFO - 162 - trainer - [104/257] Loss: 1.2738
2026/09/01 15:40:36 - __main__ - INFO - 162 - trainer - [156/257] Loss: 1.3340
2026/09/01 15:40:45 - __main__ - INFO - 162 - trainer - [208/257] Loss: 1.3149
2026/09/01 15:40:54 - __main__ - INFO - 167 - trainer - Average loss in epoch 84: 1.3242
2026/09/01 15:40:54 - __main__ - INFO - 117 - trainer - Epoch: 85
2026/09/01 15:40:54 - __main__ - INFO - 162 - trainer - [0/257] Loss: 1.2932
2026/09/01 15:41:04 - __main__ - INFO - 162 - trainer - [52/257] Loss: 1.2989
2026/09/01 15:41:15 - __main__ - INFO - 162 - trainer - [104/257] Loss: 1.3226
2026/09/01 15:41:24 - __main__ - INFO - 162 - trainer - [156/257] Loss: 1.2730
2026/09/01 15:41:34 - __main__ - INFO - 162 - trainer - [208/257] Loss: 1.3456
2026/09/01 15:41:44 - __main__ - INFO - 167 - trainer - Average loss in epoch 85: 1.3209
2026/09/01 15:41:44 - __main__ - INFO - 117 - trainer - Epoch: 86
2026/09/01 15:41:44 - __main__ - INFO - 162 - trainer - [0/257] Loss: 1.2817
2026/09/01 15:41:54 - __main__ - INFO - 162 - trainer - [52/257] Loss: 1.3273
2026/09/01 15:42:03 - __main__ - INFO - 162 - trainer - [104/257] Loss: 1.3540
2026/09/01 15:42:14 - __main__ - INFO - 162 - trainer - [156/257] Loss: 1.3070
2026/09/01 15:42:24 - __main__ - INFO - 162 - trainer - [208/257] Loss: 1.2764
2026/09/01 15:42:33 - __main__ - INFO - 167 - trainer - Average loss in epoch 86: 1.3168
2026/09/01 15:42:33 - __main__ - INFO - 117 - trainer - Epoch: 87
2026/09/01 15:42:34 - __main__ - INFO - 162 - trainer - [0/257] Loss: 1.2923
2026/09/01 15:42:44 - __main__ - INFO - 162 - trainer - [52/257] Loss: 1.2726
2026/09/01 15:42:54 - __main__ - INFO - 162 - trainer - [104/257] Loss: 1.3456
2026/09/01 15:43:04 - __main__ - INFO - 162 - trainer - [156/257] Loss: 1.3481
2026/09/01 15:43:13 - __main__ - INFO - 162 - trainer - [208/257] Loss: 1.3275
2026/09/01 15:43:22 - __main__ - INFO - 167 - trainer - Average loss in epoch 87: 1.3130
2026/09/01 15:43:22 - __main__ - INFO - 117 - trainer - Epoch: 88
2026/09/01 15:43:22 - __main__ - INFO - 162 - trainer - [0/257] Loss: 1.3119
2026/09/01 15:43:32 - __main__ - INFO - 162 - trainer - [52/257] Loss: 1.3426
2026/09/01 15:43:42 - __main__ - INFO - 162 - trainer - [104/257] Loss: 1.3439
2026/09/01 15:43:51 - __main__ - INFO - 162 - trainer - [156/257] Loss: 1.3163
2026/09/01 15:44:00 - __main__ - INFO - 162 - trainer - [208/257] Loss: 1.3358
2026/09/01 15:44:09 - __main__ - INFO - 167 - trainer - Average loss in epoch 88: 1.3101
2026/09/01 15:44:09 - __main__ - INFO - 117 - trainer - Epoch: 89
2026/09/01 15:44:09 - __main__ - INFO - 162 - trainer - [0/257] Loss: 1.2678
2026/09/01 15:44:19 - __main__ - INFO - 162 - trainer - [52/257] Loss: 1.3295
2026/09/01 15:44:28 - __main__ - INFO - 162 - trainer - [104/257] Loss: 1.2992
2026/09/01 15:44:38 - __main__ - INFO - 162 - trainer - [156/257] Loss: 1.3372
2026/09/01 15:44:48 - __main__ - INFO - 162 - trainer - [208/257] Loss: 1.3196
2026/09/01 15:44:56 - __main__ - INFO - 167 - trainer - Average loss in epoch 89: 1.3062
2026/09/01 15:44:56 - __main__ - INFO - 117 - trainer - Epoch: 90
2026/09/01 15:44:57 - __main__ - INFO - 162 - trainer - [0/257] Loss: 1.2662
2026/09/01 15:45:06 - __main__ - INFO - 162 - trainer - [52/257] Loss: 1.3368
2026/09/01 15:45:14 - __main__ - INFO - 162 - trainer - [104/257] Loss: 1.2763
2026/09/01 15:45:24 - __main__ - INFO - 162 - trainer - [156/257] Loss: 1.3300
2026/09/01 15:45:33 - __main__ - INFO - 162 - trainer - [208/257] Loss: 1.2954
2026/09/01 15:45:42 - __main__ - INFO - 167 - trainer - Average loss in epoch 90: 1.3022
2026/09/01 15:45:42 - __main__ - INFO - 117 - trainer - Epoch: 91
2026/09/01 15:45:42 - __main__ - INFO - 162 - trainer - [0/257] Loss: 1.2971
2026/09/01 15:45:52 - __main__ - INFO - 162 - trainer - [52/257] Loss: 1.2969
2026/09/01 15:46:01 - __main__ - INFO - 162 - trainer - [104/257] Loss: 1.3112
2026/09/01 15:46:11 - __main__ - INFO - 162 - trainer - [156/257] Loss: 1.2822
2026/09/01 15:46:20 - __main__ - INFO - 162 - trainer - [208/257] Loss: 1.3211
2026/09/01 15:46:29 - __main__ - INFO - 167 - trainer - Average loss in epoch 91: 1.3003
2026/09/01 15:46:29 - __main__ - INFO - 117 - trainer - Epoch: 92
2026/09/01 15:46:29 - __main__ - INFO - 162 - trainer - [0/257] Loss: 1.2383
2026/09/01 15:46:39 - __main__ - INFO - 162 - trainer - [52/257] Loss: 1.2992
2026/09/01 15:46:48 - __main__ - INFO - 162 - trainer - [104/257] Loss: 1.3434
2026/09/01 15:46:57 - __main__ - INFO - 162 - trainer - [156/257] Loss: 1.2830
2026/09/01 15:47:06 - __main__ - INFO - 162 - trainer - [208/257] Loss: 1.3053
2026/09/01 15:47:16 - __main__ - INFO - 167 - trainer - Average loss in epoch 92: 1.2966
2026/09/01 15:47:16 - __main__ - INFO - 117 - trainer - Epoch: 93
2026/09/01 15:47:16 - __main__ - INFO - 162 - trainer - [0/257] Loss: 1.3030
2026/09/01 15:47:26 - __main__ - INFO - 162 - trainer - [52/257] Loss: 1.2822
2026/09/01 15:47:36 - __main__ - INFO - 162 - trainer - [104/257] Loss: 1.3067
2026/09/01 15:47:45 - __main__ - INFO - 162 - trainer - [156/257] Loss: 1.2880
2026/09/01 15:47:54 - __main__ - INFO - 162 - trainer - [208/257] Loss: 1.2654
2026/09/01 15:48:02 - __main__ - INFO - 167 - trainer - Average loss in epoch 93: 1.2916
2026/09/01 15:48:02 - __main__ - INFO - 117 - trainer - Epoch: 94
2026/09/01 15:48:03 - __main__ - INFO - 162 - trainer - [0/257] Loss: 1.2992
2026/09/01 15:48:12 - __main__ - INFO - 162 - trainer - [52/257] Loss: 1.2817
2026/09/01 15:48:22 - __main__ - INFO - 162 - trainer - [104/257] Loss: 1.3068
2026/09/01 15:48:31 - __main__ - INFO - 162 - trainer - [156/257] Loss: 1.3037
2026/09/01 15:48:41 - __main__ - INFO - 162 - trainer - [208/257] Loss: 1.2920
2026/09/01 15:48:50 - __main__ - INFO - 167 - trainer - Average loss in epoch 94: 1.2893
2026/09/01 15:48:50 - __main__ - INFO - 117 - trainer - Epoch: 95
2026/09/01 15:48:50 - __main__ - INFO - 162 - trainer - [0/257] Loss: 1.3181
2026/09/01 15:49:00 - __main__ - INFO - 162 - trainer - [52/257] Loss: 1.2694
2026/09/01 15:49:09 - __main__ - INFO - 162 - trainer - [104/257] Loss: 1.2963
2026/09/01 15:49:18 - __main__ - INFO - 162 - trainer - [156/257] Loss: 1.2974
2026/09/01 15:49:27 - __main__ - INFO - 162 - trainer - [208/257] Loss: 1.2786
2026/09/01 15:49:36 - __main__ - INFO - 167 - trainer - Average loss in epoch 95: 1.2854
2026/09/01 15:49:36 - __main__ - INFO - 117 - trainer - Epoch: 96
2026/09/01 15:49:36 - __main__ - INFO - 162 - trainer - [0/257] Loss: 1.2750
2026/09/01 15:49:45 - __main__ - INFO - 162 - trainer - [52/257] Loss: 1.2869
2026/09/01 15:49:55 - __main__ - INFO - 162 - trainer - [104/257] Loss: 1.2721
2026/09/01 15:50:04 - __main__ - INFO - 162 - trainer - [156/257] Loss: 1.2364
2026/09/01 15:50:14 - __main__ - INFO - 162 - trainer - [208/257] Loss: 1.2991
2026/09/01 15:50:22 - __main__ - INFO - 167 - trainer - Average loss in epoch 96: 1.2824
2026/09/01 15:50:22 - __main__ - INFO - 117 - trainer - Epoch: 97
2026/09/01 15:50:23 - __main__ - INFO - 162 - trainer - [0/257] Loss: 1.2454
2026/09/01 15:50:31 - __main__ - INFO - 162 - trainer - [52/257] Loss: 1.2820
2026/09/01 15:50:42 - __main__ - INFO - 162 - trainer - [104/257] Loss: 1.2650
2026/09/01 15:50:51 - __main__ - INFO - 162 - trainer - [156/257] Loss: 1.2882
2026/09/01 15:51:01 - __main__ - INFO - 162 - trainer - [208/257] Loss: 1.2675
2026/09/01 15:51:09 - __main__ - INFO - 167 - trainer - Average loss in epoch 97: 1.2783
2026/09/01 15:51:09 - __main__ - INFO - 117 - trainer - Epoch: 98
2026/09/01 15:51:10 - __main__ - INFO - 162 - trainer - [0/257] Loss: 1.2556
2026/09/01 15:51:19 - __main__ - INFO - 162 - trainer - [52/257] Loss: 1.2523
2026/09/01 15:51:28 - __main__ - INFO - 162 - trainer - [104/257] Loss: 1.2517
2026/09/01 15:51:36 - __main__ - INFO - 162 - trainer - [156/257] Loss: 1.2559
2026/09/01 15:51:46 - __main__ - INFO - 162 - trainer - [208/257] Loss: 1.2916
2026/09/01 15:51:54 - __main__ - INFO - 167 - trainer - Average loss in epoch 98: 1.2756
2026/09/01 15:51:54 - __main__ - INFO - 117 - trainer - Epoch: 99
2026/09/01 15:51:55 - __main__ - INFO - 162 - trainer - [0/257] Loss: 1.2416
2026/09/01 15:52:03 - __main__ - INFO - 162 - trainer - [52/257] Loss: 1.2704
2026/09/01 15:52:12 - __main__ - INFO - 162 - trainer - [104/257] Loss: 1.2862
2026/09/01 15:52:21 - __main__ - INFO - 162 - trainer - [156/257] Loss: 1.2712
2026/09/01 15:52:30 - __main__ - INFO - 162 - trainer - [208/257] Loss: 1.2739
2026/09/01 15:52:39 - __main__ - INFO - 167 - trainer - Average loss in epoch 99: 1.2717
2026/09/01 15:52:39 - __main__ - INFO - 117 - trainer - Epoch: 100
2026/09/01 15:52:40 - __main__ - INFO - 162 - trainer - [0/257] Loss: 1.2364
2026/09/01 15:52:49 - __main__ - INFO - 162 - trainer - [52/257] Loss: 1.2095
2026/09/01 15:53:00 - __main__ - INFO - 162 - trainer - [104/257] Loss: 1.2323
2026/09/01 15:53:09 - __main__ - INFO - 162 - trainer - [156/257] Loss: 1.2334
2026/09/01 15:53:18 - __main__ - INFO - 162 - trainer - [208/257] Loss: 1.2539
2026/09/01 15:53:26 - __main__ - INFO - 167 - trainer - Average loss in epoch 100: 1.2541
2026/09/01 15:53:26 - __main__ - INFO - 173 - trainer - start predicting: 2026-09-01 15:53:26.716124
2026/09/01 15:55:54 - __main__ - INFO - 203 - trainer - {'Best_HR@5': np.float64(7.6933), 'Best_HR@10': np.float64(10.696), 'Best_HR@20': np.float64(14.8443), 'Best_NDCG@5': np.float64(5.3217), 'Best_NDCG@10': np.float64(6.3005), 'Best_NDCG@20': np.float64(7.3494)}
2026/09/01 15:55:54 - __main__ - INFO - 204 - trainer - {'Best_epoch_HR@5': 80, 'Best_epoch_HR@10': 80, 'Best_epoch_HR@20': 100, 'Best_epoch_NDCG@5': 100, 'Best_epoch_NDCG@10': 100, 'Best_epoch_NDCG@20': 100}
2026/09/01 15:55:54 - __main__ - INFO - 117 - trainer - Epoch: 101
2026/09/01 15:55:55 - __main__ - INFO - 162 - trainer - [0/257] Loss: 1.2649
2026/09/01 15:56:03 - __main__ - INFO - 162 - trainer - [52/257] Loss: 1.2738
2026/09/01 15:56:12 - __main__ - INFO - 162 - trainer - [104/257] Loss: 1.2503
2026/09/01 15:56:21 - __main__ - INFO - 162 - trainer - [156/257] Loss: 1.2370
2026/09/01 15:56:30 - __main__ - INFO - 162 - trainer - [208/257] Loss: 1.2849
2026/09/01 15:56:38 - __main__ - INFO - 167 - trainer - Average loss in epoch 101: 1.2511
2026/09/01 15:56:38 - __main__ - INFO - 117 - trainer - Epoch: 102
2026/09/01 15:56:38 - __main__ - INFO - 162 - trainer - [0/257] Loss: 1.2121
2026/09/01 15:56:48 - __main__ - INFO - 162 - trainer - [52/257] Loss: 1.2525
2026/09/01 15:56:57 - __main__ - INFO - 162 - trainer - [104/257] Loss: 1.2754
2026/09/01 15:57:05 - __main__ - INFO - 162 - trainer - [156/257] Loss: 1.2971
2026/09/01 15:57:14 - __main__ - INFO - 162 - trainer - [208/257] Loss: 1.2586
2026/09/01 15:57:22 - __main__ - INFO - 167 - trainer - Average loss in epoch 102: 1.2491
2026/09/01 15:57:22 - __main__ - INFO - 117 - trainer - Epoch: 103
2026/09/01 15:57:22 - __main__ - INFO - 162 - trainer - [0/257] Loss: 1.3075
2026/09/01 15:57:31 - __main__ - INFO - 162 - trainer - [52/257] Loss: 1.2553
2026/09/01 15:57:40 - __main__ - INFO - 162 - trainer - [104/257] Loss: 1.2452
2026/09/01 15:57:48 - __main__ - INFO - 162 - trainer - [156/257] Loss: 1.2292
2026/09/01 15:57:57 - __main__ - INFO - 162 - trainer - [208/257] Loss: 1.2878
2026/09/01 15:58:05 - __main__ - INFO - 167 - trainer - Average loss in epoch 103: 1.2484
2026/09/01 15:58:05 - __main__ - INFO - 117 - trainer - Epoch: 104
2026/09/01 15:58:05 - __main__ - INFO - 162 - trainer - [0/257] Loss: 1.2132
2026/09/01 15:58:14 - __main__ - INFO - 162 - trainer - [52/257] Loss: 1.2718
2026/09/01 15:58:22 - __main__ - INFO - 162 - trainer - [104/257] Loss: 1.2754
2026/09/01 15:58:31 - __main__ - INFO - 162 - trainer - [156/257] Loss: 1.2570
2026/09/01 15:58:41 - __main__ - INFO - 162 - trainer - [208/257] Loss: 1.2184
2026/09/01 15:58:50 - __main__ - INFO - 167 - trainer - Average loss in epoch 104: 1.2470
2026/09/01 15:58:50 - __main__ - INFO - 117 - trainer - Epoch: 105
2026/09/01 15:58:50 - __main__ - INFO - 162 - trainer - [0/257] Loss: 1.2354
2026/09/01 15:58:59 - __main__ - INFO - 162 - trainer - [52/257] Loss: 1.2130
2026/09/01 15:59:08 - __main__ - INFO - 162 - trainer - [104/257] Loss: 1.2357
2026/09/01 15:59:16 - __main__ - INFO - 162 - trainer - [156/257] Loss: 1.2313
2026/09/01 15:59:25 - __main__ - INFO - 162 - trainer - [208/257] Loss: 1.2462
2026/09/01 15:59:33 - __main__ - INFO - 167 - trainer - Average loss in epoch 105: 1.2471
2026/09/01 15:59:33 - __main__ - INFO - 117 - trainer - Epoch: 106
2026/09/01 15:59:33 - __main__ - INFO - 162 - trainer - [0/257] Loss: 1.2632
2026/09/01 15:59:42 - __main__ - INFO - 162 - trainer - [52/257] Loss: 1.2284
2026/09/01 15:59:51 - __main__ - INFO - 162 - trainer - [104/257] Loss: 1.2317
2026/09/01 16:00:00 - __main__ - INFO - 162 - trainer - [156/257] Loss: 1.2433
2026/09/01 16:00:09 - __main__ - INFO - 162 - trainer - [208/257] Loss: 1.2623
2026/09/01 16:00:18 - __main__ - INFO - 167 - trainer - Average loss in epoch 106: 1.2453
2026/09/01 16:00:18 - __main__ - INFO - 117 - trainer - Epoch: 107
2026/09/01 16:00:18 - __main__ - INFO - 162 - trainer - [0/257] Loss: 1.2565
2026/09/01 16:00:27 - __main__ - INFO - 162 - trainer - [52/257] Loss: 1.2568
2026/09/01 16:00:36 - __main__ - INFO - 162 - trainer - [104/257] Loss: 1.2272
2026/09/01 16:00:45 - __main__ - INFO - 162 - trainer - [156/257] Loss: 1.2352
2026/09/01 16:00:54 - __main__ - INFO - 162 - trainer - [208/257] Loss: 1.2761
2026/09/01 16:01:02 - __main__ - INFO - 167 - trainer - Average loss in epoch 107: 1.2452
2026/09/01 16:01:02 - __main__ - INFO - 117 - trainer - Epoch: 108
2026/09/01 16:01:02 - __main__ - INFO - 162 - trainer - [0/257] Loss: 1.1933
2026/09/01 16:01:12 - __main__ - INFO - 162 - trainer - [52/257] Loss: 1.2436
2026/09/01 16:01:20 - __main__ - INFO - 162 - trainer - [104/257] Loss: 1.2365
2026/09/01 16:01:29 - __main__ - INFO - 162 - trainer - [156/257] Loss: 1.2391
2026/09/01 16:01:39 - __main__ - INFO - 162 - trainer - [208/257] Loss: 1.2596
2026/09/01 16:01:48 - __main__ - INFO - 167 - trainer - Average loss in epoch 108: 1.2435
2026/09/01 16:01:48 - __main__ - INFO - 117 - trainer - Epoch: 109
2026/09/01 16:01:48 - __main__ - INFO - 162 - trainer - [0/257] Loss: 1.2587
2026/09/01 16:01:56 - __main__ - INFO - 162 - trainer - [52/257] Loss: 1.2729
2026/09/01 16:02:05 - __main__ - INFO - 162 - trainer - [104/257] Loss: 1.2217
2026/09/01 16:02:14 - __main__ - INFO - 162 - trainer - [156/257] Loss: 1.2732
2026/09/01 16:02:23 - __main__ - INFO - 162 - trainer - [208/257] Loss: 1.2618
2026/09/01 16:02:30 - __main__ - INFO - 167 - trainer - Average loss in epoch 109: 1.2428
2026/09/01 16:02:30 - __main__ - INFO - 117 - trainer - Epoch: 110
2026/09/01 16:02:31 - __main__ - INFO - 162 - trainer - [0/257] Loss: 1.2470
2026/09/01 16:02:40 - __main__ - INFO - 162 - trainer - [52/257] Loss: 1.2588
2026/09/01 16:02:49 - __main__ - INFO - 162 - trainer - [104/257] Loss: 1.2366
2026/09/01 16:02:57 - __main__ - INFO - 162 - trainer - [156/257] Loss: 1.2281
2026/09/01 16:03:06 - __main__ - INFO - 162 - trainer - [208/257] Loss: 1.2112
2026/09/01 16:03:14 - __main__ - INFO - 167 - trainer - Average loss in epoch 110: 1.2429
2026/09/01 16:03:14 - __main__ - INFO - 117 - trainer - Epoch: 111
2026/09/01 16:03:15 - __main__ - INFO - 162 - trainer - [0/257] Loss: 1.2494
2026/09/01 16:03:23 - __main__ - INFO - 162 - trainer - [52/257] Loss: 1.2367
2026/09/01 16:03:32 - __main__ - INFO - 162 - trainer - [104/257] Loss: 1.2786
2026/09/01 16:03:41 - __main__ - INFO - 162 - trainer - [156/257] Loss: 1.2172
2026/09/01 16:03:51 - __main__ - INFO - 162 - trainer - [208/257] Loss: 1.2527
2026/09/01 16:03:59 - __main__ - INFO - 167 - trainer - Average loss in epoch 111: 1.2427
2026/09/01 16:03:59 - __main__ - INFO - 117 - trainer - Epoch: 112
2026/09/01 16:03:59 - __main__ - INFO - 162 - trainer - [0/257] Loss: 1.2490
2026/09/01 16:04:08 - __main__ - INFO - 162 - trainer - [52/257] Loss: 1.2579
2026/09/01 16:04:17 - __main__ - INFO - 162 - trainer - [104/257] Loss: 1.1820
2026/09/01 16:04:26 - __main__ - INFO - 162 - trainer - [156/257] Loss: 1.2415
2026/09/01 16:04:36 - __main__ - INFO - 162 - trainer - [208/257] Loss: 1.2618
2026/09/01 16:04:44 - __main__ - INFO - 167 - trainer - Average loss in epoch 112: 1.2424
2026/09/01 16:04:44 - __main__ - INFO - 117 - trainer - Epoch: 113
2026/09/01 16:04:44 - __main__ - INFO - 162 - trainer - [0/257] Loss: 1.2661
2026/09/01 16:04:53 - __main__ - INFO - 162 - trainer - [52/257] Loss: 1.2551
2026/09/01 16:05:01 - __main__ - INFO - 162 - trainer - [104/257] Loss: 1.2245
2026/09/01 16:05:10 - __main__ - INFO - 162 - trainer - [156/257] Loss: 1.2749
2026/09/01 16:05:20 - __main__ - INFO - 162 - trainer - [208/257] Loss: 1.2592
2026/09/01 16:05:28 - __main__ - INFO - 167 - trainer - Average loss in epoch 113: 1.2400
2026/09/01 16:05:28 - __main__ - INFO - 117 - trainer - Epoch: 114
2026/09/01 16:05:28 - __main__ - INFO - 162 - trainer - [0/257] Loss: 1.2829
2026/09/01 16:05:38 - __main__ - INFO - 162 - trainer - [52/257] Loss: 1.2617
2026/09/01 16:05:46 - __main__ - INFO - 162 - trainer - [104/257] Loss: 1.2716
2026/09/01 16:05:56 - __main__ - INFO - 162 - trainer - [156/257] Loss: 1.2330
2026/09/01 16:06:05 - __main__ - INFO - 162 - trainer - [208/257] Loss: 1.2713
2026/09/01 16:06:13 - __main__ - INFO - 167 - trainer - Average loss in epoch 114: 1.2405
2026/09/01 16:06:13 - __main__ - INFO - 117 - trainer - Epoch: 115
2026/09/01 16:06:14 - __main__ - INFO - 162 - trainer - [0/257] Loss: 1.2506
2026/09/01 16:06:22 - __main__ - INFO - 162 - trainer - [52/257] Loss: 1.2237
2026/09/01 16:06:32 - __main__ - INFO - 162 - trainer - [104/257] Loss: 1.2282
2026/09/01 16:06:41 - __main__ - INFO - 162 - trainer - [156/257] Loss: 1.2499
2026/09/01 16:06:50 - __main__ - INFO - 162 - trainer - [208/257] Loss: 1.2476
2026/09/01 16:06:58 - __main__ - INFO - 167 - trainer - Average loss in epoch 115: 1.2397
2026/09/01 16:06:58 - __main__ - INFO - 117 - trainer - Epoch: 116
2026/09/01 16:06:58 - __main__ - INFO - 162 - trainer - [0/257] Loss: 1.2567
2026/09/01 16:07:07 - __main__ - INFO - 162 - trainer - [52/257] Loss: 1.2392
2026/09/01 16:07:16 - __main__ - INFO - 162 - trainer - [104/257] Loss: 1.2307
2026/09/01 16:07:25 - __main__ - INFO - 162 - trainer - [156/257] Loss: 1.2954
2026/09/01 16:07:34 - __main__ - INFO - 162 - trainer - [208/257] Loss: 1.2597
2026/09/01 16:07:42 - __main__ - INFO - 167 - trainer - Average loss in epoch 116: 1.2391
2026/09/01 16:07:42 - __main__ - INFO - 117 - trainer - Epoch: 117
2026/09/01 16:07:43 - __main__ - INFO - 162 - trainer - [0/257] Loss: 1.2388
2026/09/01 16:07:52 - __main__ - INFO - 162 - trainer - [52/257] Loss: 1.2389
2026/09/01 16:08:01 - __main__ - INFO - 162 - trainer - [104/257] Loss: 1.2531
2026/09/01 16:08:10 - __main__ - INFO - 162 - trainer - [156/257] Loss: 1.2431
2026/09/01 16:08:19 - __main__ - INFO - 162 - trainer - [208/257] Loss: 1.2414
2026/09/01 16:08:27 - __main__ - INFO - 167 - trainer - Average loss in epoch 117: 1.2389
2026/09/01 16:08:27 - __main__ - INFO - 117 - trainer - Epoch: 118
2026/09/01 16:08:27 - __main__ - INFO - 162 - trainer - [0/257] Loss: 1.2135
2026/09/01 16:08:37 - __main__ - INFO - 162 - trainer - [52/257] Loss: 1.2143
2026/09/01 16:08:46 - __main__ - INFO - 162 - trainer - [104/257] Loss: 1.2237
2026/09/01 16:08:55 - __main__ - INFO - 162 - trainer - [156/257] Loss: 1.2604
2026/09/01 16:09:04 - __main__ - INFO - 162 - trainer - [208/257] Loss: 1.2510
2026/09/01 16:09:12 - __main__ - INFO - 167 - trainer - Average loss in epoch 118: 1.2381
2026/09/01 16:09:12 - __main__ - INFO - 117 - trainer - Epoch: 119
2026/09/01 16:09:12 - __main__ - INFO - 162 - trainer - [0/257] Loss: 1.2555
2026/09/01 16:09:21 - __main__ - INFO - 162 - trainer - [52/257] Loss: 1.1996
2026/09/01 16:09:29 - __main__ - INFO - 162 - trainer - [104/257] Loss: 1.2694
2026/09/01 16:09:38 - __main__ - INFO - 162 - trainer - [156/257] Loss: 1.2577
2026/09/01 16:09:48 - __main__ - INFO - 162 - trainer - [208/257] Loss: 1.2664
2026/09/01 16:09:57 - __main__ - INFO - 167 - trainer - Average loss in epoch 119: 1.2379
2026/09/01 16:09:57 - __main__ - INFO - 117 - trainer - Epoch: 120
2026/09/01 16:09:57 - __main__ - INFO - 162 - trainer - [0/257] Loss: 1.2475
2026/09/01 16:10:06 - __main__ - INFO - 162 - trainer - [52/257] Loss: 1.2194
2026/09/01 16:10:15 - __main__ - INFO - 162 - trainer - [104/257] Loss: 1.2195
2026/09/01 16:10:24 - __main__ - INFO - 162 - trainer - [156/257] Loss: 1.1995
2026/09/01 16:10:34 - __main__ - INFO - 162 - trainer - [208/257] Loss: 1.2417
2026/09/01 16:10:43 - __main__ - INFO - 167 - trainer - Average loss in epoch 120: 1.2364
2026/09/01 16:10:43 - __main__ - INFO - 173 - trainer - start predicting: 2026-09-01 16:10:43.527930
2026/09/01 16:13:12 - __main__ - INFO - 203 - trainer - {'Best_HR@5': np.float64(7.6977), 'Best_HR@10': np.float64(10.8376), 'Best_HR@20': np.float64(14.8443), 'Best_NDCG@5': np.float64(5.3704), 'Best_NDCG@10': np.float64(6.3771), 'Best_NDCG@20': np.float64(7.3773)}
2026/09/01 16:13:12 - __main__ - INFO - 204 - trainer - {'Best_epoch_HR@5': 120, 'Best_epoch_HR@10': 120, 'Best_epoch_HR@20': 100, 'Best_epoch_NDCG@5': 120, 'Best_epoch_NDCG@10': 120, 'Best_epoch_NDCG@20': 120}
2026/09/01 16:13:12 - __main__ - INFO - 117 - trainer - Epoch: 121
2026/09/01 16:13:12 - __main__ - INFO - 162 - trainer - [0/257] Loss: 1.2399
2026/09/01 16:13:22 - __main__ - INFO - 162 - trainer - [52/257] Loss: 1.2289
2026/09/01 16:13:31 - __main__ - INFO - 162 - trainer - [104/257] Loss: 1.2083
2026/09/01 16:13:39 - __main__ - INFO - 162 - trainer - [156/257] Loss: 1.2608
2026/09/01 16:13:48 - __main__ - INFO - 162 - trainer - [208/257] Loss: 1.2093
2026/09/01 16:13:55 - __main__ - INFO - 167 - trainer - Average loss in epoch 121: 1.2373
2026/09/01 16:13:55 - __main__ - INFO - 117 - trainer - Epoch: 122
2026/09/01 16:13:56 - __main__ - INFO - 162 - trainer - [0/257] Loss: 1.2169
2026/09/01 16:14:05 - __main__ - INFO - 162 - trainer - [52/257] Loss: 1.2208
2026/09/01 16:14:13 - __main__ - INFO - 162 - trainer - [104/257] Loss: 1.1912
2026/09/01 16:14:22 - __main__ - INFO - 162 - trainer - [156/257] Loss: 1.2237
2026/09/01 16:14:30 - __main__ - INFO - 162 - trainer - [208/257] Loss: 1.2660
2026/09/01 16:14:38 - __main__ - INFO - 167 - trainer - Average loss in epoch 122: 1.2355
2026/09/01 16:14:38 - __main__ - INFO - 117 - trainer - Epoch: 123
2026/09/01 16:14:38 - __main__ - INFO - 162 - trainer - [0/257] Loss: 1.2326
2026/09/01 16:14:47 - __main__ - INFO - 162 - trainer - [52/257] Loss: 1.2314
2026/09/01 16:14:55 - __main__ - INFO - 162 - trainer - [104/257] Loss: 1.2076
2026/09/01 16:15:04 - __main__ - INFO - 162 - trainer - [156/257] Loss: 1.2050
2026/09/01 16:15:13 - __main__ - INFO - 162 - trainer - [208/257] Loss: 1.2240
2026/09/01 16:15:20 - __main__ - INFO - 167 - trainer - Average loss in epoch 123: 1.2354
2026/09/01 16:15:20 - __main__ - INFO - 117 - trainer - Epoch: 124
2026/09/01 16:15:21 - __main__ - INFO - 162 - trainer - [0/257] Loss: 1.2386
2026/09/01 16:15:30 - __main__ - INFO - 162 - trainer - [52/257] Loss: 1.2295
2026/09/01 16:15:39 - __main__ - INFO - 162 - trainer - [104/257] Loss: 1.2196
2026/09/01 16:15:47 - __main__ - INFO - 162 - trainer - [156/257] Loss: 1.2253
2026/09/01 16:15:56 - __main__ - INFO - 162 - trainer - [208/257] Loss: 1.2348
2026/09/01 16:16:06 - __main__ - INFO - 167 - trainer - Average loss in epoch 124: 1.2347
2026/09/01 16:16:06 - __main__ - INFO - 117 - trainer - Epoch: 125
2026/09/01 16:16:06 - __main__ - INFO - 162 - trainer - [0/257] Loss: 1.2086
2026/09/01 16:16:15 - __main__ - INFO - 162 - trainer - [52/257] Loss: 1.2091
2026/09/01 16:16:24 - __main__ - INFO - 162 - trainer - [104/257] Loss: 1.2387
2026/09/01 16:16:33 - __main__ - INFO - 162 - trainer - [156/257] Loss: 1.2243
2026/09/01 16:16:41 - __main__ - INFO - 162 - trainer - [208/257] Loss: 1.2198
2026/09/01 16:16:50 - __main__ - INFO - 167 - trainer - Average loss in epoch 125: 1.2334
2026/09/01 16:16:50 - __main__ - INFO - 117 - trainer - Epoch: 126
2026/09/01 16:16:50 - __main__ - INFO - 162 - trainer - [0/257] Loss: 1.2231
2026/09/01 16:17:00 - __main__ - INFO - 162 - trainer - [52/257] Loss: 1.2610
2026/09/01 16:17:10 - __main__ - INFO - 162 - trainer - [104/257] Loss: 1.2251
2026/09/01 16:17:19 - __main__ - INFO - 162 - trainer - [156/257] Loss: 1.2629
2026/09/01 16:17:29 - __main__ - INFO - 162 - trainer - [208/257] Loss: 1.2371
2026/09/01 16:17:38 - __main__ - INFO - 167 - trainer - Average loss in epoch 126: 1.2347
2026/09/01 16:17:38 - __main__ - INFO - 117 - trainer - Epoch: 127
2026/09/01 16:17:38 - __main__ - INFO - 162 - trainer - [0/257] Loss: 1.2536
2026/09/01 16:17:47 - __main__ - INFO - 162 - trainer - [52/257] Loss: 1.2337
2026/09/01 16:17:55 - __main__ - INFO - 162 - trainer - [104/257] Loss: 1.2379
2026/09/01 16:18:05 - __main__ - INFO - 162 - trainer - [156/257] Loss: 1.2167
2026/09/01 16:18:14 - __main__ - INFO - 162 - trainer - [208/257] Loss: 1.2495
2026/09/01 16:18:22 - __main__ - INFO - 167 - trainer - Average loss in epoch 127: 1.2335
2026/09/01 16:18:22 - __main__ - INFO - 117 - trainer - Epoch: 128
2026/09/01 16:18:22 - __main__ - INFO - 162 - trainer - [0/257] Loss: 1.2616
2026/09/01 16:18:33 - __main__ - INFO - 162 - trainer - [52/257] Loss: 1.2062
2026/09/01 16:18:43 - __main__ - INFO - 162 - trainer - [104/257] Loss: 1.2426
2026/09/01 16:18:53 - __main__ - INFO - 162 - trainer - [156/257] Loss: 1.2349
2026/09/01 16:19:03 - __main__ - INFO - 162 - trainer - [208/257] Loss: 1.2493
2026/09/01 16:19:12 - __main__ - INFO - 167 - trainer - Average loss in epoch 128: 1.2340
2026/09/01 16:19:12 - __main__ - INFO - 117 - trainer - Epoch: 129
2026/09/01 16:19:12 - __main__ - INFO - 162 - trainer - [0/257] Loss: 1.2559
2026/09/01 16:19:23 - __main__ - INFO - 162 - trainer - [52/257] Loss: 1.2461
2026/09/01 16:19:33 - __main__ - INFO - 162 - trainer - [104/257] Loss: 1.2747
2026/09/01 16:19:43 - __main__ - INFO - 162 - trainer - [156/257] Loss: 1.2455
2026/09/01 16:19:54 - __main__ - INFO - 162 - trainer - [208/257] Loss: 1.2045
2026/09/01 16:20:04 - __main__ - INFO - 167 - trainer - Average loss in epoch 129: 1.2313
2026/09/01 16:20:04 - __main__ - INFO - 117 - trainer - Epoch: 130
2026/09/01 16:20:04 - __main__ - INFO - 162 - trainer - [0/257] Loss: 1.2201
2026/09/01 16:20:14 - __main__ - INFO - 162 - trainer - [52/257] Loss: 1.2389
2026/09/01 16:20:25 - __main__ - INFO - 162 - trainer - [104/257] Loss: 1.2314
2026/09/01 16:20:35 - __main__ - INFO - 162 - trainer - [156/257] Loss: 1.2528
2026/09/01 16:20:46 - __main__ - INFO - 162 - trainer - [208/257] Loss: 1.2480
2026/09/01 16:20:55 - __main__ - INFO - 167 - trainer - Average loss in epoch 130: 1.2327
2026/09/01 16:20:55 - __main__ - INFO - 117 - trainer - Epoch: 131
2026/09/01 16:20:55 - __main__ - INFO - 162 - trainer - [0/257] Loss: 1.2448
2026/09/01 16:21:06 - __main__ - INFO - 162 - trainer - [52/257] Loss: 1.2281
2026/09/01 16:21:16 - __main__ - INFO - 162 - trainer - [104/257] Loss: 1.2432
2026/09/01 16:21:26 - __main__ - INFO - 162 - trainer - [156/257] Loss: 1.2219
2026/09/01 16:21:36 - __main__ - INFO - 162 - trainer - [208/257] Loss: 1.2023
2026/09/01 16:21:46 - __main__ - INFO - 167 - trainer - Average loss in epoch 131: 1.2328
2026/09/01 16:21:46 - __main__ - INFO - 117 - trainer - Epoch: 132
2026/09/01 16:21:46 - __main__ - INFO - 162 - trainer - [0/257] Loss: 1.2604
2026/09/01 16:21:56 - __main__ - INFO - 162 - trainer - [52/257] Loss: 1.2399
2026/09/01 16:22:06 - __main__ - INFO - 162 - trainer - [104/257] Loss: 1.2275
2026/09/01 16:22:17 - __main__ - INFO - 162 - trainer - [156/257] Loss: 1.2487
2026/09/01 16:22:28 - __main__ - INFO - 162 - trainer - [208/257] Loss: 1.2398
2026/09/01 16:22:37 - __main__ - INFO - 167 - trainer - Average loss in epoch 132: 1.2320
2026/09/01 16:22:37 - __main__ - INFO - 117 - trainer - Epoch: 133
2026/09/01 16:22:37 - __main__ - INFO - 162 - trainer - [0/257] Loss: 1.2346
2026/09/01 16:22:47 - __main__ - INFO - 162 - trainer - [52/257] Loss: 1.1992
2026/09/01 16:22:57 - __main__ - INFO - 162 - trainer - [104/257] Loss: 1.2248
2026/09/01 16:23:07 - __main__ - INFO - 162 - trainer - [156/257] Loss: 1.2518
2026/09/01 16:23:16 - __main__ - INFO - 162 - trainer - [208/257] Loss: 1.2212
2026/09/01 16:23:24 - __main__ - INFO - 167 - trainer - Average loss in epoch 133: 1.2315
2026/09/01 16:23:24 - __main__ - INFO - 117 - trainer - Epoch: 134
2026/09/01 16:23:25 - __main__ - INFO - 162 - trainer - [0/257] Loss: 1.2104
2026/09/01 16:23:35 - __main__ - INFO - 162 - trainer - [52/257] Loss: 1.2664
2026/09/01 16:23:45 - __main__ - INFO - 162 - trainer - [104/257] Loss: 1.2341
2026/09/01 16:23:55 - __main__ - INFO - 162 - trainer - [156/257] Loss: 1.2407
2026/09/01 16:24:04 - __main__ - INFO - 162 - trainer - [208/257] Loss: 1.2219
2026/09/01 16:24:13 - __main__ - INFO - 167 - trainer - Average loss in epoch 134: 1.2315
2026/09/01 16:24:13 - __main__ - INFO - 117 - trainer - Epoch: 135
2026/09/01 16:24:13 - __main__ - INFO - 162 - trainer - [0/257] Loss: 1.2429
2026/09/01 16:24:24 - __main__ - INFO - 162 - trainer - [52/257] Loss: 1.1942
2026/09/01 16:24:35 - __main__ - INFO - 162 - trainer - [104/257] Loss: 1.1916
2026/09/01 16:24:47 - __main__ - INFO - 162 - trainer - [156/257] Loss: 1.2056
2026/09/01 16:24:57 - __main__ - INFO - 162 - trainer - [208/257] Loss: 1.2157
2026/09/01 16:25:08 - __main__ - INFO - 167 - trainer - Average loss in epoch 135: 1.2306
2026/09/01 16:25:08 - __main__ - INFO - 117 - trainer - Epoch: 136
2026/09/01 16:25:08 - __main__ - INFO - 162 - trainer - [0/257] Loss: 1.2534
2026/09/01 16:25:17 - __main__ - INFO - 162 - trainer - [52/257] Loss: 1.1992
2026/09/01 16:25:27 - __main__ - INFO - 162 - trainer - [104/257] Loss: 1.2261
2026/09/01 16:25:37 - __main__ - INFO - 162 - trainer - [156/257] Loss: 1.2065
2026/09/01 16:25:47 - __main__ - INFO - 162 - trainer - [208/257] Loss: 1.2256
2026/09/01 16:25:56 - __main__ - INFO - 167 - trainer - Average loss in epoch 136: 1.2293
2026/09/01 16:25:56 - __main__ - INFO - 117 - trainer - Epoch: 137
2026/09/01 16:25:56 - __main__ - INFO - 162 - trainer - [0/257] Loss: 1.2480
2026/09/01 16:26:07 - __main__ - INFO - 162 - trainer - [52/257] Loss: 1.2105
2026/09/01 16:26:17 - __main__ - INFO - 162 - trainer - [104/257] Loss: 1.2277
2026/09/01 16:26:27 - __main__ - INFO - 162 - trainer - [156/257] Loss: 1.2421
2026/09/01 16:26:36 - __main__ - INFO - 162 - trainer - [208/257] Loss: 1.2182
2026/09/01 16:26:45 - __main__ - INFO - 167 - trainer - Average loss in epoch 137: 1.2288
2026/09/01 16:26:45 - __main__ - INFO - 117 - trainer - Epoch: 138
2026/09/01 16:26:45 - __main__ - INFO - 162 - trainer - [0/257] Loss: 1.2165
2026/09/01 16:26:55 - __main__ - INFO - 162 - trainer - [52/257] Loss: 1.2300
2026/09/01 16:27:05 - __main__ - INFO - 162 - trainer - [104/257] Loss: 1.2148
2026/09/01 16:27:16 - __main__ - INFO - 162 - trainer - [156/257] Loss: 1.2024
2026/09/01 16:27:26 - __main__ - INFO - 162 - trainer - [208/257] Loss: 1.2144
2026/09/01 16:27:36 - __main__ - INFO - 167 - trainer - Average loss in epoch 138: 1.2287
2026/09/01 16:27:36 - __main__ - INFO - 117 - trainer - Epoch: 139
2026/09/01 16:27:36 - __main__ - INFO - 162 - trainer - [0/257] Loss: 1.2459
2026/09/01 16:27:46 - __main__ - INFO - 162 - trainer - [52/257] Loss: 1.2684
2026/09/01 16:27:56 - __main__ - INFO - 162 - trainer - [104/257] Loss: 1.2232
2026/09/01 16:28:06 - __main__ - INFO - 162 - trainer - [156/257] Loss: 1.2258
2026/09/01 16:28:17 - __main__ - INFO - 162 - trainer - [208/257] Loss: 1.2598
2026/09/01 16:28:26 - __main__ - INFO - 167 - trainer - Average loss in epoch 139: 1.2297
2026/09/01 16:28:26 - __main__ - INFO - 117 - trainer - Epoch: 140
2026/09/01 16:28:26 - __main__ - INFO - 162 - trainer - [0/257] Loss: 1.2386
2026/09/01 16:28:37 - __main__ - INFO - 162 - trainer - [52/257] Loss: 1.2621
2026/09/01 16:28:48 - __main__ - INFO - 162 - trainer - [104/257] Loss: 1.1809
2026/09/01 16:28:58 - __main__ - INFO - 162 - trainer - [156/257] Loss: 1.2336
2026/09/01 16:29:09 - __main__ - INFO - 162 - trainer - [208/257] Loss: 1.2374
2026/09/01 16:29:17 - __main__ - INFO - 167 - trainer - Average loss in epoch 140: 1.2289
2026/09/01 16:29:17 - __main__ - INFO - 173 - trainer - start predicting: 2026-09-01 16:29:17.943538
2026/09/01 16:32:15 - __main__ - INFO - 117 - trainer - Epoch: 141
2026/09/01 16:32:15 - __main__ - INFO - 162 - trainer - [0/257] Loss: 1.2486
2026/09/01 16:32:26 - __main__ - INFO - 162 - trainer - [52/257] Loss: 1.2510
2026/09/01 16:32:36 - __main__ - INFO - 162 - trainer - [104/257] Loss: 1.2495
2026/09/01 16:32:45 - __main__ - INFO - 162 - trainer - [156/257] Loss: 1.2052
2026/09/01 16:32:56 - __main__ - INFO - 162 - trainer - [208/257] Loss: 1.2143
2026/09/01 16:33:06 - __main__ - INFO - 167 - trainer - Average loss in epoch 141: 1.2279
2026/09/01 16:33:06 - __main__ - INFO - 117 - trainer - Epoch: 142
2026/09/01 16:33:06 - __main__ - INFO - 162 - trainer - [0/257] Loss: 1.2083
2026/09/01 16:33:16 - __main__ - INFO - 162 - trainer - [52/257] Loss: 1.2323
2026/09/01 16:33:26 - __main__ - INFO - 162 - trainer - [104/257] Loss: 1.2366
2026/09/01 16:33:37 - __main__ - INFO - 162 - trainer - [156/257] Loss: 1.2215
2026/09/01 16:33:48 - __main__ - INFO - 162 - trainer - [208/257] Loss: 1.2593
2026/09/01 16:33:57 - __main__ - INFO - 167 - trainer - Average loss in epoch 142: 1.2267
2026/09/01 16:33:57 - __main__ - INFO - 117 - trainer - Epoch: 143
2026/09/01 16:33:57 - __main__ - INFO - 162 - trainer - [0/257] Loss: 1.2196
2026/09/01 16:34:08 - __main__ - INFO - 162 - trainer - [52/257] Loss: 1.2640
2026/09/01 16:34:18 - __main__ - INFO - 162 - trainer - [104/257] Loss: 1.1830
2026/09/01 16:34:29 - __main__ - INFO - 162 - trainer - [156/257] Loss: 1.2475
2026/09/01 16:34:40 - __main__ - INFO - 162 - trainer - [208/257] Loss: 1.2253
2026/09/01 16:34:50 - __main__ - INFO - 167 - trainer - Average loss in epoch 143: 1.2267
2026/09/01 16:34:50 - __main__ - INFO - 117 - trainer - Epoch: 144
2026/09/01 16:34:51 - __main__ - INFO - 162 - trainer - [0/257] Loss: 1.2206
2026/09/01 16:35:01 - __main__ - INFO - 162 - trainer - [52/257] Loss: 1.2154
2026/09/01 16:35:11 - __main__ - INFO - 162 - trainer - [104/257] Loss: 1.2509
2026/09/01 16:35:22 - __main__ - INFO - 162 - trainer - [156/257] Loss: 1.2371
2026/09/01 16:35:31 - __main__ - INFO - 162 - trainer - [208/257] Loss: 1.2654
2026/09/01 16:35:42 - __main__ - INFO - 167 - trainer - Average loss in epoch 144: 1.2262
2026/09/01 16:35:42 - __main__ - INFO - 117 - trainer - Epoch: 145
2026/09/01 16:35:42 - __main__ - INFO - 162 - trainer - [0/257] Loss: 1.2133
2026/09/01 16:35:53 - __main__ - INFO - 162 - trainer - [52/257] Loss: 1.2200
2026/09/01 16:36:03 - __main__ - INFO - 162 - trainer - [104/257] Loss: 1.2282
2026/09/01 16:36:14 - __main__ - INFO - 162 - trainer - [156/257] Loss: 1.2130
2026/09/01 16:36:25 - __main__ - INFO - 162 - trainer - [208/257] Loss: 1.2351
2026/09/01 16:36:34 - __main__ - INFO - 167 - trainer - Average loss in epoch 145: 1.2260
2026/09/01 16:36:34 - __main__ - INFO - 117 - trainer - Epoch: 146
2026/09/01 16:36:35 - __main__ - INFO - 162 - trainer - [0/257] Loss: 1.1868
2026/09/01 16:36:44 - __main__ - INFO - 162 - trainer - [52/257] Loss: 1.2473
2026/09/01 16:36:54 - __main__ - INFO - 162 - trainer - [104/257] Loss: 1.2211
2026/09/01 16:37:04 - __main__ - INFO - 162 - trainer - [156/257] Loss: 1.2110
2026/09/01 16:37:13 - __main__ - INFO - 162 - trainer - [208/257] Loss: 1.2453
2026/09/01 16:37:23 - __main__ - INFO - 167 - trainer - Average loss in epoch 146: 1.2264
2026/09/01 16:37:23 - __main__ - INFO - 117 - trainer - Epoch: 147
2026/09/01 16:37:23 - __main__ - INFO - 162 - trainer - [0/257] Loss: 1.2272
2026/09/01 16:37:33 - __main__ - INFO - 162 - trainer - [52/257] Loss: 1.2205
2026/09/01 16:37:43 - __main__ - INFO - 162 - trainer - [104/257] Loss: 1.2441
2026/09/01 16:37:52 - __main__ - INFO - 162 - trainer - [156/257] Loss: 1.2099
2026/09/01 16:38:01 - __main__ - INFO - 162 - trainer - [208/257] Loss: 1.2472
2026/09/01 16:38:09 - __main__ - INFO - 167 - trainer - Average loss in epoch 147: 1.2259
2026/09/01 16:38:09 - __main__ - INFO - 117 - trainer - Epoch: 148
2026/09/01 16:38:09 - __main__ - INFO - 162 - trainer - [0/257] Loss: 1.1892
2026/09/01 16:38:18 - __main__ - INFO - 162 - trainer - [52/257] Loss: 1.2358
2026/09/01 16:38:28 - __main__ - INFO - 162 - trainer - [104/257] Loss: 1.1881
2026/09/01 16:38:39 - __main__ - INFO - 162 - trainer - [156/257] Loss: 1.2201
2026/09/01 16:38:50 - __main__ - INFO - 162 - trainer - [208/257] Loss: 1.2417
2026/09/01 16:39:00 - __main__ - INFO - 167 - trainer - Average loss in epoch 148: 1.2239
2026/09/01 16:39:00 - __main__ - INFO - 117 - trainer - Epoch: 149
2026/09/01 16:39:00 - __main__ - INFO - 162 - trainer - [0/257] Loss: 1.2279
2026/09/01 16:39:11 - __main__ - INFO - 162 - trainer - [52/257] Loss: 1.2283
2026/09/01 16:39:21 - __main__ - INFO - 162 - trainer - [104/257] Loss: 1.2182
2026/09/01 16:39:32 - __main__ - INFO - 162 - trainer - [156/257] Loss: 1.2582
2026/09/01 16:39:42 - __main__ - INFO - 162 - trainer - [208/257] Loss: 1.2131
2026/09/01 16:39:51 - __main__ - INFO - 167 - trainer - Average loss in epoch 149: 1.2239
2026/09/01 16:39:51 - __main__ - INFO - 117 - trainer - Epoch: 150
2026/09/01 16:39:51 - __main__ - INFO - 162 - trainer - [0/257] Loss: 1.2459
2026/09/01 16:40:00 - __main__ - INFO - 162 - trainer - [52/257] Loss: 1.2466
2026/09/01 16:40:09 - __main__ - INFO - 162 - trainer - [104/257] Loss: 1.2097
2026/09/01 16:40:18 - __main__ - INFO - 162 - trainer - [156/257] Loss: 1.2433
2026/09/01 16:40:27 - __main__ - INFO - 162 - trainer - [208/257] Loss: 1.2324
2026/09/01 16:40:35 - __main__ - INFO - 167 - trainer - Average loss in epoch 150: 1.2240
2026/09/01 16:40:35 - __main__ - INFO - 117 - trainer - Epoch: 151
2026/09/01 16:40:36 - __main__ - INFO - 162 - trainer - [0/257] Loss: 1.1917
2026/09/01 16:40:45 - __main__ - INFO - 162 - trainer - [52/257] Loss: 1.2325
2026/09/01 16:40:55 - __main__ - INFO - 162 - trainer - [104/257] Loss: 1.2016
2026/09/01 16:41:05 - __main__ - INFO - 162 - trainer - [156/257] Loss: 1.2594
2026/09/01 16:41:15 - __main__ - INFO - 162 - trainer - [208/257] Loss: 1.2484
2026/09/01 16:41:25 - __main__ - INFO - 167 - trainer - Average loss in epoch 151: 1.2248
2026/09/01 16:41:25 - __main__ - INFO - 117 - trainer - Epoch: 152
2026/09/01 16:41:25 - __main__ - INFO - 162 - trainer - [0/257] Loss: 1.2319
2026/09/01 16:41:36 - __main__ - INFO - 162 - trainer - [52/257] Loss: 1.2305
2026/09/01 16:41:47 - __main__ - INFO - 162 - trainer - [104/257] Loss: 1.2545
2026/09/01 16:41:57 - __main__ - INFO - 162 - trainer - [156/257] Loss: 1.2499
2026/09/01 16:42:08 - __main__ - INFO - 162 - trainer - [208/257] Loss: 1.2371
2026/09/01 16:42:18 - __main__ - INFO - 167 - trainer - Average loss in epoch 152: 1.2230
2026/09/01 16:42:18 - __main__ - INFO - 117 - trainer - Epoch: 153
2026/09/01 16:42:18 - __main__ - INFO - 162 - trainer - [0/257] Loss: 1.1915
2026/09/01 16:42:28 - __main__ - INFO - 162 - trainer - [52/257] Loss: 1.2431
2026/09/01 16:42:36 - __main__ - INFO - 162 - trainer - [104/257] Loss: 1.2410
2026/09/01 16:42:46 - __main__ - INFO - 162 - trainer - [156/257] Loss: 1.2573
2026/09/01 16:42:55 - __main__ - INFO - 162 - trainer - [208/257] Loss: 1.2232
2026/09/01 16:43:03 - __main__ - INFO - 167 - trainer - Average loss in epoch 153: 1.2233
2026/09/01 16:43:03 - __main__ - INFO - 117 - trainer - Epoch: 154
2026/09/01 16:43:03 - __main__ - INFO - 162 - trainer - [0/257] Loss: 1.2112
2026/09/01 16:43:13 - __main__ - INFO - 162 - trainer - [52/257] Loss: 1.2124
2026/09/01 16:43:23 - __main__ - INFO - 162 - trainer - [104/257] Loss: 1.2258
2026/09/01 16:43:32 - __main__ - INFO - 162 - trainer - [156/257] Loss: 1.2068
2026/09/01 16:43:41 - __main__ - INFO - 162 - trainer - [208/257] Loss: 1.2165
2026/09/01 16:43:50 - __main__ - INFO - 167 - trainer - Average loss in epoch 154: 1.2226
2026/09/01 16:43:50 - __main__ - INFO - 117 - trainer - Epoch: 155
2026/09/01 16:43:50 - __main__ - INFO - 162 - trainer - [0/257] Loss: 1.1923
2026/09/01 16:43:59 - __main__ - INFO - 162 - trainer - [52/257] Loss: 1.2274
2026/09/01 16:44:08 - __main__ - INFO - 162 - trainer - [104/257] Loss: 1.1823
2026/09/01 16:44:17 - __main__ - INFO - 162 - trainer - [156/257] Loss: 1.2246
2026/09/01 16:44:27 - __main__ - INFO - 162 - trainer - [208/257] Loss: 1.2387
2026/09/01 16:44:36 - __main__ - INFO - 167 - trainer - Average loss in epoch 155: 1.2220
2026/09/01 16:44:36 - __main__ - INFO - 117 - trainer - Epoch: 156
2026/09/01 16:44:36 - __main__ - INFO - 162 - trainer - [0/257] Loss: 1.2212
2026/09/01 16:44:46 - __main__ - INFO - 162 - trainer - [52/257] Loss: 1.2098
2026/09/01 16:44:56 - __main__ - INFO - 162 - trainer - [104/257] Loss: 1.2373
2026/09/01 16:45:06 - __main__ - INFO - 162 - trainer - [156/257] Loss: 1.2301
2026/09/01 16:45:15 - __main__ - INFO - 162 - trainer - [208/257] Loss: 1.2483
2026/09/01 16:45:24 - __main__ - INFO - 167 - trainer - Average loss in epoch 156: 1.2210
2026/09/01 16:45:24 - __main__ - INFO - 117 - trainer - Epoch: 157
2026/09/01 16:45:24 - __main__ - INFO - 162 - trainer - [0/257] Loss: 1.2078
2026/09/01 16:45:34 - __main__ - INFO - 162 - trainer - [52/257] Loss: 1.2249
2026/09/01 16:45:43 - __main__ - INFO - 162 - trainer - [104/257] Loss: 1.2089
2026/09/01 16:45:52 - __main__ - INFO - 162 - trainer - [156/257] Loss: 1.2187
2026/09/01 16:46:01 - __main__ - INFO - 162 - trainer - [208/257] Loss: 1.2180
2026/09/01 16:46:09 - __main__ - INFO - 167 - trainer - Average loss in epoch 157: 1.2220
2026/09/01 16:46:09 - __main__ - INFO - 117 - trainer - Epoch: 158
2026/09/01 16:46:09 - __main__ - INFO - 162 - trainer - [0/257] Loss: 1.1811
2026/09/01 16:46:18 - __main__ - INFO - 162 - trainer - [52/257] Loss: 1.1838
2026/09/01 16:46:27 - __main__ - INFO - 162 - trainer - [104/257] Loss: 1.2210
2026/09/01 16:46:36 - __main__ - INFO - 162 - trainer - [156/257] Loss: 1.2163
2026/09/01 16:46:45 - __main__ - INFO - 162 - trainer - [208/257] Loss: 1.1963
2026/09/01 16:46:54 - __main__ - INFO - 167 - trainer - Average loss in epoch 158: 1.2231
2026/09/01 16:46:54 - __main__ - INFO - 117 - trainer - Epoch: 159
2026/09/01 16:46:55 - __main__ - INFO - 162 - trainer - [0/257] Loss: 1.2044
2026/09/01 16:47:05 - __main__ - INFO - 162 - trainer - [52/257] Loss: 1.2270
2026/09/01 16:47:14 - __main__ - INFO - 162 - trainer - [104/257] Loss: 1.2368
2026/09/01 16:47:23 - __main__ - INFO - 162 - trainer - [156/257] Loss: 1.2372
2026/09/01 16:47:32 - __main__ - INFO - 162 - trainer - [208/257] Loss: 1.2471
2026/09/01 16:47:42 - __main__ - INFO - 167 - trainer - Average loss in epoch 159: 1.2215
2026/09/01 16:47:42 - __main__ - INFO - 117 - trainer - Epoch: 160
2026/09/01 16:47:42 - __main__ - INFO - 162 - trainer - [0/257] Loss: 1.2241
2026/09/01 16:47:51 - __main__ - INFO - 162 - trainer - [52/257] Loss: 1.2205
2026/09/01 16:48:01 - __main__ - INFO - 162 - trainer - [104/257] Loss: 1.1864
2026/09/01 16:48:11 - __main__ - INFO - 162 - trainer - [156/257] Loss: 1.2230
2026/09/01 16:48:21 - __main__ - INFO - 162 - trainer - [208/257] Loss: 1.2110
2026/09/01 16:48:31 - __main__ - INFO - 167 - trainer - Average loss in epoch 160: 1.2207
2026/09/01 16:48:31 - __main__ - INFO - 173 - trainer - start predicting: 2026-09-01 16:48:31.218360
2026/09/01 16:50:55 - __main__ - INFO - 203 - trainer - {'Best_HR@5': np.float64(7.7286), 'Best_HR@10': np.float64(10.8376), 'Best_HR@20': np.float64(14.8443), 'Best_NDCG@5': np.float64(5.3795), 'Best_NDCG@10': np.float64(6.3771), 'Best_NDCG@20': np.float64(7.3773)}
2026/09/01 16:50:55 - __main__ - INFO - 204 - trainer - {'Best_epoch_HR@5': 160, 'Best_epoch_HR@10': 120, 'Best_epoch_HR@20': 100, 'Best_epoch_NDCG@5': 160, 'Best_epoch_NDCG@10': 120, 'Best_epoch_NDCG@20': 120}
2026/09/01 16:50:56 - __main__ - INFO - 117 - trainer - Epoch: 161
2026/09/01 16:50:56 - __main__ - INFO - 162 - trainer - [0/257] Loss: 1.1902
2026/09/01 16:51:06 - __main__ - INFO - 162 - trainer - [52/257] Loss: 1.2586
2026/09/01 16:51:17 - __main__ - INFO - 162 - trainer - [104/257] Loss: 1.2068
2026/09/01 16:51:28 - __main__ - INFO - 162 - trainer - [156/257] Loss: 1.2397
2026/09/01 16:51:39 - __main__ - INFO - 162 - trainer - [208/257] Loss: 1.2015
2026/09/01 16:51:48 - __main__ - INFO - 167 - trainer - Average loss in epoch 161: 1.2193
2026/09/01 16:51:48 - __main__ - INFO - 117 - trainer - Epoch: 162
2026/09/01 16:51:49 - __main__ - INFO - 162 - trainer - [0/257] Loss: 1.2420
2026/09/01 16:51:59 - __main__ - INFO - 162 - trainer - [52/257] Loss: 1.1930
2026/09/01 16:52:10 - __main__ - INFO - 162 - trainer - [104/257] Loss: 1.2130
2026/09/01 16:52:21 - __main__ - INFO - 162 - trainer - [156/257] Loss: 1.2132
2026/09/01 16:52:32 - __main__ - INFO - 162 - trainer - [208/257] Loss: 1.2569
2026/09/01 16:52:42 - __main__ - INFO - 167 - trainer - Average loss in epoch 162: 1.2198
2026/09/01 16:52:42 - __main__ - INFO - 117 - trainer - Epoch: 163
2026/09/01 16:52:42 - __main__ - INFO - 162 - trainer - [0/257] Loss: 1.2412
2026/09/01 16:52:53 - __main__ - INFO - 162 - trainer - [52/257] Loss: 1.2221
2026/09/01 16:53:03 - __main__ - INFO - 162 - trainer - [104/257] Loss: 1.2061
2026/09/01 16:53:14 - __main__ - INFO - 162 - trainer - [156/257] Loss: 1.2148
2026/09/01 16:53:24 - __main__ - INFO - 162 - trainer - [208/257] Loss: 1.2398
2026/09/01 16:53:33 - __main__ - INFO - 167 - trainer - Average loss in epoch 163: 1.2190
2026/09/01 16:53:33 - __main__ - INFO - 117 - trainer - Epoch: 164
2026/09/01 16:53:33 - __main__ - INFO - 162 - trainer - [0/257] Loss: 1.2330
2026/09/01 16:53:44 - __main__ - INFO - 162 - trainer - [52/257] Loss: 1.2595
2026/09/01 16:53:53 - __main__ - INFO - 162 - trainer - [104/257] Loss: 1.2235
2026/09/01 16:54:03 - __main__ - INFO - 162 - trainer - [156/257] Loss: 1.1873
2026/09/01 16:54:13 - __main__ - INFO - 162 - trainer - [208/257] Loss: 1.2165
2026/09/01 16:54:22 - __main__ - INFO - 167 - trainer - Average loss in epoch 164: 1.2193
2026/09/01 16:54:22 - __main__ - INFO - 117 - trainer - Epoch: 165
2026/09/01 16:54:23 - __main__ - INFO - 162 - trainer - [0/257] Loss: 1.2146
2026/09/01 16:54:32 - __main__ - INFO - 162 - trainer - [52/257] Loss: 1.2038
2026/09/01 16:54:42 - __main__ - INFO - 162 - trainer - [104/257] Loss: 1.2160
2026/09/01 16:54:52 - __main__ - INFO - 162 - trainer - [156/257] Loss: 1.2027
2026/09/01 16:55:02 - __main__ - INFO - 162 - trainer - [208/257] Loss: 1.1939
2026/09/01 16:55:11 - __main__ - INFO - 167 - trainer - Average loss in epoch 165: 1.2198
2026/09/01 16:55:11 - __main__ - INFO - 117 - trainer - Epoch: 166
2026/09/01 16:55:11 - __main__ - INFO - 162 - trainer - [0/257] Loss: 1.2071
2026/09/01 16:55:21 - __main__ - INFO - 162 - trainer - [52/257] Loss: 1.2298
2026/09/01 16:55:31 - __main__ - INFO - 162 - trainer - [104/257] Loss: 1.2542
2026/09/01 16:55:40 - __main__ - INFO - 162 - trainer - [156/257] Loss: 1.2165
2026/09/01 16:55:50 - __main__ - INFO - 162 - trainer - [208/257] Loss: 1.2410
2026/09/01 16:56:00 - __main__ - INFO - 167 - trainer - Average loss in epoch 166: 1.2187
2026/09/01 16:56:00 - __main__ - INFO - 117 - trainer - Epoch: 167
2026/09/01 16:56:00 - __main__ - INFO - 162 - trainer - [0/257] Loss: 1.1899
2026/09/01 16:56:10 - __main__ - INFO - 162 - trainer - [52/257] Loss: 1.2589
2026/09/01 16:56:19 - __main__ - INFO - 162 - trainer - [104/257] Loss: 1.2109
2026/09/01 16:56:28 - __main__ - INFO - 162 - trainer - [156/257] Loss: 1.2065
2026/09/01 16:56:38 - __main__ - INFO - 162 - trainer - [208/257] Loss: 1.2480
2026/09/01 16:56:47 - __main__ - INFO - 167 - trainer - Average loss in epoch 167: 1.2178
2026/09/01 16:56:47 - __main__ - INFO - 117 - trainer - Epoch: 168
2026/09/01 16:56:47 - __main__ - INFO - 162 - trainer - [0/257] Loss: 1.2301
2026/09/01 16:56:56 - __main__ - INFO - 162 - trainer - [52/257] Loss: 1.2241
2026/09/01 16:57:06 - __main__ - INFO - 162 - trainer - [104/257] Loss: 1.2181
2026/09/01 16:57:16 - __main__ - INFO - 162 - trainer - [156/257] Loss: 1.1985
2026/09/01 16:57:26 - __main__ - INFO - 162 - trainer - [208/257] Loss: 1.2402
2026/09/01 16:57:36 - __main__ - INFO - 167 - trainer - Average loss in epoch 168: 1.2183
2026/09/01 16:57:36 - __main__ - INFO - 117 - trainer - Epoch: 169
2026/09/01 16:57:36 - __main__ - INFO - 162 - trainer - [0/257] Loss: 1.2210
2026/09/01 16:57:46 - __main__ - INFO - 162 - trainer - [52/257] Loss: 1.2277
2026/09/01 16:57:55 - __main__ - INFO - 162 - trainer - [104/257] Loss: 1.2289
2026/09/01 16:58:05 - __main__ - INFO - 162 - trainer - [156/257] Loss: 1.2321
2026/09/01 16:58:14 - __main__ - INFO - 162 - trainer - [208/257] Loss: 1.2267
2026/09/01 16:58:22 - __main__ - INFO - 167 - trainer - Average loss in epoch 169: 1.2178
2026/09/01 16:58:22 - __main__ - INFO - 117 - trainer - Epoch: 170
2026/09/01 16:58:23 - __main__ - INFO - 162 - trainer - [0/257] Loss: 1.2514
2026/09/01 16:58:32 - __main__ - INFO - 162 - trainer - [52/257] Loss: 1.1849
2026/09/01 16:58:42 - __main__ - INFO - 162 - trainer - [104/257] Loss: 1.1956
2026/09/01 16:58:52 - __main__ - INFO - 162 - trainer - [156/257] Loss: 1.2649
2026/09/01 16:59:03 - __main__ - INFO - 162 - trainer - [208/257] Loss: 1.2424
2026/09/01 16:59:12 - __main__ - INFO - 167 - trainer - Average loss in epoch 170: 1.2166
2026/09/01 16:59:12 - __main__ - INFO - 117 - trainer - Epoch: 171
2026/09/01 16:59:13 - __main__ - INFO - 162 - trainer - [0/257] Loss: 1.2038
2026/09/01 16:59:22 - __main__ - INFO - 162 - trainer - [52/257] Loss: 1.1916
2026/09/01 16:59:33 - __main__ - INFO - 162 - trainer - [104/257] Loss: 1.1884
2026/09/01 16:59:44 - __main__ - INFO - 162 - trainer - [156/257] Loss: 1.2104
2026/09/01 16:59:54 - __main__ - INFO - 162 - trainer - [208/257] Loss: 1.2076
2026/09/01 17:00:04 - __main__ - INFO - 167 - trainer - Average loss in epoch 171: 1.2177
2026/09/01 17:00:04 - __main__ - INFO - 117 - trainer - Epoch: 172
2026/09/01 17:00:04 - __main__ - INFO - 162 - trainer - [0/257] Loss: 1.2142
2026/09/01 17:00:14 - __main__ - INFO - 162 - trainer - [52/257] Loss: 1.2376
2026/09/01 17:00:24 - __main__ - INFO - 162 - trainer - [104/257] Loss: 1.2036
2026/09/01 17:00:33 - __main__ - INFO - 162 - trainer - [156/257] Loss: 1.2596
2026/09/01 17:00:42 - __main__ - INFO - 162 - trainer - [208/257] Loss: 1.2143
2026/09/01 17:00:51 - __main__ - INFO - 167 - trainer - Average loss in epoch 172: 1.2167
2026/09/01 17:00:51 - __main__ - INFO - 117 - trainer - Epoch: 173
2026/09/01 17:00:51 - __main__ - INFO - 162 - trainer - [0/257] Loss: 1.2267
2026/09/01 17:01:01 - __main__ - INFO - 162 - trainer - [52/257] Loss: 1.2042
2026/09/01 17:01:10 - __main__ - INFO - 162 - trainer - [104/257] Loss: 1.1968
2026/09/01 17:01:19 - __main__ - INFO - 162 - trainer - [156/257] Loss: 1.2499
2026/09/01 17:01:29 - __main__ - INFO - 162 - trainer - [208/257] Loss: 1.2227
2026/09/01 17:01:37 - __main__ - INFO - 167 - trainer - Average loss in epoch 173: 1.2163
2026/09/01 17:01:37 - __main__ - INFO - 117 - trainer - Epoch: 174
2026/09/01 17:01:38 - __main__ - INFO - 162 - trainer - [0/257] Loss: 1.1884
2026/09/01 17:01:47 - __main__ - INFO - 162 - trainer - [52/257] Loss: 1.2043
2026/09/01 17:01:57 - __main__ - INFO - 162 - trainer - [104/257] Loss: 1.2359
2026/09/01 17:02:06 - __main__ - INFO - 162 - trainer - [156/257] Loss: 1.2348
2026/09/01 17:02:16 - __main__ - INFO - 162 - trainer - [208/257] Loss: 1.2288
2026/09/01 17:02:26 - __main__ - INFO - 167 - trainer - Average loss in epoch 174: 1.2157
2026/09/01 17:02:26 - __main__ - INFO - 117 - trainer - Epoch: 175
2026/09/01 17:02:26 - __main__ - INFO - 162 - trainer - [0/257] Loss: 1.2283
2026/09/01 17:02:36 - __main__ - INFO - 162 - trainer - [52/257] Loss: 1.2083
2026/09/01 17:02:46 - __main__ - INFO - 162 - trainer - [104/257] Loss: 1.2082
2026/09/01 17:02:56 - __main__ - INFO - 162 - trainer - [156/257] Loss: 1.1999
2026/09/01 17:03:06 - __main__ - INFO - 162 - trainer - [208/257] Loss: 1.2159
2026/09/01 17:03:14 - __main__ - INFO - 167 - trainer - Average loss in epoch 175: 1.2165
2026/09/01 17:03:14 - __main__ - INFO - 117 - trainer - Epoch: 176
2026/09/01 17:03:15 - __main__ - INFO - 162 - trainer - [0/257] Loss: 1.2024
2026/09/01 17:03:24 - __main__ - INFO - 162 - trainer - [52/257] Loss: 1.2364
2026/09/01 17:03:33 - __main__ - INFO - 162 - trainer - [104/257] Loss: 1.2124
2026/09/01 17:03:42 - __main__ - INFO - 162 - trainer - [156/257] Loss: 1.2206
2026/09/01 17:03:51 - __main__ - INFO - 162 - trainer - [208/257] Loss: 1.2151
2026/09/01 17:04:00 - __main__ - INFO - 167 - trainer - Average loss in epoch 176: 1.2143
2026/09/01 17:04:00 - __main__ - INFO - 117 - trainer - Epoch: 177
2026/09/01 17:04:00 - __main__ - INFO - 162 - trainer - [0/257] Loss: 1.1781
2026/09/01 17:04:10 - __main__ - INFO - 162 - trainer - [52/257] Loss: 1.1930
2026/09/01 17:04:20 - __main__ - INFO - 162 - trainer - [104/257] Loss: 1.2225
2026/09/01 17:04:29 - __main__ - INFO - 162 - trainer - [156/257] Loss: 1.2325
2026/09/01 17:04:40 - __main__ - INFO - 162 - trainer - [208/257] Loss: 1.2241
2026/09/01 17:04:48 - __main__ - INFO - 167 - trainer - Average loss in epoch 177: 1.2151
2026/09/01 17:04:48 - __main__ - INFO - 117 - trainer - Epoch: 178
2026/09/01 17:04:49 - __main__ - INFO - 162 - trainer - [0/257] Loss: 1.2639
2026/09/01 17:05:00 - __main__ - INFO - 162 - trainer - [52/257] Loss: 1.2321
2026/09/01 17:05:10 - __main__ - INFO - 162 - trainer - [104/257] Loss: 1.1745
2026/09/01 17:05:19 - __main__ - INFO - 162 - trainer - [156/257] Loss: 1.1802
2026/09/01 17:05:30 - __main__ - INFO - 162 - trainer - [208/257] Loss: 1.2466
2026/09/01 17:05:40 - __main__ - INFO - 167 - trainer - Average loss in epoch 178: 1.2148
2026/09/01 17:05:40 - __main__ - INFO - 117 - trainer - Epoch: 179
2026/09/01 17:05:40 - __main__ - INFO - 162 - trainer - [0/257] Loss: 1.2223
2026/09/01 17:05:50 - __main__ - INFO - 162 - trainer - [52/257] Loss: 1.1877
2026/09/01 17:06:01 - __main__ - INFO - 162 - trainer - [104/257] Loss: 1.1914
2026/09/01 17:06:11 - __main__ - INFO - 162 - trainer - [156/257] Loss: 1.2365
2026/09/01 17:06:21 - __main__ - INFO - 162 - trainer - [208/257] Loss: 1.2575
2026/09/01 17:06:31 - __main__ - INFO - 167 - trainer - Average loss in epoch 179: 1.2150
2026/09/01 17:06:31 - __main__ - INFO - 117 - trainer - Epoch: 180
2026/09/01 17:06:31 - __main__ - INFO - 162 - trainer - [0/257] Loss: 1.2159
2026/09/01 17:06:42 - __main__ - INFO - 162 - trainer - [52/257] Loss: 1.2389
2026/09/01 17:06:52 - __main__ - INFO - 162 - trainer - [104/257] Loss: 1.1706
2026/09/01 17:07:01 - __main__ - INFO - 162 - trainer - [156/257] Loss: 1.2201
2026/09/01 17:07:12 - __main__ - INFO - 162 - trainer - [208/257] Loss: 1.2396
2026/09/01 17:07:22 - __main__ - INFO - 167 - trainer - Average loss in epoch 180: 1.2142
2026/09/01 17:07:22 - __main__ - INFO - 173 - trainer - start predicting: 2026-09-01 17:07:22.319722
2026/09/01 17:10:01 - __main__ - INFO - 117 - trainer - Epoch: 181
2026/09/01 17:10:02 - __main__ - INFO - 162 - trainer - [0/257] Loss: 1.2390
2026/09/01 17:10:11 - __main__ - INFO - 162 - trainer - [52/257] Loss: 1.2251
2026/09/01 17:10:20 - __main__ - INFO - 162 - trainer - [104/257] Loss: 1.2274
2026/09/01 17:10:29 - __main__ - INFO - 162 - trainer - [156/257] Loss: 1.2399
2026/09/01 17:10:39 - __main__ - INFO - 162 - trainer - [208/257] Loss: 1.2593
2026/09/01 17:10:47 - __main__ - INFO - 167 - trainer - Average loss in epoch 181: 1.2140
2026/09/01 17:10:47 - __main__ - INFO - 117 - trainer - Epoch: 182
2026/09/01 17:10:47 - __main__ - INFO - 162 - trainer - [0/257] Loss: 1.2194
2026/09/01 17:10:57 - __main__ - INFO - 162 - trainer - [52/257] Loss: 1.1900
2026/09/01 17:11:06 - __main__ - INFO - 162 - trainer - [104/257] Loss: 1.2136
2026/09/01 17:11:16 - __main__ - INFO - 162 - trainer - [156/257] Loss: 1.2255
2026/09/01 17:11:26 - __main__ - INFO - 162 - trainer - [208/257] Loss: 1.2071
2026/09/01 17:11:35 - __main__ - INFO - 167 - trainer - Average loss in epoch 182: 1.2147
2026/09/01 17:11:35 - __main__ - INFO - 117 - trainer - Epoch: 183
2026/09/01 17:11:36 - __main__ - INFO - 162 - trainer - [0/257] Loss: 1.1984
2026/09/01 17:11:46 - __main__ - INFO - 162 - trainer - [52/257] Loss: 1.2321
2026/09/01 17:11:56 - __main__ - INFO - 162 - trainer - [104/257] Loss: 1.2661
2026/09/01 17:12:07 - __main__ - INFO - 162 - trainer - [156/257] Loss: 1.2205
2026/09/01 17:12:17 - __main__ - INFO - 162 - trainer - [208/257] Loss: 1.2257
2026/09/01 17:12:27 - __main__ - INFO - 167 - trainer - Average loss in epoch 183: 1.2137
2026/09/01 17:12:27 - __main__ - INFO - 117 - trainer - Epoch: 184
2026/09/01 17:12:27 - __main__ - INFO - 162 - trainer - [0/257] Loss: 1.2254
2026/09/01 17:12:37 - __main__ - INFO - 162 - trainer - [52/257] Loss: 1.1966
2026/09/01 17:12:48 - __main__ - INFO - 162 - trainer - [104/257] Loss: 1.1909
2026/09/01 17:12:57 - __main__ - INFO - 162 - trainer - [156/257] Loss: 1.2046
2026/09/01 17:13:07 - __main__ - INFO - 162 - trainer - [208/257] Loss: 1.2210
2026/09/01 17:13:18 - __main__ - INFO - 167 - trainer - Average loss in epoch 184: 1.2130
2026/09/01 17:13:18 - __main__ - INFO - 117 - trainer - Epoch: 185
2026/09/01 17:13:18 - __main__ - INFO - 162 - trainer - [0/257] Loss: 1.2388
2026/09/01 17:13:28 - __main__ - INFO - 162 - trainer - [52/257] Loss: 1.2151
2026/09/01 17:13:38 - __main__ - INFO - 162 - trainer - [104/257] Loss: 1.1997
2026/09/01 17:13:48 - __main__ - INFO - 162 - trainer - [156/257] Loss: 1.2046
2026/09/01 17:13:58 - __main__ - INFO - 162 - trainer - [208/257] Loss: 1.2020
2026/09/01 17:14:07 - __main__ - INFO - 167 - trainer - Average loss in epoch 185: 1.2122
2026/09/01 17:14:07 - __main__ - INFO - 117 - trainer - Epoch: 186
2026/09/01 17:14:08 - __main__ - INFO - 162 - trainer - [0/257] Loss: 1.2021
2026/09/01 17:14:17 - __main__ - INFO - 162 - trainer - [52/257] Loss: 1.2458
2026/09/01 17:14:28 - __main__ - INFO - 162 - trainer - [104/257] Loss: 1.2171
2026/09/01 17:14:38 - __main__ - INFO - 162 - trainer - [156/257] Loss: 1.2221
2026/09/01 17:14:48 - __main__ - INFO - 162 - trainer - [208/257] Loss: 1.1825
2026/09/01 17:14:57 - __main__ - INFO - 167 - trainer - Average loss in epoch 186: 1.2118
2026/09/01 17:14:57 - __main__ - INFO - 117 - trainer - Epoch: 187
2026/09/01 17:14:58 - __main__ - INFO - 162 - trainer - [0/257] Loss: 1.1862
2026/09/01 17:15:08 - __main__ - INFO - 162 - trainer - [52/257] Loss: 1.1744
2026/09/01 17:15:18 - __main__ - INFO - 162 - trainer - [104/257] Loss: 1.2386
2026/09/01 17:15:28 - __main__ - INFO - 162 - trainer - [156/257] Loss: 1.2085
2026/09/01 17:15:38 - __main__ - INFO - 162 - trainer - [208/257] Loss: 1.1960
2026/09/01 17:15:48 - __main__ - INFO - 167 - trainer - Average loss in epoch 187: 1.2109
2026/09/01 17:15:48 - __main__ - INFO - 117 - trainer - Epoch: 188
2026/09/01 17:15:48 - __main__ - INFO - 162 - trainer - [0/257] Loss: 1.2330
2026/09/01 17:15:58 - __main__ - INFO - 162 - trainer - [52/257] Loss: 1.1660
2026/09/01 17:16:08 - __main__ - INFO - 162 - trainer - [104/257] Loss: 1.2255
2026/09/01 17:16:18 - __main__ - INFO - 162 - trainer - [156/257] Loss: 1.1889
2026/09/01 17:16:28 - __main__ - INFO - 162 - trainer - [208/257] Loss: 1.1901
2026/09/01 17:16:38 - __main__ - INFO - 167 - trainer - Average loss in epoch 188: 1.2111
2026/09/01 17:16:38 - __main__ - INFO - 117 - trainer - Epoch: 189
2026/09/01 17:16:38 - __main__ - INFO - 162 - trainer - [0/257] Loss: 1.1727
2026/09/01 17:16:48 - __main__ - INFO - 162 - trainer - [52/257] Loss: 1.2453
2026/09/01 17:16:59 - __main__ - INFO - 162 - trainer - [104/257] Loss: 1.2036
2026/09/01 17:17:09 - __main__ - INFO - 162 - trainer - [156/257] Loss: 1.1904
2026/09/01 17:17:20 - __main__ - INFO - 162 - trainer - [208/257] Loss: 1.2051
2026/09/01 17:17:30 - __main__ - INFO - 167 - trainer - Average loss in epoch 189: 1.2103
2026/09/01 17:17:30 - __main__ - INFO - 117 - trainer - Epoch: 190
2026/09/01 17:17:30 - __main__ - INFO - 162 - trainer - [0/257] Loss: 1.1997
2026/09/01 17:17:40 - __main__ - INFO - 162 - trainer - [52/257] Loss: 1.2063
2026/09/01 17:17:51 - __main__ - INFO - 162 - trainer - [104/257] Loss: 1.2093
2026/09/01 17:18:01 - __main__ - INFO - 162 - trainer - [156/257] Loss: 1.1970
2026/09/01 17:18:11 - __main__ - INFO - 162 - trainer - [208/257] Loss: 1.2182
2026/09/01 17:18:20 - __main__ - INFO - 167 - trainer - Average loss in epoch 190: 1.2119
2026/09/01 17:18:20 - __main__ - INFO - 117 - trainer - Epoch: 191
2026/09/01 17:18:20 - __main__ - INFO - 162 - trainer - [0/257] Loss: 1.2148
2026/09/01 17:18:30 - __main__ - INFO - 162 - trainer - [52/257] Loss: 1.1887
2026/09/01 17:18:41 - __main__ - INFO - 162 - trainer - [104/257] Loss: 1.1856
2026/09/01 17:18:51 - __main__ - INFO - 162 - trainer - [156/257] Loss: 1.2318
2026/09/01 17:19:00 - __main__ - INFO - 162 - trainer - [208/257] Loss: 1.2262
2026/09/01 17:19:10 - __main__ - INFO - 167 - trainer - Average loss in epoch 191: 1.2097
2026/09/01 17:19:10 - __main__ - INFO - 117 - trainer - Epoch: 192
2026/09/01 17:19:10 - __main__ - INFO - 162 - trainer - [0/257] Loss: 1.1985
2026/09/01 17:19:20 - __main__ - INFO - 162 - trainer - [52/257] Loss: 1.1876
2026/09/01 17:19:29 - __main__ - INFO - 162 - trainer - [104/257] Loss: 1.2124
2026/09/01 17:19:39 - __main__ - INFO - 162 - trainer - [156/257] Loss: 1.1910
2026/09/01 17:19:49 - __main__ - INFO - 162 - trainer - [208/257] Loss: 1.2031
2026/09/01 17:19:58 - __main__ - INFO - 167 - trainer - Average loss in epoch 192: 1.2091
2026/09/01 17:19:58 - __main__ - INFO - 117 - trainer - Epoch: 193
2026/09/01 17:19:58 - __main__ - INFO - 162 - trainer - [0/257] Loss: 1.1958
2026/09/01 17:20:08 - __main__ - INFO - 162 - trainer - [52/257] Loss: 1.2338
2026/09/01 17:20:18 - __main__ - INFO - 162 - trainer - [104/257] Loss: 1.1706
2026/09/01 17:20:28 - __main__ - INFO - 162 - trainer - [156/257] Loss: 1.2585
2026/09/01 17:20:38 - __main__ - INFO - 162 - trainer - [208/257] Loss: 1.2211
2026/09/01 17:20:48 - __main__ - INFO - 167 - trainer - Average loss in epoch 193: 1.2093
2026/09/01 17:20:48 - __main__ - INFO - 117 - trainer - Epoch: 194
2026/09/01 17:20:48 - __main__ - INFO - 162 - trainer - [0/257] Loss: 1.2285
2026/09/01 17:20:59 - __main__ - INFO - 162 - trainer - [52/257] Loss: 1.2117
2026/09/01 17:21:08 - __main__ - INFO - 162 - trainer - [104/257] Loss: 1.2255
2026/09/01 17:21:18 - __main__ - INFO - 162 - trainer - [156/257] Loss: 1.1860
2026/09/01 17:21:28 - __main__ - INFO - 162 - trainer - [208/257] Loss: 1.2352
2026/09/01 17:21:37 - __main__ - INFO - 167 - trainer - Average loss in epoch 194: 1.2094
2026/09/01 17:21:37 - __main__ - INFO - 117 - trainer - Epoch: 195
2026/09/01 17:21:37 - __main__ - INFO - 162 - trainer - [0/257] Loss: 1.1756
2026/09/01 17:21:47 - __main__ - INFO - 162 - trainer - [52/257] Loss: 1.2087
2026/09/01 17:21:57 - __main__ - INFO - 162 - trainer - [104/257] Loss: 1.2115
2026/09/01 17:22:07 - __main__ - INFO - 162 - trainer - [156/257] Loss: 1.1888
2026/09/01 17:22:17 - __main__ - INFO - 162 - trainer - [208/257] Loss: 1.1930
2026/09/01 17:22:26 - __main__ - INFO - 167 - trainer - Average loss in epoch 195: 1.2082
2026/09/01 17:22:26 - __main__ - INFO - 117 - trainer - Epoch: 196
2026/09/01 17:22:27 - __main__ - INFO - 162 - trainer - [0/257] Loss: 1.1758
2026/09/01 17:22:36 - __main__ - INFO - 162 - trainer - [52/257] Loss: 1.1850
2026/09/01 17:22:46 - __main__ - INFO - 162 - trainer - [104/257] Loss: 1.1952
2026/09/01 17:22:56 - __main__ - INFO - 162 - trainer - [156/257] Loss: 1.2169
2026/09/01 17:23:06 - __main__ - INFO - 162 - trainer - [208/257] Loss: 1.2466
2026/09/01 17:23:15 - __main__ - INFO - 167 - trainer - Average loss in epoch 196: 1.2083
2026/09/01 17:23:15 - __main__ - INFO - 117 - trainer - Epoch: 197
2026/09/01 17:23:15 - __main__ - INFO - 162 - trainer - [0/257] Loss: 1.1971
2026/09/01 17:23:25 - __main__ - INFO - 162 - trainer - [52/257] Loss: 1.2273
2026/09/01 17:23:36 - __main__ - INFO - 162 - trainer - [104/257] Loss: 1.2552
2026/09/01 17:23:45 - __main__ - INFO - 162 - trainer - [156/257] Loss: 1.1793
2026/09/01 17:23:54 - __main__ - INFO - 162 - trainer - [208/257] Loss: 1.1979
2026/09/01 17:24:04 - __main__ - INFO - 167 - trainer - Average loss in epoch 197: 1.2081
2026/09/01 17:24:04 - __main__ - INFO - 117 - trainer - Epoch: 198
2026/09/01 17:24:04 - __main__ - INFO - 162 - trainer - [0/257] Loss: 1.2180
2026/09/01 17:24:14 - __main__ - INFO - 162 - trainer - [52/257] Loss: 1.2308
2026/09/01 17:24:24 - __main__ - INFO - 162 - trainer - [104/257] Loss: 1.1984
2026/09/01 17:24:34 - __main__ - INFO - 162 - trainer - [156/257] Loss: 1.2141
2026/09/01 17:24:44 - __main__ - INFO - 162 - trainer - [208/257] Loss: 1.2212
2026/09/01 17:24:53 - __main__ - INFO - 167 - trainer - Average loss in epoch 198: 1.2080
2026/09/01 17:24:53 - __main__ - INFO - 117 - trainer - Epoch: 199
2026/09/01 17:24:53 - __main__ - INFO - 162 - trainer - [0/257] Loss: 1.1994
2026/09/01 17:25:03 - __main__ - INFO - 162 - trainer - [52/257] Loss: 1.1999
2026/09/01 17:25:13 - __main__ - INFO - 162 - trainer - [104/257] Loss: 1.2061
2026/09/01 17:25:23 - __main__ - INFO - 162 - trainer - [156/257] Loss: 1.2159
2026/09/01 17:25:33 - __main__ - INFO - 162 - trainer - [208/257] Loss: 1.2236
2026/09/01 17:25:42 - __main__ - INFO - 167 - trainer - Average loss in epoch 199: 1.2065
2026/09/01 17:25:42 - __main__ - INFO - 117 - trainer - Epoch: 200
2026/09/01 17:25:42 - __main__ - INFO - 162 - trainer - [0/257] Loss: 1.1757
2026/09/01 17:25:52 - __main__ - INFO - 162 - trainer - [52/257] Loss: 1.2062
2026/09/01 17:26:03 - __main__ - INFO - 162 - trainer - [104/257] Loss: 1.1788
2026/09/01 17:26:13 - __main__ - INFO - 162 - trainer - [156/257] Loss: 1.2158
2026/09/01 17:26:23 - __main__ - INFO - 162 - trainer - [208/257] Loss: 1.2054
2026/09/01 17:26:33 - __main__ - INFO - 167 - trainer - Average loss in epoch 200: 1.2049
2026/09/01 17:26:33 - __main__ - INFO - 173 - trainer - start predicting: 2026-09-01 17:26:33.006376
2026/09/01 17:29:22 - __main__ - INFO - 117 - trainer - Epoch: 201
2026/09/01 17:29:23 - __main__ - INFO - 162 - trainer - [0/257] Loss: 1.2008
2026/09/01 17:29:33 - __main__ - INFO - 162 - trainer - [52/257] Loss: 1.2113
2026/09/01 17:29:44 - __main__ - INFO - 162 - trainer - [104/257] Loss: 1.1825
2026/09/01 17:29:55 - __main__ - INFO - 162 - trainer - [156/257] Loss: 1.2351
2026/09/01 17:30:05 - __main__ - INFO - 162 - trainer - [208/257] Loss: 1.2147
2026/09/01 17:30:15 - __main__ - INFO - 167 - trainer - Average loss in epoch 201: 1.2047
2026/09/01 17:30:15 - __main__ - INFO - 117 - trainer - Epoch: 202
2026/09/01 17:30:15 - __main__ - INFO - 162 - trainer - [0/257] Loss: 1.2363
2026/09/01 17:30:25 - __main__ - INFO - 162 - trainer - [52/257] Loss: 1.2337
2026/09/01 17:30:35 - __main__ - INFO - 162 - trainer - [104/257] Loss: 1.1938
2026/09/01 17:30:44 - __main__ - INFO - 162 - trainer - [156/257] Loss: 1.2380
2026/09/01 17:30:54 - __main__ - INFO - 162 - trainer - [208/257] Loss: 1.1993
2026/09/01 17:31:03 - __main__ - INFO - 167 - trainer - Average loss in epoch 202: 1.2047
2026/09/01 17:31:03 - __main__ - INFO - 117 - trainer - Epoch: 203
2026/09/01 17:31:03 - __main__ - INFO - 162 - trainer - [0/257] Loss: 1.2280
2026/09/01 17:31:13 - __main__ - INFO - 162 - trainer - [52/257] Loss: 1.1931
2026/09/01 17:31:23 - __main__ - INFO - 162 - trainer - [104/257] Loss: 1.1872
2026/09/01 17:31:33 - __main__ - INFO - 162 - trainer - [156/257] Loss: 1.2140
2026/09/01 17:31:43 - __main__ - INFO - 162 - trainer - [208/257] Loss: 1.2039
2026/09/01 17:31:52 - __main__ - INFO - 167 - trainer - Average loss in epoch 203: 1.2056
2026/09/01 17:31:52 - __main__ - INFO - 117 - trainer - Epoch: 204
2026/09/01 17:31:53 - __main__ - INFO - 162 - trainer - [0/257] Loss: 1.1749
2026/09/01 17:32:02 - __main__ - INFO - 162 - trainer - [52/257] Loss: 1.2015
2026/09/01 17:32:12 - __main__ - INFO - 162 - trainer - [104/257] Loss: 1.1706
2026/09/01 17:32:21 - __main__ - INFO - 162 - trainer - [156/257] Loss: 1.2017
2026/09/01 17:32:31 - __main__ - INFO - 162 - trainer - [208/257] Loss: 1.2144
2026/09/01 17:32:39 - __main__ - INFO - 167 - trainer - Average loss in epoch 204: 1.2042
2026/09/01 17:32:39 - __main__ - INFO - 117 - trainer - Epoch: 205
2026/09/01 17:32:40 - __main__ - INFO - 162 - trainer - [0/257] Loss: 1.1874
2026/09/01 17:32:50 - __main__ - INFO - 162 - trainer - [52/257] Loss: 1.1915
2026/09/01 17:33:00 - __main__ - INFO - 162 - trainer - [104/257] Loss: 1.2222
2026/09/01 17:33:10 - __main__ - INFO - 162 - trainer - [156/257] Loss: 1.2669
2026/09/01 17:33:20 - __main__ - INFO - 162 - trainer - [208/257] Loss: 1.1985
2026/09/01 17:33:30 - __main__ - INFO - 167 - trainer - Average loss in epoch 205: 1.2051
2026/09/01 17:33:30 - __main__ - INFO - 117 - trainer - Epoch: 206
2026/09/01 17:33:30 - __main__ - INFO - 162 - trainer - [0/257] Loss: 1.2136
2026/09/01 17:33:40 - __main__ - INFO - 162 - trainer - [52/257] Loss: 1.2241
2026/09/01 17:33:49 - __main__ - INFO - 162 - trainer - [104/257] Loss: 1.1944
2026/09/01 17:33:58 - __main__ - INFO - 162 - trainer - [156/257] Loss: 1.1831
2026/09/01 17:34:09 - __main__ - INFO - 162 - trainer - [208/257] Loss: 1.1822
2026/09/01 17:34:18 - __main__ - INFO - 167 - trainer - Average loss in epoch 206: 1.2058
2026/09/01 17:34:18 - __main__ - INFO - 117 - trainer - Epoch: 207
2026/09/01 17:34:18 - __main__ - INFO - 162 - trainer - [0/257] Loss: 1.1929
2026/09/01 17:34:29 - __main__ - INFO - 162 - trainer - [52/257] Loss: 1.1941
2026/09/01 17:34:38 - __main__ - INFO - 162 - trainer - [104/257] Loss: 1.2300
2026/09/01 17:34:49 - __main__ - INFO - 162 - trainer - [156/257] Loss: 1.1924
2026/09/01 17:34:58 - __main__ - INFO - 162 - trainer - [208/257] Loss: 1.2026
2026/09/01 17:35:08 - __main__ - INFO - 167 - trainer - Average loss in epoch 207: 1.2052
2026/09/01 17:35:08 - __main__ - INFO - 117 - trainer - Epoch: 208
2026/09/01 17:35:09 - __main__ - INFO - 162 - trainer - [0/257] Loss: 1.1963
2026/09/01 17:35:19 - __main__ - INFO - 162 - trainer - [52/257] Loss: 1.2150
2026/09/01 17:35:29 - __main__ - INFO - 162 - trainer - [104/257] Loss: 1.2112
2026/09/01 17:35:40 - __main__ - INFO - 162 - trainer - [156/257] Loss: 1.2233
2026/09/01 17:35:50 - __main__ - INFO - 162 - trainer - [208/257] Loss: 1.2493
2026/09/01 17:35:59 - __main__ - INFO - 167 - trainer - Average loss in epoch 208: 1.2045
2026/09/01 17:35:59 - __main__ - INFO - 117 - trainer - Epoch: 209
2026/09/01 17:35:59 - __main__ - INFO - 162 - trainer - [0/257] Loss: 1.1663
2026/09/01 17:36:09 - __main__ - INFO - 162 - trainer - [52/257] Loss: 1.2243
2026/09/01 17:36:19 - __main__ - INFO - 162 - trainer - [104/257] Loss: 1.2092
2026/09/01 17:36:29 - __main__ - INFO - 162 - trainer - [156/257] Loss: 1.1816
2026/09/01 17:36:40 - __main__ - INFO - 162 - trainer - [208/257] Loss: 1.2259
2026/09/01 17:36:49 - __main__ - INFO - 167 - trainer - Average loss in epoch 209: 1.2039
2026/09/01 17:36:49 - __main__ - INFO - 117 - trainer - Epoch: 210
2026/09/01 17:36:49 - __main__ - INFO - 162 - trainer - [0/257] Loss: 1.2081
2026/09/01 17:36:59 - __main__ - INFO - 162 - trainer - [52/257] Loss: 1.1862
2026/09/01 17:37:09 - __main__ - INFO - 162 - trainer - [104/257] Loss: 1.2019
2026/09/01 17:37:18 - __main__ - INFO - 162 - trainer - [156/257] Loss: 1.2011
2026/09/01 17:37:28 - __main__ - INFO - 162 - trainer - [208/257] Loss: 1.2128
2026/09/01 17:37:37 - __main__ - INFO - 167 - trainer - Average loss in epoch 210: 1.2043
2026/09/01 17:37:37 - __main__ - INFO - 117 - trainer - Epoch: 211
2026/09/01 17:37:37 - __main__ - INFO - 162 - trainer - [0/257] Loss: 1.2273
2026/09/01 17:37:48 - __main__ - INFO - 162 - trainer - [52/257] Loss: 1.2285
2026/09/01 17:37:59 - __main__ - INFO - 162 - trainer - [104/257] Loss: 1.1865
2026/09/01 17:38:09 - __main__ - INFO - 162 - trainer - [156/257] Loss: 1.1864
2026/09/01 17:38:19 - __main__ - INFO - 162 - trainer - [208/257] Loss: 1.1796
2026/09/01 17:38:28 - __main__ - INFO - 167 - trainer - Average loss in epoch 211: 1.2059
2026/09/01 17:38:28 - __main__ - INFO - 117 - trainer - Epoch: 212
2026/09/01 17:38:28 - __main__ - INFO - 162 - trainer - [0/257] Loss: 1.1836
2026/09/01 17:38:39 - __main__ - INFO - 162 - trainer - [52/257] Loss: 1.2025
2026/09/01 17:38:49 - __main__ - INFO - 162 - trainer - [104/257] Loss: 1.2034
2026/09/01 17:38:59 - __main__ - INFO - 162 - trainer - [156/257] Loss: 1.2219
2026/09/01 17:39:09 - __main__ - INFO - 162 - trainer - [208/257] Loss: 1.2451
2026/09/01 17:39:18 - __main__ - INFO - 167 - trainer - Average loss in epoch 212: 1.2056
2026/09/01 17:39:18 - __main__ - INFO - 117 - trainer - Epoch: 213
2026/09/01 17:39:19 - __main__ - INFO - 162 - trainer - [0/257] Loss: 1.2143
2026/09/01 17:39:29 - __main__ - INFO - 162 - trainer - [52/257] Loss: 1.1915
2026/09/01 17:39:40 - __main__ - INFO - 162 - trainer - [104/257] Loss: 1.2077
2026/09/01 17:39:50 - __main__ - INFO - 162 - trainer - [156/257] Loss: 1.2071
2026/09/01 17:40:00 - __main__ - INFO - 162 - trainer - [208/257] Loss: 1.1822
2026/09/01 17:40:09 - __main__ - INFO - 167 - trainer - Average loss in epoch 213: 1.2046
2026/09/01 17:40:09 - __main__ - INFO - 117 - trainer - Epoch: 214
2026/09/01 17:40:10 - __main__ - INFO - 162 - trainer - [0/257] Loss: 1.2018
2026/09/01 17:40:19 - __main__ - INFO - 162 - trainer - [52/257] Loss: 1.2252
2026/09/01 17:40:30 - __main__ - INFO - 162 - trainer - [104/257] Loss: 1.2126
2026/09/01 17:40:40 - __main__ - INFO - 162 - trainer - [156/257] Loss: 1.1945
2026/09/01 17:40:50 - __main__ - INFO - 162 - trainer - [208/257] Loss: 1.2329
2026/09/01 17:41:00 - __main__ - INFO - 167 - trainer - Average loss in epoch 214: 1.2041
2026/09/01 17:41:00 - __main__ - INFO - 117 - trainer - Epoch: 215
2026/09/01 17:41:00 - __main__ - INFO - 162 - trainer - [0/257] Loss: 1.1951
2026/09/01 17:41:10 - __main__ - INFO - 162 - trainer - [52/257] Loss: 1.1790
2026/09/01 17:41:21 - __main__ - INFO - 162 - trainer - [104/257] Loss: 1.1895
2026/09/01 17:41:31 - __main__ - INFO - 162 - trainer - [156/257] Loss: 1.2043
2026/09/01 17:41:41 - __main__ - INFO - 162 - trainer - [208/257] Loss: 1.2229
2026/09/01 17:41:50 - __main__ - INFO - 167 - trainer - Average loss in epoch 215: 1.2050
2026/09/01 17:41:50 - __main__ - INFO - 117 - trainer - Epoch: 216
2026/09/01 17:41:51 - __main__ - INFO - 162 - trainer - [0/257] Loss: 1.1808
2026/09/01 17:42:01 - __main__ - INFO - 162 - trainer - [52/257] Loss: 1.2217
2026/09/01 17:42:11 - __main__ - INFO - 162 - trainer - [104/257] Loss: 1.2159
2026/09/01 17:42:22 - __main__ - INFO - 162 - trainer - [156/257] Loss: 1.2295
2026/09/01 17:42:32 - __main__ - INFO - 162 - trainer - [208/257] Loss: 1.1585
2026/09/01 17:42:41 - __main__ - INFO - 167 - trainer - Average loss in epoch 216: 1.2041
2026/09/01 17:42:41 - __main__ - INFO - 117 - trainer - Epoch: 217
2026/09/01 17:42:41 - __main__ - INFO - 162 - trainer - [0/257] Loss: 1.2076
2026/09/01 17:42:52 - __main__ - INFO - 162 - trainer - [52/257] Loss: 1.2147
2026/09/01 17:43:02 - __main__ - INFO - 162 - trainer - [104/257] Loss: 1.1925
2026/09/01 17:43:12 - __main__ - INFO - 162 - trainer - [156/257] Loss: 1.2041
2026/09/01 17:43:23 - __main__ - INFO - 162 - trainer - [208/257] Loss: 1.1851
2026/09/01 17:43:32 - __main__ - INFO - 167 - trainer - Average loss in epoch 217: 1.2046
2026/09/01 17:43:32 - __main__ - INFO - 117 - trainer - Epoch: 218
2026/09/01 17:43:32 - __main__ - INFO - 162 - trainer - [0/257] Loss: 1.2167
2026/09/01 17:43:43 - __main__ - INFO - 162 - trainer - [52/257] Loss: 1.2125
2026/09/01 17:43:53 - __main__ - INFO - 162 - trainer - [104/257] Loss: 1.2203
2026/09/01 17:44:03 - __main__ - INFO - 162 - trainer - [156/257] Loss: 1.1974
2026/09/01 17:44:13 - __main__ - INFO - 162 - trainer - [208/257] Loss: 1.1654
2026/09/01 17:44:22 - __main__ - INFO - 167 - trainer - Average loss in epoch 218: 1.2034
2026/09/01 17:44:22 - __main__ - INFO - 117 - trainer - Epoch: 219
2026/09/01 17:44:22 - __main__ - INFO - 162 - trainer - [0/257] Loss: 1.2157
2026/09/01 17:44:32 - __main__ - INFO - 162 - trainer - [52/257] Loss: 1.2332
2026/09/01 17:44:42 - __main__ - INFO - 162 - trainer - [104/257] Loss: 1.1556
2026/09/01 17:44:51 - __main__ - INFO - 162 - trainer - [156/257] Loss: 1.2214
2026/09/01 17:45:01 - __main__ - INFO - 162 - trainer - [208/257] Loss: 1.1856
2026/09/01 17:45:10 - __main__ - INFO - 167 - trainer - Average loss in epoch 219: 1.2053
2026/09/01 17:45:10 - __main__ - INFO - 117 - trainer - Epoch: 220
2026/09/01 17:45:10 - __main__ - INFO - 162 - trainer - [0/257] Loss: 1.2024
2026/09/01 17:45:20 - __main__ - INFO - 162 - trainer - [52/257] Loss: 1.2014
2026/09/01 17:45:30 - __main__ - INFO - 162 - trainer - [104/257] Loss: 1.1959
2026/09/01 17:45:40 - __main__ - INFO - 162 - trainer - [156/257] Loss: 1.1719
2026/09/01 17:45:50 - __main__ - INFO - 162 - trainer - [208/257] Loss: 1.2287
2026/09/01 17:46:00 - __main__ - INFO - 167 - trainer - Average loss in epoch 220: 1.2045
2026/09/01 17:46:00 - __main__ - INFO - 173 - trainer - start predicting: 2026-09-01 17:46:00.024780
2026/09/01 17:48:53 - __main__ - INFO - 117 - trainer - Epoch: 221
2026/09/01 17:48:54 - __main__ - INFO - 162 - trainer - [0/257] Loss: 1.2397
2026/09/01 17:49:04 - __main__ - INFO - 162 - trainer - [52/257] Loss: 1.2180
2026/09/01 17:49:15 - __main__ - INFO - 162 - trainer - [104/257] Loss: 1.1856
2026/09/01 17:49:25 - __main__ - INFO - 162 - trainer - [156/257] Loss: 1.1940
2026/09/01 17:49:35 - __main__ - INFO - 162 - trainer - [208/257] Loss: 1.1596
2026/09/01 17:49:45 - __main__ - INFO - 167 - trainer - Average loss in epoch 221: 1.2054
2026/09/01 17:49:45 - __main__ - INFO - 117 - trainer - Epoch: 222
2026/09/01 17:49:45 - __main__ - INFO - 162 - trainer - [0/257] Loss: 1.2202
2026/09/01 17:49:55 - __main__ - INFO - 162 - trainer - [52/257] Loss: 1.1779
2026/09/01 17:50:05 - __main__ - INFO - 162 - trainer - [104/257] Loss: 1.1914
2026/09/01 17:50:15 - __main__ - INFO - 162 - trainer - [156/257] Loss: 1.1928
2026/09/01 17:50:25 - __main__ - INFO - 162 - trainer - [208/257] Loss: 1.2174
2026/09/01 17:50:35 - __main__ - INFO - 167 - trainer - Average loss in epoch 222: 1.2050
2026/09/01 17:50:35 - __main__ - INFO - 117 - trainer - Epoch: 223
2026/09/01 17:50:35 - __main__ - INFO - 162 - trainer - [0/257] Loss: 1.2036
2026/09/01 17:50:46 - __main__ - INFO - 162 - trainer - [52/257] Loss: 1.2115
2026/09/01 17:50:56 - __main__ - INFO - 162 - trainer - [104/257] Loss: 1.1789
2026/09/01 17:51:07 - __main__ - INFO - 162 - trainer - [156/257] Loss: 1.2008
2026/09/01 17:51:17 - __main__ - INFO - 162 - trainer - [208/257] Loss: 1.1807
2026/09/01 17:51:27 - __main__ - INFO - 167 - trainer - Average loss in epoch 223: 1.2049
2026/09/01 17:51:27 - __main__ - INFO - 117 - trainer - Epoch: 224
2026/09/01 17:51:27 - __main__ - INFO - 162 - trainer - [0/257] Loss: 1.2257
2026/09/01 17:51:37 - __main__ - INFO - 162 - trainer - [52/257] Loss: 1.1924
2026/09/01 17:51:47 - __main__ - INFO - 162 - trainer - [104/257] Loss: 1.1754
2026/09/01 17:51:57 - __main__ - INFO - 162 - trainer - [156/257] Loss: 1.2041
2026/09/01 17:52:07 - __main__ - INFO - 162 - trainer - [208/257] Loss: 1.2174
2026/09/01 17:52:17 - __main__ - INFO - 167 - trainer - Average loss in epoch 224: 1.2041
2026/09/01 17:52:17 - __main__ - INFO - 117 - trainer - Epoch: 225
2026/09/01 17:52:17 - __main__ - INFO - 162 - trainer - [0/257] Loss: 1.2505
2026/09/01 17:52:27 - __main__ - INFO - 162 - trainer - [52/257] Loss: 1.2139
2026/09/01 17:52:37 - __main__ - INFO - 162 - trainer - [104/257] Loss: 1.2568
2026/09/01 17:52:47 - __main__ - INFO - 162 - trainer - [156/257] Loss: 1.2083
2026/09/01 17:52:58 - __main__ - INFO - 162 - trainer - [208/257] Loss: 1.2024
2026/09/01 17:53:08 - __main__ - INFO - 167 - trainer - Average loss in epoch 225: 1.2040
2026/09/01 17:53:08 - __main__ - INFO - 117 - trainer - Epoch: 226
2026/09/01 17:53:08 - __main__ - INFO - 162 - trainer - [0/257] Loss: 1.2087
2026/09/01 17:53:18 - __main__ - INFO - 162 - trainer - [52/257] Loss: 1.1622
2026/09/01 17:53:29 - __main__ - INFO - 162 - trainer - [104/257] Loss: 1.2021
2026/09/01 17:53:40 - __main__ - INFO - 162 - trainer - [156/257] Loss: 1.2341
2026/09/01 17:53:50 - __main__ - INFO - 162 - trainer - [208/257] Loss: 1.1905
2026/09/01 17:54:00 - __main__ - INFO - 167 - trainer - Average loss in epoch 226: 1.2044
2026/09/01 17:54:00 - __main__ - INFO - 117 - trainer - Epoch: 227
2026/09/01 17:54:00 - __main__ - INFO - 162 - trainer - [0/257] Loss: 1.1908
2026/09/01 17:54:11 - __main__ - INFO - 162 - trainer - [52/257] Loss: 1.2062
2026/09/01 17:54:22 - __main__ - INFO - 162 - trainer - [104/257] Loss: 1.2306
2026/09/01 17:54:32 - __main__ - INFO - 162 - trainer - [156/257] Loss: 1.2256
2026/09/01 17:54:43 - __main__ - INFO - 162 - trainer - [208/257] Loss: 1.2017
2026/09/01 17:54:52 - __main__ - INFO - 167 - trainer - Average loss in epoch 227: 1.2045
2026/09/01 17:54:52 - __main__ - INFO - 117 - trainer - Epoch: 228
2026/09/01 17:54:52 - __main__ - INFO - 162 - trainer - [0/257] Loss: 1.1975
2026/09/01 17:55:02 - __main__ - INFO - 162 - trainer - [52/257] Loss: 1.2164
2026/09/01 17:55:13 - __main__ - INFO - 162 - trainer - [104/257] Loss: 1.1749
2026/09/01 17:55:23 - __main__ - INFO - 162 - trainer - [156/257] Loss: 1.1788
2026/09/01 17:55:34 - __main__ - INFO - 162 - trainer - [208/257] Loss: 1.1978
2026/09/01 17:55:44 - __main__ - INFO - 167 - trainer - Average loss in epoch 228: 1.2044
2026/09/01 17:55:44 - __main__ - INFO - 117 - trainer - Epoch: 229
2026/09/01 17:55:44 - __main__ - INFO - 162 - trainer - [0/257] Loss: 1.2174
2026/09/01 17:55:54 - __main__ - INFO - 162 - trainer - [52/257] Loss: 1.1960
2026/09/01 17:56:05 - __main__ - INFO - 162 - trainer - [104/257] Loss: 1.2177
2026/09/01 17:56:16 - __main__ - INFO - 162 - trainer - [156/257] Loss: 1.2148
2026/09/01 17:56:26 - __main__ - INFO - 162 - trainer - [208/257] Loss: 1.2117
2026/09/01 17:56:35 - __main__ - INFO - 167 - trainer - Average loss in epoch 229: 1.2044
2026/09/01 17:56:35 - __main__ - INFO - 117 - trainer - Epoch: 230
2026/09/01 17:56:36 - __main__ - INFO - 162 - trainer - [0/257] Loss: 1.1957
2026/09/01 17:56:47 - __main__ - INFO - 162 - trainer - [52/257] Loss: 1.2251
2026/09/01 17:56:57 - __main__ - INFO - 162 - trainer - [104/257] Loss: 1.1771
2026/09/01 17:57:08 - __main__ - INFO - 162 - trainer - [156/257] Loss: 1.2210
2026/09/01 17:57:18 - __main__ - INFO - 162 - trainer - [208/257] Loss: 1.1916
2026/09/01 17:57:28 - __main__ - INFO - 167 - trainer - Average loss in epoch 230: 1.2045
2026/09/01 17:57:28 - __main__ - INFO - 117 - trainer - Epoch: 231
2026/09/01 17:57:28 - __main__ - INFO - 162 - trainer - [0/257] Loss: 1.2241
2026/09/01 17:57:38 - __main__ - INFO - 162 - trainer - [52/257] Loss: 1.1656
2026/09/01 17:57:49 - __main__ - INFO - 162 - trainer - [104/257] Loss: 1.2152
2026/09/01 17:57:59 - __main__ - INFO - 162 - trainer - [156/257] Loss: 1.2057
2026/09/01 17:58:10 - __main__ - INFO - 162 - trainer - [208/257] Loss: 1.1733
2026/09/01 17:58:19 - __main__ - INFO - 167 - trainer - Average loss in epoch 231: 1.2042
2026/09/01 17:58:19 - __main__ - INFO - 117 - trainer - Epoch: 232
2026/09/01 17:58:20 - __main__ - INFO - 162 - trainer - [0/257] Loss: 1.2303
2026/09/01 17:58:31 - __main__ - INFO - 162 - trainer - [52/257] Loss: 1.2352
2026/09/01 17:58:42 - __main__ - INFO - 162 - trainer - [104/257] Loss: 1.2309
2026/09/01 17:58:53 - __main__ - INFO - 162 - trainer - [156/257] Loss: 1.2108
2026/09/01 17:59:03 - __main__ - INFO - 162 - trainer - [208/257] Loss: 1.2456
2026/09/01 17:59:13 - __main__ - INFO - 167 - trainer - Average loss in epoch 232: 1.2038
2026/09/01 17:59:13 - __main__ - INFO - 117 - trainer - Epoch: 233
2026/09/01 17:59:13 - __main__ - INFO - 162 - trainer - [0/257] Loss: 1.2152
2026/09/01 17:59:23 - __main__ - INFO - 162 - trainer - [52/257] Loss: 1.1794
2026/09/01 17:59:33 - __main__ - INFO - 162 - trainer - [104/257] Loss: 1.2214
2026/09/01 17:59:44 - __main__ - INFO - 162 - trainer - [156/257] Loss: 1.2234
2026/09/01 17:59:55 - __main__ - INFO - 162 - trainer - [208/257] Loss: 1.2021
2026/09/01 18:00:04 - __main__ - INFO - 167 - trainer - Average loss in epoch 233: 1.2045
2026/09/01 18:00:04 - __main__ - INFO - 117 - trainer - Epoch: 234
2026/09/01 18:00:04 - __main__ - INFO - 162 - trainer - [0/257] Loss: 1.1799
2026/09/01 18:00:15 - __main__ - INFO - 162 - trainer - [52/257] Loss: 1.1900
2026/09/01 18:00:25 - __main__ - INFO - 162 - trainer - [104/257] Loss: 1.1867
2026/09/01 18:00:36 - __main__ - INFO - 162 - trainer - [156/257] Loss: 1.2227
2026/09/01 18:00:46 - __main__ - INFO - 162 - trainer - [208/257] Loss: 1.2100
2026/09/01 18:00:56 - __main__ - INFO - 167 - trainer - Average loss in epoch 234: 1.2043
2026/09/01 18:00:56 - __main__ - INFO - 117 - trainer - Epoch: 235
2026/09/01 18:00:56 - __main__ - INFO - 162 - trainer - [0/257] Loss: 1.1865
2026/09/01 18:01:06 - __main__ - INFO - 162 - trainer - [52/257] Loss: 1.2160
2026/09/01 18:01:17 - __main__ - INFO - 162 - trainer - [104/257] Loss: 1.1944
2026/09/01 18:01:27 - __main__ - INFO - 162 - trainer - [156/257] Loss: 1.1786
2026/09/01 18:01:38 - __main__ - INFO - 162 - trainer - [208/257] Loss: 1.2011
2026/09/01 18:01:49 - __main__ - INFO - 167 - trainer - Average loss in epoch 235: 1.2027
2026/09/01 18:01:49 - __main__ - INFO - 117 - trainer - Epoch: 236
2026/09/01 18:01:49 - __main__ - INFO - 162 - trainer - [0/257] Loss: 1.2398
2026/09/01 18:02:00 - __main__ - INFO - 162 - trainer - [52/257] Loss: 1.1585
2026/09/01 18:02:10 - __main__ - INFO - 162 - trainer - [104/257] Loss: 1.1926
2026/09/01 18:02:20 - __main__ - INFO - 162 - trainer - [156/257] Loss: 1.1563
2026/09/01 18:02:31 - __main__ - INFO - 162 - trainer - [208/257] Loss: 1.2027
2026/09/01 18:02:42 - __main__ - INFO - 167 - trainer - Average loss in epoch 236: 1.2047
2026/09/01 18:02:42 - __main__ - INFO - 117 - trainer - Epoch: 237
2026/09/01 18:02:42 - __main__ - INFO - 162 - trainer - [0/257] Loss: 1.1884
2026/09/01 18:02:52 - __main__ - INFO - 162 - trainer - [52/257] Loss: 1.1919
2026/09/01 18:03:03 - __main__ - INFO - 162 - trainer - [104/257] Loss: 1.1834
2026/09/01 18:03:14 - __main__ - INFO - 162 - trainer - [156/257] Loss: 1.2034
2026/09/01 18:03:25 - __main__ - INFO - 162 - trainer - [208/257] Loss: 1.1781
2026/09/01 18:03:34 - __main__ - INFO - 167 - trainer - Average loss in epoch 237: 1.2038
2026/09/01 18:03:34 - __main__ - INFO - 117 - trainer - Epoch: 238
2026/09/01 18:03:34 - __main__ - INFO - 162 - trainer - [0/257] Loss: 1.1916
2026/09/01 18:03:44 - __main__ - INFO - 162 - trainer - [52/257] Loss: 1.2336
2026/09/01 18:03:54 - __main__ - INFO - 162 - trainer - [104/257] Loss: 1.1838
2026/09/01 18:04:05 - __main__ - INFO - 162 - trainer - [156/257] Loss: 1.1888
2026/09/01 18:04:15 - __main__ - INFO - 162 - trainer - [208/257] Loss: 1.2187
2026/09/01 18:04:25 - __main__ - INFO - 167 - trainer - Average loss in epoch 238: 1.2037
2026/09/01 18:04:25 - __main__ - INFO - 117 - trainer - Epoch: 239
2026/09/01 18:04:25 - __main__ - INFO - 162 - trainer - [0/257] Loss: 1.2181
2026/09/01 18:04:36 - __main__ - INFO - 162 - trainer - [52/257] Loss: 1.1918
2026/09/01 18:04:46 - __main__ - INFO - 162 - trainer - [104/257] Loss: 1.1436
2026/09/01 18:04:56 - __main__ - INFO - 162 - trainer - [156/257] Loss: 1.2671
2026/09/01 18:05:07 - __main__ - INFO - 162 - trainer - [208/257] Loss: 1.2136
2026/09/01 18:05:17 - __main__ - INFO - 167 - trainer - Average loss in epoch 239: 1.2045
2026/09/01 18:05:17 - __main__ - INFO - 117 - trainer - Epoch: 240
2026/09/01 18:05:17 - __main__ - INFO - 162 - trainer - [0/257] Loss: 1.2132
2026/09/01 18:05:27 - __main__ - INFO - 162 - trainer - [52/257] Loss: 1.2271
2026/09/01 18:05:39 - __main__ - INFO - 162 - trainer - [104/257] Loss: 1.1869
2026/09/01 18:05:48 - __main__ - INFO - 162 - trainer - [156/257] Loss: 1.1699
2026/09/01 18:05:59 - __main__ - INFO - 162 - trainer - [208/257] Loss: 1.2120
2026/09/01 18:06:09 - __main__ - INFO - 167 - trainer - Average loss in epoch 240: 1.2039
2026/09/01 18:06:09 - __main__ - INFO - 173 - trainer - start predicting: 2026-09-01 18:06:09.429926
2026/09/01 18:08:56 - __main__ - INFO - 117 - trainer - Epoch: 241
2026/09/01 18:08:56 - __main__ - INFO - 162 - trainer - [0/257] Loss: 1.2129
2026/09/01 18:09:06 - __main__ - INFO - 162 - trainer - [52/257] Loss: 1.2258
2026/09/01 18:09:17 - __main__ - INFO - 162 - trainer - [104/257] Loss: 1.2132
2026/09/01 18:09:28 - __main__ - INFO - 162 - trainer - [156/257] Loss: 1.1915
2026/09/01 18:09:39 - __main__ - INFO - 162 - trainer - [208/257] Loss: 1.2083
2026/09/01 18:09:49 - __main__ - INFO - 167 - trainer - Average loss in epoch 241: 1.2039
2026/09/01 18:09:49 - __main__ - INFO - 117 - trainer - Epoch: 242
2026/09/01 18:09:49 - __main__ - INFO - 162 - trainer - [0/257] Loss: 1.2037
2026/09/01 18:10:00 - __main__ - INFO - 162 - trainer - [52/257] Loss: 1.2100
2026/09/01 18:10:10 - __main__ - INFO - 162 - trainer - [104/257] Loss: 1.1977
2026/09/01 18:10:20 - __main__ - INFO - 162 - trainer - [156/257] Loss: 1.1852
2026/09/01 18:10:31 - __main__ - INFO - 162 - trainer - [208/257] Loss: 1.2031
2026/09/01 18:10:40 - __main__ - INFO - 167 - trainer - Average loss in epoch 242: 1.2028
2026/09/01 18:10:40 - __main__ - INFO - 117 - trainer - Epoch: 243
2026/09/01 18:10:41 - __main__ - INFO - 162 - trainer - [0/257] Loss: 1.2137
2026/09/01 18:10:51 - __main__ - INFO - 162 - trainer - [52/257] Loss: 1.1864
2026/09/01 18:11:02 - __main__ - INFO - 162 - trainer - [104/257] Loss: 1.1792
2026/09/01 18:11:13 - __main__ - INFO - 162 - trainer - [156/257] Loss: 1.1902
2026/09/01 18:11:23 - __main__ - INFO - 162 - trainer - [208/257] Loss: 1.2071
2026/09/01 18:11:33 - __main__ - INFO - 167 - trainer - Average loss in epoch 243: 1.2023
2026/09/01 18:11:33 - __main__ - INFO - 117 - trainer - Epoch: 244
2026/09/01 18:11:33 - __main__ - INFO - 162 - trainer - [0/257] Loss: 1.2102
2026/09/01 18:11:44 - __main__ - INFO - 162 - trainer - [52/257] Loss: 1.2009
2026/09/01 18:11:55 - __main__ - INFO - 162 - trainer - [104/257] Loss: 1.1928
2026/09/01 18:12:06 - __main__ - INFO - 162 - trainer - [156/257] Loss: 1.2173
2026/09/01 18:12:17 - __main__ - INFO - 162 - trainer - [208/257] Loss: 1.1708
2026/09/01 18:12:27 - __main__ - INFO - 167 - trainer - Average loss in epoch 244: 1.2032
2026/09/01 18:12:27 - __main__ - INFO - 117 - trainer - Epoch: 245
2026/09/01 18:12:27 - __main__ - INFO - 162 - trainer - [0/257] Loss: 1.2169
2026/09/01 18:12:38 - __main__ - INFO - 162 - trainer - [52/257] Loss: 1.2071
2026/09/01 18:12:49 - __main__ - INFO - 162 - trainer - [104/257] Loss: 1.1888
2026/09/01 18:13:00 - __main__ - INFO - 162 - trainer - [156/257] Loss: 1.1492
2026/09/01 18:13:10 - __main__ - INFO - 162 - trainer - [208/257] Loss: 1.2165
2026/09/01 18:13:21 - __main__ - INFO - 167 - trainer - Average loss in epoch 245: 1.2038
2026/09/01 18:13:21 - __main__ - INFO - 117 - trainer - Epoch: 246
2026/09/01 18:13:21 - __main__ - INFO - 162 - trainer - [0/257] Loss: 1.1875
2026/09/01 18:13:32 - __main__ - INFO - 162 - trainer - [52/257] Loss: 1.1971
2026/09/01 18:13:42 - __main__ - INFO - 162 - trainer - [104/257] Loss: 1.2132
2026/09/01 18:13:53 - __main__ - INFO - 162 - trainer - [156/257] Loss: 1.2088
2026/09/01 18:14:04 - __main__ - INFO - 162 - trainer - [208/257] Loss: 1.2230
2026/09/01 18:14:15 - __main__ - INFO - 167 - trainer - Average loss in epoch 246: 1.2025
2026/09/01 18:14:15 - __main__ - INFO - 117 - trainer - Epoch: 247
2026/09/01 18:14:15 - __main__ - INFO - 162 - trainer - [0/257] Loss: 1.1962
2026/09/01 18:14:24 - __main__ - INFO - 162 - trainer - [52/257] Loss: 1.2085
2026/09/01 18:14:34 - __main__ - INFO - 162 - trainer - [104/257] Loss: 1.2194
2026/09/01 18:14:44 - __main__ - INFO - 162 - trainer - [156/257] Loss: 1.2139
2026/09/01 18:14:55 - __main__ - INFO - 162 - trainer - [208/257] Loss: 1.2111
2026/09/01 18:15:04 - __main__ - INFO - 167 - trainer - Average loss in epoch 247: 1.2028
2026/09/01 18:15:04 - __main__ - INFO - 117 - trainer - Epoch: 248
2026/09/01 18:15:05 - __main__ - INFO - 162 - trainer - [0/257] Loss: 1.2102
2026/09/01 18:15:15 - __main__ - INFO - 162 - trainer - [52/257] Loss: 1.2020
2026/09/01 18:15:24 - __main__ - INFO - 162 - trainer - [104/257] Loss: 1.1940
2026/09/01 18:15:35 - __main__ - INFO - 162 - trainer - [156/257] Loss: 1.2203
2026/09/01 18:15:45 - __main__ - INFO - 162 - trainer - [208/257] Loss: 1.2087
2026/09/01 18:15:55 - __main__ - INFO - 167 - trainer - Average loss in epoch 248: 1.2042
2026/09/01 18:15:55 - __main__ - INFO - 117 - trainer - Epoch: 249
2026/09/01 18:15:55 - __main__ - INFO - 162 - trainer - [0/257] Loss: 1.1908
2026/09/01 18:16:05 - __main__ - INFO - 162 - trainer - [52/257] Loss: 1.2420
2026/09/01 18:16:16 - __main__ - INFO - 162 - trainer - [104/257] Loss: 1.2096
2026/09/01 18:16:26 - __main__ - INFO - 162 - trainer - [156/257] Loss: 1.1972
2026/09/01 18:16:36 - __main__ - INFO - 162 - trainer - [208/257] Loss: 1.1783
2026/09/01 18:16:45 - __main__ - INFO - 167 - trainer - Average loss in epoch 249: 1.2030
2026/09/01 18:16:45 - __main__ - INFO - 117 - trainer - Epoch: 250
2026/09/01 18:16:46 - __main__ - INFO - 162 - trainer - [0/257] Loss: 1.2083
2026/09/01 18:16:56 - __main__ - INFO - 162 - trainer - [52/257] Loss: 1.2520
2026/09/01 18:17:06 - __main__ - INFO - 162 - trainer - [104/257] Loss: 1.2015
2026/09/01 18:17:18 - __main__ - INFO - 162 - trainer - [156/257] Loss: 1.2210
2026/09/01 18:17:27 - __main__ - INFO - 162 - trainer - [208/257] Loss: 1.2309
2026/09/01 18:17:36 - __main__ - INFO - 167 - trainer - Average loss in epoch 250: 1.2028
2026/09/01 18:17:36 - __main__ - INFO - 117 - trainer - Epoch: 251
2026/09/01 18:17:37 - __main__ - INFO - 162 - trainer - [0/257] Loss: 1.2150
2026/09/01 18:17:48 - __main__ - INFO - 162 - trainer - [52/257] Loss: 1.2076
2026/09/01 18:17:59 - __main__ - INFO - 162 - trainer - [104/257] Loss: 1.1887
2026/09/01 18:18:09 - __main__ - INFO - 162 - trainer - [156/257] Loss: 1.1936
2026/09/01 18:18:20 - __main__ - INFO - 162 - trainer - [208/257] Loss: 1.1830
2026/09/01 18:18:29 - __main__ - INFO - 167 - trainer - Average loss in epoch 251: 1.2033
2026/09/01 18:18:29 - __main__ - INFO - 117 - trainer - Epoch: 252
2026/09/01 18:18:29 - __main__ - INFO - 162 - trainer - [0/257] Loss: 1.1926
2026/09/01 18:18:39 - __main__ - INFO - 162 - trainer - [52/257] Loss: 1.2168
2026/09/01 18:18:50 - __main__ - INFO - 162 - trainer - [104/257] Loss: 1.2168
2026/09/01 18:19:01 - __main__ - INFO - 162 - trainer - [156/257] Loss: 1.2117
2026/09/01 18:19:11 - __main__ - INFO - 162 - trainer - [208/257] Loss: 1.1893
2026/09/01 18:19:21 - __main__ - INFO - 167 - trainer - Average loss in epoch 252: 1.2033
2026/09/01 18:19:21 - __main__ - INFO - 117 - trainer - Epoch: 253
2026/09/01 18:19:21 - __main__ - INFO - 162 - trainer - [0/257] Loss: 1.2389
2026/09/01 18:19:31 - __main__ - INFO - 162 - trainer - [52/257] Loss: 1.2302
2026/09/01 18:19:42 - __main__ - INFO - 162 - trainer - [104/257] Loss: 1.1757
2026/09/01 18:19:53 - __main__ - INFO - 162 - trainer - [156/257] Loss: 1.1835
2026/09/01 18:20:03 - __main__ - INFO - 162 - trainer - [208/257] Loss: 1.1984
2026/09/01 18:20:13 - __main__ - INFO - 167 - trainer - Average loss in epoch 253: 1.2040
2026/09/01 18:20:13 - __main__ - INFO - 117 - trainer - Epoch: 254
2026/09/01 18:20:13 - __main__ - INFO - 162 - trainer - [0/257] Loss: 1.1935
2026/09/01 18:20:24 - __main__ - INFO - 162 - trainer - [52/257] Loss: 1.2382
2026/09/01 18:20:35 - __main__ - INFO - 162 - trainer - [104/257] Loss: 1.2061
2026/09/01 18:20:45 - __main__ - INFO - 162 - trainer - [156/257] Loss: 1.1866
2026/09/01 18:20:57 - __main__ - INFO - 162 - trainer - [208/257] Loss: 1.2038
2026/09/01 18:21:07 - __main__ - INFO - 167 - trainer - Average loss in epoch 254: 1.2033
2026/09/01 18:21:07 - __main__ - INFO - 117 - trainer - Epoch: 255
2026/09/01 18:21:07 - __main__ - INFO - 162 - trainer - [0/257] Loss: 1.2057
2026/09/01 18:21:17 - __main__ - INFO - 162 - trainer - [52/257] Loss: 1.1991
2026/09/01 18:21:28 - __main__ - INFO - 162 - trainer - [104/257] Loss: 1.1979
2026/09/01 18:21:39 - __main__ - INFO - 162 - trainer - [156/257] Loss: 1.2137
2026/09/01 18:21:49 - __main__ - INFO - 162 - trainer - [208/257] Loss: 1.1931
2026/09/01 18:21:58 - __main__ - INFO - 167 - trainer - Average loss in epoch 255: 1.2031
2026/09/01 18:21:58 - __main__ - INFO - 117 - trainer - Epoch: 256
2026/09/01 18:21:59 - __main__ - INFO - 162 - trainer - [0/257] Loss: 1.1931
2026/09/01 18:22:09 - __main__ - INFO - 162 - trainer - [52/257] Loss: 1.1748
2026/09/01 18:22:20 - __main__ - INFO - 162 - trainer - [104/257] Loss: 1.1812
2026/09/01 18:22:31 - __main__ - INFO - 162 - trainer - [156/257] Loss: 1.1894
2026/09/01 18:22:41 - __main__ - INFO - 162 - trainer - [208/257] Loss: 1.2072
2026/09/01 18:22:51 - __main__ - INFO - 167 - trainer - Average loss in epoch 256: 1.2030
2026/09/01 18:22:51 - __main__ - INFO - 117 - trainer - Epoch: 257
2026/09/01 18:22:52 - __main__ - INFO - 162 - trainer - [0/257] Loss: 1.2122
2026/09/01 18:23:02 - __main__ - INFO - 162 - trainer - [52/257] Loss: 1.1989
2026/09/01 18:23:11 - __main__ - INFO - 162 - trainer - [104/257] Loss: 1.1735
2026/09/01 18:23:22 - __main__ - INFO - 162 - trainer - [156/257] Loss: 1.2276
2026/09/01 18:23:32 - __main__ - INFO - 162 - trainer - [208/257] Loss: 1.1847
2026/09/01 18:23:42 - __main__ - INFO - 167 - trainer - Average loss in epoch 257: 1.2033
2026/09/01 18:23:42 - __main__ - INFO - 117 - trainer - Epoch: 258
2026/09/01 18:23:43 - __main__ - INFO - 162 - trainer - [0/257] Loss: 1.2353
2026/09/01 18:23:53 - __main__ - INFO - 162 - trainer - [52/257] Loss: 1.2224
2026/09/01 18:24:03 - __main__ - INFO - 162 - trainer - [104/257] Loss: 1.2290
2026/09/01 18:24:13 - __main__ - INFO - 162 - trainer - [156/257] Loss: 1.2474
2026/09/01 18:24:24 - __main__ - INFO - 162 - trainer - [208/257] Loss: 1.2139
2026/09/01 18:24:33 - __main__ - INFO - 167 - trainer - Average loss in epoch 258: 1.2021
2026/09/01 18:24:33 - __main__ - INFO - 117 - trainer - Epoch: 259
2026/09/01 18:24:34 - __main__ - INFO - 162 - trainer - [0/257] Loss: 1.2052
2026/09/01 18:24:44 - __main__ - INFO - 162 - trainer - [52/257] Loss: 1.1924
2026/09/01 18:24:55 - __main__ - INFO - 162 - trainer - [104/257] Loss: 1.2208
2026/09/01 18:25:06 - __main__ - INFO - 162 - trainer - [156/257] Loss: 1.2161
2026/09/01 18:25:17 - __main__ - INFO - 162 - trainer - [208/257] Loss: 1.2177
2026/09/01 18:25:26 - __main__ - INFO - 167 - trainer - Average loss in epoch 259: 1.2029
2026/09/01 18:25:26 - __main__ - INFO - 117 - trainer - Epoch: 260
2026/09/01 18:25:26 - __main__ - INFO - 162 - trainer - [0/257] Loss: 1.2111
2026/09/01 18:25:37 - __main__ - INFO - 162 - trainer - [52/257] Loss: 1.1710
2026/09/01 18:25:47 - __main__ - INFO - 162 - trainer - [104/257] Loss: 1.1969
2026/09/01 18:25:58 - __main__ - INFO - 162 - trainer - [156/257] Loss: 1.2060
2026/09/01 18:26:07 - __main__ - INFO - 162 - trainer - [208/257] Loss: 1.2080
2026/09/01 18:26:18 - __main__ - INFO - 167 - trainer - Average loss in epoch 260: 1.2029
2026/09/01 18:26:18 - __main__ - INFO - 173 - trainer - start predicting: 2026-09-01 18:26:18.027923
2026/09/01 18:29:16 - __main__ - INFO - 210 - trainer - {'Best_HR@5': np.float64(7.7286), 'Best_HR@10': np.float64(10.8376), 'Best_HR@20': np.float64(14.8443), 'Best_NDCG@5': np.float64(5.3795), 'Best_NDCG@10': np.float64(6.3771), 'Best_NDCG@20': np.float64(7.3773)}
2026/09/01 18:29:16 - __main__ - INFO - 211 - trainer - {'Best_epoch_HR@5': 160, 'Best_epoch_HR@10': 120, 'Best_epoch_HR@20': 100, 'Best_epoch_NDCG@5': 160, 'Best_epoch_NDCG@10': 120, 'Best_epoch_NDCG@20': 120}
2026/09/01 18:49:04 - __main__ - INFO - 268 - trainer - Train------------------------------------------------------
2026/09/01 18:49:04 - __main__ - INFO - 270 - trainer - {'HR@5': np.float64(46.5791), 'HR@10': np.float64(56.6534), 'HR@20': np.float64(66.4), 'NDCG@5': np.float64(35.5264), 'NDCG@10': np.float64(38.7904), 'NDCG@20': np.float64(41.2548)}
2026/09/01 18:49:04 - __main__ - INFO - 274 - trainer - Test------------------------------------------------------
2026/09/01 18:49:04 - __main__ - INFO - 276 - trainer - {'HR@5': np.float64(5.885), 'HR@10': np.float64(8.3198), 'HR@20': np.float64(11.7984), 'NDCG@5': np.float64(4.1474), 'NDCG@10': np.float64(4.9291), 'NDCG@20': np.float64(5.801)}
2026/09/01 18:49:04 - __main__ - INFO - 279 - trainer - Best Eval---------------------------------------------------------
2026/09/01 18:49:04 - __main__ - INFO - 282 - trainer - {'Best_HR@5': np.float64(7.7286), 'Best_HR@10': np.float64(10.8376), 'Best_HR@20': np.float64(14.8443), 'Best_NDCG@5': np.float64(5.3795), 'Best_NDCG@10': np.float64(6.3771), 'Best_NDCG@20': np.float64(7.3773)}
2026/09/01 18:49:04 - __main__ - INFO - 283 - trainer - {'Best_epoch_HR@5': 160, 'Best_epoch_HR@10': 120, 'Best_epoch_HR@20': 100, 'Best_epoch_NDCG@5': 160, 'Best_epoch_NDCG@10': 120, 'Best_epoch_NDCG@20': 120}
