2026/08/26 21:59:43 - __main__ - INFO - 73 - main - Namespace(dataset='amazon_beauty', log_file='log/', random_seed=1997, max_len=50, device='cuda', num_gpu=1, batch_size=512, hidden_size=128, dropout=0.1, emb_dropout=0.3, hidden_act='gelu', num_blocks=4, epochs=500, decay_step=100, gamma=0.1, metric_ks=[5, 10, 20], optimizer='Adam', lr=0.001, weight_decay=0, momentum=None, lambda_uncertainty=0.001, eval_interval=20, patience=5, eps=0.001, sample_N=30, lambda_t=0.001, dropout_c=0.1, eps_reverse=0.001, m_logNorm=1.0, s_logNorm=0.6, s_modsamp=1.0, last=2, mask_ratio=1.0, sampling_method='mode', Loss_Alpha=0.2, Loss_Beta=0.4)
2026/08/26 21:59:44 - __main__ - INFO - 117 - trainer - Epoch: 0
2026/08/26 21:59:44 - __main__ - INFO - 162 - trainer - [0/257] Loss: 12.4879
2026/08/26 21:59:52 - __main__ - INFO - 162 - trainer - [52/257] Loss: 7.9853
2026/08/26 21:59:59 - __main__ - INFO - 162 - trainer - [104/257] Loss: 6.8330
2026/08/26 22:00:07 - __main__ - INFO - 162 - trainer - [156/257] Loss: 6.0365
2026/08/26 22:00:14 - __main__ - INFO - 162 - trainer - [208/257] Loss: 5.5188
2026/08/26 22:00:21 - __main__ - INFO - 167 - trainer - Average loss in epoch 0: 6.8017
2026/08/26 22:00:21 - __main__ - INFO - 117 - trainer - Epoch: 1
2026/08/26 22:00:21 - __main__ - INFO - 162 - trainer - [0/257] Loss: 4.9325
2026/08/26 22:00:28 - __main__ - INFO - 162 - trainer - [52/257] Loss: 4.5273
2026/08/26 22:00:36 - __main__ - INFO - 162 - trainer - [104/257] Loss: 4.1544
2026/08/26 22:00:43 - __main__ - INFO - 162 - trainer - [156/257] Loss: 3.6376
2026/08/26 22:00:51 - __main__ - INFO - 162 - trainer - [208/257] Loss: 3.2539
2026/08/26 22:00:58 - __main__ - INFO - 167 - trainer - Average loss in epoch 1: 3.9271
2026/08/26 22:00:58 - __main__ - INFO - 117 - trainer - Epoch: 2
2026/08/26 22:00:58 - __main__ - INFO - 162 - trainer - [0/257] Loss: 3.0525
2026/08/26 22:01:05 - __main__ - INFO - 162 - trainer - [52/257] Loss: 2.9986
2026/08/26 22:01:13 - __main__ - INFO - 162 - trainer - [104/257] Loss: 2.9666
2026/08/26 22:01:20 - __main__ - INFO - 162 - trainer - [156/257] Loss: 2.9239
2026/08/26 22:01:27 - __main__ - INFO - 162 - trainer - [208/257] Loss: 2.9058
2026/08/26 22:01:34 - __main__ - INFO - 167 - trainer - Average loss in epoch 2: 2.9430
2026/08/26 22:01:34 - __main__ - INFO - 117 - trainer - Epoch: 3
2026/08/26 22:01:34 - __main__ - INFO - 162 - trainer - [0/257] Loss: 2.8777
2026/08/26 22:01:42 - __main__ - INFO - 162 - trainer - [52/257] Loss: 2.8513
2026/08/26 22:01:50 - __main__ - INFO - 162 - trainer - [104/257] Loss: 2.8362
2026/08/26 22:01:57 - __main__ - INFO - 162 - trainer - [156/257] Loss: 2.8394
2026/08/26 22:02:05 - __main__ - INFO - 162 - trainer - [208/257] Loss: 2.8041
2026/08/26 22:02:12 - __main__ - INFO - 167 - trainer - Average loss in epoch 3: 2.8265
2026/08/26 22:02:12 - __main__ - INFO - 117 - trainer - Epoch: 4
2026/08/26 22:02:12 - __main__ - INFO - 162 - trainer - [0/257] Loss: 2.7707
2026/08/26 22:02:20 - __main__ - INFO - 162 - trainer - [52/257] Loss: 2.7667
2026/08/26 22:02:27 - __main__ - INFO - 162 - trainer - [104/257] Loss: 2.7383
2026/08/26 22:02:35 - __main__ - INFO - 162 - trainer - [156/257] Loss: 2.7214
2026/08/26 22:02:42 - __main__ - INFO - 162 - trainer - [208/257] Loss: 2.6835
2026/08/26 22:02:49 - __main__ - INFO - 167 - trainer - Average loss in epoch 4: 2.7307
2026/08/26 22:02:49 - __main__ - INFO - 117 - trainer - Epoch: 5
2026/08/26 22:02:49 - __main__ - INFO - 162 - trainer - [0/257] Loss: 2.6631
2026/08/26 22:02:57 - __main__ - INFO - 162 - trainer - [52/257] Loss: 2.6585
2026/08/26 22:03:04 - __main__ - INFO - 162 - trainer - [104/257] Loss: 2.6333
2026/08/26 22:03:12 - __main__ - INFO - 162 - trainer - [156/257] Loss: 2.6189
2026/08/26 22:03:20 - __main__ - INFO - 162 - trainer - [208/257] Loss: 2.6215
2026/08/26 22:03:27 - __main__ - INFO - 167 - trainer - Average loss in epoch 5: 2.6405
2026/08/26 22:03:27 - __main__ - INFO - 117 - trainer - Epoch: 6
2026/08/26 22:03:27 - __main__ - INFO - 162 - trainer - [0/257] Loss: 2.6088
2026/08/26 22:03:35 - __main__ - INFO - 162 - trainer - [52/257] Loss: 2.5801
2026/08/26 22:03:43 - __main__ - INFO - 162 - trainer - [104/257] Loss: 2.5805
2026/08/26 22:03:50 - __main__ - INFO - 162 - trainer - [156/257] Loss: 2.5386
2026/08/26 22:03:58 - __main__ - INFO - 162 - trainer - [208/257] Loss: 2.5415
2026/08/26 22:04:05 - __main__ - INFO - 167 - trainer - Average loss in epoch 6: 2.5645
2026/08/26 22:04:05 - __main__ - INFO - 117 - trainer - Epoch: 7
2026/08/26 22:04:05 - __main__ - INFO - 162 - trainer - [0/257] Loss: 2.5196
2026/08/26 22:04:13 - __main__ - INFO - 162 - trainer - [52/257] Loss: 2.4919
2026/08/26 22:04:21 - __main__ - INFO - 162 - trainer - [104/257] Loss: 2.5147
2026/08/26 22:04:29 - __main__ - INFO - 162 - trainer - [156/257] Loss: 2.4772
2026/08/26 22:04:36 - __main__ - INFO - 162 - trainer - [208/257] Loss: 2.4953
2026/08/26 22:04:44 - __main__ - INFO - 167 - trainer - Average loss in epoch 7: 2.5004
2026/08/26 22:04:44 - __main__ - INFO - 117 - trainer - Epoch: 8
2026/08/26 22:04:44 - __main__ - INFO - 162 - trainer - [0/257] Loss: 2.4515
2026/08/26 22:04:52 - __main__ - INFO - 162 - trainer - [52/257] Loss: 2.4402
2026/08/26 22:04:59 - __main__ - INFO - 162 - trainer - [104/257] Loss: 2.4428
2026/08/26 22:05:07 - __main__ - INFO - 162 - trainer - [156/257] Loss: 2.4788
2026/08/26 22:05:15 - __main__ - INFO - 162 - trainer - [208/257] Loss: 2.4131
2026/08/26 22:05:22 - __main__ - INFO - 167 - trainer - Average loss in epoch 8: 2.4429
2026/08/26 22:05:22 - __main__ - INFO - 117 - trainer - Epoch: 9
2026/08/26 22:05:22 - __main__ - INFO - 162 - trainer - [0/257] Loss: 2.3936
2026/08/26 22:05:30 - __main__ - INFO - 162 - trainer - [52/257] Loss: 2.4083
2026/08/26 22:05:38 - __main__ - INFO - 162 - trainer - [104/257] Loss: 2.3763
2026/08/26 22:05:45 - __main__ - INFO - 162 - trainer - [156/257] Loss: 2.3980
2026/08/26 22:05:53 - __main__ - INFO - 162 - trainer - [208/257] Loss: 2.4102
2026/08/26 22:06:00 - __main__ - INFO - 167 - trainer - Average loss in epoch 9: 2.3884
2026/08/26 22:06:00 - __main__ - INFO - 117 - trainer - Epoch: 10
2026/08/26 22:06:00 - __main__ - INFO - 162 - trainer - [0/257] Loss: 2.3595
2026/08/26 22:06:08 - __main__ - INFO - 162 - trainer - [52/257] Loss: 2.3434
2026/08/26 22:06:16 - __main__ - INFO - 162 - trainer - [104/257] Loss: 2.3754
2026/08/26 22:06:24 - __main__ - INFO - 162 - trainer - [156/257] Loss: 2.3538
2026/08/26 22:06:31 - __main__ - INFO - 162 - trainer - [208/257] Loss: 2.3089
2026/08/26 22:06:38 - __main__ - INFO - 167 - trainer - Average loss in epoch 10: 2.3353
2026/08/26 22:06:38 - __main__ - INFO - 117 - trainer - Epoch: 11
2026/08/26 22:06:39 - __main__ - INFO - 162 - trainer - [0/257] Loss: 2.3433
2026/08/26 22:06:46 - __main__ - INFO - 162 - trainer - [52/257] Loss: 2.2937
2026/08/26 22:06:54 - __main__ - INFO - 162 - trainer - [104/257] Loss: 2.2969
2026/08/26 22:07:02 - __main__ - INFO - 162 - trainer - [156/257] Loss: 2.3232
2026/08/26 22:07:09 - __main__ - INFO - 162 - trainer - [208/257] Loss: 2.2642
2026/08/26 22:07:17 - __main__ - INFO - 167 - trainer - Average loss in epoch 11: 2.2840
2026/08/26 22:07:17 - __main__ - INFO - 117 - trainer - Epoch: 12
2026/08/26 22:07:17 - __main__ - INFO - 162 - trainer - [0/257] Loss: 2.2646
2026/08/26 22:07:24 - __main__ - INFO - 162 - trainer - [52/257] Loss: 2.2760
2026/08/26 22:07:32 - __main__ - INFO - 162 - trainer - [104/257] Loss: 2.2392
2026/08/26 22:07:40 - __main__ - INFO - 162 - trainer - [156/257] Loss: 2.2141
2026/08/26 22:07:48 - __main__ - INFO - 162 - trainer - [208/257] Loss: 2.2535
2026/08/26 22:07:55 - __main__ - INFO - 167 - trainer - Average loss in epoch 12: 2.2360
2026/08/26 22:07:55 - __main__ - INFO - 117 - trainer - Epoch: 13
2026/08/26 22:07:55 - __main__ - INFO - 162 - trainer - [0/257] Loss: 2.2675
2026/08/26 22:08:03 - __main__ - INFO - 162 - trainer - [52/257] Loss: 2.1982
2026/08/26 22:08:10 - __main__ - INFO - 162 - trainer - [104/257] Loss: 2.1737
2026/08/26 22:08:18 - __main__ - INFO - 162 - trainer - [156/257] Loss: 2.2001
2026/08/26 22:08:26 - __main__ - INFO - 162 - trainer - [208/257] Loss: 2.1654
2026/08/26 22:08:33 - __main__ - INFO - 167 - trainer - Average loss in epoch 13: 2.1899
2026/08/26 22:08:33 - __main__ - INFO - 117 - trainer - Epoch: 14
2026/08/26 22:08:33 - __main__ - INFO - 162 - trainer - [0/257] Loss: 2.1725
2026/08/26 22:08:41 - __main__ - INFO - 162 - trainer - [52/257] Loss: 2.1921
2026/08/26 22:08:49 - __main__ - INFO - 162 - trainer - [104/257] Loss: 2.1772
2026/08/26 22:08:56 - __main__ - INFO - 162 - trainer - [156/257] Loss: 2.1884
2026/08/26 22:09:04 - __main__ - INFO - 162 - trainer - [208/257] Loss: 2.1155
2026/08/26 22:09:11 - __main__ - INFO - 167 - trainer - Average loss in epoch 14: 2.1475
2026/08/26 22:09:11 - __main__ - INFO - 117 - trainer - Epoch: 15
2026/08/26 22:09:11 - __main__ - INFO - 162 - trainer - [0/257] Loss: 2.1731
2026/08/26 22:09:18 - __main__ - INFO - 162 - trainer - [52/257] Loss: 2.1525
2026/08/26 22:09:25 - __main__ - INFO - 162 - trainer - [104/257] Loss: 2.1446
2026/08/26 22:09:32 - __main__ - INFO - 162 - trainer - [156/257] Loss: 2.1150
2026/08/26 22:09:39 - __main__ - INFO - 162 - trainer - [208/257] Loss: 2.1512
2026/08/26 22:09:46 - __main__ - INFO - 167 - trainer - Average loss in epoch 15: 2.1084
2026/08/26 22:09:46 - __main__ - INFO - 117 - trainer - Epoch: 16
2026/08/26 22:09:46 - __main__ - INFO - 162 - trainer - [0/257] Loss: 2.0681
2026/08/26 22:09:54 - __main__ - INFO - 162 - trainer - [52/257] Loss: 2.0985
2026/08/26 22:10:02 - __main__ - INFO - 162 - trainer - [104/257] Loss: 2.0856
2026/08/26 22:10:09 - __main__ - INFO - 162 - trainer - [156/257] Loss: 2.0908
2026/08/26 22:10:17 - __main__ - INFO - 162 - trainer - [208/257] Loss: 2.0659
2026/08/26 22:10:24 - __main__ - INFO - 167 - trainer - Average loss in epoch 16: 2.0707
2026/08/26 22:10:24 - __main__ - INFO - 117 - trainer - Epoch: 17
2026/08/26 22:10:24 - __main__ - INFO - 162 - trainer - [0/257] Loss: 2.0222
2026/08/26 22:10:32 - __main__ - INFO - 162 - trainer - [52/257] Loss: 2.0543
2026/08/26 22:10:40 - __main__ - INFO - 162 - trainer - [104/257] Loss: 2.0365
2026/08/26 22:10:47 - __main__ - INFO - 162 - trainer - [156/257] Loss: 2.0244
2026/08/26 22:10:55 - __main__ - INFO - 162 - trainer - [208/257] Loss: 1.9915
2026/08/26 22:11:02 - __main__ - INFO - 167 - trainer - Average loss in epoch 17: 2.0364
2026/08/26 22:11:02 - __main__ - INFO - 117 - trainer - Epoch: 18
2026/08/26 22:11:03 - __main__ - INFO - 162 - trainer - [0/257] Loss: 1.9959
2026/08/26 22:11:10 - __main__ - INFO - 162 - trainer - [52/257] Loss: 2.0043
2026/08/26 22:11:18 - __main__ - INFO - 162 - trainer - [104/257] Loss: 2.0091
2026/08/26 22:11:26 - __main__ - INFO - 162 - trainer - [156/257] Loss: 2.0578
2026/08/26 22:11:34 - __main__ - INFO - 162 - trainer - [208/257] Loss: 2.0147
2026/08/26 22:11:41 - __main__ - INFO - 167 - trainer - Average loss in epoch 18: 2.0041
2026/08/26 22:11:41 - __main__ - INFO - 117 - trainer - Epoch: 19
2026/08/26 22:11:41 - __main__ - INFO - 162 - trainer - [0/257] Loss: 1.9950
2026/08/26 22:11:49 - __main__ - INFO - 162 - trainer - [52/257] Loss: 1.9628
2026/08/26 22:11:57 - __main__ - INFO - 162 - trainer - [104/257] Loss: 1.9845
2026/08/26 22:12:04 - __main__ - INFO - 162 - trainer - [156/257] Loss: 2.0095
2026/08/26 22:12:12 - __main__ - INFO - 162 - trainer - [208/257] Loss: 1.9895
2026/08/26 22:12:19 - __main__ - INFO - 167 - trainer - Average loss in epoch 19: 1.9731
2026/08/26 22:12:19 - __main__ - INFO - 117 - trainer - Epoch: 20
2026/08/26 22:12:20 - __main__ - INFO - 162 - trainer - [0/257] Loss: 1.8864
2026/08/26 22:12:27 - __main__ - INFO - 162 - trainer - [52/257] Loss: 1.9232
2026/08/26 22:12:35 - __main__ - INFO - 162 - trainer - [104/257] Loss: 1.9558
2026/08/26 22:12:43 - __main__ - INFO - 162 - trainer - [156/257] Loss: 1.9825
2026/08/26 22:12:51 - __main__ - INFO - 162 - trainer - [208/257] Loss: 1.8966
2026/08/26 22:12:58 - __main__ - INFO - 167 - trainer - Average loss in epoch 20: 1.9447
2026/08/26 22:12:58 - __main__ - INFO - 173 - trainer - start predicting: 2026-08-26 22:12:58.690371
2026/08/26 22:14:05 - __main__ - INFO - 203 - trainer - {'Best_HR@5': np.float64(4.3856), 'Best_HR@10': np.float64(6.3245), 'Best_HR@20': np.float64(9.2963), 'Best_NDCG@5': np.float64(3.0874), 'Best_NDCG@10': np.float64(3.7136), 'Best_NDCG@20': np.float64(4.4608)}
2026/08/26 22:14:05 - __main__ - INFO - 204 - trainer - {'Best_epoch_HR@5': 20, 'Best_epoch_HR@10': 20, 'Best_epoch_HR@20': 20, 'Best_epoch_NDCG@5': 20, 'Best_epoch_NDCG@10': 20, 'Best_epoch_NDCG@20': 20}
2026/08/26 22:14:05 - __main__ - INFO - 117 - trainer - Epoch: 21
2026/08/26 22:14:05 - __main__ - INFO - 162 - trainer - [0/257] Loss: 1.9446
2026/08/26 22:14:12 - __main__ - INFO - 162 - trainer - [52/257] Loss: 1.9373
2026/08/26 22:14:19 - __main__ - INFO - 162 - trainer - [104/257] Loss: 1.8888
2026/08/26 22:14:26 - __main__ - INFO - 162 - trainer - [156/257] Loss: 1.9082
2026/08/26 22:14:33 - __main__ - INFO - 162 - trainer - [208/257] Loss: 1.9070
2026/08/26 22:14:39 - __main__ - INFO - 167 - trainer - Average loss in epoch 21: 1.9176
2026/08/26 22:14:39 - __main__ - INFO - 117 - trainer - Epoch: 22
2026/08/26 22:14:40 - __main__ - INFO - 162 - trainer - [0/257] Loss: 1.8948
2026/08/26 22:14:47 - __main__ - INFO - 162 - trainer - [52/257] Loss: 1.8679
2026/08/26 22:14:55 - __main__ - INFO - 162 - trainer - [104/257] Loss: 1.8701
2026/08/26 22:15:02 - __main__ - INFO - 162 - trainer - [156/257] Loss: 1.8936
2026/08/26 22:15:10 - __main__ - INFO - 162 - trainer - [208/257] Loss: 1.8979
2026/08/26 22:15:17 - __main__ - INFO - 167 - trainer - Average loss in epoch 22: 1.8916
2026/08/26 22:15:17 - __main__ - INFO - 117 - trainer - Epoch: 23
2026/08/26 22:15:17 - __main__ - INFO - 162 - trainer - [0/257] Loss: 1.8198
2026/08/26 22:15:25 - __main__ - INFO - 162 - trainer - [52/257] Loss: 1.8747
2026/08/26 22:15:32 - __main__ - INFO - 162 - trainer - [104/257] Loss: 1.8482
2026/08/26 22:15:39 - __main__ - INFO - 162 - trainer - [156/257] Loss: 1.8682
2026/08/26 22:15:47 - __main__ - INFO - 162 - trainer - [208/257] Loss: 1.8454
2026/08/26 22:15:53 - __main__ - INFO - 167 - trainer - Average loss in epoch 23: 1.8676
2026/08/26 22:15:53 - __main__ - INFO - 117 - trainer - Epoch: 24
2026/08/26 22:15:54 - __main__ - INFO - 162 - trainer - [0/257] Loss: 1.8367
2026/08/26 22:16:01 - __main__ - INFO - 162 - trainer - [52/257] Loss: 1.8461
2026/08/26 22:16:08 - __main__ - INFO - 162 - trainer - [104/257] Loss: 1.8470
2026/08/26 22:16:15 - __main__ - INFO - 162 - trainer - [156/257] Loss: 1.8012
2026/08/26 22:16:22 - __main__ - INFO - 162 - trainer - [208/257] Loss: 1.8539
2026/08/26 22:16:29 - __main__ - INFO - 167 - trainer - Average loss in epoch 24: 1.8450
2026/08/26 22:16:29 - __main__ - INFO - 117 - trainer - Epoch: 25
2026/08/26 22:16:29 - __main__ - INFO - 162 - trainer - [0/257] Loss: 1.7905
2026/08/26 22:16:36 - __main__ - INFO - 162 - trainer - [52/257] Loss: 1.8488
2026/08/26 22:16:44 - __main__ - INFO - 162 - trainer - [104/257] Loss: 1.8453
2026/08/26 22:16:51 - __main__ - INFO - 162 - trainer - [156/257] Loss: 1.7750
2026/08/26 22:16:59 - __main__ - INFO - 162 - trainer - [208/257] Loss: 1.8032
2026/08/26 22:17:06 - __main__ - INFO - 167 - trainer - Average loss in epoch 25: 1.8246
2026/08/26 22:17:06 - __main__ - INFO - 117 - trainer - Epoch: 26
2026/08/26 22:17:06 - __main__ - INFO - 162 - trainer - [0/257] Loss: 1.8075
2026/08/26 22:17:13 - __main__ - INFO - 162 - trainer - [52/257] Loss: 1.8279
2026/08/26 22:17:20 - __main__ - INFO - 162 - trainer - [104/257] Loss: 1.7732
2026/08/26 22:17:27 - __main__ - INFO - 162 - trainer - [156/257] Loss: 1.7611
2026/08/26 22:17:34 - __main__ - INFO - 162 - trainer - [208/257] Loss: 1.7993
2026/08/26 22:17:41 - __main__ - INFO - 167 - trainer - Average loss in epoch 26: 1.8041
2026/08/26 22:17:41 - __main__ - INFO - 117 - trainer - Epoch: 27
2026/08/26 22:17:41 - __main__ - INFO - 162 - trainer - [0/257] Loss: 1.7904
2026/08/26 22:17:48 - __main__ - INFO - 162 - trainer - [52/257] Loss: 1.7950
2026/08/26 22:17:55 - __main__ - INFO - 162 - trainer - [104/257] Loss: 1.7801
2026/08/26 22:18:03 - __main__ - INFO - 162 - trainer - [156/257] Loss: 1.7524
2026/08/26 22:18:10 - __main__ - INFO - 162 - trainer - [208/257] Loss: 1.7897
2026/08/26 22:18:17 - __main__ - INFO - 167 - trainer - Average loss in epoch 27: 1.7852
2026/08/26 22:18:17 - __main__ - INFO - 117 - trainer - Epoch: 28
2026/08/26 22:18:17 - __main__ - INFO - 162 - trainer - [0/257] Loss: 1.7549
2026/08/26 22:18:25 - __main__ - INFO - 162 - trainer - [52/257] Loss: 1.7791
2026/08/26 22:18:32 - __main__ - INFO - 162 - trainer - [104/257] Loss: 1.7948
2026/08/26 22:18:40 - __main__ - INFO - 162 - trainer - [156/257] Loss: 1.7667
2026/08/26 22:18:47 - __main__ - INFO - 162 - trainer - [208/257] Loss: 1.7597
2026/08/26 22:18:54 - __main__ - INFO - 167 - trainer - Average loss in epoch 28: 1.7675
2026/08/26 22:18:54 - __main__ - INFO - 117 - trainer - Epoch: 29
2026/08/26 22:18:54 - __main__ - INFO - 162 - trainer - [0/257] Loss: 1.8101
2026/08/26 22:19:01 - __main__ - INFO - 162 - trainer - [52/257] Loss: 1.7417
2026/08/26 22:19:08 - __main__ - INFO - 162 - trainer - [104/257] Loss: 1.7849
2026/08/26 22:19:15 - __main__ - INFO - 162 - trainer - [156/257] Loss: 1.7362
2026/08/26 22:19:22 - __main__ - INFO - 162 - trainer - [208/257] Loss: 1.7440
2026/08/26 22:19:28 - __main__ - INFO - 167 - trainer - Average loss in epoch 29: 1.7515
2026/08/26 22:19:28 - __main__ - INFO - 117 - trainer - Epoch: 30
2026/08/26 22:19:29 - __main__ - INFO - 162 - trainer - [0/257] Loss: 1.7435
2026/08/26 22:19:36 - __main__ - INFO - 162 - trainer - [52/257] Loss: 1.7370
2026/08/26 22:19:43 - __main__ - INFO - 162 - trainer - [104/257] Loss: 1.7256
2026/08/26 22:19:50 - __main__ - INFO - 162 - trainer - [156/257] Loss: 1.7251
2026/08/26 22:19:58 - __main__ - INFO - 162 - trainer - [208/257] Loss: 1.7534
2026/08/26 22:20:05 - __main__ - INFO - 167 - trainer - Average loss in epoch 30: 1.7351
2026/08/26 22:20:05 - __main__ - INFO - 117 - trainer - Epoch: 31
2026/08/26 22:20:05 - __main__ - INFO - 162 - trainer - [0/257] Loss: 1.7303
2026/08/26 22:20:13 - __main__ - INFO - 162 - trainer - [52/257] Loss: 1.6894
2026/08/26 22:20:20 - __main__ - INFO - 162 - trainer - [104/257] Loss: 1.7525
2026/08/26 22:20:28 - __main__ - INFO - 162 - trainer - [156/257] Loss: 1.7384
2026/08/26 22:20:36 - __main__ - INFO - 162 - trainer - [208/257] Loss: 1.7414
2026/08/26 22:20:43 - __main__ - INFO - 167 - trainer - Average loss in epoch 31: 1.7194
2026/08/26 22:20:43 - __main__ - INFO - 117 - trainer - Epoch: 32
2026/08/26 22:20:43 - __main__ - INFO - 162 - trainer - [0/257] Loss: 1.6896
2026/08/26 22:20:50 - __main__ - INFO - 162 - trainer - [52/257] Loss: 1.6931
2026/08/26 22:20:58 - __main__ - INFO - 162 - trainer - [104/257] Loss: 1.6755
2026/08/26 22:21:05 - __main__ - INFO - 162 - trainer - [156/257] Loss: 1.6933
2026/08/26 22:21:13 - __main__ - INFO - 162 - trainer - [208/257] Loss: 1.7231
2026/08/26 22:21:19 - __main__ - INFO - 167 - trainer - Average loss in epoch 32: 1.7049
2026/08/26 22:21:19 - __main__ - INFO - 117 - trainer - Epoch: 33
2026/08/26 22:21:20 - __main__ - INFO - 162 - trainer - [0/257] Loss: 1.6694
2026/08/26 22:21:27 - __main__ - INFO - 162 - trainer - [52/257] Loss: 1.6774
2026/08/26 22:21:35 - __main__ - INFO - 162 - trainer - [104/257] Loss: 1.6963
2026/08/26 22:21:42 - __main__ - INFO - 162 - trainer - [156/257] Loss: 1.6628
2026/08/26 22:21:50 - __main__ - INFO - 162 - trainer - [208/257] Loss: 1.6939
2026/08/26 22:21:57 - __main__ - INFO - 167 - trainer - Average loss in epoch 33: 1.6918
2026/08/26 22:21:57 - __main__ - INFO - 117 - trainer - Epoch: 34
2026/08/26 22:21:57 - __main__ - INFO - 162 - trainer - [0/257] Loss: 1.6855
2026/08/26 22:22:04 - __main__ - INFO - 162 - trainer - [52/257] Loss: 1.6872
2026/08/26 22:22:12 - __main__ - INFO - 162 - trainer - [104/257] Loss: 1.6938
2026/08/26 22:22:19 - __main__ - INFO - 162 - trainer - [156/257] Loss: 1.6733
2026/08/26 22:22:27 - __main__ - INFO - 162 - trainer - [208/257] Loss: 1.7128
2026/08/26 22:22:34 - __main__ - INFO - 167 - trainer - Average loss in epoch 34: 1.6770
2026/08/26 22:22:34 - __main__ - INFO - 117 - trainer - Epoch: 35
2026/08/26 22:22:34 - __main__ - INFO - 162 - trainer - [0/257] Loss: 1.6706
2026/08/26 22:22:41 - __main__ - INFO - 162 - trainer - [52/257] Loss: 1.6078
2026/08/26 22:22:49 - __main__ - INFO - 162 - trainer - [104/257] Loss: 1.6317
2026/08/26 22:22:56 - __main__ - INFO - 162 - trainer - [156/257] Loss: 1.6967
2026/08/26 22:23:04 - __main__ - INFO - 162 - trainer - [208/257] Loss: 1.6821
2026/08/26 22:23:11 - __main__ - INFO - 167 - trainer - Average loss in epoch 35: 1.6651
2026/08/26 22:23:11 - __main__ - INFO - 117 - trainer - Epoch: 36
2026/08/26 22:23:11 - __main__ - INFO - 162 - trainer - [0/257] Loss: 1.6424
2026/08/26 22:23:18 - __main__ - INFO - 162 - trainer - [52/257] Loss: 1.6190
2026/08/26 22:23:26 - __main__ - INFO - 162 - trainer - [104/257] Loss: 1.6165
2026/08/26 22:23:33 - __main__ - INFO - 162 - trainer - [156/257] Loss: 1.6617
2026/08/26 22:23:41 - __main__ - INFO - 162 - trainer - [208/257] Loss: 1.6193
2026/08/26 22:23:48 - __main__ - INFO - 167 - trainer - Average loss in epoch 36: 1.6521
2026/08/26 22:23:48 - __main__ - INFO - 117 - trainer - Epoch: 37
2026/08/26 22:23:48 - __main__ - INFO - 162 - trainer - [0/257] Loss: 1.6291
2026/08/26 22:23:56 - __main__ - INFO - 162 - trainer - [52/257] Loss: 1.6615
2026/08/26 22:24:03 - __main__ - INFO - 162 - trainer - [104/257] Loss: 1.6447
2026/08/26 22:24:11 - __main__ - INFO - 162 - trainer - [156/257] Loss: 1.6543
2026/08/26 22:24:19 - __main__ - INFO - 162 - trainer - [208/257] Loss: 1.6612
2026/08/26 22:24:26 - __main__ - INFO - 167 - trainer - Average loss in epoch 37: 1.6413
2026/08/26 22:24:26 - __main__ - INFO - 117 - trainer - Epoch: 38
2026/08/26 22:24:26 - __main__ - INFO - 162 - trainer - [0/257] Loss: 1.6156
2026/08/26 22:24:33 - __main__ - INFO - 162 - trainer - [52/257] Loss: 1.6455
2026/08/26 22:24:41 - __main__ - INFO - 162 - trainer - [104/257] Loss: 1.6106
2026/08/26 22:24:48 - __main__ - INFO - 162 - trainer - [156/257] Loss: 1.6330
2026/08/26 22:24:56 - __main__ - INFO - 162 - trainer - [208/257] Loss: 1.6504
2026/08/26 22:25:02 - __main__ - INFO - 167 - trainer - Average loss in epoch 38: 1.6298
2026/08/26 22:25:02 - __main__ - INFO - 117 - trainer - Epoch: 39
2026/08/26 22:25:03 - __main__ - INFO - 162 - trainer - [0/257] Loss: 1.5915
2026/08/26 22:25:10 - __main__ - INFO - 162 - trainer - [52/257] Loss: 1.6172
2026/08/26 22:25:18 - __main__ - INFO - 162 - trainer - [104/257] Loss: 1.6285
2026/08/26 22:25:25 - __main__ - INFO - 162 - trainer - [156/257] Loss: 1.6353
2026/08/26 22:25:33 - __main__ - INFO - 162 - trainer - [208/257] Loss: 1.6571
2026/08/26 22:25:40 - __main__ - INFO - 167 - trainer - Average loss in epoch 39: 1.6179
2026/08/26 22:25:40 - __main__ - INFO - 117 - trainer - Epoch: 40
2026/08/26 22:25:40 - __main__ - INFO - 162 - trainer - [0/257] Loss: 1.6198
2026/08/26 22:25:47 - __main__ - INFO - 162 - trainer - [52/257] Loss: 1.6287
2026/08/26 22:25:54 - __main__ - INFO - 162 - trainer - [104/257] Loss: 1.6280
2026/08/26 22:26:01 - __main__ - INFO - 162 - trainer - [156/257] Loss: 1.6264
2026/08/26 22:26:08 - __main__ - INFO - 162 - trainer - [208/257] Loss: 1.6011
2026/08/26 22:26:15 - __main__ - INFO - 167 - trainer - Average loss in epoch 40: 1.6080
2026/08/26 22:26:15 - __main__ - INFO - 173 - trainer - start predicting: 2026-08-26 22:26:15.009354
2026/08/26 22:27:20 - __main__ - INFO - 203 - trainer - {'Best_HR@5': np.float64(6.3593), 'Best_HR@10': np.float64(9.1642), 'Best_HR@20': np.float64(12.8348), 'Best_NDCG@5': np.float64(4.4405), 'Best_NDCG@10': np.float64(5.3416), 'Best_NDCG@20': np.float64(6.2676)}
2026/08/26 22:27:20 - __main__ - INFO - 204 - trainer - {'Best_epoch_HR@5': 40, 'Best_epoch_HR@10': 40, 'Best_epoch_HR@20': 40, 'Best_epoch_NDCG@5': 40, 'Best_epoch_NDCG@10': 40, 'Best_epoch_NDCG@20': 40}
2026/08/26 22:27:20 - __main__ - INFO - 117 - trainer - Epoch: 41
2026/08/26 22:27:20 - __main__ - INFO - 162 - trainer - [0/257] Loss: 1.6029
2026/08/26 22:27:28 - __main__ - INFO - 162 - trainer - [52/257] Loss: 1.6000
2026/08/26 22:27:35 - __main__ - INFO - 162 - trainer - [104/257] Loss: 1.6225
2026/08/26 22:27:43 - __main__ - INFO - 162 - trainer - [156/257] Loss: 1.6311
2026/08/26 22:27:50 - __main__ - INFO - 162 - trainer - [208/257] Loss: 1.5994
2026/08/26 22:27:57 - __main__ - INFO - 167 - trainer - Average loss in epoch 41: 1.5974
2026/08/26 22:27:57 - __main__ - INFO - 117 - trainer - Epoch: 42
2026/08/26 22:27:58 - __main__ - INFO - 162 - trainer - [0/257] Loss: 1.5795
2026/08/26 22:28:05 - __main__ - INFO - 162 - trainer - [52/257] Loss: 1.6242
2026/08/26 22:28:13 - __main__ - INFO - 162 - trainer - [104/257] Loss: 1.6044
2026/08/26 22:28:20 - __main__ - INFO - 162 - trainer - [156/257] Loss: 1.5422
2026/08/26 22:28:28 - __main__ - INFO - 162 - trainer - [208/257] Loss: 1.6401
2026/08/26 22:28:35 - __main__ - INFO - 167 - trainer - Average loss in epoch 42: 1.5878
2026/08/26 22:28:35 - __main__ - INFO - 117 - trainer - Epoch: 43
2026/08/26 22:28:35 - __main__ - INFO - 162 - trainer - [0/257] Loss: 1.5544
2026/08/26 22:28:42 - __main__ - INFO - 162 - trainer - [52/257] Loss: 1.5926
2026/08/26 22:28:50 - __main__ - INFO - 162 - trainer - [104/257] Loss: 1.5575
2026/08/26 22:28:57 - __main__ - INFO - 162 - trainer - [156/257] Loss: 1.5497
2026/08/26 22:29:05 - __main__ - INFO - 162 - trainer - [208/257] Loss: 1.5862
2026/08/26 22:29:12 - __main__ - INFO - 167 - trainer - Average loss in epoch 43: 1.5775
2026/08/26 22:29:12 - __main__ - INFO - 117 - trainer - Epoch: 44
2026/08/26 22:29:12 - __main__ - INFO - 162 - trainer - [0/257] Loss: 1.5269
2026/08/26 22:29:19 - __main__ - INFO - 162 - trainer - [52/257] Loss: 1.5771
2026/08/26 22:29:27 - __main__ - INFO - 162 - trainer - [104/257] Loss: 1.6073
2026/08/26 22:29:34 - __main__ - INFO - 162 - trainer - [156/257] Loss: 1.5511
2026/08/26 22:29:41 - __main__ - INFO - 162 - trainer - [208/257] Loss: 1.5319
2026/08/26 22:29:48 - __main__ - INFO - 167 - trainer - Average loss in epoch 44: 1.5682
2026/08/26 22:29:48 - __main__ - INFO - 117 - trainer - Epoch: 45
2026/08/26 22:29:48 - __main__ - INFO - 162 - trainer - [0/257] Loss: 1.5410
2026/08/26 22:29:56 - __main__ - INFO - 162 - trainer - [52/257] Loss: 1.5260
2026/08/26 22:30:03 - __main__ - INFO - 162 - trainer - [104/257] Loss: 1.5791
2026/08/26 22:30:11 - __main__ - INFO - 162 - trainer - [156/257] Loss: 1.5942
2026/08/26 22:30:18 - __main__ - INFO - 162 - trainer - [208/257] Loss: 1.5564
2026/08/26 22:30:25 - __main__ - INFO - 167 - trainer - Average loss in epoch 45: 1.5596
2026/08/26 22:30:25 - __main__ - INFO - 117 - trainer - Epoch: 46
2026/08/26 22:30:25 - __main__ - INFO - 162 - trainer - [0/257] Loss: 1.5224
2026/08/26 22:30:33 - __main__ - INFO - 162 - trainer - [52/257] Loss: 1.5283
2026/08/26 22:30:41 - __main__ - INFO - 162 - trainer - [104/257] Loss: 1.5835
2026/08/26 22:30:48 - __main__ - INFO - 162 - trainer - [156/257] Loss: 1.5767
2026/08/26 22:30:56 - __main__ - INFO - 162 - trainer - [208/257] Loss: 1.5953
2026/08/26 22:31:03 - __main__ - INFO - 167 - trainer - Average loss in epoch 46: 1.5500
2026/08/26 22:31:03 - __main__ - INFO - 117 - trainer - Epoch: 47
2026/08/26 22:31:03 - __main__ - INFO - 162 - trainer - [0/257] Loss: 1.4872
2026/08/26 22:31:10 - __main__ - INFO - 162 - trainer - [52/257] Loss: 1.5676
2026/08/26 22:31:18 - __main__ - INFO - 162 - trainer - [104/257] Loss: 1.5807
2026/08/26 22:31:25 - __main__ - INFO - 162 - trainer - [156/257] Loss: 1.5179
2026/08/26 22:31:32 - __main__ - INFO - 162 - trainer - [208/257] Loss: 1.5568
2026/08/26 22:31:39 - __main__ - INFO - 167 - trainer - Average loss in epoch 47: 1.5421
2026/08/26 22:31:39 - __main__ - INFO - 117 - trainer - Epoch: 48
2026/08/26 22:31:39 - __main__ - INFO - 162 - trainer - [0/257] Loss: 1.5290
2026/08/26 22:31:47 - __main__ - INFO - 162 - trainer - [52/257] Loss: 1.5412
2026/08/26 22:31:54 - __main__ - INFO - 162 - trainer - [104/257] Loss: 1.5157
2026/08/26 22:32:01 - __main__ - INFO - 162 - trainer - [156/257] Loss: 1.5686
2026/08/26 22:32:09 - __main__ - INFO - 162 - trainer - [208/257] Loss: 1.5691
2026/08/26 22:32:15 - __main__ - INFO - 167 - trainer - Average loss in epoch 48: 1.5323
2026/08/26 22:32:15 - __main__ - INFO - 117 - trainer - Epoch: 49
2026/08/26 22:32:16 - __main__ - INFO - 162 - trainer - [0/257] Loss: 1.4919
2026/08/26 22:32:23 - __main__ - INFO - 162 - trainer - [52/257] Loss: 1.5039
2026/08/26 22:32:30 - __main__ - INFO - 162 - trainer - [104/257] Loss: 1.5103
2026/08/26 22:32:38 - __main__ - INFO - 162 - trainer - [156/257] Loss: 1.5033
2026/08/26 22:32:45 - __main__ - INFO - 162 - trainer - [208/257] Loss: 1.5439
2026/08/26 22:32:52 - __main__ - INFO - 167 - trainer - Average loss in epoch 49: 1.5254
2026/08/26 22:32:52 - __main__ - INFO - 117 - trainer - Epoch: 50
2026/08/26 22:32:52 - __main__ - INFO - 162 - trainer - [0/257] Loss: 1.5243
2026/08/26 22:32:59 - __main__ - INFO - 162 - trainer - [52/257] Loss: 1.4703
2026/08/26 22:33:07 - __main__ - INFO - 162 - trainer - [104/257] Loss: 1.5289
2026/08/26 22:33:14 - __main__ - INFO - 162 - trainer - [156/257] Loss: 1.4566
2026/08/26 22:33:21 - __main__ - INFO - 162 - trainer - [208/257] Loss: 1.5320
2026/08/26 22:33:28 - __main__ - INFO - 167 - trainer - Average loss in epoch 50: 1.5160
2026/08/26 22:33:28 - __main__ - INFO - 117 - trainer - Epoch: 51
2026/08/26 22:33:28 - __main__ - INFO - 162 - trainer - [0/257] Loss: 1.4854
2026/08/26 22:33:35 - __main__ - INFO - 162 - trainer - [52/257] Loss: 1.5187
2026/08/26 22:33:43 - __main__ - INFO - 162 - trainer - [104/257] Loss: 1.5191
2026/08/26 22:33:50 - __main__ - INFO - 162 - trainer - [156/257] Loss: 1.5303
2026/08/26 22:33:58 - __main__ - INFO - 162 - trainer - [208/257] Loss: 1.4871
2026/08/26 22:34:04 - __main__ - INFO - 167 - trainer - Average loss in epoch 51: 1.5090
2026/08/26 22:34:04 - __main__ - INFO - 117 - trainer - Epoch: 52
2026/08/26 22:34:04 - __main__ - INFO - 162 - trainer - [0/257] Loss: 1.5337
2026/08/26 22:34:12 - __main__ - INFO - 162 - trainer - [52/257] Loss: 1.5054
2026/08/26 22:34:19 - __main__ - INFO - 162 - trainer - [104/257] Loss: 1.4814
2026/08/26 22:34:27 - __main__ - INFO - 162 - trainer - [156/257] Loss: 1.4764
2026/08/26 22:34:34 - __main__ - INFO - 162 - trainer - [208/257] Loss: 1.4925
2026/08/26 22:34:41 - __main__ - INFO - 167 - trainer - Average loss in epoch 52: 1.5007
2026/08/26 22:34:41 - __main__ - INFO - 117 - trainer - Epoch: 53
2026/08/26 22:34:41 - __main__ - INFO - 162 - trainer - [0/257] Loss: 1.4668
2026/08/26 22:34:48 - __main__ - INFO - 162 - trainer - [52/257] Loss: 1.4952
2026/08/26 22:34:55 - __main__ - INFO - 162 - trainer - [104/257] Loss: 1.4989
2026/08/26 22:35:02 - __main__ - INFO - 162 - trainer - [156/257] Loss: 1.4810
2026/08/26 22:35:09 - __main__ - INFO - 162 - trainer - [208/257] Loss: 1.5011
2026/08/26 22:35:16 - __main__ - INFO - 167 - trainer - Average loss in epoch 53: 1.4937
2026/08/26 22:35:16 - __main__ - INFO - 117 - trainer - Epoch: 54
2026/08/26 22:35:16 - __main__ - INFO - 162 - trainer - [0/257] Loss: 1.4633
2026/08/26 22:35:24 - __main__ - INFO - 162 - trainer - [52/257] Loss: 1.4611
2026/08/26 22:35:31 - __main__ - INFO - 162 - trainer - [104/257] Loss: 1.4765
2026/08/26 22:35:39 - __main__ - INFO - 162 - trainer - [156/257] Loss: 1.5080
2026/08/26 22:35:46 - __main__ - INFO - 162 - trainer - [208/257] Loss: 1.5089
2026/08/26 22:35:53 - __main__ - INFO - 167 - trainer - Average loss in epoch 54: 1.4860
2026/08/26 22:35:53 - __main__ - INFO - 117 - trainer - Epoch: 55
2026/08/26 22:35:53 - __main__ - INFO - 162 - trainer - [0/257] Loss: 1.4700
2026/08/26 22:36:01 - __main__ - INFO - 162 - trainer - [52/257] Loss: 1.4355
2026/08/26 22:36:08 - __main__ - INFO - 162 - trainer - [104/257] Loss: 1.4780
2026/08/26 22:36:16 - __main__ - INFO - 162 - trainer - [156/257] Loss: 1.5031
2026/08/26 22:36:23 - __main__ - INFO - 162 - trainer - [208/257] Loss: 1.5127
2026/08/26 22:36:30 - __main__ - INFO - 167 - trainer - Average loss in epoch 55: 1.4797
2026/08/26 22:36:30 - __main__ - INFO - 117 - trainer - Epoch: 56
2026/08/26 22:36:30 - __main__ - INFO - 162 - trainer - [0/257] Loss: 1.4622
2026/08/26 22:36:37 - __main__ - INFO - 162 - trainer - [52/257] Loss: 1.5187
2026/08/26 22:36:45 - __main__ - INFO - 162 - trainer - [104/257] Loss: 1.4516
2026/08/26 22:36:52 - __main__ - INFO - 162 - trainer - [156/257] Loss: 1.4901
2026/08/26 22:36:59 - __main__ - INFO - 162 - trainer - [208/257] Loss: 1.5048
2026/08/26 22:37:06 - __main__ - INFO - 167 - trainer - Average loss in epoch 56: 1.4722
2026/08/26 22:37:06 - __main__ - INFO - 117 - trainer - Epoch: 57
2026/08/26 22:37:06 - __main__ - INFO - 162 - trainer - [0/257] Loss: 1.4455
2026/08/26 22:37:13 - __main__ - INFO - 162 - trainer - [52/257] Loss: 1.4681
2026/08/26 22:37:21 - __main__ - INFO - 162 - trainer - [104/257] Loss: 1.4437
2026/08/26 22:37:28 - __main__ - INFO - 162 - trainer - [156/257] Loss: 1.4782
2026/08/26 22:37:35 - __main__ - INFO - 162 - trainer - [208/257] Loss: 1.5026
2026/08/26 22:37:42 - __main__ - INFO - 167 - trainer - Average loss in epoch 57: 1.4644
2026/08/26 22:37:42 - __main__ - INFO - 117 - trainer - Epoch: 58
2026/08/26 22:37:42 - __main__ - INFO - 162 - trainer - [0/257] Loss: 1.4609
2026/08/26 22:37:50 - __main__ - INFO - 162 - trainer - [52/257] Loss: 1.4318
2026/08/26 22:37:57 - __main__ - INFO - 162 - trainer - [104/257] Loss: 1.4624
2026/08/26 22:38:05 - __main__ - INFO - 162 - trainer - [156/257] Loss: 1.4592
2026/08/26 22:38:12 - __main__ - INFO - 162 - trainer - [208/257] Loss: 1.5019
2026/08/26 22:38:19 - __main__ - INFO - 167 - trainer - Average loss in epoch 58: 1.4591
2026/08/26 22:38:19 - __main__ - INFO - 117 - trainer - Epoch: 59
2026/08/26 22:38:19 - __main__ - INFO - 162 - trainer - [0/257] Loss: 1.4551
2026/08/26 22:38:26 - __main__ - INFO - 162 - trainer - [52/257] Loss: 1.4428
2026/08/26 22:38:34 - __main__ - INFO - 162 - trainer - [104/257] Loss: 1.4404
2026/08/26 22:38:41 - __main__ - INFO - 162 - trainer - [156/257] Loss: 1.4395
2026/08/26 22:38:48 - __main__ - INFO - 162 - trainer - [208/257] Loss: 1.4629
2026/08/26 22:38:55 - __main__ - INFO - 167 - trainer - Average loss in epoch 59: 1.4521
2026/08/26 22:38:55 - __main__ - INFO - 117 - trainer - Epoch: 60
2026/08/26 22:38:55 - __main__ - INFO - 162 - trainer - [0/257] Loss: 1.4219
2026/08/26 22:39:02 - __main__ - INFO - 162 - trainer - [52/257] Loss: 1.4523
2026/08/26 22:39:10 - __main__ - INFO - 162 - trainer - [104/257] Loss: 1.4679
2026/08/26 22:39:18 - __main__ - INFO - 162 - trainer - [156/257] Loss: 1.4413
2026/08/26 22:39:25 - __main__ - INFO - 162 - trainer - [208/257] Loss: 1.4642
2026/08/26 22:39:32 - __main__ - INFO - 167 - trainer - Average loss in epoch 60: 1.4451
2026/08/26 22:39:32 - __main__ - INFO - 173 - trainer - start predicting: 2026-08-26 22:39:32.368786
2026/08/26 22:40:35 - __main__ - INFO - 203 - trainer - {'Best_HR@5': np.float64(7.2126), 'Best_HR@10': np.float64(10.354), 'Best_HR@20': np.float64(14.3013), 'Best_NDCG@5': np.float64(5.0293), 'Best_NDCG@10': np.float64(6.0367), 'Best_NDCG@20': np.float64(7.0325)}
2026/08/26 22:40:35 - __main__ - INFO - 204 - trainer - {'Best_epoch_HR@5': 60, 'Best_epoch_HR@10': 60, 'Best_epoch_HR@20': 60, 'Best_epoch_NDCG@5': 60, 'Best_epoch_NDCG@10': 60, 'Best_epoch_NDCG@20': 60}
2026/08/26 22:40:35 - __main__ - INFO - 117 - trainer - Epoch: 61
2026/08/26 22:40:35 - __main__ - INFO - 162 - trainer - [0/257] Loss: 1.4196
2026/08/26 22:40:42 - __main__ - INFO - 162 - trainer - [52/257] Loss: 1.4411
2026/08/26 22:40:49 - __main__ - INFO - 162 - trainer - [104/257] Loss: 1.4645
2026/08/26 22:40:56 - __main__ - INFO - 162 - trainer - [156/257] Loss: 1.4474
2026/08/26 22:41:04 - __main__ - INFO - 162 - trainer - [208/257] Loss: 1.4568
2026/08/26 22:41:10 - __main__ - INFO - 167 - trainer - Average loss in epoch 61: 1.4389
2026/08/26 22:41:10 - __main__ - INFO - 117 - trainer - Epoch: 62
2026/08/26 22:41:10 - __main__ - INFO - 162 - trainer - [0/257] Loss: 1.4192
2026/08/26 22:41:18 - __main__ - INFO - 162 - trainer - [52/257] Loss: 1.4615
2026/08/26 22:41:25 - __main__ - INFO - 162 - trainer - [104/257] Loss: 1.4144
2026/08/26 22:41:33 - __main__ - INFO - 162 - trainer - [156/257] Loss: 1.4093
2026/08/26 22:41:40 - __main__ - INFO - 162 - trainer - [208/257] Loss: 1.4246
2026/08/26 22:41:47 - __main__ - INFO - 167 - trainer - Average loss in epoch 62: 1.4321
2026/08/26 22:41:47 - __main__ - INFO - 117 - trainer - Epoch: 63
2026/08/26 22:41:47 - __main__ - INFO - 162 - trainer - [0/257] Loss: 1.3995
2026/08/26 22:41:54 - __main__ - INFO - 162 - trainer - [52/257] Loss: 1.4316
2026/08/26 22:42:02 - __main__ - INFO - 162 - trainer - [104/257] Loss: 1.4223
2026/08/26 22:42:09 - __main__ - INFO - 162 - trainer - [156/257] Loss: 1.4560
2026/08/26 22:42:16 - __main__ - INFO - 162 - trainer - [208/257] Loss: 1.4511
2026/08/26 22:42:23 - __main__ - INFO - 167 - trainer - Average loss in epoch 63: 1.4260
2026/08/26 22:42:23 - __main__ - INFO - 117 - trainer - Epoch: 64
2026/08/26 22:42:23 - __main__ - INFO - 162 - trainer - [0/257] Loss: 1.4071
2026/08/26 22:42:31 - __main__ - INFO - 162 - trainer - [52/257] Loss: 1.4576
2026/08/26 22:42:38 - __main__ - INFO - 162 - trainer - [104/257] Loss: 1.4028
2026/08/26 22:42:46 - __main__ - INFO - 162 - trainer - [156/257] Loss: 1.3898
2026/08/26 22:42:53 - __main__ - INFO - 162 - trainer - [208/257] Loss: 1.4148
2026/08/26 22:43:00 - __main__ - INFO - 167 - trainer - Average loss in epoch 64: 1.4205
2026/08/26 22:43:00 - __main__ - INFO - 117 - trainer - Epoch: 65
2026/08/26 22:43:00 - __main__ - INFO - 162 - trainer - [0/257] Loss: 1.3923
2026/08/26 22:43:08 - __main__ - INFO - 162 - trainer - [52/257] Loss: 1.3970
2026/08/26 22:43:15 - __main__ - INFO - 162 - trainer - [104/257] Loss: 1.4314
2026/08/26 22:43:23 - __main__ - INFO - 162 - trainer - [156/257] Loss: 1.3886
2026/08/26 22:43:30 - __main__ - INFO - 162 - trainer - [208/257] Loss: 1.3815
2026/08/26 22:43:37 - __main__ - INFO - 167 - trainer - Average loss in epoch 65: 1.4148
2026/08/26 22:43:37 - __main__ - INFO - 117 - trainer - Epoch: 66
2026/08/26 22:43:37 - __main__ - INFO - 162 - trainer - [0/257] Loss: 1.4147
2026/08/26 22:43:45 - __main__ - INFO - 162 - trainer - [52/257] Loss: 1.3558
2026/08/26 22:43:52 - __main__ - INFO - 162 - trainer - [104/257] Loss: 1.3830
2026/08/26 22:43:59 - __main__ - INFO - 162 - trainer - [156/257] Loss: 1.4170
2026/08/26 22:44:07 - __main__ - INFO - 162 - trainer - [208/257] Loss: 1.4195
2026/08/26 22:44:13 - __main__ - INFO - 167 - trainer - Average loss in epoch 66: 1.4102
2026/08/26 22:44:13 - __main__ - INFO - 117 - trainer - Epoch: 67
2026/08/26 22:44:13 - __main__ - INFO - 162 - trainer - [0/257] Loss: 1.3726
2026/08/26 22:44:21 - __main__ - INFO - 162 - trainer - [52/257] Loss: 1.3728
2026/08/26 22:44:28 - __main__ - INFO - 162 - trainer - [104/257] Loss: 1.4060
2026/08/26 22:44:35 - __main__ - INFO - 162 - trainer - [156/257] Loss: 1.3913
2026/08/26 22:44:43 - __main__ - INFO - 162 - trainer - [208/257] Loss: 1.4226
2026/08/26 22:44:50 - __main__ - INFO - 167 - trainer - Average loss in epoch 67: 1.4034
2026/08/26 22:44:50 - __main__ - INFO - 117 - trainer - Epoch: 68
2026/08/26 22:44:50 - __main__ - INFO - 162 - trainer - [0/257] Loss: 1.4001
2026/08/26 22:44:58 - __main__ - INFO - 162 - trainer - [52/257] Loss: 1.3823
2026/08/26 22:45:05 - __main__ - INFO - 162 - trainer - [104/257] Loss: 1.4432
2026/08/26 22:45:12 - __main__ - INFO - 162 - trainer - [156/257] Loss: 1.4069
2026/08/26 22:45:20 - __main__ - INFO - 162 - trainer - [208/257] Loss: 1.4241
2026/08/26 22:45:27 - __main__ - INFO - 167 - trainer - Average loss in epoch 68: 1.3984
2026/08/26 22:45:27 - __main__ - INFO - 117 - trainer - Epoch: 69
2026/08/26 22:45:27 - __main__ - INFO - 162 - trainer - [0/257] Loss: 1.3785
2026/08/26 22:45:34 - __main__ - INFO - 162 - trainer - [52/257] Loss: 1.3997
2026/08/26 22:45:42 - __main__ - INFO - 162 - trainer - [104/257] Loss: 1.4373
2026/08/26 22:45:49 - __main__ - INFO - 162 - trainer - [156/257] Loss: 1.3852
2026/08/26 22:45:57 - __main__ - INFO - 162 - trainer - [208/257] Loss: 1.4315
2026/08/26 22:46:04 - __main__ - INFO - 167 - trainer - Average loss in epoch 69: 1.3939
2026/08/26 22:46:04 - __main__ - INFO - 117 - trainer - Epoch: 70
2026/08/26 22:46:04 - __main__ - INFO - 162 - trainer - [0/257] Loss: 1.3307
2026/08/26 22:46:12 - __main__ - INFO - 162 - trainer - [52/257] Loss: 1.3982
2026/08/26 22:46:19 - __main__ - INFO - 162 - trainer - [104/257] Loss: 1.3771
2026/08/26 22:46:27 - __main__ - INFO - 162 - trainer - [156/257] Loss: 1.3826
2026/08/26 22:46:34 - __main__ - INFO - 162 - trainer - [208/257] Loss: 1.3726
2026/08/26 22:46:41 - __main__ - INFO - 167 - trainer - Average loss in epoch 70: 1.3878
2026/08/26 22:46:41 - __main__ - INFO - 117 - trainer - Epoch: 71
2026/08/26 22:46:41 - __main__ - INFO - 162 - trainer - [0/257] Loss: 1.4146
2026/08/26 22:46:49 - __main__ - INFO - 162 - trainer - [52/257] Loss: 1.4109
2026/08/26 22:46:56 - __main__ - INFO - 162 - trainer - [104/257] Loss: 1.3835
2026/08/26 22:47:04 - __main__ - INFO - 162 - trainer - [156/257] Loss: 1.4198
2026/08/26 22:47:11 - __main__ - INFO - 162 - trainer - [208/257] Loss: 1.4043
2026/08/26 22:47:18 - __main__ - INFO - 167 - trainer - Average loss in epoch 71: 1.3828
2026/08/26 22:47:18 - __main__ - INFO - 117 - trainer - Epoch: 72
2026/08/26 22:47:19 - __main__ - INFO - 162 - trainer - [0/257] Loss: 1.3428
2026/08/26 22:47:26 - __main__ - INFO - 162 - trainer - [52/257] Loss: 1.4184
2026/08/26 22:47:33 - __main__ - INFO - 162 - trainer - [104/257] Loss: 1.3396
2026/08/26 22:47:41 - __main__ - INFO - 162 - trainer - [156/257] Loss: 1.3910
2026/08/26 22:47:48 - __main__ - INFO - 162 - trainer - [208/257] Loss: 1.3566
2026/08/26 22:47:55 - __main__ - INFO - 167 - trainer - Average loss in epoch 72: 1.3780
2026/08/26 22:47:55 - __main__ - INFO - 117 - trainer - Epoch: 73
2026/08/26 22:47:55 - __main__ - INFO - 162 - trainer - [0/257] Loss: 1.3501
2026/08/26 22:48:02 - __main__ - INFO - 162 - trainer - [52/257] Loss: 1.3814
2026/08/26 22:48:09 - __main__ - INFO - 162 - trainer - [104/257] Loss: 1.3948
2026/08/26 22:48:17 - __main__ - INFO - 162 - trainer - [156/257] Loss: 1.3909
2026/08/26 22:48:24 - __main__ - INFO - 162 - trainer - [208/257] Loss: 1.3723
2026/08/26 22:48:31 - __main__ - INFO - 167 - trainer - Average loss in epoch 73: 1.3714
2026/08/26 22:48:31 - __main__ - INFO - 117 - trainer - Epoch: 74
2026/08/26 22:48:31 - __main__ - INFO - 162 - trainer - [0/257] Loss: 1.3630
2026/08/26 22:48:38 - __main__ - INFO - 162 - trainer - [52/257] Loss: 1.4054
2026/08/26 22:48:45 - __main__ - INFO - 162 - trainer - [104/257] Loss: 1.3663
2026/08/26 22:48:53 - __main__ - INFO - 162 - trainer - [156/257] Loss: 1.3945
2026/08/26 22:49:00 - __main__ - INFO - 162 - trainer - [208/257] Loss: 1.3795
2026/08/26 22:49:07 - __main__ - INFO - 167 - trainer - Average loss in epoch 74: 1.3689
2026/08/26 22:49:07 - __main__ - INFO - 117 - trainer - Epoch: 75
2026/08/26 22:49:07 - __main__ - INFO - 162 - trainer - [0/257] Loss: 1.3535
2026/08/26 22:49:15 - __main__ - INFO - 162 - trainer - [52/257] Loss: 1.3375
2026/08/26 22:49:22 - __main__ - INFO - 162 - trainer - [104/257] Loss: 1.3631
2026/08/26 22:49:29 - __main__ - INFO - 162 - trainer - [156/257] Loss: 1.3424
2026/08/26 22:49:36 - __main__ - INFO - 162 - trainer - [208/257] Loss: 1.3872
2026/08/26 22:49:43 - __main__ - INFO - 167 - trainer - Average loss in epoch 75: 1.3626
2026/08/26 22:49:43 - __main__ - INFO - 117 - trainer - Epoch: 76
2026/08/26 22:49:43 - __main__ - INFO - 162 - trainer - [0/257] Loss: 1.4029
2026/08/26 22:49:51 - __main__ - INFO - 162 - trainer - [52/257] Loss: 1.3416
2026/08/26 22:49:58 - __main__ - INFO - 162 - trainer - [104/257] Loss: 1.3495
2026/08/26 22:50:06 - __main__ - INFO - 162 - trainer - [156/257] Loss: 1.3621
2026/08/26 22:50:13 - __main__ - INFO - 162 - trainer - [208/257] Loss: 1.3814
2026/08/26 22:50:20 - __main__ - INFO - 167 - trainer - Average loss in epoch 76: 1.3582
2026/08/26 22:50:20 - __main__ - INFO - 117 - trainer - Epoch: 77
2026/08/26 22:50:20 - __main__ - INFO - 162 - trainer - [0/257] Loss: 1.3291
2026/08/26 22:50:28 - __main__ - INFO - 162 - trainer - [52/257] Loss: 1.3093
2026/08/26 22:50:35 - __main__ - INFO - 162 - trainer - [104/257] Loss: 1.4059
2026/08/26 22:50:43 - __main__ - INFO - 162 - trainer - [156/257] Loss: 1.3700
2026/08/26 22:50:50 - __main__ - INFO - 162 - trainer - [208/257] Loss: 1.3515
2026/08/26 22:50:57 - __main__ - INFO - 167 - trainer - Average loss in epoch 77: 1.3545
2026/08/26 22:50:57 - __main__ - INFO - 117 - trainer - Epoch: 78
2026/08/26 22:50:57 - __main__ - INFO - 162 - trainer - [0/257] Loss: 1.3558
2026/08/26 22:51:04 - __main__ - INFO - 162 - trainer - [52/257] Loss: 1.3541
2026/08/26 22:51:11 - __main__ - INFO - 162 - trainer - [104/257] Loss: 1.3542
2026/08/26 22:51:18 - __main__ - INFO - 162 - trainer - [156/257] Loss: 1.3718
2026/08/26 22:51:25 - __main__ - INFO - 162 - trainer - [208/257] Loss: 1.3896
2026/08/26 22:51:32 - __main__ - INFO - 167 - trainer - Average loss in epoch 78: 1.3498
2026/08/26 22:51:32 - __main__ - INFO - 117 - trainer - Epoch: 79
2026/08/26 22:51:32 - __main__ - INFO - 162 - trainer - [0/257] Loss: 1.3624
2026/08/26 22:51:40 - __main__ - INFO - 162 - trainer - [52/257] Loss: 1.3175
2026/08/26 22:51:47 - __main__ - INFO - 162 - trainer - [104/257] Loss: 1.3408
2026/08/26 22:51:54 - __main__ - INFO - 162 - trainer - [156/257] Loss: 1.3874
2026/08/26 22:52:02 - __main__ - INFO - 162 - trainer - [208/257] Loss: 1.3301
2026/08/26 22:52:09 - __main__ - INFO - 167 - trainer - Average loss in epoch 79: 1.3458
2026/08/26 22:52:09 - __main__ - INFO - 117 - trainer - Epoch: 80
2026/08/26 22:52:09 - __main__ - INFO - 162 - trainer - [0/257] Loss: 1.3319
2026/08/26 22:52:16 - __main__ - INFO - 162 - trainer - [52/257] Loss: 1.3320
2026/08/26 22:52:24 - __main__ - INFO - 162 - trainer - [104/257] Loss: 1.3457
2026/08/26 22:52:31 - __main__ - INFO - 162 - trainer - [156/257] Loss: 1.3252
2026/08/26 22:52:39 - __main__ - INFO - 162 - trainer - [208/257] Loss: 1.3164
2026/08/26 22:52:46 - __main__ - INFO - 167 - trainer - Average loss in epoch 80: 1.3401
2026/08/26 22:52:46 - __main__ - INFO - 173 - trainer - start predicting: 2026-08-26 22:52:46.001423
2026/08/26 22:53:53 - __main__ - INFO - 203 - trainer - {'Best_HR@5': np.float64(7.576), 'Best_HR@10': np.float64(10.7205), 'Best_HR@20': np.float64(14.6807), 'Best_NDCG@5': np.float64(5.2301), 'Best_NDCG@10': np.float64(6.2449), 'Best_NDCG@20': np.float64(7.2408)}
2026/08/26 22:53:53 - __main__ - INFO - 204 - trainer - {'Best_epoch_HR@5': 80, 'Best_epoch_HR@10': 80, 'Best_epoch_HR@20': 80, 'Best_epoch_NDCG@5': 80, 'Best_epoch_NDCG@10': 80, 'Best_epoch_NDCG@20': 80}
2026/08/26 22:53:53 - __main__ - INFO - 117 - trainer - Epoch: 81
2026/08/26 22:53:53 - __main__ - INFO - 162 - trainer - [0/257] Loss: 1.2970
2026/08/26 22:54:00 - __main__ - INFO - 162 - trainer - [52/257] Loss: 1.3490
2026/08/26 22:54:08 - __main__ - INFO - 162 - trainer - [104/257] Loss: 1.3212
2026/08/26 22:54:15 - __main__ - INFO - 162 - trainer - [156/257] Loss: 1.3728
2026/08/26 22:54:23 - __main__ - INFO - 162 - trainer - [208/257] Loss: 1.3107
2026/08/26 22:54:30 - __main__ - INFO - 167 - trainer - Average loss in epoch 81: 1.3373
2026/08/26 22:54:30 - __main__ - INFO - 117 - trainer - Epoch: 82
2026/08/26 22:54:30 - __main__ - INFO - 162 - trainer - [0/257] Loss: 1.3158
2026/08/26 22:54:37 - __main__ - INFO - 162 - trainer - [52/257] Loss: 1.2982
2026/08/26 22:54:44 - __main__ - INFO - 162 - trainer - [104/257] Loss: 1.3444
2026/08/26 22:54:51 - __main__ - INFO - 162 - trainer - [156/257] Loss: 1.3487
2026/08/26 22:54:58 - __main__ - INFO - 162 - trainer - [208/257] Loss: 1.3369
2026/08/26 22:55:05 - __main__ - INFO - 167 - trainer - Average loss in epoch 82: 1.3323
2026/08/26 22:55:05 - __main__ - INFO - 117 - trainer - Epoch: 83
2026/08/26 22:55:05 - __main__ - INFO - 162 - trainer - [0/257] Loss: 1.3159
2026/08/26 22:55:12 - __main__ - INFO - 162 - trainer - [52/257] Loss: 1.3129
2026/08/26 22:55:20 - __main__ - INFO - 162 - trainer - [104/257] Loss: 1.3213
2026/08/26 22:55:27 - __main__ - INFO - 162 - trainer - [156/257] Loss: 1.3511
2026/08/26 22:55:35 - __main__ - INFO - 162 - trainer - [208/257] Loss: 1.3432
2026/08/26 22:55:42 - __main__ - INFO - 167 - trainer - Average loss in epoch 83: 1.3291
2026/08/26 22:55:42 - __main__ - INFO - 117 - trainer - Epoch: 84
2026/08/26 22:55:42 - __main__ - INFO - 162 - trainer - [0/257] Loss: 1.3372
2026/08/26 22:55:50 - __main__ - INFO - 162 - trainer - [52/257] Loss: 1.2909
2026/08/26 22:55:57 - __main__ - INFO - 162 - trainer - [104/257] Loss: 1.2634
2026/08/26 22:56:04 - __main__ - INFO - 162 - trainer - [156/257] Loss: 1.3404
2026/08/26 22:56:12 - __main__ - INFO - 162 - trainer - [208/257] Loss: 1.3058
2026/08/26 22:56:19 - __main__ - INFO - 167 - trainer - Average loss in epoch 84: 1.3236
2026/08/26 22:56:19 - __main__ - INFO - 117 - trainer - Epoch: 85
2026/08/26 22:56:19 - __main__ - INFO - 162 - trainer - [0/257] Loss: 1.2927
2026/08/26 22:56:26 - __main__ - INFO - 162 - trainer - [52/257] Loss: 1.2978
2026/08/26 22:56:34 - __main__ - INFO - 162 - trainer - [104/257] Loss: 1.3293
2026/08/26 22:56:41 - __main__ - INFO - 162 - trainer - [156/257] Loss: 1.2781
2026/08/26 22:56:48 - __main__ - INFO - 162 - trainer - [208/257] Loss: 1.3312
2026/08/26 22:56:55 - __main__ - INFO - 167 - trainer - Average loss in epoch 85: 1.3207
2026/08/26 22:56:55 - __main__ - INFO - 117 - trainer - Epoch: 86
2026/08/26 22:56:55 - __main__ - INFO - 162 - trainer - [0/257] Loss: 1.2833
2026/08/26 22:57:03 - __main__ - INFO - 162 - trainer - [52/257] Loss: 1.3189
2026/08/26 22:57:10 - __main__ - INFO - 162 - trainer - [104/257] Loss: 1.3551
2026/08/26 22:57:18 - __main__ - INFO - 162 - trainer - [156/257] Loss: 1.2957
2026/08/26 22:57:25 - __main__ - INFO - 162 - trainer - [208/257] Loss: 1.2725
2026/08/26 22:57:32 - __main__ - INFO - 167 - trainer - Average loss in epoch 86: 1.3165
2026/08/26 22:57:32 - __main__ - INFO - 117 - trainer - Epoch: 87
2026/08/26 22:57:32 - __main__ - INFO - 162 - trainer - [0/257] Loss: 1.2738
2026/08/26 22:57:39 - __main__ - INFO - 162 - trainer - [52/257] Loss: 1.2790
2026/08/26 22:57:47 - __main__ - INFO - 162 - trainer - [104/257] Loss: 1.3325
2026/08/26 22:57:55 - __main__ - INFO - 162 - trainer - [156/257] Loss: 1.3424
2026/08/26 22:58:02 - __main__ - INFO - 162 - trainer - [208/257] Loss: 1.3312
2026/08/26 22:58:09 - __main__ - INFO - 167 - trainer - Average loss in epoch 87: 1.3128
2026/08/26 22:58:09 - __main__ - INFO - 117 - trainer - Epoch: 88
2026/08/26 22:58:09 - __main__ - INFO - 162 - trainer - [0/257] Loss: 1.3183
2026/08/26 22:58:17 - __main__ - INFO - 162 - trainer - [52/257] Loss: 1.3352
2026/08/26 22:58:24 - __main__ - INFO - 162 - trainer - [104/257] Loss: 1.3501
2026/08/26 22:58:31 - __main__ - INFO - 162 - trainer - [156/257] Loss: 1.3072
2026/08/26 22:58:39 - __main__ - INFO - 162 - trainer - [208/257] Loss: 1.3348
2026/08/26 22:58:45 - __main__ - INFO - 167 - trainer - Average loss in epoch 88: 1.3105
2026/08/26 22:58:45 - __main__ - INFO - 117 - trainer - Epoch: 89
2026/08/26 22:58:46 - __main__ - INFO - 162 - trainer - [0/257] Loss: 1.2776
2026/08/26 22:58:53 - __main__ - INFO - 162 - trainer - [52/257] Loss: 1.3188
2026/08/26 22:59:00 - __main__ - INFO - 162 - trainer - [104/257] Loss: 1.3006
2026/08/26 22:59:08 - __main__ - INFO - 162 - trainer - [156/257] Loss: 1.3463
2026/08/26 22:59:15 - __main__ - INFO - 162 - trainer - [208/257] Loss: 1.3296
2026/08/26 22:59:22 - __main__ - INFO - 167 - trainer - Average loss in epoch 89: 1.3062
2026/08/26 22:59:22 - __main__ - INFO - 117 - trainer - Epoch: 90
2026/08/26 22:59:22 - __main__ - INFO - 162 - trainer - [0/257] Loss: 1.2756
2026/08/26 22:59:29 - __main__ - INFO - 162 - trainer - [52/257] Loss: 1.3401
2026/08/26 22:59:37 - __main__ - INFO - 162 - trainer - [104/257] Loss: 1.2724
2026/08/26 22:59:44 - __main__ - INFO - 162 - trainer - [156/257] Loss: 1.3180
2026/08/26 22:59:52 - __main__ - INFO - 162 - trainer - [208/257] Loss: 1.2961
2026/08/26 22:59:58 - __main__ - INFO - 167 - trainer - Average loss in epoch 90: 1.3007
2026/08/26 22:59:58 - __main__ - INFO - 117 - trainer - Epoch: 91
2026/08/26 22:59:58 - __main__ - INFO - 162 - trainer - [0/257] Loss: 1.2994
2026/08/26 23:00:06 - __main__ - INFO - 162 - trainer - [52/257] Loss: 1.2896
2026/08/26 23:00:13 - __main__ - INFO - 162 - trainer - [104/257] Loss: 1.3119
2026/08/26 23:00:21 - __main__ - INFO - 162 - trainer - [156/257] Loss: 1.2867
2026/08/26 23:00:29 - __main__ - INFO - 162 - trainer - [208/257] Loss: 1.3164
2026/08/26 23:00:35 - __main__ - INFO - 167 - trainer - Average loss in epoch 91: 1.2992
2026/08/26 23:00:35 - __main__ - INFO - 117 - trainer - Epoch: 92
2026/08/26 23:00:36 - __main__ - INFO - 162 - trainer - [0/257] Loss: 1.2403
2026/08/26 23:00:43 - __main__ - INFO - 162 - trainer - [52/257] Loss: 1.2968
2026/08/26 23:00:51 - __main__ - INFO - 162 - trainer - [104/257] Loss: 1.3330
2026/08/26 23:00:58 - __main__ - INFO - 162 - trainer - [156/257] Loss: 1.2812
2026/08/26 23:01:05 - __main__ - INFO - 162 - trainer - [208/257] Loss: 1.2980
2026/08/26 23:01:12 - __main__ - INFO - 167 - trainer - Average loss in epoch 92: 1.2957
2026/08/26 23:01:12 - __main__ - INFO - 117 - trainer - Epoch: 93
2026/08/26 23:01:12 - __main__ - INFO - 162 - trainer - [0/257] Loss: 1.2916
2026/08/26 23:01:19 - __main__ - INFO - 162 - trainer - [52/257] Loss: 1.2738
2026/08/26 23:01:26 - __main__ - INFO - 162 - trainer - [104/257] Loss: 1.3055
2026/08/26 23:01:34 - __main__ - INFO - 162 - trainer - [156/257] Loss: 1.2975
2026/08/26 23:01:41 - __main__ - INFO - 162 - trainer - [208/257] Loss: 1.2636
2026/08/26 23:01:47 - __main__ - INFO - 167 - trainer - Average loss in epoch 93: 1.2913
2026/08/26 23:01:47 - __main__ - INFO - 117 - trainer - Epoch: 94
2026/08/26 23:01:48 - __main__ - INFO - 162 - trainer - [0/257] Loss: 1.2829
2026/08/26 23:01:55 - __main__ - INFO - 162 - trainer - [52/257] Loss: 1.2725
2026/08/26 23:02:03 - __main__ - INFO - 162 - trainer - [104/257] Loss: 1.3010
2026/08/26 23:02:10 - __main__ - INFO - 162 - trainer - [156/257] Loss: 1.2995
2026/08/26 23:02:17 - __main__ - INFO - 162 - trainer - [208/257] Loss: 1.2731
2026/08/26 23:02:24 - __main__ - INFO - 167 - trainer - Average loss in epoch 94: 1.2888
2026/08/26 23:02:24 - __main__ - INFO - 117 - trainer - Epoch: 95
2026/08/26 23:02:24 - __main__ - INFO - 162 - trainer - [0/257] Loss: 1.3143
2026/08/26 23:02:31 - __main__ - INFO - 162 - trainer - [52/257] Loss: 1.2655
2026/08/26 23:02:39 - __main__ - INFO - 162 - trainer - [104/257] Loss: 1.2881
2026/08/26 23:02:46 - __main__ - INFO - 162 - trainer - [156/257] Loss: 1.3039
2026/08/26 23:02:53 - __main__ - INFO - 162 - trainer - [208/257] Loss: 1.3031
2026/08/26 23:03:00 - __main__ - INFO - 167 - trainer - Average loss in epoch 95: 1.2860
2026/08/26 23:03:00 - __main__ - INFO - 117 - trainer - Epoch: 96
2026/08/26 23:03:00 - __main__ - INFO - 162 - trainer - [0/257] Loss: 1.2819
2026/08/26 23:03:08 - __main__ - INFO - 162 - trainer - [52/257] Loss: 1.2675
2026/08/26 23:03:15 - __main__ - INFO - 162 - trainer - [104/257] Loss: 1.2686
2026/08/26 23:03:23 - __main__ - INFO - 162 - trainer - [156/257] Loss: 1.2321
2026/08/26 23:03:30 - __main__ - INFO - 162 - trainer - [208/257] Loss: 1.2909
2026/08/26 23:03:37 - __main__ - INFO - 167 - trainer - Average loss in epoch 96: 1.2820
2026/08/26 23:03:37 - __main__ - INFO - 117 - trainer - Epoch: 97
2026/08/26 23:03:38 - __main__ - INFO - 162 - trainer - [0/257] Loss: 1.2501
2026/08/26 23:03:45 - __main__ - INFO - 162 - trainer - [52/257] Loss: 1.2787
2026/08/26 23:03:52 - __main__ - INFO - 162 - trainer - [104/257] Loss: 1.2439
2026/08/26 23:03:59 - __main__ - INFO - 162 - trainer - [156/257] Loss: 1.2988
2026/08/26 23:04:07 - __main__ - INFO - 162 - trainer - [208/257] Loss: 1.2652
2026/08/26 23:04:14 - __main__ - INFO - 167 - trainer - Average loss in epoch 97: 1.2787
2026/08/26 23:04:14 - __main__ - INFO - 117 - trainer - Epoch: 98
2026/08/26 23:04:14 - __main__ - INFO - 162 - trainer - [0/257] Loss: 1.2688
2026/08/26 23:04:21 - __main__ - INFO - 162 - trainer - [52/257] Loss: 1.2494
2026/08/26 23:04:29 - __main__ - INFO - 162 - trainer - [104/257] Loss: 1.2688
2026/08/26 23:04:36 - __main__ - INFO - 162 - trainer - [156/257] Loss: 1.2584
2026/08/26 23:04:44 - __main__ - INFO - 162 - trainer - [208/257] Loss: 1.2702
2026/08/26 23:04:51 - __main__ - INFO - 167 - trainer - Average loss in epoch 98: 1.2758
2026/08/26 23:04:51 - __main__ - INFO - 117 - trainer - Epoch: 99
2026/08/26 23:04:51 - __main__ - INFO - 162 - trainer - [0/257] Loss: 1.2407
2026/08/26 23:04:58 - __main__ - INFO - 162 - trainer - [52/257] Loss: 1.2698
2026/08/26 23:05:05 - __main__ - INFO - 162 - trainer - [104/257] Loss: 1.2761
2026/08/26 23:05:13 - __main__ - INFO - 162 - trainer - [156/257] Loss: 1.2766
2026/08/26 23:05:20 - __main__ - INFO - 162 - trainer - [208/257] Loss: 1.2631
2026/08/26 23:05:27 - __main__ - INFO - 167 - trainer - Average loss in epoch 99: 1.2721
2026/08/26 23:05:27 - __main__ - INFO - 117 - trainer - Epoch: 100
2026/08/26 23:05:27 - __main__ - INFO - 162 - trainer - [0/257] Loss: 1.2227
2026/08/26 23:05:34 - __main__ - INFO - 162 - trainer - [52/257] Loss: 1.2206
2026/08/26 23:05:42 - __main__ - INFO - 162 - trainer - [104/257] Loss: 1.2384
2026/08/26 23:05:50 - __main__ - INFO - 162 - trainer - [156/257] Loss: 1.2442
2026/08/26 23:05:57 - __main__ - INFO - 162 - trainer - [208/257] Loss: 1.2462
2026/08/26 23:06:04 - __main__ - INFO - 167 - trainer - Average loss in epoch 100: 1.2539
2026/08/26 23:06:04 - __main__ - INFO - 173 - trainer - start predicting: 2026-08-26 23:06:04.461541
2026/08/26 23:07:06 - __main__ - INFO - 203 - trainer - {'Best_HR@5': np.float64(7.7054), 'Best_HR@10': np.float64(10.7843), 'Best_HR@20': np.float64(14.8606), 'Best_NDCG@5': np.float64(5.3579), 'Best_NDCG@10': np.float64(6.353), 'Best_NDCG@20': np.float64(7.3801)}
2026/08/26 23:07:06 - __main__ - INFO - 204 - trainer - {'Best_epoch_HR@5': 100, 'Best_epoch_HR@10': 100, 'Best_epoch_HR@20': 100, 'Best_epoch_NDCG@5': 100, 'Best_epoch_NDCG@10': 100, 'Best_epoch_NDCG@20': 100}
2026/08/26 23:07:06 - __main__ - INFO - 117 - trainer - Epoch: 101
2026/08/26 23:07:07 - __main__ - INFO - 162 - trainer - [0/257] Loss: 1.2783
2026/08/26 23:07:14 - __main__ - INFO - 162 - trainer - [52/257] Loss: 1.2682
2026/08/26 23:07:21 - __main__ - INFO - 162 - trainer - [104/257] Loss: 1.2474
2026/08/26 23:07:28 - __main__ - INFO - 162 - trainer - [156/257] Loss: 1.2245
2026/08/26 23:07:35 - __main__ - INFO - 162 - trainer - [208/257] Loss: 1.2857
2026/08/26 23:07:42 - __main__ - INFO - 167 - trainer - Average loss in epoch 101: 1.2512
2026/08/26 23:07:42 - __main__ - INFO - 117 - trainer - Epoch: 102
2026/08/26 23:07:42 - __main__ - INFO - 162 - trainer - [0/257] Loss: 1.2187
2026/08/26 23:07:49 - __main__ - INFO - 162 - trainer - [52/257] Loss: 1.2504
2026/08/26 23:07:56 - __main__ - INFO - 162 - trainer - [104/257] Loss: 1.2759
2026/08/26 23:08:03 - __main__ - INFO - 162 - trainer - [156/257] Loss: 1.2843
2026/08/26 23:08:10 - __main__ - INFO - 162 - trainer - [208/257] Loss: 1.2575
2026/08/26 23:08:17 - __main__ - INFO - 167 - trainer - Average loss in epoch 102: 1.2494
2026/08/26 23:08:17 - __main__ - INFO - 117 - trainer - Epoch: 103
2026/08/26 23:08:17 - __main__ - INFO - 162 - trainer - [0/257] Loss: 1.2985
2026/08/26 23:08:24 - __main__ - INFO - 162 - trainer - [52/257] Loss: 1.2596
2026/08/26 23:08:31 - __main__ - INFO - 162 - trainer - [104/257] Loss: 1.2426
2026/08/26 23:08:38 - __main__ - INFO - 162 - trainer - [156/257] Loss: 1.2304
2026/08/26 23:08:45 - __main__ - INFO - 162 - trainer - [208/257] Loss: 1.2650
2026/08/26 23:08:51 - __main__ - INFO - 167 - trainer - Average loss in epoch 103: 1.2480
2026/08/26 23:08:51 - __main__ - INFO - 117 - trainer - Epoch: 104
2026/08/26 23:08:51 - __main__ - INFO - 162 - trainer - [0/257] Loss: 1.2199
2026/08/26 23:08:59 - __main__ - INFO - 162 - trainer - [52/257] Loss: 1.2711
2026/08/26 23:09:06 - __main__ - INFO - 162 - trainer - [104/257] Loss: 1.2708
2026/08/26 23:09:13 - __main__ - INFO - 162 - trainer - [156/257] Loss: 1.2705
2026/08/26 23:09:20 - __main__ - INFO - 162 - trainer - [208/257] Loss: 1.2073
2026/08/26 23:09:26 - __main__ - INFO - 167 - trainer - Average loss in epoch 104: 1.2461
2026/08/26 23:09:26 - __main__ - INFO - 117 - trainer - Epoch: 105
2026/08/26 23:09:26 - __main__ - INFO - 162 - trainer - [0/257] Loss: 1.2355
2026/08/26 23:09:34 - __main__ - INFO - 162 - trainer - [52/257] Loss: 1.2163
2026/08/26 23:09:41 - __main__ - INFO - 162 - trainer - [104/257] Loss: 1.2181
2026/08/26 23:09:48 - __main__ - INFO - 162 - trainer - [156/257] Loss: 1.2294
2026/08/26 23:09:55 - __main__ - INFO - 162 - trainer - [208/257] Loss: 1.2262
2026/08/26 23:10:01 - __main__ - INFO - 167 - trainer - Average loss in epoch 105: 1.2463
2026/08/26 23:10:01 - __main__ - INFO - 117 - trainer - Epoch: 106
2026/08/26 23:10:01 - __main__ - INFO - 162 - trainer - [0/257] Loss: 1.2563
2026/08/26 23:10:08 - __main__ - INFO - 162 - trainer - [52/257] Loss: 1.2058
2026/08/26 23:10:15 - __main__ - INFO - 162 - trainer - [104/257] Loss: 1.2464
2026/08/26 23:10:22 - __main__ - INFO - 162 - trainer - [156/257] Loss: 1.2456
2026/08/26 23:10:29 - __main__ - INFO - 162 - trainer - [208/257] Loss: 1.2549
2026/08/26 23:10:36 - __main__ - INFO - 167 - trainer - Average loss in epoch 106: 1.2446
2026/08/26 23:10:36 - __main__ - INFO - 117 - trainer - Epoch: 107
2026/08/26 23:10:36 - __main__ - INFO - 162 - trainer - [0/257] Loss: 1.2514
2026/08/26 23:10:43 - __main__ - INFO - 162 - trainer - [52/257] Loss: 1.2474
2026/08/26 23:10:50 - __main__ - INFO - 162 - trainer - [104/257] Loss: 1.2352
2026/08/26 23:10:57 - __main__ - INFO - 162 - trainer - [156/257] Loss: 1.2261
2026/08/26 23:11:04 - __main__ - INFO - 162 - trainer - [208/257] Loss: 1.2696
2026/08/26 23:11:10 - __main__ - INFO - 167 - trainer - Average loss in epoch 107: 1.2449
2026/08/26 23:11:10 - __main__ - INFO - 117 - trainer - Epoch: 108
2026/08/26 23:11:10 - __main__ - INFO - 162 - trainer - [0/257] Loss: 1.2062
2026/08/26 23:11:18 - __main__ - INFO - 162 - trainer - [52/257] Loss: 1.2402
2026/08/26 23:11:24 - __main__ - INFO - 162 - trainer - [104/257] Loss: 1.2325
2026/08/26 23:11:31 - __main__ - INFO - 162 - trainer - [156/257] Loss: 1.2356
2026/08/26 23:11:38 - __main__ - INFO - 162 - trainer - [208/257] Loss: 1.2569
2026/08/26 23:11:45 - __main__ - INFO - 167 - trainer - Average loss in epoch 108: 1.2437
2026/08/26 23:11:45 - __main__ - INFO - 117 - trainer - Epoch: 109
2026/08/26 23:11:45 - __main__ - INFO - 162 - trainer - [0/257] Loss: 1.2664
2026/08/26 23:11:52 - __main__ - INFO - 162 - trainer - [52/257] Loss: 1.2816
2026/08/26 23:11:59 - __main__ - INFO - 162 - trainer - [104/257] Loss: 1.2146
2026/08/26 23:12:06 - __main__ - INFO - 162 - trainer - [156/257] Loss: 1.2653
2026/08/26 23:12:13 - __main__ - INFO - 162 - trainer - [208/257] Loss: 1.2622
2026/08/26 23:12:19 - __main__ - INFO - 167 - trainer - Average loss in epoch 109: 1.2425
2026/08/26 23:12:19 - __main__ - INFO - 117 - trainer - Epoch: 110
2026/08/26 23:12:19 - __main__ - INFO - 162 - trainer - [0/257] Loss: 1.2504
2026/08/26 23:12:26 - __main__ - INFO - 162 - trainer - [52/257] Loss: 1.2624
2026/08/26 23:12:33 - __main__ - INFO - 162 - trainer - [104/257] Loss: 1.2323
2026/08/26 23:12:40 - __main__ - INFO - 162 - trainer - [156/257] Loss: 1.2335
2026/08/26 23:12:47 - __main__ - INFO - 162 - trainer - [208/257] Loss: 1.2321
2026/08/26 23:12:54 - __main__ - INFO - 167 - trainer - Average loss in epoch 110: 1.2423
2026/08/26 23:12:54 - __main__ - INFO - 117 - trainer - Epoch: 111
2026/08/26 23:12:54 - __main__ - INFO - 162 - trainer - [0/257] Loss: 1.2505
2026/08/26 23:13:01 - __main__ - INFO - 162 - trainer - [52/257] Loss: 1.2281
2026/08/26 23:13:08 - __main__ - INFO - 162 - trainer - [104/257] Loss: 1.2780
2026/08/26 23:13:15 - __main__ - INFO - 162 - trainer - [156/257] Loss: 1.2253
2026/08/26 23:13:22 - __main__ - INFO - 162 - trainer - [208/257] Loss: 1.2434
2026/08/26 23:13:28 - __main__ - INFO - 167 - trainer - Average loss in epoch 111: 1.2415
2026/08/26 23:13:28 - __main__ - INFO - 117 - trainer - Epoch: 112
2026/08/26 23:13:29 - __main__ - INFO - 162 - trainer - [0/257] Loss: 1.2397
2026/08/26 23:13:36 - __main__ - INFO - 162 - trainer - [52/257] Loss: 1.2702
2026/08/26 23:13:43 - __main__ - INFO - 162 - trainer - [104/257] Loss: 1.1961
2026/08/26 23:13:50 - __main__ - INFO - 162 - trainer - [156/257] Loss: 1.2409
2026/08/26 23:13:57 - __main__ - INFO - 162 - trainer - [208/257] Loss: 1.2795
2026/08/26 23:14:03 - __main__ - INFO - 167 - trainer - Average loss in epoch 112: 1.2413
2026/08/26 23:14:03 - __main__ - INFO - 117 - trainer - Epoch: 113
2026/08/26 23:14:03 - __main__ - INFO - 162 - trainer - [0/257] Loss: 1.2664
2026/08/26 23:14:10 - __main__ - INFO - 162 - trainer - [52/257] Loss: 1.2477
2026/08/26 23:14:17 - __main__ - INFO - 162 - trainer - [104/257] Loss: 1.2135
2026/08/26 23:14:24 - __main__ - INFO - 162 - trainer - [156/257] Loss: 1.2757
2026/08/26 23:14:31 - __main__ - INFO - 162 - trainer - [208/257] Loss: 1.2622
2026/08/26 23:14:38 - __main__ - INFO - 167 - trainer - Average loss in epoch 113: 1.2403
2026/08/26 23:14:38 - __main__ - INFO - 117 - trainer - Epoch: 114
2026/08/26 23:14:38 - __main__ - INFO - 162 - trainer - [0/257] Loss: 1.2780
2026/08/26 23:14:45 - __main__ - INFO - 162 - trainer - [52/257] Loss: 1.2674
2026/08/26 23:14:52 - __main__ - INFO - 162 - trainer - [104/257] Loss: 1.2572
2026/08/26 23:14:59 - __main__ - INFO - 162 - trainer - [156/257] Loss: 1.2448
2026/08/26 23:15:06 - __main__ - INFO - 162 - trainer - [208/257] Loss: 1.2566
2026/08/26 23:15:12 - __main__ - INFO - 167 - trainer - Average loss in epoch 114: 1.2400
2026/08/26 23:15:12 - __main__ - INFO - 117 - trainer - Epoch: 115
2026/08/26 23:15:12 - __main__ - INFO - 162 - trainer - [0/257] Loss: 1.2607
2026/08/26 23:15:19 - __main__ - INFO - 162 - trainer - [52/257] Loss: 1.2324
2026/08/26 23:15:26 - __main__ - INFO - 162 - trainer - [104/257] Loss: 1.2175
2026/08/26 23:15:33 - __main__ - INFO - 162 - trainer - [156/257] Loss: 1.2627
2026/08/26 23:15:40 - __main__ - INFO - 162 - trainer - [208/257] Loss: 1.2422
2026/08/26 23:15:47 - __main__ - INFO - 167 - trainer - Average loss in epoch 115: 1.2395
2026/08/26 23:15:47 - __main__ - INFO - 117 - trainer - Epoch: 116
2026/08/26 23:15:47 - __main__ - INFO - 162 - trainer - [0/257] Loss: 1.2690
2026/08/26 23:15:54 - __main__ - INFO - 162 - trainer - [52/257] Loss: 1.2469
2026/08/26 23:16:01 - __main__ - INFO - 162 - trainer - [104/257] Loss: 1.2282
2026/08/26 23:16:08 - __main__ - INFO - 162 - trainer - [156/257] Loss: 1.2874
2026/08/26 23:16:15 - __main__ - INFO - 162 - trainer - [208/257] Loss: 1.2580
2026/08/26 23:16:21 - __main__ - INFO - 167 - trainer - Average loss in epoch 116: 1.2389
2026/08/26 23:16:21 - __main__ - INFO - 117 - trainer - Epoch: 117
2026/08/26 23:16:21 - __main__ - INFO - 162 - trainer - [0/257] Loss: 1.2322
2026/08/26 23:16:28 - __main__ - INFO - 162 - trainer - [52/257] Loss: 1.2249
2026/08/26 23:16:35 - __main__ - INFO - 162 - trainer - [104/257] Loss: 1.2462
2026/08/26 23:16:42 - __main__ - INFO - 162 - trainer - [156/257] Loss: 1.2598
2026/08/26 23:16:49 - __main__ - INFO - 162 - trainer - [208/257] Loss: 1.2534
2026/08/26 23:16:56 - __main__ - INFO - 167 - trainer - Average loss in epoch 117: 1.2380
2026/08/26 23:16:56 - __main__ - INFO - 117 - trainer - Epoch: 118
2026/08/26 23:16:56 - __main__ - INFO - 162 - trainer - [0/257] Loss: 1.2197
2026/08/26 23:17:03 - __main__ - INFO - 162 - trainer - [52/257] Loss: 1.2132
2026/08/26 23:17:10 - __main__ - INFO - 162 - trainer - [104/257] Loss: 1.2298
2026/08/26 23:17:17 - __main__ - INFO - 162 - trainer - [156/257] Loss: 1.2497
2026/08/26 23:17:24 - __main__ - INFO - 162 - trainer - [208/257] Loss: 1.2516
2026/08/26 23:17:30 - __main__ - INFO - 167 - trainer - Average loss in epoch 118: 1.2382
2026/08/26 23:17:30 - __main__ - INFO - 117 - trainer - Epoch: 119
2026/08/26 23:17:31 - __main__ - INFO - 162 - trainer - [0/257] Loss: 1.2609
2026/08/26 23:17:37 - __main__ - INFO - 162 - trainer - [52/257] Loss: 1.1959
2026/08/26 23:17:44 - __main__ - INFO - 162 - trainer - [104/257] Loss: 1.2533
2026/08/26 23:17:51 - __main__ - INFO - 162 - trainer - [156/257] Loss: 1.2572
2026/08/26 23:17:58 - __main__ - INFO - 162 - trainer - [208/257] Loss: 1.2533
2026/08/26 23:18:04 - __main__ - INFO - 167 - trainer - Average loss in epoch 119: 1.2380
2026/08/26 23:18:04 - __main__ - INFO - 117 - trainer - Epoch: 120
2026/08/26 23:18:05 - __main__ - INFO - 162 - trainer - [0/257] Loss: 1.2527
2026/08/26 23:18:12 - __main__ - INFO - 162 - trainer - [52/257] Loss: 1.2183
2026/08/26 23:18:19 - __main__ - INFO - 162 - trainer - [104/257] Loss: 1.2224
2026/08/26 23:18:26 - __main__ - INFO - 162 - trainer - [156/257] Loss: 1.2084
2026/08/26 23:18:33 - __main__ - INFO - 162 - trainer - [208/257] Loss: 1.2265
2026/08/26 23:18:39 - __main__ - INFO - 167 - trainer - Average loss in epoch 120: 1.2364
2026/08/26 23:18:39 - __main__ - INFO - 173 - trainer - start predicting: 2026-08-26 23:18:39.520235
2026/08/26 23:19:31 - __main__ - INFO - 203 - trainer - {'Best_HR@5': np.float64(7.7271), 'Best_HR@10': np.float64(10.7913), 'Best_HR@20': np.float64(14.8606), 'Best_NDCG@5': np.float64(5.3678), 'Best_NDCG@10': np.float64(6.3579), 'Best_NDCG@20': np.float64(7.3801)}
2026/08/26 23:19:31 - __main__ - INFO - 204 - trainer - {'Best_epoch_HR@5': 120, 'Best_epoch_HR@10': 120, 'Best_epoch_HR@20': 100, 'Best_epoch_NDCG@5': 120, 'Best_epoch_NDCG@10': 120, 'Best_epoch_NDCG@20': 100}
2026/08/26 23:19:31 - __main__ - INFO - 117 - trainer - Epoch: 121
2026/08/26 23:19:31 - __main__ - INFO - 162 - trainer - [0/257] Loss: 1.2538
2026/08/26 23:19:38 - __main__ - INFO - 162 - trainer - [52/257] Loss: 1.2300
2026/08/26 23:19:45 - __main__ - INFO - 162 - trainer - [104/257] Loss: 1.2191
2026/08/26 23:19:53 - __main__ - INFO - 162 - trainer - [156/257] Loss: 1.2667
2026/08/26 23:20:00 - __main__ - INFO - 162 - trainer - [208/257] Loss: 1.2225
2026/08/26 23:20:06 - __main__ - INFO - 167 - trainer - Average loss in epoch 121: 1.2362
2026/08/26 23:20:06 - __main__ - INFO - 117 - trainer - Epoch: 122
2026/08/26 23:20:06 - __main__ - INFO - 162 - trainer - [0/257] Loss: 1.2271
2026/08/26 23:20:14 - __main__ - INFO - 162 - trainer - [52/257] Loss: 1.2202
2026/08/26 23:20:21 - __main__ - INFO - 162 - trainer - [104/257] Loss: 1.1934
2026/08/26 23:20:28 - __main__ - INFO - 162 - trainer - [156/257] Loss: 1.2170
2026/08/26 23:20:35 - __main__ - INFO - 162 - trainer - [208/257] Loss: 1.2562
2026/08/26 23:20:41 - __main__ - INFO - 167 - trainer - Average loss in epoch 122: 1.2349
2026/08/26 23:20:41 - __main__ - INFO - 117 - trainer - Epoch: 123
2026/08/26 23:20:42 - __main__ - INFO - 162 - trainer - [0/257] Loss: 1.2349
2026/08/26 23:20:49 - __main__ - INFO - 162 - trainer - [52/257] Loss: 1.2233
2026/08/26 23:20:56 - __main__ - INFO - 162 - trainer - [104/257] Loss: 1.2143
2026/08/26 23:21:03 - __main__ - INFO - 162 - trainer - [156/257] Loss: 1.2052
2026/08/26 23:21:10 - __main__ - INFO - 162 - trainer - [208/257] Loss: 1.2204
2026/08/26 23:21:16 - __main__ - INFO - 167 - trainer - Average loss in epoch 123: 1.2350
2026/08/26 23:21:16 - __main__ - INFO - 117 - trainer - Epoch: 124
2026/08/26 23:21:16 - __main__ - INFO - 162 - trainer - [0/257] Loss: 1.2374
2026/08/26 23:21:24 - __main__ - INFO - 162 - trainer - [52/257] Loss: 1.2292
2026/08/26 23:21:31 - __main__ - INFO - 162 - trainer - [104/257] Loss: 1.2091
2026/08/26 23:21:37 - __main__ - INFO - 162 - trainer - [156/257] Loss: 1.2240
2026/08/26 23:21:45 - __main__ - INFO - 162 - trainer - [208/257] Loss: 1.2355
2026/08/26 23:21:51 - __main__ - INFO - 167 - trainer - Average loss in epoch 124: 1.2351
2026/08/26 23:21:51 - __main__ - INFO - 117 - trainer - Epoch: 125
2026/08/26 23:21:51 - __main__ - INFO - 162 - trainer - [0/257] Loss: 1.2113
2026/08/26 23:21:58 - __main__ - INFO - 162 - trainer - [52/257] Loss: 1.2134
2026/08/26 23:22:05 - __main__ - INFO - 162 - trainer - [104/257] Loss: 1.2378
2026/08/26 23:22:12 - __main__ - INFO - 162 - trainer - [156/257] Loss: 1.2269
2026/08/26 23:22:19 - __main__ - INFO - 162 - trainer - [208/257] Loss: 1.2205
2026/08/26 23:22:26 - __main__ - INFO - 167 - trainer - Average loss in epoch 125: 1.2334
2026/08/26 23:22:26 - __main__ - INFO - 117 - trainer - Epoch: 126
2026/08/26 23:22:26 - __main__ - INFO - 162 - trainer - [0/257] Loss: 1.2131
2026/08/26 23:22:33 - __main__ - INFO - 162 - trainer - [52/257] Loss: 1.2592
2026/08/26 23:22:40 - __main__ - INFO - 162 - trainer - [104/257] Loss: 1.2400
2026/08/26 23:22:47 - __main__ - INFO - 162 - trainer - [156/257] Loss: 1.2581
2026/08/26 23:22:54 - __main__ - INFO - 162 - trainer - [208/257] Loss: 1.2350
2026/08/26 23:23:01 - __main__ - INFO - 167 - trainer - Average loss in epoch 126: 1.2346
2026/08/26 23:23:01 - __main__ - INFO - 117 - trainer - Epoch: 127
2026/08/26 23:23:01 - __main__ - INFO - 162 - trainer - [0/257] Loss: 1.2566
2026/08/26 23:23:08 - __main__ - INFO - 162 - trainer - [52/257] Loss: 1.2243
2026/08/26 23:23:15 - __main__ - INFO - 162 - trainer - [104/257] Loss: 1.2523
2026/08/26 23:23:22 - __main__ - INFO - 162 - trainer - [156/257] Loss: 1.2025
2026/08/26 23:23:29 - __main__ - INFO - 162 - trainer - [208/257] Loss: 1.2453
2026/08/26 23:23:36 - __main__ - INFO - 167 - trainer - Average loss in epoch 127: 1.2338
2026/08/26 23:23:36 - __main__ - INFO - 117 - trainer - Epoch: 128
2026/08/26 23:23:36 - __main__ - INFO - 162 - trainer - [0/257] Loss: 1.2488
2026/08/26 23:23:43 - __main__ - INFO - 162 - trainer - [52/257] Loss: 1.2031
2026/08/26 23:23:50 - __main__ - INFO - 162 - trainer - [104/257] Loss: 1.2457
2026/08/26 23:23:57 - __main__ - INFO - 162 - trainer - [156/257] Loss: 1.2392
2026/08/26 23:24:04 - __main__ - INFO - 162 - trainer - [208/257] Loss: 1.2460
2026/08/26 23:24:11 - __main__ - INFO - 167 - trainer - Average loss in epoch 128: 1.2333
2026/08/26 23:24:11 - __main__ - INFO - 117 - trainer - Epoch: 129
2026/08/26 23:24:11 - __main__ - INFO - 162 - trainer - [0/257] Loss: 1.2642
2026/08/26 23:24:18 - __main__ - INFO - 162 - trainer - [52/257] Loss: 1.2430
2026/08/26 23:24:25 - __main__ - INFO - 162 - trainer - [104/257] Loss: 1.2711
2026/08/26 23:24:32 - __main__ - INFO - 162 - trainer - [156/257] Loss: 1.2628
2026/08/26 23:24:39 - __main__ - INFO - 162 - trainer - [208/257] Loss: 1.2030
2026/08/26 23:24:46 - __main__ - INFO - 167 - trainer - Average loss in epoch 129: 1.2317
2026/08/26 23:24:46 - __main__ - INFO - 117 - trainer - Epoch: 130
2026/08/26 23:24:46 - __main__ - INFO - 162 - trainer - [0/257] Loss: 1.2180
2026/08/26 23:24:53 - __main__ - INFO - 162 - trainer - [52/257] Loss: 1.2405
2026/08/26 23:25:00 - __main__ - INFO - 162 - trainer - [104/257] Loss: 1.2315
2026/08/26 23:25:07 - __main__ - INFO - 162 - trainer - [156/257] Loss: 1.2528
2026/08/26 23:25:14 - __main__ - INFO - 162 - trainer - [208/257] Loss: 1.2350
2026/08/26 23:25:21 - __main__ - INFO - 167 - trainer - Average loss in epoch 130: 1.2322
2026/08/26 23:25:21 - __main__ - INFO - 117 - trainer - Epoch: 131
2026/08/26 23:25:21 - __main__ - INFO - 162 - trainer - [0/257] Loss: 1.2413
2026/08/26 23:25:28 - __main__ - INFO - 162 - trainer - [52/257] Loss: 1.2376
2026/08/26 23:25:35 - __main__ - INFO - 162 - trainer - [104/257] Loss: 1.2300
2026/08/26 23:25:42 - __main__ - INFO - 162 - trainer - [156/257] Loss: 1.2168
2026/08/26 23:25:49 - __main__ - INFO - 162 - trainer - [208/257] Loss: 1.2079
2026/08/26 23:25:55 - __main__ - INFO - 167 - trainer - Average loss in epoch 131: 1.2332
2026/08/26 23:25:55 - __main__ - INFO - 117 - trainer - Epoch: 132
2026/08/26 23:25:55 - __main__ - INFO - 162 - trainer - [0/257] Loss: 1.2620
2026/08/26 23:26:02 - __main__ - INFO - 162 - trainer - [52/257] Loss: 1.2326
2026/08/26 23:26:09 - __main__ - INFO - 162 - trainer - [104/257] Loss: 1.2283
2026/08/26 23:26:16 - __main__ - INFO - 162 - trainer - [156/257] Loss: 1.2441
2026/08/26 23:26:23 - __main__ - INFO - 162 - trainer - [208/257] Loss: 1.2248
2026/08/26 23:26:30 - __main__ - INFO - 167 - trainer - Average loss in epoch 132: 1.2316
2026/08/26 23:26:30 - __main__ - INFO - 117 - trainer - Epoch: 133
2026/08/26 23:26:30 - __main__ - INFO - 162 - trainer - [0/257] Loss: 1.2436
2026/08/26 23:26:36 - __main__ - INFO - 162 - trainer - [52/257] Loss: 1.2044
2026/08/26 23:26:43 - __main__ - INFO - 162 - trainer - [104/257] Loss: 1.2121
2026/08/26 23:26:50 - __main__ - INFO - 162 - trainer - [156/257] Loss: 1.2344
2026/08/26 23:26:57 - __main__ - INFO - 162 - trainer - [208/257] Loss: 1.2002
2026/08/26 23:27:03 - __main__ - INFO - 167 - trainer - Average loss in epoch 133: 1.2312
2026/08/26 23:27:03 - __main__ - INFO - 117 - trainer - Epoch: 134
2026/08/26 23:27:04 - __main__ - INFO - 162 - trainer - [0/257] Loss: 1.2195
2026/08/26 23:27:11 - __main__ - INFO - 162 - trainer - [52/257] Loss: 1.2644
2026/08/26 23:27:18 - __main__ - INFO - 162 - trainer - [104/257] Loss: 1.2492
2026/08/26 23:27:25 - __main__ - INFO - 162 - trainer - [156/257] Loss: 1.2200
2026/08/26 23:27:32 - __main__ - INFO - 162 - trainer - [208/257] Loss: 1.2105
2026/08/26 23:27:38 - __main__ - INFO - 167 - trainer - Average loss in epoch 134: 1.2309
2026/08/26 23:27:38 - __main__ - INFO - 117 - trainer - Epoch: 135
2026/08/26 23:27:39 - __main__ - INFO - 162 - trainer - [0/257] Loss: 1.2498
2026/08/26 23:27:46 - __main__ - INFO - 162 - trainer - [52/257] Loss: 1.1911
2026/08/26 23:27:52 - __main__ - INFO - 162 - trainer - [104/257] Loss: 1.1840
2026/08/26 23:27:59 - __main__ - INFO - 162 - trainer - [156/257] Loss: 1.2166
2026/08/26 23:28:07 - __main__ - INFO - 162 - trainer - [208/257] Loss: 1.2102
2026/08/26 23:28:13 - __main__ - INFO - 167 - trainer - Average loss in epoch 135: 1.2298
2026/08/26 23:28:13 - __main__ - INFO - 117 - trainer - Epoch: 136
2026/08/26 23:28:13 - __main__ - INFO - 162 - trainer - [0/257] Loss: 1.2564
2026/08/26 23:28:20 - __main__ - INFO - 162 - trainer - [52/257] Loss: 1.1961
2026/08/26 23:28:27 - __main__ - INFO - 162 - trainer - [104/257] Loss: 1.2158
2026/08/26 23:28:35 - __main__ - INFO - 162 - trainer - [156/257] Loss: 1.2041
2026/08/26 23:28:42 - __main__ - INFO - 162 - trainer - [208/257] Loss: 1.2153
2026/08/26 23:28:48 - __main__ - INFO - 167 - trainer - Average loss in epoch 136: 1.2292
2026/08/26 23:28:48 - __main__ - INFO - 117 - trainer - Epoch: 137
2026/08/26 23:28:48 - __main__ - INFO - 162 - trainer - [0/257] Loss: 1.2524
2026/08/26 23:28:55 - __main__ - INFO - 162 - trainer - [52/257] Loss: 1.1993
2026/08/26 23:29:02 - __main__ - INFO - 162 - trainer - [104/257] Loss: 1.2225
2026/08/26 23:29:10 - __main__ - INFO - 162 - trainer - [156/257] Loss: 1.2364
2026/08/26 23:29:17 - __main__ - INFO - 162 - trainer - [208/257] Loss: 1.2421
2026/08/26 23:29:23 - __main__ - INFO - 167 - trainer - Average loss in epoch 137: 1.2288
2026/08/26 23:29:23 - __main__ - INFO - 117 - trainer - Epoch: 138
2026/08/26 23:29:23 - __main__ - INFO - 162 - trainer - [0/257] Loss: 1.2166
2026/08/26 23:29:30 - __main__ - INFO - 162 - trainer - [52/257] Loss: 1.2352
2026/08/26 23:29:37 - __main__ - INFO - 162 - trainer - [104/257] Loss: 1.2024
2026/08/26 23:29:44 - __main__ - INFO - 162 - trainer - [156/257] Loss: 1.1919
2026/08/26 23:29:51 - __main__ - INFO - 162 - trainer - [208/257] Loss: 1.2008
2026/08/26 23:29:58 - __main__ - INFO - 167 - trainer - Average loss in epoch 138: 1.2285
2026/08/26 23:29:58 - __main__ - INFO - 117 - trainer - Epoch: 139
2026/08/26 23:29:58 - __main__ - INFO - 162 - trainer - [0/257] Loss: 1.2431
2026/08/26 23:30:05 - __main__ - INFO - 162 - trainer - [52/257] Loss: 1.2566
2026/08/26 23:30:12 - __main__ - INFO - 162 - trainer - [104/257] Loss: 1.2428
2026/08/26 23:30:19 - __main__ - INFO - 162 - trainer - [156/257] Loss: 1.2156
2026/08/26 23:30:26 - __main__ - INFO - 162 - trainer - [208/257] Loss: 1.2308
2026/08/26 23:30:33 - __main__ - INFO - 167 - trainer - Average loss in epoch 139: 1.2293
2026/08/26 23:30:33 - __main__ - INFO - 117 - trainer - Epoch: 140
2026/08/26 23:30:33 - __main__ - INFO - 162 - trainer - [0/257] Loss: 1.2283
2026/08/26 23:30:40 - __main__ - INFO - 162 - trainer - [52/257] Loss: 1.2538
2026/08/26 23:30:47 - __main__ - INFO - 162 - trainer - [104/257] Loss: 1.1908
2026/08/26 23:30:54 - __main__ - INFO - 162 - trainer - [156/257] Loss: 1.2435
2026/08/26 23:31:01 - __main__ - INFO - 162 - trainer - [208/257] Loss: 1.2279
2026/08/26 23:31:07 - __main__ - INFO - 167 - trainer - Average loss in epoch 140: 1.2287
2026/08/26 23:31:07 - __main__ - INFO - 173 - trainer - start predicting: 2026-08-26 23:31:07.908240
2026/08/26 23:32:04 - __main__ - INFO - 203 - trainer - {'Best_HR@5': np.float64(7.7426), 'Best_HR@10': np.float64(10.8509), 'Best_HR@20': np.float64(14.8606), 'Best_NDCG@5': np.float64(5.3762), 'Best_NDCG@10': np.float64(6.3739), 'Best_NDCG@20': np.float64(7.3801)}
2026/08/26 23:32:04 - __main__ - INFO - 204 - trainer - {'Best_epoch_HR@5': 140, 'Best_epoch_HR@10': 140, 'Best_epoch_HR@20': 100, 'Best_epoch_NDCG@5': 140, 'Best_epoch_NDCG@10': 140, 'Best_epoch_NDCG@20': 100}
2026/08/26 23:32:04 - __main__ - INFO - 117 - trainer - Epoch: 141
2026/08/26 23:32:04 - __main__ - INFO - 162 - trainer - [0/257] Loss: 1.2357
2026/08/26 23:32:11 - __main__ - INFO - 162 - trainer - [52/257] Loss: 1.2476
2026/08/26 23:32:18 - __main__ - INFO - 162 - trainer - [104/257] Loss: 1.2363
2026/08/26 23:32:25 - __main__ - INFO - 162 - trainer - [156/257] Loss: 1.1980
2026/08/26 23:32:32 - __main__ - INFO - 162 - trainer - [208/257] Loss: 1.2035
2026/08/26 23:32:38 - __main__ - INFO - 167 - trainer - Average loss in epoch 141: 1.2274
2026/08/26 23:32:38 - __main__ - INFO - 117 - trainer - Epoch: 142
2026/08/26 23:32:39 - __main__ - INFO - 162 - trainer - [0/257] Loss: 1.1991
2026/08/26 23:32:46 - __main__ - INFO - 162 - trainer - [52/257] Loss: 1.2321
2026/08/26 23:32:53 - __main__ - INFO - 162 - trainer - [104/257] Loss: 1.2428
2026/08/26 23:33:01 - __main__ - INFO - 162 - trainer - [156/257] Loss: 1.2062
2026/08/26 23:33:08 - __main__ - INFO - 162 - trainer - [208/257] Loss: 1.2652
2026/08/26 23:33:15 - __main__ - INFO - 167 - trainer - Average loss in epoch 142: 1.2266
2026/08/26 23:33:15 - __main__ - INFO - 117 - trainer - Epoch: 143
2026/08/26 23:33:15 - __main__ - INFO - 162 - trainer - [0/257] Loss: 1.2190
2026/08/26 23:33:22 - __main__ - INFO - 162 - trainer - [52/257] Loss: 1.2699
2026/08/26 23:33:29 - __main__ - INFO - 162 - trainer - [104/257] Loss: 1.1816
2026/08/26 23:33:37 - __main__ - INFO - 162 - trainer - [156/257] Loss: 1.2510
2026/08/26 23:33:44 - __main__ - INFO - 162 - trainer - [208/257] Loss: 1.2199
2026/08/26 23:33:51 - __main__ - INFO - 167 - trainer - Average loss in epoch 143: 1.2261
2026/08/26 23:33:51 - __main__ - INFO - 117 - trainer - Epoch: 144
2026/08/26 23:33:51 - __main__ - INFO - 162 - trainer - [0/257] Loss: 1.2166
2026/08/26 23:33:58 - __main__ - INFO - 162 - trainer - [52/257] Loss: 1.2068
2026/08/26 23:34:05 - __main__ - INFO - 162 - trainer - [104/257] Loss: 1.2423
2026/08/26 23:34:13 - __main__ - INFO - 162 - trainer - [156/257] Loss: 1.2321
2026/08/26 23:34:20 - __main__ - INFO - 162 - trainer - [208/257] Loss: 1.2531
2026/08/26 23:34:27 - __main__ - INFO - 167 - trainer - Average loss in epoch 144: 1.2259
2026/08/26 23:34:27 - __main__ - INFO - 117 - trainer - Epoch: 145
2026/08/26 23:34:27 - __main__ - INFO - 162 - trainer - [0/257] Loss: 1.2051
2026/08/26 23:34:34 - __main__ - INFO - 162 - trainer - [52/257] Loss: 1.2121
2026/08/26 23:34:42 - __main__ - INFO - 162 - trainer - [104/257] Loss: 1.2382
2026/08/26 23:34:49 - __main__ - INFO - 162 - trainer - [156/257] Loss: 1.2045
2026/08/26 23:34:56 - __main__ - INFO - 162 - trainer - [208/257] Loss: 1.2356
2026/08/26 23:35:03 - __main__ - INFO - 167 - trainer - Average loss in epoch 145: 1.2256
2026/08/26 23:35:03 - __main__ - INFO - 117 - trainer - Epoch: 146
2026/08/26 23:35:03 - __main__ - INFO - 162 - trainer - [0/257] Loss: 1.1790
2026/08/26 23:35:10 - __main__ - INFO - 162 - trainer - [52/257] Loss: 1.2490
2026/08/26 23:35:17 - __main__ - INFO - 162 - trainer - [104/257] Loss: 1.2246
2026/08/26 23:35:24 - __main__ - INFO - 162 - trainer - [156/257] Loss: 1.2081
2026/08/26 23:35:31 - __main__ - INFO - 162 - trainer - [208/257] Loss: 1.2476
2026/08/26 23:35:37 - __main__ - INFO - 167 - trainer - Average loss in epoch 146: 1.2258
2026/08/26 23:35:37 - __main__ - INFO - 117 - trainer - Epoch: 147
2026/08/26 23:35:37 - __main__ - INFO - 162 - trainer - [0/257] Loss: 1.2267
2026/08/26 23:35:44 - __main__ - INFO - 162 - trainer - [52/257] Loss: 1.2261
2026/08/26 23:35:52 - __main__ - INFO - 162 - trainer - [104/257] Loss: 1.2428
2026/08/26 23:35:59 - __main__ - INFO - 162 - trainer - [156/257] Loss: 1.2168
2026/08/26 23:36:07 - __main__ - INFO - 162 - trainer - [208/257] Loss: 1.2579
2026/08/26 23:36:13 - __main__ - INFO - 167 - trainer - Average loss in epoch 147: 1.2266
2026/08/26 23:36:13 - __main__ - INFO - 117 - trainer - Epoch: 148
2026/08/26 23:36:13 - __main__ - INFO - 162 - trainer - [0/257] Loss: 1.1953
2026/08/26 23:36:20 - __main__ - INFO - 162 - trainer - [52/257] Loss: 1.2332
2026/08/26 23:36:27 - __main__ - INFO - 162 - trainer - [104/257] Loss: 1.1970
2026/08/26 23:36:34 - __main__ - INFO - 162 - trainer - [156/257] Loss: 1.2269
2026/08/26 23:36:41 - __main__ - INFO - 162 - trainer - [208/257] Loss: 1.2414
2026/08/26 23:36:47 - __main__ - INFO - 167 - trainer - Average loss in epoch 148: 1.2248
2026/08/26 23:36:47 - __main__ - INFO - 117 - trainer - Epoch: 149
2026/08/26 23:36:48 - __main__ - INFO - 162 - trainer - [0/257] Loss: 1.2201
2026/08/26 23:36:55 - __main__ - INFO - 162 - trainer - [52/257] Loss: 1.2424
2026/08/26 23:37:02 - __main__ - INFO - 162 - trainer - [104/257] Loss: 1.1980
2026/08/26 23:37:09 - __main__ - INFO - 162 - trainer - [156/257] Loss: 1.2528
2026/08/26 23:37:17 - __main__ - INFO - 162 - trainer - [208/257] Loss: 1.2117
2026/08/26 23:37:24 - __main__ - INFO - 167 - trainer - Average loss in epoch 149: 1.2241
2026/08/26 23:37:24 - __main__ - INFO - 117 - trainer - Epoch: 150
2026/08/26 23:37:24 - __main__ - INFO - 162 - trainer - [0/257] Loss: 1.2510
2026/08/26 23:37:31 - __main__ - INFO - 162 - trainer - [52/257] Loss: 1.2527
2026/08/26 23:37:39 - __main__ - INFO - 162 - trainer - [104/257] Loss: 1.1973
2026/08/26 23:37:46 - __main__ - INFO - 162 - trainer - [156/257] Loss: 1.2468
2026/08/26 23:37:53 - __main__ - INFO - 162 - trainer - [208/257] Loss: 1.2348
2026/08/26 23:38:00 - __main__ - INFO - 167 - trainer - Average loss in epoch 150: 1.2232
2026/08/26 23:38:00 - __main__ - INFO - 117 - trainer - Epoch: 151
2026/08/26 23:38:00 - __main__ - INFO - 162 - trainer - [0/257] Loss: 1.1871
2026/08/26 23:38:07 - __main__ - INFO - 162 - trainer - [52/257] Loss: 1.2344
2026/08/26 23:38:14 - __main__ - INFO - 162 - trainer - [104/257] Loss: 1.2244
2026/08/26 23:38:22 - __main__ - INFO - 162 - trainer - [156/257] Loss: 1.2587
2026/08/26 23:38:29 - __main__ - INFO - 162 - trainer - [208/257] Loss: 1.2494
2026/08/26 23:38:36 - __main__ - INFO - 167 - trainer - Average loss in epoch 151: 1.2238
2026/08/26 23:38:36 - __main__ - INFO - 117 - trainer - Epoch: 152
2026/08/26 23:38:36 - __main__ - INFO - 162 - trainer - [0/257] Loss: 1.2448
2026/08/26 23:38:43 - __main__ - INFO - 162 - trainer - [52/257] Loss: 1.2312
2026/08/26 23:38:50 - __main__ - INFO - 162 - trainer - [104/257] Loss: 1.2566
2026/08/26 23:38:58 - __main__ - INFO - 162 - trainer - [156/257] Loss: 1.2461
2026/08/26 23:39:05 - __main__ - INFO - 162 - trainer - [208/257] Loss: 1.2250
2026/08/26 23:39:12 - __main__ - INFO - 167 - trainer - Average loss in epoch 152: 1.2226
2026/08/26 23:39:12 - __main__ - INFO - 117 - trainer - Epoch: 153
2026/08/26 23:39:12 - __main__ - INFO - 162 - trainer - [0/257] Loss: 1.1998
2026/08/26 23:39:19 - __main__ - INFO - 162 - trainer - [52/257] Loss: 1.2232
2026/08/26 23:39:26 - __main__ - INFO - 162 - trainer - [104/257] Loss: 1.2279
2026/08/26 23:39:34 - __main__ - INFO - 162 - trainer - [156/257] Loss: 1.2596
2026/08/26 23:39:41 - __main__ - INFO - 162 - trainer - [208/257] Loss: 1.2354
2026/08/26 23:39:47 - __main__ - INFO - 167 - trainer - Average loss in epoch 153: 1.2228
2026/08/26 23:39:47 - __main__ - INFO - 117 - trainer - Epoch: 154
2026/08/26 23:39:47 - __main__ - INFO - 162 - trainer - [0/257] Loss: 1.2041
2026/08/26 23:39:55 - __main__ - INFO - 162 - trainer - [52/257] Loss: 1.2150
2026/08/26 23:40:02 - __main__ - INFO - 162 - trainer - [104/257] Loss: 1.2249
2026/08/26 23:40:10 - __main__ - INFO - 162 - trainer - [156/257] Loss: 1.2138
2026/08/26 23:40:17 - __main__ - INFO - 162 - trainer - [208/257] Loss: 1.2253
2026/08/26 23:40:24 - __main__ - INFO - 167 - trainer - Average loss in epoch 154: 1.2228
2026/08/26 23:40:24 - __main__ - INFO - 117 - trainer - Epoch: 155
2026/08/26 23:40:24 - __main__ - INFO - 162 - trainer - [0/257] Loss: 1.2000
2026/08/26 23:40:31 - __main__ - INFO - 162 - trainer - [52/257] Loss: 1.2190
2026/08/26 23:40:38 - __main__ - INFO - 162 - trainer - [104/257] Loss: 1.1937
2026/08/26 23:40:44 - __main__ - INFO - 162 - trainer - [156/257] Loss: 1.2272
2026/08/26 23:40:51 - __main__ - INFO - 162 - trainer - [208/257] Loss: 1.2305
2026/08/26 23:40:57 - __main__ - INFO - 167 - trainer - Average loss in epoch 155: 1.2214
2026/08/26 23:40:57 - __main__ - INFO - 117 - trainer - Epoch: 156
2026/08/26 23:40:58 - __main__ - INFO - 162 - trainer - [0/257] Loss: 1.2261
2026/08/26 23:41:05 - __main__ - INFO - 162 - trainer - [52/257] Loss: 1.2252
2026/08/26 23:41:12 - __main__ - INFO - 162 - trainer - [104/257] Loss: 1.2439
2026/08/26 23:41:20 - __main__ - INFO - 162 - trainer - [156/257] Loss: 1.2243
2026/08/26 23:41:27 - __main__ - INFO - 162 - trainer - [208/257] Loss: 1.2437
2026/08/26 23:41:34 - __main__ - INFO - 167 - trainer - Average loss in epoch 156: 1.2212
2026/08/26 23:41:34 - __main__ - INFO - 117 - trainer - Epoch: 157
2026/08/26 23:41:34 - __main__ - INFO - 162 - trainer - [0/257] Loss: 1.2087
2026/08/26 23:41:41 - __main__ - INFO - 162 - trainer - [52/257] Loss: 1.2198
2026/08/26 23:41:49 - __main__ - INFO - 162 - trainer - [104/257] Loss: 1.2055
2026/08/26 23:41:56 - __main__ - INFO - 162 - trainer - [156/257] Loss: 1.2169
2026/08/26 23:42:03 - __main__ - INFO - 162 - trainer - [208/257] Loss: 1.2158
2026/08/26 23:42:10 - __main__ - INFO - 167 - trainer - Average loss in epoch 157: 1.2219
2026/08/26 23:42:10 - __main__ - INFO - 117 - trainer - Epoch: 158
2026/08/26 23:42:10 - __main__ - INFO - 162 - trainer - [0/257] Loss: 1.1807
2026/08/26 23:42:17 - __main__ - INFO - 162 - trainer - [52/257] Loss: 1.1986
2026/08/26 23:42:25 - __main__ - INFO - 162 - trainer - [104/257] Loss: 1.2122
2026/08/26 23:42:32 - __main__ - INFO - 162 - trainer - [156/257] Loss: 1.2107
2026/08/26 23:42:39 - __main__ - INFO - 162 - trainer - [208/257] Loss: 1.1949
2026/08/26 23:42:46 - __main__ - INFO - 167 - trainer - Average loss in epoch 158: 1.2217
2026/08/26 23:42:46 - __main__ - INFO - 117 - trainer - Epoch: 159
2026/08/26 23:42:46 - __main__ - INFO - 162 - trainer - [0/257] Loss: 1.2276
2026/08/26 23:42:54 - __main__ - INFO - 162 - trainer - [52/257] Loss: 1.2289
2026/08/26 23:43:01 - __main__ - INFO - 162 - trainer - [104/257] Loss: 1.2307
2026/08/26 23:43:08 - __main__ - INFO - 162 - trainer - [156/257] Loss: 1.2318
2026/08/26 23:43:16 - __main__ - INFO - 162 - trainer - [208/257] Loss: 1.2446
2026/08/26 23:43:22 - __main__ - INFO - 167 - trainer - Average loss in epoch 159: 1.2212
2026/08/26 23:43:22 - __main__ - INFO - 117 - trainer - Epoch: 160
2026/08/26 23:43:22 - __main__ - INFO - 162 - trainer - [0/257] Loss: 1.2103
2026/08/26 23:43:30 - __main__ - INFO - 162 - trainer - [52/257] Loss: 1.2221
2026/08/26 23:43:37 - __main__ - INFO - 162 - trainer - [104/257] Loss: 1.1932
2026/08/26 23:43:44 - __main__ - INFO - 162 - trainer - [156/257] Loss: 1.2128
2026/08/26 23:43:51 - __main__ - INFO - 162 - trainer - [208/257] Loss: 1.2200
2026/08/26 23:43:58 - __main__ - INFO - 167 - trainer - Average loss in epoch 160: 1.2208
2026/08/26 23:43:58 - __main__ - INFO - 173 - trainer - start predicting: 2026-08-26 23:43:58.566954
2026/08/26 23:45:00 - __main__ - INFO - 117 - trainer - Epoch: 161
2026/08/26 23:45:00 - __main__ - INFO - 162 - trainer - [0/257] Loss: 1.1726
2026/08/26 23:45:07 - __main__ - INFO - 162 - trainer - [52/257] Loss: 1.2636
2026/08/26 23:45:14 - __main__ - INFO - 162 - trainer - [104/257] Loss: 1.2145
2026/08/26 23:45:22 - __main__ - INFO - 162 - trainer - [156/257] Loss: 1.2386
2026/08/26 23:45:29 - __main__ - INFO - 162 - trainer - [208/257] Loss: 1.2202
2026/08/26 23:45:36 - __main__ - INFO - 167 - trainer - Average loss in epoch 161: 1.2194
2026/08/26 23:45:36 - __main__ - INFO - 117 - trainer - Epoch: 162
2026/08/26 23:45:36 - __main__ - INFO - 162 - trainer - [0/257] Loss: 1.2397
2026/08/26 23:45:43 - __main__ - INFO - 162 - trainer - [52/257] Loss: 1.1960
2026/08/26 23:45:50 - __main__ - INFO - 162 - trainer - [104/257] Loss: 1.1992
2026/08/26 23:45:58 - __main__ - INFO - 162 - trainer - [156/257] Loss: 1.2090
2026/08/26 23:46:05 - __main__ - INFO - 162 - trainer - [208/257] Loss: 1.2649
2026/08/26 23:46:11 - __main__ - INFO - 167 - trainer - Average loss in epoch 162: 1.2195
2026/08/26 23:46:11 - __main__ - INFO - 117 - trainer - Epoch: 163
2026/08/26 23:46:11 - __main__ - INFO - 162 - trainer - [0/257] Loss: 1.2323
2026/08/26 23:46:19 - __main__ - INFO - 162 - trainer - [52/257] Loss: 1.2349
2026/08/26 23:46:26 - __main__ - INFO - 162 - trainer - [104/257] Loss: 1.1912
2026/08/26 23:46:33 - __main__ - INFO - 162 - trainer - [156/257] Loss: 1.2100
2026/08/26 23:46:40 - __main__ - INFO - 162 - trainer - [208/257] Loss: 1.2314
2026/08/26 23:46:47 - __main__ - INFO - 167 - trainer - Average loss in epoch 163: 1.2187
2026/08/26 23:46:47 - __main__ - INFO - 117 - trainer - Epoch: 164
2026/08/26 23:46:47 - __main__ - INFO - 162 - trainer - [0/257] Loss: 1.2325
2026/08/26 23:46:54 - __main__ - INFO - 162 - trainer - [52/257] Loss: 1.2453
2026/08/26 23:47:01 - __main__ - INFO - 162 - trainer - [104/257] Loss: 1.2330
2026/08/26 23:47:09 - __main__ - INFO - 162 - trainer - [156/257] Loss: 1.1893
2026/08/26 23:47:16 - __main__ - INFO - 162 - trainer - [208/257] Loss: 1.2240
2026/08/26 23:47:23 - __main__ - INFO - 167 - trainer - Average loss in epoch 164: 1.2190
2026/08/26 23:47:23 - __main__ - INFO - 117 - trainer - Epoch: 165
2026/08/26 23:47:23 - __main__ - INFO - 162 - trainer - [0/257] Loss: 1.2303
2026/08/26 23:47:30 - __main__ - INFO - 162 - trainer - [52/257] Loss: 1.2074
2026/08/26 23:47:38 - __main__ - INFO - 162 - trainer - [104/257] Loss: 1.2017
2026/08/26 23:47:45 - __main__ - INFO - 162 - trainer - [156/257] Loss: 1.2010
2026/08/26 23:47:52 - __main__ - INFO - 162 - trainer - [208/257] Loss: 1.2047
2026/08/26 23:47:59 - __main__ - INFO - 167 - trainer - Average loss in epoch 165: 1.2191
2026/08/26 23:47:59 - __main__ - INFO - 117 - trainer - Epoch: 166
2026/08/26 23:47:59 - __main__ - INFO - 162 - trainer - [0/257] Loss: 1.2047
2026/08/26 23:48:06 - __main__ - INFO - 162 - trainer - [52/257] Loss: 1.2245
2026/08/26 23:48:14 - __main__ - INFO - 162 - trainer - [104/257] Loss: 1.2386
2026/08/26 23:48:21 - __main__ - INFO - 162 - trainer - [156/257] Loss: 1.2085
2026/08/26 23:48:28 - __main__ - INFO - 162 - trainer - [208/257] Loss: 1.2505
2026/08/26 23:48:35 - __main__ - INFO - 167 - trainer - Average loss in epoch 166: 1.2175
2026/08/26 23:48:35 - __main__ - INFO - 117 - trainer - Epoch: 167
2026/08/26 23:48:35 - __main__ - INFO - 162 - trainer - [0/257] Loss: 1.1865
2026/08/26 23:48:42 - __main__ - INFO - 162 - trainer - [52/257] Loss: 1.2632
2026/08/26 23:48:49 - __main__ - INFO - 162 - trainer - [104/257] Loss: 1.2182
2026/08/26 23:48:56 - __main__ - INFO - 162 - trainer - [156/257] Loss: 1.1908
2026/08/26 23:49:03 - __main__ - INFO - 162 - trainer - [208/257] Loss: 1.2373
2026/08/26 23:49:09 - __main__ - INFO - 167 - trainer - Average loss in epoch 167: 1.2181
2026/08/26 23:49:09 - __main__ - INFO - 117 - trainer - Epoch: 168
2026/08/26 23:49:09 - __main__ - INFO - 162 - trainer - [0/257] Loss: 1.2236
2026/08/26 23:49:16 - __main__ - INFO - 162 - trainer - [52/257] Loss: 1.2137
2026/08/26 23:49:23 - __main__ - INFO - 162 - trainer - [104/257] Loss: 1.2205
2026/08/26 23:49:30 - __main__ - INFO - 162 - trainer - [156/257] Loss: 1.2094
2026/08/26 23:49:37 - __main__ - INFO - 162 - trainer - [208/257] Loss: 1.2471
2026/08/26 23:49:43 - __main__ - INFO - 167 - trainer - Average loss in epoch 168: 1.2180
2026/08/26 23:49:43 - __main__ - INFO - 117 - trainer - Epoch: 169
2026/08/26 23:49:44 - __main__ - INFO - 162 - trainer - [0/257] Loss: 1.2147
2026/08/26 23:49:51 - __main__ - INFO - 162 - trainer - [52/257] Loss: 1.2246
2026/08/26 23:49:58 - __main__ - INFO - 162 - trainer - [104/257] Loss: 1.2256
2026/08/26 23:50:06 - __main__ - INFO - 162 - trainer - [156/257] Loss: 1.2229
2026/08/26 23:50:13 - __main__ - INFO - 162 - trainer - [208/257] Loss: 1.2197
2026/08/26 23:50:20 - __main__ - INFO - 167 - trainer - Average loss in epoch 169: 1.2180
2026/08/26 23:50:20 - __main__ - INFO - 117 - trainer - Epoch: 170
2026/08/26 23:50:20 - __main__ - INFO - 162 - trainer - [0/257] Loss: 1.2394
2026/08/26 23:50:27 - __main__ - INFO - 162 - trainer - [52/257] Loss: 1.1862
2026/08/26 23:50:34 - __main__ - INFO - 162 - trainer - [104/257] Loss: 1.1844
2026/08/26 23:50:42 - __main__ - INFO - 162 - trainer - [156/257] Loss: 1.2705
2026/08/26 23:50:49 - __main__ - INFO - 162 - trainer - [208/257] Loss: 1.2400
2026/08/26 23:50:56 - __main__ - INFO - 167 - trainer - Average loss in epoch 170: 1.2161
2026/08/26 23:50:56 - __main__ - INFO - 117 - trainer - Epoch: 171
2026/08/26 23:50:56 - __main__ - INFO - 162 - trainer - [0/257] Loss: 1.1854
2026/08/26 23:51:03 - __main__ - INFO - 162 - trainer - [52/257] Loss: 1.1873
2026/08/26 23:51:10 - __main__ - INFO - 162 - trainer - [104/257] Loss: 1.1843
2026/08/26 23:51:17 - __main__ - INFO - 162 - trainer - [156/257] Loss: 1.2115
2026/08/26 23:51:23 - __main__ - INFO - 162 - trainer - [208/257] Loss: 1.2034
2026/08/26 23:51:30 - __main__ - INFO - 167 - trainer - Average loss in epoch 171: 1.2175
2026/08/26 23:51:30 - __main__ - INFO - 117 - trainer - Epoch: 172
2026/08/26 23:51:30 - __main__ - INFO - 162 - trainer - [0/257] Loss: 1.2172
2026/08/26 23:51:37 - __main__ - INFO - 162 - trainer - [52/257] Loss: 1.2355
2026/08/26 23:51:44 - __main__ - INFO - 162 - trainer - [104/257] Loss: 1.1877
2026/08/26 23:51:52 - __main__ - INFO - 162 - trainer - [156/257] Loss: 1.2503
2026/08/26 23:51:59 - __main__ - INFO - 162 - trainer - [208/257] Loss: 1.2172
2026/08/26 23:52:06 - __main__ - INFO - 167 - trainer - Average loss in epoch 172: 1.2166
2026/08/26 23:52:06 - __main__ - INFO - 117 - trainer - Epoch: 173
2026/08/26 23:52:06 - __main__ - INFO - 162 - trainer - [0/257] Loss: 1.2281
2026/08/26 23:52:14 - __main__ - INFO - 162 - trainer - [52/257] Loss: 1.2040
2026/08/26 23:52:21 - __main__ - INFO - 162 - trainer - [104/257] Loss: 1.2112
2026/08/26 23:52:28 - __main__ - INFO - 162 - trainer - [156/257] Loss: 1.2564
2026/08/26 23:52:35 - __main__ - INFO - 162 - trainer - [208/257] Loss: 1.2082
2026/08/26 23:52:42 - __main__ - INFO - 167 - trainer - Average loss in epoch 173: 1.2156
2026/08/26 23:52:42 - __main__ - INFO - 117 - trainer - Epoch: 174
2026/08/26 23:52:42 - __main__ - INFO - 162 - trainer - [0/257] Loss: 1.1749
2026/08/26 23:52:49 - __main__ - INFO - 162 - trainer - [52/257] Loss: 1.2117
2026/08/26 23:52:56 - __main__ - INFO - 162 - trainer - [104/257] Loss: 1.2418
2026/08/26 23:53:03 - __main__ - INFO - 162 - trainer - [156/257] Loss: 1.2310
2026/08/26 23:53:11 - __main__ - INFO - 162 - trainer - [208/257] Loss: 1.2376
2026/08/26 23:53:17 - __main__ - INFO - 167 - trainer - Average loss in epoch 174: 1.2151
2026/08/26 23:53:17 - __main__ - INFO - 117 - trainer - Epoch: 175
2026/08/26 23:53:17 - __main__ - INFO - 162 - trainer - [0/257] Loss: 1.2218
2026/08/26 23:53:24 - __main__ - INFO - 162 - trainer - [52/257] Loss: 1.2103
2026/08/26 23:53:31 - __main__ - INFO - 162 - trainer - [104/257] Loss: 1.1981
2026/08/26 23:53:38 - __main__ - INFO - 162 - trainer - [156/257] Loss: 1.2230
2026/08/26 23:53:45 - __main__ - INFO - 162 - trainer - [208/257] Loss: 1.2052
2026/08/26 23:53:51 - __main__ - INFO - 167 - trainer - Average loss in epoch 175: 1.2158
2026/08/26 23:53:51 - __main__ - INFO - 117 - trainer - Epoch: 176
2026/08/26 23:53:51 - __main__ - INFO - 162 - trainer - [0/257] Loss: 1.2068
2026/08/26 23:53:59 - __main__ - INFO - 162 - trainer - [52/257] Loss: 1.2404
2026/08/26 23:54:06 - __main__ - INFO - 162 - trainer - [104/257] Loss: 1.2127
2026/08/26 23:54:13 - __main__ - INFO - 162 - trainer - [156/257] Loss: 1.2201
2026/08/26 23:54:20 - __main__ - INFO - 162 - trainer - [208/257] Loss: 1.2117
2026/08/26 23:54:27 - __main__ - INFO - 167 - trainer - Average loss in epoch 176: 1.2140
2026/08/26 23:54:27 - __main__ - INFO - 117 - trainer - Epoch: 177
2026/08/26 23:54:27 - __main__ - INFO - 162 - trainer - [0/257] Loss: 1.1742
2026/08/26 23:54:34 - __main__ - INFO - 162 - trainer - [52/257] Loss: 1.1849
2026/08/26 23:54:41 - __main__ - INFO - 162 - trainer - [104/257] Loss: 1.2281
2026/08/26 23:54:48 - __main__ - INFO - 162 - trainer - [156/257] Loss: 1.2246
2026/08/26 23:54:54 - __main__ - INFO - 162 - trainer - [208/257] Loss: 1.2375
2026/08/26 23:55:01 - __main__ - INFO - 167 - trainer - Average loss in epoch 177: 1.2152
2026/08/26 23:55:01 - __main__ - INFO - 117 - trainer - Epoch: 178
2026/08/26 23:55:01 - __main__ - INFO - 162 - trainer - [0/257] Loss: 1.2731
2026/08/26 23:55:08 - __main__ - INFO - 162 - trainer - [52/257] Loss: 1.2230
2026/08/26 23:55:15 - __main__ - INFO - 162 - trainer - [104/257] Loss: 1.1662
2026/08/26 23:55:22 - __main__ - INFO - 162 - trainer - [156/257] Loss: 1.1792
2026/08/26 23:55:30 - __main__ - INFO - 162 - trainer - [208/257] Loss: 1.2360
2026/08/26 23:55:36 - __main__ - INFO - 167 - trainer - Average loss in epoch 178: 1.2146
2026/08/26 23:55:36 - __main__ - INFO - 117 - trainer - Epoch: 179
2026/08/26 23:55:37 - __main__ - INFO - 162 - trainer - [0/257] Loss: 1.2298
2026/08/26 23:55:44 - __main__ - INFO - 162 - trainer - [52/257] Loss: 1.2036
2026/08/26 23:55:51 - __main__ - INFO - 162 - trainer - [104/257] Loss: 1.1982
2026/08/26 23:55:58 - __main__ - INFO - 162 - trainer - [156/257] Loss: 1.2280
2026/08/26 23:56:05 - __main__ - INFO - 162 - trainer - [208/257] Loss: 1.2465
2026/08/26 23:56:12 - __main__ - INFO - 167 - trainer - Average loss in epoch 179: 1.2142
2026/08/26 23:56:12 - __main__ - INFO - 117 - trainer - Epoch: 180
2026/08/26 23:56:12 - __main__ - INFO - 162 - trainer - [0/257] Loss: 1.2206
2026/08/26 23:56:19 - __main__ - INFO - 162 - trainer - [52/257] Loss: 1.2440
2026/08/26 23:56:26 - __main__ - INFO - 162 - trainer - [104/257] Loss: 1.1670
2026/08/26 23:56:33 - __main__ - INFO - 162 - trainer - [156/257] Loss: 1.2073
2026/08/26 23:56:40 - __main__ - INFO - 162 - trainer - [208/257] Loss: 1.2306
2026/08/26 23:56:46 - __main__ - INFO - 167 - trainer - Average loss in epoch 180: 1.2140
2026/08/26 23:56:46 - __main__ - INFO - 173 - trainer - start predicting: 2026-08-26 23:56:46.702273
2026/08/26 23:57:45 - __main__ - INFO - 117 - trainer - Epoch: 181
2026/08/26 23:57:45 - __main__ - INFO - 162 - trainer - [0/257] Loss: 1.2229
2026/08/26 23:57:52 - __main__ - INFO - 162 - trainer - [52/257] Loss: 1.2155
2026/08/26 23:57:59 - __main__ - INFO - 162 - trainer - [104/257] Loss: 1.2458
2026/08/26 23:58:06 - __main__ - INFO - 162 - trainer - [156/257] Loss: 1.2252
2026/08/26 23:58:13 - __main__ - INFO - 162 - trainer - [208/257] Loss: 1.2429
2026/08/26 23:58:20 - __main__ - INFO - 167 - trainer - Average loss in epoch 181: 1.2138
2026/08/26 23:58:20 - __main__ - INFO - 117 - trainer - Epoch: 182
2026/08/26 23:58:20 - __main__ - INFO - 162 - trainer - [0/257] Loss: 1.2009
2026/08/26 23:58:27 - __main__ - INFO - 162 - trainer - [52/257] Loss: 1.2080
2026/08/26 23:58:34 - __main__ - INFO - 162 - trainer - [104/257] Loss: 1.2030
2026/08/26 23:58:41 - __main__ - INFO - 162 - trainer - [156/257] Loss: 1.2220
2026/08/26 23:58:49 - __main__ - INFO - 162 - trainer - [208/257] Loss: 1.2099
2026/08/26 23:58:55 - __main__ - INFO - 167 - trainer - Average loss in epoch 182: 1.2139
2026/08/26 23:58:55 - __main__ - INFO - 117 - trainer - Epoch: 183
2026/08/26 23:58:55 - __main__ - INFO - 162 - trainer - [0/257] Loss: 1.2129
2026/08/26 23:59:03 - __main__ - INFO - 162 - trainer - [52/257] Loss: 1.2374
2026/08/26 23:59:10 - __main__ - INFO - 162 - trainer - [104/257] Loss: 1.2800
2026/08/26 23:59:18 - __main__ - INFO - 162 - trainer - [156/257] Loss: 1.2268
2026/08/26 23:59:25 - __main__ - INFO - 162 - trainer - [208/257] Loss: 1.2302
2026/08/26 23:59:32 - __main__ - INFO - 167 - trainer - Average loss in epoch 183: 1.2139
2026/08/26 23:59:32 - __main__ - INFO - 117 - trainer - Epoch: 184
2026/08/26 23:59:32 - __main__ - INFO - 162 - trainer - [0/257] Loss: 1.2241
2026/08/26 23:59:40 - __main__ - INFO - 162 - trainer - [52/257] Loss: 1.2087
2026/08/26 23:59:47 - __main__ - INFO - 162 - trainer - [104/257] Loss: 1.1855
2026/08/26 23:59:54 - __main__ - INFO - 162 - trainer - [156/257] Loss: 1.2175
2026/08/27 00:00:02 - __main__ - INFO - 162 - trainer - [208/257] Loss: 1.2206
2026/08/27 00:00:09 - __main__ - INFO - 167 - trainer - Average loss in epoch 184: 1.2122
2026/08/27 00:00:09 - __main__ - INFO - 117 - trainer - Epoch: 185
2026/08/27 00:00:09 - __main__ - INFO - 162 - trainer - [0/257] Loss: 1.2454
2026/08/27 00:00:16 - __main__ - INFO - 162 - trainer - [52/257] Loss: 1.2035
2026/08/27 00:00:24 - __main__ - INFO - 162 - trainer - [104/257] Loss: 1.1975
2026/08/27 00:00:31 - __main__ - INFO - 162 - trainer - [156/257] Loss: 1.1953
2026/08/27 00:00:39 - __main__ - INFO - 162 - trainer - [208/257] Loss: 1.1913
2026/08/27 00:00:46 - __main__ - INFO - 167 - trainer - Average loss in epoch 185: 1.2122
2026/08/27 00:00:46 - __main__ - INFO - 117 - trainer - Epoch: 186
2026/08/27 00:00:46 - __main__ - INFO - 162 - trainer - [0/257] Loss: 1.1943
2026/08/27 00:00:53 - __main__ - INFO - 162 - trainer - [52/257] Loss: 1.2487
2026/08/27 00:01:00 - __main__ - INFO - 162 - trainer - [104/257] Loss: 1.2252
2026/08/27 00:01:08 - __main__ - INFO - 162 - trainer - [156/257] Loss: 1.2145
2026/08/27 00:01:15 - __main__ - INFO - 162 - trainer - [208/257] Loss: 1.1797
2026/08/27 00:01:22 - __main__ - INFO - 167 - trainer - Average loss in epoch 186: 1.2115
2026/08/27 00:01:22 - __main__ - INFO - 117 - trainer - Epoch: 187
2026/08/27 00:01:22 - __main__ - INFO - 162 - trainer - [0/257] Loss: 1.1971
2026/08/27 00:01:29 - __main__ - INFO - 162 - trainer - [52/257] Loss: 1.1950
2026/08/27 00:01:37 - __main__ - INFO - 162 - trainer - [104/257] Loss: 1.2391
2026/08/27 00:01:44 - __main__ - INFO - 162 - trainer - [156/257] Loss: 1.2289
2026/08/27 00:01:51 - __main__ - INFO - 162 - trainer - [208/257] Loss: 1.2078
2026/08/27 00:01:58 - __main__ - INFO - 167 - trainer - Average loss in epoch 187: 1.2113
2026/08/27 00:01:58 - __main__ - INFO - 117 - trainer - Epoch: 188
2026/08/27 00:01:58 - __main__ - INFO - 162 - trainer - [0/257] Loss: 1.2218
2026/08/27 00:02:05 - __main__ - INFO - 162 - trainer - [52/257] Loss: 1.1739
2026/08/27 00:02:12 - __main__ - INFO - 162 - trainer - [104/257] Loss: 1.2175
2026/08/27 00:02:19 - __main__ - INFO - 162 - trainer - [156/257] Loss: 1.1875
2026/08/27 00:02:26 - __main__ - INFO - 162 - trainer - [208/257] Loss: 1.1905
2026/08/27 00:02:32 - __main__ - INFO - 167 - trainer - Average loss in epoch 188: 1.2104
2026/08/27 00:02:32 - __main__ - INFO - 117 - trainer - Epoch: 189
2026/08/27 00:02:32 - __main__ - INFO - 162 - trainer - [0/257] Loss: 1.1730
2026/08/27 00:02:40 - __main__ - INFO - 162 - trainer - [52/257] Loss: 1.2412
2026/08/27 00:02:47 - __main__ - INFO - 162 - trainer - [104/257] Loss: 1.2015
2026/08/27 00:02:54 - __main__ - INFO - 162 - trainer - [156/257] Loss: 1.2004
2026/08/27 00:03:02 - __main__ - INFO - 162 - trainer - [208/257] Loss: 1.1882
2026/08/27 00:03:09 - __main__ - INFO - 167 - trainer - Average loss in epoch 189: 1.2092
2026/08/27 00:03:09 - __main__ - INFO - 117 - trainer - Epoch: 190
2026/08/27 00:03:09 - __main__ - INFO - 162 - trainer - [0/257] Loss: 1.2035
2026/08/27 00:03:16 - __main__ - INFO - 162 - trainer - [52/257] Loss: 1.2080
2026/08/27 00:03:24 - __main__ - INFO - 162 - trainer - [104/257] Loss: 1.2018
2026/08/27 00:03:31 - __main__ - INFO - 162 - trainer - [156/257] Loss: 1.1847
2026/08/27 00:03:38 - __main__ - INFO - 162 - trainer - [208/257] Loss: 1.2234
2026/08/27 00:03:45 - __main__ - INFO - 167 - trainer - Average loss in epoch 190: 1.2109
2026/08/27 00:03:45 - __main__ - INFO - 117 - trainer - Epoch: 191
2026/08/27 00:03:45 - __main__ - INFO - 162 - trainer - [0/257] Loss: 1.2031
2026/08/27 00:03:52 - __main__ - INFO - 162 - trainer - [52/257] Loss: 1.1916
2026/08/27 00:03:59 - __main__ - INFO - 162 - trainer - [104/257] Loss: 1.1959
2026/08/27 00:04:06 - __main__ - INFO - 162 - trainer - [156/257] Loss: 1.2371
2026/08/27 00:04:13 - __main__ - INFO - 162 - trainer - [208/257] Loss: 1.2255
2026/08/27 00:04:19 - __main__ - INFO - 167 - trainer - Average loss in epoch 191: 1.2085
2026/08/27 00:04:19 - __main__ - INFO - 117 - trainer - Epoch: 192
2026/08/27 00:04:19 - __main__ - INFO - 162 - trainer - [0/257] Loss: 1.1995
2026/08/27 00:04:26 - __main__ - INFO - 162 - trainer - [52/257] Loss: 1.1829
2026/08/27 00:04:33 - __main__ - INFO - 162 - trainer - [104/257] Loss: 1.2112
2026/08/27 00:04:40 - __main__ - INFO - 162 - trainer - [156/257] Loss: 1.1869
2026/08/27 00:04:47 - __main__ - INFO - 162 - trainer - [208/257] Loss: 1.2185
2026/08/27 00:04:53 - __main__ - INFO - 167 - trainer - Average loss in epoch 192: 1.2092
2026/08/27 00:04:53 - __main__ - INFO - 117 - trainer - Epoch: 193
2026/08/27 00:04:54 - __main__ - INFO - 162 - trainer - [0/257] Loss: 1.2072
2026/08/27 00:05:01 - __main__ - INFO - 162 - trainer - [52/257] Loss: 1.2362
2026/08/27 00:05:08 - __main__ - INFO - 162 - trainer - [104/257] Loss: 1.1602
2026/08/27 00:05:15 - __main__ - INFO - 162 - trainer - [156/257] Loss: 1.2626
2026/08/27 00:05:23 - __main__ - INFO - 162 - trainer - [208/257] Loss: 1.2097
2026/08/27 00:05:30 - __main__ - INFO - 167 - trainer - Average loss in epoch 193: 1.2090
2026/08/27 00:05:30 - __main__ - INFO - 117 - trainer - Epoch: 194
2026/08/27 00:05:30 - __main__ - INFO - 162 - trainer - [0/257] Loss: 1.2195
2026/08/27 00:05:37 - __main__ - INFO - 162 - trainer - [52/257] Loss: 1.2058
2026/08/27 00:05:44 - __main__ - INFO - 162 - trainer - [104/257] Loss: 1.2334
2026/08/27 00:05:52 - __main__ - INFO - 162 - trainer - [156/257] Loss: 1.1937
2026/08/27 00:05:59 - __main__ - INFO - 162 - trainer - [208/257] Loss: 1.2397
2026/08/27 00:06:06 - __main__ - INFO - 167 - trainer - Average loss in epoch 194: 1.2087
2026/08/27 00:06:06 - __main__ - INFO - 117 - trainer - Epoch: 195
2026/08/27 00:06:06 - __main__ - INFO - 162 - trainer - [0/257] Loss: 1.1753
2026/08/27 00:06:13 - __main__ - INFO - 162 - trainer - [52/257] Loss: 1.2106
2026/08/27 00:06:21 - __main__ - INFO - 162 - trainer - [104/257] Loss: 1.2194
2026/08/27 00:06:28 - __main__ - INFO - 162 - trainer - [156/257] Loss: 1.1831
2026/08/27 00:06:35 - __main__ - INFO - 162 - trainer - [208/257] Loss: 1.1988
2026/08/27 00:06:42 - __main__ - INFO - 167 - trainer - Average loss in epoch 195: 1.2081
2026/08/27 00:06:42 - __main__ - INFO - 117 - trainer - Epoch: 196
2026/08/27 00:06:42 - __main__ - INFO - 162 - trainer - [0/257] Loss: 1.1802
2026/08/27 00:06:49 - __main__ - INFO - 162 - trainer - [52/257] Loss: 1.1800
2026/08/27 00:06:57 - __main__ - INFO - 162 - trainer - [104/257] Loss: 1.1969
2026/08/27 00:07:04 - __main__ - INFO - 162 - trainer - [156/257] Loss: 1.2052
2026/08/27 00:07:11 - __main__ - INFO - 162 - trainer - [208/257] Loss: 1.2512
2026/08/27 00:07:18 - __main__ - INFO - 167 - trainer - Average loss in epoch 196: 1.2092
2026/08/27 00:07:18 - __main__ - INFO - 117 - trainer - Epoch: 197
2026/08/27 00:07:18 - __main__ - INFO - 162 - trainer - [0/257] Loss: 1.2094
2026/08/27 00:07:25 - __main__ - INFO - 162 - trainer - [52/257] Loss: 1.2305
2026/08/27 00:07:33 - __main__ - INFO - 162 - trainer - [104/257] Loss: 1.2682
2026/08/27 00:07:40 - __main__ - INFO - 162 - trainer - [156/257] Loss: 1.1819
2026/08/27 00:07:48 - __main__ - INFO - 162 - trainer - [208/257] Loss: 1.1946
2026/08/27 00:07:54 - __main__ - INFO - 167 - trainer - Average loss in epoch 197: 1.2084
2026/08/27 00:07:54 - __main__ - INFO - 117 - trainer - Epoch: 198
2026/08/27 00:07:55 - __main__ - INFO - 162 - trainer - [0/257] Loss: 1.2148
2026/08/27 00:08:02 - __main__ - INFO - 162 - trainer - [52/257] Loss: 1.2262
2026/08/27 00:08:09 - __main__ - INFO - 162 - trainer - [104/257] Loss: 1.2021
2026/08/27 00:08:17 - __main__ - INFO - 162 - trainer - [156/257] Loss: 1.2076
2026/08/27 00:08:24 - __main__ - INFO - 162 - trainer - [208/257] Loss: 1.2113
2026/08/27 00:08:31 - __main__ - INFO - 167 - trainer - Average loss in epoch 198: 1.2079
2026/08/27 00:08:31 - __main__ - INFO - 117 - trainer - Epoch: 199
2026/08/27 00:08:31 - __main__ - INFO - 162 - trainer - [0/257] Loss: 1.2095
2026/08/27 00:08:38 - __main__ - INFO - 162 - trainer - [52/257] Loss: 1.2020
2026/08/27 00:08:45 - __main__ - INFO - 162 - trainer - [104/257] Loss: 1.2094
2026/08/27 00:08:52 - __main__ - INFO - 162 - trainer - [156/257] Loss: 1.2091
2026/08/27 00:08:59 - __main__ - INFO - 162 - trainer - [208/257] Loss: 1.2057
2026/08/27 00:09:05 - __main__ - INFO - 167 - trainer - Average loss in epoch 199: 1.2070
2026/08/27 00:09:05 - __main__ - INFO - 117 - trainer - Epoch: 200
2026/08/27 00:09:05 - __main__ - INFO - 162 - trainer - [0/257] Loss: 1.1879
2026/08/27 00:09:13 - __main__ - INFO - 162 - trainer - [52/257] Loss: 1.2129
2026/08/27 00:09:20 - __main__ - INFO - 162 - trainer - [104/257] Loss: 1.1849
2026/08/27 00:09:27 - __main__ - INFO - 162 - trainer - [156/257] Loss: 1.2055
2026/08/27 00:09:35 - __main__ - INFO - 162 - trainer - [208/257] Loss: 1.2017
2026/08/27 00:09:42 - __main__ - INFO - 167 - trainer - Average loss in epoch 200: 1.2049
2026/08/27 00:09:42 - __main__ - INFO - 173 - trainer - start predicting: 2026-08-27 00:09:42.144762
2026/08/27 00:10:42 - __main__ - INFO - 203 - trainer - {'Best_HR@5': np.float64(7.7426), 'Best_HR@10': np.float64(10.8509), 'Best_HR@20': np.float64(14.8606), 'Best_NDCG@5': np.float64(5.3781), 'Best_NDCG@10': np.float64(6.3739), 'Best_NDCG@20': np.float64(7.3801)}
2026/08/27 00:10:42 - __main__ - INFO - 204 - trainer - {'Best_epoch_HR@5': 140, 'Best_epoch_HR@10': 140, 'Best_epoch_HR@20': 100, 'Best_epoch_NDCG@5': 200, 'Best_epoch_NDCG@10': 140, 'Best_epoch_NDCG@20': 100}
2026/08/27 00:10:42 - __main__ - INFO - 117 - trainer - Epoch: 201
2026/08/27 00:10:42 - __main__ - INFO - 162 - trainer - [0/257] Loss: 1.2019
2026/08/27 00:10:49 - __main__ - INFO - 162 - trainer - [52/257] Loss: 1.2139
2026/08/27 00:10:56 - __main__ - INFO - 162 - trainer - [104/257] Loss: 1.1930
2026/08/27 00:11:03 - __main__ - INFO - 162 - trainer - [156/257] Loss: 1.2438
2026/08/27 00:11:10 - __main__ - INFO - 162 - trainer - [208/257] Loss: 1.2111
2026/08/27 00:11:16 - __main__ - INFO - 167 - trainer - Average loss in epoch 201: 1.2044
2026/08/27 00:11:16 - __main__ - INFO - 117 - trainer - Epoch: 202
2026/08/27 00:11:16 - __main__ - INFO - 162 - trainer - [0/257] Loss: 1.2323
2026/08/27 00:11:24 - __main__ - INFO - 162 - trainer - [52/257] Loss: 1.2465
2026/08/27 00:11:31 - __main__ - INFO - 162 - trainer - [104/257] Loss: 1.2000
2026/08/27 00:11:39 - __main__ - INFO - 162 - trainer - [156/257] Loss: 1.2340
2026/08/27 00:11:47 - __main__ - INFO - 162 - trainer - [208/257] Loss: 1.2052
2026/08/27 00:11:53 - __main__ - INFO - 167 - trainer - Average loss in epoch 202: 1.2041
2026/08/27 00:11:53 - __main__ - INFO - 117 - trainer - Epoch: 203
2026/08/27 00:11:54 - __main__ - INFO - 162 - trainer - [0/257] Loss: 1.2333
2026/08/27 00:12:01 - __main__ - INFO - 162 - trainer - [52/257] Loss: 1.1964
2026/08/27 00:12:09 - __main__ - INFO - 162 - trainer - [104/257] Loss: 1.1898
2026/08/27 00:12:16 - __main__ - INFO - 162 - trainer - [156/257] Loss: 1.2114
2026/08/27 00:12:24 - __main__ - INFO - 162 - trainer - [208/257] Loss: 1.1926
2026/08/27 00:12:31 - __main__ - INFO - 167 - trainer - Average loss in epoch 203: 1.2052
2026/08/27 00:12:31 - __main__ - INFO - 117 - trainer - Epoch: 204
2026/08/27 00:12:31 - __main__ - INFO - 162 - trainer - [0/257] Loss: 1.1901
2026/08/27 00:12:38 - __main__ - INFO - 162 - trainer - [52/257] Loss: 1.2144
2026/08/27 00:12:45 - __main__ - INFO - 162 - trainer - [104/257] Loss: 1.1713
2026/08/27 00:12:52 - __main__ - INFO - 162 - trainer - [156/257] Loss: 1.2066
2026/08/27 00:12:59 - __main__ - INFO - 162 - trainer - [208/257] Loss: 1.1943
2026/08/27 00:13:05 - __main__ - INFO - 167 - trainer - Average loss in epoch 204: 1.2038
2026/08/27 00:13:05 - __main__ - INFO - 117 - trainer - Epoch: 205
2026/08/27 00:13:05 - __main__ - INFO - 162 - trainer - [0/257] Loss: 1.1882
2026/08/27 00:13:13 - __main__ - INFO - 162 - trainer - [52/257] Loss: 1.1960
2026/08/27 00:13:20 - __main__ - INFO - 162 - trainer - [104/257] Loss: 1.2118
2026/08/27 00:13:28 - __main__ - INFO - 162 - trainer - [156/257] Loss: 1.2576
2026/08/27 00:13:35 - __main__ - INFO - 162 - trainer - [208/257] Loss: 1.2015
2026/08/27 00:13:42 - __main__ - INFO - 167 - trainer - Average loss in epoch 205: 1.2049
2026/08/27 00:13:42 - __main__ - INFO - 117 - trainer - Epoch: 206
2026/08/27 00:13:42 - __main__ - INFO - 162 - trainer - [0/257] Loss: 1.2209
2026/08/27 00:13:50 - __main__ - INFO - 162 - trainer - [52/257] Loss: 1.2201
2026/08/27 00:13:57 - __main__ - INFO - 162 - trainer - [104/257] Loss: 1.1900
2026/08/27 00:14:04 - __main__ - INFO - 162 - trainer - [156/257] Loss: 1.1857
2026/08/27 00:14:12 - __main__ - INFO - 162 - trainer - [208/257] Loss: 1.1795
2026/08/27 00:14:19 - __main__ - INFO - 167 - trainer - Average loss in epoch 206: 1.2057
2026/08/27 00:14:19 - __main__ - INFO - 117 - trainer - Epoch: 207
2026/08/27 00:14:19 - __main__ - INFO - 162 - trainer - [0/257] Loss: 1.1850
2026/08/27 00:14:27 - __main__ - INFO - 162 - trainer - [52/257] Loss: 1.1990
2026/08/27 00:14:34 - __main__ - INFO - 162 - trainer - [104/257] Loss: 1.2307
2026/08/27 00:14:42 - __main__ - INFO - 162 - trainer - [156/257] Loss: 1.1883
2026/08/27 00:14:49 - __main__ - INFO - 162 - trainer - [208/257] Loss: 1.1948
2026/08/27 00:14:56 - __main__ - INFO - 167 - trainer - Average loss in epoch 207: 1.2057
2026/08/27 00:14:56 - __main__ - INFO - 117 - trainer - Epoch: 208
2026/08/27 00:14:56 - __main__ - INFO - 162 - trainer - [0/257] Loss: 1.1871
2026/08/27 00:15:04 - __main__ - INFO - 162 - trainer - [52/257] Loss: 1.2153
2026/08/27 00:15:11 - __main__ - INFO - 162 - trainer - [104/257] Loss: 1.2022
2026/08/27 00:15:19 - __main__ - INFO - 162 - trainer - [156/257] Loss: 1.2235
2026/08/27 00:15:26 - __main__ - INFO - 162 - trainer - [208/257] Loss: 1.2481
2026/08/27 00:15:33 - __main__ - INFO - 167 - trainer - Average loss in epoch 208: 1.2037
2026/08/27 00:15:33 - __main__ - INFO - 117 - trainer - Epoch: 209
2026/08/27 00:15:34 - __main__ - INFO - 162 - trainer - [0/257] Loss: 1.1533
2026/08/27 00:15:41 - __main__ - INFO - 162 - trainer - [52/257] Loss: 1.2340
2026/08/27 00:15:48 - __main__ - INFO - 162 - trainer - [104/257] Loss: 1.1996
2026/08/27 00:15:56 - __main__ - INFO - 162 - trainer - [156/257] Loss: 1.1780
2026/08/27 00:16:03 - __main__ - INFO - 162 - trainer - [208/257] Loss: 1.2235
2026/08/27 00:16:10 - __main__ - INFO - 167 - trainer - Average loss in epoch 209: 1.2042
2026/08/27 00:16:10 - __main__ - INFO - 117 - trainer - Epoch: 210
2026/08/27 00:16:10 - __main__ - INFO - 162 - trainer - [0/257] Loss: 1.1925
2026/08/27 00:16:18 - __main__ - INFO - 162 - trainer - [52/257] Loss: 1.1899
2026/08/27 00:16:25 - __main__ - INFO - 162 - trainer - [104/257] Loss: 1.1925
2026/08/27 00:16:33 - __main__ - INFO - 162 - trainer - [156/257] Loss: 1.2153
2026/08/27 00:16:40 - __main__ - INFO - 162 - trainer - [208/257] Loss: 1.2231
2026/08/27 00:16:47 - __main__ - INFO - 167 - trainer - Average loss in epoch 210: 1.2048
2026/08/27 00:16:47 - __main__ - INFO - 117 - trainer - Epoch: 211
2026/08/27 00:16:48 - __main__ - INFO - 162 - trainer - [0/257] Loss: 1.2240
2026/08/27 00:16:55 - __main__ - INFO - 162 - trainer - [52/257] Loss: 1.2035
2026/08/27 00:17:03 - __main__ - INFO - 162 - trainer - [104/257] Loss: 1.1929
2026/08/27 00:17:10 - __main__ - INFO - 162 - trainer - [156/257] Loss: 1.1742
2026/08/27 00:17:18 - __main__ - INFO - 162 - trainer - [208/257] Loss: 1.1592
2026/08/27 00:17:25 - __main__ - INFO - 167 - trainer - Average loss in epoch 211: 1.2053
2026/08/27 00:17:25 - __main__ - INFO - 117 - trainer - Epoch: 212
2026/08/27 00:17:25 - __main__ - INFO - 162 - trainer - [0/257] Loss: 1.1805
2026/08/27 00:17:32 - __main__ - INFO - 162 - trainer - [52/257] Loss: 1.2015
2026/08/27 00:17:40 - __main__ - INFO - 162 - trainer - [104/257] Loss: 1.2007
2026/08/27 00:17:47 - __main__ - INFO - 162 - trainer - [156/257] Loss: 1.2101
2026/08/27 00:17:55 - __main__ - INFO - 162 - trainer - [208/257] Loss: 1.2317
2026/08/27 00:18:02 - __main__ - INFO - 167 - trainer - Average loss in epoch 212: 1.2055
2026/08/27 00:18:02 - __main__ - INFO - 117 - trainer - Epoch: 213
2026/08/27 00:18:02 - __main__ - INFO - 162 - trainer - [0/257] Loss: 1.2261
2026/08/27 00:18:10 - __main__ - INFO - 162 - trainer - [52/257] Loss: 1.2030
2026/08/27 00:18:17 - __main__ - INFO - 162 - trainer - [104/257] Loss: 1.2021
2026/08/27 00:18:25 - __main__ - INFO - 162 - trainer - [156/257] Loss: 1.1848
2026/08/27 00:18:32 - __main__ - INFO - 162 - trainer - [208/257] Loss: 1.1788
2026/08/27 00:18:39 - __main__ - INFO - 167 - trainer - Average loss in epoch 213: 1.2040
2026/08/27 00:18:39 - __main__ - INFO - 117 - trainer - Epoch: 214
2026/08/27 00:18:39 - __main__ - INFO - 162 - trainer - [0/257] Loss: 1.2027
2026/08/27 00:18:46 - __main__ - INFO - 162 - trainer - [52/257] Loss: 1.2373
2026/08/27 00:18:53 - __main__ - INFO - 162 - trainer - [104/257] Loss: 1.2218
2026/08/27 00:19:00 - __main__ - INFO - 162 - trainer - [156/257] Loss: 1.2191
2026/08/27 00:19:07 - __main__ - INFO - 162 - trainer - [208/257] Loss: 1.2350
2026/08/27 00:19:13 - __main__ - INFO - 167 - trainer - Average loss in epoch 214: 1.2038
2026/08/27 00:19:13 - __main__ - INFO - 117 - trainer - Epoch: 215
2026/08/27 00:19:13 - __main__ - INFO - 162 - trainer - [0/257] Loss: 1.1933
2026/08/27 00:19:20 - __main__ - INFO - 162 - trainer - [52/257] Loss: 1.1796
2026/08/27 00:19:27 - __main__ - INFO - 162 - trainer - [104/257] Loss: 1.2007
2026/08/27 00:19:34 - __main__ - INFO - 162 - trainer - [156/257] Loss: 1.2080
2026/08/27 00:19:41 - __main__ - INFO - 162 - trainer - [208/257] Loss: 1.2333
2026/08/27 00:19:48 - __main__ - INFO - 167 - trainer - Average loss in epoch 215: 1.2053
2026/08/27 00:19:48 - __main__ - INFO - 117 - trainer - Epoch: 216
2026/08/27 00:19:48 - __main__ - INFO - 162 - trainer - [0/257] Loss: 1.1806
2026/08/27 00:19:55 - __main__ - INFO - 162 - trainer - [52/257] Loss: 1.2207
2026/08/27 00:20:03 - __main__ - INFO - 162 - trainer - [104/257] Loss: 1.2090
2026/08/27 00:20:10 - __main__ - INFO - 162 - trainer - [156/257] Loss: 1.2232
2026/08/27 00:20:18 - __main__ - INFO - 162 - trainer - [208/257] Loss: 1.1613
2026/08/27 00:20:25 - __main__ - INFO - 167 - trainer - Average loss in epoch 216: 1.2033
2026/08/27 00:20:25 - __main__ - INFO - 117 - trainer - Epoch: 217
2026/08/27 00:20:25 - __main__ - INFO - 162 - trainer - [0/257] Loss: 1.2046
2026/08/27 00:20:32 - __main__ - INFO - 162 - trainer - [52/257] Loss: 1.2249
2026/08/27 00:20:39 - __main__ - INFO - 162 - trainer - [104/257] Loss: 1.2053
2026/08/27 00:20:46 - __main__ - INFO - 162 - trainer - [156/257] Loss: 1.2034
2026/08/27 00:20:53 - __main__ - INFO - 162 - trainer - [208/257] Loss: 1.1795
2026/08/27 00:20:59 - __main__ - INFO - 167 - trainer - Average loss in epoch 217: 1.2047
2026/08/27 00:20:59 - __main__ - INFO - 117 - trainer - Epoch: 218
2026/08/27 00:21:00 - __main__ - INFO - 162 - trainer - [0/257] Loss: 1.1996
2026/08/27 00:21:07 - __main__ - INFO - 162 - trainer - [52/257] Loss: 1.2096
2026/08/27 00:21:13 - __main__ - INFO - 162 - trainer - [104/257] Loss: 1.2205
2026/08/27 00:21:20 - __main__ - INFO - 162 - trainer - [156/257] Loss: 1.2015
2026/08/27 00:21:27 - __main__ - INFO - 162 - trainer - [208/257] Loss: 1.1616
2026/08/27 00:21:34 - __main__ - INFO - 167 - trainer - Average loss in epoch 218: 1.2041
2026/08/27 00:21:34 - __main__ - INFO - 117 - trainer - Epoch: 219
2026/08/27 00:21:34 - __main__ - INFO - 162 - trainer - [0/257] Loss: 1.2152
2026/08/27 00:21:41 - __main__ - INFO - 162 - trainer - [52/257] Loss: 1.2404
2026/08/27 00:21:48 - __main__ - INFO - 162 - trainer - [104/257] Loss: 1.1579
2026/08/27 00:21:55 - __main__ - INFO - 162 - trainer - [156/257] Loss: 1.2040
2026/08/27 00:22:02 - __main__ - INFO - 162 - trainer - [208/257] Loss: 1.1766
2026/08/27 00:22:08 - __main__ - INFO - 167 - trainer - Average loss in epoch 219: 1.2039
2026/08/27 00:22:08 - __main__ - INFO - 117 - trainer - Epoch: 220
2026/08/27 00:22:08 - __main__ - INFO - 162 - trainer - [0/257] Loss: 1.1976
2026/08/27 00:22:16 - __main__ - INFO - 162 - trainer - [52/257] Loss: 1.2138
2026/08/27 00:22:23 - __main__ - INFO - 162 - trainer - [104/257] Loss: 1.1738
2026/08/27 00:22:31 - __main__ - INFO - 162 - trainer - [156/257] Loss: 1.1809
2026/08/27 00:22:38 - __main__ - INFO - 162 - trainer - [208/257] Loss: 1.2502
2026/08/27 00:22:45 - __main__ - INFO - 167 - trainer - Average loss in epoch 220: 1.2045
2026/08/27 00:22:45 - __main__ - INFO - 173 - trainer - start predicting: 2026-08-27 00:22:45.611732
2026/08/27 00:23:51 - __main__ - INFO - 203 - trainer - {'Best_HR@5': np.float64(7.7535), 'Best_HR@10': np.float64(10.8509), 'Best_HR@20': np.float64(14.8606), 'Best_NDCG@5': np.float64(5.3782), 'Best_NDCG@10': np.float64(6.3739), 'Best_NDCG@20': np.float64(7.3801)}
2026/08/27 00:23:51 - __main__ - INFO - 204 - trainer - {'Best_epoch_HR@5': 220, 'Best_epoch_HR@10': 140, 'Best_epoch_HR@20': 100, 'Best_epoch_NDCG@5': 220, 'Best_epoch_NDCG@10': 140, 'Best_epoch_NDCG@20': 100}
2026/08/27 00:23:51 - __main__ - INFO - 117 - trainer - Epoch: 221
2026/08/27 00:23:51 - __main__ - INFO - 162 - trainer - [0/257] Loss: 1.2293
2026/08/27 00:23:59 - __main__ - INFO - 162 - trainer - [52/257] Loss: 1.2149
2026/08/27 00:24:06 - __main__ - INFO - 162 - trainer - [104/257] Loss: 1.1831
2026/08/27 00:24:14 - __main__ - INFO - 162 - trainer - [156/257] Loss: 1.1850
2026/08/27 00:24:21 - __main__ - INFO - 162 - trainer - [208/257] Loss: 1.1628
2026/08/27 00:24:28 - __main__ - INFO - 167 - trainer - Average loss in epoch 221: 1.2045
2026/08/27 00:24:28 - __main__ - INFO - 117 - trainer - Epoch: 222
2026/08/27 00:24:28 - __main__ - INFO - 162 - trainer - [0/257] Loss: 1.2248
2026/08/27 00:24:36 - __main__ - INFO - 162 - trainer - [52/257] Loss: 1.1810
2026/08/27 00:24:44 - __main__ - INFO - 162 - trainer - [104/257] Loss: 1.1936
2026/08/27 00:24:51 - __main__ - INFO - 162 - trainer - [156/257] Loss: 1.2063
2026/08/27 00:24:59 - __main__ - INFO - 162 - trainer - [208/257] Loss: 1.2179
2026/08/27 00:25:06 - __main__ - INFO - 167 - trainer - Average loss in epoch 222: 1.2044
2026/08/27 00:25:06 - __main__ - INFO - 117 - trainer - Epoch: 223
2026/08/27 00:25:06 - __main__ - INFO - 162 - trainer - [0/257] Loss: 1.2071
2026/08/27 00:25:13 - __main__ - INFO - 162 - trainer - [52/257] Loss: 1.1928
2026/08/27 00:25:21 - __main__ - INFO - 162 - trainer - [104/257] Loss: 1.1789
2026/08/27 00:25:28 - __main__ - INFO - 162 - trainer - [156/257] Loss: 1.2079
2026/08/27 00:25:36 - __main__ - INFO - 162 - trainer - [208/257] Loss: 1.1773
2026/08/27 00:25:43 - __main__ - INFO - 167 - trainer - Average loss in epoch 223: 1.2046
2026/08/27 00:25:43 - __main__ - INFO - 117 - trainer - Epoch: 224
2026/08/27 00:25:43 - __main__ - INFO - 162 - trainer - [0/257] Loss: 1.2163
2026/08/27 00:25:50 - __main__ - INFO - 162 - trainer - [52/257] Loss: 1.1957
2026/08/27 00:25:58 - __main__ - INFO - 162 - trainer - [104/257] Loss: 1.1807
2026/08/27 00:26:06 - __main__ - INFO - 162 - trainer - [156/257] Loss: 1.2051
2026/08/27 00:26:13 - __main__ - INFO - 162 - trainer - [208/257] Loss: 1.2073
2026/08/27 00:26:20 - __main__ - INFO - 167 - trainer - Average loss in epoch 224: 1.2032
2026/08/27 00:26:20 - __main__ - INFO - 117 - trainer - Epoch: 225
2026/08/27 00:26:21 - __main__ - INFO - 162 - trainer - [0/257] Loss: 1.2473
2026/08/27 00:26:28 - __main__ - INFO - 162 - trainer - [52/257] Loss: 1.2189
2026/08/27 00:26:35 - __main__ - INFO - 162 - trainer - [104/257] Loss: 1.2476
2026/08/27 00:26:43 - __main__ - INFO - 162 - trainer - [156/257] Loss: 1.2130
2026/08/27 00:26:50 - __main__ - INFO - 162 - trainer - [208/257] Loss: 1.1957
2026/08/27 00:26:57 - __main__ - INFO - 167 - trainer - Average loss in epoch 225: 1.2042
2026/08/27 00:26:57 - __main__ - INFO - 117 - trainer - Epoch: 226
2026/08/27 00:26:57 - __main__ - INFO - 162 - trainer - [0/257] Loss: 1.2146
2026/08/27 00:27:04 - __main__ - INFO - 162 - trainer - [52/257] Loss: 1.1479
2026/08/27 00:27:11 - __main__ - INFO - 162 - trainer - [104/257] Loss: 1.1818
2026/08/27 00:27:18 - __main__ - INFO - 162 - trainer - [156/257] Loss: 1.2245
2026/08/27 00:27:25 - __main__ - INFO - 162 - trainer - [208/257] Loss: 1.1877
2026/08/27 00:27:31 - __main__ - INFO - 167 - trainer - Average loss in epoch 226: 1.2037
2026/08/27 00:27:31 - __main__ - INFO - 117 - trainer - Epoch: 227
2026/08/27 00:27:31 - __main__ - INFO - 162 - trainer - [0/257] Loss: 1.1952
2026/08/27 00:27:39 - __main__ - INFO - 162 - trainer - [52/257] Loss: 1.2138
2026/08/27 00:27:46 - __main__ - INFO - 162 - trainer - [104/257] Loss: 1.2318
2026/08/27 00:27:53 - __main__ - INFO - 162 - trainer - [156/257] Loss: 1.2204
2026/08/27 00:28:00 - __main__ - INFO - 162 - trainer - [208/257] Loss: 1.2021
2026/08/27 00:28:07 - __main__ - INFO - 167 - trainer - Average loss in epoch 227: 1.2038
2026/08/27 00:28:07 - __main__ - INFO - 117 - trainer - Epoch: 228
2026/08/27 00:28:07 - __main__ - INFO - 162 - trainer - [0/257] Loss: 1.2158
2026/08/27 00:28:14 - __main__ - INFO - 162 - trainer - [52/257] Loss: 1.2159
2026/08/27 00:28:21 - __main__ - INFO - 162 - trainer - [104/257] Loss: 1.1727
2026/08/27 00:28:28 - __main__ - INFO - 162 - trainer - [156/257] Loss: 1.1902
2026/08/27 00:28:35 - __main__ - INFO - 162 - trainer - [208/257] Loss: 1.2060
2026/08/27 00:28:42 - __main__ - INFO - 167 - trainer - Average loss in epoch 228: 1.2035
2026/08/27 00:28:42 - __main__ - INFO - 117 - trainer - Epoch: 229
2026/08/27 00:28:42 - __main__ - INFO - 162 - trainer - [0/257] Loss: 1.2086
2026/08/27 00:28:49 - __main__ - INFO - 162 - trainer - [52/257] Loss: 1.1855
2026/08/27 00:28:56 - __main__ - INFO - 162 - trainer - [104/257] Loss: 1.2132
2026/08/27 00:29:04 - __main__ - INFO - 162 - trainer - [156/257] Loss: 1.2120
2026/08/27 00:29:11 - __main__ - INFO - 162 - trainer - [208/257] Loss: 1.2054
2026/08/27 00:29:18 - __main__ - INFO - 167 - trainer - Average loss in epoch 229: 1.2041
2026/08/27 00:29:18 - __main__ - INFO - 117 - trainer - Epoch: 230
2026/08/27 00:29:18 - __main__ - INFO - 162 - trainer - [0/257] Loss: 1.1995
2026/08/27 00:29:25 - __main__ - INFO - 162 - trainer - [52/257] Loss: 1.2309
2026/08/27 00:29:32 - __main__ - INFO - 162 - trainer - [104/257] Loss: 1.1856
2026/08/27 00:29:39 - __main__ - INFO - 162 - trainer - [156/257] Loss: 1.2313
2026/08/27 00:29:46 - __main__ - INFO - 162 - trainer - [208/257] Loss: 1.2088
2026/08/27 00:29:52 - __main__ - INFO - 167 - trainer - Average loss in epoch 230: 1.2037
2026/08/27 00:29:52 - __main__ - INFO - 117 - trainer - Epoch: 231
2026/08/27 00:29:53 - __main__ - INFO - 162 - trainer - [0/257] Loss: 1.2319
2026/08/27 00:30:00 - __main__ - INFO - 162 - trainer - [52/257] Loss: 1.1768
2026/08/27 00:30:07 - __main__ - INFO - 162 - trainer - [104/257] Loss: 1.2239
2026/08/27 00:30:15 - __main__ - INFO - 162 - trainer - [156/257] Loss: 1.2170
2026/08/27 00:30:22 - __main__ - INFO - 162 - trainer - [208/257] Loss: 1.1624
2026/08/27 00:30:29 - __main__ - INFO - 167 - trainer - Average loss in epoch 231: 1.2042
2026/08/27 00:30:29 - __main__ - INFO - 117 - trainer - Epoch: 232
2026/08/27 00:30:29 - __main__ - INFO - 162 - trainer - [0/257] Loss: 1.2263
2026/08/27 00:30:36 - __main__ - INFO - 162 - trainer - [52/257] Loss: 1.2324
2026/08/27 00:30:43 - __main__ - INFO - 162 - trainer - [104/257] Loss: 1.2293
2026/08/27 00:30:51 - __main__ - INFO - 162 - trainer - [156/257] Loss: 1.2261
2026/08/27 00:30:58 - __main__ - INFO - 162 - trainer - [208/257] Loss: 1.2318
2026/08/27 00:31:05 - __main__ - INFO - 167 - trainer - Average loss in epoch 232: 1.2040
2026/08/27 00:31:05 - __main__ - INFO - 117 - trainer - Epoch: 233
2026/08/27 00:31:05 - __main__ - INFO - 162 - trainer - [0/257] Loss: 1.2084
2026/08/27 00:31:12 - __main__ - INFO - 162 - trainer - [52/257] Loss: 1.1931
2026/08/27 00:31:20 - __main__ - INFO - 162 - trainer - [104/257] Loss: 1.2090
2026/08/27 00:31:27 - __main__ - INFO - 162 - trainer - [156/257] Loss: 1.2327
2026/08/27 00:31:34 - __main__ - INFO - 162 - trainer - [208/257] Loss: 1.2053
2026/08/27 00:31:41 - __main__ - INFO - 167 - trainer - Average loss in epoch 233: 1.2041
2026/08/27 00:31:41 - __main__ - INFO - 117 - trainer - Epoch: 234
2026/08/27 00:31:41 - __main__ - INFO - 162 - trainer - [0/257] Loss: 1.1779
2026/08/27 00:31:48 - __main__ - INFO - 162 - trainer - [52/257] Loss: 1.1921
2026/08/27 00:31:56 - __main__ - INFO - 162 - trainer - [104/257] Loss: 1.1910
2026/08/27 00:32:03 - __main__ - INFO - 162 - trainer - [156/257] Loss: 1.2230
2026/08/27 00:32:10 - __main__ - INFO - 162 - trainer - [208/257] Loss: 1.2174
2026/08/27 00:32:17 - __main__ - INFO - 167 - trainer - Average loss in epoch 234: 1.2036
2026/08/27 00:32:17 - __main__ - INFO - 117 - trainer - Epoch: 235
2026/08/27 00:32:17 - __main__ - INFO - 162 - trainer - [0/257] Loss: 1.1881
2026/08/27 00:32:25 - __main__ - INFO - 162 - trainer - [52/257] Loss: 1.2195
2026/08/27 00:32:32 - __main__ - INFO - 162 - trainer - [104/257] Loss: 1.2072
2026/08/27 00:32:39 - __main__ - INFO - 162 - trainer - [156/257] Loss: 1.1776
2026/08/27 00:32:47 - __main__ - INFO - 162 - trainer - [208/257] Loss: 1.2016
2026/08/27 00:32:53 - __main__ - INFO - 167 - trainer - Average loss in epoch 235: 1.2025
2026/08/27 00:32:53 - __main__ - INFO - 117 - trainer - Epoch: 236
2026/08/27 00:32:53 - __main__ - INFO - 162 - trainer - [0/257] Loss: 1.2431
2026/08/27 00:33:00 - __main__ - INFO - 162 - trainer - [52/257] Loss: 1.1295
2026/08/27 00:33:07 - __main__ - INFO - 162 - trainer - [104/257] Loss: 1.2007
2026/08/27 00:33:14 - __main__ - INFO - 162 - trainer - [156/257] Loss: 1.1721
2026/08/27 00:33:21 - __main__ - INFO - 162 - trainer - [208/257] Loss: 1.2061
2026/08/27 00:33:27 - __main__ - INFO - 167 - trainer - Average loss in epoch 236: 1.2045
2026/08/27 00:33:27 - __main__ - INFO - 117 - trainer - Epoch: 237
2026/08/27 00:33:27 - __main__ - INFO - 162 - trainer - [0/257] Loss: 1.1753
2026/08/27 00:33:35 - __main__ - INFO - 162 - trainer - [52/257] Loss: 1.1787
2026/08/27 00:33:42 - __main__ - INFO - 162 - trainer - [104/257] Loss: 1.1933
2026/08/27 00:33:49 - __main__ - INFO - 162 - trainer - [156/257] Loss: 1.2072
2026/08/27 00:33:57 - __main__ - INFO - 162 - trainer - [208/257] Loss: 1.1686
2026/08/27 00:34:03 - __main__ - INFO - 167 - trainer - Average loss in epoch 237: 1.2034
2026/08/27 00:34:03 - __main__ - INFO - 117 - trainer - Epoch: 238
2026/08/27 00:34:03 - __main__ - INFO - 162 - trainer - [0/257] Loss: 1.1832
2026/08/27 00:34:11 - __main__ - INFO - 162 - trainer - [52/257] Loss: 1.2328
2026/08/27 00:34:18 - __main__ - INFO - 162 - trainer - [104/257] Loss: 1.1750
2026/08/27 00:34:25 - __main__ - INFO - 162 - trainer - [156/257] Loss: 1.2115
2026/08/27 00:34:32 - __main__ - INFO - 162 - trainer - [208/257] Loss: 1.2251
2026/08/27 00:34:39 - __main__ - INFO - 167 - trainer - Average loss in epoch 238: 1.2037
2026/08/27 00:34:39 - __main__ - INFO - 117 - trainer - Epoch: 239
2026/08/27 00:34:39 - __main__ - INFO - 162 - trainer - [0/257] Loss: 1.2095
2026/08/27 00:34:47 - __main__ - INFO - 162 - trainer - [52/257] Loss: 1.1961
2026/08/27 00:34:54 - __main__ - INFO - 162 - trainer - [104/257] Loss: 1.1529
2026/08/27 00:35:02 - __main__ - INFO - 162 - trainer - [156/257] Loss: 1.2406
2026/08/27 00:35:09 - __main__ - INFO - 162 - trainer - [208/257] Loss: 1.2172
2026/08/27 00:35:16 - __main__ - INFO - 167 - trainer - Average loss in epoch 239: 1.2031
2026/08/27 00:35:16 - __main__ - INFO - 117 - trainer - Epoch: 240
2026/08/27 00:35:16 - __main__ - INFO - 162 - trainer - [0/257] Loss: 1.2146
2026/08/27 00:35:23 - __main__ - INFO - 162 - trainer - [52/257] Loss: 1.2230
2026/08/27 00:35:30 - __main__ - INFO - 162 - trainer - [104/257] Loss: 1.1869
2026/08/27 00:35:38 - __main__ - INFO - 162 - trainer - [156/257] Loss: 1.1728
2026/08/27 00:35:45 - __main__ - INFO - 162 - trainer - [208/257] Loss: 1.2021
2026/08/27 00:35:52 - __main__ - INFO - 167 - trainer - Average loss in epoch 240: 1.2038
2026/08/27 00:35:52 - __main__ - INFO - 173 - trainer - start predicting: 2026-08-27 00:35:52.261200
2026/08/27 00:36:49 - __main__ - INFO - 203 - trainer - {'Best_HR@5': np.float64(7.7538), 'Best_HR@10': np.float64(10.8509), 'Best_HR@20': np.float64(14.8606), 'Best_NDCG@5': np.float64(5.3782), 'Best_NDCG@10': np.float64(6.3739), 'Best_NDCG@20': np.float64(7.3801)}
2026/08/27 00:36:49 - __main__ - INFO - 204 - trainer - {'Best_epoch_HR@5': 240, 'Best_epoch_HR@10': 140, 'Best_epoch_HR@20': 100, 'Best_epoch_NDCG@5': 220, 'Best_epoch_NDCG@10': 140, 'Best_epoch_NDCG@20': 100}
2026/08/27 00:36:49 - __main__ - INFO - 117 - trainer - Epoch: 241
2026/08/27 00:36:49 - __main__ - INFO - 162 - trainer - [0/257] Loss: 1.2112
2026/08/27 00:36:56 - __main__ - INFO - 162 - trainer - [52/257] Loss: 1.2261
2026/08/27 00:37:04 - __main__ - INFO - 162 - trainer - [104/257] Loss: 1.2140
2026/08/27 00:37:11 - __main__ - INFO - 162 - trainer - [156/257] Loss: 1.1930
2026/08/27 00:37:18 - __main__ - INFO - 162 - trainer - [208/257] Loss: 1.2130
2026/08/27 00:37:24 - __main__ - INFO - 167 - trainer - Average loss in epoch 241: 1.2044
2026/08/27 00:37:24 - __main__ - INFO - 117 - trainer - Epoch: 242
2026/08/27 00:37:24 - __main__ - INFO - 162 - trainer - [0/257] Loss: 1.2004
2026/08/27 00:37:31 - __main__ - INFO - 162 - trainer - [52/257] Loss: 1.2129
2026/08/27 00:37:38 - __main__ - INFO - 162 - trainer - [104/257] Loss: 1.2083
2026/08/27 00:37:45 - __main__ - INFO - 162 - trainer - [156/257] Loss: 1.1953
2026/08/27 00:37:52 - __main__ - INFO - 162 - trainer - [208/257] Loss: 1.2057
2026/08/27 00:37:59 - __main__ - INFO - 167 - trainer - Average loss in epoch 242: 1.2025
2026/08/27 00:37:59 - __main__ - INFO - 117 - trainer - Epoch: 243
2026/08/27 00:37:59 - __main__ - INFO - 162 - trainer - [0/257] Loss: 1.2035
2026/08/27 00:38:06 - __main__ - INFO - 162 - trainer - [52/257] Loss: 1.1937
2026/08/27 00:38:13 - __main__ - INFO - 162 - trainer - [104/257] Loss: 1.1836
2026/08/27 00:38:20 - __main__ - INFO - 162 - trainer - [156/257] Loss: 1.1814
2026/08/27 00:38:27 - __main__ - INFO - 162 - trainer - [208/257] Loss: 1.1947
2026/08/27 00:38:33 - __main__ - INFO - 167 - trainer - Average loss in epoch 243: 1.2015
2026/08/27 00:38:33 - __main__ - INFO - 117 - trainer - Epoch: 244
2026/08/27 00:38:33 - __main__ - INFO - 162 - trainer - [0/257] Loss: 1.2077
2026/08/27 00:38:40 - __main__ - INFO - 162 - trainer - [52/257] Loss: 1.2150
2026/08/27 00:38:47 - __main__ - INFO - 162 - trainer - [104/257] Loss: 1.1965
2026/08/27 00:38:54 - __main__ - INFO - 162 - trainer - [156/257] Loss: 1.2171
2026/08/27 00:39:01 - __main__ - INFO - 162 - trainer - [208/257] Loss: 1.1664
2026/08/27 00:39:08 - __main__ - INFO - 167 - trainer - Average loss in epoch 244: 1.2033
2026/08/27 00:39:08 - __main__ - INFO - 117 - trainer - Epoch: 245
2026/08/27 00:39:08 - __main__ - INFO - 162 - trainer - [0/257] Loss: 1.2116
2026/08/27 00:39:15 - __main__ - INFO - 162 - trainer - [52/257] Loss: 1.2106
2026/08/27 00:39:22 - __main__ - INFO - 162 - trainer - [104/257] Loss: 1.1722
2026/08/27 00:39:29 - __main__ - INFO - 162 - trainer - [156/257] Loss: 1.1585
2026/08/27 00:39:36 - __main__ - INFO - 162 - trainer - [208/257] Loss: 1.2019
2026/08/27 00:39:42 - __main__ - INFO - 167 - trainer - Average loss in epoch 245: 1.2036
2026/08/27 00:39:42 - __main__ - INFO - 117 - trainer - Epoch: 246
2026/08/27 00:39:42 - __main__ - INFO - 162 - trainer - [0/257] Loss: 1.1854
2026/08/27 00:39:49 - __main__ - INFO - 162 - trainer - [52/257] Loss: 1.2032
2026/08/27 00:39:56 - __main__ - INFO - 162 - trainer - [104/257] Loss: 1.1936
2026/08/27 00:40:03 - __main__ - INFO - 162 - trainer - [156/257] Loss: 1.1968
2026/08/27 00:40:10 - __main__ - INFO - 162 - trainer - [208/257] Loss: 1.2154
2026/08/27 00:40:17 - __main__ - INFO - 167 - trainer - Average loss in epoch 246: 1.2020
2026/08/27 00:40:17 - __main__ - INFO - 117 - trainer - Epoch: 247
2026/08/27 00:40:17 - __main__ - INFO - 162 - trainer - [0/257] Loss: 1.1990
2026/08/27 00:40:24 - __main__ - INFO - 162 - trainer - [52/257] Loss: 1.2014
2026/08/27 00:40:31 - __main__ - INFO - 162 - trainer - [104/257] Loss: 1.2138
2026/08/27 00:40:38 - __main__ - INFO - 162 - trainer - [156/257] Loss: 1.2083
2026/08/27 00:40:45 - __main__ - INFO - 162 - trainer - [208/257] Loss: 1.2054
2026/08/27 00:40:51 - __main__ - INFO - 167 - trainer - Average loss in epoch 247: 1.2033
2026/08/27 00:40:51 - __main__ - INFO - 117 - trainer - Epoch: 248
2026/08/27 00:40:51 - __main__ - INFO - 162 - trainer - [0/257] Loss: 1.2054
2026/08/27 00:40:58 - __main__ - INFO - 162 - trainer - [52/257] Loss: 1.2103
2026/08/27 00:41:05 - __main__ - INFO - 162 - trainer - [104/257] Loss: 1.1881
2026/08/27 00:41:12 - __main__ - INFO - 162 - trainer - [156/257] Loss: 1.2271
2026/08/27 00:41:19 - __main__ - INFO - 162 - trainer - [208/257] Loss: 1.2181
2026/08/27 00:41:26 - __main__ - INFO - 167 - trainer - Average loss in epoch 248: 1.2034
2026/08/27 00:41:26 - __main__ - INFO - 117 - trainer - Epoch: 249
2026/08/27 00:41:26 - __main__ - INFO - 162 - trainer - [0/257] Loss: 1.1966
2026/08/27 00:41:33 - __main__ - INFO - 162 - trainer - [52/257] Loss: 1.2303
2026/08/27 00:41:40 - __main__ - INFO - 162 - trainer - [104/257] Loss: 1.2153
2026/08/27 00:41:47 - __main__ - INFO - 162 - trainer - [156/257] Loss: 1.2053
2026/08/27 00:41:54 - __main__ - INFO - 162 - trainer - [208/257] Loss: 1.2082
2026/08/27 00:42:00 - __main__ - INFO - 167 - trainer - Average loss in epoch 249: 1.2030
2026/08/27 00:42:00 - __main__ - INFO - 117 - trainer - Epoch: 250
2026/08/27 00:42:01 - __main__ - INFO - 162 - trainer - [0/257] Loss: 1.2013
2026/08/27 00:42:08 - __main__ - INFO - 162 - trainer - [52/257] Loss: 1.2442
2026/08/27 00:42:14 - __main__ - INFO - 162 - trainer - [104/257] Loss: 1.1998
2026/08/27 00:42:21 - __main__ - INFO - 162 - trainer - [156/257] Loss: 1.2009
2026/08/27 00:42:28 - __main__ - INFO - 162 - trainer - [208/257] Loss: 1.2205
2026/08/27 00:42:35 - __main__ - INFO - 167 - trainer - Average loss in epoch 250: 1.2023
2026/08/27 00:42:35 - __main__ - INFO - 117 - trainer - Epoch: 251
2026/08/27 00:42:35 - __main__ - INFO - 162 - trainer - [0/257] Loss: 1.2133
2026/08/27 00:42:42 - __main__ - INFO - 162 - trainer - [52/257] Loss: 1.1928
2026/08/27 00:42:49 - __main__ - INFO - 162 - trainer - [104/257] Loss: 1.1755
2026/08/27 00:42:56 - __main__ - INFO - 162 - trainer - [156/257] Loss: 1.1855
2026/08/27 00:43:03 - __main__ - INFO - 162 - trainer - [208/257] Loss: 1.1781
2026/08/27 00:43:09 - __main__ - INFO - 167 - trainer - Average loss in epoch 251: 1.2031
2026/08/27 00:43:09 - __main__ - INFO - 117 - trainer - Epoch: 252
2026/08/27 00:43:09 - __main__ - INFO - 162 - trainer - [0/257] Loss: 1.2071
2026/08/27 00:43:16 - __main__ - INFO - 162 - trainer - [52/257] Loss: 1.2056
2026/08/27 00:43:23 - __main__ - INFO - 162 - trainer - [104/257] Loss: 1.2216
2026/08/27 00:43:30 - __main__ - INFO - 162 - trainer - [156/257] Loss: 1.2161
2026/08/27 00:43:37 - __main__ - INFO - 162 - trainer - [208/257] Loss: 1.1803
2026/08/27 00:43:44 - __main__ - INFO - 167 - trainer - Average loss in epoch 252: 1.2035
2026/08/27 00:43:44 - __main__ - INFO - 117 - trainer - Epoch: 253
2026/08/27 00:43:44 - __main__ - INFO - 162 - trainer - [0/257] Loss: 1.2352
2026/08/27 00:43:51 - __main__ - INFO - 162 - trainer - [52/257] Loss: 1.2220
2026/08/27 00:43:58 - __main__ - INFO - 162 - trainer - [104/257] Loss: 1.1750
2026/08/27 00:44:05 - __main__ - INFO - 162 - trainer - [156/257] Loss: 1.1814
2026/08/27 00:44:12 - __main__ - INFO - 162 - trainer - [208/257] Loss: 1.2077
2026/08/27 00:44:18 - __main__ - INFO - 167 - trainer - Average loss in epoch 253: 1.2034
2026/08/27 00:44:18 - __main__ - INFO - 117 - trainer - Epoch: 254
2026/08/27 00:44:18 - __main__ - INFO - 162 - trainer - [0/257] Loss: 1.2003
2026/08/27 00:44:25 - __main__ - INFO - 162 - trainer - [52/257] Loss: 1.2413
2026/08/27 00:44:32 - __main__ - INFO - 162 - trainer - [104/257] Loss: 1.2054
2026/08/27 00:44:39 - __main__ - INFO - 162 - trainer - [156/257] Loss: 1.1812
2026/08/27 00:44:46 - __main__ - INFO - 162 - trainer - [208/257] Loss: 1.2211
2026/08/27 00:44:53 - __main__ - INFO - 167 - trainer - Average loss in epoch 254: 1.2027
2026/08/27 00:44:53 - __main__ - INFO - 117 - trainer - Epoch: 255
2026/08/27 00:44:53 - __main__ - INFO - 162 - trainer - [0/257] Loss: 1.2182
2026/08/27 00:45:00 - __main__ - INFO - 162 - trainer - [52/257] Loss: 1.2019
2026/08/27 00:45:07 - __main__ - INFO - 162 - trainer - [104/257] Loss: 1.2190
2026/08/27 00:45:14 - __main__ - INFO - 162 - trainer - [156/257] Loss: 1.2074
2026/08/27 00:45:21 - __main__ - INFO - 162 - trainer - [208/257] Loss: 1.1875
2026/08/27 00:45:27 - __main__ - INFO - 167 - trainer - Average loss in epoch 255: 1.2032
2026/08/27 00:45:27 - __main__ - INFO - 117 - trainer - Epoch: 256
2026/08/27 00:45:27 - __main__ - INFO - 162 - trainer - [0/257] Loss: 1.2011
2026/08/27 00:45:34 - __main__ - INFO - 162 - trainer - [52/257] Loss: 1.1866
2026/08/27 00:45:41 - __main__ - INFO - 162 - trainer - [104/257] Loss: 1.1945
2026/08/27 00:45:48 - __main__ - INFO - 162 - trainer - [156/257] Loss: 1.1796
2026/08/27 00:45:55 - __main__ - INFO - 162 - trainer - [208/257] Loss: 1.1969
2026/08/27 00:46:02 - __main__ - INFO - 167 - trainer - Average loss in epoch 256: 1.2034
2026/08/27 00:46:02 - __main__ - INFO - 117 - trainer - Epoch: 257
2026/08/27 00:46:02 - __main__ - INFO - 162 - trainer - [0/257] Loss: 1.2101
2026/08/27 00:46:09 - __main__ - INFO - 162 - trainer - [52/257] Loss: 1.2034
2026/08/27 00:46:16 - __main__ - INFO - 162 - trainer - [104/257] Loss: 1.1804
2026/08/27 00:46:23 - __main__ - INFO - 162 - trainer - [156/257] Loss: 1.2342
2026/08/27 00:46:30 - __main__ - INFO - 162 - trainer - [208/257] Loss: 1.1908
2026/08/27 00:46:36 - __main__ - INFO - 167 - trainer - Average loss in epoch 257: 1.2026
2026/08/27 00:46:36 - __main__ - INFO - 117 - trainer - Epoch: 258
2026/08/27 00:46:36 - __main__ - INFO - 162 - trainer - [0/257] Loss: 1.2234
2026/08/27 00:46:43 - __main__ - INFO - 162 - trainer - [52/257] Loss: 1.2241
2026/08/27 00:46:50 - __main__ - INFO - 162 - trainer - [104/257] Loss: 1.2395
2026/08/27 00:46:57 - __main__ - INFO - 162 - trainer - [156/257] Loss: 1.2392
2026/08/27 00:47:04 - __main__ - INFO - 162 - trainer - [208/257] Loss: 1.2220
2026/08/27 00:47:11 - __main__ - INFO - 167 - trainer - Average loss in epoch 258: 1.2026
2026/08/27 00:47:11 - __main__ - INFO - 117 - trainer - Epoch: 259
2026/08/27 00:47:11 - __main__ - INFO - 162 - trainer - [0/257] Loss: 1.1912
2026/08/27 00:47:18 - __main__ - INFO - 162 - trainer - [52/257] Loss: 1.1879
2026/08/27 00:47:25 - __main__ - INFO - 162 - trainer - [104/257] Loss: 1.2103
2026/08/27 00:47:32 - __main__ - INFO - 162 - trainer - [156/257] Loss: 1.2221
2026/08/27 00:47:39 - __main__ - INFO - 162 - trainer - [208/257] Loss: 1.1945
2026/08/27 00:47:45 - __main__ - INFO - 167 - trainer - Average loss in epoch 259: 1.2021
2026/08/27 00:47:45 - __main__ - INFO - 117 - trainer - Epoch: 260
2026/08/27 00:47:45 - __main__ - INFO - 162 - trainer - [0/257] Loss: 1.2159
2026/08/27 00:47:52 - __main__ - INFO - 162 - trainer - [52/257] Loss: 1.1810
2026/08/27 00:47:59 - __main__ - INFO - 162 - trainer - [104/257] Loss: 1.1957
2026/08/27 00:48:06 - __main__ - INFO - 162 - trainer - [156/257] Loss: 1.2030
2026/08/27 00:48:13 - __main__ - INFO - 162 - trainer - [208/257] Loss: 1.2066
2026/08/27 00:48:20 - __main__ - INFO - 167 - trainer - Average loss in epoch 260: 1.2022
2026/08/27 00:48:20 - __main__ - INFO - 173 - trainer - start predicting: 2026-08-27 00:48:20.375234
2026/08/27 00:49:20 - __main__ - INFO - 117 - trainer - Epoch: 261
2026/08/27 00:49:20 - __main__ - INFO - 162 - trainer - [0/257] Loss: 1.2413
2026/08/27 00:49:27 - __main__ - INFO - 162 - trainer - [52/257] Loss: 1.1878
2026/08/27 00:49:34 - __main__ - INFO - 162 - trainer - [104/257] Loss: 1.1810
2026/08/27 00:49:41 - __main__ - INFO - 162 - trainer - [156/257] Loss: 1.2009
2026/08/27 00:49:48 - __main__ - INFO - 162 - trainer - [208/257] Loss: 1.1984
2026/08/27 00:49:55 - __main__ - INFO - 167 - trainer - Average loss in epoch 261: 1.2012
2026/08/27 00:49:55 - __main__ - INFO - 117 - trainer - Epoch: 262
2026/08/27 00:49:55 - __main__ - INFO - 162 - trainer - [0/257] Loss: 1.2197
2026/08/27 00:50:02 - __main__ - INFO - 162 - trainer - [52/257] Loss: 1.1998
2026/08/27 00:50:09 - __main__ - INFO - 162 - trainer - [104/257] Loss: 1.1973
2026/08/27 00:50:16 - __main__ - INFO - 162 - trainer - [156/257] Loss: 1.1822
2026/08/27 00:50:23 - __main__ - INFO - 162 - trainer - [208/257] Loss: 1.2180
2026/08/27 00:50:29 - __main__ - INFO - 167 - trainer - Average loss in epoch 262: 1.2023
2026/08/27 00:50:29 - __main__ - INFO - 117 - trainer - Epoch: 263
2026/08/27 00:50:29 - __main__ - INFO - 162 - trainer - [0/257] Loss: 1.2208
2026/08/27 00:50:36 - __main__ - INFO - 162 - trainer - [52/257] Loss: 1.1963
2026/08/27 00:50:43 - __main__ - INFO - 162 - trainer - [104/257] Loss: 1.2282
2026/08/27 00:50:50 - __main__ - INFO - 162 - trainer - [156/257] Loss: 1.1598
2026/08/27 00:50:57 - __main__ - INFO - 162 - trainer - [208/257] Loss: 1.2083
2026/08/27 00:51:04 - __main__ - INFO - 167 - trainer - Average loss in epoch 263: 1.2030
2026/08/27 00:51:04 - __main__ - INFO - 117 - trainer - Epoch: 264
2026/08/27 00:51:04 - __main__ - INFO - 162 - trainer - [0/257] Loss: 1.2007
2026/08/27 00:51:11 - __main__ - INFO - 162 - trainer - [52/257] Loss: 1.1936
2026/08/27 00:51:18 - __main__ - INFO - 162 - trainer - [104/257] Loss: 1.1962
2026/08/27 00:51:25 - __main__ - INFO - 162 - trainer - [156/257] Loss: 1.2128
2026/08/27 00:51:32 - __main__ - INFO - 162 - trainer - [208/257] Loss: 1.1994
2026/08/27 00:51:38 - __main__ - INFO - 167 - trainer - Average loss in epoch 264: 1.2018
2026/08/27 00:51:38 - __main__ - INFO - 117 - trainer - Epoch: 265
2026/08/27 00:51:38 - __main__ - INFO - 162 - trainer - [0/257] Loss: 1.1945
2026/08/27 00:51:45 - __main__ - INFO - 162 - trainer - [52/257] Loss: 1.2221
2026/08/27 00:51:52 - __main__ - INFO - 162 - trainer - [104/257] Loss: 1.1838
2026/08/27 00:51:59 - __main__ - INFO - 162 - trainer - [156/257] Loss: 1.2311
2026/08/27 00:52:06 - __main__ - INFO - 162 - trainer - [208/257] Loss: 1.2014
2026/08/27 00:52:13 - __main__ - INFO - 167 - trainer - Average loss in epoch 265: 1.2018
2026/08/27 00:52:13 - __main__ - INFO - 117 - trainer - Epoch: 266
2026/08/27 00:52:13 - __main__ - INFO - 162 - trainer - [0/257] Loss: 1.2189
2026/08/27 00:52:20 - __main__ - INFO - 162 - trainer - [52/257] Loss: 1.1742
2026/08/27 00:52:27 - __main__ - INFO - 162 - trainer - [104/257] Loss: 1.1537
2026/08/27 00:52:34 - __main__ - INFO - 162 - trainer - [156/257] Loss: 1.2175
2026/08/27 00:52:41 - __main__ - INFO - 162 - trainer - [208/257] Loss: 1.1987
2026/08/27 00:52:47 - __main__ - INFO - 167 - trainer - Average loss in epoch 266: 1.2024
2026/08/27 00:52:47 - __main__ - INFO - 117 - trainer - Epoch: 267
2026/08/27 00:52:48 - __main__ - INFO - 162 - trainer - [0/257] Loss: 1.1859
2026/08/27 00:52:55 - __main__ - INFO - 162 - trainer - [52/257] Loss: 1.2337
2026/08/27 00:53:02 - __main__ - INFO - 162 - trainer - [104/257] Loss: 1.2607
2026/08/27 00:53:09 - __main__ - INFO - 162 - trainer - [156/257] Loss: 1.1979
2026/08/27 00:53:16 - __main__ - INFO - 162 - trainer - [208/257] Loss: 1.1896
2026/08/27 00:53:22 - __main__ - INFO - 167 - trainer - Average loss in epoch 267: 1.2025
2026/08/27 00:53:22 - __main__ - INFO - 117 - trainer - Epoch: 268
2026/08/27 00:53:22 - __main__ - INFO - 162 - trainer - [0/257] Loss: 1.1776
2026/08/27 00:53:29 - __main__ - INFO - 162 - trainer - [52/257] Loss: 1.2027
2026/08/27 00:53:36 - __main__ - INFO - 162 - trainer - [104/257] Loss: 1.2188
2026/08/27 00:53:43 - __main__ - INFO - 162 - trainer - [156/257] Loss: 1.2098
2026/08/27 00:53:50 - __main__ - INFO - 162 - trainer - [208/257] Loss: 1.1914
2026/08/27 00:53:57 - __main__ - INFO - 167 - trainer - Average loss in epoch 268: 1.2019
2026/08/27 00:53:57 - __main__ - INFO - 117 - trainer - Epoch: 269
2026/08/27 00:53:57 - __main__ - INFO - 162 - trainer - [0/257] Loss: 1.1793
2026/08/27 00:54:04 - __main__ - INFO - 162 - trainer - [52/257] Loss: 1.2198
2026/08/27 00:54:11 - __main__ - INFO - 162 - trainer - [104/257] Loss: 1.1977
2026/08/27 00:54:18 - __main__ - INFO - 162 - trainer - [156/257] Loss: 1.2341
2026/08/27 00:54:25 - __main__ - INFO - 162 - trainer - [208/257] Loss: 1.1882
2026/08/27 00:54:31 - __main__ - INFO - 167 - trainer - Average loss in epoch 269: 1.2029
2026/08/27 00:54:31 - __main__ - INFO - 117 - trainer - Epoch: 270
2026/08/27 00:54:31 - __main__ - INFO - 162 - trainer - [0/257] Loss: 1.2070
2026/08/27 00:54:38 - __main__ - INFO - 162 - trainer - [52/257] Loss: 1.1701
2026/08/27 00:54:45 - __main__ - INFO - 162 - trainer - [104/257] Loss: 1.2081
2026/08/27 00:54:52 - __main__ - INFO - 162 - trainer - [156/257] Loss: 1.1955
2026/08/27 00:54:59 - __main__ - INFO - 162 - trainer - [208/257] Loss: 1.1899
2026/08/27 00:55:06 - __main__ - INFO - 167 - trainer - Average loss in epoch 270: 1.2030
2026/08/27 00:55:06 - __main__ - INFO - 117 - trainer - Epoch: 271
2026/08/27 00:55:06 - __main__ - INFO - 162 - trainer - [0/257] Loss: 1.2252
2026/08/27 00:55:13 - __main__ - INFO - 162 - trainer - [52/257] Loss: 1.2202
2026/08/27 00:55:20 - __main__ - INFO - 162 - trainer - [104/257] Loss: 1.1946
2026/08/27 00:55:27 - __main__ - INFO - 162 - trainer - [156/257] Loss: 1.2334
2026/08/27 00:55:34 - __main__ - INFO - 162 - trainer - [208/257] Loss: 1.1961
2026/08/27 00:55:40 - __main__ - INFO - 167 - trainer - Average loss in epoch 271: 1.2029
2026/08/27 00:55:40 - __main__ - INFO - 117 - trainer - Epoch: 272
2026/08/27 00:55:40 - __main__ - INFO - 162 - trainer - [0/257] Loss: 1.1854
2026/08/27 00:55:47 - __main__ - INFO - 162 - trainer - [52/257] Loss: 1.2221
2026/08/27 00:55:54 - __main__ - INFO - 162 - trainer - [104/257] Loss: 1.2038
2026/08/27 00:56:01 - __main__ - INFO - 162 - trainer - [156/257] Loss: 1.1961
2026/08/27 00:56:08 - __main__ - INFO - 162 - trainer - [208/257] Loss: 1.2157
2026/08/27 00:56:15 - __main__ - INFO - 167 - trainer - Average loss in epoch 272: 1.2023
2026/08/27 00:56:15 - __main__ - INFO - 117 - trainer - Epoch: 273
2026/08/27 00:56:15 - __main__ - INFO - 162 - trainer - [0/257] Loss: 1.2220
2026/08/27 00:56:22 - __main__ - INFO - 162 - trainer - [52/257] Loss: 1.2172
2026/08/27 00:56:29 - __main__ - INFO - 162 - trainer - [104/257] Loss: 1.2015
2026/08/27 00:56:36 - __main__ - INFO - 162 - trainer - [156/257] Loss: 1.2026
2026/08/27 00:56:43 - __main__ - INFO - 162 - trainer - [208/257] Loss: 1.1986
2026/08/27 00:56:50 - __main__ - INFO - 167 - trainer - Average loss in epoch 273: 1.2021
2026/08/27 00:56:50 - __main__ - INFO - 117 - trainer - Epoch: 274
2026/08/27 00:56:50 - __main__ - INFO - 162 - trainer - [0/257] Loss: 1.2074
2026/08/27 00:56:57 - __main__ - INFO - 162 - trainer - [52/257] Loss: 1.2034
2026/08/27 00:57:04 - __main__ - INFO - 162 - trainer - [104/257] Loss: 1.2119
2026/08/27 00:57:10 - __main__ - INFO - 162 - trainer - [156/257] Loss: 1.1977
2026/08/27 00:57:17 - __main__ - INFO - 162 - trainer - [208/257] Loss: 1.2048
2026/08/27 00:57:24 - __main__ - INFO - 167 - trainer - Average loss in epoch 274: 1.2023
2026/08/27 00:57:24 - __main__ - INFO - 117 - trainer - Epoch: 275
2026/08/27 00:57:24 - __main__ - INFO - 162 - trainer - [0/257] Loss: 1.2057
2026/08/27 00:57:31 - __main__ - INFO - 162 - trainer - [52/257] Loss: 1.2008
2026/08/27 00:57:38 - __main__ - INFO - 162 - trainer - [104/257] Loss: 1.2053
2026/08/27 00:57:45 - __main__ - INFO - 162 - trainer - [156/257] Loss: 1.1793
2026/08/27 00:57:52 - __main__ - INFO - 162 - trainer - [208/257] Loss: 1.2303
2026/08/27 00:57:58 - __main__ - INFO - 167 - trainer - Average loss in epoch 275: 1.2035
2026/08/27 00:57:58 - __main__ - INFO - 117 - trainer - Epoch: 276
2026/08/27 00:57:59 - __main__ - INFO - 162 - trainer - [0/257] Loss: 1.2170
2026/08/27 00:58:06 - __main__ - INFO - 162 - trainer - [52/257] Loss: 1.2134
2026/08/27 00:58:12 - __main__ - INFO - 162 - trainer - [104/257] Loss: 1.2097
2026/08/27 00:58:20 - __main__ - INFO - 162 - trainer - [156/257] Loss: 1.2339
2026/08/27 00:58:27 - __main__ - INFO - 162 - trainer - [208/257] Loss: 1.2432
2026/08/27 00:58:33 - __main__ - INFO - 167 - trainer - Average loss in epoch 276: 1.2019
2026/08/27 00:58:33 - __main__ - INFO - 117 - trainer - Epoch: 277
2026/08/27 00:58:33 - __main__ - INFO - 162 - trainer - [0/257] Loss: 1.2130
2026/08/27 00:58:40 - __main__ - INFO - 162 - trainer - [52/257] Loss: 1.2334
2026/08/27 00:58:47 - __main__ - INFO - 162 - trainer - [104/257] Loss: 1.1967
2026/08/27 00:58:54 - __main__ - INFO - 162 - trainer - [156/257] Loss: 1.1897
2026/08/27 00:59:01 - __main__ - INFO - 162 - trainer - [208/257] Loss: 1.2039
2026/08/27 00:59:08 - __main__ - INFO - 167 - trainer - Average loss in epoch 277: 1.2024
2026/08/27 00:59:08 - __main__ - INFO - 117 - trainer - Epoch: 278
2026/08/27 00:59:08 - __main__ - INFO - 162 - trainer - [0/257] Loss: 1.1996
2026/08/27 00:59:15 - __main__ - INFO - 162 - trainer - [52/257] Loss: 1.2084
2026/08/27 00:59:22 - __main__ - INFO - 162 - trainer - [104/257] Loss: 1.2130
2026/08/27 00:59:29 - __main__ - INFO - 162 - trainer - [156/257] Loss: 1.1964
2026/08/27 00:59:36 - __main__ - INFO - 162 - trainer - [208/257] Loss: 1.1939
2026/08/27 00:59:42 - __main__ - INFO - 167 - trainer - Average loss in epoch 278: 1.2021
2026/08/27 00:59:42 - __main__ - INFO - 117 - trainer - Epoch: 279
2026/08/27 00:59:43 - __main__ - INFO - 162 - trainer - [0/257] Loss: 1.2242
2026/08/27 00:59:50 - __main__ - INFO - 162 - trainer - [52/257] Loss: 1.2160
2026/08/27 00:59:56 - __main__ - INFO - 162 - trainer - [104/257] Loss: 1.2476
2026/08/27 01:00:04 - __main__ - INFO - 162 - trainer - [156/257] Loss: 1.2112
2026/08/27 01:00:11 - __main__ - INFO - 162 - trainer - [208/257] Loss: 1.2196
2026/08/27 01:00:17 - __main__ - INFO - 167 - trainer - Average loss in epoch 279: 1.2023
2026/08/27 01:00:17 - __main__ - INFO - 117 - trainer - Epoch: 280
2026/08/27 01:00:17 - __main__ - INFO - 162 - trainer - [0/257] Loss: 1.2339
2026/08/27 01:00:24 - __main__ - INFO - 162 - trainer - [52/257] Loss: 1.2171
2026/08/27 01:00:31 - __main__ - INFO - 162 - trainer - [104/257] Loss: 1.2118
2026/08/27 01:00:38 - __main__ - INFO - 162 - trainer - [156/257] Loss: 1.1694
2026/08/27 01:00:45 - __main__ - INFO - 162 - trainer - [208/257] Loss: 1.2126
2026/08/27 01:00:51 - __main__ - INFO - 167 - trainer - Average loss in epoch 280: 1.2008
2026/08/27 01:00:51 - __main__ - INFO - 173 - trainer - start predicting: 2026-08-27 01:00:51.812813
2026/08/27 01:02:01 - __main__ - INFO - 117 - trainer - Epoch: 281
2026/08/27 01:02:01 - __main__ - INFO - 162 - trainer - [0/257] Loss: 1.2211
2026/08/27 01:02:08 - __main__ - INFO - 162 - trainer - [52/257] Loss: 1.1638
2026/08/27 01:02:16 - __main__ - INFO - 162 - trainer - [104/257] Loss: 1.2222
2026/08/27 01:02:23 - __main__ - INFO - 162 - trainer - [156/257] Loss: 1.2057
2026/08/27 01:02:30 - __main__ - INFO - 162 - trainer - [208/257] Loss: 1.2030
2026/08/27 01:02:37 - __main__ - INFO - 167 - trainer - Average loss in epoch 281: 1.2021
2026/08/27 01:02:37 - __main__ - INFO - 117 - trainer - Epoch: 282
2026/08/27 01:02:37 - __main__ - INFO - 162 - trainer - [0/257] Loss: 1.1846
2026/08/27 01:02:44 - __main__ - INFO - 162 - trainer - [52/257] Loss: 1.2246
2026/08/27 01:02:52 - __main__ - INFO - 162 - trainer - [104/257] Loss: 1.1746
2026/08/27 01:02:59 - __main__ - INFO - 162 - trainer - [156/257] Loss: 1.1935
2026/08/27 01:03:07 - __main__ - INFO - 162 - trainer - [208/257] Loss: 1.1940
2026/08/27 01:03:13 - __main__ - INFO - 167 - trainer - Average loss in epoch 282: 1.2009
2026/08/27 01:03:13 - __main__ - INFO - 117 - trainer - Epoch: 283
2026/08/27 01:03:13 - __main__ - INFO - 162 - trainer - [0/257] Loss: 1.2415
2026/08/27 01:03:21 - __main__ - INFO - 162 - trainer - [52/257] Loss: 1.2419
2026/08/27 01:03:28 - __main__ - INFO - 162 - trainer - [104/257] Loss: 1.1870
2026/08/27 01:03:35 - __main__ - INFO - 162 - trainer - [156/257] Loss: 1.2095
2026/08/27 01:03:42 - __main__ - INFO - 162 - trainer - [208/257] Loss: 1.1800
2026/08/27 01:03:49 - __main__ - INFO - 167 - trainer - Average loss in epoch 283: 1.2018
2026/08/27 01:03:49 - __main__ - INFO - 117 - trainer - Epoch: 284
2026/08/27 01:03:49 - __main__ - INFO - 162 - trainer - [0/257] Loss: 1.1914
2026/08/27 01:03:56 - __main__ - INFO - 162 - trainer - [52/257] Loss: 1.2227
2026/08/27 01:04:04 - __main__ - INFO - 162 - trainer - [104/257] Loss: 1.1652
2026/08/27 01:04:11 - __main__ - INFO - 162 - trainer - [156/257] Loss: 1.1965
2026/08/27 01:04:18 - __main__ - INFO - 162 - trainer - [208/257] Loss: 1.1960
2026/08/27 01:04:25 - __main__ - INFO - 167 - trainer - Average loss in epoch 284: 1.2017
2026/08/27 01:04:25 - __main__ - INFO - 117 - trainer - Epoch: 285
2026/08/27 01:04:25 - __main__ - INFO - 162 - trainer - [0/257] Loss: 1.2131
2026/08/27 01:04:32 - __main__ - INFO - 162 - trainer - [52/257] Loss: 1.2279
2026/08/27 01:04:39 - __main__ - INFO - 162 - trainer - [104/257] Loss: 1.1865
2026/08/27 01:04:46 - __main__ - INFO - 162 - trainer - [156/257] Loss: 1.1688
2026/08/27 01:04:54 - __main__ - INFO - 162 - trainer - [208/257] Loss: 1.1727
2026/08/27 01:05:00 - __main__ - INFO - 167 - trainer - Average loss in epoch 285: 1.2019
2026/08/27 01:05:00 - __main__ - INFO - 117 - trainer - Epoch: 286
2026/08/27 01:05:00 - __main__ - INFO - 162 - trainer - [0/257] Loss: 1.1998
2026/08/27 01:05:07 - __main__ - INFO - 162 - trainer - [52/257] Loss: 1.2232
2026/08/27 01:05:14 - __main__ - INFO - 162 - trainer - [104/257] Loss: 1.2289
2026/08/27 01:05:21 - __main__ - INFO - 162 - trainer - [156/257] Loss: 1.1968
2026/08/27 01:05:28 - __main__ - INFO - 162 - trainer - [208/257] Loss: 1.2258
2026/08/27 01:05:35 - __main__ - INFO - 167 - trainer - Average loss in epoch 286: 1.2021
2026/08/27 01:05:35 - __main__ - INFO - 117 - trainer - Epoch: 287
2026/08/27 01:05:35 - __main__ - INFO - 162 - trainer - [0/257] Loss: 1.2350
2026/08/27 01:05:42 - __main__ - INFO - 162 - trainer - [52/257] Loss: 1.2195
2026/08/27 01:05:49 - __main__ - INFO - 162 - trainer - [104/257] Loss: 1.2052
2026/08/27 01:05:56 - __main__ - INFO - 162 - trainer - [156/257] Loss: 1.2435
2026/08/27 01:06:04 - __main__ - INFO - 162 - trainer - [208/257] Loss: 1.2269
2026/08/27 01:06:10 - __main__ - INFO - 167 - trainer - Average loss in epoch 287: 1.2022
2026/08/27 01:06:10 - __main__ - INFO - 117 - trainer - Epoch: 288
2026/08/27 01:06:11 - __main__ - INFO - 162 - trainer - [0/257] Loss: 1.1988
2026/08/27 01:06:18 - __main__ - INFO - 162 - trainer - [52/257] Loss: 1.1680
2026/08/27 01:06:25 - __main__ - INFO - 162 - trainer - [104/257] Loss: 1.2018
2026/08/27 01:06:32 - __main__ - INFO - 162 - trainer - [156/257] Loss: 1.1736
2026/08/27 01:06:39 - __main__ - INFO - 162 - trainer - [208/257] Loss: 1.1932
2026/08/27 01:06:46 - __main__ - INFO - 167 - trainer - Average loss in epoch 288: 1.2014
2026/08/27 01:06:46 - __main__ - INFO - 117 - trainer - Epoch: 289
2026/08/27 01:06:46 - __main__ - INFO - 162 - trainer - [0/257] Loss: 1.2013
2026/08/27 01:06:53 - __main__ - INFO - 162 - trainer - [52/257] Loss: 1.1663
2026/08/27 01:07:00 - __main__ - INFO - 162 - trainer - [104/257] Loss: 1.1729
2026/08/27 01:07:07 - __main__ - INFO - 162 - trainer - [156/257] Loss: 1.1735
2026/08/27 01:07:15 - __main__ - INFO - 162 - trainer - [208/257] Loss: 1.1906
2026/08/27 01:07:21 - __main__ - INFO - 167 - trainer - Average loss in epoch 289: 1.2016
2026/08/27 01:07:21 - __main__ - INFO - 117 - trainer - Epoch: 290
2026/08/27 01:07:21 - __main__ - INFO - 162 - trainer - [0/257] Loss: 1.1871
2026/08/27 01:07:29 - __main__ - INFO - 162 - trainer - [52/257] Loss: 1.2300
2026/08/27 01:07:36 - __main__ - INFO - 162 - trainer - [104/257] Loss: 1.2000
2026/08/27 01:07:43 - __main__ - INFO - 162 - trainer - [156/257] Loss: 1.1969
2026/08/27 01:07:50 - __main__ - INFO - 162 - trainer - [208/257] Loss: 1.2222
2026/08/27 01:07:57 - __main__ - INFO - 167 - trainer - Average loss in epoch 290: 1.2016
2026/08/27 01:07:57 - __main__ - INFO - 117 - trainer - Epoch: 291
2026/08/27 01:07:57 - __main__ - INFO - 162 - trainer - [0/257] Loss: 1.2419
2026/08/27 01:08:04 - __main__ - INFO - 162 - trainer - [52/257] Loss: 1.2184
2026/08/27 01:08:11 - __main__ - INFO - 162 - trainer - [104/257] Loss: 1.1979
2026/08/27 01:08:18 - __main__ - INFO - 162 - trainer - [156/257] Loss: 1.2263
2026/08/27 01:08:25 - __main__ - INFO - 162 - trainer - [208/257] Loss: 1.1977
2026/08/27 01:08:32 - __main__ - INFO - 167 - trainer - Average loss in epoch 291: 1.2012
2026/08/27 01:08:32 - __main__ - INFO - 117 - trainer - Epoch: 292
2026/08/27 01:08:32 - __main__ - INFO - 162 - trainer - [0/257] Loss: 1.2086
2026/08/27 01:08:39 - __main__ - INFO - 162 - trainer - [52/257] Loss: 1.2144
2026/08/27 01:08:46 - __main__ - INFO - 162 - trainer - [104/257] Loss: 1.2049
2026/08/27 01:08:53 - __main__ - INFO - 162 - trainer - [156/257] Loss: 1.1940
2026/08/27 01:09:00 - __main__ - INFO - 162 - trainer - [208/257] Loss: 1.1746
2026/08/27 01:09:07 - __main__ - INFO - 167 - trainer - Average loss in epoch 292: 1.2016
2026/08/27 01:09:07 - __main__ - INFO - 117 - trainer - Epoch: 293
2026/08/27 01:09:07 - __main__ - INFO - 162 - trainer - [0/257] Loss: 1.2373
2026/08/27 01:09:14 - __main__ - INFO - 162 - trainer - [52/257] Loss: 1.1733
2026/08/27 01:09:21 - __main__ - INFO - 162 - trainer - [104/257] Loss: 1.2159
2026/08/27 01:09:28 - __main__ - INFO - 162 - trainer - [156/257] Loss: 1.1877
2026/08/27 01:09:35 - __main__ - INFO - 162 - trainer - [208/257] Loss: 1.2043
2026/08/27 01:09:42 - __main__ - INFO - 167 - trainer - Average loss in epoch 293: 1.2008
2026/08/27 01:09:42 - __main__ - INFO - 117 - trainer - Epoch: 294
2026/08/27 01:09:42 - __main__ - INFO - 162 - trainer - [0/257] Loss: 1.2094
2026/08/27 01:09:50 - __main__ - INFO - 162 - trainer - [52/257] Loss: 1.2054
2026/08/27 01:09:57 - __main__ - INFO - 162 - trainer - [104/257] Loss: 1.2142
2026/08/27 01:10:04 - __main__ - INFO - 162 - trainer - [156/257] Loss: 1.1683
2026/08/27 01:10:11 - __main__ - INFO - 162 - trainer - [208/257] Loss: 1.2235
2026/08/27 01:10:18 - __main__ - INFO - 167 - trainer - Average loss in epoch 294: 1.2015
2026/08/27 01:10:18 - __main__ - INFO - 117 - trainer - Epoch: 295
2026/08/27 01:10:18 - __main__ - INFO - 162 - trainer - [0/257] Loss: 1.1685
2026/08/27 01:10:25 - __main__ - INFO - 162 - trainer - [52/257] Loss: 1.2188
2026/08/27 01:10:32 - __main__ - INFO - 162 - trainer - [104/257] Loss: 1.1786
2026/08/27 01:10:40 - __main__ - INFO - 162 - trainer - [156/257] Loss: 1.1902
2026/08/27 01:10:47 - __main__ - INFO - 162 - trainer - [208/257] Loss: 1.1978
2026/08/27 01:10:53 - __main__ - INFO - 167 - trainer - Average loss in epoch 295: 1.2015
2026/08/27 01:10:53 - __main__ - INFO - 117 - trainer - Epoch: 296
2026/08/27 01:10:54 - __main__ - INFO - 162 - trainer - [0/257] Loss: 1.2352
2026/08/27 01:11:01 - __main__ - INFO - 162 - trainer - [52/257] Loss: 1.2418
2026/08/27 01:11:08 - __main__ - INFO - 162 - trainer - [104/257] Loss: 1.2238
2026/08/27 01:11:15 - __main__ - INFO - 162 - trainer - [156/257] Loss: 1.1854
2026/08/27 01:11:22 - __main__ - INFO - 162 - trainer - [208/257] Loss: 1.1855
2026/08/27 01:11:29 - __main__ - INFO - 167 - trainer - Average loss in epoch 296: 1.2018
2026/08/27 01:11:29 - __main__ - INFO - 117 - trainer - Epoch: 297
2026/08/27 01:11:29 - __main__ - INFO - 162 - trainer - [0/257] Loss: 1.1726
2026/08/27 01:11:36 - __main__ - INFO - 162 - trainer - [52/257] Loss: 1.1665
2026/08/27 01:11:43 - __main__ - INFO - 162 - trainer - [104/257] Loss: 1.2033
2026/08/27 01:11:50 - __main__ - INFO - 162 - trainer - [156/257] Loss: 1.1922
2026/08/27 01:11:57 - __main__ - INFO - 162 - trainer - [208/257] Loss: 1.1933
2026/08/27 01:12:04 - __main__ - INFO - 167 - trainer - Average loss in epoch 297: 1.2015
2026/08/27 01:12:04 - __main__ - INFO - 117 - trainer - Epoch: 298
2026/08/27 01:12:04 - __main__ - INFO - 162 - trainer - [0/257] Loss: 1.1788
2026/08/27 01:12:12 - __main__ - INFO - 162 - trainer - [52/257] Loss: 1.2008
2026/08/27 01:12:19 - __main__ - INFO - 162 - trainer - [104/257] Loss: 1.1973
2026/08/27 01:12:26 - __main__ - INFO - 162 - trainer - [156/257] Loss: 1.1837
2026/08/27 01:12:33 - __main__ - INFO - 162 - trainer - [208/257] Loss: 1.1782
2026/08/27 01:12:40 - __main__ - INFO - 167 - trainer - Average loss in epoch 298: 1.2018
2026/08/27 01:12:40 - __main__ - INFO - 117 - trainer - Epoch: 299
2026/08/27 01:12:40 - __main__ - INFO - 162 - trainer - [0/257] Loss: 1.2033
2026/08/27 01:12:47 - __main__ - INFO - 162 - trainer - [52/257] Loss: 1.2622
2026/08/27 01:12:55 - __main__ - INFO - 162 - trainer - [104/257] Loss: 1.1914
2026/08/27 01:13:02 - __main__ - INFO - 162 - trainer - [156/257] Loss: 1.2268
2026/08/27 01:13:09 - __main__ - INFO - 162 - trainer - [208/257] Loss: 1.2018
2026/08/27 01:13:16 - __main__ - INFO - 167 - trainer - Average loss in epoch 299: 1.2019
2026/08/27 01:13:16 - __main__ - INFO - 117 - trainer - Epoch: 300
2026/08/27 01:13:16 - __main__ - INFO - 162 - trainer - [0/257] Loss: 1.2001
2026/08/27 01:13:23 - __main__ - INFO - 162 - trainer - [52/257] Loss: 1.1974
2026/08/27 01:13:30 - __main__ - INFO - 162 - trainer - [104/257] Loss: 1.1791
2026/08/27 01:13:37 - __main__ - INFO - 162 - trainer - [156/257] Loss: 1.2543
2026/08/27 01:13:45 - __main__ - INFO - 162 - trainer - [208/257] Loss: 1.1962
2026/08/27 01:13:51 - __main__ - INFO - 167 - trainer - Average loss in epoch 300: 1.2004
2026/08/27 01:13:51 - __main__ - INFO - 173 - trainer - start predicting: 2026-08-27 01:13:51.779244
2026/08/27 01:14:51 - __main__ - INFO - 203 - trainer - {'Best_HR@5': np.float64(7.7561), 'Best_HR@10': np.float64(10.8509), 'Best_HR@20': np.float64(14.8606), 'Best_NDCG@5': np.float64(5.3807), 'Best_NDCG@10': np.float64(6.3739), 'Best_NDCG@20': np.float64(7.3801)}
2026/08/27 01:14:51 - __main__ - INFO - 204 - trainer - {'Best_epoch_HR@5': 300, 'Best_epoch_HR@10': 140, 'Best_epoch_HR@20': 100, 'Best_epoch_NDCG@5': 300, 'Best_epoch_NDCG@10': 140, 'Best_epoch_NDCG@20': 100}
2026/08/27 01:14:51 - __main__ - INFO - 117 - trainer - Epoch: 301
2026/08/27 01:14:52 - __main__ - INFO - 162 - trainer - [0/257] Loss: 1.2325
2026/08/27 01:14:59 - __main__ - INFO - 162 - trainer - [52/257] Loss: 1.1930
2026/08/27 01:15:06 - __main__ - INFO - 162 - trainer - [104/257] Loss: 1.1868
2026/08/27 01:15:13 - __main__ - INFO - 162 - trainer - [156/257] Loss: 1.1791
2026/08/27 01:15:20 - __main__ - INFO - 162 - trainer - [208/257] Loss: 1.2121
2026/08/27 01:15:27 - __main__ - INFO - 167 - trainer - Average loss in epoch 301: 1.2014
2026/08/27 01:15:27 - __main__ - INFO - 117 - trainer - Epoch: 302
2026/08/27 01:15:27 - __main__ - INFO - 162 - trainer - [0/257] Loss: 1.2440
2026/08/27 01:15:34 - __main__ - INFO - 162 - trainer - [52/257] Loss: 1.2083
2026/08/27 01:15:41 - __main__ - INFO - 162 - trainer - [104/257] Loss: 1.1941
2026/08/27 01:15:48 - __main__ - INFO - 162 - trainer - [156/257] Loss: 1.1987
2026/08/27 01:15:55 - __main__ - INFO - 162 - trainer - [208/257] Loss: 1.2223
2026/08/27 01:16:01 - __main__ - INFO - 167 - trainer - Average loss in epoch 302: 1.2009
2026/08/27 01:16:01 - __main__ - INFO - 117 - trainer - Epoch: 303
2026/08/27 01:16:01 - __main__ - INFO - 162 - trainer - [0/257] Loss: 1.2335
2026/08/27 01:16:08 - __main__ - INFO - 162 - trainer - [52/257] Loss: 1.2012
2026/08/27 01:16:15 - __main__ - INFO - 162 - trainer - [104/257] Loss: 1.1972
2026/08/27 01:16:22 - __main__ - INFO - 162 - trainer - [156/257] Loss: 1.2100
2026/08/27 01:16:30 - __main__ - INFO - 162 - trainer - [208/257] Loss: 1.1795
2026/08/27 01:16:36 - __main__ - INFO - 167 - trainer - Average loss in epoch 303: 1.2012
2026/08/27 01:16:36 - __main__ - INFO - 117 - trainer - Epoch: 304
2026/08/27 01:16:36 - __main__ - INFO - 162 - trainer - [0/257] Loss: 1.1722
2026/08/27 01:16:43 - __main__ - INFO - 162 - trainer - [52/257] Loss: 1.1942
2026/08/27 01:16:50 - __main__ - INFO - 162 - trainer - [104/257] Loss: 1.1961
2026/08/27 01:16:57 - __main__ - INFO - 162 - trainer - [156/257] Loss: 1.2075
2026/08/27 01:17:04 - __main__ - INFO - 162 - trainer - [208/257] Loss: 1.1647
2026/08/27 01:17:11 - __main__ - INFO - 167 - trainer - Average loss in epoch 304: 1.2013
2026/08/27 01:17:11 - __main__ - INFO - 117 - trainer - Epoch: 305
2026/08/27 01:17:11 - __main__ - INFO - 162 - trainer - [0/257] Loss: 1.1868
2026/08/27 01:17:18 - __main__ - INFO - 162 - trainer - [52/257] Loss: 1.1910
2026/08/27 01:17:25 - __main__ - INFO - 162 - trainer - [104/257] Loss: 1.2061
2026/08/27 01:17:32 - __main__ - INFO - 162 - trainer - [156/257] Loss: 1.1906
2026/08/27 01:17:39 - __main__ - INFO - 162 - trainer - [208/257] Loss: 1.1840
2026/08/27 01:17:45 - __main__ - INFO - 167 - trainer - Average loss in epoch 305: 1.2011
2026/08/27 01:17:45 - __main__ - INFO - 117 - trainer - Epoch: 306
2026/08/27 01:17:46 - __main__ - INFO - 162 - trainer - [0/257] Loss: 1.1940
2026/08/27 01:17:53 - __main__ - INFO - 162 - trainer - [52/257] Loss: 1.2010
2026/08/27 01:18:00 - __main__ - INFO - 162 - trainer - [104/257] Loss: 1.2035
2026/08/27 01:18:07 - __main__ - INFO - 162 - trainer - [156/257] Loss: 1.1461
2026/08/27 01:18:14 - __main__ - INFO - 162 - trainer - [208/257] Loss: 1.2376
2026/08/27 01:18:20 - __main__ - INFO - 167 - trainer - Average loss in epoch 306: 1.2003
2026/08/27 01:18:20 - __main__ - INFO - 117 - trainer - Epoch: 307
2026/08/27 01:18:20 - __main__ - INFO - 162 - trainer - [0/257] Loss: 1.1958
2026/08/27 01:18:27 - __main__ - INFO - 162 - trainer - [52/257] Loss: 1.1864
2026/08/27 01:18:34 - __main__ - INFO - 162 - trainer - [104/257] Loss: 1.2160
2026/08/27 01:18:41 - __main__ - INFO - 162 - trainer - [156/257] Loss: 1.2475
2026/08/27 01:18:48 - __main__ - INFO - 162 - trainer - [208/257] Loss: 1.1788
2026/08/27 01:18:55 - __main__ - INFO - 167 - trainer - Average loss in epoch 307: 1.2013
2026/08/27 01:18:55 - __main__ - INFO - 117 - trainer - Epoch: 308
2026/08/27 01:18:55 - __main__ - INFO - 162 - trainer - [0/257] Loss: 1.1870
2026/08/27 01:19:02 - __main__ - INFO - 162 - trainer - [52/257] Loss: 1.2184
2026/08/27 01:19:09 - __main__ - INFO - 162 - trainer - [104/257] Loss: 1.2129
2026/08/27 01:19:16 - __main__ - INFO - 162 - trainer - [156/257] Loss: 1.1861
2026/08/27 01:19:23 - __main__ - INFO - 162 - trainer - [208/257] Loss: 1.2037
2026/08/27 01:19:30 - __main__ - INFO - 167 - trainer - Average loss in epoch 308: 1.2015
2026/08/27 01:19:30 - __main__ - INFO - 117 - trainer - Epoch: 309
2026/08/27 01:19:30 - __main__ - INFO - 162 - trainer - [0/257] Loss: 1.2001
2026/08/27 01:19:37 - __main__ - INFO - 162 - trainer - [52/257] Loss: 1.1601
2026/08/27 01:19:44 - __main__ - INFO - 162 - trainer - [104/257] Loss: 1.1676
2026/08/27 01:19:51 - __main__ - INFO - 162 - trainer - [156/257] Loss: 1.2069
2026/08/27 01:19:58 - __main__ - INFO - 162 - trainer - [208/257] Loss: 1.2050
2026/08/27 01:20:05 - __main__ - INFO - 167 - trainer - Average loss in epoch 309: 1.2010
2026/08/27 01:20:05 - __main__ - INFO - 117 - trainer - Epoch: 310
2026/08/27 01:20:05 - __main__ - INFO - 162 - trainer - [0/257] Loss: 1.1931
2026/08/27 01:20:12 - __main__ - INFO - 162 - trainer - [52/257] Loss: 1.1660
2026/08/27 01:20:19 - __main__ - INFO - 162 - trainer - [104/257] Loss: 1.2033
2026/08/27 01:20:26 - __main__ - INFO - 162 - trainer - [156/257] Loss: 1.1831
2026/08/27 01:20:33 - __main__ - INFO - 162 - trainer - [208/257] Loss: 1.1771
2026/08/27 01:20:40 - __main__ - INFO - 167 - trainer - Average loss in epoch 310: 1.2011
2026/08/27 01:20:40 - __main__ - INFO - 117 - trainer - Epoch: 311
2026/08/27 01:20:40 - __main__ - INFO - 162 - trainer - [0/257] Loss: 1.2362
2026/08/27 01:20:47 - __main__ - INFO - 162 - trainer - [52/257] Loss: 1.2117
2026/08/27 01:20:54 - __main__ - INFO - 162 - trainer - [104/257] Loss: 1.2158
2026/08/27 01:21:01 - __main__ - INFO - 162 - trainer - [156/257] Loss: 1.1901
2026/08/27 01:21:08 - __main__ - INFO - 162 - trainer - [208/257] Loss: 1.2011
2026/08/27 01:21:14 - __main__ - INFO - 167 - trainer - Average loss in epoch 311: 1.2013
2026/08/27 01:21:14 - __main__ - INFO - 117 - trainer - Epoch: 312
2026/08/27 01:21:14 - __main__ - INFO - 162 - trainer - [0/257] Loss: 1.2075
2026/08/27 01:21:22 - __main__ - INFO - 162 - trainer - [52/257] Loss: 1.2196
2026/08/27 01:21:29 - __main__ - INFO - 162 - trainer - [104/257] Loss: 1.1892
2026/08/27 01:21:36 - __main__ - INFO - 162 - trainer - [156/257] Loss: 1.2116
2026/08/27 01:21:43 - __main__ - INFO - 162 - trainer - [208/257] Loss: 1.2088
2026/08/27 01:21:49 - __main__ - INFO - 167 - trainer - Average loss in epoch 312: 1.2008
2026/08/27 01:21:49 - __main__ - INFO - 117 - trainer - Epoch: 313
2026/08/27 01:21:49 - __main__ - INFO - 162 - trainer - [0/257] Loss: 1.1904
2026/08/27 01:21:56 - __main__ - INFO - 162 - trainer - [52/257] Loss: 1.2027
2026/08/27 01:22:03 - __main__ - INFO - 162 - trainer - [104/257] Loss: 1.1826
2026/08/27 01:22:10 - __main__ - INFO - 162 - trainer - [156/257] Loss: 1.1991
2026/08/27 01:22:17 - __main__ - INFO - 162 - trainer - [208/257] Loss: 1.1923
2026/08/27 01:22:24 - __main__ - INFO - 167 - trainer - Average loss in epoch 313: 1.2008
2026/08/27 01:22:24 - __main__ - INFO - 117 - trainer - Epoch: 314
2026/08/27 01:22:24 - __main__ - INFO - 162 - trainer - [0/257] Loss: 1.2011
2026/08/27 01:22:31 - __main__ - INFO - 162 - trainer - [52/257] Loss: 1.2224
2026/08/27 01:22:38 - __main__ - INFO - 162 - trainer - [104/257] Loss: 1.1862
2026/08/27 01:22:45 - __main__ - INFO - 162 - trainer - [156/257] Loss: 1.1803
2026/08/27 01:22:53 - __main__ - INFO - 162 - trainer - [208/257] Loss: 1.1898
2026/08/27 01:22:59 - __main__ - INFO - 167 - trainer - Average loss in epoch 314: 1.2006
2026/08/27 01:22:59 - __main__ - INFO - 117 - trainer - Epoch: 315
2026/08/27 01:22:59 - __main__ - INFO - 162 - trainer - [0/257] Loss: 1.2040
2026/08/27 01:23:06 - __main__ - INFO - 162 - trainer - [52/257] Loss: 1.1977
2026/08/27 01:23:13 - __main__ - INFO - 162 - trainer - [104/257] Loss: 1.1841
2026/08/27 01:23:20 - __main__ - INFO - 162 - trainer - [156/257] Loss: 1.1705
2026/08/27 01:23:27 - __main__ - INFO - 162 - trainer - [208/257] Loss: 1.2222
2026/08/27 01:23:34 - __main__ - INFO - 167 - trainer - Average loss in epoch 315: 1.2006
2026/08/27 01:23:34 - __main__ - INFO - 117 - trainer - Epoch: 316
2026/08/27 01:23:34 - __main__ - INFO - 162 - trainer - [0/257] Loss: 1.2067
2026/08/27 01:23:41 - __main__ - INFO - 162 - trainer - [52/257] Loss: 1.1830
2026/08/27 01:23:48 - __main__ - INFO - 162 - trainer - [104/257] Loss: 1.1740
2026/08/27 01:23:55 - __main__ - INFO - 162 - trainer - [156/257] Loss: 1.2034
2026/08/27 01:24:02 - __main__ - INFO - 162 - trainer - [208/257] Loss: 1.2186
2026/08/27 01:24:09 - __main__ - INFO - 167 - trainer - Average loss in epoch 316: 1.2010
2026/08/27 01:24:09 - __main__ - INFO - 117 - trainer - Epoch: 317
2026/08/27 01:24:09 - __main__ - INFO - 162 - trainer - [0/257] Loss: 1.2121
2026/08/27 01:24:16 - __main__ - INFO - 162 - trainer - [52/257] Loss: 1.1906
2026/08/27 01:24:23 - __main__ - INFO - 162 - trainer - [104/257] Loss: 1.2420
2026/08/27 01:24:30 - __main__ - INFO - 162 - trainer - [156/257] Loss: 1.2090
2026/08/27 01:24:37 - __main__ - INFO - 162 - trainer - [208/257] Loss: 1.1819
2026/08/27 01:24:43 - __main__ - INFO - 167 - trainer - Average loss in epoch 317: 1.2012
2026/08/27 01:24:43 - __main__ - INFO - 117 - trainer - Epoch: 318
2026/08/27 01:24:43 - __main__ - INFO - 162 - trainer - [0/257] Loss: 1.1976
2026/08/27 01:24:50 - __main__ - INFO - 162 - trainer - [52/257] Loss: 1.1890
2026/08/27 01:24:57 - __main__ - INFO - 162 - trainer - [104/257] Loss: 1.1763
2026/08/27 01:25:04 - __main__ - INFO - 162 - trainer - [156/257] Loss: 1.1921
2026/08/27 01:25:11 - __main__ - INFO - 162 - trainer - [208/257] Loss: 1.2111
2026/08/27 01:25:18 - __main__ - INFO - 167 - trainer - Average loss in epoch 318: 1.2015
2026/08/27 01:25:18 - __main__ - INFO - 117 - trainer - Epoch: 319
2026/08/27 01:25:18 - __main__ - INFO - 162 - trainer - [0/257] Loss: 1.1906
2026/08/27 01:25:25 - __main__ - INFO - 162 - trainer - [52/257] Loss: 1.2032
2026/08/27 01:25:32 - __main__ - INFO - 162 - trainer - [104/257] Loss: 1.1982
2026/08/27 01:25:39 - __main__ - INFO - 162 - trainer - [156/257] Loss: 1.1976
2026/08/27 01:25:46 - __main__ - INFO - 162 - trainer - [208/257] Loss: 1.2095
2026/08/27 01:25:52 - __main__ - INFO - 167 - trainer - Average loss in epoch 319: 1.2006
2026/08/27 01:25:52 - __main__ - INFO - 117 - trainer - Epoch: 320
2026/08/27 01:25:52 - __main__ - INFO - 162 - trainer - [0/257] Loss: 1.2225
2026/08/27 01:26:00 - __main__ - INFO - 162 - trainer - [52/257] Loss: 1.2084
2026/08/27 01:26:07 - __main__ - INFO - 162 - trainer - [104/257] Loss: 1.2135
2026/08/27 01:26:14 - __main__ - INFO - 162 - trainer - [156/257] Loss: 1.2066
2026/08/27 01:26:21 - __main__ - INFO - 162 - trainer - [208/257] Loss: 1.2065
2026/08/27 01:26:27 - __main__ - INFO - 167 - trainer - Average loss in epoch 320: 1.2007
2026/08/27 01:26:27 - __main__ - INFO - 173 - trainer - start predicting: 2026-08-27 01:26:27.678862
2026/08/27 01:27:31 - __main__ - INFO - 117 - trainer - Epoch: 321
2026/08/27 01:27:31 - __main__ - INFO - 162 - trainer - [0/257] Loss: 1.2009
2026/08/27 01:27:38 - __main__ - INFO - 162 - trainer - [52/257] Loss: 1.2037
2026/08/27 01:27:45 - __main__ - INFO - 162 - trainer - [104/257] Loss: 1.1503
2026/08/27 01:27:52 - __main__ - INFO - 162 - trainer - [156/257] Loss: 1.2015
2026/08/27 01:27:59 - __main__ - INFO - 162 - trainer - [208/257] Loss: 1.1849
2026/08/27 01:28:06 - __main__ - INFO - 167 - trainer - Average loss in epoch 321: 1.2011
2026/08/27 01:28:06 - __main__ - INFO - 117 - trainer - Epoch: 322
2026/08/27 01:28:06 - __main__ - INFO - 162 - trainer - [0/257] Loss: 1.1833
2026/08/27 01:28:13 - __main__ - INFO - 162 - trainer - [52/257] Loss: 1.2027
2026/08/27 01:28:20 - __main__ - INFO - 162 - trainer - [104/257] Loss: 1.1748
2026/08/27 01:28:27 - __main__ - INFO - 162 - trainer - [156/257] Loss: 1.2275
2026/08/27 01:28:34 - __main__ - INFO - 162 - trainer - [208/257] Loss: 1.2425
2026/08/27 01:28:41 - __main__ - INFO - 167 - trainer - Average loss in epoch 322: 1.2011
2026/08/27 01:28:41 - __main__ - INFO - 117 - trainer - Epoch: 323
2026/08/27 01:28:41 - __main__ - INFO - 162 - trainer - [0/257] Loss: 1.1943
2026/08/27 01:28:48 - __main__ - INFO - 162 - trainer - [52/257] Loss: 1.2254
2026/08/27 01:28:55 - __main__ - INFO - 162 - trainer - [104/257] Loss: 1.1879
2026/08/27 01:29:02 - __main__ - INFO - 162 - trainer - [156/257] Loss: 1.2294
2026/08/27 01:29:09 - __main__ - INFO - 162 - trainer - [208/257] Loss: 1.2158
2026/08/27 01:29:15 - __main__ - INFO - 167 - trainer - Average loss in epoch 323: 1.2018
2026/08/27 01:29:15 - __main__ - INFO - 117 - trainer - Epoch: 324
2026/08/27 01:29:16 - __main__ - INFO - 162 - trainer - [0/257] Loss: 1.2187
2026/08/27 01:29:23 - __main__ - INFO - 162 - trainer - [52/257] Loss: 1.1976
2026/08/27 01:29:30 - __main__ - INFO - 162 - trainer - [104/257] Loss: 1.1767
2026/08/27 01:29:37 - __main__ - INFO - 162 - trainer - [156/257] Loss: 1.2333
2026/08/27 01:29:43 - __main__ - INFO - 162 - trainer - [208/257] Loss: 1.1976
2026/08/27 01:29:50 - __main__ - INFO - 167 - trainer - Average loss in epoch 324: 1.2007
2026/08/27 01:29:50 - __main__ - INFO - 117 - trainer - Epoch: 325
2026/08/27 01:29:50 - __main__ - INFO - 162 - trainer - [0/257] Loss: 1.2043
2026/08/27 01:29:57 - __main__ - INFO - 162 - trainer - [52/257] Loss: 1.1974
2026/08/27 01:30:04 - __main__ - INFO - 162 - trainer - [104/257] Loss: 1.2011
2026/08/27 01:30:11 - __main__ - INFO - 162 - trainer - [156/257] Loss: 1.1672
2026/08/27 01:30:18 - __main__ - INFO - 162 - trainer - [208/257] Loss: 1.2108
2026/08/27 01:30:24 - __main__ - INFO - 167 - trainer - Average loss in epoch 325: 1.2001
2026/08/27 01:30:24 - __main__ - INFO - 117 - trainer - Epoch: 326
2026/08/27 01:30:24 - __main__ - INFO - 162 - trainer - [0/257] Loss: 1.1838
2026/08/27 01:30:31 - __main__ - INFO - 162 - trainer - [52/257] Loss: 1.2006
2026/08/27 01:30:38 - __main__ - INFO - 162 - trainer - [104/257] Loss: 1.2043
2026/08/27 01:30:45 - __main__ - INFO - 162 - trainer - [156/257] Loss: 1.1958
2026/08/27 01:30:52 - __main__ - INFO - 162 - trainer - [208/257] Loss: 1.1980
2026/08/27 01:30:58 - __main__ - INFO - 167 - trainer - Average loss in epoch 326: 1.2018
2026/08/27 01:30:58 - __main__ - INFO - 117 - trainer - Epoch: 327
2026/08/27 01:30:58 - __main__ - INFO - 162 - trainer - [0/257] Loss: 1.1752
2026/08/27 01:31:05 - __main__ - INFO - 162 - trainer - [52/257] Loss: 1.1956
2026/08/27 01:31:12 - __main__ - INFO - 162 - trainer - [104/257] Loss: 1.1777
2026/08/27 01:31:19 - __main__ - INFO - 162 - trainer - [156/257] Loss: 1.2095
2026/08/27 01:31:26 - __main__ - INFO - 162 - trainer - [208/257] Loss: 1.2273
2026/08/27 01:31:32 - __main__ - INFO - 167 - trainer - Average loss in epoch 327: 1.2011
2026/08/27 01:31:32 - __main__ - INFO - 117 - trainer - Epoch: 328
2026/08/27 01:31:33 - __main__ - INFO - 162 - trainer - [0/257] Loss: 1.2287
2026/08/27 01:31:40 - __main__ - INFO - 162 - trainer - [52/257] Loss: 1.2123
2026/08/27 01:31:46 - __main__ - INFO - 162 - trainer - [104/257] Loss: 1.2214
2026/08/27 01:31:53 - __main__ - INFO - 162 - trainer - [156/257] Loss: 1.2236
2026/08/27 01:32:00 - __main__ - INFO - 162 - trainer - [208/257] Loss: 1.1878
2026/08/27 01:32:07 - __main__ - INFO - 167 - trainer - Average loss in epoch 328: 1.2009
2026/08/27 01:32:07 - __main__ - INFO - 117 - trainer - Epoch: 329
2026/08/27 01:32:07 - __main__ - INFO - 162 - trainer - [0/257] Loss: 1.1917
2026/08/27 01:32:14 - __main__ - INFO - 162 - trainer - [52/257] Loss: 1.1884
2026/08/27 01:32:20 - __main__ - INFO - 162 - trainer - [104/257] Loss: 1.1982
2026/08/27 01:32:27 - __main__ - INFO - 162 - trainer - [156/257] Loss: 1.2075
2026/08/27 01:32:34 - __main__ - INFO - 162 - trainer - [208/257] Loss: 1.1906
2026/08/27 01:32:41 - __main__ - INFO - 167 - trainer - Average loss in epoch 329: 1.2009
2026/08/27 01:32:41 - __main__ - INFO - 117 - trainer - Epoch: 330
2026/08/27 01:32:41 - __main__ - INFO - 162 - trainer - [0/257] Loss: 1.1680
2026/08/27 01:32:48 - __main__ - INFO - 162 - trainer - [52/257] Loss: 1.2001
2026/08/27 01:32:55 - __main__ - INFO - 162 - trainer - [104/257] Loss: 1.2173
2026/08/27 01:33:02 - __main__ - INFO - 162 - trainer - [156/257] Loss: 1.2030
2026/08/27 01:33:09 - __main__ - INFO - 162 - trainer - [208/257] Loss: 1.2038
2026/08/27 01:33:15 - __main__ - INFO - 167 - trainer - Average loss in epoch 330: 1.2007
2026/08/27 01:33:15 - __main__ - INFO - 117 - trainer - Epoch: 331
2026/08/27 01:33:15 - __main__ - INFO - 162 - trainer - [0/257] Loss: 1.1977
2026/08/27 01:33:22 - __main__ - INFO - 162 - trainer - [52/257] Loss: 1.1921
2026/08/27 01:33:29 - __main__ - INFO - 162 - trainer - [104/257] Loss: 1.1793
2026/08/27 01:33:36 - __main__ - INFO - 162 - trainer - [156/257] Loss: 1.1906
2026/08/27 01:33:43 - __main__ - INFO - 162 - trainer - [208/257] Loss: 1.2020
2026/08/27 01:33:49 - __main__ - INFO - 167 - trainer - Average loss in epoch 331: 1.2007
2026/08/27 01:33:49 - __main__ - INFO - 117 - trainer - Epoch: 332
2026/08/27 01:33:49 - __main__ - INFO - 162 - trainer - [0/257] Loss: 1.1953
2026/08/27 01:33:56 - __main__ - INFO - 162 - trainer - [52/257] Loss: 1.1873
2026/08/27 01:34:03 - __main__ - INFO - 162 - trainer - [104/257] Loss: 1.1980
2026/08/27 01:34:10 - __main__ - INFO - 162 - trainer - [156/257] Loss: 1.2097
2026/08/27 01:34:17 - __main__ - INFO - 162 - trainer - [208/257] Loss: 1.2023
2026/08/27 01:34:23 - __main__ - INFO - 167 - trainer - Average loss in epoch 332: 1.2014
2026/08/27 01:34:23 - __main__ - INFO - 117 - trainer - Epoch: 333
2026/08/27 01:34:23 - __main__ - INFO - 162 - trainer - [0/257] Loss: 1.1892
2026/08/27 01:34:30 - __main__ - INFO - 162 - trainer - [52/257] Loss: 1.2278
2026/08/27 01:34:37 - __main__ - INFO - 162 - trainer - [104/257] Loss: 1.1685
2026/08/27 01:34:44 - __main__ - INFO - 162 - trainer - [156/257] Loss: 1.2099
2026/08/27 01:34:51 - __main__ - INFO - 162 - trainer - [208/257] Loss: 1.1960
2026/08/27 01:34:57 - __main__ - INFO - 167 - trainer - Average loss in epoch 333: 1.2021
2026/08/27 01:34:57 - __main__ - INFO - 117 - trainer - Epoch: 334
2026/08/27 01:34:57 - __main__ - INFO - 162 - trainer - [0/257] Loss: 1.2063
2026/08/27 01:35:04 - __main__ - INFO - 162 - trainer - [52/257] Loss: 1.1631
2026/08/27 01:35:11 - __main__ - INFO - 162 - trainer - [104/257] Loss: 1.1986
2026/08/27 01:35:18 - __main__ - INFO - 162 - trainer - [156/257] Loss: 1.1989
2026/08/27 01:35:25 - __main__ - INFO - 162 - trainer - [208/257] Loss: 1.1970
2026/08/27 01:35:31 - __main__ - INFO - 167 - trainer - Average loss in epoch 334: 1.2003
2026/08/27 01:35:31 - __main__ - INFO - 117 - trainer - Epoch: 335
2026/08/27 01:35:32 - __main__ - INFO - 162 - trainer - [0/257] Loss: 1.1822
2026/08/27 01:35:39 - __main__ - INFO - 162 - trainer - [52/257] Loss: 1.1890
2026/08/27 01:35:46 - __main__ - INFO - 162 - trainer - [104/257] Loss: 1.1749
2026/08/27 01:35:52 - __main__ - INFO - 162 - trainer - [156/257] Loss: 1.2024
2026/08/27 01:35:59 - __main__ - INFO - 162 - trainer - [208/257] Loss: 1.2130
2026/08/27 01:36:06 - __main__ - INFO - 167 - trainer - Average loss in epoch 335: 1.2007
2026/08/27 01:36:06 - __main__ - INFO - 117 - trainer - Epoch: 336
2026/08/27 01:36:06 - __main__ - INFO - 162 - trainer - [0/257] Loss: 1.1828
2026/08/27 01:36:13 - __main__ - INFO - 162 - trainer - [52/257] Loss: 1.1845
2026/08/27 01:36:20 - __main__ - INFO - 162 - trainer - [104/257] Loss: 1.1755
2026/08/27 01:36:27 - __main__ - INFO - 162 - trainer - [156/257] Loss: 1.1975
2026/08/27 01:36:34 - __main__ - INFO - 162 - trainer - [208/257] Loss: 1.2047
2026/08/27 01:36:40 - __main__ - INFO - 167 - trainer - Average loss in epoch 336: 1.2002
2026/08/27 01:36:40 - __main__ - INFO - 117 - trainer - Epoch: 337
2026/08/27 01:36:40 - __main__ - INFO - 162 - trainer - [0/257] Loss: 1.2022
2026/08/27 01:36:47 - __main__ - INFO - 162 - trainer - [52/257] Loss: 1.2223
2026/08/27 01:36:54 - __main__ - INFO - 162 - trainer - [104/257] Loss: 1.1459
2026/08/27 01:37:01 - __main__ - INFO - 162 - trainer - [156/257] Loss: 1.1925
2026/08/27 01:37:08 - __main__ - INFO - 162 - trainer - [208/257] Loss: 1.1744
2026/08/27 01:37:14 - __main__ - INFO - 167 - trainer - Average loss in epoch 337: 1.2002
2026/08/27 01:37:14 - __main__ - INFO - 117 - trainer - Epoch: 338
2026/08/27 01:37:15 - __main__ - INFO - 162 - trainer - [0/257] Loss: 1.2108
2026/08/27 01:37:22 - __main__ - INFO - 162 - trainer - [52/257] Loss: 1.1781
2026/08/27 01:37:29 - __main__ - INFO - 162 - trainer - [104/257] Loss: 1.2124
2026/08/27 01:37:35 - __main__ - INFO - 162 - trainer - [156/257] Loss: 1.1729
2026/08/27 01:37:42 - __main__ - INFO - 162 - trainer - [208/257] Loss: 1.2178
2026/08/27 01:37:49 - __main__ - INFO - 167 - trainer - Average loss in epoch 338: 1.2009
2026/08/27 01:37:49 - __main__ - INFO - 117 - trainer - Epoch: 339
2026/08/27 01:37:49 - __main__ - INFO - 162 - trainer - [0/257] Loss: 1.2269
2026/08/27 01:37:55 - __main__ - INFO - 162 - trainer - [52/257] Loss: 1.1791
2026/08/27 01:38:02 - __main__ - INFO - 162 - trainer - [104/257] Loss: 1.1984
2026/08/27 01:38:09 - __main__ - INFO - 162 - trainer - [156/257] Loss: 1.1995
2026/08/27 01:38:16 - __main__ - INFO - 162 - trainer - [208/257] Loss: 1.2052
2026/08/27 01:38:22 - __main__ - INFO - 167 - trainer - Average loss in epoch 339: 1.2001
2026/08/27 01:38:22 - __main__ - INFO - 117 - trainer - Epoch: 340
2026/08/27 01:38:22 - __main__ - INFO - 162 - trainer - [0/257] Loss: 1.2077
2026/08/27 01:38:29 - __main__ - INFO - 162 - trainer - [52/257] Loss: 1.1860
2026/08/27 01:38:36 - __main__ - INFO - 162 - trainer - [104/257] Loss: 1.1680
2026/08/27 01:38:43 - __main__ - INFO - 162 - trainer - [156/257] Loss: 1.1992
2026/08/27 01:38:50 - __main__ - INFO - 162 - trainer - [208/257] Loss: 1.1706
2026/08/27 01:38:56 - __main__ - INFO - 167 - trainer - Average loss in epoch 340: 1.2009
2026/08/27 01:38:56 - __main__ - INFO - 173 - trainer - start predicting: 2026-08-27 01:38:56.618893
2026/08/27 01:40:02 - __main__ - INFO - 117 - trainer - Epoch: 341
2026/08/27 01:40:02 - __main__ - INFO - 162 - trainer - [0/257] Loss: 1.2243
2026/08/27 01:40:09 - __main__ - INFO - 162 - trainer - [52/257] Loss: 1.1791
2026/08/27 01:40:16 - __main__ - INFO - 162 - trainer - [104/257] Loss: 1.1911
2026/08/27 01:40:23 - __main__ - INFO - 162 - trainer - [156/257] Loss: 1.1940
2026/08/27 01:40:30 - __main__ - INFO - 162 - trainer - [208/257] Loss: 1.2358
2026/08/27 01:40:37 - __main__ - INFO - 167 - trainer - Average loss in epoch 341: 1.2019
2026/08/27 01:40:37 - __main__ - INFO - 117 - trainer - Epoch: 342
2026/08/27 01:40:37 - __main__ - INFO - 162 - trainer - [0/257] Loss: 1.1825
2026/08/27 01:40:44 - __main__ - INFO - 162 - trainer - [52/257] Loss: 1.1737
2026/08/27 01:40:51 - __main__ - INFO - 162 - trainer - [104/257] Loss: 1.2147
2026/08/27 01:40:58 - __main__ - INFO - 162 - trainer - [156/257] Loss: 1.2099
2026/08/27 01:41:05 - __main__ - INFO - 162 - trainer - [208/257] Loss: 1.2262
2026/08/27 01:41:12 - __main__ - INFO - 167 - trainer - Average loss in epoch 342: 1.2009
2026/08/27 01:41:12 - __main__ - INFO - 117 - trainer - Epoch: 343
2026/08/27 01:41:12 - __main__ - INFO - 162 - trainer - [0/257] Loss: 1.2220
2026/08/27 01:41:19 - __main__ - INFO - 162 - trainer - [52/257] Loss: 1.1944
2026/08/27 01:41:26 - __main__ - INFO - 162 - trainer - [104/257] Loss: 1.1875
2026/08/27 01:41:33 - __main__ - INFO - 162 - trainer - [156/257] Loss: 1.2508
2026/08/27 01:41:40 - __main__ - INFO - 162 - trainer - [208/257] Loss: 1.2052
2026/08/27 01:41:46 - __main__ - INFO - 167 - trainer - Average loss in epoch 343: 1.2011
2026/08/27 01:41:46 - __main__ - INFO - 117 - trainer - Epoch: 344
2026/08/27 01:41:46 - __main__ - INFO - 162 - trainer - [0/257] Loss: 1.1828
2026/08/27 01:41:53 - __main__ - INFO - 162 - trainer - [52/257] Loss: 1.1949
2026/08/27 01:42:00 - __main__ - INFO - 162 - trainer - [104/257] Loss: 1.1877
2026/08/27 01:42:07 - __main__ - INFO - 162 - trainer - [156/257] Loss: 1.2065
2026/08/27 01:42:14 - __main__ - INFO - 162 - trainer - [208/257] Loss: 1.1922
2026/08/27 01:42:20 - __main__ - INFO - 167 - trainer - Average loss in epoch 344: 1.2005
2026/08/27 01:42:20 - __main__ - INFO - 117 - trainer - Epoch: 345
2026/08/27 01:42:20 - __main__ - INFO - 162 - trainer - [0/257] Loss: 1.1924
2026/08/27 01:42:27 - __main__ - INFO - 162 - trainer - [52/257] Loss: 1.2025
2026/08/27 01:42:34 - __main__ - INFO - 162 - trainer - [104/257] Loss: 1.2180
2026/08/27 01:42:41 - __main__ - INFO - 162 - trainer - [156/257] Loss: 1.1717
2026/08/27 01:42:48 - __main__ - INFO - 162 - trainer - [208/257] Loss: 1.1924
2026/08/27 01:42:54 - __main__ - INFO - 167 - trainer - Average loss in epoch 345: 1.2008
2026/08/27 01:42:54 - __main__ - INFO - 117 - trainer - Epoch: 346
2026/08/27 01:42:55 - __main__ - INFO - 162 - trainer - [0/257] Loss: 1.2246
2026/08/27 01:43:02 - __main__ - INFO - 162 - trainer - [52/257] Loss: 1.2223
2026/08/27 01:43:09 - __main__ - INFO - 162 - trainer - [104/257] Loss: 1.2053
2026/08/27 01:43:15 - __main__ - INFO - 162 - trainer - [156/257] Loss: 1.2025
2026/08/27 01:43:22 - __main__ - INFO - 162 - trainer - [208/257] Loss: 1.1941
2026/08/27 01:43:29 - __main__ - INFO - 167 - trainer - Average loss in epoch 346: 1.2009
2026/08/27 01:43:29 - __main__ - INFO - 117 - trainer - Epoch: 347
2026/08/27 01:43:29 - __main__ - INFO - 162 - trainer - [0/257] Loss: 1.1799
2026/08/27 01:43:36 - __main__ - INFO - 162 - trainer - [52/257] Loss: 1.1991
2026/08/27 01:43:43 - __main__ - INFO - 162 - trainer - [104/257] Loss: 1.1944
2026/08/27 01:43:50 - __main__ - INFO - 162 - trainer - [156/257] Loss: 1.1983
2026/08/27 01:43:57 - __main__ - INFO - 162 - trainer - [208/257] Loss: 1.1806
2026/08/27 01:44:03 - __main__ - INFO - 167 - trainer - Average loss in epoch 347: 1.2005
2026/08/27 01:44:03 - __main__ - INFO - 117 - trainer - Epoch: 348
2026/08/27 01:44:03 - __main__ - INFO - 162 - trainer - [0/257] Loss: 1.2087
2026/08/27 01:44:10 - __main__ - INFO - 162 - trainer - [52/257] Loss: 1.2113
2026/08/27 01:44:17 - __main__ - INFO - 162 - trainer - [104/257] Loss: 1.1902
2026/08/27 01:44:24 - __main__ - INFO - 162 - trainer - [156/257] Loss: 1.2342
2026/08/27 01:44:31 - __main__ - INFO - 162 - trainer - [208/257] Loss: 1.2144
2026/08/27 01:44:37 - __main__ - INFO - 167 - trainer - Average loss in epoch 348: 1.2015
2026/08/27 01:44:37 - __main__ - INFO - 117 - trainer - Epoch: 349
2026/08/27 01:44:37 - __main__ - INFO - 162 - trainer - [0/257] Loss: 1.2192
2026/08/27 01:44:44 - __main__ - INFO - 162 - trainer - [52/257] Loss: 1.1714
2026/08/27 01:44:51 - __main__ - INFO - 162 - trainer - [104/257] Loss: 1.2177
2026/08/27 01:44:58 - __main__ - INFO - 162 - trainer - [156/257] Loss: 1.2194
2026/08/27 01:45:05 - __main__ - INFO - 162 - trainer - [208/257] Loss: 1.2184
2026/08/27 01:45:11 - __main__ - INFO - 167 - trainer - Average loss in epoch 349: 1.2004
2026/08/27 01:45:11 - __main__ - INFO - 117 - trainer - Epoch: 350
2026/08/27 01:45:11 - __main__ - INFO - 162 - trainer - [0/257] Loss: 1.2046
2026/08/27 01:45:18 - __main__ - INFO - 162 - trainer - [52/257] Loss: 1.1953
2026/08/27 01:45:25 - __main__ - INFO - 162 - trainer - [104/257] Loss: 1.2060
2026/08/27 01:45:32 - __main__ - INFO - 162 - trainer - [156/257] Loss: 1.1895
2026/08/27 01:45:39 - __main__ - INFO - 162 - trainer - [208/257] Loss: 1.2296
2026/08/27 01:45:45 - __main__ - INFO - 167 - trainer - Average loss in epoch 350: 1.2023
2026/08/27 01:45:45 - __main__ - INFO - 117 - trainer - Epoch: 351
2026/08/27 01:45:45 - __main__ - INFO - 162 - trainer - [0/257] Loss: 1.2415
2026/08/27 01:45:52 - __main__ - INFO - 162 - trainer - [52/257] Loss: 1.2178
2026/08/27 01:45:59 - __main__ - INFO - 162 - trainer - [104/257] Loss: 1.2052
2026/08/27 01:46:06 - __main__ - INFO - 162 - trainer - [156/257] Loss: 1.2090
2026/08/27 01:46:12 - __main__ - INFO - 162 - trainer - [208/257] Loss: 1.1787
2026/08/27 01:46:19 - __main__ - INFO - 167 - trainer - Average loss in epoch 351: 1.2011
2026/08/27 01:46:19 - __main__ - INFO - 117 - trainer - Epoch: 352
2026/08/27 01:46:19 - __main__ - INFO - 162 - trainer - [0/257] Loss: 1.2205
2026/08/27 01:46:26 - __main__ - INFO - 162 - trainer - [52/257] Loss: 1.1985
2026/08/27 01:46:33 - __main__ - INFO - 162 - trainer - [104/257] Loss: 1.1920
2026/08/27 01:46:40 - __main__ - INFO - 162 - trainer - [156/257] Loss: 1.2315
2026/08/27 01:46:47 - __main__ - INFO - 162 - trainer - [208/257] Loss: 1.1867
2026/08/27 01:46:53 - __main__ - INFO - 167 - trainer - Average loss in epoch 352: 1.2001
2026/08/27 01:46:53 - __main__ - INFO - 117 - trainer - Epoch: 353
2026/08/27 01:46:53 - __main__ - INFO - 162 - trainer - [0/257] Loss: 1.1917
2026/08/27 01:47:00 - __main__ - INFO - 162 - trainer - [52/257] Loss: 1.2033
2026/08/27 01:47:07 - __main__ - INFO - 162 - trainer - [104/257] Loss: 1.2006
2026/08/27 01:47:13 - __main__ - INFO - 162 - trainer - [156/257] Loss: 1.2183
2026/08/27 01:47:20 - __main__ - INFO - 162 - trainer - [208/257] Loss: 1.1813
2026/08/27 01:47:27 - __main__ - INFO - 167 - trainer - Average loss in epoch 353: 1.1996
2026/08/27 01:47:27 - __main__ - INFO - 117 - trainer - Epoch: 354
2026/08/27 01:47:27 - __main__ - INFO - 162 - trainer - [0/257] Loss: 1.2002
2026/08/27 01:47:34 - __main__ - INFO - 162 - trainer - [52/257] Loss: 1.1973
2026/08/27 01:47:40 - __main__ - INFO - 162 - trainer - [104/257] Loss: 1.1843
2026/08/27 01:47:47 - __main__ - INFO - 162 - trainer - [156/257] Loss: 1.2077
2026/08/27 01:47:54 - __main__ - INFO - 162 - trainer - [208/257] Loss: 1.2073
2026/08/27 01:48:01 - __main__ - INFO - 167 - trainer - Average loss in epoch 354: 1.2005
2026/08/27 01:48:01 - __main__ - INFO - 117 - trainer - Epoch: 355
2026/08/27 01:48:01 - __main__ - INFO - 162 - trainer - [0/257] Loss: 1.2051
2026/08/27 01:48:08 - __main__ - INFO - 162 - trainer - [52/257] Loss: 1.1923
2026/08/27 01:48:15 - __main__ - INFO - 162 - trainer - [104/257] Loss: 1.2185
2026/08/27 01:48:21 - __main__ - INFO - 162 - trainer - [156/257] Loss: 1.1915
2026/08/27 01:48:28 - __main__ - INFO - 162 - trainer - [208/257] Loss: 1.1928
2026/08/27 01:48:35 - __main__ - INFO - 167 - trainer - Average loss in epoch 355: 1.2001
2026/08/27 01:48:35 - __main__ - INFO - 117 - trainer - Epoch: 356
2026/08/27 01:48:35 - __main__ - INFO - 162 - trainer - [0/257] Loss: 1.2081
2026/08/27 01:48:42 - __main__ - INFO - 162 - trainer - [52/257] Loss: 1.2149
2026/08/27 01:48:48 - __main__ - INFO - 162 - trainer - [104/257] Loss: 1.1808
2026/08/27 01:48:55 - __main__ - INFO - 162 - trainer - [156/257] Loss: 1.1920
2026/08/27 01:49:02 - __main__ - INFO - 162 - trainer - [208/257] Loss: 1.1760
2026/08/27 01:49:09 - __main__ - INFO - 167 - trainer - Average loss in epoch 356: 1.2005
2026/08/27 01:49:09 - __main__ - INFO - 117 - trainer - Epoch: 357
2026/08/27 01:49:09 - __main__ - INFO - 162 - trainer - [0/257] Loss: 1.2104
2026/08/27 01:49:16 - __main__ - INFO - 162 - trainer - [52/257] Loss: 1.2242
2026/08/27 01:49:23 - __main__ - INFO - 162 - trainer - [104/257] Loss: 1.2360
2026/08/27 01:49:29 - __main__ - INFO - 162 - trainer - [156/257] Loss: 1.2044
2026/08/27 01:49:36 - __main__ - INFO - 162 - trainer - [208/257] Loss: 1.1997
2026/08/27 01:49:43 - __main__ - INFO - 167 - trainer - Average loss in epoch 357: 1.2006
2026/08/27 01:49:43 - __main__ - INFO - 117 - trainer - Epoch: 358
2026/08/27 01:49:43 - __main__ - INFO - 162 - trainer - [0/257] Loss: 1.2112
2026/08/27 01:49:50 - __main__ - INFO - 162 - trainer - [52/257] Loss: 1.2189
2026/08/27 01:49:57 - __main__ - INFO - 162 - trainer - [104/257] Loss: 1.1518
2026/08/27 01:50:03 - __main__ - INFO - 162 - trainer - [156/257] Loss: 1.2068
2026/08/27 01:50:10 - __main__ - INFO - 162 - trainer - [208/257] Loss: 1.2107
2026/08/27 01:50:17 - __main__ - INFO - 167 - trainer - Average loss in epoch 358: 1.2014
2026/08/27 01:50:17 - __main__ - INFO - 117 - trainer - Epoch: 359
2026/08/27 01:50:17 - __main__ - INFO - 162 - trainer - [0/257] Loss: 1.2075
2026/08/27 01:50:24 - __main__ - INFO - 162 - trainer - [52/257] Loss: 1.2126
2026/08/27 01:50:31 - __main__ - INFO - 162 - trainer - [104/257] Loss: 1.1846
2026/08/27 01:50:37 - __main__ - INFO - 162 - trainer - [156/257] Loss: 1.2172
2026/08/27 01:50:44 - __main__ - INFO - 162 - trainer - [208/257] Loss: 1.2487
2026/08/27 01:50:51 - __main__ - INFO - 167 - trainer - Average loss in epoch 359: 1.2007
2026/08/27 01:50:51 - __main__ - INFO - 117 - trainer - Epoch: 360
2026/08/27 01:50:51 - __main__ - INFO - 162 - trainer - [0/257] Loss: 1.2093
2026/08/27 01:50:58 - __main__ - INFO - 162 - trainer - [52/257] Loss: 1.1818
2026/08/27 01:51:04 - __main__ - INFO - 162 - trainer - [104/257] Loss: 1.2131
2026/08/27 01:51:11 - __main__ - INFO - 162 - trainer - [156/257] Loss: 1.2181
2026/08/27 01:51:18 - __main__ - INFO - 162 - trainer - [208/257] Loss: 1.1957
2026/08/27 01:51:25 - __main__ - INFO - 167 - trainer - Average loss in epoch 360: 1.2008
2026/08/27 01:51:25 - __main__ - INFO - 173 - trainer - start predicting: 2026-08-27 01:51:25.196631
2026/08/27 01:52:29 - __main__ - INFO - 117 - trainer - Epoch: 361
2026/08/27 01:52:29 - __main__ - INFO - 162 - trainer - [0/257] Loss: 1.2001
2026/08/27 01:52:36 - __main__ - INFO - 162 - trainer - [52/257] Loss: 1.1551
2026/08/27 01:52:43 - __main__ - INFO - 162 - trainer - [104/257] Loss: 1.2387
2026/08/27 01:52:50 - __main__ - INFO - 162 - trainer - [156/257] Loss: 1.2169
2026/08/27 01:52:57 - __main__ - INFO - 162 - trainer - [208/257] Loss: 1.2336
2026/08/27 01:53:04 - __main__ - INFO - 167 - trainer - Average loss in epoch 361: 1.2005
2026/08/27 01:53:04 - __main__ - INFO - 117 - trainer - Epoch: 362
2026/08/27 01:53:04 - __main__ - INFO - 162 - trainer - [0/257] Loss: 1.2041
2026/08/27 01:53:11 - __main__ - INFO - 162 - trainer - [52/257] Loss: 1.2065
2026/08/27 01:53:18 - __main__ - INFO - 162 - trainer - [104/257] Loss: 1.2176
2026/08/27 01:53:25 - __main__ - INFO - 162 - trainer - [156/257] Loss: 1.1846
2026/08/27 01:53:32 - __main__ - INFO - 162 - trainer - [208/257] Loss: 1.1715
2026/08/27 01:53:39 - __main__ - INFO - 167 - trainer - Average loss in epoch 362: 1.2000
2026/08/27 01:53:39 - __main__ - INFO - 117 - trainer - Epoch: 363
2026/08/27 01:53:39 - __main__ - INFO - 162 - trainer - [0/257] Loss: 1.2173
2026/08/27 01:53:46 - __main__ - INFO - 162 - trainer - [52/257] Loss: 1.1783
2026/08/27 01:53:53 - __main__ - INFO - 162 - trainer - [104/257] Loss: 1.2154
2026/08/27 01:54:00 - __main__ - INFO - 162 - trainer - [156/257] Loss: 1.1890
2026/08/27 01:54:07 - __main__ - INFO - 162 - trainer - [208/257] Loss: 1.1983
2026/08/27 01:54:13 - __main__ - INFO - 167 - trainer - Average loss in epoch 363: 1.2004
2026/08/27 01:54:13 - __main__ - INFO - 117 - trainer - Epoch: 364
2026/08/27 01:54:13 - __main__ - INFO - 162 - trainer - [0/257] Loss: 1.2381
2026/08/27 01:54:20 - __main__ - INFO - 162 - trainer - [52/257] Loss: 1.1913
2026/08/27 01:54:27 - __main__ - INFO - 162 - trainer - [104/257] Loss: 1.1915
2026/08/27 01:54:34 - __main__ - INFO - 162 - trainer - [156/257] Loss: 1.2050
2026/08/27 01:54:41 - __main__ - INFO - 162 - trainer - [208/257] Loss: 1.1847
2026/08/27 01:54:48 - __main__ - INFO - 167 - trainer - Average loss in epoch 364: 1.2025
2026/08/27 01:54:48 - __main__ - INFO - 117 - trainer - Epoch: 365
2026/08/27 01:54:48 - __main__ - INFO - 162 - trainer - [0/257] Loss: 1.2044
2026/08/27 01:54:55 - __main__ - INFO - 162 - trainer - [52/257] Loss: 1.2040
2026/08/27 01:55:01 - __main__ - INFO - 162 - trainer - [104/257] Loss: 1.1876
2026/08/27 01:55:08 - __main__ - INFO - 162 - trainer - [156/257] Loss: 1.1739
2026/08/27 01:55:15 - __main__ - INFO - 162 - trainer - [208/257] Loss: 1.2232
2026/08/27 01:55:22 - __main__ - INFO - 167 - trainer - Average loss in epoch 365: 1.2011
2026/08/27 01:55:22 - __main__ - INFO - 117 - trainer - Epoch: 366
2026/08/27 01:55:22 - __main__ - INFO - 162 - trainer - [0/257] Loss: 1.2519
2026/08/27 01:55:29 - __main__ - INFO - 162 - trainer - [52/257] Loss: 1.1781
2026/08/27 01:55:36 - __main__ - INFO - 162 - trainer - [104/257] Loss: 1.1898
2026/08/27 01:55:43 - __main__ - INFO - 162 - trainer - [156/257] Loss: 1.2031
2026/08/27 01:55:50 - __main__ - INFO - 162 - trainer - [208/257] Loss: 1.2008
2026/08/27 01:55:56 - __main__ - INFO - 167 - trainer - Average loss in epoch 366: 1.2009
2026/08/27 01:55:56 - __main__ - INFO - 117 - trainer - Epoch: 367
2026/08/27 01:55:56 - __main__ - INFO - 162 - trainer - [0/257] Loss: 1.2236
2026/08/27 01:56:03 - __main__ - INFO - 162 - trainer - [52/257] Loss: 1.2066
2026/08/27 01:56:10 - __main__ - INFO - 162 - trainer - [104/257] Loss: 1.1741
2026/08/27 01:56:17 - __main__ - INFO - 162 - trainer - [156/257] Loss: 1.1865
2026/08/27 01:56:24 - __main__ - INFO - 162 - trainer - [208/257] Loss: 1.1856
2026/08/27 01:56:30 - __main__ - INFO - 167 - trainer - Average loss in epoch 367: 1.2017
2026/08/27 01:56:30 - __main__ - INFO - 117 - trainer - Epoch: 368
2026/08/27 01:56:30 - __main__ - INFO - 162 - trainer - [0/257] Loss: 1.2152
2026/08/27 01:56:37 - __main__ - INFO - 162 - trainer - [52/257] Loss: 1.2025
2026/08/27 01:56:44 - __main__ - INFO - 162 - trainer - [104/257] Loss: 1.2192
2026/08/27 01:56:51 - __main__ - INFO - 162 - trainer - [156/257] Loss: 1.2032
2026/08/27 01:56:58 - __main__ - INFO - 162 - trainer - [208/257] Loss: 1.2474
2026/08/27 01:57:04 - __main__ - INFO - 167 - trainer - Average loss in epoch 368: 1.2000
2026/08/27 01:57:04 - __main__ - INFO - 117 - trainer - Epoch: 369
2026/08/27 01:57:04 - __main__ - INFO - 162 - trainer - [0/257] Loss: 1.1766
2026/08/27 01:57:11 - __main__ - INFO - 162 - trainer - [52/257] Loss: 1.2059
2026/08/27 01:57:18 - __main__ - INFO - 162 - trainer - [104/257] Loss: 1.1883
2026/08/27 01:57:25 - __main__ - INFO - 162 - trainer - [156/257] Loss: 1.1952
2026/08/27 01:57:32 - __main__ - INFO - 162 - trainer - [208/257] Loss: 1.1893
2026/08/27 01:57:38 - __main__ - INFO - 167 - trainer - Average loss in epoch 369: 1.2009
2026/08/27 01:57:38 - __main__ - INFO - 117 - trainer - Epoch: 370
2026/08/27 01:57:39 - __main__ - INFO - 162 - trainer - [0/257] Loss: 1.2151
2026/08/27 01:57:46 - __main__ - INFO - 162 - trainer - [52/257] Loss: 1.1650
2026/08/27 01:57:53 - __main__ - INFO - 162 - trainer - [104/257] Loss: 1.1992
2026/08/27 01:58:00 - __main__ - INFO - 162 - trainer - [156/257] Loss: 1.1798
2026/08/27 01:58:06 - __main__ - INFO - 162 - trainer - [208/257] Loss: 1.2212
2026/08/27 01:58:13 - __main__ - INFO - 167 - trainer - Average loss in epoch 370: 1.2005
2026/08/27 01:58:13 - __main__ - INFO - 117 - trainer - Epoch: 371
2026/08/27 01:58:13 - __main__ - INFO - 162 - trainer - [0/257] Loss: 1.2061
2026/08/27 01:58:20 - __main__ - INFO - 162 - trainer - [52/257] Loss: 1.1984
2026/08/27 01:58:27 - __main__ - INFO - 162 - trainer - [104/257] Loss: 1.1758
2026/08/27 01:58:34 - __main__ - INFO - 162 - trainer - [156/257] Loss: 1.1943
2026/08/27 01:58:40 - __main__ - INFO - 162 - trainer - [208/257] Loss: 1.2204
2026/08/27 01:58:47 - __main__ - INFO - 167 - trainer - Average loss in epoch 371: 1.2008
2026/08/27 01:58:47 - __main__ - INFO - 117 - trainer - Epoch: 372
2026/08/27 01:58:47 - __main__ - INFO - 162 - trainer - [0/257] Loss: 1.1827
2026/08/27 01:58:54 - __main__ - INFO - 162 - trainer - [52/257] Loss: 1.1804
2026/08/27 01:59:01 - __main__ - INFO - 162 - trainer - [104/257] Loss: 1.2238
2026/08/27 01:59:08 - __main__ - INFO - 162 - trainer - [156/257] Loss: 1.2028
2026/08/27 01:59:15 - __main__ - INFO - 162 - trainer - [208/257] Loss: 1.2181
2026/08/27 01:59:21 - __main__ - INFO - 167 - trainer - Average loss in epoch 372: 1.1998
2026/08/27 01:59:21 - __main__ - INFO - 117 - trainer - Epoch: 373
2026/08/27 01:59:21 - __main__ - INFO - 162 - trainer - [0/257] Loss: 1.2344
2026/08/27 01:59:28 - __main__ - INFO - 162 - trainer - [52/257] Loss: 1.2184
2026/08/27 01:59:35 - __main__ - INFO - 162 - trainer - [104/257] Loss: 1.2392
2026/08/27 01:59:42 - __main__ - INFO - 162 - trainer - [156/257] Loss: 1.1985
2026/08/27 01:59:49 - __main__ - INFO - 162 - trainer - [208/257] Loss: 1.1761
2026/08/27 01:59:55 - __main__ - INFO - 167 - trainer - Average loss in epoch 373: 1.1995
2026/08/27 01:59:55 - __main__ - INFO - 117 - trainer - Epoch: 374
2026/08/27 01:59:55 - __main__ - INFO - 162 - trainer - [0/257] Loss: 1.1898
2026/08/27 02:00:02 - __main__ - INFO - 162 - trainer - [52/257] Loss: 1.1928
2026/08/27 02:00:09 - __main__ - INFO - 162 - trainer - [104/257] Loss: 1.1812
2026/08/27 02:00:16 - __main__ - INFO - 162 - trainer - [156/257] Loss: 1.2113
2026/08/27 02:00:23 - __main__ - INFO - 162 - trainer - [208/257] Loss: 1.1879
2026/08/27 02:00:29 - __main__ - INFO - 167 - trainer - Average loss in epoch 374: 1.2009
2026/08/27 02:00:29 - __main__ - INFO - 117 - trainer - Epoch: 375
2026/08/27 02:00:30 - __main__ - INFO - 162 - trainer - [0/257] Loss: 1.1821
2026/08/27 02:00:37 - __main__ - INFO - 162 - trainer - [52/257] Loss: 1.1594
2026/08/27 02:00:43 - __main__ - INFO - 162 - trainer - [104/257] Loss: 1.1670
2026/08/27 02:00:50 - __main__ - INFO - 162 - trainer - [156/257] Loss: 1.2064
2026/08/27 02:00:57 - __main__ - INFO - 162 - trainer - [208/257] Loss: 1.1953
2026/08/27 02:01:04 - __main__ - INFO - 167 - trainer - Average loss in epoch 375: 1.2019
2026/08/27 02:01:04 - __main__ - INFO - 117 - trainer - Epoch: 376
2026/08/27 02:01:04 - __main__ - INFO - 162 - trainer - [0/257] Loss: 1.2152
2026/08/27 02:01:11 - __main__ - INFO - 162 - trainer - [52/257] Loss: 1.2072
2026/08/27 02:01:17 - __main__ - INFO - 162 - trainer - [104/257] Loss: 1.2201
2026/08/27 02:01:24 - __main__ - INFO - 162 - trainer - [156/257] Loss: 1.1779
2026/08/27 02:01:31 - __main__ - INFO - 162 - trainer - [208/257] Loss: 1.2210
2026/08/27 02:01:38 - __main__ - INFO - 167 - trainer - Average loss in epoch 376: 1.2009
2026/08/27 02:01:38 - __main__ - INFO - 117 - trainer - Epoch: 377
2026/08/27 02:01:38 - __main__ - INFO - 162 - trainer - [0/257] Loss: 1.1932
2026/08/27 02:01:45 - __main__ - INFO - 162 - trainer - [52/257] Loss: 1.2152
2026/08/27 02:01:51 - __main__ - INFO - 162 - trainer - [104/257] Loss: 1.1788
2026/08/27 02:01:58 - __main__ - INFO - 162 - trainer - [156/257] Loss: 1.2019
2026/08/27 02:02:05 - __main__ - INFO - 162 - trainer - [208/257] Loss: 1.2206
2026/08/27 02:02:12 - __main__ - INFO - 167 - trainer - Average loss in epoch 377: 1.2009
2026/08/27 02:02:12 - __main__ - INFO - 117 - trainer - Epoch: 378
2026/08/27 02:02:12 - __main__ - INFO - 162 - trainer - [0/257] Loss: 1.2175
2026/08/27 02:02:19 - __main__ - INFO - 162 - trainer - [52/257] Loss: 1.2052
2026/08/27 02:02:25 - __main__ - INFO - 162 - trainer - [104/257] Loss: 1.2194
2026/08/27 02:02:33 - __main__ - INFO - 162 - trainer - [156/257] Loss: 1.1900
2026/08/27 02:02:40 - __main__ - INFO - 162 - trainer - [208/257] Loss: 1.2085
2026/08/27 02:02:46 - __main__ - INFO - 167 - trainer - Average loss in epoch 378: 1.2021
2026/08/27 02:02:46 - __main__ - INFO - 117 - trainer - Epoch: 379
2026/08/27 02:02:46 - __main__ - INFO - 162 - trainer - [0/257] Loss: 1.2116
2026/08/27 02:02:53 - __main__ - INFO - 162 - trainer - [52/257] Loss: 1.2121
2026/08/27 02:03:00 - __main__ - INFO - 162 - trainer - [104/257] Loss: 1.2036
2026/08/27 02:03:07 - __main__ - INFO - 162 - trainer - [156/257] Loss: 1.1890
2026/08/27 02:03:14 - __main__ - INFO - 162 - trainer - [208/257] Loss: 1.2371
2026/08/27 02:03:20 - __main__ - INFO - 167 - trainer - Average loss in epoch 379: 1.2009
2026/08/27 02:03:20 - __main__ - INFO - 117 - trainer - Epoch: 380
2026/08/27 02:03:20 - __main__ - INFO - 162 - trainer - [0/257] Loss: 1.2266
2026/08/27 02:03:27 - __main__ - INFO - 162 - trainer - [52/257] Loss: 1.1956
2026/08/27 02:03:34 - __main__ - INFO - 162 - trainer - [104/257] Loss: 1.2154
2026/08/27 02:03:41 - __main__ - INFO - 162 - trainer - [156/257] Loss: 1.1731
2026/08/27 02:03:48 - __main__ - INFO - 162 - trainer - [208/257] Loss: 1.1733
2026/08/27 02:03:54 - __main__ - INFO - 167 - trainer - Average loss in epoch 380: 1.2008
2026/08/27 02:03:54 - __main__ - INFO - 173 - trainer - start predicting: 2026-08-27 02:03:54.614859
2026/08/27 02:05:03 - __main__ - INFO - 203 - trainer - {'Best_HR@5': np.float64(7.7582), 'Best_HR@10': np.float64(10.8509), 'Best_HR@20': np.float64(14.8606), 'Best_NDCG@5': np.float64(5.3825), 'Best_NDCG@10': np.float64(6.3739), 'Best_NDCG@20': np.float64(7.3801)}
2026/08/27 02:05:03 - __main__ - INFO - 204 - trainer - {'Best_epoch_HR@5': 380, 'Best_epoch_HR@10': 140, 'Best_epoch_HR@20': 100, 'Best_epoch_NDCG@5': 380, 'Best_epoch_NDCG@10': 140, 'Best_epoch_NDCG@20': 100}
2026/08/27 02:05:03 - __main__ - INFO - 117 - trainer - Epoch: 381
2026/08/27 02:05:03 - __main__ - INFO - 162 - trainer - [0/257] Loss: 1.2276
2026/08/27 02:05:11 - __main__ - INFO - 162 - trainer - [52/257] Loss: 1.1809
2026/08/27 02:05:19 - __main__ - INFO - 162 - trainer - [104/257] Loss: 1.2032
2026/08/27 02:05:26 - __main__ - INFO - 162 - trainer - [156/257] Loss: 1.1819
2026/08/27 02:05:34 - __main__ - INFO - 162 - trainer - [208/257] Loss: 1.2263
2026/08/27 02:05:41 - __main__ - INFO - 167 - trainer - Average loss in epoch 381: 1.2007
2026/08/27 02:05:41 - __main__ - INFO - 117 - trainer - Epoch: 382
2026/08/27 02:05:41 - __main__ - INFO - 162 - trainer - [0/257] Loss: 1.2132
2026/08/27 02:05:48 - __main__ - INFO - 162 - trainer - [52/257] Loss: 1.2007
2026/08/27 02:05:55 - __main__ - INFO - 162 - trainer - [104/257] Loss: 1.1984
2026/08/27 02:06:02 - __main__ - INFO - 162 - trainer - [156/257] Loss: 1.2181
2026/08/27 02:06:09 - __main__ - INFO - 162 - trainer - [208/257] Loss: 1.2274
2026/08/27 02:06:16 - __main__ - INFO - 167 - trainer - Average loss in epoch 382: 1.2002
2026/08/27 02:06:16 - __main__ - INFO - 117 - trainer - Epoch: 383
2026/08/27 02:06:16 - __main__ - INFO - 162 - trainer - [0/257] Loss: 1.1983
2026/08/27 02:06:23 - __main__ - INFO - 162 - trainer - [52/257] Loss: 1.1902
2026/08/27 02:06:30 - __main__ - INFO - 162 - trainer - [104/257] Loss: 1.1993
2026/08/27 02:06:37 - __main__ - INFO - 162 - trainer - [156/257] Loss: 1.1689
2026/08/27 02:06:44 - __main__ - INFO - 162 - trainer - [208/257] Loss: 1.1935
2026/08/27 02:06:51 - __main__ - INFO - 167 - trainer - Average loss in epoch 383: 1.2005
2026/08/27 02:06:51 - __main__ - INFO - 117 - trainer - Epoch: 384
2026/08/27 02:06:51 - __main__ - INFO - 162 - trainer - [0/257] Loss: 1.2395
2026/08/27 02:06:58 - __main__ - INFO - 162 - trainer - [52/257] Loss: 1.2588
2026/08/27 02:07:05 - __main__ - INFO - 162 - trainer - [104/257] Loss: 1.2185
2026/08/27 02:07:12 - __main__ - INFO - 162 - trainer - [156/257] Loss: 1.1631
2026/08/27 02:07:19 - __main__ - INFO - 162 - trainer - [208/257] Loss: 1.1867
2026/08/27 02:07:25 - __main__ - INFO - 167 - trainer - Average loss in epoch 384: 1.2008
2026/08/27 02:07:25 - __main__ - INFO - 117 - trainer - Epoch: 385
2026/08/27 02:07:25 - __main__ - INFO - 162 - trainer - [0/257] Loss: 1.1836
2026/08/27 02:07:32 - __main__ - INFO - 162 - trainer - [52/257] Loss: 1.1969
2026/08/27 02:07:39 - __main__ - INFO - 162 - trainer - [104/257] Loss: 1.1945
2026/08/27 02:07:46 - __main__ - INFO - 162 - trainer - [156/257] Loss: 1.1972
2026/08/27 02:07:53 - __main__ - INFO - 162 - trainer - [208/257] Loss: 1.2264
2026/08/27 02:07:59 - __main__ - INFO - 167 - trainer - Average loss in epoch 385: 1.2012
2026/08/27 02:07:59 - __main__ - INFO - 117 - trainer - Epoch: 386
2026/08/27 02:08:00 - __main__ - INFO - 162 - trainer - [0/257] Loss: 1.1647
2026/08/27 02:08:07 - __main__ - INFO - 162 - trainer - [52/257] Loss: 1.1922
2026/08/27 02:08:14 - __main__ - INFO - 162 - trainer - [104/257] Loss: 1.2091
2026/08/27 02:08:21 - __main__ - INFO - 162 - trainer - [156/257] Loss: 1.1894
2026/08/27 02:08:28 - __main__ - INFO - 162 - trainer - [208/257] Loss: 1.2031
2026/08/27 02:08:34 - __main__ - INFO - 167 - trainer - Average loss in epoch 386: 1.1997
2026/08/27 02:08:34 - __main__ - INFO - 117 - trainer - Epoch: 387
2026/08/27 02:08:34 - __main__ - INFO - 162 - trainer - [0/257] Loss: 1.2054
2026/08/27 02:08:41 - __main__ - INFO - 162 - trainer - [52/257] Loss: 1.2051
2026/08/27 02:08:48 - __main__ - INFO - 162 - trainer - [104/257] Loss: 1.1974
2026/08/27 02:08:55 - __main__ - INFO - 162 - trainer - [156/257] Loss: 1.2109
2026/08/27 02:09:02 - __main__ - INFO - 162 - trainer - [208/257] Loss: 1.1877
2026/08/27 02:09:09 - __main__ - INFO - 167 - trainer - Average loss in epoch 387: 1.2009
2026/08/27 02:09:09 - __main__ - INFO - 117 - trainer - Epoch: 388
2026/08/27 02:09:09 - __main__ - INFO - 162 - trainer - [0/257] Loss: 1.2244
2026/08/27 02:09:16 - __main__ - INFO - 162 - trainer - [52/257] Loss: 1.2074
2026/08/27 02:09:23 - __main__ - INFO - 162 - trainer - [104/257] Loss: 1.2308
2026/08/27 02:09:30 - __main__ - INFO - 162 - trainer - [156/257] Loss: 1.2118
2026/08/27 02:09:36 - __main__ - INFO - 162 - trainer - [208/257] Loss: 1.2274
2026/08/27 02:09:43 - __main__ - INFO - 167 - trainer - Average loss in epoch 388: 1.1998
2026/08/27 02:09:43 - __main__ - INFO - 117 - trainer - Epoch: 389
2026/08/27 02:09:43 - __main__ - INFO - 162 - trainer - [0/257] Loss: 1.2398
2026/08/27 02:09:50 - __main__ - INFO - 162 - trainer - [52/257] Loss: 1.2252
2026/08/27 02:09:57 - __main__ - INFO - 162 - trainer - [104/257] Loss: 1.2353
2026/08/27 02:10:04 - __main__ - INFO - 162 - trainer - [156/257] Loss: 1.1759
2026/08/27 02:10:11 - __main__ - INFO - 162 - trainer - [208/257] Loss: 1.2116
2026/08/27 02:10:17 - __main__ - INFO - 167 - trainer - Average loss in epoch 389: 1.2017
2026/08/27 02:10:17 - __main__ - INFO - 117 - trainer - Epoch: 390
2026/08/27 02:10:17 - __main__ - INFO - 162 - trainer - [0/257] Loss: 1.2288
2026/08/27 02:10:24 - __main__ - INFO - 162 - trainer - [52/257] Loss: 1.1951
2026/08/27 02:10:31 - __main__ - INFO - 162 - trainer - [104/257] Loss: 1.1927
2026/08/27 02:10:38 - __main__ - INFO - 162 - trainer - [156/257] Loss: 1.1998
2026/08/27 02:10:45 - __main__ - INFO - 162 - trainer - [208/257] Loss: 1.1837
2026/08/27 02:10:51 - __main__ - INFO - 167 - trainer - Average loss in epoch 390: 1.1998
2026/08/27 02:10:51 - __main__ - INFO - 117 - trainer - Epoch: 391
2026/08/27 02:10:52 - __main__ - INFO - 162 - trainer - [0/257] Loss: 1.2236
2026/08/27 02:10:59 - __main__ - INFO - 162 - trainer - [52/257] Loss: 1.1841
2026/08/27 02:11:05 - __main__ - INFO - 162 - trainer - [104/257] Loss: 1.2260
2026/08/27 02:11:12 - __main__ - INFO - 162 - trainer - [156/257] Loss: 1.2181
2026/08/27 02:11:19 - __main__ - INFO - 162 - trainer - [208/257] Loss: 1.1957
2026/08/27 02:11:25 - __main__ - INFO - 167 - trainer - Average loss in epoch 391: 1.2000
2026/08/27 02:11:25 - __main__ - INFO - 117 - trainer - Epoch: 392
2026/08/27 02:11:26 - __main__ - INFO - 162 - trainer - [0/257] Loss: 1.1728
2026/08/27 02:11:32 - __main__ - INFO - 162 - trainer - [52/257] Loss: 1.1807
2026/08/27 02:11:39 - __main__ - INFO - 162 - trainer - [104/257] Loss: 1.1869
2026/08/27 02:11:46 - __main__ - INFO - 162 - trainer - [156/257] Loss: 1.1800
2026/08/27 02:11:54 - __main__ - INFO - 162 - trainer - [208/257] Loss: 1.1675
2026/08/27 02:12:00 - __main__ - INFO - 167 - trainer - Average loss in epoch 392: 1.2010
2026/08/27 02:12:00 - __main__ - INFO - 117 - trainer - Epoch: 393
2026/08/27 02:12:00 - __main__ - INFO - 162 - trainer - [0/257] Loss: 1.1749
2026/08/27 02:12:07 - __main__ - INFO - 162 - trainer - [52/257] Loss: 1.2249
2026/08/27 02:12:14 - __main__ - INFO - 162 - trainer - [104/257] Loss: 1.2131
2026/08/27 02:12:21 - __main__ - INFO - 162 - trainer - [156/257] Loss: 1.1985
2026/08/27 02:12:28 - __main__ - INFO - 162 - trainer - [208/257] Loss: 1.1982
2026/08/27 02:12:34 - __main__ - INFO - 167 - trainer - Average loss in epoch 393: 1.2011
2026/08/27 02:12:34 - __main__ - INFO - 117 - trainer - Epoch: 394
2026/08/27 02:12:35 - __main__ - INFO - 162 - trainer - [0/257] Loss: 1.2167
2026/08/27 02:12:41 - __main__ - INFO - 162 - trainer - [52/257] Loss: 1.2042
2026/08/27 02:12:48 - __main__ - INFO - 162 - trainer - [104/257] Loss: 1.1805
2026/08/27 02:12:55 - __main__ - INFO - 162 - trainer - [156/257] Loss: 1.2006
2026/08/27 02:13:02 - __main__ - INFO - 162 - trainer - [208/257] Loss: 1.2067
2026/08/27 02:13:09 - __main__ - INFO - 167 - trainer - Average loss in epoch 394: 1.2011
2026/08/27 02:13:09 - __main__ - INFO - 117 - trainer - Epoch: 395
2026/08/27 02:13:09 - __main__ - INFO - 162 - trainer - [0/257] Loss: 1.2089
2026/08/27 02:13:16 - __main__ - INFO - 162 - trainer - [52/257] Loss: 1.1850
2026/08/27 02:13:23 - __main__ - INFO - 162 - trainer - [104/257] Loss: 1.1839
2026/08/27 02:13:29 - __main__ - INFO - 162 - trainer - [156/257] Loss: 1.2154
2026/08/27 02:13:36 - __main__ - INFO - 162 - trainer - [208/257] Loss: 1.1998
2026/08/27 02:13:43 - __main__ - INFO - 167 - trainer - Average loss in epoch 395: 1.2007
2026/08/27 02:13:43 - __main__ - INFO - 117 - trainer - Epoch: 396
2026/08/27 02:13:43 - __main__ - INFO - 162 - trainer - [0/257] Loss: 1.1931
2026/08/27 02:13:50 - __main__ - INFO - 162 - trainer - [52/257] Loss: 1.1996
2026/08/27 02:13:57 - __main__ - INFO - 162 - trainer - [104/257] Loss: 1.2072
2026/08/27 02:14:04 - __main__ - INFO - 162 - trainer - [156/257] Loss: 1.2112
2026/08/27 02:14:11 - __main__ - INFO - 162 - trainer - [208/257] Loss: 1.2510
2026/08/27 02:14:17 - __main__ - INFO - 167 - trainer - Average loss in epoch 396: 1.2004
2026/08/27 02:14:17 - __main__ - INFO - 117 - trainer - Epoch: 397
2026/08/27 02:14:17 - __main__ - INFO - 162 - trainer - [0/257] Loss: 1.2004
2026/08/27 02:14:24 - __main__ - INFO - 162 - trainer - [52/257] Loss: 1.1855
2026/08/27 02:14:31 - __main__ - INFO - 162 - trainer - [104/257] Loss: 1.2132
2026/08/27 02:14:38 - __main__ - INFO - 162 - trainer - [156/257] Loss: 1.2010
2026/08/27 02:14:45 - __main__ - INFO - 162 - trainer - [208/257] Loss: 1.2209
2026/08/27 02:14:52 - __main__ - INFO - 167 - trainer - Average loss in epoch 397: 1.2007
2026/08/27 02:14:52 - __main__ - INFO - 117 - trainer - Epoch: 398
2026/08/27 02:14:52 - __main__ - INFO - 162 - trainer - [0/257] Loss: 1.2305
2026/08/27 02:14:59 - __main__ - INFO - 162 - trainer - [52/257] Loss: 1.2245
2026/08/27 02:15:06 - __main__ - INFO - 162 - trainer - [104/257] Loss: 1.1993
2026/08/27 02:15:13 - __main__ - INFO - 162 - trainer - [156/257] Loss: 1.1999
2026/08/27 02:15:20 - __main__ - INFO - 162 - trainer - [208/257] Loss: 1.2025
2026/08/27 02:15:26 - __main__ - INFO - 167 - trainer - Average loss in epoch 398: 1.2002
2026/08/27 02:15:26 - __main__ - INFO - 117 - trainer - Epoch: 399
2026/08/27 02:15:26 - __main__ - INFO - 162 - trainer - [0/257] Loss: 1.2103
2026/08/27 02:15:33 - __main__ - INFO - 162 - trainer - [52/257] Loss: 1.1936
2026/08/27 02:15:40 - __main__ - INFO - 162 - trainer - [104/257] Loss: 1.1753
2026/08/27 02:15:47 - __main__ - INFO - 162 - trainer - [156/257] Loss: 1.2086
2026/08/27 02:15:54 - __main__ - INFO - 162 - trainer - [208/257] Loss: 1.2374
2026/08/27 02:16:00 - __main__ - INFO - 167 - trainer - Average loss in epoch 399: 1.2003
2026/08/27 02:16:00 - __main__ - INFO - 117 - trainer - Epoch: 400
2026/08/27 02:16:01 - __main__ - INFO - 162 - trainer - [0/257] Loss: 1.1707
2026/08/27 02:16:07 - __main__ - INFO - 162 - trainer - [52/257] Loss: 1.1922
2026/08/27 02:16:14 - __main__ - INFO - 162 - trainer - [104/257] Loss: 1.1905
2026/08/27 02:16:21 - __main__ - INFO - 162 - trainer - [156/257] Loss: 1.1998
2026/08/27 02:16:28 - __main__ - INFO - 162 - trainer - [208/257] Loss: 1.2157
2026/08/27 02:16:35 - __main__ - INFO - 167 - trainer - Average loss in epoch 400: 1.1996
2026/08/27 02:16:35 - __main__ - INFO - 173 - trainer - start predicting: 2026-08-27 02:16:35.215096
2026/08/27 02:17:43 - __main__ - INFO - 117 - trainer - Epoch: 401
2026/08/27 02:17:43 - __main__ - INFO - 162 - trainer - [0/257] Loss: 1.2156
2026/08/27 02:17:50 - __main__ - INFO - 162 - trainer - [52/257] Loss: 1.1953
2026/08/27 02:17:58 - __main__ - INFO - 162 - trainer - [104/257] Loss: 1.1730
2026/08/27 02:18:05 - __main__ - INFO - 162 - trainer - [156/257] Loss: 1.2124
2026/08/27 02:18:12 - __main__ - INFO - 162 - trainer - [208/257] Loss: 1.1895
2026/08/27 02:18:19 - __main__ - INFO - 167 - trainer - Average loss in epoch 401: 1.2006
2026/08/27 02:18:19 - __main__ - INFO - 117 - trainer - Epoch: 402
2026/08/27 02:18:19 - __main__ - INFO - 162 - trainer - [0/257] Loss: 1.2284
2026/08/27 02:18:26 - __main__ - INFO - 162 - trainer - [52/257] Loss: 1.1911
2026/08/27 02:18:33 - __main__ - INFO - 162 - trainer - [104/257] Loss: 1.2157
2026/08/27 02:18:40 - __main__ - INFO - 162 - trainer - [156/257] Loss: 1.1736
2026/08/27 02:18:48 - __main__ - INFO - 162 - trainer - [208/257] Loss: 1.1562
2026/08/27 02:18:54 - __main__ - INFO - 167 - trainer - Average loss in epoch 402: 1.2013
2026/08/27 02:18:54 - __main__ - INFO - 117 - trainer - Epoch: 403
2026/08/27 02:18:54 - __main__ - INFO - 162 - trainer - [0/257] Loss: 1.1767
2026/08/27 02:19:02 - __main__ - INFO - 162 - trainer - [52/257] Loss: 1.1685
2026/08/27 02:19:09 - __main__ - INFO - 162 - trainer - [104/257] Loss: 1.1887
2026/08/27 02:19:16 - __main__ - INFO - 162 - trainer - [156/257] Loss: 1.2044
2026/08/27 02:19:23 - __main__ - INFO - 162 - trainer - [208/257] Loss: 1.1631
2026/08/27 02:19:30 - __main__ - INFO - 167 - trainer - Average loss in epoch 403: 1.2009
2026/08/27 02:19:30 - __main__ - INFO - 117 - trainer - Epoch: 404
2026/08/27 02:19:30 - __main__ - INFO - 162 - trainer - [0/257] Loss: 1.1890
2026/08/27 02:19:37 - __main__ - INFO - 162 - trainer - [52/257] Loss: 1.2013
2026/08/27 02:19:44 - __main__ - INFO - 162 - trainer - [104/257] Loss: 1.2147
2026/08/27 02:19:51 - __main__ - INFO - 162 - trainer - [156/257] Loss: 1.2011
2026/08/27 02:19:58 - __main__ - INFO - 162 - trainer - [208/257] Loss: 1.2072
2026/08/27 02:20:05 - __main__ - INFO - 167 - trainer - Average loss in epoch 404: 1.2003
2026/08/27 02:20:05 - __main__ - INFO - 117 - trainer - Epoch: 405
2026/08/27 02:20:05 - __main__ - INFO - 162 - trainer - [0/257] Loss: 1.2184
2026/08/27 02:20:12 - __main__ - INFO - 162 - trainer - [52/257] Loss: 1.2225
2026/08/27 02:20:19 - __main__ - INFO - 162 - trainer - [104/257] Loss: 1.2045
2026/08/27 02:20:26 - __main__ - INFO - 162 - trainer - [156/257] Loss: 1.2304
2026/08/27 02:20:33 - __main__ - INFO - 162 - trainer - [208/257] Loss: 1.1983
2026/08/27 02:20:40 - __main__ - INFO - 167 - trainer - Average loss in epoch 405: 1.2009
2026/08/27 02:20:40 - __main__ - INFO - 117 - trainer - Epoch: 406
2026/08/27 02:20:40 - __main__ - INFO - 162 - trainer - [0/257] Loss: 1.1870
2026/08/27 02:20:47 - __main__ - INFO - 162 - trainer - [52/257] Loss: 1.1892
2026/08/27 02:20:54 - __main__ - INFO - 162 - trainer - [104/257] Loss: 1.1720
2026/08/27 02:21:02 - __main__ - INFO - 162 - trainer - [156/257] Loss: 1.2339
2026/08/27 02:21:09 - __main__ - INFO - 162 - trainer - [208/257] Loss: 1.2034
2026/08/27 02:21:15 - __main__ - INFO - 167 - trainer - Average loss in epoch 406: 1.2008
2026/08/27 02:21:15 - __main__ - INFO - 117 - trainer - Epoch: 407
2026/08/27 02:21:16 - __main__ - INFO - 162 - trainer - [0/257] Loss: 1.1872
2026/08/27 02:21:23 - __main__ - INFO - 162 - trainer - [52/257] Loss: 1.2011
2026/08/27 02:21:30 - __main__ - INFO - 162 - trainer - [104/257] Loss: 1.1848
2026/08/27 02:21:37 - __main__ - INFO - 162 - trainer - [156/257] Loss: 1.2069
2026/08/27 02:21:44 - __main__ - INFO - 162 - trainer - [208/257] Loss: 1.2204
2026/08/27 02:21:50 - __main__ - INFO - 167 - trainer - Average loss in epoch 407: 1.2006
2026/08/27 02:21:50 - __main__ - INFO - 117 - trainer - Epoch: 408
2026/08/27 02:21:50 - __main__ - INFO - 162 - trainer - [0/257] Loss: 1.1898
2026/08/27 02:21:57 - __main__ - INFO - 162 - trainer - [52/257] Loss: 1.1668
2026/08/27 02:22:04 - __main__ - INFO - 162 - trainer - [104/257] Loss: 1.1918
2026/08/27 02:22:11 - __main__ - INFO - 162 - trainer - [156/257] Loss: 1.1934
2026/08/27 02:22:18 - __main__ - INFO - 162 - trainer - [208/257] Loss: 1.1994
2026/08/27 02:22:25 - __main__ - INFO - 167 - trainer - Average loss in epoch 408: 1.1998
2026/08/27 02:22:25 - __main__ - INFO - 117 - trainer - Epoch: 409
2026/08/27 02:22:25 - __main__ - INFO - 162 - trainer - [0/257] Loss: 1.2457
2026/08/27 02:22:32 - __main__ - INFO - 162 - trainer - [52/257] Loss: 1.2158
2026/08/27 02:22:39 - __main__ - INFO - 162 - trainer - [104/257] Loss: 1.1909
2026/08/27 02:22:46 - __main__ - INFO - 162 - trainer - [156/257] Loss: 1.1946
2026/08/27 02:22:53 - __main__ - INFO - 162 - trainer - [208/257] Loss: 1.2068
2026/08/27 02:23:00 - __main__ - INFO - 167 - trainer - Average loss in epoch 409: 1.2009
2026/08/27 02:23:00 - __main__ - INFO - 117 - trainer - Epoch: 410
2026/08/27 02:23:00 - __main__ - INFO - 162 - trainer - [0/257] Loss: 1.2081
2026/08/27 02:23:07 - __main__ - INFO - 162 - trainer - [52/257] Loss: 1.2115
2026/08/27 02:23:14 - __main__ - INFO - 162 - trainer - [104/257] Loss: 1.2281
2026/08/27 02:23:21 - __main__ - INFO - 162 - trainer - [156/257] Loss: 1.2322
2026/08/27 02:23:28 - __main__ - INFO - 162 - trainer - [208/257] Loss: 1.1991
2026/08/27 02:23:34 - __main__ - INFO - 167 - trainer - Average loss in epoch 410: 1.2007
2026/08/27 02:23:34 - __main__ - INFO - 117 - trainer - Epoch: 411
2026/08/27 02:23:35 - __main__ - INFO - 162 - trainer - [0/257] Loss: 1.2522
2026/08/27 02:23:42 - __main__ - INFO - 162 - trainer - [52/257] Loss: 1.1977
2026/08/27 02:23:49 - __main__ - INFO - 162 - trainer - [104/257] Loss: 1.2258
2026/08/27 02:23:56 - __main__ - INFO - 162 - trainer - [156/257] Loss: 1.2204
2026/08/27 02:24:03 - __main__ - INFO - 162 - trainer - [208/257] Loss: 1.2212
2026/08/27 02:24:09 - __main__ - INFO - 167 - trainer - Average loss in epoch 411: 1.1995
2026/08/27 02:24:09 - __main__ - INFO - 117 - trainer - Epoch: 412
2026/08/27 02:24:09 - __main__ - INFO - 162 - trainer - [0/257] Loss: 1.1975
2026/08/27 02:24:16 - __main__ - INFO - 162 - trainer - [52/257] Loss: 1.2326
2026/08/27 02:24:23 - __main__ - INFO - 162 - trainer - [104/257] Loss: 1.2490
2026/08/27 02:24:31 - __main__ - INFO - 162 - trainer - [156/257] Loss: 1.1657
2026/08/27 02:24:37 - __main__ - INFO - 162 - trainer - [208/257] Loss: 1.1959
2026/08/27 02:24:44 - __main__ - INFO - 167 - trainer - Average loss in epoch 412: 1.2012
2026/08/27 02:24:44 - __main__ - INFO - 117 - trainer - Epoch: 413
2026/08/27 02:24:44 - __main__ - INFO - 162 - trainer - [0/257] Loss: 1.2060
2026/08/27 02:24:51 - __main__ - INFO - 162 - trainer - [52/257] Loss: 1.2023
2026/08/27 02:24:58 - __main__ - INFO - 162 - trainer - [104/257] Loss: 1.2036
2026/08/27 02:25:05 - __main__ - INFO - 162 - trainer - [156/257] Loss: 1.1947
2026/08/27 02:25:12 - __main__ - INFO - 162 - trainer - [208/257] Loss: 1.2071
2026/08/27 02:25:19 - __main__ - INFO - 167 - trainer - Average loss in epoch 413: 1.2008
2026/08/27 02:25:19 - __main__ - INFO - 117 - trainer - Epoch: 414
2026/08/27 02:25:19 - __main__ - INFO - 162 - trainer - [0/257] Loss: 1.1449
2026/08/27 02:25:26 - __main__ - INFO - 162 - trainer - [52/257] Loss: 1.1683
2026/08/27 02:25:33 - __main__ - INFO - 162 - trainer - [104/257] Loss: 1.2001
2026/08/27 02:25:40 - __main__ - INFO - 162 - trainer - [156/257] Loss: 1.1734
2026/08/27 02:25:47 - __main__ - INFO - 162 - trainer - [208/257] Loss: 1.1942
2026/08/27 02:25:54 - __main__ - INFO - 167 - trainer - Average loss in epoch 414: 1.2007
2026/08/27 02:25:54 - __main__ - INFO - 117 - trainer - Epoch: 415
2026/08/27 02:25:54 - __main__ - INFO - 162 - trainer - [0/257] Loss: 1.2192
2026/08/27 02:26:01 - __main__ - INFO - 162 - trainer - [52/257] Loss: 1.2507
2026/08/27 02:26:08 - __main__ - INFO - 162 - trainer - [104/257] Loss: 1.2080
2026/08/27 02:26:15 - __main__ - INFO - 162 - trainer - [156/257] Loss: 1.1922
2026/08/27 02:26:22 - __main__ - INFO - 162 - trainer - [208/257] Loss: 1.1614
2026/08/27 02:26:29 - __main__ - INFO - 167 - trainer - Average loss in epoch 415: 1.2003
2026/08/27 02:26:29 - __main__ - INFO - 117 - trainer - Epoch: 416
2026/08/27 02:26:29 - __main__ - INFO - 162 - trainer - [0/257] Loss: 1.1942
2026/08/27 02:26:36 - __main__ - INFO - 162 - trainer - [52/257] Loss: 1.1953
2026/08/27 02:26:43 - __main__ - INFO - 162 - trainer - [104/257] Loss: 1.2542
2026/08/27 02:26:50 - __main__ - INFO - 162 - trainer - [156/257] Loss: 1.1895
2026/08/27 02:26:57 - __main__ - INFO - 162 - trainer - [208/257] Loss: 1.2095
2026/08/27 02:27:03 - __main__ - INFO - 167 - trainer - Average loss in epoch 416: 1.2006
2026/08/27 02:27:03 - __main__ - INFO - 117 - trainer - Epoch: 417
2026/08/27 02:27:04 - __main__ - INFO - 162 - trainer - [0/257] Loss: 1.2091
2026/08/27 02:27:11 - __main__ - INFO - 162 - trainer - [52/257] Loss: 1.1882
2026/08/27 02:27:18 - __main__ - INFO - 162 - trainer - [104/257] Loss: 1.2559
2026/08/27 02:27:25 - __main__ - INFO - 162 - trainer - [156/257] Loss: 1.2208
2026/08/27 02:27:32 - __main__ - INFO - 162 - trainer - [208/257] Loss: 1.1978
2026/08/27 02:27:38 - __main__ - INFO - 167 - trainer - Average loss in epoch 417: 1.2011
2026/08/27 02:27:38 - __main__ - INFO - 117 - trainer - Epoch: 418
2026/08/27 02:27:38 - __main__ - INFO - 162 - trainer - [0/257] Loss: 1.1856
2026/08/27 02:27:45 - __main__ - INFO - 162 - trainer - [52/257] Loss: 1.1851
2026/08/27 02:27:53 - __main__ - INFO - 162 - trainer - [104/257] Loss: 1.2348
2026/08/27 02:28:00 - __main__ - INFO - 162 - trainer - [156/257] Loss: 1.1925
2026/08/27 02:28:07 - __main__ - INFO - 162 - trainer - [208/257] Loss: 1.1975
2026/08/27 02:28:13 - __main__ - INFO - 167 - trainer - Average loss in epoch 418: 1.2003
2026/08/27 02:28:13 - __main__ - INFO - 117 - trainer - Epoch: 419
2026/08/27 02:28:13 - __main__ - INFO - 162 - trainer - [0/257] Loss: 1.1932
2026/08/27 02:28:20 - __main__ - INFO - 162 - trainer - [52/257] Loss: 1.1835
2026/08/27 02:28:27 - __main__ - INFO - 162 - trainer - [104/257] Loss: 1.2291
2026/08/27 02:28:34 - __main__ - INFO - 162 - trainer - [156/257] Loss: 1.2024
2026/08/27 02:28:41 - __main__ - INFO - 162 - trainer - [208/257] Loss: 1.1965
2026/08/27 02:28:48 - __main__ - INFO - 167 - trainer - Average loss in epoch 419: 1.1996
2026/08/27 02:28:48 - __main__ - INFO - 117 - trainer - Epoch: 420
2026/08/27 02:28:48 - __main__ - INFO - 162 - trainer - [0/257] Loss: 1.2080
2026/08/27 02:28:55 - __main__ - INFO - 162 - trainer - [52/257] Loss: 1.1710
2026/08/27 02:29:02 - __main__ - INFO - 162 - trainer - [104/257] Loss: 1.1964
2026/08/27 02:29:09 - __main__ - INFO - 162 - trainer - [156/257] Loss: 1.2052
2026/08/27 02:29:16 - __main__ - INFO - 162 - trainer - [208/257] Loss: 1.1502
2026/08/27 02:29:22 - __main__ - INFO - 167 - trainer - Average loss in epoch 420: 1.2005
2026/08/27 02:29:22 - __main__ - INFO - 173 - trainer - start predicting: 2026-08-27 02:29:22.956347
2026/08/27 02:30:22 - __main__ - INFO - 117 - trainer - Epoch: 421
2026/08/27 02:30:23 - __main__ - INFO - 162 - trainer - [0/257] Loss: 1.2121
2026/08/27 02:30:30 - __main__ - INFO - 162 - trainer - [52/257] Loss: 1.1945
2026/08/27 02:30:37 - __main__ - INFO - 162 - trainer - [104/257] Loss: 1.1575
2026/08/27 02:30:44 - __main__ - INFO - 162 - trainer - [156/257] Loss: 1.2057
2026/08/27 02:30:51 - __main__ - INFO - 162 - trainer - [208/257] Loss: 1.2357
2026/08/27 02:30:57 - __main__ - INFO - 167 - trainer - Average loss in epoch 421: 1.2005
2026/08/27 02:30:57 - __main__ - INFO - 117 - trainer - Epoch: 422
2026/08/27 02:30:57 - __main__ - INFO - 162 - trainer - [0/257] Loss: 1.1980
2026/08/27 02:31:04 - __main__ - INFO - 162 - trainer - [52/257] Loss: 1.1957
2026/08/27 02:31:12 - __main__ - INFO - 162 - trainer - [104/257] Loss: 1.1337
2026/08/27 02:31:19 - __main__ - INFO - 162 - trainer - [156/257] Loss: 1.2268
2026/08/27 02:31:26 - __main__ - INFO - 162 - trainer - [208/257] Loss: 1.2120
2026/08/27 02:31:32 - __main__ - INFO - 167 - trainer - Average loss in epoch 422: 1.2008
2026/08/27 02:31:32 - __main__ - INFO - 117 - trainer - Epoch: 423
2026/08/27 02:31:32 - __main__ - INFO - 162 - trainer - [0/257] Loss: 1.1928
2026/08/27 02:31:39 - __main__ - INFO - 162 - trainer - [52/257] Loss: 1.2272
2026/08/27 02:31:47 - __main__ - INFO - 162 - trainer - [104/257] Loss: 1.1952
2026/08/27 02:31:53 - __main__ - INFO - 162 - trainer - [156/257] Loss: 1.2165
2026/08/27 02:32:00 - __main__ - INFO - 162 - trainer - [208/257] Loss: 1.1824
2026/08/27 02:32:07 - __main__ - INFO - 167 - trainer - Average loss in epoch 423: 1.2014
2026/08/27 02:32:07 - __main__ - INFO - 117 - trainer - Epoch: 424
2026/08/27 02:32:07 - __main__ - INFO - 162 - trainer - [0/257] Loss: 1.1694
2026/08/27 02:32:14 - __main__ - INFO - 162 - trainer - [52/257] Loss: 1.2018
2026/08/27 02:32:21 - __main__ - INFO - 162 - trainer - [104/257] Loss: 1.1948
2026/08/27 02:32:28 - __main__ - INFO - 162 - trainer - [156/257] Loss: 1.1833
2026/08/27 02:32:35 - __main__ - INFO - 162 - trainer - [208/257] Loss: 1.1966
2026/08/27 02:32:41 - __main__ - INFO - 167 - trainer - Average loss in epoch 424: 1.2011
2026/08/27 02:32:41 - __main__ - INFO - 117 - trainer - Epoch: 425
2026/08/27 02:32:41 - __main__ - INFO - 162 - trainer - [0/257] Loss: 1.2136
2026/08/27 02:32:48 - __main__ - INFO - 162 - trainer - [52/257] Loss: 1.2096
2026/08/27 02:32:55 - __main__ - INFO - 162 - trainer - [104/257] Loss: 1.2172
2026/08/27 02:33:02 - __main__ - INFO - 162 - trainer - [156/257] Loss: 1.1833
2026/08/27 02:33:09 - __main__ - INFO - 162 - trainer - [208/257] Loss: 1.1881
2026/08/27 02:33:16 - __main__ - INFO - 167 - trainer - Average loss in epoch 425: 1.2003
2026/08/27 02:33:16 - __main__ - INFO - 117 - trainer - Epoch: 426
2026/08/27 02:33:16 - __main__ - INFO - 162 - trainer - [0/257] Loss: 1.1692
2026/08/27 02:33:23 - __main__ - INFO - 162 - trainer - [52/257] Loss: 1.2377
2026/08/27 02:33:30 - __main__ - INFO - 162 - trainer - [104/257] Loss: 1.2203
2026/08/27 02:33:37 - __main__ - INFO - 162 - trainer - [156/257] Loss: 1.2094
2026/08/27 02:33:44 - __main__ - INFO - 162 - trainer - [208/257] Loss: 1.1956
2026/08/27 02:33:50 - __main__ - INFO - 167 - trainer - Average loss in epoch 426: 1.2000
2026/08/27 02:33:50 - __main__ - INFO - 117 - trainer - Epoch: 427
2026/08/27 02:33:51 - __main__ - INFO - 162 - trainer - [0/257] Loss: 1.2189
2026/08/27 02:33:58 - __main__ - INFO - 162 - trainer - [52/257] Loss: 1.1525
2026/08/27 02:34:05 - __main__ - INFO - 162 - trainer - [104/257] Loss: 1.1843
2026/08/27 02:34:12 - __main__ - INFO - 162 - trainer - [156/257] Loss: 1.1829
2026/08/27 02:34:18 - __main__ - INFO - 162 - trainer - [208/257] Loss: 1.1946
2026/08/27 02:34:25 - __main__ - INFO - 167 - trainer - Average loss in epoch 427: 1.2003
2026/08/27 02:34:25 - __main__ - INFO - 117 - trainer - Epoch: 428
2026/08/27 02:34:25 - __main__ - INFO - 162 - trainer - [0/257] Loss: 1.2006
2026/08/27 02:34:32 - __main__ - INFO - 162 - trainer - [52/257] Loss: 1.2199
2026/08/27 02:34:39 - __main__ - INFO - 162 - trainer - [104/257] Loss: 1.2364
2026/08/27 02:34:46 - __main__ - INFO - 162 - trainer - [156/257] Loss: 1.1999
2026/08/27 02:34:53 - __main__ - INFO - 162 - trainer - [208/257] Loss: 1.2007
2026/08/27 02:34:59 - __main__ - INFO - 167 - trainer - Average loss in epoch 428: 1.1998
2026/08/27 02:34:59 - __main__ - INFO - 117 - trainer - Epoch: 429
2026/08/27 02:34:59 - __main__ - INFO - 162 - trainer - [0/257] Loss: 1.1887
2026/08/27 02:35:06 - __main__ - INFO - 162 - trainer - [52/257] Loss: 1.1823
2026/08/27 02:35:13 - __main__ - INFO - 162 - trainer - [104/257] Loss: 1.1852
2026/08/27 02:35:20 - __main__ - INFO - 162 - trainer - [156/257] Loss: 1.1883
2026/08/27 02:35:27 - __main__ - INFO - 162 - trainer - [208/257] Loss: 1.2118
2026/08/27 02:35:34 - __main__ - INFO - 167 - trainer - Average loss in epoch 429: 1.2012
2026/08/27 02:35:34 - __main__ - INFO - 117 - trainer - Epoch: 430
2026/08/27 02:35:34 - __main__ - INFO - 162 - trainer - [0/257] Loss: 1.2168
2026/08/27 02:35:41 - __main__ - INFO - 162 - trainer - [52/257] Loss: 1.1820
2026/08/27 02:35:48 - __main__ - INFO - 162 - trainer - [104/257] Loss: 1.1488
2026/08/27 02:35:55 - __main__ - INFO - 162 - trainer - [156/257] Loss: 1.1986
2026/08/27 02:36:02 - __main__ - INFO - 162 - trainer - [208/257] Loss: 1.2045
2026/08/27 02:36:08 - __main__ - INFO - 167 - trainer - Average loss in epoch 430: 1.2005
2026/08/27 02:36:08 - __main__ - INFO - 117 - trainer - Epoch: 431
2026/08/27 02:36:08 - __main__ - INFO - 162 - trainer - [0/257] Loss: 1.1993
2026/08/27 02:36:16 - __main__ - INFO - 162 - trainer - [52/257] Loss: 1.2126
2026/08/27 02:36:23 - __main__ - INFO - 162 - trainer - [104/257] Loss: 1.1863
2026/08/27 02:36:30 - __main__ - INFO - 162 - trainer - [156/257] Loss: 1.1816
2026/08/27 02:36:37 - __main__ - INFO - 162 - trainer - [208/257] Loss: 1.2157
2026/08/27 02:36:43 - __main__ - INFO - 167 - trainer - Average loss in epoch 431: 1.2004
2026/08/27 02:36:43 - __main__ - INFO - 117 - trainer - Epoch: 432
2026/08/27 02:36:43 - __main__ - INFO - 162 - trainer - [0/257] Loss: 1.2091
2026/08/27 02:36:50 - __main__ - INFO - 162 - trainer - [52/257] Loss: 1.2070
2026/08/27 02:36:57 - __main__ - INFO - 162 - trainer - [104/257] Loss: 1.2194
2026/08/27 02:37:04 - __main__ - INFO - 162 - trainer - [156/257] Loss: 1.2116
2026/08/27 02:37:11 - __main__ - INFO - 162 - trainer - [208/257] Loss: 1.2180
2026/08/27 02:37:17 - __main__ - INFO - 167 - trainer - Average loss in epoch 432: 1.1999
2026/08/27 02:37:17 - __main__ - INFO - 117 - trainer - Epoch: 433
2026/08/27 02:37:18 - __main__ - INFO - 162 - trainer - [0/257] Loss: 1.1863
2026/08/27 02:37:25 - __main__ - INFO - 162 - trainer - [52/257] Loss: 1.1855
2026/08/27 02:37:32 - __main__ - INFO - 162 - trainer - [104/257] Loss: 1.2060
2026/08/27 02:37:39 - __main__ - INFO - 162 - trainer - [156/257] Loss: 1.1786
2026/08/27 02:37:46 - __main__ - INFO - 162 - trainer - [208/257] Loss: 1.2301
2026/08/27 02:37:53 - __main__ - INFO - 167 - trainer - Average loss in epoch 433: 1.2004
2026/08/27 02:37:53 - __main__ - INFO - 117 - trainer - Epoch: 434
2026/08/27 02:37:53 - __main__ - INFO - 162 - trainer - [0/257] Loss: 1.1933
2026/08/27 02:38:00 - __main__ - INFO - 162 - trainer - [52/257] Loss: 1.1901
2026/08/27 02:38:07 - __main__ - INFO - 162 - trainer - [104/257] Loss: 1.1985
2026/08/27 02:38:14 - __main__ - INFO - 162 - trainer - [156/257] Loss: 1.2356
2026/08/27 02:38:21 - __main__ - INFO - 162 - trainer - [208/257] Loss: 1.2508
2026/08/27 02:38:27 - __main__ - INFO - 167 - trainer - Average loss in epoch 434: 1.2008
2026/08/27 02:38:27 - __main__ - INFO - 117 - trainer - Epoch: 435
2026/08/27 02:38:27 - __main__ - INFO - 162 - trainer - [0/257] Loss: 1.1814
2026/08/27 02:38:34 - __main__ - INFO - 162 - trainer - [52/257] Loss: 1.2196
2026/08/27 02:38:42 - __main__ - INFO - 162 - trainer - [104/257] Loss: 1.2070
2026/08/27 02:38:49 - __main__ - INFO - 162 - trainer - [156/257] Loss: 1.2329
2026/08/27 02:38:56 - __main__ - INFO - 162 - trainer - [208/257] Loss: 1.2086
2026/08/27 02:39:02 - __main__ - INFO - 167 - trainer - Average loss in epoch 435: 1.2009
2026/08/27 02:39:02 - __main__ - INFO - 117 - trainer - Epoch: 436
2026/08/27 02:39:02 - __main__ - INFO - 162 - trainer - [0/257] Loss: 1.1898
2026/08/27 02:39:09 - __main__ - INFO - 162 - trainer - [52/257] Loss: 1.2506
2026/08/27 02:39:16 - __main__ - INFO - 162 - trainer - [104/257] Loss: 1.1915
2026/08/27 02:39:23 - __main__ - INFO - 162 - trainer - [156/257] Loss: 1.1969
2026/08/27 02:39:30 - __main__ - INFO - 162 - trainer - [208/257] Loss: 1.1991
2026/08/27 02:39:37 - __main__ - INFO - 167 - trainer - Average loss in epoch 436: 1.1997
2026/08/27 02:39:37 - __main__ - INFO - 117 - trainer - Epoch: 437
2026/08/27 02:39:37 - __main__ - INFO - 162 - trainer - [0/257] Loss: 1.2164
2026/08/27 02:39:44 - __main__ - INFO - 162 - trainer - [52/257] Loss: 1.2046
2026/08/27 02:39:52 - __main__ - INFO - 162 - trainer - [104/257] Loss: 1.2042
2026/08/27 02:39:59 - __main__ - INFO - 162 - trainer - [156/257] Loss: 1.1711
2026/08/27 02:40:06 - __main__ - INFO - 162 - trainer - [208/257] Loss: 1.1998
2026/08/27 02:40:12 - __main__ - INFO - 167 - trainer - Average loss in epoch 437: 1.2007
2026/08/27 02:40:12 - __main__ - INFO - 117 - trainer - Epoch: 438
2026/08/27 02:40:12 - __main__ - INFO - 162 - trainer - [0/257] Loss: 1.2257
2026/08/27 02:40:19 - __main__ - INFO - 162 - trainer - [52/257] Loss: 1.1744
2026/08/27 02:40:26 - __main__ - INFO - 162 - trainer - [104/257] Loss: 1.1928
2026/08/27 02:40:33 - __main__ - INFO - 162 - trainer - [156/257] Loss: 1.1791
2026/08/27 02:40:40 - __main__ - INFO - 162 - trainer - [208/257] Loss: 1.1662
2026/08/27 02:40:47 - __main__ - INFO - 167 - trainer - Average loss in epoch 438: 1.2006
2026/08/27 02:40:47 - __main__ - INFO - 117 - trainer - Epoch: 439
2026/08/27 02:40:47 - __main__ - INFO - 162 - trainer - [0/257] Loss: 1.2082
2026/08/27 02:40:54 - __main__ - INFO - 162 - trainer - [52/257] Loss: 1.1950
2026/08/27 02:41:01 - __main__ - INFO - 162 - trainer - [104/257] Loss: 1.1867
2026/08/27 02:41:08 - __main__ - INFO - 162 - trainer - [156/257] Loss: 1.2348
2026/08/27 02:41:15 - __main__ - INFO - 162 - trainer - [208/257] Loss: 1.1959
2026/08/27 02:41:22 - __main__ - INFO - 167 - trainer - Average loss in epoch 439: 1.2008
2026/08/27 02:41:22 - __main__ - INFO - 117 - trainer - Epoch: 440
2026/08/27 02:41:22 - __main__ - INFO - 162 - trainer - [0/257] Loss: 1.2112
2026/08/27 02:41:29 - __main__ - INFO - 162 - trainer - [52/257] Loss: 1.1606
2026/08/27 02:41:36 - __main__ - INFO - 162 - trainer - [104/257] Loss: 1.1788
2026/08/27 02:41:43 - __main__ - INFO - 162 - trainer - [156/257] Loss: 1.1644
2026/08/27 02:41:50 - __main__ - INFO - 162 - trainer - [208/257] Loss: 1.1895
2026/08/27 02:41:56 - __main__ - INFO - 167 - trainer - Average loss in epoch 440: 1.2000
2026/08/27 02:41:56 - __main__ - INFO - 173 - trainer - start predicting: 2026-08-27 02:41:56.610466
2026/08/27 02:43:01 - __main__ - INFO - 117 - trainer - Epoch: 441
2026/08/27 02:43:01 - __main__ - INFO - 162 - trainer - [0/257] Loss: 1.1969
2026/08/27 02:43:09 - __main__ - INFO - 162 - trainer - [52/257] Loss: 1.2238
2026/08/27 02:43:16 - __main__ - INFO - 162 - trainer - [104/257] Loss: 1.2050
2026/08/27 02:43:23 - __main__ - INFO - 162 - trainer - [156/257] Loss: 1.2069
2026/08/27 02:43:29 - __main__ - INFO - 162 - trainer - [208/257] Loss: 1.1981
2026/08/27 02:43:36 - __main__ - INFO - 167 - trainer - Average loss in epoch 441: 1.2011
2026/08/27 02:43:36 - __main__ - INFO - 117 - trainer - Epoch: 442
2026/08/27 02:43:36 - __main__ - INFO - 162 - trainer - [0/257] Loss: 1.2172
2026/08/27 02:43:43 - __main__ - INFO - 162 - trainer - [52/257] Loss: 1.1903
2026/08/27 02:43:50 - __main__ - INFO - 162 - trainer - [104/257] Loss: 1.2032
2026/08/27 02:43:57 - __main__ - INFO - 162 - trainer - [156/257] Loss: 1.1833
2026/08/27 02:44:04 - __main__ - INFO - 162 - trainer - [208/257] Loss: 1.1927
2026/08/27 02:44:11 - __main__ - INFO - 167 - trainer - Average loss in epoch 442: 1.2010
2026/08/27 02:44:11 - __main__ - INFO - 117 - trainer - Epoch: 443
2026/08/27 02:44:11 - __main__ - INFO - 162 - trainer - [0/257] Loss: 1.2148
2026/08/27 02:44:18 - __main__ - INFO - 162 - trainer - [52/257] Loss: 1.2187
2026/08/27 02:44:25 - __main__ - INFO - 162 - trainer - [104/257] Loss: 1.2059
2026/08/27 02:44:32 - __main__ - INFO - 162 - trainer - [156/257] Loss: 1.2239
2026/08/27 02:44:39 - __main__ - INFO - 162 - trainer - [208/257] Loss: 1.2001
2026/08/27 02:44:46 - __main__ - INFO - 167 - trainer - Average loss in epoch 443: 1.2001
2026/08/27 02:44:46 - __main__ - INFO - 117 - trainer - Epoch: 444
2026/08/27 02:44:46 - __main__ - INFO - 162 - trainer - [0/257] Loss: 1.1792
2026/08/27 02:44:53 - __main__ - INFO - 162 - trainer - [52/257] Loss: 1.2220
2026/08/27 02:45:00 - __main__ - INFO - 162 - trainer - [104/257] Loss: 1.1781
2026/08/27 02:45:07 - __main__ - INFO - 162 - trainer - [156/257] Loss: 1.1608
2026/08/27 02:45:14 - __main__ - INFO - 162 - trainer - [208/257] Loss: 1.1882
2026/08/27 02:45:21 - __main__ - INFO - 167 - trainer - Average loss in epoch 444: 1.2004
2026/08/27 02:45:21 - __main__ - INFO - 117 - trainer - Epoch: 445
2026/08/27 02:45:21 - __main__ - INFO - 162 - trainer - [0/257] Loss: 1.1978
2026/08/27 02:45:28 - __main__ - INFO - 162 - trainer - [52/257] Loss: 1.1935
2026/08/27 02:45:35 - __main__ - INFO - 162 - trainer - [104/257] Loss: 1.2129
2026/08/27 02:45:42 - __main__ - INFO - 162 - trainer - [156/257] Loss: 1.1790
2026/08/27 02:45:49 - __main__ - INFO - 162 - trainer - [208/257] Loss: 1.2279
2026/08/27 02:45:56 - __main__ - INFO - 167 - trainer - Average loss in epoch 445: 1.2001
2026/08/27 02:45:56 - __main__ - INFO - 117 - trainer - Epoch: 446
2026/08/27 02:45:56 - __main__ - INFO - 162 - trainer - [0/257] Loss: 1.2118
2026/08/27 02:46:03 - __main__ - INFO - 162 - trainer - [52/257] Loss: 1.2183
2026/08/27 02:46:10 - __main__ - INFO - 162 - trainer - [104/257] Loss: 1.2111
2026/08/27 02:46:17 - __main__ - INFO - 162 - trainer - [156/257] Loss: 1.2052
2026/08/27 02:46:24 - __main__ - INFO - 162 - trainer - [208/257] Loss: 1.1824
2026/08/27 02:46:31 - __main__ - INFO - 167 - trainer - Average loss in epoch 446: 1.2017
2026/08/27 02:46:31 - __main__ - INFO - 117 - trainer - Epoch: 447
2026/08/27 02:46:31 - __main__ - INFO - 162 - trainer - [0/257] Loss: 1.2120
2026/08/27 02:46:38 - __main__ - INFO - 162 - trainer - [52/257] Loss: 1.1879
2026/08/27 02:46:45 - __main__ - INFO - 162 - trainer - [104/257] Loss: 1.1923
2026/08/27 02:46:52 - __main__ - INFO - 162 - trainer - [156/257] Loss: 1.2165
2026/08/27 02:46:59 - __main__ - INFO - 162 - trainer - [208/257] Loss: 1.1679
2026/08/27 02:47:05 - __main__ - INFO - 167 - trainer - Average loss in epoch 447: 1.2014
2026/08/27 02:47:05 - __main__ - INFO - 117 - trainer - Epoch: 448
2026/08/27 02:47:06 - __main__ - INFO - 162 - trainer - [0/257] Loss: 1.1895
2026/08/27 02:47:13 - __main__ - INFO - 162 - trainer - [52/257] Loss: 1.2348
2026/08/27 02:47:20 - __main__ - INFO - 162 - trainer - [104/257] Loss: 1.2137
2026/08/27 02:47:27 - __main__ - INFO - 162 - trainer - [156/257] Loss: 1.1746
2026/08/27 02:47:34 - __main__ - INFO - 162 - trainer - [208/257] Loss: 1.1904
2026/08/27 02:47:40 - __main__ - INFO - 167 - trainer - Average loss in epoch 448: 1.2006
2026/08/27 02:47:40 - __main__ - INFO - 117 - trainer - Epoch: 449
2026/08/27 02:47:41 - __main__ - INFO - 162 - trainer - [0/257] Loss: 1.1722
2026/08/27 02:47:48 - __main__ - INFO - 162 - trainer - [52/257] Loss: 1.1979
2026/08/27 02:47:55 - __main__ - INFO - 162 - trainer - [104/257] Loss: 1.2101
2026/08/27 02:48:02 - __main__ - INFO - 162 - trainer - [156/257] Loss: 1.2136
2026/08/27 02:48:09 - __main__ - INFO - 162 - trainer - [208/257] Loss: 1.2258
2026/08/27 02:48:16 - __main__ - INFO - 167 - trainer - Average loss in epoch 449: 1.2005
2026/08/27 02:48:16 - __main__ - INFO - 117 - trainer - Epoch: 450
2026/08/27 02:48:16 - __main__ - INFO - 162 - trainer - [0/257] Loss: 1.2015
2026/08/27 02:48:23 - __main__ - INFO - 162 - trainer - [52/257] Loss: 1.2212
2026/08/27 02:48:30 - __main__ - INFO - 162 - trainer - [104/257] Loss: 1.2082
2026/08/27 02:48:37 - __main__ - INFO - 162 - trainer - [156/257] Loss: 1.1597
2026/08/27 02:48:44 - __main__ - INFO - 162 - trainer - [208/257] Loss: 1.1918
2026/08/27 02:48:51 - __main__ - INFO - 167 - trainer - Average loss in epoch 450: 1.2005
2026/08/27 02:48:51 - __main__ - INFO - 117 - trainer - Epoch: 451
2026/08/27 02:48:51 - __main__ - INFO - 162 - trainer - [0/257] Loss: 1.2079
2026/08/27 02:48:58 - __main__ - INFO - 162 - trainer - [52/257] Loss: 1.1992
2026/08/27 02:49:05 - __main__ - INFO - 162 - trainer - [104/257] Loss: 1.2224
2026/08/27 02:49:12 - __main__ - INFO - 162 - trainer - [156/257] Loss: 1.2088
2026/08/27 02:49:20 - __main__ - INFO - 162 - trainer - [208/257] Loss: 1.1733
2026/08/27 02:49:26 - __main__ - INFO - 167 - trainer - Average loss in epoch 451: 1.1993
2026/08/27 02:49:26 - __main__ - INFO - 117 - trainer - Epoch: 452
2026/08/27 02:49:26 - __main__ - INFO - 162 - trainer - [0/257] Loss: 1.1851
2026/08/27 02:49:33 - __main__ - INFO - 162 - trainer - [52/257] Loss: 1.2038
2026/08/27 02:49:40 - __main__ - INFO - 162 - trainer - [104/257] Loss: 1.2061
2026/08/27 02:49:47 - __main__ - INFO - 162 - trainer - [156/257] Loss: 1.1808
2026/08/27 02:49:55 - __main__ - INFO - 162 - trainer - [208/257] Loss: 1.2324
2026/08/27 02:50:01 - __main__ - INFO - 167 - trainer - Average loss in epoch 452: 1.1993
2026/08/27 02:50:01 - __main__ - INFO - 117 - trainer - Epoch: 453
2026/08/27 02:50:01 - __main__ - INFO - 162 - trainer - [0/257] Loss: 1.2076
2026/08/27 02:50:08 - __main__ - INFO - 162 - trainer - [52/257] Loss: 1.2183
2026/08/27 02:50:15 - __main__ - INFO - 162 - trainer - [104/257] Loss: 1.2133
2026/08/27 02:50:22 - __main__ - INFO - 162 - trainer - [156/257] Loss: 1.1759
2026/08/27 02:50:29 - __main__ - INFO - 162 - trainer - [208/257] Loss: 1.1997
2026/08/27 02:50:36 - __main__ - INFO - 167 - trainer - Average loss in epoch 453: 1.1996
2026/08/27 02:50:36 - __main__ - INFO - 117 - trainer - Epoch: 454
2026/08/27 02:50:36 - __main__ - INFO - 162 - trainer - [0/257] Loss: 1.2162
2026/08/27 02:50:43 - __main__ - INFO - 162 - trainer - [52/257] Loss: 1.1761
2026/08/27 02:50:50 - __main__ - INFO - 162 - trainer - [104/257] Loss: 1.2010
2026/08/27 02:50:57 - __main__ - INFO - 162 - trainer - [156/257] Loss: 1.1977
2026/08/27 02:51:04 - __main__ - INFO - 162 - trainer - [208/257] Loss: 1.2397
2026/08/27 02:51:11 - __main__ - INFO - 167 - trainer - Average loss in epoch 454: 1.1999
2026/08/27 02:51:11 - __main__ - INFO - 117 - trainer - Epoch: 455
2026/08/27 02:51:11 - __main__ - INFO - 162 - trainer - [0/257] Loss: 1.2100
2026/08/27 02:51:18 - __main__ - INFO - 162 - trainer - [52/257] Loss: 1.2193
2026/08/27 02:51:25 - __main__ - INFO - 162 - trainer - [104/257] Loss: 1.2183
2026/08/27 02:51:33 - __main__ - INFO - 162 - trainer - [156/257] Loss: 1.1847
2026/08/27 02:51:40 - __main__ - INFO - 162 - trainer - [208/257] Loss: 1.1970
2026/08/27 02:51:46 - __main__ - INFO - 167 - trainer - Average loss in epoch 455: 1.1995
2026/08/27 02:51:46 - __main__ - INFO - 117 - trainer - Epoch: 456
2026/08/27 02:51:47 - __main__ - INFO - 162 - trainer - [0/257] Loss: 1.2008
2026/08/27 02:51:54 - __main__ - INFO - 162 - trainer - [52/257] Loss: 1.2112
2026/08/27 02:52:01 - __main__ - INFO - 162 - trainer - [104/257] Loss: 1.1822
2026/08/27 02:52:08 - __main__ - INFO - 162 - trainer - [156/257] Loss: 1.2193
2026/08/27 02:52:15 - __main__ - INFO - 162 - trainer - [208/257] Loss: 1.1964
2026/08/27 02:52:22 - __main__ - INFO - 167 - trainer - Average loss in epoch 456: 1.2003
2026/08/27 02:52:22 - __main__ - INFO - 117 - trainer - Epoch: 457
2026/08/27 02:52:22 - __main__ - INFO - 162 - trainer - [0/257] Loss: 1.2287
2026/08/27 02:52:29 - __main__ - INFO - 162 - trainer - [52/257] Loss: 1.2007
2026/08/27 02:52:36 - __main__ - INFO - 162 - trainer - [104/257] Loss: 1.1838
2026/08/27 02:52:43 - __main__ - INFO - 162 - trainer - [156/257] Loss: 1.1960
2026/08/27 02:52:51 - __main__ - INFO - 162 - trainer - [208/257] Loss: 1.1974
2026/08/27 02:52:57 - __main__ - INFO - 167 - trainer - Average loss in epoch 457: 1.2000
2026/08/27 02:52:57 - __main__ - INFO - 117 - trainer - Epoch: 458
2026/08/27 02:52:57 - __main__ - INFO - 162 - trainer - [0/257] Loss: 1.1670
2026/08/27 02:53:05 - __main__ - INFO - 162 - trainer - [52/257] Loss: 1.1977
2026/08/27 02:53:12 - __main__ - INFO - 162 - trainer - [104/257] Loss: 1.2107
2026/08/27 02:53:19 - __main__ - INFO - 162 - trainer - [156/257] Loss: 1.1834
2026/08/27 02:53:26 - __main__ - INFO - 162 - trainer - [208/257] Loss: 1.2048
2026/08/27 02:53:33 - __main__ - INFO - 167 - trainer - Average loss in epoch 458: 1.2003
2026/08/27 02:53:33 - __main__ - INFO - 117 - trainer - Epoch: 459
2026/08/27 02:53:33 - __main__ - INFO - 162 - trainer - [0/257] Loss: 1.2084
2026/08/27 02:53:40 - __main__ - INFO - 162 - trainer - [52/257] Loss: 1.1784
2026/08/27 02:53:47 - __main__ - INFO - 162 - trainer - [104/257] Loss: 1.2060
2026/08/27 02:53:54 - __main__ - INFO - 162 - trainer - [156/257] Loss: 1.1948
2026/08/27 02:54:01 - __main__ - INFO - 162 - trainer - [208/257] Loss: 1.1983
2026/08/27 02:54:08 - __main__ - INFO - 167 - trainer - Average loss in epoch 459: 1.2000
2026/08/27 02:54:08 - __main__ - INFO - 117 - trainer - Epoch: 460
2026/08/27 02:54:08 - __main__ - INFO - 162 - trainer - [0/257] Loss: 1.2354
2026/08/27 02:54:15 - __main__ - INFO - 162 - trainer - [52/257] Loss: 1.2008
2026/08/27 02:54:22 - __main__ - INFO - 162 - trainer - [104/257] Loss: 1.1617
2026/08/27 02:54:29 - __main__ - INFO - 162 - trainer - [156/257] Loss: 1.1756
2026/08/27 02:54:36 - __main__ - INFO - 162 - trainer - [208/257] Loss: 1.1801
2026/08/27 02:54:43 - __main__ - INFO - 167 - trainer - Average loss in epoch 460: 1.1996
2026/08/27 02:54:43 - __main__ - INFO - 173 - trainer - start predicting: 2026-08-27 02:54:43.227803
2026/08/27 02:55:52 - __main__ - INFO - 117 - trainer - Epoch: 461
2026/08/27 02:55:53 - __main__ - INFO - 162 - trainer - [0/257] Loss: 1.1648
2026/08/27 02:56:00 - __main__ - INFO - 162 - trainer - [52/257] Loss: 1.1794
2026/08/27 02:56:07 - __main__ - INFO - 162 - trainer - [104/257] Loss: 1.1874
2026/08/27 02:56:14 - __main__ - INFO - 162 - trainer - [156/257] Loss: 1.2224
2026/08/27 02:56:21 - __main__ - INFO - 162 - trainer - [208/257] Loss: 1.1576
2026/08/27 02:56:28 - __main__ - INFO - 167 - trainer - Average loss in epoch 461: 1.2018
2026/08/27 02:56:28 - __main__ - INFO - 117 - trainer - Epoch: 462
2026/08/27 02:56:28 - __main__ - INFO - 162 - trainer - [0/257] Loss: 1.2034
2026/08/27 02:56:35 - __main__ - INFO - 162 - trainer - [52/257] Loss: 1.2028
2026/08/27 02:56:42 - __main__ - INFO - 162 - trainer - [104/257] Loss: 1.2228
2026/08/27 02:56:49 - __main__ - INFO - 162 - trainer - [156/257] Loss: 1.1874
2026/08/27 02:56:56 - __main__ - INFO - 162 - trainer - [208/257] Loss: 1.1882
2026/08/27 02:57:03 - __main__ - INFO - 167 - trainer - Average loss in epoch 462: 1.2004
2026/08/27 02:57:03 - __main__ - INFO - 117 - trainer - Epoch: 463
2026/08/27 02:57:03 - __main__ - INFO - 162 - trainer - [0/257] Loss: 1.2064
2026/08/27 02:57:10 - __main__ - INFO - 162 - trainer - [52/257] Loss: 1.1902
2026/08/27 02:57:17 - __main__ - INFO - 162 - trainer - [104/257] Loss: 1.2102
2026/08/27 02:57:24 - __main__ - INFO - 162 - trainer - [156/257] Loss: 1.2048
2026/08/27 02:57:31 - __main__ - INFO - 162 - trainer - [208/257] Loss: 1.1954
2026/08/27 02:57:38 - __main__ - INFO - 167 - trainer - Average loss in epoch 463: 1.2016
2026/08/27 02:57:38 - __main__ - INFO - 117 - trainer - Epoch: 464
2026/08/27 02:57:38 - __main__ - INFO - 162 - trainer - [0/257] Loss: 1.1912
2026/08/27 02:57:45 - __main__ - INFO - 162 - trainer - [52/257] Loss: 1.2200
2026/08/27 02:57:52 - __main__ - INFO - 162 - trainer - [104/257] Loss: 1.1620
2026/08/27 02:57:59 - __main__ - INFO - 162 - trainer - [156/257] Loss: 1.2353
2026/08/27 02:58:06 - __main__ - INFO - 162 - trainer - [208/257] Loss: 1.1997
2026/08/27 02:58:13 - __main__ - INFO - 167 - trainer - Average loss in epoch 464: 1.2012
2026/08/27 02:58:13 - __main__ - INFO - 117 - trainer - Epoch: 465
2026/08/27 02:58:13 - __main__ - INFO - 162 - trainer - [0/257] Loss: 1.2090
2026/08/27 02:58:20 - __main__ - INFO - 162 - trainer - [52/257] Loss: 1.2239
2026/08/27 02:58:27 - __main__ - INFO - 162 - trainer - [104/257] Loss: 1.1979
2026/08/27 02:58:34 - __main__ - INFO - 162 - trainer - [156/257] Loss: 1.1776
2026/08/27 02:58:41 - __main__ - INFO - 162 - trainer - [208/257] Loss: 1.1831
2026/08/27 02:58:48 - __main__ - INFO - 167 - trainer - Average loss in epoch 465: 1.1997
2026/08/27 02:58:48 - __main__ - INFO - 117 - trainer - Epoch: 466
2026/08/27 02:58:48 - __main__ - INFO - 162 - trainer - [0/257] Loss: 1.2147
2026/08/27 02:58:55 - __main__ - INFO - 162 - trainer - [52/257] Loss: 1.1847
2026/08/27 02:59:02 - __main__ - INFO - 162 - trainer - [104/257] Loss: 1.2134
2026/08/27 02:59:09 - __main__ - INFO - 162 - trainer - [156/257] Loss: 1.2328
2026/08/27 02:59:16 - __main__ - INFO - 162 - trainer - [208/257] Loss: 1.1950
2026/08/27 02:59:23 - __main__ - INFO - 167 - trainer - Average loss in epoch 466: 1.2010
2026/08/27 02:59:23 - __main__ - INFO - 117 - trainer - Epoch: 467
2026/08/27 02:59:23 - __main__ - INFO - 162 - trainer - [0/257] Loss: 1.2366
2026/08/27 02:59:30 - __main__ - INFO - 162 - trainer - [52/257] Loss: 1.1650
2026/08/27 02:59:37 - __main__ - INFO - 162 - trainer - [104/257] Loss: 1.2036
2026/08/27 02:59:44 - __main__ - INFO - 162 - trainer - [156/257] Loss: 1.2243
2026/08/27 02:59:51 - __main__ - INFO - 162 - trainer - [208/257] Loss: 1.1824
2026/08/27 02:59:58 - __main__ - INFO - 167 - trainer - Average loss in epoch 467: 1.2000
2026/08/27 02:59:58 - __main__ - INFO - 117 - trainer - Epoch: 468
2026/08/27 02:59:58 - __main__ - INFO - 162 - trainer - [0/257] Loss: 1.1982
2026/08/27 03:00:05 - __main__ - INFO - 162 - trainer - [52/257] Loss: 1.2051
2026/08/27 03:00:12 - __main__ - INFO - 162 - trainer - [104/257] Loss: 1.1888
2026/08/27 03:00:19 - __main__ - INFO - 162 - trainer - [156/257] Loss: 1.1791
2026/08/27 03:00:26 - __main__ - INFO - 162 - trainer - [208/257] Loss: 1.1838
2026/08/27 03:00:33 - __main__ - INFO - 167 - trainer - Average loss in epoch 468: 1.2008
2026/08/27 03:00:33 - __main__ - INFO - 117 - trainer - Epoch: 469
2026/08/27 03:00:33 - __main__ - INFO - 162 - trainer - [0/257] Loss: 1.2012
2026/08/27 03:00:40 - __main__ - INFO - 162 - trainer - [52/257] Loss: 1.2120
2026/08/27 03:00:47 - __main__ - INFO - 162 - trainer - [104/257] Loss: 1.2008
2026/08/27 03:00:54 - __main__ - INFO - 162 - trainer - [156/257] Loss: 1.1890
2026/08/27 03:01:01 - __main__ - INFO - 162 - trainer - [208/257] Loss: 1.1812
2026/08/27 03:01:08 - __main__ - INFO - 167 - trainer - Average loss in epoch 469: 1.2012
2026/08/27 03:01:08 - __main__ - INFO - 117 - trainer - Epoch: 470
2026/08/27 03:01:08 - __main__ - INFO - 162 - trainer - [0/257] Loss: 1.2320
2026/08/27 03:01:15 - __main__ - INFO - 162 - trainer - [52/257] Loss: 1.2024
2026/08/27 03:01:22 - __main__ - INFO - 162 - trainer - [104/257] Loss: 1.2305
2026/08/27 03:01:29 - __main__ - INFO - 162 - trainer - [156/257] Loss: 1.2291
2026/08/27 03:01:36 - __main__ - INFO - 162 - trainer - [208/257] Loss: 1.1900
2026/08/27 03:01:43 - __main__ - INFO - 167 - trainer - Average loss in epoch 470: 1.2000
2026/08/27 03:01:43 - __main__ - INFO - 117 - trainer - Epoch: 471
2026/08/27 03:01:43 - __main__ - INFO - 162 - trainer - [0/257] Loss: 1.1966
2026/08/27 03:01:50 - __main__ - INFO - 162 - trainer - [52/257] Loss: 1.1872
2026/08/27 03:01:57 - __main__ - INFO - 162 - trainer - [104/257] Loss: 1.2121
2026/08/27 03:02:04 - __main__ - INFO - 162 - trainer - [156/257] Loss: 1.2019
2026/08/27 03:02:11 - __main__ - INFO - 162 - trainer - [208/257] Loss: 1.2366
2026/08/27 03:02:18 - __main__ - INFO - 167 - trainer - Average loss in epoch 471: 1.2005
2026/08/27 03:02:18 - __main__ - INFO - 117 - trainer - Epoch: 472
2026/08/27 03:02:18 - __main__ - INFO - 162 - trainer - [0/257] Loss: 1.1918
2026/08/27 03:02:25 - __main__ - INFO - 162 - trainer - [52/257] Loss: 1.1799
2026/08/27 03:02:32 - __main__ - INFO - 162 - trainer - [104/257] Loss: 1.1750
2026/08/27 03:02:39 - __main__ - INFO - 162 - trainer - [156/257] Loss: 1.1960
2026/08/27 03:02:46 - __main__ - INFO - 162 - trainer - [208/257] Loss: 1.2023
2026/08/27 03:02:52 - __main__ - INFO - 167 - trainer - Average loss in epoch 472: 1.2000
2026/08/27 03:02:52 - __main__ - INFO - 117 - trainer - Epoch: 473
2026/08/27 03:02:52 - __main__ - INFO - 162 - trainer - [0/257] Loss: 1.1960
2026/08/27 03:02:59 - __main__ - INFO - 162 - trainer - [52/257] Loss: 1.1800
2026/08/27 03:03:06 - __main__ - INFO - 162 - trainer - [104/257] Loss: 1.1729
2026/08/27 03:03:13 - __main__ - INFO - 162 - trainer - [156/257] Loss: 1.1705
2026/08/27 03:03:21 - __main__ - INFO - 162 - trainer - [208/257] Loss: 1.1987
2026/08/27 03:03:27 - __main__ - INFO - 167 - trainer - Average loss in epoch 473: 1.1997
2026/08/27 03:03:27 - __main__ - INFO - 117 - trainer - Epoch: 474
2026/08/27 03:03:27 - __main__ - INFO - 162 - trainer - [0/257] Loss: 1.1978
2026/08/27 03:03:34 - __main__ - INFO - 162 - trainer - [52/257] Loss: 1.1712
2026/08/27 03:03:41 - __main__ - INFO - 162 - trainer - [104/257] Loss: 1.2517
2026/08/27 03:03:48 - __main__ - INFO - 162 - trainer - [156/257] Loss: 1.2184
2026/08/27 03:03:55 - __main__ - INFO - 162 - trainer - [208/257] Loss: 1.2180
2026/08/27 03:04:02 - __main__ - INFO - 167 - trainer - Average loss in epoch 474: 1.1998
2026/08/27 03:04:02 - __main__ - INFO - 117 - trainer - Epoch: 475
2026/08/27 03:04:02 - __main__ - INFO - 162 - trainer - [0/257] Loss: 1.2250
2026/08/27 03:04:09 - __main__ - INFO - 162 - trainer - [52/257] Loss: 1.2158
2026/08/27 03:04:16 - __main__ - INFO - 162 - trainer - [104/257] Loss: 1.1739
2026/08/27 03:04:23 - __main__ - INFO - 162 - trainer - [156/257] Loss: 1.2244
2026/08/27 03:04:30 - __main__ - INFO - 162 - trainer - [208/257] Loss: 1.2495
2026/08/27 03:04:37 - __main__ - INFO - 167 - trainer - Average loss in epoch 475: 1.1998
2026/08/27 03:04:37 - __main__ - INFO - 117 - trainer - Epoch: 476
2026/08/27 03:04:37 - __main__ - INFO - 162 - trainer - [0/257] Loss: 1.1883
2026/08/27 03:04:44 - __main__ - INFO - 162 - trainer - [52/257] Loss: 1.1851
2026/08/27 03:04:51 - __main__ - INFO - 162 - trainer - [104/257] Loss: 1.2027
2026/08/27 03:04:58 - __main__ - INFO - 162 - trainer - [156/257] Loss: 1.2157
2026/08/27 03:05:05 - __main__ - INFO - 162 - trainer - [208/257] Loss: 1.2219
2026/08/27 03:05:12 - __main__ - INFO - 167 - trainer - Average loss in epoch 476: 1.2012
2026/08/27 03:05:12 - __main__ - INFO - 117 - trainer - Epoch: 477
2026/08/27 03:05:12 - __main__ - INFO - 162 - trainer - [0/257] Loss: 1.1847
2026/08/27 03:05:19 - __main__ - INFO - 162 - trainer - [52/257] Loss: 1.2070
2026/08/27 03:05:26 - __main__ - INFO - 162 - trainer - [104/257] Loss: 1.2047
2026/08/27 03:05:33 - __main__ - INFO - 162 - trainer - [156/257] Loss: 1.2168
2026/08/27 03:05:40 - __main__ - INFO - 162 - trainer - [208/257] Loss: 1.1640
2026/08/27 03:05:47 - __main__ - INFO - 167 - trainer - Average loss in epoch 477: 1.2016
2026/08/27 03:05:47 - __main__ - INFO - 117 - trainer - Epoch: 478
2026/08/27 03:05:47 - __main__ - INFO - 162 - trainer - [0/257] Loss: 1.2120
2026/08/27 03:05:54 - __main__ - INFO - 162 - trainer - [52/257] Loss: 1.1902
2026/08/27 03:06:01 - __main__ - INFO - 162 - trainer - [104/257] Loss: 1.2039
2026/08/27 03:06:08 - __main__ - INFO - 162 - trainer - [156/257] Loss: 1.1935
2026/08/27 03:06:15 - __main__ - INFO - 162 - trainer - [208/257] Loss: 1.2152
2026/08/27 03:06:22 - __main__ - INFO - 167 - trainer - Average loss in epoch 478: 1.2011
2026/08/27 03:06:22 - __main__ - INFO - 117 - trainer - Epoch: 479
2026/08/27 03:06:22 - __main__ - INFO - 162 - trainer - [0/257] Loss: 1.1931
2026/08/27 03:06:29 - __main__ - INFO - 162 - trainer - [52/257] Loss: 1.2001
2026/08/27 03:06:36 - __main__ - INFO - 162 - trainer - [104/257] Loss: 1.1921
2026/08/27 03:06:43 - __main__ - INFO - 162 - trainer - [156/257] Loss: 1.1911
2026/08/27 03:06:50 - __main__ - INFO - 162 - trainer - [208/257] Loss: 1.2058
2026/08/27 03:06:57 - __main__ - INFO - 167 - trainer - Average loss in epoch 479: 1.2010
2026/08/27 03:06:57 - __main__ - INFO - 117 - trainer - Epoch: 480
2026/08/27 03:06:57 - __main__ - INFO - 162 - trainer - [0/257] Loss: 1.2389
2026/08/27 03:07:04 - __main__ - INFO - 162 - trainer - [52/257] Loss: 1.1838
2026/08/27 03:07:11 - __main__ - INFO - 162 - trainer - [104/257] Loss: 1.2270
2026/08/27 03:07:18 - __main__ - INFO - 162 - trainer - [156/257] Loss: 1.1597
2026/08/27 03:07:25 - __main__ - INFO - 162 - trainer - [208/257] Loss: 1.2141
2026/08/27 03:07:32 - __main__ - INFO - 167 - trainer - Average loss in epoch 480: 1.2003
2026/08/27 03:07:32 - __main__ - INFO - 173 - trainer - start predicting: 2026-08-27 03:07:32.087526
