2026/09/01 10:37:07 - __main__ - INFO - 73 - main - Namespace(dataset='amazon_beauty', log_file='log/', random_seed=1997, max_len=50, device='cuda', num_gpu=1, batch_size=512, hidden_size=128, dropout=0.1, emb_dropout=0.3, hidden_act='gelu', num_blocks=4, epochs=500, decay_step=100, gamma=0.1, metric_ks=[5, 10, 20], optimizer='Adam', lr=0.001, weight_decay=0, momentum=None, lambda_uncertainty=0.001, eval_interval=20, patience=5, eps=0.001, sample_N=30, lambda_t=0.001, dropout_c=0.1, eps_reverse=0.001, m_logNorm=1.0, s_logNorm=0.6, s_modsamp=1.0, last=2, mask_ratio=1.0, sampling_method='mode', Loss_Alpha=0.0, Loss_Beta=0.4)
2026/09/01 10:37:08 - __main__ - INFO - 117 - trainer - Epoch: 0
2026/09/01 10:37:08 - __main__ - INFO - 162 - trainer - [0/257] Loss: 1.9923
2026/09/01 10:37:16 - __main__ - INFO - 162 - trainer - [52/257] Loss: 1.7848
2026/09/01 10:37:23 - __main__ - INFO - 162 - trainer - [104/257] Loss: 1.6075
2026/09/01 10:37:31 - __main__ - INFO - 162 - trainer - [156/257] Loss: 1.4346
2026/09/01 10:37:38 - __main__ - INFO - 162 - trainer - [208/257] Loss: 1.2854
2026/09/01 10:37:45 - __main__ - INFO - 167 - trainer - Average loss in epoch 0: 1.5451
2026/09/01 10:37:45 - __main__ - INFO - 117 - trainer - Epoch: 1
2026/09/01 10:37:45 - __main__ - INFO - 162 - trainer - [0/257] Loss: 1.1725
2026/09/01 10:37:53 - __main__ - INFO - 162 - trainer - [52/257] Loss: 1.0641
2026/09/01 10:38:01 - __main__ - INFO - 162 - trainer - [104/257] Loss: 0.9863
2026/09/01 10:38:08 - __main__ - INFO - 162 - trainer - [156/257] Loss: 0.9135
2026/09/01 10:38:16 - __main__ - INFO - 162 - trainer - [208/257] Loss: 0.8818
2026/09/01 10:38:23 - __main__ - INFO - 167 - trainer - Average loss in epoch 1: 0.9783
2026/09/01 10:38:23 - __main__ - INFO - 117 - trainer - Epoch: 2
2026/09/01 10:38:23 - __main__ - INFO - 162 - trainer - [0/257] Loss: 0.8644
2026/09/01 10:38:30 - __main__ - INFO - 162 - trainer - [52/257] Loss: 0.8394
2026/09/01 10:38:38 - __main__ - INFO - 162 - trainer - [104/257] Loss: 0.8180
2026/09/01 10:38:46 - __main__ - INFO - 162 - trainer - [156/257] Loss: 0.7956
2026/09/01 10:38:53 - __main__ - INFO - 162 - trainer - [208/257] Loss: 0.7720
2026/09/01 10:39:00 - __main__ - INFO - 167 - trainer - Average loss in epoch 2: 0.8026
2026/09/01 10:39:00 - __main__ - INFO - 117 - trainer - Epoch: 3
2026/09/01 10:39:00 - __main__ - INFO - 162 - trainer - [0/257] Loss: 0.7327
2026/09/01 10:39:08 - __main__ - INFO - 162 - trainer - [52/257] Loss: 0.7252
2026/09/01 10:39:15 - __main__ - INFO - 162 - trainer - [104/257] Loss: 0.7192
2026/09/01 10:39:23 - __main__ - INFO - 162 - trainer - [156/257] Loss: 0.7170
2026/09/01 10:39:30 - __main__ - INFO - 162 - trainer - [208/257] Loss: 0.6890
2026/09/01 10:39:37 - __main__ - INFO - 167 - trainer - Average loss in epoch 3: 0.7094
2026/09/01 10:39:37 - __main__ - INFO - 117 - trainer - Epoch: 4
2026/09/01 10:39:37 - __main__ - INFO - 162 - trainer - [0/257] Loss: 0.6695
2026/09/01 10:39:45 - __main__ - INFO - 162 - trainer - [52/257] Loss: 0.6704
2026/09/01 10:39:52 - __main__ - INFO - 162 - trainer - [104/257] Loss: 0.6427
2026/09/01 10:40:00 - __main__ - INFO - 162 - trainer - [156/257] Loss: 0.6339
2026/09/01 10:40:07 - __main__ - INFO - 162 - trainer - [208/257] Loss: 0.6099
2026/09/01 10:40:14 - __main__ - INFO - 167 - trainer - Average loss in epoch 4: 0.6367
2026/09/01 10:40:14 - __main__ - INFO - 117 - trainer - Epoch: 5
2026/09/01 10:40:14 - __main__ - INFO - 162 - trainer - [0/257] Loss: 0.5991
2026/09/01 10:40:22 - __main__ - INFO - 162 - trainer - [52/257] Loss: 0.5900
2026/09/01 10:40:29 - __main__ - INFO - 162 - trainer - [104/257] Loss: 0.5718
2026/09/01 10:40:37 - __main__ - INFO - 162 - trainer - [156/257] Loss: 0.5649
2026/09/01 10:40:44 - __main__ - INFO - 162 - trainer - [208/257] Loss: 0.5632
2026/09/01 10:40:51 - __main__ - INFO - 167 - trainer - Average loss in epoch 5: 0.5736
2026/09/01 10:40:51 - __main__ - INFO - 117 - trainer - Epoch: 6
2026/09/01 10:40:51 - __main__ - INFO - 162 - trainer - [0/257] Loss: 0.5405
2026/09/01 10:40:59 - __main__ - INFO - 162 - trainer - [52/257] Loss: 0.5236
2026/09/01 10:41:06 - __main__ - INFO - 162 - trainer - [104/257] Loss: 0.5221
2026/09/01 10:41:14 - __main__ - INFO - 162 - trainer - [156/257] Loss: 0.5023
2026/09/01 10:41:21 - __main__ - INFO - 162 - trainer - [208/257] Loss: 0.5013
2026/09/01 10:41:28 - __main__ - INFO - 167 - trainer - Average loss in epoch 6: 0.5181
2026/09/01 10:41:28 - __main__ - INFO - 117 - trainer - Epoch: 7
2026/09/01 10:41:28 - __main__ - INFO - 162 - trainer - [0/257] Loss: 0.4849
2026/09/01 10:41:36 - __main__ - INFO - 162 - trainer - [52/257] Loss: 0.4769
2026/09/01 10:41:43 - __main__ - INFO - 162 - trainer - [104/257] Loss: 0.4778
2026/09/01 10:41:51 - __main__ - INFO - 162 - trainer - [156/257] Loss: 0.4541
2026/09/01 10:41:58 - __main__ - INFO - 162 - trainer - [208/257] Loss: 0.4484
2026/09/01 10:42:05 - __main__ - INFO - 167 - trainer - Average loss in epoch 7: 0.4687
2026/09/01 10:42:05 - __main__ - INFO - 117 - trainer - Epoch: 8
2026/09/01 10:42:05 - __main__ - INFO - 162 - trainer - [0/257] Loss: 0.4514
2026/09/01 10:42:13 - __main__ - INFO - 162 - trainer - [52/257] Loss: 0.4347
2026/09/01 10:42:20 - __main__ - INFO - 162 - trainer - [104/257] Loss: 0.4219
2026/09/01 10:42:28 - __main__ - INFO - 162 - trainer - [156/257] Loss: 0.4379
2026/09/01 10:42:35 - __main__ - INFO - 162 - trainer - [208/257] Loss: 0.4095
2026/09/01 10:42:42 - __main__ - INFO - 167 - trainer - Average loss in epoch 8: 0.4247
2026/09/01 10:42:42 - __main__ - INFO - 117 - trainer - Epoch: 9
2026/09/01 10:42:43 - __main__ - INFO - 162 - trainer - [0/257] Loss: 0.3943
2026/09/01 10:42:50 - __main__ - INFO - 162 - trainer - [52/257] Loss: 0.3969
2026/09/01 10:42:58 - __main__ - INFO - 162 - trainer - [104/257] Loss: 0.3803
2026/09/01 10:43:05 - __main__ - INFO - 162 - trainer - [156/257] Loss: 0.3944
2026/09/01 10:43:13 - __main__ - INFO - 162 - trainer - [208/257] Loss: 0.3824
2026/09/01 10:43:20 - __main__ - INFO - 167 - trainer - Average loss in epoch 9: 0.3854
2026/09/01 10:43:20 - __main__ - INFO - 117 - trainer - Epoch: 10
2026/09/01 10:43:20 - __main__ - INFO - 162 - trainer - [0/257] Loss: 0.3655
2026/09/01 10:43:27 - __main__ - INFO - 162 - trainer - [52/257] Loss: 0.3589
2026/09/01 10:43:35 - __main__ - INFO - 162 - trainer - [104/257] Loss: 0.3647
2026/09/01 10:43:43 - __main__ - INFO - 162 - trainer - [156/257] Loss: 0.3508
2026/09/01 10:43:51 - __main__ - INFO - 162 - trainer - [208/257] Loss: 0.3409
2026/09/01 10:43:57 - __main__ - INFO - 167 - trainer - Average loss in epoch 10: 0.3502
2026/09/01 10:43:57 - __main__ - INFO - 117 - trainer - Epoch: 11
2026/09/01 10:43:58 - __main__ - INFO - 162 - trainer - [0/257] Loss: 0.3431
2026/09/01 10:44:05 - __main__ - INFO - 162 - trainer - [52/257] Loss: 0.3273
2026/09/01 10:44:13 - __main__ - INFO - 162 - trainer - [104/257] Loss: 0.3219
2026/09/01 10:44:20 - __main__ - INFO - 162 - trainer - [156/257] Loss: 0.3339
2026/09/01 10:44:28 - __main__ - INFO - 162 - trainer - [208/257] Loss: 0.3148
2026/09/01 10:44:35 - __main__ - INFO - 167 - trainer - Average loss in epoch 11: 0.3187
2026/09/01 10:44:35 - __main__ - INFO - 117 - trainer - Epoch: 12
2026/09/01 10:44:35 - __main__ - INFO - 162 - trainer - [0/257] Loss: 0.3079
2026/09/01 10:44:42 - __main__ - INFO - 162 - trainer - [52/257] Loss: 0.3123
2026/09/01 10:44:50 - __main__ - INFO - 162 - trainer - [104/257] Loss: 0.3005
2026/09/01 10:44:58 - __main__ - INFO - 162 - trainer - [156/257] Loss: 0.2797
2026/09/01 10:45:05 - __main__ - INFO - 162 - trainer - [208/257] Loss: 0.2952
2026/09/01 10:45:12 - __main__ - INFO - 167 - trainer - Average loss in epoch 12: 0.2904
2026/09/01 10:45:12 - __main__ - INFO - 117 - trainer - Epoch: 13
2026/09/01 10:45:12 - __main__ - INFO - 162 - trainer - [0/257] Loss: 0.2974
2026/09/01 10:45:20 - __main__ - INFO - 162 - trainer - [52/257] Loss: 0.2706
2026/09/01 10:45:28 - __main__ - INFO - 162 - trainer - [104/257] Loss: 0.2700
2026/09/01 10:45:35 - __main__ - INFO - 162 - trainer - [156/257] Loss: 0.2652
2026/09/01 10:45:43 - __main__ - INFO - 162 - trainer - [208/257] Loss: 0.2633
2026/09/01 10:45:50 - __main__ - INFO - 167 - trainer - Average loss in epoch 13: 0.2648
2026/09/01 10:45:50 - __main__ - INFO - 117 - trainer - Epoch: 14
2026/09/01 10:45:50 - __main__ - INFO - 162 - trainer - [0/257] Loss: 0.2571
2026/09/01 10:45:57 - __main__ - INFO - 162 - trainer - [52/257] Loss: 0.2564
2026/09/01 10:46:05 - __main__ - INFO - 162 - trainer - [104/257] Loss: 0.2576
2026/09/01 10:46:12 - __main__ - INFO - 162 - trainer - [156/257] Loss: 0.2605
2026/09/01 10:46:20 - __main__ - INFO - 162 - trainer - [208/257] Loss: 0.2245
2026/09/01 10:46:27 - __main__ - INFO - 167 - trainer - Average loss in epoch 14: 0.2470
2026/09/01 10:46:27 - __main__ - INFO - 117 - trainer - Epoch: 15
2026/09/01 10:46:27 - __main__ - INFO - 162 - trainer - [0/257] Loss: 0.2454
2026/09/01 10:46:35 - __main__ - INFO - 162 - trainer - [52/257] Loss: 0.2360
2026/09/01 10:46:42 - __main__ - INFO - 162 - trainer - [104/257] Loss: 0.2399
2026/09/01 10:46:50 - __main__ - INFO - 162 - trainer - [156/257] Loss: 0.2204
2026/09/01 10:46:57 - __main__ - INFO - 162 - trainer - [208/257] Loss: 0.2230
2026/09/01 10:47:04 - __main__ - INFO - 167 - trainer - Average loss in epoch 15: 0.2219
2026/09/01 10:47:04 - __main__ - INFO - 117 - trainer - Epoch: 16
2026/09/01 10:47:04 - __main__ - INFO - 162 - trainer - [0/257] Loss: 0.2033
2026/09/01 10:47:12 - __main__ - INFO - 162 - trainer - [52/257] Loss: 0.2116
2026/09/01 10:47:20 - __main__ - INFO - 162 - trainer - [104/257] Loss: 0.2045
2026/09/01 10:47:27 - __main__ - INFO - 162 - trainer - [156/257] Loss: 0.2037
2026/09/01 10:47:35 - __main__ - INFO - 162 - trainer - [208/257] Loss: 0.2052
2026/09/01 10:47:42 - __main__ - INFO - 167 - trainer - Average loss in epoch 16: 0.2028
2026/09/01 10:47:42 - __main__ - INFO - 117 - trainer - Epoch: 17
2026/09/01 10:47:42 - __main__ - INFO - 162 - trainer - [0/257] Loss: 0.1882
2026/09/01 10:47:49 - __main__ - INFO - 162 - trainer - [52/257] Loss: 0.1961
2026/09/01 10:47:56 - __main__ - INFO - 162 - trainer - [104/257] Loss: 0.1885
2026/09/01 10:48:04 - __main__ - INFO - 162 - trainer - [156/257] Loss: 0.1836
2026/09/01 10:48:11 - __main__ - INFO - 162 - trainer - [208/257] Loss: 0.1779
2026/09/01 10:48:18 - __main__ - INFO - 167 - trainer - Average loss in epoch 17: 0.1858
2026/09/01 10:48:18 - __main__ - INFO - 117 - trainer - Epoch: 18
2026/09/01 10:48:19 - __main__ - INFO - 162 - trainer - [0/257] Loss: 0.1757
2026/09/01 10:48:26 - __main__ - INFO - 162 - trainer - [52/257] Loss: 0.1705
2026/09/01 10:48:34 - __main__ - INFO - 162 - trainer - [104/257] Loss: 0.1726
2026/09/01 10:48:41 - __main__ - INFO - 162 - trainer - [156/257] Loss: 0.1797
2026/09/01 10:48:49 - __main__ - INFO - 162 - trainer - [208/257] Loss: 0.1705
2026/09/01 10:48:56 - __main__ - INFO - 167 - trainer - Average loss in epoch 18: 0.1704
2026/09/01 10:48:56 - __main__ - INFO - 117 - trainer - Epoch: 19
2026/09/01 10:48:56 - __main__ - INFO - 162 - trainer - [0/257] Loss: 0.1563
2026/09/01 10:49:03 - __main__ - INFO - 162 - trainer - [52/257] Loss: 0.1566
2026/09/01 10:49:11 - __main__ - INFO - 162 - trainer - [104/257] Loss: 0.1593
2026/09/01 10:49:18 - __main__ - INFO - 162 - trainer - [156/257] Loss: 0.1608
2026/09/01 10:49:26 - __main__ - INFO - 162 - trainer - [208/257] Loss: 0.1589
2026/09/01 10:49:33 - __main__ - INFO - 167 - trainer - Average loss in epoch 19: 0.1564
2026/09/01 10:49:33 - __main__ - INFO - 117 - trainer - Epoch: 20
2026/09/01 10:49:33 - __main__ - INFO - 162 - trainer - [0/257] Loss: 0.1433
2026/09/01 10:49:40 - __main__ - INFO - 162 - trainer - [52/257] Loss: 0.1468
2026/09/01 10:49:48 - __main__ - INFO - 162 - trainer - [104/257] Loss: 0.1493
2026/09/01 10:49:56 - __main__ - INFO - 162 - trainer - [156/257] Loss: 0.1472
2026/09/01 10:50:03 - __main__ - INFO - 162 - trainer - [208/257] Loss: 0.1352
2026/09/01 10:50:10 - __main__ - INFO - 167 - trainer - Average loss in epoch 20: 0.1437
2026/09/01 10:50:10 - __main__ - INFO - 173 - trainer - start predicting: 2026-09-01 10:50:10.502675
2026/09/01 10:51:13 - __main__ - INFO - 203 - trainer - {'Best_HR@5': np.float64(0.0355), 'Best_HR@10': np.float64(0.0488), 'Best_HR@20': np.float64(0.0888), 'Best_NDCG@5': np.float64(0.021), 'Best_NDCG@10': np.float64(0.0254), 'Best_NDCG@20': np.float64(0.035)}
2026/09/01 10:51:13 - __main__ - INFO - 204 - trainer - {'Best_epoch_HR@5': 20, 'Best_epoch_HR@10': 20, 'Best_epoch_HR@20': 20, 'Best_epoch_NDCG@5': 20, 'Best_epoch_NDCG@10': 20, 'Best_epoch_NDCG@20': 20}
2026/09/01 10:51:13 - __main__ - INFO - 117 - trainer - Epoch: 21
2026/09/01 10:51:13 - __main__ - INFO - 162 - trainer - [0/257] Loss: 0.1414
2026/09/01 10:51:21 - __main__ - INFO - 162 - trainer - [52/257] Loss: 0.1399
2026/09/01 10:51:28 - __main__ - INFO - 162 - trainer - [104/257] Loss: 0.1237
2026/09/01 10:51:35 - __main__ - INFO - 162 - trainer - [156/257] Loss: 0.1274
2026/09/01 10:51:42 - __main__ - INFO - 162 - trainer - [208/257] Loss: 0.1263
2026/09/01 10:51:49 - __main__ - INFO - 167 - trainer - Average loss in epoch 21: 0.1320
2026/09/01 10:51:49 - __main__ - INFO - 117 - trainer - Epoch: 22
2026/09/01 10:51:49 - __main__ - INFO - 162 - trainer - [0/257] Loss: 0.1209
2026/09/01 10:51:57 - __main__ - INFO - 162 - trainer - [52/257] Loss: 0.1156
2026/09/01 10:52:04 - __main__ - INFO - 162 - trainer - [104/257] Loss: 0.1123
2026/09/01 10:52:11 - __main__ - INFO - 162 - trainer - [156/257] Loss: 0.1268
2026/09/01 10:52:18 - __main__ - INFO - 162 - trainer - [208/257] Loss: 0.1201
2026/09/01 10:52:25 - __main__ - INFO - 167 - trainer - Average loss in epoch 22: 0.1214
2026/09/01 10:52:25 - __main__ - INFO - 117 - trainer - Epoch: 23
2026/09/01 10:52:25 - __main__ - INFO - 162 - trainer - [0/257] Loss: 0.1058
2026/09/01 10:52:33 - __main__ - INFO - 162 - trainer - [52/257] Loss: 0.1144
2026/09/01 10:52:40 - __main__ - INFO - 162 - trainer - [104/257] Loss: 0.1032
2026/09/01 10:52:47 - __main__ - INFO - 162 - trainer - [156/257] Loss: 0.1024
2026/09/01 10:52:55 - __main__ - INFO - 162 - trainer - [208/257] Loss: 0.1083
2026/09/01 10:53:01 - __main__ - INFO - 167 - trainer - Average loss in epoch 23: 0.1116
2026/09/01 10:53:01 - __main__ - INFO - 117 - trainer - Epoch: 24
2026/09/01 10:53:01 - __main__ - INFO - 162 - trainer - [0/257] Loss: 0.1023
2026/09/01 10:53:09 - __main__ - INFO - 162 - trainer - [52/257] Loss: 0.1023
2026/09/01 10:53:16 - __main__ - INFO - 162 - trainer - [104/257] Loss: 0.1018
2026/09/01 10:53:23 - __main__ - INFO - 162 - trainer - [156/257] Loss: 0.0984
2026/09/01 10:53:30 - __main__ - INFO - 162 - trainer - [208/257] Loss: 0.1017
2026/09/01 10:53:37 - __main__ - INFO - 167 - trainer - Average loss in epoch 24: 0.1027
2026/09/01 10:53:37 - __main__ - INFO - 117 - trainer - Epoch: 25
2026/09/01 10:53:37 - __main__ - INFO - 162 - trainer - [0/257] Loss: 0.0946
2026/09/01 10:53:45 - __main__ - INFO - 162 - trainer - [52/257] Loss: 0.0947
2026/09/01 10:53:52 - __main__ - INFO - 162 - trainer - [104/257] Loss: 0.1021
2026/09/01 10:53:59 - __main__ - INFO - 162 - trainer - [156/257] Loss: 0.0875
2026/09/01 10:54:06 - __main__ - INFO - 162 - trainer - [208/257] Loss: 0.0871
2026/09/01 10:54:13 - __main__ - INFO - 167 - trainer - Average loss in epoch 25: 0.0947
2026/09/01 10:54:13 - __main__ - INFO - 117 - trainer - Epoch: 26
2026/09/01 10:54:13 - __main__ - INFO - 162 - trainer - [0/257] Loss: 0.0922
2026/09/01 10:54:21 - __main__ - INFO - 162 - trainer - [52/257] Loss: 0.0980
2026/09/01 10:54:28 - __main__ - INFO - 162 - trainer - [104/257] Loss: 0.0858
2026/09/01 10:54:35 - __main__ - INFO - 162 - trainer - [156/257] Loss: 0.0835
2026/09/01 10:54:42 - __main__ - INFO - 162 - trainer - [208/257] Loss: 0.0813
2026/09/01 10:54:49 - __main__ - INFO - 167 - trainer - Average loss in epoch 26: 0.0873
2026/09/01 10:54:49 - __main__ - INFO - 117 - trainer - Epoch: 27
2026/09/01 10:54:49 - __main__ - INFO - 162 - trainer - [0/257] Loss: 0.0832
2026/09/01 10:54:56 - __main__ - INFO - 162 - trainer - [52/257] Loss: 0.0786
2026/09/01 10:55:02 - __main__ - INFO - 162 - trainer - [104/257] Loss: 0.0796
2026/09/01 10:55:09 - __main__ - INFO - 162 - trainer - [156/257] Loss: 0.0781
2026/09/01 10:55:16 - __main__ - INFO - 162 - trainer - [208/257] Loss: 0.0806
2026/09/01 10:55:22 - __main__ - INFO - 167 - trainer - Average loss in epoch 27: 0.0806
2026/09/01 10:55:22 - __main__ - INFO - 117 - trainer - Epoch: 28
2026/09/01 10:55:23 - __main__ - INFO - 162 - trainer - [0/257] Loss: 0.0768
2026/09/01 10:55:30 - __main__ - INFO - 162 - trainer - [52/257] Loss: 0.0788
2026/09/01 10:55:36 - __main__ - INFO - 162 - trainer - [104/257] Loss: 0.0793
2026/09/01 10:55:43 - __main__ - INFO - 162 - trainer - [156/257] Loss: 0.0745
2026/09/01 10:55:50 - __main__ - INFO - 162 - trainer - [208/257] Loss: 0.0697
2026/09/01 10:55:56 - __main__ - INFO - 167 - trainer - Average loss in epoch 28: 0.0744
2026/09/01 10:55:56 - __main__ - INFO - 117 - trainer - Epoch: 29
2026/09/01 10:55:56 - __main__ - INFO - 162 - trainer - [0/257] Loss: 0.0774
2026/09/01 10:56:04 - __main__ - INFO - 162 - trainer - [52/257] Loss: 0.0736
2026/09/01 10:56:11 - __main__ - INFO - 162 - trainer - [104/257] Loss: 0.0714
2026/09/01 10:56:18 - __main__ - INFO - 162 - trainer - [156/257] Loss: 0.0690
2026/09/01 10:56:25 - __main__ - INFO - 162 - trainer - [208/257] Loss: 0.0702
2026/09/01 10:56:32 - __main__ - INFO - 167 - trainer - Average loss in epoch 29: 0.0686
2026/09/01 10:56:32 - __main__ - INFO - 117 - trainer - Epoch: 30
2026/09/01 10:56:32 - __main__ - INFO - 162 - trainer - [0/257] Loss: 0.0747
2026/09/01 10:56:40 - __main__ - INFO - 162 - trainer - [52/257] Loss: 0.0697
2026/09/01 10:56:47 - __main__ - INFO - 162 - trainer - [104/257] Loss: 0.0644
2026/09/01 10:56:54 - __main__ - INFO - 162 - trainer - [156/257] Loss: 0.0623
2026/09/01 10:57:02 - __main__ - INFO - 162 - trainer - [208/257] Loss: 0.0672
2026/09/01 10:57:08 - __main__ - INFO - 167 - trainer - Average loss in epoch 30: 0.0634
2026/09/01 10:57:08 - __main__ - INFO - 117 - trainer - Epoch: 31
2026/09/01 10:57:08 - __main__ - INFO - 162 - trainer - [0/257] Loss: 0.0632
2026/09/01 10:57:16 - __main__ - INFO - 162 - trainer - [52/257] Loss: 0.0574
2026/09/01 10:57:23 - __main__ - INFO - 162 - trainer - [104/257] Loss: 0.0609
2026/09/01 10:57:30 - __main__ - INFO - 162 - trainer - [156/257] Loss: 0.0596
2026/09/01 10:57:38 - __main__ - INFO - 162 - trainer - [208/257] Loss: 0.0609
2026/09/01 10:57:45 - __main__ - INFO - 167 - trainer - Average loss in epoch 31: 0.0587
2026/09/01 10:57:45 - __main__ - INFO - 117 - trainer - Epoch: 32
2026/09/01 10:57:45 - __main__ - INFO - 162 - trainer - [0/257] Loss: 0.0508
2026/09/01 10:57:52 - __main__ - INFO - 162 - trainer - [52/257] Loss: 0.0538
2026/09/01 10:58:00 - __main__ - INFO - 162 - trainer - [104/257] Loss: 0.0507
2026/09/01 10:58:07 - __main__ - INFO - 162 - trainer - [156/257] Loss: 0.0516
2026/09/01 10:58:14 - __main__ - INFO - 162 - trainer - [208/257] Loss: 0.0571
2026/09/01 10:58:21 - __main__ - INFO - 167 - trainer - Average loss in epoch 32: 0.0543
2026/09/01 10:58:21 - __main__ - INFO - 117 - trainer - Epoch: 33
2026/09/01 10:58:21 - __main__ - INFO - 162 - trainer - [0/257] Loss: 0.0516
2026/09/01 10:58:28 - __main__ - INFO - 162 - trainer - [52/257] Loss: 0.0491
2026/09/01 10:58:35 - __main__ - INFO - 162 - trainer - [104/257] Loss: 0.0471
2026/09/01 10:58:43 - __main__ - INFO - 162 - trainer - [156/257] Loss: 0.0452
2026/09/01 10:58:50 - __main__ - INFO - 162 - trainer - [208/257] Loss: 0.0503
2026/09/01 10:58:57 - __main__ - INFO - 167 - trainer - Average loss in epoch 33: 0.0502
2026/09/01 10:58:57 - __main__ - INFO - 117 - trainer - Epoch: 34
2026/09/01 10:58:57 - __main__ - INFO - 162 - trainer - [0/257] Loss: 0.0507
2026/09/01 10:59:04 - __main__ - INFO - 162 - trainer - [52/257] Loss: 0.0519
2026/09/01 10:59:12 - __main__ - INFO - 162 - trainer - [104/257] Loss: 0.0526
2026/09/01 10:59:19 - __main__ - INFO - 162 - trainer - [156/257] Loss: 0.0480
2026/09/01 10:59:26 - __main__ - INFO - 162 - trainer - [208/257] Loss: 0.0496
2026/09/01 10:59:33 - __main__ - INFO - 167 - trainer - Average loss in epoch 34: 0.0474
2026/09/01 10:59:33 - __main__ - INFO - 117 - trainer - Epoch: 35
2026/09/01 10:59:33 - __main__ - INFO - 162 - trainer - [0/257] Loss: 0.0463
2026/09/01 10:59:40 - __main__ - INFO - 162 - trainer - [52/257] Loss: 0.0431
2026/09/01 10:59:48 - __main__ - INFO - 162 - trainer - [104/257] Loss: 0.0449
2026/09/01 10:59:55 - __main__ - INFO - 162 - trainer - [156/257] Loss: 0.0439
2026/09/01 11:00:02 - __main__ - INFO - 162 - trainer - [208/257] Loss: 0.0419
2026/09/01 11:00:09 - __main__ - INFO - 167 - trainer - Average loss in epoch 35: 0.0433
2026/09/01 11:00:09 - __main__ - INFO - 117 - trainer - Epoch: 36
2026/09/01 11:00:09 - __main__ - INFO - 162 - trainer - [0/257] Loss: 0.0442
2026/09/01 11:00:16 - __main__ - INFO - 162 - trainer - [52/257] Loss: 0.0383
2026/09/01 11:00:24 - __main__ - INFO - 162 - trainer - [104/257] Loss: 0.0357
2026/09/01 11:00:31 - __main__ - INFO - 162 - trainer - [156/257] Loss: 0.0388
2026/09/01 11:00:38 - __main__ - INFO - 162 - trainer - [208/257] Loss: 0.0366
2026/09/01 11:00:45 - __main__ - INFO - 167 - trainer - Average loss in epoch 36: 0.0400
2026/09/01 11:00:45 - __main__ - INFO - 117 - trainer - Epoch: 37
2026/09/01 11:00:45 - __main__ - INFO - 162 - trainer - [0/257] Loss: 0.0379
2026/09/01 11:00:52 - __main__ - INFO - 162 - trainer - [52/257] Loss: 0.0336
2026/09/01 11:00:59 - __main__ - INFO - 162 - trainer - [104/257] Loss: 0.0384
2026/09/01 11:01:06 - __main__ - INFO - 162 - trainer - [156/257] Loss: 0.0341
2026/09/01 11:01:13 - __main__ - INFO - 162 - trainer - [208/257] Loss: 0.0359
2026/09/01 11:01:19 - __main__ - INFO - 167 - trainer - Average loss in epoch 37: 0.0369
2026/09/01 11:01:19 - __main__ - INFO - 117 - trainer - Epoch: 38
2026/09/01 11:01:19 - __main__ - INFO - 162 - trainer - [0/257] Loss: 0.0364
2026/09/01 11:01:26 - __main__ - INFO - 162 - trainer - [52/257] Loss: 0.0359
2026/09/01 11:01:34 - __main__ - INFO - 162 - trainer - [104/257] Loss: 0.0292
2026/09/01 11:01:41 - __main__ - INFO - 162 - trainer - [156/257] Loss: 0.0332
2026/09/01 11:01:48 - __main__ - INFO - 162 - trainer - [208/257] Loss: 0.0356
2026/09/01 11:01:55 - __main__ - INFO - 167 - trainer - Average loss in epoch 38: 0.0341
2026/09/01 11:01:55 - __main__ - INFO - 117 - trainer - Epoch: 39
2026/09/01 11:01:55 - __main__ - INFO - 162 - trainer - [0/257] Loss: 0.0292
2026/09/01 11:02:02 - __main__ - INFO - 162 - trainer - [52/257] Loss: 0.0338
2026/09/01 11:02:10 - __main__ - INFO - 162 - trainer - [104/257] Loss: 0.0332
2026/09/01 11:02:17 - __main__ - INFO - 162 - trainer - [156/257] Loss: 0.0306
2026/09/01 11:02:24 - __main__ - INFO - 162 - trainer - [208/257] Loss: 0.0294
2026/09/01 11:02:31 - __main__ - INFO - 167 - trainer - Average loss in epoch 39: 0.0317
2026/09/01 11:02:31 - __main__ - INFO - 117 - trainer - Epoch: 40
2026/09/01 11:02:31 - __main__ - INFO - 162 - trainer - [0/257] Loss: 0.0313
2026/09/01 11:02:38 - __main__ - INFO - 162 - trainer - [52/257] Loss: 0.0306
2026/09/01 11:02:46 - __main__ - INFO - 162 - trainer - [104/257] Loss: 0.0283
2026/09/01 11:02:53 - __main__ - INFO - 162 - trainer - [156/257] Loss: 0.0303
2026/09/01 11:03:00 - __main__ - INFO - 162 - trainer - [208/257] Loss: 0.0296
2026/09/01 11:03:07 - __main__ - INFO - 167 - trainer - Average loss in epoch 40: 0.0297
2026/09/01 11:03:07 - __main__ - INFO - 173 - trainer - start predicting: 2026-09-01 11:03:07.349303
2026/09/01 11:04:14 - __main__ - INFO - 203 - trainer - {'Best_HR@5': np.float64(0.0355), 'Best_HR@10': np.float64(0.0577), 'Best_HR@20': np.float64(0.1287), 'Best_NDCG@5': np.float64(0.021), 'Best_NDCG@10': np.float64(0.0254), 'Best_NDCG@20': np.float64(0.043)}
2026/09/01 11:04:14 - __main__ - INFO - 204 - trainer - {'Best_epoch_HR@5': 20, 'Best_epoch_HR@10': 40, 'Best_epoch_HR@20': 40, 'Best_epoch_NDCG@5': 20, 'Best_epoch_NDCG@10': 20, 'Best_epoch_NDCG@20': 40}
2026/09/01 11:04:14 - __main__ - INFO - 117 - trainer - Epoch: 41
2026/09/01 11:04:14 - __main__ - INFO - 162 - trainer - [0/257] Loss: 0.0276
2026/09/01 11:04:21 - __main__ - INFO - 162 - trainer - [52/257] Loss: 0.0300
2026/09/01 11:04:28 - __main__ - INFO - 162 - trainer - [104/257] Loss: 0.0259
2026/09/01 11:04:35 - __main__ - INFO - 162 - trainer - [156/257] Loss: 0.0298
2026/09/01 11:04:42 - __main__ - INFO - 162 - trainer - [208/257] Loss: 0.0242
2026/09/01 11:04:48 - __main__ - INFO - 167 - trainer - Average loss in epoch 41: 0.0273
2026/09/01 11:04:48 - __main__ - INFO - 117 - trainer - Epoch: 42
2026/09/01 11:04:48 - __main__ - INFO - 162 - trainer - [0/257] Loss: 0.0276
2026/09/01 11:04:55 - __main__ - INFO - 162 - trainer - [52/257] Loss: 0.0273
2026/09/01 11:05:02 - __main__ - INFO - 162 - trainer - [104/257] Loss: 0.0267
2026/09/01 11:05:09 - __main__ - INFO - 162 - trainer - [156/257] Loss: 0.0216
2026/09/01 11:05:16 - __main__ - INFO - 162 - trainer - [208/257] Loss: 0.0239
2026/09/01 11:05:22 - __main__ - INFO - 167 - trainer - Average loss in epoch 42: 0.0252
2026/09/01 11:05:22 - __main__ - INFO - 117 - trainer - Epoch: 43
2026/09/01 11:05:22 - __main__ - INFO - 162 - trainer - [0/257] Loss: 0.0246
2026/09/01 11:05:30 - __main__ - INFO - 162 - trainer - [52/257] Loss: 0.0237
2026/09/01 11:05:37 - __main__ - INFO - 162 - trainer - [104/257] Loss: 0.0227
2026/09/01 11:05:45 - __main__ - INFO - 162 - trainer - [156/257] Loss: 0.0215
2026/09/01 11:05:52 - __main__ - INFO - 162 - trainer - [208/257] Loss: 0.0229
2026/09/01 11:05:59 - __main__ - INFO - 167 - trainer - Average loss in epoch 43: 0.0234
2026/09/01 11:05:59 - __main__ - INFO - 117 - trainer - Epoch: 44
2026/09/01 11:05:59 - __main__ - INFO - 162 - trainer - [0/257] Loss: 0.0190
2026/09/01 11:06:06 - __main__ - INFO - 162 - trainer - [52/257] Loss: 0.0212
2026/09/01 11:06:13 - __main__ - INFO - 162 - trainer - [104/257] Loss: 0.0244
2026/09/01 11:06:20 - __main__ - INFO - 162 - trainer - [156/257] Loss: 0.0206
2026/09/01 11:06:27 - __main__ - INFO - 162 - trainer - [208/257] Loss: 0.0215
2026/09/01 11:06:33 - __main__ - INFO - 167 - trainer - Average loss in epoch 44: 0.0218
2026/09/01 11:06:33 - __main__ - INFO - 117 - trainer - Epoch: 45
2026/09/01 11:06:33 - __main__ - INFO - 162 - trainer - [0/257] Loss: 0.0219
2026/09/01 11:06:40 - __main__ - INFO - 162 - trainer - [52/257] Loss: 0.0178
2026/09/01 11:06:47 - __main__ - INFO - 162 - trainer - [104/257] Loss: 0.0209
2026/09/01 11:06:54 - __main__ - INFO - 162 - trainer - [156/257] Loss: 0.0209
2026/09/01 11:07:01 - __main__ - INFO - 162 - trainer - [208/257] Loss: 0.0196
2026/09/01 11:07:07 - __main__ - INFO - 167 - trainer - Average loss in epoch 45: 0.0202
2026/09/01 11:07:07 - __main__ - INFO - 117 - trainer - Epoch: 46
2026/09/01 11:07:07 - __main__ - INFO - 162 - trainer - [0/257] Loss: 0.0181
2026/09/01 11:07:15 - __main__ - INFO - 162 - trainer - [52/257] Loss: 0.0186
2026/09/01 11:07:22 - __main__ - INFO - 162 - trainer - [104/257] Loss: 0.0200
2026/09/01 11:07:29 - __main__ - INFO - 162 - trainer - [156/257] Loss: 0.0201
2026/09/01 11:07:36 - __main__ - INFO - 162 - trainer - [208/257] Loss: 0.0195
2026/09/01 11:07:43 - __main__ - INFO - 167 - trainer - Average loss in epoch 46: 0.0189
2026/09/01 11:07:43 - __main__ - INFO - 117 - trainer - Epoch: 47
2026/09/01 11:07:43 - __main__ - INFO - 162 - trainer - [0/257] Loss: 0.0165
2026/09/01 11:07:50 - __main__ - INFO - 162 - trainer - [52/257] Loss: 0.0212
2026/09/01 11:07:57 - __main__ - INFO - 162 - trainer - [104/257] Loss: 0.0203
2026/09/01 11:08:04 - __main__ - INFO - 162 - trainer - [156/257] Loss: 0.0159
2026/09/01 11:08:11 - __main__ - INFO - 162 - trainer - [208/257] Loss: 0.0179
2026/09/01 11:08:18 - __main__ - INFO - 167 - trainer - Average loss in epoch 47: 0.0175
2026/09/01 11:08:18 - __main__ - INFO - 117 - trainer - Epoch: 48
2026/09/01 11:08:18 - __main__ - INFO - 162 - trainer - [0/257] Loss: 0.0142
2026/09/01 11:08:26 - __main__ - INFO - 162 - trainer - [52/257] Loss: 0.0166
2026/09/01 11:08:33 - __main__ - INFO - 162 - trainer - [104/257] Loss: 0.0161
2026/09/01 11:08:41 - __main__ - INFO - 162 - trainer - [156/257] Loss: 0.0168
2026/09/01 11:08:48 - __main__ - INFO - 162 - trainer - [208/257] Loss: 0.0160
2026/09/01 11:08:55 - __main__ - INFO - 167 - trainer - Average loss in epoch 48: 0.0163
2026/09/01 11:08:55 - __main__ - INFO - 117 - trainer - Epoch: 49
2026/09/01 11:08:55 - __main__ - INFO - 162 - trainer - [0/257] Loss: 0.0155
2026/09/01 11:09:02 - __main__ - INFO - 162 - trainer - [52/257] Loss: 0.0161
2026/09/01 11:09:09 - __main__ - INFO - 162 - trainer - [104/257] Loss: 0.0167
2026/09/01 11:09:16 - __main__ - INFO - 162 - trainer - [156/257] Loss: 0.0130
2026/09/01 11:09:23 - __main__ - INFO - 162 - trainer - [208/257] Loss: 0.0151
2026/09/01 11:09:29 - __main__ - INFO - 167 - trainer - Average loss in epoch 49: 0.0151
2026/09/01 11:09:29 - __main__ - INFO - 117 - trainer - Epoch: 50
2026/09/01 11:09:29 - __main__ - INFO - 162 - trainer - [0/257] Loss: 0.0136
2026/09/01 11:09:36 - __main__ - INFO - 162 - trainer - [52/257] Loss: 0.0119
2026/09/01 11:09:43 - __main__ - INFO - 162 - trainer - [104/257] Loss: 0.0138
2026/09/01 11:09:50 - __main__ - INFO - 162 - trainer - [156/257] Loss: 0.0131
2026/09/01 11:09:58 - __main__ - INFO - 162 - trainer - [208/257] Loss: 0.0154
2026/09/01 11:10:04 - __main__ - INFO - 167 - trainer - Average loss in epoch 50: 0.0140
2026/09/01 11:10:04 - __main__ - INFO - 117 - trainer - Epoch: 51
2026/09/01 11:10:04 - __main__ - INFO - 162 - trainer - [0/257] Loss: 0.0104
2026/09/01 11:10:11 - __main__ - INFO - 162 - trainer - [52/257] Loss: 0.0129
2026/09/01 11:10:18 - __main__ - INFO - 162 - trainer - [104/257] Loss: 0.0158
2026/09/01 11:10:25 - __main__ - INFO - 162 - trainer - [156/257] Loss: 0.0135
2026/09/01 11:10:32 - __main__ - INFO - 162 - trainer - [208/257] Loss: 0.0133
2026/09/01 11:10:38 - __main__ - INFO - 167 - trainer - Average loss in epoch 51: 0.0130
2026/09/01 11:10:38 - __main__ - INFO - 117 - trainer - Epoch: 52
2026/09/01 11:10:38 - __main__ - INFO - 162 - trainer - [0/257] Loss: 0.0129
2026/09/01 11:10:45 - __main__ - INFO - 162 - trainer - [52/257] Loss: 0.0127
2026/09/01 11:10:52 - __main__ - INFO - 162 - trainer - [104/257] Loss: 0.0121
2026/09/01 11:10:59 - __main__ - INFO - 162 - trainer - [156/257] Loss: 0.0114
2026/09/01 11:11:07 - __main__ - INFO - 162 - trainer - [208/257] Loss: 0.0124
2026/09/01 11:11:13 - __main__ - INFO - 167 - trainer - Average loss in epoch 52: 0.0121
2026/09/01 11:11:13 - __main__ - INFO - 117 - trainer - Epoch: 53
2026/09/01 11:11:13 - __main__ - INFO - 162 - trainer - [0/257] Loss: 0.0123
2026/09/01 11:11:20 - __main__ - INFO - 162 - trainer - [52/257] Loss: 0.0106
2026/09/01 11:11:28 - __main__ - INFO - 162 - trainer - [104/257] Loss: 0.0130
2026/09/01 11:11:35 - __main__ - INFO - 162 - trainer - [156/257] Loss: 0.0097
2026/09/01 11:11:42 - __main__ - INFO - 162 - trainer - [208/257] Loss: 0.0108
2026/09/01 11:11:48 - __main__ - INFO - 167 - trainer - Average loss in epoch 53: 0.0112
2026/09/01 11:11:48 - __main__ - INFO - 117 - trainer - Epoch: 54
2026/09/01 11:11:48 - __main__ - INFO - 162 - trainer - [0/257] Loss: 0.0115
2026/09/01 11:11:56 - __main__ - INFO - 162 - trainer - [52/257] Loss: 0.0094
2026/09/01 11:12:03 - __main__ - INFO - 162 - trainer - [104/257] Loss: 0.0108
2026/09/01 11:12:10 - __main__ - INFO - 162 - trainer - [156/257] Loss: 0.0113
2026/09/01 11:12:17 - __main__ - INFO - 162 - trainer - [208/257] Loss: 0.0103
2026/09/01 11:12:24 - __main__ - INFO - 167 - trainer - Average loss in epoch 54: 0.0105
2026/09/01 11:12:24 - __main__ - INFO - 117 - trainer - Epoch: 55
2026/09/01 11:12:24 - __main__ - INFO - 162 - trainer - [0/257] Loss: 0.0099
2026/09/01 11:12:31 - __main__ - INFO - 162 - trainer - [52/257] Loss: 0.0091
2026/09/01 11:12:37 - __main__ - INFO - 162 - trainer - [104/257] Loss: 0.0071
2026/09/01 11:12:44 - __main__ - INFO - 162 - trainer - [156/257] Loss: 0.0080
2026/09/01 11:12:51 - __main__ - INFO - 162 - trainer - [208/257] Loss: 0.0108
2026/09/01 11:12:57 - __main__ - INFO - 167 - trainer - Average loss in epoch 55: 0.0097
2026/09/01 11:12:57 - __main__ - INFO - 117 - trainer - Epoch: 56
2026/09/01 11:12:58 - __main__ - INFO - 162 - trainer - [0/257] Loss: 0.0091
2026/09/01 11:13:05 - __main__ - INFO - 162 - trainer - [52/257] Loss: 0.0095
2026/09/01 11:13:12 - __main__ - INFO - 162 - trainer - [104/257] Loss: 0.0078
2026/09/01 11:13:19 - __main__ - INFO - 162 - trainer - [156/257] Loss: 0.0095
2026/09/01 11:13:27 - __main__ - INFO - 162 - trainer - [208/257] Loss: 0.0090
2026/09/01 11:13:33 - __main__ - INFO - 167 - trainer - Average loss in epoch 56: 0.0090
2026/09/01 11:13:33 - __main__ - INFO - 117 - trainer - Epoch: 57
2026/09/01 11:13:33 - __main__ - INFO - 162 - trainer - [0/257] Loss: 0.0074
2026/09/01 11:13:40 - __main__ - INFO - 162 - trainer - [52/257] Loss: 0.0109
2026/09/01 11:13:47 - __main__ - INFO - 162 - trainer - [104/257] Loss: 0.0078
2026/09/01 11:13:54 - __main__ - INFO - 162 - trainer - [156/257] Loss: 0.0087
2026/09/01 11:14:01 - __main__ - INFO - 162 - trainer - [208/257] Loss: 0.0065
2026/09/01 11:14:07 - __main__ - INFO - 167 - trainer - Average loss in epoch 57: 0.0084
2026/09/01 11:14:07 - __main__ - INFO - 117 - trainer - Epoch: 58
2026/09/01 11:14:07 - __main__ - INFO - 162 - trainer - [0/257] Loss: 0.0087
2026/09/01 11:14:14 - __main__ - INFO - 162 - trainer - [52/257] Loss: 0.0075
2026/09/01 11:14:22 - __main__ - INFO - 162 - trainer - [104/257] Loss: 0.0080
2026/09/01 11:14:29 - __main__ - INFO - 162 - trainer - [156/257] Loss: 0.0072
2026/09/01 11:14:36 - __main__ - INFO - 162 - trainer - [208/257] Loss: 0.0090
2026/09/01 11:14:42 - __main__ - INFO - 167 - trainer - Average loss in epoch 58: 0.0079
2026/09/01 11:14:42 - __main__ - INFO - 117 - trainer - Epoch: 59
2026/09/01 11:14:43 - __main__ - INFO - 162 - trainer - [0/257] Loss: 0.0071
2026/09/01 11:14:50 - __main__ - INFO - 162 - trainer - [52/257] Loss: 0.0091
2026/09/01 11:14:57 - __main__ - INFO - 162 - trainer - [104/257] Loss: 0.0077
2026/09/01 11:15:04 - __main__ - INFO - 162 - trainer - [156/257] Loss: 0.0085
2026/09/01 11:15:11 - __main__ - INFO - 162 - trainer - [208/257] Loss: 0.0063
2026/09/01 11:15:18 - __main__ - INFO - 167 - trainer - Average loss in epoch 59: 0.0073
2026/09/01 11:15:18 - __main__ - INFO - 117 - trainer - Epoch: 60
2026/09/01 11:15:18 - __main__ - INFO - 162 - trainer - [0/257] Loss: 0.0072
2026/09/01 11:15:25 - __main__ - INFO - 162 - trainer - [52/257] Loss: 0.0081
2026/09/01 11:15:32 - __main__ - INFO - 162 - trainer - [104/257] Loss: 0.0075
2026/09/01 11:15:38 - __main__ - INFO - 162 - trainer - [156/257] Loss: 0.0075
2026/09/01 11:15:45 - __main__ - INFO - 162 - trainer - [208/257] Loss: 0.0068
2026/09/01 11:15:52 - __main__ - INFO - 167 - trainer - Average loss in epoch 60: 0.0069
2026/09/01 11:15:52 - __main__ - INFO - 173 - trainer - start predicting: 2026-09-01 11:15:52.032258
2026/09/01 11:16:50 - __main__ - INFO - 203 - trainer - {'Best_HR@5': np.float64(0.0355), 'Best_HR@10': np.float64(0.0666), 'Best_HR@20': np.float64(0.1287), 'Best_NDCG@5': np.float64(0.021), 'Best_NDCG@10': np.float64(0.0274), 'Best_NDCG@20': np.float64(0.043)}
2026/09/01 11:16:50 - __main__ - INFO - 204 - trainer - {'Best_epoch_HR@5': 20, 'Best_epoch_HR@10': 60, 'Best_epoch_HR@20': 40, 'Best_epoch_NDCG@5': 20, 'Best_epoch_NDCG@10': 60, 'Best_epoch_NDCG@20': 40}
2026/09/01 11:16:50 - __main__ - INFO - 117 - trainer - Epoch: 61
2026/09/01 11:16:50 - __main__ - INFO - 162 - trainer - [0/257] Loss: 0.0070
2026/09/01 11:16:58 - __main__ - INFO - 162 - trainer - [52/257] Loss: 0.0057
2026/09/01 11:17:05 - __main__ - INFO - 162 - trainer - [104/257] Loss: 0.0070
2026/09/01 11:17:12 - __main__ - INFO - 162 - trainer - [156/257] Loss: 0.0069
2026/09/01 11:17:20 - __main__ - INFO - 162 - trainer - [208/257] Loss: 0.0078
2026/09/01 11:17:26 - __main__ - INFO - 167 - trainer - Average loss in epoch 61: 0.0064
2026/09/01 11:17:26 - __main__ - INFO - 117 - trainer - Epoch: 62
2026/09/01 11:17:27 - __main__ - INFO - 162 - trainer - [0/257] Loss: 0.0070
2026/09/01 11:17:34 - __main__ - INFO - 162 - trainer - [52/257] Loss: 0.0064
2026/09/01 11:17:41 - __main__ - INFO - 162 - trainer - [104/257] Loss: 0.0043
2026/09/01 11:17:49 - __main__ - INFO - 162 - trainer - [156/257] Loss: 0.0049
2026/09/01 11:17:56 - __main__ - INFO - 162 - trainer - [208/257] Loss: 0.0057
2026/09/01 11:18:03 - __main__ - INFO - 167 - trainer - Average loss in epoch 62: 0.0059
2026/09/01 11:18:03 - __main__ - INFO - 117 - trainer - Epoch: 63
2026/09/01 11:18:03 - __main__ - INFO - 162 - trainer - [0/257] Loss: 0.0062
2026/09/01 11:18:10 - __main__ - INFO - 162 - trainer - [52/257] Loss: 0.0060
2026/09/01 11:18:18 - __main__ - INFO - 162 - trainer - [104/257] Loss: 0.0049
2026/09/01 11:18:25 - __main__ - INFO - 162 - trainer - [156/257] Loss: 0.0061
2026/09/01 11:18:32 - __main__ - INFO - 162 - trainer - [208/257] Loss: 0.0067
2026/09/01 11:18:39 - __main__ - INFO - 167 - trainer - Average loss in epoch 63: 0.0056
2026/09/01 11:18:39 - __main__ - INFO - 117 - trainer - Epoch: 64
2026/09/01 11:18:39 - __main__ - INFO - 162 - trainer - [0/257] Loss: 0.0051
2026/09/01 11:18:47 - __main__ - INFO - 162 - trainer - [52/257] Loss: 0.0051
2026/09/01 11:18:54 - __main__ - INFO - 162 - trainer - [104/257] Loss: 0.0059
2026/09/01 11:19:01 - __main__ - INFO - 162 - trainer - [156/257] Loss: 0.0047
2026/09/01 11:19:08 - __main__ - INFO - 162 - trainer - [208/257] Loss: 0.0051
2026/09/01 11:19:15 - __main__ - INFO - 167 - trainer - Average loss in epoch 64: 0.0053
2026/09/01 11:19:15 - __main__ - INFO - 117 - trainer - Epoch: 65
2026/09/01 11:19:15 - __main__ - INFO - 162 - trainer - [0/257] Loss: 0.0046
2026/09/01 11:19:22 - __main__ - INFO - 162 - trainer - [52/257] Loss: 0.0038
2026/09/01 11:19:29 - __main__ - INFO - 162 - trainer - [104/257] Loss: 0.0047
2026/09/01 11:19:36 - __main__ - INFO - 162 - trainer - [156/257] Loss: 0.0058
2026/09/01 11:19:43 - __main__ - INFO - 162 - trainer - [208/257] Loss: 0.0046
2026/09/01 11:19:49 - __main__ - INFO - 167 - trainer - Average loss in epoch 65: 0.0049
2026/09/01 11:19:49 - __main__ - INFO - 117 - trainer - Epoch: 66
2026/09/01 11:19:49 - __main__ - INFO - 162 - trainer - [0/257] Loss: 0.0052
2026/09/01 11:19:56 - __main__ - INFO - 162 - trainer - [52/257] Loss: 0.0039
2026/09/01 11:20:04 - __main__ - INFO - 162 - trainer - [104/257] Loss: 0.0042
2026/09/01 11:20:11 - __main__ - INFO - 162 - trainer - [156/257] Loss: 0.0045
2026/09/01 11:20:18 - __main__ - INFO - 162 - trainer - [208/257] Loss: 0.0046
2026/09/01 11:20:24 - __main__ - INFO - 167 - trainer - Average loss in epoch 66: 0.0046
2026/09/01 11:20:24 - __main__ - INFO - 117 - trainer - Epoch: 67
2026/09/01 11:20:24 - __main__ - INFO - 162 - trainer - [0/257] Loss: 0.0046
2026/09/01 11:20:31 - __main__ - INFO - 162 - trainer - [52/257] Loss: 0.0037
2026/09/01 11:20:38 - __main__ - INFO - 162 - trainer - [104/257] Loss: 0.0042
2026/09/01 11:20:45 - __main__ - INFO - 162 - trainer - [156/257] Loss: 0.0036
2026/09/01 11:20:52 - __main__ - INFO - 162 - trainer - [208/257] Loss: 0.0042
2026/09/01 11:20:59 - __main__ - INFO - 167 - trainer - Average loss in epoch 67: 0.0043
2026/09/01 11:20:59 - __main__ - INFO - 117 - trainer - Epoch: 68
2026/09/01 11:20:59 - __main__ - INFO - 162 - trainer - [0/257] Loss: 0.0056
2026/09/01 11:21:06 - __main__ - INFO - 162 - trainer - [52/257] Loss: 0.0044
2026/09/01 11:21:13 - __main__ - INFO - 162 - trainer - [104/257] Loss: 0.0042
2026/09/01 11:21:20 - __main__ - INFO - 162 - trainer - [156/257] Loss: 0.0034
2026/09/01 11:21:27 - __main__ - INFO - 162 - trainer - [208/257] Loss: 0.0048
2026/09/01 11:21:34 - __main__ - INFO - 167 - trainer - Average loss in epoch 68: 0.0041
2026/09/01 11:21:34 - __main__ - INFO - 117 - trainer - Epoch: 69
2026/09/01 11:21:34 - __main__ - INFO - 162 - trainer - [0/257] Loss: 0.0049
2026/09/01 11:21:41 - __main__ - INFO - 162 - trainer - [52/257] Loss: 0.0038
2026/09/01 11:21:49 - __main__ - INFO - 162 - trainer - [104/257] Loss: 0.0044
2026/09/01 11:21:56 - __main__ - INFO - 162 - trainer - [156/257] Loss: 0.0038
2026/09/01 11:22:04 - __main__ - INFO - 162 - trainer - [208/257] Loss: 0.0035
2026/09/01 11:22:10 - __main__ - INFO - 167 - trainer - Average loss in epoch 69: 0.0039
2026/09/01 11:22:10 - __main__ - INFO - 117 - trainer - Epoch: 70
2026/09/01 11:22:10 - __main__ - INFO - 162 - trainer - [0/257] Loss: 0.0035
2026/09/01 11:22:18 - __main__ - INFO - 162 - trainer - [52/257] Loss: 0.0033
2026/09/01 11:22:25 - __main__ - INFO - 162 - trainer - [104/257] Loss: 0.0028
2026/09/01 11:22:32 - __main__ - INFO - 162 - trainer - [156/257] Loss: 0.0034
2026/09/01 11:22:39 - __main__ - INFO - 162 - trainer - [208/257] Loss: 0.0032
2026/09/01 11:22:46 - __main__ - INFO - 167 - trainer - Average loss in epoch 70: 0.0035
2026/09/01 11:22:46 - __main__ - INFO - 117 - trainer - Epoch: 71
2026/09/01 11:22:46 - __main__ - INFO - 162 - trainer - [0/257] Loss: 0.0033
2026/09/01 11:22:53 - __main__ - INFO - 162 - trainer - [52/257] Loss: 0.0036
2026/09/01 11:23:00 - __main__ - INFO - 162 - trainer - [104/257] Loss: 0.0029
2026/09/01 11:23:07 - __main__ - INFO - 162 - trainer - [156/257] Loss: 0.0037
2026/09/01 11:23:14 - __main__ - INFO - 162 - trainer - [208/257] Loss: 0.0039
2026/09/01 11:23:21 - __main__ - INFO - 167 - trainer - Average loss in epoch 71: 0.0033
2026/09/01 11:23:21 - __main__ - INFO - 117 - trainer - Epoch: 72
2026/09/01 11:23:21 - __main__ - INFO - 162 - trainer - [0/257] Loss: 0.0040
2026/09/01 11:23:28 - __main__ - INFO - 162 - trainer - [52/257] Loss: 0.0032
2026/09/01 11:23:36 - __main__ - INFO - 162 - trainer - [104/257] Loss: 0.0034
2026/09/01 11:23:43 - __main__ - INFO - 162 - trainer - [156/257] Loss: 0.0034
2026/09/01 11:23:50 - __main__ - INFO - 162 - trainer - [208/257] Loss: 0.0030
2026/09/01 11:23:56 - __main__ - INFO - 167 - trainer - Average loss in epoch 72: 0.0031
2026/09/01 11:23:56 - __main__ - INFO - 117 - trainer - Epoch: 73
2026/09/01 11:23:56 - __main__ - INFO - 162 - trainer - [0/257] Loss: 0.0030
2026/09/01 11:24:03 - __main__ - INFO - 162 - trainer - [52/257] Loss: 0.0028
2026/09/01 11:24:10 - __main__ - INFO - 162 - trainer - [104/257] Loss: 0.0032
2026/09/01 11:24:17 - __main__ - INFO - 162 - trainer - [156/257] Loss: 0.0035
2026/09/01 11:24:25 - __main__ - INFO - 162 - trainer - [208/257] Loss: 0.0039
2026/09/01 11:24:31 - __main__ - INFO - 167 - trainer - Average loss in epoch 73: 0.0030
2026/09/01 11:24:31 - __main__ - INFO - 117 - trainer - Epoch: 74
2026/09/01 11:24:31 - __main__ - INFO - 162 - trainer - [0/257] Loss: 0.0035
2026/09/01 11:24:38 - __main__ - INFO - 162 - trainer - [52/257] Loss: 0.0028
2026/09/01 11:24:45 - __main__ - INFO - 162 - trainer - [104/257] Loss: 0.0031
2026/09/01 11:24:52 - __main__ - INFO - 162 - trainer - [156/257] Loss: 0.0031
2026/09/01 11:24:59 - __main__ - INFO - 162 - trainer - [208/257] Loss: 0.0025
2026/09/01 11:25:05 - __main__ - INFO - 167 - trainer - Average loss in epoch 74: 0.0029
2026/09/01 11:25:05 - __main__ - INFO - 117 - trainer - Epoch: 75
2026/09/01 11:25:06 - __main__ - INFO - 162 - trainer - [0/257] Loss: 0.0025
2026/09/01 11:25:13 - __main__ - INFO - 162 - trainer - [52/257] Loss: 0.0027
2026/09/01 11:25:21 - __main__ - INFO - 162 - trainer - [104/257] Loss: 0.0024
2026/09/01 11:25:28 - __main__ - INFO - 162 - trainer - [156/257] Loss: 0.0028
2026/09/01 11:25:35 - __main__ - INFO - 162 - trainer - [208/257] Loss: 0.0027
2026/09/01 11:25:42 - __main__ - INFO - 167 - trainer - Average loss in epoch 75: 0.0027
2026/09/01 11:25:42 - __main__ - INFO - 117 - trainer - Epoch: 76
2026/09/01 11:25:42 - __main__ - INFO - 162 - trainer - [0/257] Loss: 0.0035
2026/09/01 11:25:50 - __main__ - INFO - 162 - trainer - [52/257] Loss: 0.0031
2026/09/01 11:25:57 - __main__ - INFO - 162 - trainer - [104/257] Loss: 0.0040
2026/09/01 11:26:05 - __main__ - INFO - 162 - trainer - [156/257] Loss: 0.0021
2026/09/01 11:26:12 - __main__ - INFO - 162 - trainer - [208/257] Loss: 0.0030
2026/09/01 11:26:19 - __main__ - INFO - 167 - trainer - Average loss in epoch 76: 0.0025
2026/09/01 11:26:19 - __main__ - INFO - 117 - trainer - Epoch: 77
2026/09/01 11:26:19 - __main__ - INFO - 162 - trainer - [0/257] Loss: 0.0030
2026/09/01 11:26:26 - __main__ - INFO - 162 - trainer - [52/257] Loss: 0.0023
2026/09/01 11:26:33 - __main__ - INFO - 162 - trainer - [104/257] Loss: 0.0026
2026/09/01 11:26:40 - __main__ - INFO - 162 - trainer - [156/257] Loss: 0.0019
2026/09/01 11:26:48 - __main__ - INFO - 162 - trainer - [208/257] Loss: 0.0024
2026/09/01 11:26:54 - __main__ - INFO - 167 - trainer - Average loss in epoch 77: 0.0024
2026/09/01 11:26:54 - __main__ - INFO - 117 - trainer - Epoch: 78
2026/09/01 11:26:54 - __main__ - INFO - 162 - trainer - [0/257] Loss: 0.0024
2026/09/01 11:27:01 - __main__ - INFO - 162 - trainer - [52/257] Loss: 0.0028
2026/09/01 11:27:08 - __main__ - INFO - 162 - trainer - [104/257] Loss: 0.0023
2026/09/01 11:27:15 - __main__ - INFO - 162 - trainer - [156/257] Loss: 0.0030
2026/09/01 11:27:22 - __main__ - INFO - 162 - trainer - [208/257] Loss: 0.0027
2026/09/01 11:27:28 - __main__ - INFO - 167 - trainer - Average loss in epoch 78: 0.0025
2026/09/01 11:27:28 - __main__ - INFO - 117 - trainer - Epoch: 79
2026/09/01 11:27:28 - __main__ - INFO - 162 - trainer - [0/257] Loss: 0.0022
2026/09/01 11:27:36 - __main__ - INFO - 162 - trainer - [52/257] Loss: 0.0027
2026/09/01 11:27:43 - __main__ - INFO - 162 - trainer - [104/257] Loss: 0.0018
2026/09/01 11:27:51 - __main__ - INFO - 162 - trainer - [156/257] Loss: 0.0024
2026/09/01 11:27:58 - __main__ - INFO - 162 - trainer - [208/257] Loss: 0.0023
2026/09/01 11:28:05 - __main__ - INFO - 167 - trainer - Average loss in epoch 79: 0.0022
2026/09/01 11:28:05 - __main__ - INFO - 117 - trainer - Epoch: 80
2026/09/01 11:28:05 - __main__ - INFO - 162 - trainer - [0/257] Loss: 0.0017
2026/09/01 11:28:12 - __main__ - INFO - 162 - trainer - [52/257] Loss: 0.0019
2026/09/01 11:28:19 - __main__ - INFO - 162 - trainer - [104/257] Loss: 0.0022
2026/09/01 11:28:26 - __main__ - INFO - 162 - trainer - [156/257] Loss: 0.0019
2026/09/01 11:28:33 - __main__ - INFO - 162 - trainer - [208/257] Loss: 0.0024
2026/09/01 11:28:40 - __main__ - INFO - 167 - trainer - Average loss in epoch 80: 0.0021
2026/09/01 11:28:40 - __main__ - INFO - 173 - trainer - start predicting: 2026-09-01 11:28:40.338129
2026/09/01 11:29:47 - __main__ - INFO - 203 - trainer - {'Best_HR@5': np.float64(0.04), 'Best_HR@10': np.float64(0.0666), 'Best_HR@20': np.float64(0.1287), 'Best_NDCG@5': np.float64(0.0215), 'Best_NDCG@10': np.float64(0.0274), 'Best_NDCG@20': np.float64(0.043)}
2026/09/01 11:29:47 - __main__ - INFO - 204 - trainer - {'Best_epoch_HR@5': 80, 'Best_epoch_HR@10': 60, 'Best_epoch_HR@20': 40, 'Best_epoch_NDCG@5': 80, 'Best_epoch_NDCG@10': 60, 'Best_epoch_NDCG@20': 40}
2026/09/01 11:29:47 - __main__ - INFO - 117 - trainer - Epoch: 81
2026/09/01 11:29:48 - __main__ - INFO - 162 - trainer - [0/257] Loss: 0.0020
2026/09/01 11:29:55 - __main__ - INFO - 162 - trainer - [52/257] Loss: 0.0024
2026/09/01 11:30:02 - __main__ - INFO - 162 - trainer - [104/257] Loss: 0.0012
2026/09/01 11:30:10 - __main__ - INFO - 162 - trainer - [156/257] Loss: 0.0021
2026/09/01 11:30:17 - __main__ - INFO - 162 - trainer - [208/257] Loss: 0.0022
2026/09/01 11:30:24 - __main__ - INFO - 167 - trainer - Average loss in epoch 81: 0.0020
2026/09/01 11:30:24 - __main__ - INFO - 117 - trainer - Epoch: 82
2026/09/01 11:30:24 - __main__ - INFO - 162 - trainer - [0/257] Loss: 0.0020
2026/09/01 11:30:31 - __main__ - INFO - 162 - trainer - [52/257] Loss: 0.0020
2026/09/01 11:30:38 - __main__ - INFO - 162 - trainer - [104/257] Loss: 0.0014
2026/09/01 11:30:45 - __main__ - INFO - 162 - trainer - [156/257] Loss: 0.0017
2026/09/01 11:30:52 - __main__ - INFO - 162 - trainer - [208/257] Loss: 0.0017
2026/09/01 11:30:58 - __main__ - INFO - 167 - trainer - Average loss in epoch 82: 0.0019
2026/09/01 11:30:58 - __main__ - INFO - 117 - trainer - Epoch: 83
2026/09/01 11:30:58 - __main__ - INFO - 162 - trainer - [0/257] Loss: 0.0016
2026/09/01 11:31:05 - __main__ - INFO - 162 - trainer - [52/257] Loss: 0.0017
2026/09/01 11:31:13 - __main__ - INFO - 162 - trainer - [104/257] Loss: 0.0020
2026/09/01 11:31:20 - __main__ - INFO - 162 - trainer - [156/257] Loss: 0.0024
2026/09/01 11:31:28 - __main__ - INFO - 162 - trainer - [208/257] Loss: 0.0016
2026/09/01 11:31:35 - __main__ - INFO - 167 - trainer - Average loss in epoch 83: 0.0018
2026/09/01 11:31:35 - __main__ - INFO - 117 - trainer - Epoch: 84
2026/09/01 11:31:35 - __main__ - INFO - 162 - trainer - [0/257] Loss: 0.0016
2026/09/01 11:31:42 - __main__ - INFO - 162 - trainer - [52/257] Loss: 0.0016
2026/09/01 11:31:49 - __main__ - INFO - 162 - trainer - [104/257] Loss: 0.0016
2026/09/01 11:31:56 - __main__ - INFO - 162 - trainer - [156/257] Loss: 0.0017
2026/09/01 11:32:03 - __main__ - INFO - 162 - trainer - [208/257] Loss: 0.0015
2026/09/01 11:32:09 - __main__ - INFO - 167 - trainer - Average loss in epoch 84: 0.0017
2026/09/01 11:32:09 - __main__ - INFO - 117 - trainer - Epoch: 85
2026/09/01 11:32:09 - __main__ - INFO - 162 - trainer - [0/257] Loss: 0.0017
2026/09/01 11:32:16 - __main__ - INFO - 162 - trainer - [52/257] Loss: 0.0013
2026/09/01 11:32:24 - __main__ - INFO - 162 - trainer - [104/257] Loss: 0.0012
2026/09/01 11:32:31 - __main__ - INFO - 162 - trainer - [156/257] Loss: 0.0013
2026/09/01 11:32:38 - __main__ - INFO - 162 - trainer - [208/257] Loss: 0.0012
2026/09/01 11:32:45 - __main__ - INFO - 167 - trainer - Average loss in epoch 85: 0.0016
2026/09/01 11:32:45 - __main__ - INFO - 117 - trainer - Epoch: 86
2026/09/01 11:32:45 - __main__ - INFO - 162 - trainer - [0/257] Loss: 0.0016
2026/09/01 11:32:53 - __main__ - INFO - 162 - trainer - [52/257] Loss: 0.0015
2026/09/01 11:33:00 - __main__ - INFO - 162 - trainer - [104/257] Loss: 0.0014
2026/09/01 11:33:08 - __main__ - INFO - 162 - trainer - [156/257] Loss: 0.0019
2026/09/01 11:33:15 - __main__ - INFO - 162 - trainer - [208/257] Loss: 0.0014
2026/09/01 11:33:22 - __main__ - INFO - 167 - trainer - Average loss in epoch 86: 0.0015
2026/09/01 11:33:22 - __main__ - INFO - 117 - trainer - Epoch: 87
2026/09/01 11:33:22 - __main__ - INFO - 162 - trainer - [0/257] Loss: 0.0012
2026/09/01 11:33:29 - __main__ - INFO - 162 - trainer - [52/257] Loss: 0.0015
2026/09/01 11:33:37 - __main__ - INFO - 162 - trainer - [104/257] Loss: 0.0013
2026/09/01 11:33:44 - __main__ - INFO - 162 - trainer - [156/257] Loss: 0.0013
2026/09/01 11:33:51 - __main__ - INFO - 162 - trainer - [208/257] Loss: 0.0015
2026/09/01 11:33:58 - __main__ - INFO - 167 - trainer - Average loss in epoch 87: 0.0015
2026/09/01 11:33:58 - __main__ - INFO - 117 - trainer - Epoch: 88
2026/09/01 11:33:58 - __main__ - INFO - 162 - trainer - [0/257] Loss: 0.0014
2026/09/01 11:34:05 - __main__ - INFO - 162 - trainer - [52/257] Loss: 0.0016
2026/09/01 11:34:12 - __main__ - INFO - 162 - trainer - [104/257] Loss: 0.0013
2026/09/01 11:34:19 - __main__ - INFO - 162 - trainer - [156/257] Loss: 0.0011
2026/09/01 11:34:26 - __main__ - INFO - 162 - trainer - [208/257] Loss: 0.0016
2026/09/01 11:34:32 - __main__ - INFO - 167 - trainer - Average loss in epoch 88: 0.0014
2026/09/01 11:34:32 - __main__ - INFO - 117 - trainer - Epoch: 89
2026/09/01 11:34:32 - __main__ - INFO - 162 - trainer - [0/257] Loss: 0.0019
2026/09/01 11:34:40 - __main__ - INFO - 162 - trainer - [52/257] Loss: 0.0015
2026/09/01 11:34:47 - __main__ - INFO - 162 - trainer - [104/257] Loss: 0.0009
2026/09/01 11:34:55 - __main__ - INFO - 162 - trainer - [156/257] Loss: 0.0009
2026/09/01 11:35:02 - __main__ - INFO - 162 - trainer - [208/257] Loss: 0.0016
2026/09/01 11:35:09 - __main__ - INFO - 167 - trainer - Average loss in epoch 89: 0.0014
2026/09/01 11:35:09 - __main__ - INFO - 117 - trainer - Epoch: 90
2026/09/01 11:35:09 - __main__ - INFO - 162 - trainer - [0/257] Loss: 0.0014
2026/09/01 11:35:16 - __main__ - INFO - 162 - trainer - [52/257] Loss: 0.0014
2026/09/01 11:35:23 - __main__ - INFO - 162 - trainer - [104/257] Loss: 0.0013
2026/09/01 11:35:30 - __main__ - INFO - 162 - trainer - [156/257] Loss: 0.0012
2026/09/01 11:35:37 - __main__ - INFO - 162 - trainer - [208/257] Loss: 0.0018
2026/09/01 11:35:43 - __main__ - INFO - 167 - trainer - Average loss in epoch 90: 0.0013
2026/09/01 11:35:43 - __main__ - INFO - 117 - trainer - Epoch: 91
2026/09/01 11:35:43 - __main__ - INFO - 162 - trainer - [0/257] Loss: 0.0011
2026/09/01 11:35:50 - __main__ - INFO - 162 - trainer - [52/257] Loss: 0.0016
2026/09/01 11:35:58 - __main__ - INFO - 162 - trainer - [104/257] Loss: 0.0014
2026/09/01 11:36:05 - __main__ - INFO - 162 - trainer - [156/257] Loss: 0.0011
2026/09/01 11:36:13 - __main__ - INFO - 162 - trainer - [208/257] Loss: 0.0013
2026/09/01 11:36:19 - __main__ - INFO - 167 - trainer - Average loss in epoch 91: 0.0013
2026/09/01 11:36:19 - __main__ - INFO - 117 - trainer - Epoch: 92
2026/09/01 11:36:19 - __main__ - INFO - 162 - trainer - [0/257] Loss: 0.0014
2026/09/01 11:36:26 - __main__ - INFO - 162 - trainer - [52/257] Loss: 0.0013
2026/09/01 11:36:33 - __main__ - INFO - 162 - trainer - [104/257] Loss: 0.0015
2026/09/01 11:36:40 - __main__ - INFO - 162 - trainer - [156/257] Loss: 0.0015
2026/09/01 11:36:47 - __main__ - INFO - 162 - trainer - [208/257] Loss: 0.0013
2026/09/01 11:36:53 - __main__ - INFO - 167 - trainer - Average loss in epoch 92: 0.0012
2026/09/01 11:36:53 - __main__ - INFO - 117 - trainer - Epoch: 93
2026/09/01 11:36:54 - __main__ - INFO - 162 - trainer - [0/257] Loss: 0.0013
2026/09/01 11:37:01 - __main__ - INFO - 162 - trainer - [52/257] Loss: 0.0013
2026/09/01 11:37:08 - __main__ - INFO - 162 - trainer - [104/257] Loss: 0.0012
2026/09/01 11:37:16 - __main__ - INFO - 162 - trainer - [156/257] Loss: 0.0011
2026/09/01 11:37:23 - __main__ - INFO - 162 - trainer - [208/257] Loss: 0.0011
2026/09/01 11:37:30 - __main__ - INFO - 167 - trainer - Average loss in epoch 93: 0.0012
2026/09/01 11:37:30 - __main__ - INFO - 117 - trainer - Epoch: 94
2026/09/01 11:37:30 - __main__ - INFO - 162 - trainer - [0/257] Loss: 0.0009
2026/09/01 11:37:37 - __main__ - INFO - 162 - trainer - [52/257] Loss: 0.0011
2026/09/01 11:37:45 - __main__ - INFO - 162 - trainer - [104/257] Loss: 0.0011
2026/09/01 11:37:52 - __main__ - INFO - 162 - trainer - [156/257] Loss: 0.0016
2026/09/01 11:37:59 - __main__ - INFO - 162 - trainer - [208/257] Loss: 0.0012
2026/09/01 11:38:06 - __main__ - INFO - 167 - trainer - Average loss in epoch 94: 0.0012
2026/09/01 11:38:06 - __main__ - INFO - 117 - trainer - Epoch: 95
2026/09/01 11:38:06 - __main__ - INFO - 162 - trainer - [0/257] Loss: 0.0009
2026/09/01 11:38:13 - __main__ - INFO - 162 - trainer - [52/257] Loss: 0.0011
2026/09/01 11:38:21 - __main__ - INFO - 162 - trainer - [104/257] Loss: 0.0012
2026/09/01 11:38:28 - __main__ - INFO - 162 - trainer - [156/257] Loss: 0.0009
2026/09/01 11:38:35 - __main__ - INFO - 162 - trainer - [208/257] Loss: 0.0011
2026/09/01 11:38:42 - __main__ - INFO - 167 - trainer - Average loss in epoch 95: 0.0011
2026/09/01 11:38:42 - __main__ - INFO - 117 - trainer - Epoch: 96
2026/09/01 11:38:42 - __main__ - INFO - 162 - trainer - [0/257] Loss: 0.0009
2026/09/01 11:38:49 - __main__ - INFO - 162 - trainer - [52/257] Loss: 0.0011
2026/09/01 11:38:57 - __main__ - INFO - 162 - trainer - [104/257] Loss: 0.0011
2026/09/01 11:39:04 - __main__ - INFO - 162 - trainer - [156/257] Loss: 0.0011
2026/09/01 11:39:11 - __main__ - INFO - 162 - trainer - [208/257] Loss: 0.0010
2026/09/01 11:39:17 - __main__ - INFO - 167 - trainer - Average loss in epoch 96: 0.0011
2026/09/01 11:39:17 - __main__ - INFO - 117 - trainer - Epoch: 97
2026/09/01 11:39:18 - __main__ - INFO - 162 - trainer - [0/257] Loss: 0.0011
2026/09/01 11:39:25 - __main__ - INFO - 162 - trainer - [52/257] Loss: 0.0011
2026/09/01 11:39:32 - __main__ - INFO - 162 - trainer - [104/257] Loss: 0.0011
2026/09/01 11:39:40 - __main__ - INFO - 162 - trainer - [156/257] Loss: 0.0011
2026/09/01 11:39:47 - __main__ - INFO - 162 - trainer - [208/257] Loss: 0.0013
2026/09/01 11:39:54 - __main__ - INFO - 167 - trainer - Average loss in epoch 97: 0.0011
2026/09/01 11:39:54 - __main__ - INFO - 117 - trainer - Epoch: 98
2026/09/01 11:39:54 - __main__ - INFO - 162 - trainer - [0/257] Loss: 0.0010
2026/09/01 11:40:01 - __main__ - INFO - 162 - trainer - [52/257] Loss: 0.0012
2026/09/01 11:40:08 - __main__ - INFO - 162 - trainer - [104/257] Loss: 0.0012
2026/09/01 11:40:15 - __main__ - INFO - 162 - trainer - [156/257] Loss: 0.0010
2026/09/01 11:40:22 - __main__ - INFO - 162 - trainer - [208/257] Loss: 0.0009
2026/09/01 11:40:28 - __main__ - INFO - 167 - trainer - Average loss in epoch 98: 0.0010
2026/09/01 11:40:28 - __main__ - INFO - 117 - trainer - Epoch: 99
2026/09/01 11:40:28 - __main__ - INFO - 162 - trainer - [0/257] Loss: 0.0008
2026/09/01 11:40:35 - __main__ - INFO - 162 - trainer - [52/257] Loss: 0.0009
2026/09/01 11:40:43 - __main__ - INFO - 162 - trainer - [104/257] Loss: 0.0009
2026/09/01 11:40:50 - __main__ - INFO - 162 - trainer - [156/257] Loss: 0.0008
2026/09/01 11:40:57 - __main__ - INFO - 162 - trainer - [208/257] Loss: 0.0010
2026/09/01 11:41:04 - __main__ - INFO - 167 - trainer - Average loss in epoch 99: 0.0010
2026/09/01 11:41:04 - __main__ - INFO - 117 - trainer - Epoch: 100
2026/09/01 11:41:04 - __main__ - INFO - 162 - trainer - [0/257] Loss: 0.0009
2026/09/01 11:41:11 - __main__ - INFO - 162 - trainer - [52/257] Loss: 0.0003
2026/09/01 11:41:19 - __main__ - INFO - 162 - trainer - [104/257] Loss: 0.0004
2026/09/01 11:41:26 - __main__ - INFO - 162 - trainer - [156/257] Loss: 0.0005
2026/09/01 11:41:33 - __main__ - INFO - 162 - trainer - [208/257] Loss: 0.0003
2026/09/01 11:41:40 - __main__ - INFO - 167 - trainer - Average loss in epoch 100: 0.0005
2026/09/01 11:41:40 - __main__ - INFO - 173 - trainer - start predicting: 2026-09-01 11:41:40.428437
2026/09/01 11:42:41 - __main__ - INFO - 203 - trainer - {'Best_HR@5': np.float64(0.04), 'Best_HR@10': np.float64(0.0666), 'Best_HR@20': np.float64(0.1287), 'Best_NDCG@5': np.float64(0.0217), 'Best_NDCG@10': np.float64(0.0274), 'Best_NDCG@20': np.float64(0.043)}
2026/09/01 11:42:41 - __main__ - INFO - 204 - trainer - {'Best_epoch_HR@5': 80, 'Best_epoch_HR@10': 60, 'Best_epoch_HR@20': 40, 'Best_epoch_NDCG@5': 100, 'Best_epoch_NDCG@10': 60, 'Best_epoch_NDCG@20': 40}
2026/09/01 11:42:41 - __main__ - INFO - 117 - trainer - Epoch: 101
2026/09/01 11:42:41 - __main__ - INFO - 162 - trainer - [0/257] Loss: 0.0008
2026/09/01 11:42:48 - __main__ - INFO - 162 - trainer - [52/257] Loss: 0.0004
2026/09/01 11:42:55 - __main__ - INFO - 162 - trainer - [104/257] Loss: 0.0005
2026/09/01 11:43:02 - __main__ - INFO - 162 - trainer - [156/257] Loss: 0.0005
2026/09/01 11:43:09 - __main__ - INFO - 162 - trainer - [208/257] Loss: 0.0006
2026/09/01 11:43:16 - __main__ - INFO - 167 - trainer - Average loss in epoch 101: 0.0005
2026/09/01 11:43:16 - __main__ - INFO - 117 - trainer - Epoch: 102
2026/09/01 11:43:16 - __main__ - INFO - 162 - trainer - [0/257] Loss: 0.0012
2026/09/01 11:43:24 - __main__ - INFO - 162 - trainer - [52/257] Loss: 0.0003
2026/09/01 11:43:31 - __main__ - INFO - 162 - trainer - [104/257] Loss: 0.0003
2026/09/01 11:43:38 - __main__ - INFO - 162 - trainer - [156/257] Loss: 0.0004
2026/09/01 11:43:45 - __main__ - INFO - 162 - trainer - [208/257] Loss: 0.0002
2026/09/01 11:43:51 - __main__ - INFO - 167 - trainer - Average loss in epoch 102: 0.0005
2026/09/01 11:43:51 - __main__ - INFO - 117 - trainer - Epoch: 103
2026/09/01 11:43:52 - __main__ - INFO - 162 - trainer - [0/257] Loss: 0.0004
2026/09/01 11:43:59 - __main__ - INFO - 162 - trainer - [52/257] Loss: 0.0006
2026/09/01 11:44:06 - __main__ - INFO - 162 - trainer - [104/257] Loss: 0.0003
2026/09/01 11:44:13 - __main__ - INFO - 162 - trainer - [156/257] Loss: 0.0006
2026/09/01 11:44:20 - __main__ - INFO - 162 - trainer - [208/257] Loss: 0.0002
2026/09/01 11:44:27 - __main__ - INFO - 167 - trainer - Average loss in epoch 103: 0.0005
2026/09/01 11:44:27 - __main__ - INFO - 117 - trainer - Epoch: 104
2026/09/01 11:44:27 - __main__ - INFO - 162 - trainer - [0/257] Loss: 0.0005
2026/09/01 11:44:34 - __main__ - INFO - 162 - trainer - [52/257] Loss: 0.0005
2026/09/01 11:44:41 - __main__ - INFO - 162 - trainer - [104/257] Loss: 0.0005
2026/09/01 11:44:49 - __main__ - INFO - 162 - trainer - [156/257] Loss: 0.0006
2026/09/01 11:44:56 - __main__ - INFO - 162 - trainer - [208/257] Loss: 0.0003
2026/09/01 11:45:02 - __main__ - INFO - 167 - trainer - Average loss in epoch 104: 0.0005
2026/09/01 11:45:02 - __main__ - INFO - 117 - trainer - Epoch: 105
2026/09/01 11:45:02 - __main__ - INFO - 162 - trainer - [0/257] Loss: 0.0004
2026/09/01 11:45:10 - __main__ - INFO - 162 - trainer - [52/257] Loss: 0.0003
2026/09/01 11:45:17 - __main__ - INFO - 162 - trainer - [104/257] Loss: 0.0003
2026/09/01 11:45:24 - __main__ - INFO - 162 - trainer - [156/257] Loss: 0.0003
2026/09/01 11:45:31 - __main__ - INFO - 162 - trainer - [208/257] Loss: 0.0005
2026/09/01 11:45:38 - __main__ - INFO - 167 - trainer - Average loss in epoch 105: 0.0004
2026/09/01 11:45:38 - __main__ - INFO - 117 - trainer - Epoch: 106
2026/09/01 11:45:38 - __main__ - INFO - 162 - trainer - [0/257] Loss: 0.0003
2026/09/01 11:45:46 - __main__ - INFO - 162 - trainer - [52/257] Loss: 0.0006
2026/09/01 11:45:53 - __main__ - INFO - 162 - trainer - [104/257] Loss: 0.0004
2026/09/01 11:46:00 - __main__ - INFO - 162 - trainer - [156/257] Loss: 0.0006
2026/09/01 11:46:07 - __main__ - INFO - 162 - trainer - [208/257] Loss: 0.0008
2026/09/01 11:46:13 - __main__ - INFO - 167 - trainer - Average loss in epoch 106: 0.0004
2026/09/01 11:46:13 - __main__ - INFO - 117 - trainer - Epoch: 107
2026/09/01 11:46:14 - __main__ - INFO - 162 - trainer - [0/257] Loss: 0.0003
2026/09/01 11:46:21 - __main__ - INFO - 162 - trainer - [52/257] Loss: 0.0005
2026/09/01 11:46:28 - __main__ - INFO - 162 - trainer - [104/257] Loss: 0.0008
2026/09/01 11:46:35 - __main__ - INFO - 162 - trainer - [156/257] Loss: 0.0003
2026/09/01 11:46:42 - __main__ - INFO - 162 - trainer - [208/257] Loss: 0.0004
2026/09/01 11:46:48 - __main__ - INFO - 167 - trainer - Average loss in epoch 107: 0.0004
2026/09/01 11:46:48 - __main__ - INFO - 117 - trainer - Epoch: 108
2026/09/01 11:46:48 - __main__ - INFO - 162 - trainer - [0/257] Loss: 0.0004
2026/09/01 11:46:56 - __main__ - INFO - 162 - trainer - [52/257] Loss: 0.0003
2026/09/01 11:47:03 - __main__ - INFO - 162 - trainer - [104/257] Loss: 0.0006
2026/09/01 11:47:10 - __main__ - INFO - 162 - trainer - [156/257] Loss: 0.0005
2026/09/01 11:47:17 - __main__ - INFO - 162 - trainer - [208/257] Loss: 0.0004
2026/09/01 11:47:23 - __main__ - INFO - 167 - trainer - Average loss in epoch 108: 0.0004
2026/09/01 11:47:23 - __main__ - INFO - 117 - trainer - Epoch: 109
2026/09/01 11:47:23 - __main__ - INFO - 162 - trainer - [0/257] Loss: 0.0005
2026/09/01 11:47:31 - __main__ - INFO - 162 - trainer - [52/257] Loss: 0.0003
2026/09/01 11:47:38 - __main__ - INFO - 162 - trainer - [104/257] Loss: 0.0006
2026/09/01 11:47:45 - __main__ - INFO - 162 - trainer - [156/257] Loss: 0.0004
2026/09/01 11:47:52 - __main__ - INFO - 162 - trainer - [208/257] Loss: 0.0004
2026/09/01 11:47:58 - __main__ - INFO - 167 - trainer - Average loss in epoch 109: 0.0004
2026/09/01 11:47:58 - __main__ - INFO - 117 - trainer - Epoch: 110
2026/09/01 11:47:58 - __main__ - INFO - 162 - trainer - [0/257] Loss: 0.0005
2026/09/01 11:48:05 - __main__ - INFO - 162 - trainer - [52/257] Loss: 0.0004
2026/09/01 11:48:13 - __main__ - INFO - 162 - trainer - [104/257] Loss: 0.0004
2026/09/01 11:48:20 - __main__ - INFO - 162 - trainer - [156/257] Loss: 0.0006
2026/09/01 11:48:27 - __main__ - INFO - 162 - trainer - [208/257] Loss: 0.0004
2026/09/01 11:48:33 - __main__ - INFO - 167 - trainer - Average loss in epoch 110: 0.0004
2026/09/01 11:48:33 - __main__ - INFO - 117 - trainer - Epoch: 111
2026/09/01 11:48:33 - __main__ - INFO - 162 - trainer - [0/257] Loss: 0.0004
2026/09/01 11:48:41 - __main__ - INFO - 162 - trainer - [52/257] Loss: 0.0003
2026/09/01 11:48:47 - __main__ - INFO - 162 - trainer - [104/257] Loss: 0.0005
2026/09/01 11:48:54 - __main__ - INFO - 162 - trainer - [156/257] Loss: 0.0004
2026/09/01 11:49:01 - __main__ - INFO - 162 - trainer - [208/257] Loss: 0.0004
2026/09/01 11:49:08 - __main__ - INFO - 167 - trainer - Average loss in epoch 111: 0.0004
2026/09/01 11:49:08 - __main__ - INFO - 117 - trainer - Epoch: 112
2026/09/01 11:49:08 - __main__ - INFO - 162 - trainer - [0/257] Loss: 0.0003
2026/09/01 11:49:15 - __main__ - INFO - 162 - trainer - [52/257] Loss: 0.0004
2026/09/01 11:49:22 - __main__ - INFO - 162 - trainer - [104/257] Loss: 0.0005
2026/09/01 11:49:29 - __main__ - INFO - 162 - trainer - [156/257] Loss: 0.0005
2026/09/01 11:49:37 - __main__ - INFO - 162 - trainer - [208/257] Loss: 0.0004
2026/09/01 11:49:43 - __main__ - INFO - 167 - trainer - Average loss in epoch 112: 0.0004
2026/09/01 11:49:43 - __main__ - INFO - 117 - trainer - Epoch: 113
2026/09/01 11:49:43 - __main__ - INFO - 162 - trainer - [0/257] Loss: 0.0002
2026/09/01 11:49:50 - __main__ - INFO - 162 - trainer - [52/257] Loss: 0.0003
2026/09/01 11:49:57 - __main__ - INFO - 162 - trainer - [104/257] Loss: 0.0005
2026/09/01 11:50:04 - __main__ - INFO - 162 - trainer - [156/257] Loss: 0.0003
2026/09/01 11:50:11 - __main__ - INFO - 162 - trainer - [208/257] Loss: 0.0004
2026/09/01 11:50:18 - __main__ - INFO - 167 - trainer - Average loss in epoch 113: 0.0004
2026/09/01 11:50:18 - __main__ - INFO - 117 - trainer - Epoch: 114
2026/09/01 11:50:18 - __main__ - INFO - 162 - trainer - [0/257] Loss: 0.0002
2026/09/01 11:50:25 - __main__ - INFO - 162 - trainer - [52/257] Loss: 0.0008
2026/09/01 11:50:32 - __main__ - INFO - 162 - trainer - [104/257] Loss: 0.0006
2026/09/01 11:50:39 - __main__ - INFO - 162 - trainer - [156/257] Loss: 0.0004
2026/09/01 11:50:46 - __main__ - INFO - 162 - trainer - [208/257] Loss: 0.0004
2026/09/01 11:50:53 - __main__ - INFO - 167 - trainer - Average loss in epoch 114: 0.0004
2026/09/01 11:50:53 - __main__ - INFO - 117 - trainer - Epoch: 115
2026/09/01 11:50:53 - __main__ - INFO - 162 - trainer - [0/257] Loss: 0.0007
2026/09/01 11:51:00 - __main__ - INFO - 162 - trainer - [52/257] Loss: 0.0007
2026/09/01 11:51:07 - __main__ - INFO - 162 - trainer - [104/257] Loss: 0.0004
2026/09/01 11:51:14 - __main__ - INFO - 162 - trainer - [156/257] Loss: 0.0004
2026/09/01 11:51:21 - __main__ - INFO - 162 - trainer - [208/257] Loss: 0.0005
2026/09/01 11:51:28 - __main__ - INFO - 167 - trainer - Average loss in epoch 115: 0.0004
2026/09/01 11:51:28 - __main__ - INFO - 117 - trainer - Epoch: 116
2026/09/01 11:51:28 - __main__ - INFO - 162 - trainer - [0/257] Loss: 0.0003
2026/09/01 11:51:35 - __main__ - INFO - 162 - trainer - [52/257] Loss: 0.0003
2026/09/01 11:51:42 - __main__ - INFO - 162 - trainer - [104/257] Loss: 0.0003
2026/09/01 11:51:49 - __main__ - INFO - 162 - trainer - [156/257] Loss: 0.0004
2026/09/01 11:51:56 - __main__ - INFO - 162 - trainer - [208/257] Loss: 0.0003
2026/09/01 11:52:03 - __main__ - INFO - 167 - trainer - Average loss in epoch 116: 0.0004
2026/09/01 11:52:03 - __main__ - INFO - 117 - trainer - Epoch: 117
2026/09/01 11:52:03 - __main__ - INFO - 162 - trainer - [0/257] Loss: 0.0007
2026/09/01 11:52:10 - __main__ - INFO - 162 - trainer - [52/257] Loss: 0.0003
2026/09/01 11:52:17 - __main__ - INFO - 162 - trainer - [104/257] Loss: 0.0004
2026/09/01 11:52:24 - __main__ - INFO - 162 - trainer - [156/257] Loss: 0.0003
2026/09/01 11:52:31 - __main__ - INFO - 162 - trainer - [208/257] Loss: 0.0005
2026/09/01 11:52:38 - __main__ - INFO - 167 - trainer - Average loss in epoch 117: 0.0004
2026/09/01 11:52:38 - __main__ - INFO - 117 - trainer - Epoch: 118
2026/09/01 11:52:38 - __main__ - INFO - 162 - trainer - [0/257] Loss: 0.0002
2026/09/01 11:52:45 - __main__ - INFO - 162 - trainer - [52/257] Loss: 0.0004
2026/09/01 11:52:52 - __main__ - INFO - 162 - trainer - [104/257] Loss: 0.0004
2026/09/01 11:53:00 - __main__ - INFO - 162 - trainer - [156/257] Loss: 0.0003
2026/09/01 11:53:07 - __main__ - INFO - 162 - trainer - [208/257] Loss: 0.0004
2026/09/01 11:53:13 - __main__ - INFO - 167 - trainer - Average loss in epoch 118: 0.0004
2026/09/01 11:53:13 - __main__ - INFO - 117 - trainer - Epoch: 119
2026/09/01 11:53:13 - __main__ - INFO - 162 - trainer - [0/257] Loss: 0.0007
2026/09/01 11:53:20 - __main__ - INFO - 162 - trainer - [52/257] Loss: 0.0003
2026/09/01 11:53:28 - __main__ - INFO - 162 - trainer - [104/257] Loss: 0.0007
2026/09/01 11:53:35 - __main__ - INFO - 162 - trainer - [156/257] Loss: 0.0004
2026/09/01 11:53:42 - __main__ - INFO - 162 - trainer - [208/257] Loss: 0.0004
2026/09/01 11:53:48 - __main__ - INFO - 167 - trainer - Average loss in epoch 119: 0.0004
2026/09/01 11:53:48 - __main__ - INFO - 117 - trainer - Epoch: 120
2026/09/01 11:53:48 - __main__ - INFO - 162 - trainer - [0/257] Loss: 0.0006
2026/09/01 11:53:56 - __main__ - INFO - 162 - trainer - [52/257] Loss: 0.0005
2026/09/01 11:54:03 - __main__ - INFO - 162 - trainer - [104/257] Loss: 0.0004
2026/09/01 11:54:10 - __main__ - INFO - 162 - trainer - [156/257] Loss: 0.0003
2026/09/01 11:54:17 - __main__ - INFO - 162 - trainer - [208/257] Loss: 0.0003
2026/09/01 11:54:23 - __main__ - INFO - 167 - trainer - Average loss in epoch 120: 0.0004
2026/09/01 11:54:23 - __main__ - INFO - 173 - trainer - start predicting: 2026-09-01 11:54:23.979918
2026/09/01 11:55:25 - __main__ - INFO - 117 - trainer - Epoch: 121
2026/09/01 11:55:25 - __main__ - INFO - 162 - trainer - [0/257] Loss: 0.0003
2026/09/01 11:55:32 - __main__ - INFO - 162 - trainer - [52/257] Loss: 0.0005
2026/09/01 11:55:39 - __main__ - INFO - 162 - trainer - [104/257] Loss: 0.0006
2026/09/01 11:55:46 - __main__ - INFO - 162 - trainer - [156/257] Loss: 0.0002
2026/09/01 11:55:53 - __main__ - INFO - 162 - trainer - [208/257] Loss: 0.0005
2026/09/01 11:56:00 - __main__ - INFO - 167 - trainer - Average loss in epoch 121: 0.0004
2026/09/01 11:56:00 - __main__ - INFO - 117 - trainer - Epoch: 122
2026/09/01 11:56:00 - __main__ - INFO - 162 - trainer - [0/257] Loss: 0.0004
2026/09/01 11:56:07 - __main__ - INFO - 162 - trainer - [52/257] Loss: 0.0003
2026/09/01 11:56:14 - __main__ - INFO - 162 - trainer - [104/257] Loss: 0.0003
2026/09/01 11:56:21 - __main__ - INFO - 162 - trainer - [156/257] Loss: 0.0006
2026/09/01 11:56:28 - __main__ - INFO - 162 - trainer - [208/257] Loss: 0.0005
2026/09/01 11:56:35 - __main__ - INFO - 167 - trainer - Average loss in epoch 122: 0.0004
2026/09/01 11:56:35 - __main__ - INFO - 117 - trainer - Epoch: 123
2026/09/01 11:56:35 - __main__ - INFO - 162 - trainer - [0/257] Loss: 0.0003
2026/09/01 11:56:43 - __main__ - INFO - 162 - trainer - [52/257] Loss: 0.0004
2026/09/01 11:56:51 - __main__ - INFO - 162 - trainer - [104/257] Loss: 0.0003
2026/09/01 11:56:58 - __main__ - INFO - 162 - trainer - [156/257] Loss: 0.0004
2026/09/01 11:57:06 - __main__ - INFO - 162 - trainer - [208/257] Loss: 0.0003
2026/09/01 11:57:14 - __main__ - INFO - 167 - trainer - Average loss in epoch 123: 0.0004
2026/09/01 11:57:14 - __main__ - INFO - 117 - trainer - Epoch: 124
2026/09/01 11:57:14 - __main__ - INFO - 162 - trainer - [0/257] Loss: 0.0005
2026/09/01 11:57:21 - __main__ - INFO - 162 - trainer - [52/257] Loss: 0.0008
2026/09/01 11:57:28 - __main__ - INFO - 162 - trainer - [104/257] Loss: 0.0002
2026/09/01 11:57:36 - __main__ - INFO - 162 - trainer - [156/257] Loss: 0.0003
2026/09/01 11:57:43 - __main__ - INFO - 162 - trainer - [208/257] Loss: 0.0002
2026/09/01 11:57:49 - __main__ - INFO - 167 - trainer - Average loss in epoch 124: 0.0004
2026/09/01 11:57:49 - __main__ - INFO - 117 - trainer - Epoch: 125
2026/09/01 11:57:49 - __main__ - INFO - 162 - trainer - [0/257] Loss: 0.0003
2026/09/01 11:57:57 - __main__ - INFO - 162 - trainer - [52/257] Loss: 0.0004
2026/09/01 11:58:04 - __main__ - INFO - 162 - trainer - [104/257] Loss: 0.0002
2026/09/01 11:58:10 - __main__ - INFO - 162 - trainer - [156/257] Loss: 0.0007
2026/09/01 11:58:17 - __main__ - INFO - 162 - trainer - [208/257] Loss: 0.0004
2026/09/01 11:58:24 - __main__ - INFO - 167 - trainer - Average loss in epoch 125: 0.0004
2026/09/01 11:58:24 - __main__ - INFO - 117 - trainer - Epoch: 126
2026/09/01 11:58:24 - __main__ - INFO - 162 - trainer - [0/257] Loss: 0.0002
2026/09/01 11:58:32 - __main__ - INFO - 162 - trainer - [52/257] Loss: 0.0004
2026/09/01 11:58:39 - __main__ - INFO - 162 - trainer - [104/257] Loss: 0.0005
2026/09/01 11:58:47 - __main__ - INFO - 162 - trainer - [156/257] Loss: 0.0006
2026/09/01 11:58:54 - __main__ - INFO - 162 - trainer - [208/257] Loss: 0.0003
2026/09/01 11:59:01 - __main__ - INFO - 167 - trainer - Average loss in epoch 126: 0.0004
2026/09/01 11:59:01 - __main__ - INFO - 117 - trainer - Epoch: 127
2026/09/01 11:59:01 - __main__ - INFO - 162 - trainer - [0/257] Loss: 0.0004
2026/09/01 11:59:08 - __main__ - INFO - 162 - trainer - [52/257] Loss: 0.0003
2026/09/01 11:59:15 - __main__ - INFO - 162 - trainer - [104/257] Loss: 0.0004
2026/09/01 11:59:22 - __main__ - INFO - 162 - trainer - [156/257] Loss: 0.0003
2026/09/01 11:59:29 - __main__ - INFO - 162 - trainer - [208/257] Loss: 0.0007
2026/09/01 11:59:36 - __main__ - INFO - 167 - trainer - Average loss in epoch 127: 0.0004
2026/09/01 11:59:36 - __main__ - INFO - 117 - trainer - Epoch: 128
2026/09/01 11:59:36 - __main__ - INFO - 162 - trainer - [0/257] Loss: 0.0003
2026/09/01 11:59:43 - __main__ - INFO - 162 - trainer - [52/257] Loss: 0.0005
2026/09/01 11:59:50 - __main__ - INFO - 162 - trainer - [104/257] Loss: 0.0004
2026/09/01 11:59:57 - __main__ - INFO - 162 - trainer - [156/257] Loss: 0.0003
2026/09/01 12:00:04 - __main__ - INFO - 162 - trainer - [208/257] Loss: 0.0005
2026/09/01 12:00:10 - __main__ - INFO - 167 - trainer - Average loss in epoch 128: 0.0004
2026/09/01 12:00:10 - __main__ - INFO - 117 - trainer - Epoch: 129
2026/09/01 12:00:10 - __main__ - INFO - 162 - trainer - [0/257] Loss: 0.0002
2026/09/01 12:00:18 - __main__ - INFO - 162 - trainer - [52/257] Loss: 0.0003
2026/09/01 12:00:25 - __main__ - INFO - 162 - trainer - [104/257] Loss: 0.0004
2026/09/01 12:00:33 - __main__ - INFO - 162 - trainer - [156/257] Loss: 0.0007
2026/09/01 12:00:40 - __main__ - INFO - 162 - trainer - [208/257] Loss: 0.0002
2026/09/01 12:00:47 - __main__ - INFO - 167 - trainer - Average loss in epoch 129: 0.0004
2026/09/01 12:00:47 - __main__ - INFO - 117 - trainer - Epoch: 130
2026/09/01 12:00:47 - __main__ - INFO - 162 - trainer - [0/257] Loss: 0.0003
2026/09/01 12:00:54 - __main__ - INFO - 162 - trainer - [52/257] Loss: 0.0007
2026/09/01 12:01:01 - __main__ - INFO - 162 - trainer - [104/257] Loss: 0.0003
2026/09/01 12:01:08 - __main__ - INFO - 162 - trainer - [156/257] Loss: 0.0002
2026/09/01 12:01:16 - __main__ - INFO - 162 - trainer - [208/257] Loss: 0.0006
2026/09/01 12:01:22 - __main__ - INFO - 167 - trainer - Average loss in epoch 130: 0.0004
2026/09/01 12:01:22 - __main__ - INFO - 117 - trainer - Epoch: 131
2026/09/01 12:01:23 - __main__ - INFO - 162 - trainer - [0/257] Loss: 0.0005
2026/09/01 12:01:30 - __main__ - INFO - 162 - trainer - [52/257] Loss: 0.0003
2026/09/01 12:01:37 - __main__ - INFO - 162 - trainer - [104/257] Loss: 0.0002
2026/09/01 12:01:44 - __main__ - INFO - 162 - trainer - [156/257] Loss: 0.0004
2026/09/01 12:01:51 - __main__ - INFO - 162 - trainer - [208/257] Loss: 0.0004
2026/09/01 12:01:58 - __main__ - INFO - 167 - trainer - Average loss in epoch 131: 0.0004
2026/09/01 12:01:58 - __main__ - INFO - 117 - trainer - Epoch: 132
2026/09/01 12:01:58 - __main__ - INFO - 162 - trainer - [0/257] Loss: 0.0003
2026/09/01 12:02:05 - __main__ - INFO - 162 - trainer - [52/257] Loss: 0.0005
2026/09/01 12:02:12 - __main__ - INFO - 162 - trainer - [104/257] Loss: 0.0004
2026/09/01 12:02:19 - __main__ - INFO - 162 - trainer - [156/257] Loss: 0.0003
2026/09/01 12:02:26 - __main__ - INFO - 162 - trainer - [208/257] Loss: 0.0003
2026/09/01 12:02:33 - __main__ - INFO - 167 - trainer - Average loss in epoch 132: 0.0004
2026/09/01 12:02:33 - __main__ - INFO - 117 - trainer - Epoch: 133
2026/09/01 12:02:33 - __main__ - INFO - 162 - trainer - [0/257] Loss: 0.0004
2026/09/01 12:02:40 - __main__ - INFO - 162 - trainer - [52/257] Loss: 0.0003
2026/09/01 12:02:47 - __main__ - INFO - 162 - trainer - [104/257] Loss: 0.0004
2026/09/01 12:02:54 - __main__ - INFO - 162 - trainer - [156/257] Loss: 0.0005
2026/09/01 12:03:01 - __main__ - INFO - 162 - trainer - [208/257] Loss: 0.0006
2026/09/01 12:03:07 - __main__ - INFO - 167 - trainer - Average loss in epoch 133: 0.0004
2026/09/01 12:03:07 - __main__ - INFO - 117 - trainer - Epoch: 134
2026/09/01 12:03:08 - __main__ - INFO - 162 - trainer - [0/257] Loss: 0.0004
2026/09/01 12:03:15 - __main__ - INFO - 162 - trainer - [52/257] Loss: 0.0002
2026/09/01 12:03:22 - __main__ - INFO - 162 - trainer - [104/257] Loss: 0.0003
2026/09/01 12:03:29 - __main__ - INFO - 162 - trainer - [156/257] Loss: 0.0003
2026/09/01 12:03:36 - __main__ - INFO - 162 - trainer - [208/257] Loss: 0.0007
2026/09/01 12:03:42 - __main__ - INFO - 167 - trainer - Average loss in epoch 134: 0.0004
2026/09/01 12:03:42 - __main__ - INFO - 117 - trainer - Epoch: 135
2026/09/01 12:03:42 - __main__ - INFO - 162 - trainer - [0/257] Loss: 0.0009
2026/09/01 12:03:49 - __main__ - INFO - 162 - trainer - [52/257] Loss: 0.0005
2026/09/01 12:03:56 - __main__ - INFO - 162 - trainer - [104/257] Loss: 0.0004
2026/09/01 12:04:03 - __main__ - INFO - 162 - trainer - [156/257] Loss: 0.0003
2026/09/01 12:04:10 - __main__ - INFO - 162 - trainer - [208/257] Loss: 0.0004
2026/09/01 12:04:17 - __main__ - INFO - 167 - trainer - Average loss in epoch 135: 0.0004
2026/09/01 12:04:17 - __main__ - INFO - 117 - trainer - Epoch: 136
2026/09/01 12:04:17 - __main__ - INFO - 162 - trainer - [0/257] Loss: 0.0002
2026/09/01 12:04:24 - __main__ - INFO - 162 - trainer - [52/257] Loss: 0.0003
2026/09/01 12:04:31 - __main__ - INFO - 162 - trainer - [104/257] Loss: 0.0003
2026/09/01 12:04:37 - __main__ - INFO - 162 - trainer - [156/257] Loss: 0.0003
2026/09/01 12:04:44 - __main__ - INFO - 162 - trainer - [208/257] Loss: 0.0004
2026/09/01 12:04:51 - __main__ - INFO - 167 - trainer - Average loss in epoch 136: 0.0004
2026/09/01 12:04:51 - __main__ - INFO - 117 - trainer - Epoch: 137
2026/09/01 12:04:51 - __main__ - INFO - 162 - trainer - [0/257] Loss: 0.0003
2026/09/01 12:04:58 - __main__ - INFO - 162 - trainer - [52/257] Loss: 0.0003
2026/09/01 12:05:05 - __main__ - INFO - 162 - trainer - [104/257] Loss: 0.0002
2026/09/01 12:05:12 - __main__ - INFO - 162 - trainer - [156/257] Loss: 0.0004
2026/09/01 12:05:19 - __main__ - INFO - 162 - trainer - [208/257] Loss: 0.0004
2026/09/01 12:05:26 - __main__ - INFO - 167 - trainer - Average loss in epoch 137: 0.0004
2026/09/01 12:05:26 - __main__ - INFO - 117 - trainer - Epoch: 138
2026/09/01 12:05:26 - __main__ - INFO - 162 - trainer - [0/257] Loss: 0.0006
2026/09/01 12:05:33 - __main__ - INFO - 162 - trainer - [52/257] Loss: 0.0004
2026/09/01 12:05:40 - __main__ - INFO - 162 - trainer - [104/257] Loss: 0.0003
2026/09/01 12:05:48 - __main__ - INFO - 162 - trainer - [156/257] Loss: 0.0003
2026/09/01 12:05:55 - __main__ - INFO - 162 - trainer - [208/257] Loss: 0.0002
2026/09/01 12:06:02 - __main__ - INFO - 167 - trainer - Average loss in epoch 138: 0.0004
2026/09/01 12:06:02 - __main__ - INFO - 117 - trainer - Epoch: 139
2026/09/01 12:06:02 - __main__ - INFO - 162 - trainer - [0/257] Loss: 0.0003
2026/09/01 12:06:09 - __main__ - INFO - 162 - trainer - [52/257] Loss: 0.0004
2026/09/01 12:06:16 - __main__ - INFO - 162 - trainer - [104/257] Loss: 0.0002
2026/09/01 12:06:23 - __main__ - INFO - 162 - trainer - [156/257] Loss: 0.0004
2026/09/01 12:06:30 - __main__ - INFO - 162 - trainer - [208/257] Loss: 0.0004
2026/09/01 12:06:37 - __main__ - INFO - 167 - trainer - Average loss in epoch 139: 0.0004
2026/09/01 12:06:37 - __main__ - INFO - 117 - trainer - Epoch: 140
2026/09/01 12:06:37 - __main__ - INFO - 162 - trainer - [0/257] Loss: 0.0003
2026/09/01 12:06:44 - __main__ - INFO - 162 - trainer - [52/257] Loss: 0.0004
2026/09/01 12:06:50 - __main__ - INFO - 162 - trainer - [104/257] Loss: 0.0006
2026/09/01 12:06:58 - __main__ - INFO - 162 - trainer - [156/257] Loss: 0.0003
2026/09/01 12:07:05 - __main__ - INFO - 162 - trainer - [208/257] Loss: 0.0003
2026/09/01 12:07:12 - __main__ - INFO - 167 - trainer - Average loss in epoch 140: 0.0004
2026/09/01 12:07:12 - __main__ - INFO - 173 - trainer - start predicting: 2026-09-01 12:07:12.040964
2026/09/01 12:08:15 - __main__ - INFO - 117 - trainer - Epoch: 141
2026/09/01 12:08:15 - __main__ - INFO - 162 - trainer - [0/257] Loss: 0.0005
2026/09/01 12:08:22 - __main__ - INFO - 162 - trainer - [52/257] Loss: 0.0004
2026/09/01 12:08:29 - __main__ - INFO - 162 - trainer - [104/257] Loss: 0.0005
2026/09/01 12:08:36 - __main__ - INFO - 162 - trainer - [156/257] Loss: 0.0004
2026/09/01 12:08:43 - __main__ - INFO - 162 - trainer - [208/257] Loss: 0.0003
2026/09/01 12:08:50 - __main__ - INFO - 167 - trainer - Average loss in epoch 141: 0.0004
2026/09/01 12:08:50 - __main__ - INFO - 117 - trainer - Epoch: 142
2026/09/01 12:08:50 - __main__ - INFO - 162 - trainer - [0/257] Loss: 0.0003
2026/09/01 12:08:57 - __main__ - INFO - 162 - trainer - [52/257] Loss: 0.0003
2026/09/01 12:09:04 - __main__ - INFO - 162 - trainer - [104/257] Loss: 0.0003
2026/09/01 12:09:11 - __main__ - INFO - 162 - trainer - [156/257] Loss: 0.0005
2026/09/01 12:09:18 - __main__ - INFO - 162 - trainer - [208/257] Loss: 0.0005
2026/09/01 12:09:24 - __main__ - INFO - 167 - trainer - Average loss in epoch 142: 0.0004
2026/09/01 12:09:24 - __main__ - INFO - 117 - trainer - Epoch: 143
2026/09/01 12:09:24 - __main__ - INFO - 162 - trainer - [0/257] Loss: 0.0002
2026/09/01 12:09:31 - __main__ - INFO - 162 - trainer - [52/257] Loss: 0.0003
2026/09/01 12:09:38 - __main__ - INFO - 162 - trainer - [104/257] Loss: 0.0003
2026/09/01 12:09:45 - __main__ - INFO - 162 - trainer - [156/257] Loss: 0.0004
2026/09/01 12:09:52 - __main__ - INFO - 162 - trainer - [208/257] Loss: 0.0002
2026/09/01 12:09:59 - __main__ - INFO - 167 - trainer - Average loss in epoch 143: 0.0004
2026/09/01 12:09:59 - __main__ - INFO - 117 - trainer - Epoch: 144
2026/09/01 12:09:59 - __main__ - INFO - 162 - trainer - [0/257] Loss: 0.0006
2026/09/01 12:10:06 - __main__ - INFO - 162 - trainer - [52/257] Loss: 0.0003
2026/09/01 12:10:13 - __main__ - INFO - 162 - trainer - [104/257] Loss: 0.0003
2026/09/01 12:10:19 - __main__ - INFO - 162 - trainer - [156/257] Loss: 0.0002
2026/09/01 12:10:27 - __main__ - INFO - 162 - trainer - [208/257] Loss: 0.0003
2026/09/01 12:10:33 - __main__ - INFO - 167 - trainer - Average loss in epoch 144: 0.0004
2026/09/01 12:10:33 - __main__ - INFO - 117 - trainer - Epoch: 145
2026/09/01 12:10:33 - __main__ - INFO - 162 - trainer - [0/257] Loss: 0.0004
2026/09/01 12:10:40 - __main__ - INFO - 162 - trainer - [52/257] Loss: 0.0004
2026/09/01 12:10:47 - __main__ - INFO - 162 - trainer - [104/257] Loss: 0.0005
2026/09/01 12:10:54 - __main__ - INFO - 162 - trainer - [156/257] Loss: 0.0003
2026/09/01 12:11:01 - __main__ - INFO - 162 - trainer - [208/257] Loss: 0.0003
2026/09/01 12:11:08 - __main__ - INFO - 167 - trainer - Average loss in epoch 145: 0.0004
2026/09/01 12:11:08 - __main__ - INFO - 117 - trainer - Epoch: 146
2026/09/01 12:11:08 - __main__ - INFO - 162 - trainer - [0/257] Loss: 0.0006
2026/09/01 12:11:15 - __main__ - INFO - 162 - trainer - [52/257] Loss: 0.0004
2026/09/01 12:11:22 - __main__ - INFO - 162 - trainer - [104/257] Loss: 0.0003
2026/09/01 12:11:29 - __main__ - INFO - 162 - trainer - [156/257] Loss: 0.0002
2026/09/01 12:11:36 - __main__ - INFO - 162 - trainer - [208/257] Loss: 0.0003
2026/09/01 12:11:42 - __main__ - INFO - 167 - trainer - Average loss in epoch 146: 0.0004
2026/09/01 12:11:42 - __main__ - INFO - 117 - trainer - Epoch: 147
2026/09/01 12:11:42 - __main__ - INFO - 162 - trainer - [0/257] Loss: 0.0004
2026/09/01 12:11:49 - __main__ - INFO - 162 - trainer - [52/257] Loss: 0.0005
2026/09/01 12:11:56 - __main__ - INFO - 162 - trainer - [104/257] Loss: 0.0002
2026/09/01 12:12:03 - __main__ - INFO - 162 - trainer - [156/257] Loss: 0.0003
2026/09/01 12:12:10 - __main__ - INFO - 162 - trainer - [208/257] Loss: 0.0004
2026/09/01 12:12:16 - __main__ - INFO - 167 - trainer - Average loss in epoch 147: 0.0003
2026/09/01 12:12:16 - __main__ - INFO - 117 - trainer - Epoch: 148
2026/09/01 12:12:16 - __main__ - INFO - 162 - trainer - [0/257] Loss: 0.0003
2026/09/01 12:12:24 - __main__ - INFO - 162 - trainer - [52/257] Loss: 0.0005
2026/09/01 12:12:31 - __main__ - INFO - 162 - trainer - [104/257] Loss: 0.0003
2026/09/01 12:12:37 - __main__ - INFO - 162 - trainer - [156/257] Loss: 0.0003
2026/09/01 12:12:45 - __main__ - INFO - 162 - trainer - [208/257] Loss: 0.0004
2026/09/01 12:12:51 - __main__ - INFO - 167 - trainer - Average loss in epoch 148: 0.0003
2026/09/01 12:12:51 - __main__ - INFO - 117 - trainer - Epoch: 149
2026/09/01 12:12:51 - __main__ - INFO - 162 - trainer - [0/257] Loss: 0.0003
2026/09/01 12:12:58 - __main__ - INFO - 162 - trainer - [52/257] Loss: 0.0004
2026/09/01 12:13:05 - __main__ - INFO - 162 - trainer - [104/257] Loss: 0.0003
2026/09/01 12:13:12 - __main__ - INFO - 162 - trainer - [156/257] Loss: 0.0004
2026/09/01 12:13:19 - __main__ - INFO - 162 - trainer - [208/257] Loss: 0.0003
2026/09/01 12:13:25 - __main__ - INFO - 167 - trainer - Average loss in epoch 149: 0.0003
2026/09/01 12:13:25 - __main__ - INFO - 117 - trainer - Epoch: 150
2026/09/01 12:13:26 - __main__ - INFO - 162 - trainer - [0/257] Loss: 0.0002
2026/09/01 12:13:32 - __main__ - INFO - 162 - trainer - [52/257] Loss: 0.0004
2026/09/01 12:13:39 - __main__ - INFO - 162 - trainer - [104/257] Loss: 0.0005
2026/09/01 12:13:46 - __main__ - INFO - 162 - trainer - [156/257] Loss: 0.0003
2026/09/01 12:13:53 - __main__ - INFO - 162 - trainer - [208/257] Loss: 0.0002
2026/09/01 12:14:00 - __main__ - INFO - 167 - trainer - Average loss in epoch 150: 0.0003
2026/09/01 12:14:00 - __main__ - INFO - 117 - trainer - Epoch: 151
2026/09/01 12:14:00 - __main__ - INFO - 162 - trainer - [0/257] Loss: 0.0003
2026/09/01 12:14:07 - __main__ - INFO - 162 - trainer - [52/257] Loss: 0.0007
2026/09/01 12:14:14 - __main__ - INFO - 162 - trainer - [104/257] Loss: 0.0003
2026/09/01 12:14:21 - __main__ - INFO - 162 - trainer - [156/257] Loss: 0.0002
2026/09/01 12:14:28 - __main__ - INFO - 162 - trainer - [208/257] Loss: 0.0001
2026/09/01 12:14:34 - __main__ - INFO - 167 - trainer - Average loss in epoch 151: 0.0003
2026/09/01 12:14:34 - __main__ - INFO - 117 - trainer - Epoch: 152
2026/09/01 12:14:34 - __main__ - INFO - 162 - trainer - [0/257] Loss: 0.0003
2026/09/01 12:14:41 - __main__ - INFO - 162 - trainer - [52/257] Loss: 0.0004
2026/09/01 12:14:48 - __main__ - INFO - 162 - trainer - [104/257] Loss: 0.0004
2026/09/01 12:14:55 - __main__ - INFO - 162 - trainer - [156/257] Loss: 0.0002
2026/09/01 12:15:02 - __main__ - INFO - 162 - trainer - [208/257] Loss: 0.0004
2026/09/01 12:15:09 - __main__ - INFO - 167 - trainer - Average loss in epoch 152: 0.0003
2026/09/01 12:15:09 - __main__ - INFO - 117 - trainer - Epoch: 153
2026/09/01 12:15:09 - __main__ - INFO - 162 - trainer - [0/257] Loss: 0.0003
2026/09/01 12:15:16 - __main__ - INFO - 162 - trainer - [52/257] Loss: 0.0003
2026/09/01 12:15:23 - __main__ - INFO - 162 - trainer - [104/257] Loss: 0.0003
2026/09/01 12:15:30 - __main__ - INFO - 162 - trainer - [156/257] Loss: 0.0003
2026/09/01 12:15:37 - __main__ - INFO - 162 - trainer - [208/257] Loss: 0.0003
2026/09/01 12:15:43 - __main__ - INFO - 167 - trainer - Average loss in epoch 153: 0.0003
2026/09/01 12:15:43 - __main__ - INFO - 117 - trainer - Epoch: 154
2026/09/01 12:15:43 - __main__ - INFO - 162 - trainer - [0/257] Loss: 0.0003
2026/09/01 12:15:50 - __main__ - INFO - 162 - trainer - [52/257] Loss: 0.0004
2026/09/01 12:15:57 - __main__ - INFO - 162 - trainer - [104/257] Loss: 0.0003
2026/09/01 12:16:04 - __main__ - INFO - 162 - trainer - [156/257] Loss: 0.0005
2026/09/01 12:16:11 - __main__ - INFO - 162 - trainer - [208/257] Loss: 0.0003
2026/09/01 12:16:17 - __main__ - INFO - 167 - trainer - Average loss in epoch 154: 0.0003
2026/09/01 12:16:17 - __main__ - INFO - 117 - trainer - Epoch: 155
2026/09/01 12:16:17 - __main__ - INFO - 162 - trainer - [0/257] Loss: 0.0003
2026/09/01 12:16:24 - __main__ - INFO - 162 - trainer - [52/257] Loss: 0.0003
2026/09/01 12:16:31 - __main__ - INFO - 162 - trainer - [104/257] Loss: 0.0005
2026/09/01 12:16:38 - __main__ - INFO - 162 - trainer - [156/257] Loss: 0.0002
2026/09/01 12:16:45 - __main__ - INFO - 162 - trainer - [208/257] Loss: 0.0002
2026/09/01 12:16:52 - __main__ - INFO - 167 - trainer - Average loss in epoch 155: 0.0003
2026/09/01 12:16:52 - __main__ - INFO - 117 - trainer - Epoch: 156
2026/09/01 12:16:52 - __main__ - INFO - 162 - trainer - [0/257] Loss: 0.0002
2026/09/01 12:16:59 - __main__ - INFO - 162 - trainer - [52/257] Loss: 0.0002
2026/09/01 12:17:06 - __main__ - INFO - 162 - trainer - [104/257] Loss: 0.0002
2026/09/01 12:17:13 - __main__ - INFO - 162 - trainer - [156/257] Loss: 0.0005
2026/09/01 12:17:20 - __main__ - INFO - 162 - trainer - [208/257] Loss: 0.0002
2026/09/01 12:17:26 - __main__ - INFO - 167 - trainer - Average loss in epoch 156: 0.0003
2026/09/01 12:17:26 - __main__ - INFO - 117 - trainer - Epoch: 157
2026/09/01 12:17:26 - __main__ - INFO - 162 - trainer - [0/257] Loss: 0.0003
2026/09/01 12:17:33 - __main__ - INFO - 162 - trainer - [52/257] Loss: 0.0003
2026/09/01 12:17:40 - __main__ - INFO - 162 - trainer - [104/257] Loss: 0.0002
2026/09/01 12:17:47 - __main__ - INFO - 162 - trainer - [156/257] Loss: 0.0003
2026/09/01 12:17:54 - __main__ - INFO - 162 - trainer - [208/257] Loss: 0.0002
2026/09/01 12:18:01 - __main__ - INFO - 167 - trainer - Average loss in epoch 157: 0.0003
2026/09/01 12:18:01 - __main__ - INFO - 117 - trainer - Epoch: 158
2026/09/01 12:18:01 - __main__ - INFO - 162 - trainer - [0/257] Loss: 0.0003
2026/09/01 12:18:08 - __main__ - INFO - 162 - trainer - [52/257] Loss: 0.0003
2026/09/01 12:18:15 - __main__ - INFO - 162 - trainer - [104/257] Loss: 0.0002
2026/09/01 12:18:22 - __main__ - INFO - 162 - trainer - [156/257] Loss: 0.0002
2026/09/01 12:18:29 - __main__ - INFO - 162 - trainer - [208/257] Loss: 0.0003
2026/09/01 12:18:36 - __main__ - INFO - 167 - trainer - Average loss in epoch 158: 0.0003
2026/09/01 12:18:36 - __main__ - INFO - 117 - trainer - Epoch: 159
2026/09/01 12:18:36 - __main__ - INFO - 162 - trainer - [0/257] Loss: 0.0004
2026/09/01 12:18:43 - __main__ - INFO - 162 - trainer - [52/257] Loss: 0.0001
2026/09/01 12:18:50 - __main__ - INFO - 162 - trainer - [104/257] Loss: 0.0004
2026/09/01 12:18:57 - __main__ - INFO - 162 - trainer - [156/257] Loss: 0.0005
2026/09/01 12:19:04 - __main__ - INFO - 162 - trainer - [208/257] Loss: 0.0002
2026/09/01 12:19:11 - __main__ - INFO - 167 - trainer - Average loss in epoch 159: 0.0003
2026/09/01 12:19:11 - __main__ - INFO - 117 - trainer - Epoch: 160
2026/09/01 12:19:11 - __main__ - INFO - 162 - trainer - [0/257] Loss: 0.0003
2026/09/01 12:19:18 - __main__ - INFO - 162 - trainer - [52/257] Loss: 0.0005
2026/09/01 12:19:25 - __main__ - INFO - 162 - trainer - [104/257] Loss: 0.0004
2026/09/01 12:19:32 - __main__ - INFO - 162 - trainer - [156/257] Loss: 0.0003
2026/09/01 12:19:39 - __main__ - INFO - 162 - trainer - [208/257] Loss: 0.0004
2026/09/01 12:19:45 - __main__ - INFO - 167 - trainer - Average loss in epoch 160: 0.0003
2026/09/01 12:19:45 - __main__ - INFO - 173 - trainer - start predicting: 2026-09-01 12:19:45.619014
2026/09/01 12:20:49 - __main__ - INFO - 117 - trainer - Epoch: 161
2026/09/01 12:20:49 - __main__ - INFO - 162 - trainer - [0/257] Loss: 0.0002
2026/09/01 12:20:56 - __main__ - INFO - 162 - trainer - [52/257] Loss: 0.0004
2026/09/01 12:21:03 - __main__ - INFO - 162 - trainer - [104/257] Loss: 0.0004
2026/09/01 12:21:10 - __main__ - INFO - 162 - trainer - [156/257] Loss: 0.0004
2026/09/01 12:21:17 - __main__ - INFO - 162 - trainer - [208/257] Loss: 0.0002
2026/09/01 12:21:24 - __main__ - INFO - 167 - trainer - Average loss in epoch 161: 0.0003
2026/09/01 12:21:24 - __main__ - INFO - 117 - trainer - Epoch: 162
2026/09/01 12:21:24 - __main__ - INFO - 162 - trainer - [0/257] Loss: 0.0002
2026/09/01 12:21:31 - __main__ - INFO - 162 - trainer - [52/257] Loss: 0.0002
2026/09/01 12:21:38 - __main__ - INFO - 162 - trainer - [104/257] Loss: 0.0003
2026/09/01 12:21:45 - __main__ - INFO - 162 - trainer - [156/257] Loss: 0.0006
2026/09/01 12:21:52 - __main__ - INFO - 162 - trainer - [208/257] Loss: 0.0002
2026/09/01 12:21:59 - __main__ - INFO - 167 - trainer - Average loss in epoch 162: 0.0003
2026/09/01 12:21:59 - __main__ - INFO - 117 - trainer - Epoch: 163
2026/09/01 12:21:59 - __main__ - INFO - 162 - trainer - [0/257] Loss: 0.0003
2026/09/01 12:22:06 - __main__ - INFO - 162 - trainer - [52/257] Loss: 0.0001
2026/09/01 12:22:13 - __main__ - INFO - 162 - trainer - [104/257] Loss: 0.0003
2026/09/01 12:22:20 - __main__ - INFO - 162 - trainer - [156/257] Loss: 0.0003
2026/09/01 12:22:26 - __main__ - INFO - 162 - trainer - [208/257] Loss: 0.0004
2026/09/01 12:22:33 - __main__ - INFO - 167 - trainer - Average loss in epoch 163: 0.0003
2026/09/01 12:22:33 - __main__ - INFO - 117 - trainer - Epoch: 164
2026/09/01 12:22:33 - __main__ - INFO - 162 - trainer - [0/257] Loss: 0.0002
2026/09/01 12:22:40 - __main__ - INFO - 162 - trainer - [52/257] Loss: 0.0003
2026/09/01 12:22:47 - __main__ - INFO - 162 - trainer - [104/257] Loss: 0.0003
2026/09/01 12:22:54 - __main__ - INFO - 162 - trainer - [156/257] Loss: 0.0003
2026/09/01 12:23:01 - __main__ - INFO - 162 - trainer - [208/257] Loss: 0.0003
2026/09/01 12:23:08 - __main__ - INFO - 167 - trainer - Average loss in epoch 164: 0.0003
2026/09/01 12:23:08 - __main__ - INFO - 117 - trainer - Epoch: 165
2026/09/01 12:23:08 - __main__ - INFO - 162 - trainer - [0/257] Loss: 0.0004
2026/09/01 12:23:15 - __main__ - INFO - 162 - trainer - [52/257] Loss: 0.0002
2026/09/01 12:23:22 - __main__ - INFO - 162 - trainer - [104/257] Loss: 0.0003
2026/09/01 12:23:29 - __main__ - INFO - 162 - trainer - [156/257] Loss: 0.0002
2026/09/01 12:23:36 - __main__ - INFO - 162 - trainer - [208/257] Loss: 0.0003
2026/09/01 12:23:42 - __main__ - INFO - 167 - trainer - Average loss in epoch 165: 0.0003
2026/09/01 12:23:42 - __main__ - INFO - 117 - trainer - Epoch: 166
2026/09/01 12:23:43 - __main__ - INFO - 162 - trainer - [0/257] Loss: 0.0004
2026/09/01 12:23:50 - __main__ - INFO - 162 - trainer - [52/257] Loss: 0.0004
2026/09/01 12:23:57 - __main__ - INFO - 162 - trainer - [104/257] Loss: 0.0003
2026/09/01 12:24:04 - __main__ - INFO - 162 - trainer - [156/257] Loss: 0.0005
2026/09/01 12:24:11 - __main__ - INFO - 162 - trainer - [208/257] Loss: 0.0002
2026/09/01 12:24:17 - __main__ - INFO - 167 - trainer - Average loss in epoch 166: 0.0003
2026/09/01 12:24:17 - __main__ - INFO - 117 - trainer - Epoch: 167
2026/09/01 12:24:18 - __main__ - INFO - 162 - trainer - [0/257] Loss: 0.0003
2026/09/01 12:24:25 - __main__ - INFO - 162 - trainer - [52/257] Loss: 0.0003
2026/09/01 12:24:31 - __main__ - INFO - 162 - trainer - [104/257] Loss: 0.0002
2026/09/01 12:24:39 - __main__ - INFO - 162 - trainer - [156/257] Loss: 0.0002
2026/09/01 12:24:46 - __main__ - INFO - 162 - trainer - [208/257] Loss: 0.0003
2026/09/01 12:24:52 - __main__ - INFO - 167 - trainer - Average loss in epoch 167: 0.0003
2026/09/01 12:24:52 - __main__ - INFO - 117 - trainer - Epoch: 168
2026/09/01 12:24:52 - __main__ - INFO - 162 - trainer - [0/257] Loss: 0.0002
2026/09/01 12:24:59 - __main__ - INFO - 162 - trainer - [52/257] Loss: 0.0005
2026/09/01 12:25:06 - __main__ - INFO - 162 - trainer - [104/257] Loss: 0.0003
2026/09/01 12:25:13 - __main__ - INFO - 162 - trainer - [156/257] Loss: 0.0004
2026/09/01 12:25:20 - __main__ - INFO - 162 - trainer - [208/257] Loss: 0.0003
2026/09/01 12:25:27 - __main__ - INFO - 167 - trainer - Average loss in epoch 168: 0.0003
2026/09/01 12:25:27 - __main__ - INFO - 117 - trainer - Epoch: 169
2026/09/01 12:25:27 - __main__ - INFO - 162 - trainer - [0/257] Loss: 0.0002
2026/09/01 12:25:34 - __main__ - INFO - 162 - trainer - [52/257] Loss: 0.0003
2026/09/01 12:25:41 - __main__ - INFO - 162 - trainer - [104/257] Loss: 0.0003
2026/09/01 12:25:48 - __main__ - INFO - 162 - trainer - [156/257] Loss: 0.0004
2026/09/01 12:25:55 - __main__ - INFO - 162 - trainer - [208/257] Loss: 0.0004
2026/09/01 12:26:01 - __main__ - INFO - 167 - trainer - Average loss in epoch 169: 0.0003
2026/09/01 12:26:01 - __main__ - INFO - 117 - trainer - Epoch: 170
2026/09/01 12:26:01 - __main__ - INFO - 162 - trainer - [0/257] Loss: 0.0002
2026/09/01 12:26:08 - __main__ - INFO - 162 - trainer - [52/257] Loss: 0.0004
2026/09/01 12:26:15 - __main__ - INFO - 162 - trainer - [104/257] Loss: 0.0003
2026/09/01 12:26:22 - __main__ - INFO - 162 - trainer - [156/257] Loss: 0.0003
2026/09/01 12:26:29 - __main__ - INFO - 162 - trainer - [208/257] Loss: 0.0004
2026/09/01 12:26:36 - __main__ - INFO - 167 - trainer - Average loss in epoch 170: 0.0003
2026/09/01 12:26:36 - __main__ - INFO - 117 - trainer - Epoch: 171
2026/09/01 12:26:36 - __main__ - INFO - 162 - trainer - [0/257] Loss: 0.0004
2026/09/01 12:26:43 - __main__ - INFO - 162 - trainer - [52/257] Loss: 0.0002
2026/09/01 12:26:50 - __main__ - INFO - 162 - trainer - [104/257] Loss: 0.0004
2026/09/01 12:26:57 - __main__ - INFO - 162 - trainer - [156/257] Loss: 0.0004
2026/09/01 12:27:04 - __main__ - INFO - 162 - trainer - [208/257] Loss: 0.0003
2026/09/01 12:27:10 - __main__ - INFO - 167 - trainer - Average loss in epoch 171: 0.0003
2026/09/01 12:27:10 - __main__ - INFO - 117 - trainer - Epoch: 172
2026/09/01 12:27:10 - __main__ - INFO - 162 - trainer - [0/257] Loss: 0.0004
2026/09/01 12:27:17 - __main__ - INFO - 162 - trainer - [52/257] Loss: 0.0003
2026/09/01 12:27:24 - __main__ - INFO - 162 - trainer - [104/257] Loss: 0.0005
2026/09/01 12:27:31 - __main__ - INFO - 162 - trainer - [156/257] Loss: 0.0002
2026/09/01 12:27:38 - __main__ - INFO - 162 - trainer - [208/257] Loss: 0.0002
2026/09/01 12:27:44 - __main__ - INFO - 167 - trainer - Average loss in epoch 172: 0.0003
2026/09/01 12:27:44 - __main__ - INFO - 117 - trainer - Epoch: 173
2026/09/01 12:27:44 - __main__ - INFO - 162 - trainer - [0/257] Loss: 0.0004
2026/09/01 12:27:51 - __main__ - INFO - 162 - trainer - [52/257] Loss: 0.0002
2026/09/01 12:27:58 - __main__ - INFO - 162 - trainer - [104/257] Loss: 0.0002
2026/09/01 12:28:05 - __main__ - INFO - 162 - trainer - [156/257] Loss: 0.0003
2026/09/01 12:28:12 - __main__ - INFO - 162 - trainer - [208/257] Loss: 0.0003
2026/09/01 12:28:18 - __main__ - INFO - 167 - trainer - Average loss in epoch 173: 0.0003
2026/09/01 12:28:18 - __main__ - INFO - 117 - trainer - Epoch: 174
2026/09/01 12:28:18 - __main__ - INFO - 162 - trainer - [0/257] Loss: 0.0003
2026/09/01 12:28:25 - __main__ - INFO - 162 - trainer - [52/257] Loss: 0.0002
2026/09/01 12:28:32 - __main__ - INFO - 162 - trainer - [104/257] Loss: 0.0003
2026/09/01 12:28:39 - __main__ - INFO - 162 - trainer - [156/257] Loss: 0.0003
2026/09/01 12:28:46 - __main__ - INFO - 162 - trainer - [208/257] Loss: 0.0003
2026/09/01 12:28:52 - __main__ - INFO - 167 - trainer - Average loss in epoch 174: 0.0003
2026/09/01 12:28:52 - __main__ - INFO - 117 - trainer - Epoch: 175
2026/09/01 12:28:52 - __main__ - INFO - 162 - trainer - [0/257] Loss: 0.0005
2026/09/01 12:28:59 - __main__ - INFO - 162 - trainer - [52/257] Loss: 0.0003
2026/09/01 12:29:06 - __main__ - INFO - 162 - trainer - [104/257] Loss: 0.0002
2026/09/01 12:29:13 - __main__ - INFO - 162 - trainer - [156/257] Loss: 0.0003
2026/09/01 12:29:20 - __main__ - INFO - 162 - trainer - [208/257] Loss: 0.0003
2026/09/01 12:29:26 - __main__ - INFO - 167 - trainer - Average loss in epoch 175: 0.0003
2026/09/01 12:29:26 - __main__ - INFO - 117 - trainer - Epoch: 176
2026/09/01 12:29:26 - __main__ - INFO - 162 - trainer - [0/257] Loss: 0.0003
2026/09/01 12:29:33 - __main__ - INFO - 162 - trainer - [52/257] Loss: 0.0004
2026/09/01 12:29:40 - __main__ - INFO - 162 - trainer - [104/257] Loss: 0.0003
2026/09/01 12:29:47 - __main__ - INFO - 162 - trainer - [156/257] Loss: 0.0002
2026/09/01 12:29:54 - __main__ - INFO - 162 - trainer - [208/257] Loss: 0.0003
2026/09/01 12:30:00 - __main__ - INFO - 167 - trainer - Average loss in epoch 176: 0.0003
2026/09/01 12:30:00 - __main__ - INFO - 117 - trainer - Epoch: 177
2026/09/01 12:30:00 - __main__ - INFO - 162 - trainer - [0/257] Loss: 0.0002
2026/09/01 12:30:07 - __main__ - INFO - 162 - trainer - [52/257] Loss: 0.0007
2026/09/01 12:30:14 - __main__ - INFO - 162 - trainer - [104/257] Loss: 0.0003
2026/09/01 12:30:21 - __main__ - INFO - 162 - trainer - [156/257] Loss: 0.0003
2026/09/01 12:30:28 - __main__ - INFO - 162 - trainer - [208/257] Loss: 0.0003
2026/09/01 12:30:35 - __main__ - INFO - 167 - trainer - Average loss in epoch 177: 0.0003
2026/09/01 12:30:35 - __main__ - INFO - 117 - trainer - Epoch: 178
2026/09/01 12:30:35 - __main__ - INFO - 162 - trainer - [0/257] Loss: 0.0003
2026/09/01 12:30:42 - __main__ - INFO - 162 - trainer - [52/257] Loss: 0.0002
2026/09/01 12:30:49 - __main__ - INFO - 162 - trainer - [104/257] Loss: 0.0002
2026/09/01 12:30:55 - __main__ - INFO - 162 - trainer - [156/257] Loss: 0.0002
2026/09/01 12:31:02 - __main__ - INFO - 162 - trainer - [208/257] Loss: 0.0003
2026/09/01 12:31:09 - __main__ - INFO - 167 - trainer - Average loss in epoch 178: 0.0003
2026/09/01 12:31:09 - __main__ - INFO - 117 - trainer - Epoch: 179
2026/09/01 12:31:09 - __main__ - INFO - 162 - trainer - [0/257] Loss: 0.0002
2026/09/01 12:31:16 - __main__ - INFO - 162 - trainer - [52/257] Loss: 0.0005
2026/09/01 12:31:23 - __main__ - INFO - 162 - trainer - [104/257] Loss: 0.0003
2026/09/01 12:31:30 - __main__ - INFO - 162 - trainer - [156/257] Loss: 0.0002
2026/09/01 12:31:36 - __main__ - INFO - 162 - trainer - [208/257] Loss: 0.0003
2026/09/01 12:31:43 - __main__ - INFO - 167 - trainer - Average loss in epoch 179: 0.0003
2026/09/01 12:31:43 - __main__ - INFO - 117 - trainer - Epoch: 180
2026/09/01 12:31:43 - __main__ - INFO - 162 - trainer - [0/257] Loss: 0.0004
2026/09/01 12:31:50 - __main__ - INFO - 162 - trainer - [52/257] Loss: 0.0002
2026/09/01 12:31:57 - __main__ - INFO - 162 - trainer - [104/257] Loss: 0.0002
2026/09/01 12:32:04 - __main__ - INFO - 162 - trainer - [156/257] Loss: 0.0002
2026/09/01 12:32:11 - __main__ - INFO - 162 - trainer - [208/257] Loss: 0.0003
2026/09/01 12:32:17 - __main__ - INFO - 167 - trainer - Average loss in epoch 180: 0.0003
2026/09/01 12:32:17 - __main__ - INFO - 173 - trainer - start predicting: 2026-09-01 12:32:17.818091
2026/09/01 12:33:23 - __main__ - INFO - 117 - trainer - Epoch: 181
2026/09/01 12:33:23 - __main__ - INFO - 162 - trainer - [0/257] Loss: 0.0002
2026/09/01 12:33:30 - __main__ - INFO - 162 - trainer - [52/257] Loss: 0.0002
2026/09/01 12:33:37 - __main__ - INFO - 162 - trainer - [104/257] Loss: 0.0002
2026/09/01 12:33:44 - __main__ - INFO - 162 - trainer - [156/257] Loss: 0.0002
2026/09/01 12:33:51 - __main__ - INFO - 162 - trainer - [208/257] Loss: 0.0003
2026/09/01 12:33:58 - __main__ - INFO - 167 - trainer - Average loss in epoch 181: 0.0003
2026/09/01 12:33:58 - __main__ - INFO - 117 - trainer - Epoch: 182
2026/09/01 12:33:58 - __main__ - INFO - 162 - trainer - [0/257] Loss: 0.0002
2026/09/01 12:34:05 - __main__ - INFO - 162 - trainer - [52/257] Loss: 0.0003
2026/09/01 12:34:12 - __main__ - INFO - 162 - trainer - [104/257] Loss: 0.0003
2026/09/01 12:34:19 - __main__ - INFO - 162 - trainer - [156/257] Loss: 0.0004
2026/09/01 12:34:27 - __main__ - INFO - 162 - trainer - [208/257] Loss: 0.0003
2026/09/01 12:34:33 - __main__ - INFO - 167 - trainer - Average loss in epoch 182: 0.0003
2026/09/01 12:34:33 - __main__ - INFO - 117 - trainer - Epoch: 183
2026/09/01 12:34:33 - __main__ - INFO - 162 - trainer - [0/257] Loss: 0.0003
2026/09/01 12:34:40 - __main__ - INFO - 162 - trainer - [52/257] Loss: 0.0003
2026/09/01 12:34:47 - __main__ - INFO - 162 - trainer - [104/257] Loss: 0.0002
2026/09/01 12:34:54 - __main__ - INFO - 162 - trainer - [156/257] Loss: 0.0002
2026/09/01 12:35:02 - __main__ - INFO - 162 - trainer - [208/257] Loss: 0.0002
2026/09/01 12:35:08 - __main__ - INFO - 167 - trainer - Average loss in epoch 183: 0.0003
2026/09/01 12:35:08 - __main__ - INFO - 117 - trainer - Epoch: 184
2026/09/01 12:35:08 - __main__ - INFO - 162 - trainer - [0/257] Loss: 0.0005
2026/09/01 12:35:15 - __main__ - INFO - 162 - trainer - [52/257] Loss: 0.0003
2026/09/01 12:35:22 - __main__ - INFO - 162 - trainer - [104/257] Loss: 0.0004
2026/09/01 12:35:29 - __main__ - INFO - 162 - trainer - [156/257] Loss: 0.0002
2026/09/01 12:35:36 - __main__ - INFO - 162 - trainer - [208/257] Loss: 0.0003
2026/09/01 12:35:43 - __main__ - INFO - 167 - trainer - Average loss in epoch 184: 0.0003
2026/09/01 12:35:43 - __main__ - INFO - 117 - trainer - Epoch: 185
2026/09/01 12:35:43 - __main__ - INFO - 162 - trainer - [0/257] Loss: 0.0004
2026/09/01 12:35:50 - __main__ - INFO - 162 - trainer - [52/257] Loss: 0.0002
2026/09/01 12:35:57 - __main__ - INFO - 162 - trainer - [104/257] Loss: 0.0003
2026/09/01 12:36:04 - __main__ - INFO - 162 - trainer - [156/257] Loss: 0.0003
2026/09/01 12:36:11 - __main__ - INFO - 162 - trainer - [208/257] Loss: 0.0005
2026/09/01 12:36:18 - __main__ - INFO - 167 - trainer - Average loss in epoch 185: 0.0003
2026/09/01 12:36:18 - __main__ - INFO - 117 - trainer - Epoch: 186
2026/09/01 12:36:18 - __main__ - INFO - 162 - trainer - [0/257] Loss: 0.0002
2026/09/01 12:36:25 - __main__ - INFO - 162 - trainer - [52/257] Loss: 0.0006
2026/09/01 12:36:32 - __main__ - INFO - 162 - trainer - [104/257] Loss: 0.0003
2026/09/01 12:36:39 - __main__ - INFO - 162 - trainer - [156/257] Loss: 0.0003
2026/09/01 12:36:46 - __main__ - INFO - 162 - trainer - [208/257] Loss: 0.0002
2026/09/01 12:36:52 - __main__ - INFO - 167 - trainer - Average loss in epoch 186: 0.0003
2026/09/01 12:36:52 - __main__ - INFO - 117 - trainer - Epoch: 187
2026/09/01 12:36:52 - __main__ - INFO - 162 - trainer - [0/257] Loss: 0.0002
2026/09/01 12:36:59 - __main__ - INFO - 162 - trainer - [52/257] Loss: 0.0004
2026/09/01 12:37:07 - __main__ - INFO - 162 - trainer - [104/257] Loss: 0.0003
2026/09/01 12:37:14 - __main__ - INFO - 162 - trainer - [156/257] Loss: 0.0003
2026/09/01 12:37:21 - __main__ - INFO - 162 - trainer - [208/257] Loss: 0.0003
2026/09/01 12:37:27 - __main__ - INFO - 167 - trainer - Average loss in epoch 187: 0.0003
2026/09/01 12:37:27 - __main__ - INFO - 117 - trainer - Epoch: 188
2026/09/01 12:37:27 - __main__ - INFO - 162 - trainer - [0/257] Loss: 0.0002
2026/09/01 12:37:34 - __main__ - INFO - 162 - trainer - [52/257] Loss: 0.0001
2026/09/01 12:37:41 - __main__ - INFO - 162 - trainer - [104/257] Loss: 0.0003
2026/09/01 12:37:48 - __main__ - INFO - 162 - trainer - [156/257] Loss: 0.0003
2026/09/01 12:37:55 - __main__ - INFO - 162 - trainer - [208/257] Loss: 0.0002
2026/09/01 12:38:01 - __main__ - INFO - 167 - trainer - Average loss in epoch 188: 0.0003
2026/09/01 12:38:01 - __main__ - INFO - 117 - trainer - Epoch: 189
2026/09/01 12:38:01 - __main__ - INFO - 162 - trainer - [0/257] Loss: 0.0002
2026/09/01 12:38:08 - __main__ - INFO - 162 - trainer - [52/257] Loss: 0.0003
2026/09/01 12:38:15 - __main__ - INFO - 162 - trainer - [104/257] Loss: 0.0003
2026/09/01 12:38:22 - __main__ - INFO - 162 - trainer - [156/257] Loss: 0.0004
2026/09/01 12:38:29 - __main__ - INFO - 162 - trainer - [208/257] Loss: 0.0003
2026/09/01 12:38:35 - __main__ - INFO - 167 - trainer - Average loss in epoch 189: 0.0003
2026/09/01 12:38:35 - __main__ - INFO - 117 - trainer - Epoch: 190
2026/09/01 12:38:35 - __main__ - INFO - 162 - trainer - [0/257] Loss: 0.0002
2026/09/01 12:38:42 - __main__ - INFO - 162 - trainer - [52/257] Loss: 0.0003
2026/09/01 12:38:49 - __main__ - INFO - 162 - trainer - [104/257] Loss: 0.0003
2026/09/01 12:38:56 - __main__ - INFO - 162 - trainer - [156/257] Loss: 0.0002
2026/09/01 12:39:03 - __main__ - INFO - 162 - trainer - [208/257] Loss: 0.0002
2026/09/01 12:39:10 - __main__ - INFO - 167 - trainer - Average loss in epoch 190: 0.0003
2026/09/01 12:39:10 - __main__ - INFO - 117 - trainer - Epoch: 191
2026/09/01 12:39:10 - __main__ - INFO - 162 - trainer - [0/257] Loss: 0.0002
2026/09/01 12:39:17 - __main__ - INFO - 162 - trainer - [52/257] Loss: 0.0003
2026/09/01 12:39:24 - __main__ - INFO - 162 - trainer - [104/257] Loss: 0.0003
2026/09/01 12:39:31 - __main__ - INFO - 162 - trainer - [156/257] Loss: 0.0003
2026/09/01 12:39:38 - __main__ - INFO - 162 - trainer - [208/257] Loss: 0.0002
2026/09/01 12:39:45 - __main__ - INFO - 167 - trainer - Average loss in epoch 191: 0.0003
2026/09/01 12:39:45 - __main__ - INFO - 117 - trainer - Epoch: 192
2026/09/01 12:39:45 - __main__ - INFO - 162 - trainer - [0/257] Loss: 0.0003
2026/09/01 12:39:52 - __main__ - INFO - 162 - trainer - [52/257] Loss: 0.0004
2026/09/01 12:39:59 - __main__ - INFO - 162 - trainer - [104/257] Loss: 0.0003
2026/09/01 12:40:06 - __main__ - INFO - 162 - trainer - [156/257] Loss: 0.0002
2026/09/01 12:40:13 - __main__ - INFO - 162 - trainer - [208/257] Loss: 0.0002
2026/09/01 12:40:19 - __main__ - INFO - 167 - trainer - Average loss in epoch 192: 0.0003
2026/09/01 12:40:19 - __main__ - INFO - 117 - trainer - Epoch: 193
2026/09/01 12:40:19 - __main__ - INFO - 162 - trainer - [0/257] Loss: 0.0002
2026/09/01 12:40:26 - __main__ - INFO - 162 - trainer - [52/257] Loss: 0.0003
2026/09/01 12:40:33 - __main__ - INFO - 162 - trainer - [104/257] Loss: 0.0003
2026/09/01 12:40:40 - __main__ - INFO - 162 - trainer - [156/257] Loss: 0.0002
2026/09/01 12:40:48 - __main__ - INFO - 162 - trainer - [208/257] Loss: 0.0004
2026/09/01 12:40:54 - __main__ - INFO - 167 - trainer - Average loss in epoch 193: 0.0003
2026/09/01 12:40:54 - __main__ - INFO - 117 - trainer - Epoch: 194
2026/09/01 12:40:54 - __main__ - INFO - 162 - trainer - [0/257] Loss: 0.0003
2026/09/01 12:41:01 - __main__ - INFO - 162 - trainer - [52/257] Loss: 0.0003
2026/09/01 12:41:08 - __main__ - INFO - 162 - trainer - [104/257] Loss: 0.0003
2026/09/01 12:41:15 - __main__ - INFO - 162 - trainer - [156/257] Loss: 0.0002
2026/09/01 12:41:22 - __main__ - INFO - 162 - trainer - [208/257] Loss: 0.0002
2026/09/01 12:41:28 - __main__ - INFO - 167 - trainer - Average loss in epoch 194: 0.0003
2026/09/01 12:41:28 - __main__ - INFO - 117 - trainer - Epoch: 195
2026/09/01 12:41:28 - __main__ - INFO - 162 - trainer - [0/257] Loss: 0.0003
2026/09/01 12:41:35 - __main__ - INFO - 162 - trainer - [52/257] Loss: 0.0003
2026/09/01 12:41:43 - __main__ - INFO - 162 - trainer - [104/257] Loss: 0.0002
2026/09/01 12:41:49 - __main__ - INFO - 162 - trainer - [156/257] Loss: 0.0003
2026/09/01 12:41:57 - __main__ - INFO - 162 - trainer - [208/257] Loss: 0.0003
2026/09/01 12:42:03 - __main__ - INFO - 167 - trainer - Average loss in epoch 195: 0.0003
2026/09/01 12:42:03 - __main__ - INFO - 117 - trainer - Epoch: 196
2026/09/01 12:42:03 - __main__ - INFO - 162 - trainer - [0/257] Loss: 0.0002
2026/09/01 12:42:10 - __main__ - INFO - 162 - trainer - [52/257] Loss: 0.0003
2026/09/01 12:42:17 - __main__ - INFO - 162 - trainer - [104/257] Loss: 0.0002
2026/09/01 12:42:24 - __main__ - INFO - 162 - trainer - [156/257] Loss: 0.0002
2026/09/01 12:42:31 - __main__ - INFO - 162 - trainer - [208/257] Loss: 0.0003
2026/09/01 12:42:37 - __main__ - INFO - 167 - trainer - Average loss in epoch 196: 0.0003
2026/09/01 12:42:37 - __main__ - INFO - 117 - trainer - Epoch: 197
2026/09/01 12:42:37 - __main__ - INFO - 162 - trainer - [0/257] Loss: 0.0002
2026/09/01 12:42:44 - __main__ - INFO - 162 - trainer - [52/257] Loss: 0.0002
2026/09/01 12:42:51 - __main__ - INFO - 162 - trainer - [104/257] Loss: 0.0002
2026/09/01 12:42:58 - __main__ - INFO - 162 - trainer - [156/257] Loss: 0.0002
2026/09/01 12:43:05 - __main__ - INFO - 162 - trainer - [208/257] Loss: 0.0002
2026/09/01 12:43:12 - __main__ - INFO - 167 - trainer - Average loss in epoch 197: 0.0003
2026/09/01 12:43:12 - __main__ - INFO - 117 - trainer - Epoch: 198
2026/09/01 12:43:12 - __main__ - INFO - 162 - trainer - [0/257] Loss: 0.0003
2026/09/01 12:43:19 - __main__ - INFO - 162 - trainer - [52/257] Loss: 0.0003
2026/09/01 12:43:26 - __main__ - INFO - 162 - trainer - [104/257] Loss: 0.0004
2026/09/01 12:43:33 - __main__ - INFO - 162 - trainer - [156/257] Loss: 0.0002
2026/09/01 12:43:40 - __main__ - INFO - 162 - trainer - [208/257] Loss: 0.0002
2026/09/01 12:43:47 - __main__ - INFO - 167 - trainer - Average loss in epoch 198: 0.0003
2026/09/01 12:43:47 - __main__ - INFO - 117 - trainer - Epoch: 199
2026/09/01 12:43:47 - __main__ - INFO - 162 - trainer - [0/257] Loss: 0.0004
2026/09/01 12:43:54 - __main__ - INFO - 162 - trainer - [52/257] Loss: 0.0002
2026/09/01 12:44:01 - __main__ - INFO - 162 - trainer - [104/257] Loss: 0.0003
2026/09/01 12:44:08 - __main__ - INFO - 162 - trainer - [156/257] Loss: 0.0002
2026/09/01 12:44:15 - __main__ - INFO - 162 - trainer - [208/257] Loss: 0.0003
2026/09/01 12:44:22 - __main__ - INFO - 167 - trainer - Average loss in epoch 199: 0.0003
2026/09/01 12:44:22 - __main__ - INFO - 117 - trainer - Epoch: 200
2026/09/01 12:44:22 - __main__ - INFO - 162 - trainer - [0/257] Loss: 0.0003
2026/09/01 12:44:29 - __main__ - INFO - 162 - trainer - [52/257] Loss: 0.0002
2026/09/01 12:44:36 - __main__ - INFO - 162 - trainer - [104/257] Loss: 0.0004
2026/09/01 12:44:43 - __main__ - INFO - 162 - trainer - [156/257] Loss: 0.0003
2026/09/01 12:44:50 - __main__ - INFO - 162 - trainer - [208/257] Loss: 0.0001
2026/09/01 12:44:56 - __main__ - INFO - 167 - trainer - Average loss in epoch 200: 0.0002
2026/09/01 12:44:56 - __main__ - INFO - 173 - trainer - start predicting: 2026-09-01 12:44:56.412157
2026/09/01 12:45:58 - __main__ - INFO - 210 - trainer - {'Best_HR@5': np.float64(0.04), 'Best_HR@10': np.float64(0.0666), 'Best_HR@20': np.float64(0.1287), 'Best_NDCG@5': np.float64(0.0217), 'Best_NDCG@10': np.float64(0.0274), 'Best_NDCG@20': np.float64(0.043)}
2026/09/01 12:45:58 - __main__ - INFO - 211 - trainer - {'Best_epoch_HR@5': 80, 'Best_epoch_HR@10': 60, 'Best_epoch_HR@20': 40, 'Best_epoch_NDCG@5': 100, 'Best_epoch_NDCG@10': 60, 'Best_epoch_NDCG@20': 40}
2026/09/01 12:52:44 - __main__ - INFO - 268 - trainer - Train------------------------------------------------------
2026/09/01 12:52:44 - __main__ - INFO - 270 - trainer - {'HR@5': np.float64(0.0), 'HR@10': np.float64(0.0), 'HR@20': np.float64(0.0046), 'NDCG@5': np.float64(0.0), 'NDCG@10': np.float64(0.0), 'NDCG@20': np.float64(0.0011)}
2026/09/01 12:52:44 - __main__ - INFO - 274 - trainer - Test------------------------------------------------------
2026/09/01 12:52:44 - __main__ - INFO - 276 - trainer - {'HR@5': np.float64(0.0488), 'HR@10': np.float64(0.1664), 'HR@20': np.float64(0.264), 'NDCG@5': np.float64(0.0354), 'NDCG@10': np.float64(0.0729), 'NDCG@20': np.float64(0.0975)}
2026/09/01 12:52:44 - __main__ - INFO - 279 - trainer - Best Eval---------------------------------------------------------
2026/09/01 12:52:44 - __main__ - INFO - 282 - trainer - {'Best_HR@5': np.float64(0.04), 'Best_HR@10': np.float64(0.0666), 'Best_HR@20': np.float64(0.1287), 'Best_NDCG@5': np.float64(0.0217), 'Best_NDCG@10': np.float64(0.0274), 'Best_NDCG@20': np.float64(0.043)}
2026/09/01 12:52:44 - __main__ - INFO - 283 - trainer - {'Best_epoch_HR@5': 80, 'Best_epoch_HR@10': 60, 'Best_epoch_HR@20': 40, 'Best_epoch_NDCG@5': 100, 'Best_epoch_NDCG@10': 60, 'Best_epoch_NDCG@20': 40}
