2026/08/29 21:15:29 - __main__ - INFO - 73 - main - Namespace(dataset='amazon_beauty', log_file='log/', random_seed=1997, max_len=50, device='cuda', num_gpu=1, batch_size=512, hidden_size=128, dropout=0.1, emb_dropout=0.3, hidden_act='gelu', num_blocks=4, epochs=500, decay_step=100, gamma=0.1, metric_ks=[5, 10, 20], optimizer='Adam', lr=0.001, weight_decay=0, momentum=None, lambda_uncertainty=0.1, eval_interval=20, patience=5, eps=0.001, sample_N=30, lambda_t=0.001, dropout_c=0.1, eps_reverse=0.001, m_logNorm=1.0, s_logNorm=0.6, s_modsamp=1.0, last=2, mask_ratio=1.0, sampling_method='mode', Loss_Alpha=0.2, Loss_Beta=0.4)
2026/08/29 21:15:30 - __main__ - INFO - 117 - trainer - Epoch: 0
2026/08/29 21:15:31 - __main__ - INFO - 162 - trainer - [0/257] Loss: 11.8472
2026/08/29 21:15:38 - __main__ - INFO - 162 - trainer - [52/257] Loss: 7.8904
2026/08/29 21:15:46 - __main__ - INFO - 162 - trainer - [104/257] Loss: 6.7716
2026/08/29 21:15:53 - __main__ - INFO - 162 - trainer - [156/257] Loss: 5.9375
2026/08/29 21:16:00 - __main__ - INFO - 162 - trainer - [208/257] Loss: 5.1190
2026/08/29 21:16:07 - __main__ - INFO - 167 - trainer - Average loss in epoch 0: 6.5579
2026/08/29 21:16:07 - __main__ - INFO - 117 - trainer - Epoch: 1
2026/08/29 21:16:08 - __main__ - INFO - 162 - trainer - [0/257] Loss: 4.1025
2026/08/29 21:16:15 - __main__ - INFO - 162 - trainer - [52/257] Loss: 3.2494
2026/08/29 21:16:23 - __main__ - INFO - 162 - trainer - [104/257] Loss: 2.7090
2026/08/29 21:16:30 - __main__ - INFO - 162 - trainer - [156/257] Loss: 2.4852
2026/08/29 21:16:38 - __main__ - INFO - 162 - trainer - [208/257] Loss: 2.3241
2026/08/29 21:16:45 - __main__ - INFO - 167 - trainer - Average loss in epoch 1: 2.7426
2026/08/29 21:16:45 - __main__ - INFO - 117 - trainer - Epoch: 2
2026/08/29 21:16:45 - __main__ - INFO - 162 - trainer - [0/257] Loss: 1.9645
2026/08/29 21:16:52 - __main__ - INFO - 162 - trainer - [52/257] Loss: 1.7911
2026/08/29 21:17:00 - __main__ - INFO - 162 - trainer - [104/257] Loss: 1.7624
2026/08/29 21:17:07 - __main__ - INFO - 162 - trainer - [156/257] Loss: 1.7487
2026/08/29 21:17:15 - __main__ - INFO - 162 - trainer - [208/257] Loss: 1.6667
2026/08/29 21:17:22 - __main__ - INFO - 167 - trainer - Average loss in epoch 2: 1.7306
2026/08/29 21:17:22 - __main__ - INFO - 117 - trainer - Epoch: 3
2026/08/29 21:17:22 - __main__ - INFO - 162 - trainer - [0/257] Loss: 1.6188
2026/08/29 21:17:29 - __main__ - INFO - 162 - trainer - [52/257] Loss: 1.6114
2026/08/29 21:17:37 - __main__ - INFO - 162 - trainer - [104/257] Loss: 1.4934
2026/08/29 21:17:44 - __main__ - INFO - 162 - trainer - [156/257] Loss: 1.4862
2026/08/29 21:17:52 - __main__ - INFO - 162 - trainer - [208/257] Loss: 1.4978
2026/08/29 21:17:58 - __main__ - INFO - 167 - trainer - Average loss in epoch 3: 1.5186
2026/08/29 21:17:58 - __main__ - INFO - 117 - trainer - Epoch: 4
2026/08/29 21:17:59 - __main__ - INFO - 162 - trainer - [0/257] Loss: 1.4880
2026/08/29 21:18:06 - __main__ - INFO - 162 - trainer - [52/257] Loss: 1.4569
2026/08/29 21:18:14 - __main__ - INFO - 162 - trainer - [104/257] Loss: 1.4332
2026/08/29 21:18:21 - __main__ - INFO - 162 - trainer - [156/257] Loss: 1.3534
2026/08/29 21:18:29 - __main__ - INFO - 162 - trainer - [208/257] Loss: 1.3702
2026/08/29 21:18:36 - __main__ - INFO - 167 - trainer - Average loss in epoch 4: 1.4047
2026/08/29 21:18:36 - __main__ - INFO - 117 - trainer - Epoch: 5
2026/08/29 21:18:36 - __main__ - INFO - 162 - trainer - [0/257] Loss: 1.3600
2026/08/29 21:18:43 - __main__ - INFO - 162 - trainer - [52/257] Loss: 1.3268
2026/08/29 21:18:51 - __main__ - INFO - 162 - trainer - [104/257] Loss: 1.3342
2026/08/29 21:18:59 - __main__ - INFO - 162 - trainer - [156/257] Loss: 1.3294
2026/08/29 21:19:06 - __main__ - INFO - 162 - trainer - [208/257] Loss: 1.3823
2026/08/29 21:19:13 - __main__ - INFO - 167 - trainer - Average loss in epoch 5: 1.3267
2026/08/29 21:19:13 - __main__ - INFO - 117 - trainer - Epoch: 6
2026/08/29 21:19:14 - __main__ - INFO - 162 - trainer - [0/257] Loss: 1.2828
2026/08/29 21:19:22 - __main__ - INFO - 162 - trainer - [52/257] Loss: 1.2522
2026/08/29 21:19:29 - __main__ - INFO - 162 - trainer - [104/257] Loss: 1.2895
2026/08/29 21:19:37 - __main__ - INFO - 162 - trainer - [156/257] Loss: 1.2291
2026/08/29 21:19:44 - __main__ - INFO - 162 - trainer - [208/257] Loss: 1.2582
2026/08/29 21:19:51 - __main__ - INFO - 167 - trainer - Average loss in epoch 6: 1.2678
2026/08/29 21:19:51 - __main__ - INFO - 117 - trainer - Epoch: 7
2026/08/29 21:19:51 - __main__ - INFO - 162 - trainer - [0/257] Loss: 1.3174
2026/08/29 21:19:59 - __main__ - INFO - 162 - trainer - [52/257] Loss: 1.2373
2026/08/29 21:20:06 - __main__ - INFO - 162 - trainer - [104/257] Loss: 1.2615
2026/08/29 21:20:14 - __main__ - INFO - 162 - trainer - [156/257] Loss: 1.2164
2026/08/29 21:20:21 - __main__ - INFO - 162 - trainer - [208/257] Loss: 1.2312
2026/08/29 21:20:28 - __main__ - INFO - 167 - trainer - Average loss in epoch 7: 1.2167
2026/08/29 21:20:28 - __main__ - INFO - 117 - trainer - Epoch: 8
2026/08/29 21:20:28 - __main__ - INFO - 162 - trainer - [0/257] Loss: 1.1693
2026/08/29 21:20:36 - __main__ - INFO - 162 - trainer - [52/257] Loss: 1.1679
2026/08/29 21:20:43 - __main__ - INFO - 162 - trainer - [104/257] Loss: 1.1623
2026/08/29 21:20:51 - __main__ - INFO - 162 - trainer - [156/257] Loss: 1.2046
2026/08/29 21:20:58 - __main__ - INFO - 162 - trainer - [208/257] Loss: 1.1559
2026/08/29 21:21:05 - __main__ - INFO - 167 - trainer - Average loss in epoch 8: 1.1702
2026/08/29 21:21:05 - __main__ - INFO - 117 - trainer - Epoch: 9
2026/08/29 21:21:05 - __main__ - INFO - 162 - trainer - [0/257] Loss: 1.1264
2026/08/29 21:21:13 - __main__ - INFO - 162 - trainer - [52/257] Loss: 1.1778
2026/08/29 21:21:20 - __main__ - INFO - 162 - trainer - [104/257] Loss: 1.1046
2026/08/29 21:21:28 - __main__ - INFO - 162 - trainer - [156/257] Loss: 1.1226
2026/08/29 21:21:35 - __main__ - INFO - 162 - trainer - [208/257] Loss: 1.1146
2026/08/29 21:21:42 - __main__ - INFO - 167 - trainer - Average loss in epoch 9: 1.1328
2026/08/29 21:21:42 - __main__ - INFO - 117 - trainer - Epoch: 10
2026/08/29 21:21:42 - __main__ - INFO - 162 - trainer - [0/257] Loss: 1.1811
2026/08/29 21:21:50 - __main__ - INFO - 162 - trainer - [52/257] Loss: 1.0759
2026/08/29 21:21:57 - __main__ - INFO - 162 - trainer - [104/257] Loss: 1.1012
2026/08/29 21:22:04 - __main__ - INFO - 162 - trainer - [156/257] Loss: 1.1420
2026/08/29 21:22:12 - __main__ - INFO - 162 - trainer - [208/257] Loss: 1.1308
2026/08/29 21:22:19 - __main__ - INFO - 167 - trainer - Average loss in epoch 10: 1.0983
2026/08/29 21:22:19 - __main__ - INFO - 117 - trainer - Epoch: 11
2026/08/29 21:22:19 - __main__ - INFO - 162 - trainer - [0/257] Loss: 1.1013
2026/08/29 21:22:26 - __main__ - INFO - 162 - trainer - [52/257] Loss: 1.0864
2026/08/29 21:22:33 - __main__ - INFO - 162 - trainer - [104/257] Loss: 1.0671
2026/08/29 21:22:41 - __main__ - INFO - 162 - trainer - [156/257] Loss: 1.0633
2026/08/29 21:22:48 - __main__ - INFO - 162 - trainer - [208/257] Loss: 1.0862
2026/08/29 21:22:55 - __main__ - INFO - 167 - trainer - Average loss in epoch 11: 1.0670
2026/08/29 21:22:55 - __main__ - INFO - 117 - trainer - Epoch: 12
2026/08/29 21:22:55 - __main__ - INFO - 162 - trainer - [0/257] Loss: 1.0192
2026/08/29 21:23:02 - __main__ - INFO - 162 - trainer - [52/257] Loss: 1.0414
2026/08/29 21:23:10 - __main__ - INFO - 162 - trainer - [104/257] Loss: 1.0350
2026/08/29 21:23:17 - __main__ - INFO - 162 - trainer - [156/257] Loss: 0.9284
2026/08/29 21:23:25 - __main__ - INFO - 162 - trainer - [208/257] Loss: 1.0334
2026/08/29 21:23:32 - __main__ - INFO - 167 - trainer - Average loss in epoch 12: 1.0335
2026/08/29 21:23:32 - __main__ - INFO - 117 - trainer - Epoch: 13
2026/08/29 21:23:32 - __main__ - INFO - 162 - trainer - [0/257] Loss: 1.0791
2026/08/29 21:23:39 - __main__ - INFO - 162 - trainer - [52/257] Loss: 0.9845
2026/08/29 21:23:46 - __main__ - INFO - 162 - trainer - [104/257] Loss: 1.0567
2026/08/29 21:23:54 - __main__ - INFO - 162 - trainer - [156/257] Loss: 1.0174
2026/08/29 21:24:01 - __main__ - INFO - 162 - trainer - [208/257] Loss: 1.0313
2026/08/29 21:24:08 - __main__ - INFO - 167 - trainer - Average loss in epoch 13: 1.0101
2026/08/29 21:24:08 - __main__ - INFO - 117 - trainer - Epoch: 14
2026/08/29 21:24:08 - __main__ - INFO - 162 - trainer - [0/257] Loss: 1.0024
2026/08/29 21:24:15 - __main__ - INFO - 162 - trainer - [52/257] Loss: 0.9414
2026/08/29 21:24:23 - __main__ - INFO - 162 - trainer - [104/257] Loss: 1.0546
2026/08/29 21:24:30 - __main__ - INFO - 162 - trainer - [156/257] Loss: 0.9048
2026/08/29 21:24:37 - __main__ - INFO - 162 - trainer - [208/257] Loss: 0.9868
2026/08/29 21:24:44 - __main__ - INFO - 167 - trainer - Average loss in epoch 14: 0.9878
2026/08/29 21:24:44 - __main__ - INFO - 117 - trainer - Epoch: 15
2026/08/29 21:24:44 - __main__ - INFO - 162 - trainer - [0/257] Loss: 0.8705
2026/08/29 21:24:52 - __main__ - INFO - 162 - trainer - [52/257] Loss: 1.0329
2026/08/29 21:24:59 - __main__ - INFO - 162 - trainer - [104/257] Loss: 0.9742
2026/08/29 21:25:07 - __main__ - INFO - 162 - trainer - [156/257] Loss: 0.9854
2026/08/29 21:25:14 - __main__ - INFO - 162 - trainer - [208/257] Loss: 0.9739
2026/08/29 21:25:21 - __main__ - INFO - 167 - trainer - Average loss in epoch 15: 0.9624
2026/08/29 21:25:21 - __main__ - INFO - 117 - trainer - Epoch: 16
2026/08/29 21:25:21 - __main__ - INFO - 162 - trainer - [0/257] Loss: 0.9578
2026/08/29 21:25:28 - __main__ - INFO - 162 - trainer - [52/257] Loss: 0.9074
2026/08/29 21:25:36 - __main__ - INFO - 162 - trainer - [104/257] Loss: 0.9552
2026/08/29 21:25:44 - __main__ - INFO - 162 - trainer - [156/257] Loss: 0.9763
2026/08/29 21:25:51 - __main__ - INFO - 162 - trainer - [208/257] Loss: 0.9071
2026/08/29 21:25:58 - __main__ - INFO - 167 - trainer - Average loss in epoch 16: 0.9447
2026/08/29 21:25:58 - __main__ - INFO - 117 - trainer - Epoch: 17
2026/08/29 21:25:58 - __main__ - INFO - 162 - trainer - [0/257] Loss: 0.9379
2026/08/29 21:26:06 - __main__ - INFO - 162 - trainer - [52/257] Loss: 0.9631
2026/08/29 21:26:13 - __main__ - INFO - 162 - trainer - [104/257] Loss: 0.9349
2026/08/29 21:26:20 - __main__ - INFO - 162 - trainer - [156/257] Loss: 0.8618
2026/08/29 21:26:28 - __main__ - INFO - 162 - trainer - [208/257] Loss: 0.8929
2026/08/29 21:26:35 - __main__ - INFO - 167 - trainer - Average loss in epoch 17: 0.9203
2026/08/29 21:26:35 - __main__ - INFO - 117 - trainer - Epoch: 18
2026/08/29 21:26:35 - __main__ - INFO - 162 - trainer - [0/257] Loss: 0.9394
2026/08/29 21:26:42 - __main__ - INFO - 162 - trainer - [52/257] Loss: 0.9597
2026/08/29 21:26:50 - __main__ - INFO - 162 - trainer - [104/257] Loss: 0.9433
2026/08/29 21:26:57 - __main__ - INFO - 162 - trainer - [156/257] Loss: 0.8913
2026/08/29 21:27:05 - __main__ - INFO - 162 - trainer - [208/257] Loss: 0.8627
2026/08/29 21:27:11 - __main__ - INFO - 167 - trainer - Average loss in epoch 18: 0.9045
2026/08/29 21:27:11 - __main__ - INFO - 117 - trainer - Epoch: 19
2026/08/29 21:27:12 - __main__ - INFO - 162 - trainer - [0/257] Loss: 0.8803
2026/08/29 21:27:19 - __main__ - INFO - 162 - trainer - [52/257] Loss: 0.8518
2026/08/29 21:27:26 - __main__ - INFO - 162 - trainer - [104/257] Loss: 0.9081
2026/08/29 21:27:34 - __main__ - INFO - 162 - trainer - [156/257] Loss: 0.9182
2026/08/29 21:27:41 - __main__ - INFO - 162 - trainer - [208/257] Loss: 0.8677
2026/08/29 21:27:48 - __main__ - INFO - 167 - trainer - Average loss in epoch 19: 0.8903
2026/08/29 21:27:48 - __main__ - INFO - 117 - trainer - Epoch: 20
2026/08/29 21:27:49 - __main__ - INFO - 162 - trainer - [0/257] Loss: 0.8289
2026/08/29 21:27:56 - __main__ - INFO - 162 - trainer - [52/257] Loss: 0.8776
2026/08/29 21:28:04 - __main__ - INFO - 162 - trainer - [104/257] Loss: 0.8587
2026/08/29 21:28:11 - __main__ - INFO - 162 - trainer - [156/257] Loss: 0.8565
2026/08/29 21:28:19 - __main__ - INFO - 162 - trainer - [208/257] Loss: 0.8745
2026/08/29 21:28:26 - __main__ - INFO - 167 - trainer - Average loss in epoch 20: 0.8765
2026/08/29 21:28:26 - __main__ - INFO - 173 - trainer - start predicting: 2026-08-29 21:28:26.164769
2026/08/29 21:29:30 - __main__ - INFO - 203 - trainer - {'Best_HR@5': np.float64(0.142), 'Best_HR@10': np.float64(0.2441), 'Best_HR@20': np.float64(0.4439), 'Best_NDCG@5': np.float64(0.0908), 'Best_NDCG@10': np.float64(0.1233), 'Best_NDCG@20': np.float64(0.1736)}
2026/08/29 21:29:30 - __main__ - INFO - 204 - trainer - {'Best_epoch_HR@5': 20, 'Best_epoch_HR@10': 20, 'Best_epoch_HR@20': 20, 'Best_epoch_NDCG@5': 20, 'Best_epoch_NDCG@10': 20, 'Best_epoch_NDCG@20': 20}
2026/08/29 21:29:30 - __main__ - INFO - 117 - trainer - Epoch: 21
2026/08/29 21:29:30 - __main__ - INFO - 162 - trainer - [0/257] Loss: 0.9319
2026/08/29 21:29:38 - __main__ - INFO - 162 - trainer - [52/257] Loss: 0.8567
2026/08/29 21:29:45 - __main__ - INFO - 162 - trainer - [104/257] Loss: 0.8383
2026/08/29 21:29:53 - __main__ - INFO - 162 - trainer - [156/257] Loss: 0.9009
2026/08/29 21:30:00 - __main__ - INFO - 162 - trainer - [208/257] Loss: 0.8010
2026/08/29 21:30:07 - __main__ - INFO - 167 - trainer - Average loss in epoch 21: 0.8602
2026/08/29 21:30:07 - __main__ - INFO - 117 - trainer - Epoch: 22
2026/08/29 21:30:08 - __main__ - INFO - 162 - trainer - [0/257] Loss: 0.8213
2026/08/29 21:30:15 - __main__ - INFO - 162 - trainer - [52/257] Loss: 0.8384
2026/08/29 21:30:23 - __main__ - INFO - 162 - trainer - [104/257] Loss: 0.8485
2026/08/29 21:30:30 - __main__ - INFO - 162 - trainer - [156/257] Loss: 0.8798
2026/08/29 21:30:37 - __main__ - INFO - 162 - trainer - [208/257] Loss: 0.8752
2026/08/29 21:30:44 - __main__ - INFO - 167 - trainer - Average loss in epoch 22: 0.8485
2026/08/29 21:30:44 - __main__ - INFO - 117 - trainer - Epoch: 23
2026/08/29 21:30:44 - __main__ - INFO - 162 - trainer - [0/257] Loss: 0.8240
2026/08/29 21:30:52 - __main__ - INFO - 162 - trainer - [52/257] Loss: 0.8037
2026/08/29 21:31:00 - __main__ - INFO - 162 - trainer - [104/257] Loss: 0.8698
2026/08/29 21:31:07 - __main__ - INFO - 162 - trainer - [156/257] Loss: 0.8882
2026/08/29 21:31:14 - __main__ - INFO - 162 - trainer - [208/257] Loss: 0.8735
2026/08/29 21:31:21 - __main__ - INFO - 167 - trainer - Average loss in epoch 23: 0.8435
2026/08/29 21:31:21 - __main__ - INFO - 117 - trainer - Epoch: 24
2026/08/29 21:31:21 - __main__ - INFO - 162 - trainer - [0/257] Loss: 0.8451
2026/08/29 21:31:29 - __main__ - INFO - 162 - trainer - [52/257] Loss: 0.8402
2026/08/29 21:31:36 - __main__ - INFO - 162 - trainer - [104/257] Loss: 0.8253
2026/08/29 21:31:44 - __main__ - INFO - 162 - trainer - [156/257] Loss: 0.8045
2026/08/29 21:31:51 - __main__ - INFO - 162 - trainer - [208/257] Loss: 0.7845
2026/08/29 21:31:58 - __main__ - INFO - 167 - trainer - Average loss in epoch 24: 0.8278
2026/08/29 21:31:58 - __main__ - INFO - 117 - trainer - Epoch: 25
2026/08/29 21:31:58 - __main__ - INFO - 162 - trainer - [0/257] Loss: 0.7896
2026/08/29 21:32:06 - __main__ - INFO - 162 - trainer - [52/257] Loss: 0.8889
2026/08/29 21:32:13 - __main__ - INFO - 162 - trainer - [104/257] Loss: 0.7913
2026/08/29 21:32:21 - __main__ - INFO - 162 - trainer - [156/257] Loss: 0.7765
2026/08/29 21:32:28 - __main__ - INFO - 162 - trainer - [208/257] Loss: 0.8739
2026/08/29 21:32:35 - __main__ - INFO - 167 - trainer - Average loss in epoch 25: 0.8233
2026/08/29 21:32:35 - __main__ - INFO - 117 - trainer - Epoch: 26
2026/08/29 21:32:35 - __main__ - INFO - 162 - trainer - [0/257] Loss: 0.7726
2026/08/29 21:32:43 - __main__ - INFO - 162 - trainer - [52/257] Loss: 0.8458
2026/08/29 21:32:50 - __main__ - INFO - 162 - trainer - [104/257] Loss: 0.8000
2026/08/29 21:32:58 - __main__ - INFO - 162 - trainer - [156/257] Loss: 0.7934
2026/08/29 21:33:05 - __main__ - INFO - 162 - trainer - [208/257] Loss: 0.7597
2026/08/29 21:33:12 - __main__ - INFO - 167 - trainer - Average loss in epoch 26: 0.8143
2026/08/29 21:33:12 - __main__ - INFO - 117 - trainer - Epoch: 27
2026/08/29 21:33:12 - __main__ - INFO - 162 - trainer - [0/257] Loss: 0.8497
2026/08/29 21:33:20 - __main__ - INFO - 162 - trainer - [52/257] Loss: 0.7758
2026/08/29 21:33:27 - __main__ - INFO - 162 - trainer - [104/257] Loss: 0.8137
2026/08/29 21:33:35 - __main__ - INFO - 162 - trainer - [156/257] Loss: 0.8063
2026/08/29 21:33:42 - __main__ - INFO - 162 - trainer - [208/257] Loss: 0.8611
2026/08/29 21:33:49 - __main__ - INFO - 167 - trainer - Average loss in epoch 27: 0.8058
2026/08/29 21:33:49 - __main__ - INFO - 117 - trainer - Epoch: 28
2026/08/29 21:33:49 - __main__ - INFO - 162 - trainer - [0/257] Loss: 0.8079
2026/08/29 21:33:57 - __main__ - INFO - 162 - trainer - [52/257] Loss: 0.7679
2026/08/29 21:34:05 - __main__ - INFO - 162 - trainer - [104/257] Loss: 0.8005
2026/08/29 21:34:13 - __main__ - INFO - 162 - trainer - [156/257] Loss: 0.7963
2026/08/29 21:34:21 - __main__ - INFO - 162 - trainer - [208/257] Loss: 0.7985
2026/08/29 21:34:28 - __main__ - INFO - 167 - trainer - Average loss in epoch 28: 0.7988
2026/08/29 21:34:28 - __main__ - INFO - 117 - trainer - Epoch: 29
2026/08/29 21:34:28 - __main__ - INFO - 162 - trainer - [0/257] Loss: 0.7971
2026/08/29 21:34:35 - __main__ - INFO - 162 - trainer - [52/257] Loss: 0.7707
2026/08/29 21:34:43 - __main__ - INFO - 162 - trainer - [104/257] Loss: 0.7843
2026/08/29 21:34:50 - __main__ - INFO - 162 - trainer - [156/257] Loss: 0.7998
2026/08/29 21:34:58 - __main__ - INFO - 162 - trainer - [208/257] Loss: 0.8032
2026/08/29 21:35:05 - __main__ - INFO - 167 - trainer - Average loss in epoch 29: 0.7908
2026/08/29 21:35:05 - __main__ - INFO - 117 - trainer - Epoch: 30
2026/08/29 21:35:05 - __main__ - INFO - 162 - trainer - [0/257] Loss: 0.7950
2026/08/29 21:35:13 - __main__ - INFO - 162 - trainer - [52/257] Loss: 0.8076
2026/08/29 21:35:20 - __main__ - INFO - 162 - trainer - [104/257] Loss: 0.7887
2026/08/29 21:35:28 - __main__ - INFO - 162 - trainer - [156/257] Loss: 0.7954
2026/08/29 21:35:35 - __main__ - INFO - 162 - trainer - [208/257] Loss: 0.8563
2026/08/29 21:35:42 - __main__ - INFO - 167 - trainer - Average loss in epoch 30: 0.7835
2026/08/29 21:35:42 - __main__ - INFO - 117 - trainer - Epoch: 31
2026/08/29 21:35:42 - __main__ - INFO - 162 - trainer - [0/257] Loss: 0.7763
2026/08/29 21:35:50 - __main__ - INFO - 162 - trainer - [52/257] Loss: 0.7466
2026/08/29 21:35:57 - __main__ - INFO - 162 - trainer - [104/257] Loss: 0.8392
2026/08/29 21:36:05 - __main__ - INFO - 162 - trainer - [156/257] Loss: 0.7793
2026/08/29 21:36:12 - __main__ - INFO - 162 - trainer - [208/257] Loss: 0.7898
2026/08/29 21:36:19 - __main__ - INFO - 167 - trainer - Average loss in epoch 31: 0.7807
2026/08/29 21:36:19 - __main__ - INFO - 117 - trainer - Epoch: 32
2026/08/29 21:36:19 - __main__ - INFO - 162 - trainer - [0/257] Loss: 0.7819
2026/08/29 21:36:27 - __main__ - INFO - 162 - trainer - [52/257] Loss: 0.7945
2026/08/29 21:36:34 - __main__ - INFO - 162 - trainer - [104/257] Loss: 0.7748
2026/08/29 21:36:42 - __main__ - INFO - 162 - trainer - [156/257] Loss: 0.7665
2026/08/29 21:36:50 - __main__ - INFO - 162 - trainer - [208/257] Loss: 0.8440
2026/08/29 21:36:57 - __main__ - INFO - 167 - trainer - Average loss in epoch 32: 0.7692
2026/08/29 21:36:57 - __main__ - INFO - 117 - trainer - Epoch: 33
2026/08/29 21:36:57 - __main__ - INFO - 162 - trainer - [0/257] Loss: 0.7892
2026/08/29 21:37:05 - __main__ - INFO - 162 - trainer - [52/257] Loss: 0.8147
2026/08/29 21:37:12 - __main__ - INFO - 162 - trainer - [104/257] Loss: 0.7902
2026/08/29 21:37:20 - __main__ - INFO - 162 - trainer - [156/257] Loss: 0.7403
2026/08/29 21:37:27 - __main__ - INFO - 162 - trainer - [208/257] Loss: 0.7658
2026/08/29 21:37:34 - __main__ - INFO - 167 - trainer - Average loss in epoch 33: 0.7642
2026/08/29 21:37:34 - __main__ - INFO - 117 - trainer - Epoch: 34
2026/08/29 21:37:34 - __main__ - INFO - 162 - trainer - [0/257] Loss: 0.7732
2026/08/29 21:37:42 - __main__ - INFO - 162 - trainer - [52/257] Loss: 0.8070
2026/08/29 21:37:50 - __main__ - INFO - 162 - trainer - [104/257] Loss: 0.7373
2026/08/29 21:37:57 - __main__ - INFO - 162 - trainer - [156/257] Loss: 0.7522
2026/08/29 21:38:05 - __main__ - INFO - 162 - trainer - [208/257] Loss: 0.7492
2026/08/29 21:38:11 - __main__ - INFO - 167 - trainer - Average loss in epoch 34: 0.7617
2026/08/29 21:38:11 - __main__ - INFO - 117 - trainer - Epoch: 35
2026/08/29 21:38:11 - __main__ - INFO - 162 - trainer - [0/257] Loss: 0.7467
2026/08/29 21:38:19 - __main__ - INFO - 162 - trainer - [52/257] Loss: 0.7970
2026/08/29 21:38:26 - __main__ - INFO - 162 - trainer - [104/257] Loss: 0.7192
2026/08/29 21:38:34 - __main__ - INFO - 162 - trainer - [156/257] Loss: 0.7451
2026/08/29 21:38:41 - __main__ - INFO - 162 - trainer - [208/257] Loss: 0.7325
2026/08/29 21:38:48 - __main__ - INFO - 167 - trainer - Average loss in epoch 35: 0.7504
2026/08/29 21:38:48 - __main__ - INFO - 117 - trainer - Epoch: 36
2026/08/29 21:38:48 - __main__ - INFO - 162 - trainer - [0/257] Loss: 0.7253
2026/08/29 21:38:56 - __main__ - INFO - 162 - trainer - [52/257] Loss: 0.7469
2026/08/29 21:39:03 - __main__ - INFO - 162 - trainer - [104/257] Loss: 0.7706
2026/08/29 21:39:11 - __main__ - INFO - 162 - trainer - [156/257] Loss: 0.7404
2026/08/29 21:39:18 - __main__ - INFO - 162 - trainer - [208/257] Loss: 0.7529
2026/08/29 21:39:25 - __main__ - INFO - 167 - trainer - Average loss in epoch 36: 0.7516
2026/08/29 21:39:25 - __main__ - INFO - 117 - trainer - Epoch: 37
2026/08/29 21:39:26 - __main__ - INFO - 162 - trainer - [0/257] Loss: 0.7587
2026/08/29 21:39:33 - __main__ - INFO - 162 - trainer - [52/257] Loss: 0.7669
2026/08/29 21:39:40 - __main__ - INFO - 162 - trainer - [104/257] Loss: 0.7776
2026/08/29 21:39:48 - __main__ - INFO - 162 - trainer - [156/257] Loss: 0.7637
2026/08/29 21:39:55 - __main__ - INFO - 162 - trainer - [208/257] Loss: 0.7649
2026/08/29 21:40:02 - __main__ - INFO - 167 - trainer - Average loss in epoch 37: 0.7437
2026/08/29 21:40:02 - __main__ - INFO - 117 - trainer - Epoch: 38
2026/08/29 21:40:02 - __main__ - INFO - 162 - trainer - [0/257] Loss: 0.7395
2026/08/29 21:40:10 - __main__ - INFO - 162 - trainer - [52/257] Loss: 0.7571
2026/08/29 21:40:17 - __main__ - INFO - 162 - trainer - [104/257] Loss: 0.6962
2026/08/29 21:40:25 - __main__ - INFO - 162 - trainer - [156/257] Loss: 0.8033
2026/08/29 21:40:32 - __main__ - INFO - 162 - trainer - [208/257] Loss: 0.7971
2026/08/29 21:40:39 - __main__ - INFO - 167 - trainer - Average loss in epoch 38: 0.7421
2026/08/29 21:40:39 - __main__ - INFO - 117 - trainer - Epoch: 39
2026/08/29 21:40:39 - __main__ - INFO - 162 - trainer - [0/257] Loss: 0.7474
2026/08/29 21:40:47 - __main__ - INFO - 162 - trainer - [52/257] Loss: 0.7183
2026/08/29 21:40:54 - __main__ - INFO - 162 - trainer - [104/257] Loss: 0.6757
2026/08/29 21:41:01 - __main__ - INFO - 162 - trainer - [156/257] Loss: 0.7373
2026/08/29 21:41:09 - __main__ - INFO - 162 - trainer - [208/257] Loss: 0.7129
2026/08/29 21:41:16 - __main__ - INFO - 167 - trainer - Average loss in epoch 39: 0.7360
2026/08/29 21:41:16 - __main__ - INFO - 117 - trainer - Epoch: 40
2026/08/29 21:41:16 - __main__ - INFO - 162 - trainer - [0/257] Loss: 0.7561
2026/08/29 21:41:23 - __main__ - INFO - 162 - trainer - [52/257] Loss: 0.7904
2026/08/29 21:41:31 - __main__ - INFO - 162 - trainer - [104/257] Loss: 0.7910
2026/08/29 21:41:38 - __main__ - INFO - 162 - trainer - [156/257] Loss: 0.8045
2026/08/29 21:41:46 - __main__ - INFO - 162 - trainer - [208/257] Loss: 0.7180
2026/08/29 21:41:53 - __main__ - INFO - 167 - trainer - Average loss in epoch 40: 0.7382
2026/08/29 21:41:53 - __main__ - INFO - 173 - trainer - start predicting: 2026-08-29 21:41:53.090956
2026/08/29 21:42:58 - __main__ - INFO - 203 - trainer - {'Best_HR@5': np.float64(0.409), 'Best_HR@10': np.float64(0.8416), 'Best_HR@20': np.float64(1.344), 'Best_NDCG@5': np.float64(0.2383), 'Best_NDCG@10': np.float64(0.3766), 'Best_NDCG@20': np.float64(0.5035)}
2026/08/29 21:42:58 - __main__ - INFO - 204 - trainer - {'Best_epoch_HR@5': 40, 'Best_epoch_HR@10': 40, 'Best_epoch_HR@20': 40, 'Best_epoch_NDCG@5': 40, 'Best_epoch_NDCG@10': 40, 'Best_epoch_NDCG@20': 40}
2026/08/29 21:42:58 - __main__ - INFO - 117 - trainer - Epoch: 41
2026/08/29 21:42:58 - __main__ - INFO - 162 - trainer - [0/257] Loss: 0.7512
2026/08/29 21:43:06 - __main__ - INFO - 162 - trainer - [52/257] Loss: 0.7065
2026/08/29 21:43:15 - __main__ - INFO - 162 - trainer - [104/257] Loss: 0.7607
2026/08/29 21:43:23 - __main__ - INFO - 162 - trainer - [156/257] Loss: 0.7431
2026/08/29 21:43:31 - __main__ - INFO - 162 - trainer - [208/257] Loss: 0.7088
2026/08/29 21:43:38 - __main__ - INFO - 167 - trainer - Average loss in epoch 41: 0.7323
2026/08/29 21:43:38 - __main__ - INFO - 117 - trainer - Epoch: 42
2026/08/29 21:43:38 - __main__ - INFO - 162 - trainer - [0/257] Loss: 0.6850
2026/08/29 21:43:46 - __main__ - INFO - 162 - trainer - [52/257] Loss: 0.7281
2026/08/29 21:43:54 - __main__ - INFO - 162 - trainer - [104/257] Loss: 0.7577
2026/08/29 21:44:02 - __main__ - INFO - 162 - trainer - [156/257] Loss: 0.6957
2026/08/29 21:44:10 - __main__ - INFO - 162 - trainer - [208/257] Loss: 0.6714
2026/08/29 21:44:17 - __main__ - INFO - 167 - trainer - Average loss in epoch 42: 0.7270
2026/08/29 21:44:17 - __main__ - INFO - 117 - trainer - Epoch: 43
2026/08/29 21:44:17 - __main__ - INFO - 162 - trainer - [0/257] Loss: 0.6904
2026/08/29 21:44:25 - __main__ - INFO - 162 - trainer - [52/257] Loss: 0.7682
2026/08/29 21:44:33 - __main__ - INFO - 162 - trainer - [104/257] Loss: 0.6812
2026/08/29 21:44:41 - __main__ - INFO - 162 - trainer - [156/257] Loss: 0.7528
2026/08/29 21:44:48 - __main__ - INFO - 162 - trainer - [208/257] Loss: 0.7410
2026/08/29 21:44:55 - __main__ - INFO - 167 - trainer - Average loss in epoch 43: 0.7230
2026/08/29 21:44:55 - __main__ - INFO - 117 - trainer - Epoch: 44
2026/08/29 21:44:56 - __main__ - INFO - 162 - trainer - [0/257] Loss: 0.6787
2026/08/29 21:45:04 - __main__ - INFO - 162 - trainer - [52/257] Loss: 0.7697
2026/08/29 21:45:12 - __main__ - INFO - 162 - trainer - [104/257] Loss: 0.7210
2026/08/29 21:45:19 - __main__ - INFO - 162 - trainer - [156/257] Loss: 0.6732
2026/08/29 21:45:27 - __main__ - INFO - 162 - trainer - [208/257] Loss: 0.6673
2026/08/29 21:45:34 - __main__ - INFO - 167 - trainer - Average loss in epoch 44: 0.7194
2026/08/29 21:45:34 - __main__ - INFO - 117 - trainer - Epoch: 45
2026/08/29 21:45:34 - __main__ - INFO - 162 - trainer - [0/257] Loss: 0.6594
2026/08/29 21:45:42 - __main__ - INFO - 162 - trainer - [52/257] Loss: 0.7389
2026/08/29 21:45:50 - __main__ - INFO - 162 - trainer - [104/257] Loss: 0.6350
2026/08/29 21:45:58 - __main__ - INFO - 162 - trainer - [156/257] Loss: 0.6674
2026/08/29 21:46:05 - __main__ - INFO - 162 - trainer - [208/257] Loss: 0.7124
2026/08/29 21:46:12 - __main__ - INFO - 167 - trainer - Average loss in epoch 45: 0.7134
2026/08/29 21:46:12 - __main__ - INFO - 117 - trainer - Epoch: 46
2026/08/29 21:46:13 - __main__ - INFO - 162 - trainer - [0/257] Loss: 0.7104
2026/08/29 21:46:21 - __main__ - INFO - 162 - trainer - [52/257] Loss: 0.6574
2026/08/29 21:46:28 - __main__ - INFO - 162 - trainer - [104/257] Loss: 0.7658
2026/08/29 21:46:36 - __main__ - INFO - 162 - trainer - [156/257] Loss: 0.7409
2026/08/29 21:46:44 - __main__ - INFO - 162 - trainer - [208/257] Loss: 0.7027
2026/08/29 21:46:51 - __main__ - INFO - 167 - trainer - Average loss in epoch 46: 0.7139
2026/08/29 21:46:51 - __main__ - INFO - 117 - trainer - Epoch: 47
2026/08/29 21:46:51 - __main__ - INFO - 162 - trainer - [0/257] Loss: 0.6693
2026/08/29 21:46:59 - __main__ - INFO - 162 - trainer - [52/257] Loss: 0.7133
2026/08/29 21:47:07 - __main__ - INFO - 162 - trainer - [104/257] Loss: 0.7501
2026/08/29 21:47:15 - __main__ - INFO - 162 - trainer - [156/257] Loss: 0.6946
2026/08/29 21:47:22 - __main__ - INFO - 162 - trainer - [208/257] Loss: 0.6845
2026/08/29 21:47:30 - __main__ - INFO - 167 - trainer - Average loss in epoch 47: 0.7137
2026/08/29 21:47:30 - __main__ - INFO - 117 - trainer - Epoch: 48
2026/08/29 21:47:30 - __main__ - INFO - 162 - trainer - [0/257] Loss: 0.6687
2026/08/29 21:47:38 - __main__ - INFO - 162 - trainer - [52/257] Loss: 0.6856
2026/08/29 21:47:45 - __main__ - INFO - 162 - trainer - [104/257] Loss: 0.6732
2026/08/29 21:47:53 - __main__ - INFO - 162 - trainer - [156/257] Loss: 0.7251
2026/08/29 21:48:01 - __main__ - INFO - 162 - trainer - [208/257] Loss: 0.7333
2026/08/29 21:48:08 - __main__ - INFO - 167 - trainer - Average loss in epoch 48: 0.7106
2026/08/29 21:48:08 - __main__ - INFO - 117 - trainer - Epoch: 49
2026/08/29 21:48:08 - __main__ - INFO - 162 - trainer - [0/257] Loss: 0.7069
2026/08/29 21:48:16 - __main__ - INFO - 162 - trainer - [52/257] Loss: 0.6734
2026/08/29 21:48:23 - __main__ - INFO - 162 - trainer - [104/257] Loss: 0.7363
2026/08/29 21:48:31 - __main__ - INFO - 162 - trainer - [156/257] Loss: 0.7440
2026/08/29 21:48:39 - __main__ - INFO - 162 - trainer - [208/257] Loss: 0.6518
2026/08/29 21:48:47 - __main__ - INFO - 167 - trainer - Average loss in epoch 49: 0.7068
2026/08/29 21:48:47 - __main__ - INFO - 117 - trainer - Epoch: 50
2026/08/29 21:48:47 - __main__ - INFO - 162 - trainer - [0/257] Loss: 0.6694
2026/08/29 21:48:55 - __main__ - INFO - 162 - trainer - [52/257] Loss: 0.6629
2026/08/29 21:49:03 - __main__ - INFO - 162 - trainer - [104/257] Loss: 0.6666
2026/08/29 21:49:11 - __main__ - INFO - 162 - trainer - [156/257] Loss: 0.6509
2026/08/29 21:49:19 - __main__ - INFO - 162 - trainer - [208/257] Loss: 0.6955
2026/08/29 21:49:26 - __main__ - INFO - 167 - trainer - Average loss in epoch 50: 0.7055
2026/08/29 21:49:26 - __main__ - INFO - 117 - trainer - Epoch: 51
2026/08/29 21:49:26 - __main__ - INFO - 162 - trainer - [0/257] Loss: 0.7158
2026/08/29 21:49:34 - __main__ - INFO - 162 - trainer - [52/257] Loss: 0.7429
2026/08/29 21:49:42 - __main__ - INFO - 162 - trainer - [104/257] Loss: 0.6837
2026/08/29 21:49:50 - __main__ - INFO - 162 - trainer - [156/257] Loss: 0.6764
2026/08/29 21:49:58 - __main__ - INFO - 162 - trainer - [208/257] Loss: 0.6916
2026/08/29 21:50:05 - __main__ - INFO - 167 - trainer - Average loss in epoch 51: 0.7019
2026/08/29 21:50:05 - __main__ - INFO - 117 - trainer - Epoch: 52
2026/08/29 21:50:05 - __main__ - INFO - 162 - trainer - [0/257] Loss: 0.6903
2026/08/29 21:50:13 - __main__ - INFO - 162 - trainer - [52/257] Loss: 0.6882
2026/08/29 21:50:21 - __main__ - INFO - 162 - trainer - [104/257] Loss: 0.7113
2026/08/29 21:50:29 - __main__ - INFO - 162 - trainer - [156/257] Loss: 0.6933
2026/08/29 21:50:37 - __main__ - INFO - 162 - trainer - [208/257] Loss: 0.6752
2026/08/29 21:50:44 - __main__ - INFO - 167 - trainer - Average loss in epoch 52: 0.7003
2026/08/29 21:50:44 - __main__ - INFO - 117 - trainer - Epoch: 53
2026/08/29 21:50:45 - __main__ - INFO - 162 - trainer - [0/257] Loss: 0.6648
2026/08/29 21:50:53 - __main__ - INFO - 162 - trainer - [52/257] Loss: 0.6863
2026/08/29 21:51:01 - __main__ - INFO - 162 - trainer - [104/257] Loss: 0.7248
2026/08/29 21:51:09 - __main__ - INFO - 162 - trainer - [156/257] Loss: 0.7119
2026/08/29 21:51:18 - __main__ - INFO - 162 - trainer - [208/257] Loss: 0.6820
2026/08/29 21:51:25 - __main__ - INFO - 167 - trainer - Average loss in epoch 53: 0.6985
2026/08/29 21:51:25 - __main__ - INFO - 117 - trainer - Epoch: 54
2026/08/29 21:51:25 - __main__ - INFO - 162 - trainer - [0/257] Loss: 0.7089
2026/08/29 21:51:33 - __main__ - INFO - 162 - trainer - [52/257] Loss: 0.6532
2026/08/29 21:51:42 - __main__ - INFO - 162 - trainer - [104/257] Loss: 0.7487
2026/08/29 21:51:50 - __main__ - INFO - 162 - trainer - [156/257] Loss: 0.6937
2026/08/29 21:51:58 - __main__ - INFO - 162 - trainer - [208/257] Loss: 0.6658
2026/08/29 21:52:05 - __main__ - INFO - 167 - trainer - Average loss in epoch 54: 0.6965
2026/08/29 21:52:05 - __main__ - INFO - 117 - trainer - Epoch: 55
2026/08/29 21:52:05 - __main__ - INFO - 162 - trainer - [0/257] Loss: 0.6748
2026/08/29 21:52:13 - __main__ - INFO - 162 - trainer - [52/257] Loss: 0.6762
2026/08/29 21:52:21 - __main__ - INFO - 162 - trainer - [104/257] Loss: 0.7159
2026/08/29 21:52:29 - __main__ - INFO - 162 - trainer - [156/257] Loss: 0.6358
2026/08/29 21:52:36 - __main__ - INFO - 162 - trainer - [208/257] Loss: 0.6895
2026/08/29 21:52:44 - __main__ - INFO - 167 - trainer - Average loss in epoch 55: 0.6940
2026/08/29 21:52:44 - __main__ - INFO - 117 - trainer - Epoch: 56
2026/08/29 21:52:44 - __main__ - INFO - 162 - trainer - [0/257] Loss: 0.6768
2026/08/29 21:52:51 - __main__ - INFO - 162 - trainer - [52/257] Loss: 0.6867
2026/08/29 21:52:59 - __main__ - INFO - 162 - trainer - [104/257] Loss: 0.7142
2026/08/29 21:53:07 - __main__ - INFO - 162 - trainer - [156/257] Loss: 0.7246
2026/08/29 21:53:15 - __main__ - INFO - 162 - trainer - [208/257] Loss: 0.6699
2026/08/29 21:53:22 - __main__ - INFO - 167 - trainer - Average loss in epoch 56: 0.6890
2026/08/29 21:53:22 - __main__ - INFO - 117 - trainer - Epoch: 57
2026/08/29 21:53:22 - __main__ - INFO - 162 - trainer - [0/257] Loss: 0.6843
2026/08/29 21:53:30 - __main__ - INFO - 162 - trainer - [52/257] Loss: 0.6960
2026/08/29 21:53:38 - __main__ - INFO - 162 - trainer - [104/257] Loss: 0.6555
2026/08/29 21:53:46 - __main__ - INFO - 162 - trainer - [156/257] Loss: 0.6541
2026/08/29 21:53:54 - __main__ - INFO - 162 - trainer - [208/257] Loss: 0.6686
2026/08/29 21:54:01 - __main__ - INFO - 167 - trainer - Average loss in epoch 57: 0.6870
2026/08/29 21:54:01 - __main__ - INFO - 117 - trainer - Epoch: 58
2026/08/29 21:54:01 - __main__ - INFO - 162 - trainer - [0/257] Loss: 0.6661
2026/08/29 21:54:09 - __main__ - INFO - 162 - trainer - [52/257] Loss: 0.7045
2026/08/29 21:54:17 - __main__ - INFO - 162 - trainer - [104/257] Loss: 0.6397
2026/08/29 21:54:25 - __main__ - INFO - 162 - trainer - [156/257] Loss: 0.7171
2026/08/29 21:54:32 - __main__ - INFO - 162 - trainer - [208/257] Loss: 0.6934
2026/08/29 21:54:40 - __main__ - INFO - 167 - trainer - Average loss in epoch 58: 0.6847
2026/08/29 21:54:40 - __main__ - INFO - 117 - trainer - Epoch: 59
2026/08/29 21:54:40 - __main__ - INFO - 162 - trainer - [0/257] Loss: 0.7132
2026/08/29 21:54:47 - __main__ - INFO - 162 - trainer - [52/257] Loss: 0.7295
2026/08/29 21:54:55 - __main__ - INFO - 162 - trainer - [104/257] Loss: 0.7342
2026/08/29 21:55:03 - __main__ - INFO - 162 - trainer - [156/257] Loss: 0.7174
2026/08/29 21:55:10 - __main__ - INFO - 162 - trainer - [208/257] Loss: 0.6462
2026/08/29 21:55:18 - __main__ - INFO - 167 - trainer - Average loss in epoch 59: 0.6890
2026/08/29 21:55:18 - __main__ - INFO - 117 - trainer - Epoch: 60
2026/08/29 21:55:18 - __main__ - INFO - 162 - trainer - [0/257] Loss: 0.6586
2026/08/29 21:55:26 - __main__ - INFO - 162 - trainer - [52/257] Loss: 0.6358
2026/08/29 21:55:34 - __main__ - INFO - 162 - trainer - [104/257] Loss: 0.6806
2026/08/29 21:55:41 - __main__ - INFO - 162 - trainer - [156/257] Loss: 0.6764
2026/08/29 21:55:49 - __main__ - INFO - 162 - trainer - [208/257] Loss: 0.7522
2026/08/29 21:55:57 - __main__ - INFO - 167 - trainer - Average loss in epoch 60: 0.6883
2026/08/29 21:55:57 - __main__ - INFO - 173 - trainer - start predicting: 2026-08-29 21:55:57.109051
2026/08/29 21:57:09 - __main__ - INFO - 203 - trainer - {'Best_HR@5': np.float64(0.7205), 'Best_HR@10': np.float64(1.2426), 'Best_HR@20': np.float64(2.1932), 'Best_NDCG@5': np.float64(0.4292), 'Best_NDCG@10': np.float64(0.5977), 'Best_NDCG@20': np.float64(0.8373)}
2026/08/29 21:57:09 - __main__ - INFO - 204 - trainer - {'Best_epoch_HR@5': 60, 'Best_epoch_HR@10': 60, 'Best_epoch_HR@20': 60, 'Best_epoch_NDCG@5': 60, 'Best_epoch_NDCG@10': 60, 'Best_epoch_NDCG@20': 60}
2026/08/29 21:57:09 - __main__ - INFO - 117 - trainer - Epoch: 61
2026/08/29 21:57:09 - __main__ - INFO - 162 - trainer - [0/257] Loss: 0.6478
2026/08/29 21:57:17 - __main__ - INFO - 162 - trainer - [52/257] Loss: 0.6517
2026/08/29 21:57:24 - __main__ - INFO - 162 - trainer - [104/257] Loss: 0.6655
2026/08/29 21:57:31 - __main__ - INFO - 162 - trainer - [156/257] Loss: 0.6576
2026/08/29 21:57:38 - __main__ - INFO - 162 - trainer - [208/257] Loss: 0.7223
2026/08/29 21:57:45 - __main__ - INFO - 167 - trainer - Average loss in epoch 61: 0.6807
2026/08/29 21:57:45 - __main__ - INFO - 117 - trainer - Epoch: 62
2026/08/29 21:57:45 - __main__ - INFO - 162 - trainer - [0/257] Loss: 0.6413
2026/08/29 21:57:53 - __main__ - INFO - 162 - trainer - [52/257] Loss: 0.6607
2026/08/29 21:58:00 - __main__ - INFO - 162 - trainer - [104/257] Loss: 0.6681
2026/08/29 21:58:07 - __main__ - INFO - 162 - trainer - [156/257] Loss: 0.6468
2026/08/29 21:58:15 - __main__ - INFO - 162 - trainer - [208/257] Loss: 0.6295
2026/08/29 21:58:21 - __main__ - INFO - 167 - trainer - Average loss in epoch 62: 0.6816
2026/08/29 21:58:21 - __main__ - INFO - 117 - trainer - Epoch: 63
2026/08/29 21:58:21 - __main__ - INFO - 162 - trainer - [0/257] Loss: 0.6983
2026/08/29 21:58:29 - __main__ - INFO - 162 - trainer - [52/257] Loss: 0.7053
2026/08/29 21:58:36 - __main__ - INFO - 162 - trainer - [104/257] Loss: 0.6963
2026/08/29 21:58:44 - __main__ - INFO - 162 - trainer - [156/257] Loss: 0.6402
2026/08/29 21:58:51 - __main__ - INFO - 162 - trainer - [208/257] Loss: 0.6902
2026/08/29 21:58:58 - __main__ - INFO - 167 - trainer - Average loss in epoch 63: 0.6796
2026/08/29 21:58:58 - __main__ - INFO - 117 - trainer - Epoch: 64
2026/08/29 21:58:58 - __main__ - INFO - 162 - trainer - [0/257] Loss: 0.6236
2026/08/29 21:59:05 - __main__ - INFO - 162 - trainer - [52/257] Loss: 0.6987
2026/08/29 21:59:13 - __main__ - INFO - 162 - trainer - [104/257] Loss: 0.6759
2026/08/29 21:59:20 - __main__ - INFO - 162 - trainer - [156/257] Loss: 0.6608
2026/08/29 21:59:27 - __main__ - INFO - 162 - trainer - [208/257] Loss: 0.7167
2026/08/29 21:59:34 - __main__ - INFO - 167 - trainer - Average loss in epoch 64: 0.6789
2026/08/29 21:59:34 - __main__ - INFO - 117 - trainer - Epoch: 65
2026/08/29 21:59:35 - __main__ - INFO - 162 - trainer - [0/257] Loss: 0.6698
2026/08/29 21:59:42 - __main__ - INFO - 162 - trainer - [52/257] Loss: 0.6846
2026/08/29 21:59:49 - __main__ - INFO - 162 - trainer - [104/257] Loss: 0.6561
2026/08/29 21:59:56 - __main__ - INFO - 162 - trainer - [156/257] Loss: 0.6353
2026/08/29 22:00:03 - __main__ - INFO - 162 - trainer - [208/257] Loss: 0.6636
2026/08/29 22:00:10 - __main__ - INFO - 167 - trainer - Average loss in epoch 65: 0.6784
2026/08/29 22:00:10 - __main__ - INFO - 117 - trainer - Epoch: 66
2026/08/29 22:00:10 - __main__ - INFO - 162 - trainer - [0/257] Loss: 0.7156
2026/08/29 22:00:18 - __main__ - INFO - 162 - trainer - [52/257] Loss: 0.6620
2026/08/29 22:00:25 - __main__ - INFO - 162 - trainer - [104/257] Loss: 0.7225
2026/08/29 22:00:32 - __main__ - INFO - 162 - trainer - [156/257] Loss: 0.7361
2026/08/29 22:00:40 - __main__ - INFO - 162 - trainer - [208/257] Loss: 0.6477
2026/08/29 22:00:46 - __main__ - INFO - 167 - trainer - Average loss in epoch 66: 0.6781
2026/08/29 22:00:46 - __main__ - INFO - 117 - trainer - Epoch: 67
2026/08/29 22:00:47 - __main__ - INFO - 162 - trainer - [0/257] Loss: 0.6602
2026/08/29 22:00:54 - __main__ - INFO - 162 - trainer - [52/257] Loss: 0.6786
2026/08/29 22:01:01 - __main__ - INFO - 162 - trainer - [104/257] Loss: 0.6851
2026/08/29 22:01:08 - __main__ - INFO - 162 - trainer - [156/257] Loss: 0.6829
2026/08/29 22:01:16 - __main__ - INFO - 162 - trainer - [208/257] Loss: 0.7082
2026/08/29 22:01:22 - __main__ - INFO - 167 - trainer - Average loss in epoch 67: 0.6766
2026/08/29 22:01:22 - __main__ - INFO - 117 - trainer - Epoch: 68
2026/08/29 22:01:22 - __main__ - INFO - 162 - trainer - [0/257] Loss: 0.6391
2026/08/29 22:01:30 - __main__ - INFO - 162 - trainer - [52/257] Loss: 0.7387
2026/08/29 22:01:37 - __main__ - INFO - 162 - trainer - [104/257] Loss: 0.6661
2026/08/29 22:01:44 - __main__ - INFO - 162 - trainer - [156/257] Loss: 0.6512
2026/08/29 22:01:51 - __main__ - INFO - 162 - trainer - [208/257] Loss: 0.6782
2026/08/29 22:01:58 - __main__ - INFO - 167 - trainer - Average loss in epoch 68: 0.6728
2026/08/29 22:01:58 - __main__ - INFO - 117 - trainer - Epoch: 69
2026/08/29 22:01:58 - __main__ - INFO - 162 - trainer - [0/257] Loss: 0.6689
2026/08/29 22:02:05 - __main__ - INFO - 162 - trainer - [52/257] Loss: 0.6498
2026/08/29 22:02:13 - __main__ - INFO - 162 - trainer - [104/257] Loss: 0.6942
2026/08/29 22:02:20 - __main__ - INFO - 162 - trainer - [156/257] Loss: 0.6794
2026/08/29 22:02:27 - __main__ - INFO - 162 - trainer - [208/257] Loss: 0.7263
2026/08/29 22:02:33 - __main__ - INFO - 167 - trainer - Average loss in epoch 69: 0.6751
2026/08/29 22:02:33 - __main__ - INFO - 117 - trainer - Epoch: 70
2026/08/29 22:02:34 - __main__ - INFO - 162 - trainer - [0/257] Loss: 0.6171
2026/08/29 22:02:41 - __main__ - INFO - 162 - trainer - [52/257] Loss: 0.6599
2026/08/29 22:02:48 - __main__ - INFO - 162 - trainer - [104/257] Loss: 0.6659
2026/08/29 22:02:55 - __main__ - INFO - 162 - trainer - [156/257] Loss: 0.6734
2026/08/29 22:03:03 - __main__ - INFO - 162 - trainer - [208/257] Loss: 0.6641
2026/08/29 22:03:09 - __main__ - INFO - 167 - trainer - Average loss in epoch 70: 0.6683
2026/08/29 22:03:09 - __main__ - INFO - 117 - trainer - Epoch: 71
2026/08/29 22:03:09 - __main__ - INFO - 162 - trainer - [0/257] Loss: 0.6273
2026/08/29 22:03:16 - __main__ - INFO - 162 - trainer - [52/257] Loss: 0.6705
2026/08/29 22:03:24 - __main__ - INFO - 162 - trainer - [104/257] Loss: 0.6146
2026/08/29 22:03:31 - __main__ - INFO - 162 - trainer - [156/257] Loss: 0.7443
2026/08/29 22:03:38 - __main__ - INFO - 162 - trainer - [208/257] Loss: 0.6825
2026/08/29 22:03:45 - __main__ - INFO - 167 - trainer - Average loss in epoch 71: 0.6695
2026/08/29 22:03:45 - __main__ - INFO - 117 - trainer - Epoch: 72
2026/08/29 22:03:45 - __main__ - INFO - 162 - trainer - [0/257] Loss: 0.7056
2026/08/29 22:03:52 - __main__ - INFO - 162 - trainer - [52/257] Loss: 0.6938
2026/08/29 22:04:00 - __main__ - INFO - 162 - trainer - [104/257] Loss: 0.6759
2026/08/29 22:04:07 - __main__ - INFO - 162 - trainer - [156/257] Loss: 0.6333
2026/08/29 22:04:14 - __main__ - INFO - 162 - trainer - [208/257] Loss: 0.7225
2026/08/29 22:04:21 - __main__ - INFO - 167 - trainer - Average loss in epoch 72: 0.6692
2026/08/29 22:04:21 - __main__ - INFO - 117 - trainer - Epoch: 73
2026/08/29 22:04:21 - __main__ - INFO - 162 - trainer - [0/257] Loss: 0.6681
2026/08/29 22:04:28 - __main__ - INFO - 162 - trainer - [52/257] Loss: 0.6302
2026/08/29 22:04:35 - __main__ - INFO - 162 - trainer - [104/257] Loss: 0.6330
2026/08/29 22:04:43 - __main__ - INFO - 162 - trainer - [156/257] Loss: 0.6772
2026/08/29 22:04:50 - __main__ - INFO - 162 - trainer - [208/257] Loss: 0.6718
2026/08/29 22:04:56 - __main__ - INFO - 167 - trainer - Average loss in epoch 73: 0.6662
2026/08/29 22:04:56 - __main__ - INFO - 117 - trainer - Epoch: 74
2026/08/29 22:04:56 - __main__ - INFO - 162 - trainer - [0/257] Loss: 0.6381
2026/08/29 22:05:04 - __main__ - INFO - 162 - trainer - [52/257] Loss: 0.6740
2026/08/29 22:05:11 - __main__ - INFO - 162 - trainer - [104/257] Loss: 0.7400
2026/08/29 22:05:18 - __main__ - INFO - 162 - trainer - [156/257] Loss: 0.7475
2026/08/29 22:05:25 - __main__ - INFO - 162 - trainer - [208/257] Loss: 0.6909
2026/08/29 22:05:32 - __main__ - INFO - 167 - trainer - Average loss in epoch 74: 0.6683
2026/08/29 22:05:32 - __main__ - INFO - 117 - trainer - Epoch: 75
2026/08/29 22:05:32 - __main__ - INFO - 162 - trainer - [0/257] Loss: 0.6425
2026/08/29 22:05:39 - __main__ - INFO - 162 - trainer - [52/257] Loss: 0.6736
2026/08/29 22:05:46 - __main__ - INFO - 162 - trainer - [104/257] Loss: 0.6443
2026/08/29 22:05:54 - __main__ - INFO - 162 - trainer - [156/257] Loss: 0.6751
2026/08/29 22:06:01 - __main__ - INFO - 162 - trainer - [208/257] Loss: 0.6866
2026/08/29 22:06:08 - __main__ - INFO - 167 - trainer - Average loss in epoch 75: 0.6636
2026/08/29 22:06:08 - __main__ - INFO - 117 - trainer - Epoch: 76
2026/08/29 22:06:08 - __main__ - INFO - 162 - trainer - [0/257] Loss: 0.6218
2026/08/29 22:06:15 - __main__ - INFO - 162 - trainer - [52/257] Loss: 0.6613
2026/08/29 22:06:23 - __main__ - INFO - 162 - trainer - [104/257] Loss: 0.6653
2026/08/29 22:06:30 - __main__ - INFO - 162 - trainer - [156/257] Loss: 0.6577
2026/08/29 22:06:37 - __main__ - INFO - 162 - trainer - [208/257] Loss: 0.6464
2026/08/29 22:06:44 - __main__ - INFO - 167 - trainer - Average loss in epoch 76: 0.6669
2026/08/29 22:06:44 - __main__ - INFO - 117 - trainer - Epoch: 77
2026/08/29 22:06:44 - __main__ - INFO - 162 - trainer - [0/257] Loss: 0.6688
2026/08/29 22:06:51 - __main__ - INFO - 162 - trainer - [52/257] Loss: 0.6363
2026/08/29 22:06:58 - __main__ - INFO - 162 - trainer - [104/257] Loss: 0.6382
2026/08/29 22:07:05 - __main__ - INFO - 162 - trainer - [156/257] Loss: 0.6953
2026/08/29 22:07:13 - __main__ - INFO - 162 - trainer - [208/257] Loss: 0.6729
2026/08/29 22:07:19 - __main__ - INFO - 167 - trainer - Average loss in epoch 77: 0.6634
2026/08/29 22:07:19 - __main__ - INFO - 117 - trainer - Epoch: 78
2026/08/29 22:07:19 - __main__ - INFO - 162 - trainer - [0/257] Loss: 0.6625
2026/08/29 22:07:27 - __main__ - INFO - 162 - trainer - [52/257] Loss: 0.6497
2026/08/29 22:07:34 - __main__ - INFO - 162 - trainer - [104/257] Loss: 0.6237
2026/08/29 22:07:41 - __main__ - INFO - 162 - trainer - [156/257] Loss: 0.7067
2026/08/29 22:07:49 - __main__ - INFO - 162 - trainer - [208/257] Loss: 0.7131
2026/08/29 22:07:55 - __main__ - INFO - 167 - trainer - Average loss in epoch 78: 0.6628
2026/08/29 22:07:55 - __main__ - INFO - 117 - trainer - Epoch: 79
2026/08/29 22:07:55 - __main__ - INFO - 162 - trainer - [0/257] Loss: 0.6368
2026/08/29 22:08:03 - __main__ - INFO - 162 - trainer - [52/257] Loss: 0.6878
2026/08/29 22:08:10 - __main__ - INFO - 162 - trainer - [104/257] Loss: 0.6951
2026/08/29 22:08:17 - __main__ - INFO - 162 - trainer - [156/257] Loss: 0.7018
2026/08/29 22:08:25 - __main__ - INFO - 162 - trainer - [208/257] Loss: 0.6035
2026/08/29 22:08:31 - __main__ - INFO - 167 - trainer - Average loss in epoch 79: 0.6601
2026/08/29 22:08:31 - __main__ - INFO - 117 - trainer - Epoch: 80
2026/08/29 22:08:31 - __main__ - INFO - 162 - trainer - [0/257] Loss: 0.6684
2026/08/29 22:08:39 - __main__ - INFO - 162 - trainer - [52/257] Loss: 0.6596
2026/08/29 22:08:46 - __main__ - INFO - 162 - trainer - [104/257] Loss: 0.6984
2026/08/29 22:08:53 - __main__ - INFO - 162 - trainer - [156/257] Loss: 0.6835
2026/08/29 22:09:01 - __main__ - INFO - 162 - trainer - [208/257] Loss: 0.7199
2026/08/29 22:09:08 - __main__ - INFO - 167 - trainer - Average loss in epoch 80: 0.6624
2026/08/29 22:09:08 - __main__ - INFO - 173 - trainer - start predicting: 2026-08-29 22:09:08.028820
2026/08/29 22:10:11 - __main__ - INFO - 203 - trainer - {'Best_HR@5': np.float64(0.8072), 'Best_HR@10': np.float64(1.5501), 'Best_HR@20': np.float64(2.6836), 'Best_NDCG@5': np.float64(0.5016), 'Best_NDCG@10': np.float64(0.738), 'Best_NDCG@20': np.float64(1.023)}
2026/08/29 22:10:11 - __main__ - INFO - 204 - trainer - {'Best_epoch_HR@5': 80, 'Best_epoch_HR@10': 80, 'Best_epoch_HR@20': 80, 'Best_epoch_NDCG@5': 80, 'Best_epoch_NDCG@10': 80, 'Best_epoch_NDCG@20': 80}
2026/08/29 22:10:11 - __main__ - INFO - 117 - trainer - Epoch: 81
2026/08/29 22:10:11 - __main__ - INFO - 162 - trainer - [0/257] Loss: 0.6374
2026/08/29 22:10:19 - __main__ - INFO - 162 - trainer - [52/257] Loss: 0.7006
2026/08/29 22:10:26 - __main__ - INFO - 162 - trainer - [104/257] Loss: 0.6136
2026/08/29 22:10:33 - __main__ - INFO - 162 - trainer - [156/257] Loss: 0.6504
2026/08/29 22:10:41 - __main__ - INFO - 162 - trainer - [208/257] Loss: 0.6019
2026/08/29 22:10:47 - __main__ - INFO - 167 - trainer - Average loss in epoch 81: 0.6602
2026/08/29 22:10:47 - __main__ - INFO - 117 - trainer - Epoch: 82
2026/08/29 22:10:48 - __main__ - INFO - 162 - trainer - [0/257] Loss: 0.6567
2026/08/29 22:10:55 - __main__ - INFO - 162 - trainer - [52/257] Loss: 0.6375
2026/08/29 22:11:03 - __main__ - INFO - 162 - trainer - [104/257] Loss: 0.6660
2026/08/29 22:11:11 - __main__ - INFO - 162 - trainer - [156/257] Loss: 0.6767
2026/08/29 22:11:18 - __main__ - INFO - 162 - trainer - [208/257] Loss: 0.6525
2026/08/29 22:11:25 - __main__ - INFO - 167 - trainer - Average loss in epoch 82: 0.6592
2026/08/29 22:11:25 - __main__ - INFO - 117 - trainer - Epoch: 83
2026/08/29 22:11:25 - __main__ - INFO - 162 - trainer - [0/257] Loss: 0.6514
2026/08/29 22:11:33 - __main__ - INFO - 162 - trainer - [52/257] Loss: 0.6120
2026/08/29 22:11:40 - __main__ - INFO - 162 - trainer - [104/257] Loss: 0.6290
2026/08/29 22:11:48 - __main__ - INFO - 162 - trainer - [156/257] Loss: 0.6665
2026/08/29 22:11:55 - __main__ - INFO - 162 - trainer - [208/257] Loss: 0.6611
2026/08/29 22:12:02 - __main__ - INFO - 167 - trainer - Average loss in epoch 83: 0.6575
2026/08/29 22:12:02 - __main__ - INFO - 117 - trainer - Epoch: 84
2026/08/29 22:12:02 - __main__ - INFO - 162 - trainer - [0/257] Loss: 0.6475
2026/08/29 22:12:10 - __main__ - INFO - 162 - trainer - [52/257] Loss: 0.6436
2026/08/29 22:12:18 - __main__ - INFO - 162 - trainer - [104/257] Loss: 0.6670
2026/08/29 22:12:25 - __main__ - INFO - 162 - trainer - [156/257] Loss: 0.6873
2026/08/29 22:12:33 - __main__ - INFO - 162 - trainer - [208/257] Loss: 0.6090
2026/08/29 22:12:40 - __main__ - INFO - 167 - trainer - Average loss in epoch 84: 0.6584
2026/08/29 22:12:40 - __main__ - INFO - 117 - trainer - Epoch: 85
2026/08/29 22:12:40 - __main__ - INFO - 162 - trainer - [0/257] Loss: 0.6493
2026/08/29 22:12:48 - __main__ - INFO - 162 - trainer - [52/257] Loss: 0.6853
2026/08/29 22:12:55 - __main__ - INFO - 162 - trainer - [104/257] Loss: 0.6579
2026/08/29 22:13:03 - __main__ - INFO - 162 - trainer - [156/257] Loss: 0.6109
2026/08/29 22:13:11 - __main__ - INFO - 162 - trainer - [208/257] Loss: 0.6568
2026/08/29 22:13:18 - __main__ - INFO - 167 - trainer - Average loss in epoch 85: 0.6566
2026/08/29 22:13:18 - __main__ - INFO - 117 - trainer - Epoch: 86
2026/08/29 22:13:18 - __main__ - INFO - 162 - trainer - [0/257] Loss: 0.6448
2026/08/29 22:13:25 - __main__ - INFO - 162 - trainer - [52/257] Loss: 0.6130
2026/08/29 22:13:33 - __main__ - INFO - 162 - trainer - [104/257] Loss: 0.7033
2026/08/29 22:13:41 - __main__ - INFO - 162 - trainer - [156/257] Loss: 0.6333
2026/08/29 22:13:48 - __main__ - INFO - 162 - trainer - [208/257] Loss: 0.6286
2026/08/29 22:13:56 - __main__ - INFO - 167 - trainer - Average loss in epoch 86: 0.6524
2026/08/29 22:13:56 - __main__ - INFO - 117 - trainer - Epoch: 87
2026/08/29 22:13:56 - __main__ - INFO - 162 - trainer - [0/257] Loss: 0.6635
2026/08/29 22:14:03 - __main__ - INFO - 162 - trainer - [52/257] Loss: 0.6612
2026/08/29 22:14:11 - __main__ - INFO - 162 - trainer - [104/257] Loss: 0.6610
2026/08/29 22:14:19 - __main__ - INFO - 162 - trainer - [156/257] Loss: 0.6777
2026/08/29 22:14:26 - __main__ - INFO - 162 - trainer - [208/257] Loss: 0.6924
2026/08/29 22:14:33 - __main__ - INFO - 167 - trainer - Average loss in epoch 87: 0.6515
2026/08/29 22:14:33 - __main__ - INFO - 117 - trainer - Epoch: 88
2026/08/29 22:14:34 - __main__ - INFO - 162 - trainer - [0/257] Loss: 0.6626
2026/08/29 22:14:41 - __main__ - INFO - 162 - trainer - [52/257] Loss: 0.7220
2026/08/29 22:14:49 - __main__ - INFO - 162 - trainer - [104/257] Loss: 0.6467
2026/08/29 22:14:57 - __main__ - INFO - 162 - trainer - [156/257] Loss: 0.6395
2026/08/29 22:15:05 - __main__ - INFO - 162 - trainer - [208/257] Loss: 0.7106
2026/08/29 22:15:12 - __main__ - INFO - 167 - trainer - Average loss in epoch 88: 0.6557
2026/08/29 22:15:12 - __main__ - INFO - 117 - trainer - Epoch: 89
2026/08/29 22:15:12 - __main__ - INFO - 162 - trainer - [0/257] Loss: 0.6693
2026/08/29 22:15:19 - __main__ - INFO - 162 - trainer - [52/257] Loss: 0.6892
2026/08/29 22:15:27 - __main__ - INFO - 162 - trainer - [104/257] Loss: 0.6697
2026/08/29 22:15:35 - __main__ - INFO - 162 - trainer - [156/257] Loss: 0.6457
2026/08/29 22:15:42 - __main__ - INFO - 162 - trainer - [208/257] Loss: 0.6791
2026/08/29 22:15:50 - __main__ - INFO - 167 - trainer - Average loss in epoch 89: 0.6538
2026/08/29 22:15:50 - __main__ - INFO - 117 - trainer - Epoch: 90
2026/08/29 22:15:50 - __main__ - INFO - 162 - trainer - [0/257] Loss: 0.6277
2026/08/29 22:15:57 - __main__ - INFO - 162 - trainer - [52/257] Loss: 0.6535
2026/08/29 22:16:05 - __main__ - INFO - 162 - trainer - [104/257] Loss: 0.6565
2026/08/29 22:16:13 - __main__ - INFO - 162 - trainer - [156/257] Loss: 0.6738
2026/08/29 22:16:21 - __main__ - INFO - 162 - trainer - [208/257] Loss: 0.6761
2026/08/29 22:16:28 - __main__ - INFO - 167 - trainer - Average loss in epoch 90: 0.6511
2026/08/29 22:16:28 - __main__ - INFO - 117 - trainer - Epoch: 91
2026/08/29 22:16:28 - __main__ - INFO - 162 - trainer - [0/257] Loss: 0.6583
2026/08/29 22:16:35 - __main__ - INFO - 162 - trainer - [52/257] Loss: 0.6142
2026/08/29 22:16:43 - __main__ - INFO - 162 - trainer - [104/257] Loss: 0.6734
2026/08/29 22:16:50 - __main__ - INFO - 162 - trainer - [156/257] Loss: 0.6743
2026/08/29 22:16:58 - __main__ - INFO - 162 - trainer - [208/257] Loss: 0.6506
2026/08/29 22:17:05 - __main__ - INFO - 167 - trainer - Average loss in epoch 91: 0.6485
2026/08/29 22:17:05 - __main__ - INFO - 117 - trainer - Epoch: 92
2026/08/29 22:17:05 - __main__ - INFO - 162 - trainer - [0/257] Loss: 0.6647
2026/08/29 22:17:13 - __main__ - INFO - 162 - trainer - [52/257] Loss: 0.6374
2026/08/29 22:17:20 - __main__ - INFO - 162 - trainer - [104/257] Loss: 0.6566
2026/08/29 22:17:28 - __main__ - INFO - 162 - trainer - [156/257] Loss: 0.6502
2026/08/29 22:17:35 - __main__ - INFO - 162 - trainer - [208/257] Loss: 0.6927
2026/08/29 22:17:42 - __main__ - INFO - 167 - trainer - Average loss in epoch 92: 0.6486
2026/08/29 22:17:42 - __main__ - INFO - 117 - trainer - Epoch: 93
2026/08/29 22:17:42 - __main__ - INFO - 162 - trainer - [0/257] Loss: 0.6328
2026/08/29 22:17:50 - __main__ - INFO - 162 - trainer - [52/257] Loss: 0.6509
2026/08/29 22:17:57 - __main__ - INFO - 162 - trainer - [104/257] Loss: 0.6814
2026/08/29 22:18:05 - __main__ - INFO - 162 - trainer - [156/257] Loss: 0.6307
2026/08/29 22:18:12 - __main__ - INFO - 162 - trainer - [208/257] Loss: 0.5998
2026/08/29 22:18:19 - __main__ - INFO - 167 - trainer - Average loss in epoch 93: 0.6486
2026/08/29 22:18:19 - __main__ - INFO - 117 - trainer - Epoch: 94
2026/08/29 22:18:19 - __main__ - INFO - 162 - trainer - [0/257] Loss: 0.6221
2026/08/29 22:18:26 - __main__ - INFO - 162 - trainer - [52/257] Loss: 0.6467
2026/08/29 22:18:33 - __main__ - INFO - 162 - trainer - [104/257] Loss: 0.6335
2026/08/29 22:18:41 - __main__ - INFO - 162 - trainer - [156/257] Loss: 0.5510
2026/08/29 22:18:48 - __main__ - INFO - 162 - trainer - [208/257] Loss: 0.6605
2026/08/29 22:18:55 - __main__ - INFO - 167 - trainer - Average loss in epoch 94: 0.6522
2026/08/29 22:18:55 - __main__ - INFO - 117 - trainer - Epoch: 95
2026/08/29 22:18:55 - __main__ - INFO - 162 - trainer - [0/257] Loss: 0.6681
2026/08/29 22:19:02 - __main__ - INFO - 162 - trainer - [52/257] Loss: 0.5930
2026/08/29 22:19:10 - __main__ - INFO - 162 - trainer - [104/257] Loss: 0.6392
2026/08/29 22:19:17 - __main__ - INFO - 162 - trainer - [156/257] Loss: 0.7225
2026/08/29 22:19:25 - __main__ - INFO - 162 - trainer - [208/257] Loss: 0.6600
2026/08/29 22:19:32 - __main__ - INFO - 167 - trainer - Average loss in epoch 95: 0.6484
2026/08/29 22:19:32 - __main__ - INFO - 117 - trainer - Epoch: 96
2026/08/29 22:19:32 - __main__ - INFO - 162 - trainer - [0/257] Loss: 0.6238
2026/08/29 22:19:39 - __main__ - INFO - 162 - trainer - [52/257] Loss: 0.6280
2026/08/29 22:19:47 - __main__ - INFO - 162 - trainer - [104/257] Loss: 0.5967
2026/08/29 22:19:54 - __main__ - INFO - 162 - trainer - [156/257] Loss: 0.6392
2026/08/29 22:20:01 - __main__ - INFO - 162 - trainer - [208/257] Loss: 0.6368
2026/08/29 22:20:08 - __main__ - INFO - 167 - trainer - Average loss in epoch 96: 0.6479
2026/08/29 22:20:08 - __main__ - INFO - 117 - trainer - Epoch: 97
2026/08/29 22:20:08 - __main__ - INFO - 162 - trainer - [0/257] Loss: 0.6542
2026/08/29 22:20:15 - __main__ - INFO - 162 - trainer - [52/257] Loss: 0.6979
2026/08/29 22:20:23 - __main__ - INFO - 162 - trainer - [104/257] Loss: 0.6339
2026/08/29 22:20:30 - __main__ - INFO - 162 - trainer - [156/257] Loss: 0.6623
2026/08/29 22:20:38 - __main__ - INFO - 162 - trainer - [208/257] Loss: 0.6182
2026/08/29 22:20:44 - __main__ - INFO - 167 - trainer - Average loss in epoch 97: 0.6491
2026/08/29 22:20:44 - __main__ - INFO - 117 - trainer - Epoch: 98
2026/08/29 22:20:45 - __main__ - INFO - 162 - trainer - [0/257] Loss: 0.6443
2026/08/29 22:20:52 - __main__ - INFO - 162 - trainer - [52/257] Loss: 0.6161
2026/08/29 22:20:59 - __main__ - INFO - 162 - trainer - [104/257] Loss: 0.5781
2026/08/29 22:21:07 - __main__ - INFO - 162 - trainer - [156/257] Loss: 0.6229
2026/08/29 22:21:14 - __main__ - INFO - 162 - trainer - [208/257] Loss: 0.6654
2026/08/29 22:21:21 - __main__ - INFO - 167 - trainer - Average loss in epoch 98: 0.6469
2026/08/29 22:21:21 - __main__ - INFO - 117 - trainer - Epoch: 99
2026/08/29 22:21:21 - __main__ - INFO - 162 - trainer - [0/257] Loss: 0.6255
2026/08/29 22:21:28 - __main__ - INFO - 162 - trainer - [52/257] Loss: 0.7109
2026/08/29 22:21:36 - __main__ - INFO - 162 - trainer - [104/257] Loss: 0.6779
2026/08/29 22:21:44 - __main__ - INFO - 162 - trainer - [156/257] Loss: 0.6163
2026/08/29 22:21:51 - __main__ - INFO - 162 - trainer - [208/257] Loss: 0.6473
2026/08/29 22:21:58 - __main__ - INFO - 167 - trainer - Average loss in epoch 99: 0.6452
2026/08/29 22:21:58 - __main__ - INFO - 117 - trainer - Epoch: 100
2026/08/29 22:21:58 - __main__ - INFO - 162 - trainer - [0/257] Loss: 0.6695
2026/08/29 22:22:06 - __main__ - INFO - 162 - trainer - [52/257] Loss: 0.6250
2026/08/29 22:22:13 - __main__ - INFO - 162 - trainer - [104/257] Loss: 0.5547
2026/08/29 22:22:20 - __main__ - INFO - 162 - trainer - [156/257] Loss: 0.6357
2026/08/29 22:22:28 - __main__ - INFO - 162 - trainer - [208/257] Loss: 0.6383
2026/08/29 22:22:35 - __main__ - INFO - 167 - trainer - Average loss in epoch 100: 0.6402
2026/08/29 22:22:35 - __main__ - INFO - 173 - trainer - start predicting: 2026-08-29 22:22:35.108427
2026/08/29 22:23:42 - __main__ - INFO - 203 - trainer - {'Best_HR@5': np.float64(0.913), 'Best_HR@10': np.float64(1.6919), 'Best_HR@20': np.float64(2.9468), 'Best_NDCG@5': np.float64(0.5733), 'Best_NDCG@10': np.float64(0.8238), 'Best_NDCG@20': np.float64(1.1363)}
2026/08/29 22:23:42 - __main__ - INFO - 204 - trainer - {'Best_epoch_HR@5': 100, 'Best_epoch_HR@10': 100, 'Best_epoch_HR@20': 100, 'Best_epoch_NDCG@5': 100, 'Best_epoch_NDCG@10': 100, 'Best_epoch_NDCG@20': 100}
2026/08/29 22:23:42 - __main__ - INFO - 117 - trainer - Epoch: 101
2026/08/29 22:23:43 - __main__ - INFO - 162 - trainer - [0/257] Loss: 0.6264
2026/08/29 22:23:50 - __main__ - INFO - 162 - trainer - [52/257] Loss: 0.7070
2026/08/29 22:23:57 - __main__ - INFO - 162 - trainer - [104/257] Loss: 0.6234
2026/08/29 22:24:04 - __main__ - INFO - 162 - trainer - [156/257] Loss: 0.7077
2026/08/29 22:24:11 - __main__ - INFO - 162 - trainer - [208/257] Loss: 0.6562
2026/08/29 22:24:17 - __main__ - INFO - 167 - trainer - Average loss in epoch 101: 0.6320
2026/08/29 22:24:17 - __main__ - INFO - 117 - trainer - Epoch: 102
2026/08/29 22:24:17 - __main__ - INFO - 162 - trainer - [0/257] Loss: 0.6646
2026/08/29 22:24:25 - __main__ - INFO - 162 - trainer - [52/257] Loss: 0.5934
2026/08/29 22:24:33 - __main__ - INFO - 162 - trainer - [104/257] Loss: 0.5786
2026/08/29 22:24:40 - __main__ - INFO - 162 - trainer - [156/257] Loss: 0.6225
2026/08/29 22:24:48 - __main__ - INFO - 162 - trainer - [208/257] Loss: 0.6036
2026/08/29 22:24:55 - __main__ - INFO - 167 - trainer - Average loss in epoch 102: 0.6327
2026/08/29 22:24:55 - __main__ - INFO - 117 - trainer - Epoch: 103
2026/08/29 22:24:55 - __main__ - INFO - 162 - trainer - [0/257] Loss: 0.6688
2026/08/29 22:25:02 - __main__ - INFO - 162 - trainer - [52/257] Loss: 0.6671
2026/08/29 22:25:10 - __main__ - INFO - 162 - trainer - [104/257] Loss: 0.6427
2026/08/29 22:25:17 - __main__ - INFO - 162 - trainer - [156/257] Loss: 0.6935
2026/08/29 22:25:25 - __main__ - INFO - 162 - trainer - [208/257] Loss: 0.6697
2026/08/29 22:25:32 - __main__ - INFO - 167 - trainer - Average loss in epoch 103: 0.6315
2026/08/29 22:25:32 - __main__ - INFO - 117 - trainer - Epoch: 104
2026/08/29 22:25:32 - __main__ - INFO - 162 - trainer - [0/257] Loss: 0.6462
2026/08/29 22:25:40 - __main__ - INFO - 162 - trainer - [52/257] Loss: 0.6314
2026/08/29 22:25:47 - __main__ - INFO - 162 - trainer - [104/257] Loss: 0.6431
2026/08/29 22:25:55 - __main__ - INFO - 162 - trainer - [156/257] Loss: 0.6357
2026/08/29 22:26:02 - __main__ - INFO - 162 - trainer - [208/257] Loss: 0.6330
2026/08/29 22:26:09 - __main__ - INFO - 167 - trainer - Average loss in epoch 104: 0.6286
2026/08/29 22:26:09 - __main__ - INFO - 117 - trainer - Epoch: 105
2026/08/29 22:26:09 - __main__ - INFO - 162 - trainer - [0/257] Loss: 0.6728
2026/08/29 22:26:16 - __main__ - INFO - 162 - trainer - [52/257] Loss: 0.6166
2026/08/29 22:26:24 - __main__ - INFO - 162 - trainer - [104/257] Loss: 0.6449
2026/08/29 22:26:31 - __main__ - INFO - 162 - trainer - [156/257] Loss: 0.6680
2026/08/29 22:26:38 - __main__ - INFO - 162 - trainer - [208/257] Loss: 0.6311
2026/08/29 22:26:45 - __main__ - INFO - 167 - trainer - Average loss in epoch 105: 0.6332
2026/08/29 22:26:45 - __main__ - INFO - 117 - trainer - Epoch: 106
2026/08/29 22:26:45 - __main__ - INFO - 162 - trainer - [0/257] Loss: 0.5887
2026/08/29 22:26:52 - __main__ - INFO - 162 - trainer - [52/257] Loss: 0.5549
2026/08/29 22:27:00 - __main__ - INFO - 162 - trainer - [104/257] Loss: 0.5837
2026/08/29 22:27:07 - __main__ - INFO - 162 - trainer - [156/257] Loss: 0.6201
2026/08/29 22:27:14 - __main__ - INFO - 162 - trainer - [208/257] Loss: 0.6649
2026/08/29 22:27:21 - __main__ - INFO - 167 - trainer - Average loss in epoch 106: 0.6316
2026/08/29 22:27:21 - __main__ - INFO - 117 - trainer - Epoch: 107
2026/08/29 22:27:21 - __main__ - INFO - 162 - trainer - [0/257] Loss: 0.6223
2026/08/29 22:27:28 - __main__ - INFO - 162 - trainer - [52/257] Loss: 0.6277
2026/08/29 22:27:35 - __main__ - INFO - 162 - trainer - [104/257] Loss: 0.6307
2026/08/29 22:27:41 - __main__ - INFO - 162 - trainer - [156/257] Loss: 0.6013
2026/08/29 22:27:48 - __main__ - INFO - 162 - trainer - [208/257] Loss: 0.6061
2026/08/29 22:27:55 - __main__ - INFO - 167 - trainer - Average loss in epoch 107: 0.6308
2026/08/29 22:27:55 - __main__ - INFO - 117 - trainer - Epoch: 108
2026/08/29 22:27:55 - __main__ - INFO - 162 - trainer - [0/257] Loss: 0.6490
2026/08/29 22:28:02 - __main__ - INFO - 162 - trainer - [52/257] Loss: 0.6821
2026/08/29 22:28:09 - __main__ - INFO - 162 - trainer - [104/257] Loss: 0.6567
2026/08/29 22:28:15 - __main__ - INFO - 162 - trainer - [156/257] Loss: 0.6130
2026/08/29 22:28:22 - __main__ - INFO - 162 - trainer - [208/257] Loss: 0.6342
2026/08/29 22:28:28 - __main__ - INFO - 167 - trainer - Average loss in epoch 108: 0.6355
2026/08/29 22:28:28 - __main__ - INFO - 117 - trainer - Epoch: 109
2026/08/29 22:28:29 - __main__ - INFO - 162 - trainer - [0/257] Loss: 0.5972
2026/08/29 22:28:36 - __main__ - INFO - 162 - trainer - [52/257] Loss: 0.6022
2026/08/29 22:28:43 - __main__ - INFO - 162 - trainer - [104/257] Loss: 0.6662
2026/08/29 22:28:51 - __main__ - INFO - 162 - trainer - [156/257] Loss: 0.6242
2026/08/29 22:28:58 - __main__ - INFO - 162 - trainer - [208/257] Loss: 0.6657
2026/08/29 22:29:05 - __main__ - INFO - 167 - trainer - Average loss in epoch 109: 0.6306
2026/08/29 22:29:05 - __main__ - INFO - 117 - trainer - Epoch: 110
2026/08/29 22:29:05 - __main__ - INFO - 162 - trainer - [0/257] Loss: 0.6410
2026/08/29 22:29:12 - __main__ - INFO - 162 - trainer - [52/257] Loss: 0.6147
2026/08/29 22:29:20 - __main__ - INFO - 162 - trainer - [104/257] Loss: 0.6720
2026/08/29 22:29:27 - __main__ - INFO - 162 - trainer - [156/257] Loss: 0.5934
2026/08/29 22:29:34 - __main__ - INFO - 162 - trainer - [208/257] Loss: 0.6320
2026/08/29 22:29:41 - __main__ - INFO - 167 - trainer - Average loss in epoch 110: 0.6311
2026/08/29 22:29:41 - __main__ - INFO - 117 - trainer - Epoch: 111
2026/08/29 22:29:41 - __main__ - INFO - 162 - trainer - [0/257] Loss: 0.6296
2026/08/29 22:29:48 - __main__ - INFO - 162 - trainer - [52/257] Loss: 0.6464
2026/08/29 22:29:56 - __main__ - INFO - 162 - trainer - [104/257] Loss: 0.6325
2026/08/29 22:30:03 - __main__ - INFO - 162 - trainer - [156/257] Loss: 0.6201
2026/08/29 22:30:10 - __main__ - INFO - 162 - trainer - [208/257] Loss: 0.6182
2026/08/29 22:30:17 - __main__ - INFO - 167 - trainer - Average loss in epoch 111: 0.6281
2026/08/29 22:30:17 - __main__ - INFO - 117 - trainer - Epoch: 112
2026/08/29 22:30:17 - __main__ - INFO - 162 - trainer - [0/257] Loss: 0.6751
2026/08/29 22:30:25 - __main__ - INFO - 162 - trainer - [52/257] Loss: 0.6840
2026/08/29 22:30:32 - __main__ - INFO - 162 - trainer - [104/257] Loss: 0.6679
2026/08/29 22:30:39 - __main__ - INFO - 162 - trainer - [156/257] Loss: 0.6253
2026/08/29 22:30:47 - __main__ - INFO - 162 - trainer - [208/257] Loss: 0.6372
2026/08/29 22:30:54 - __main__ - INFO - 167 - trainer - Average loss in epoch 112: 0.6264
2026/08/29 22:30:54 - __main__ - INFO - 117 - trainer - Epoch: 113
2026/08/29 22:30:54 - __main__ - INFO - 162 - trainer - [0/257] Loss: 0.5961
2026/08/29 22:31:01 - __main__ - INFO - 162 - trainer - [52/257] Loss: 0.6408
2026/08/29 22:31:08 - __main__ - INFO - 162 - trainer - [104/257] Loss: 0.6706
2026/08/29 22:31:16 - __main__ - INFO - 162 - trainer - [156/257] Loss: 0.6758
2026/08/29 22:31:23 - __main__ - INFO - 162 - trainer - [208/257] Loss: 0.6323
2026/08/29 22:31:30 - __main__ - INFO - 167 - trainer - Average loss in epoch 113: 0.6310
2026/08/29 22:31:30 - __main__ - INFO - 117 - trainer - Epoch: 114
2026/08/29 22:31:30 - __main__ - INFO - 162 - trainer - [0/257] Loss: 0.6321
2026/08/29 22:31:37 - __main__ - INFO - 162 - trainer - [52/257] Loss: 0.6309
2026/08/29 22:31:45 - __main__ - INFO - 162 - trainer - [104/257] Loss: 0.6536
2026/08/29 22:31:52 - __main__ - INFO - 162 - trainer - [156/257] Loss: 0.6298
2026/08/29 22:31:59 - __main__ - INFO - 162 - trainer - [208/257] Loss: 0.6681
2026/08/29 22:32:06 - __main__ - INFO - 167 - trainer - Average loss in epoch 114: 0.6294
2026/08/29 22:32:06 - __main__ - INFO - 117 - trainer - Epoch: 115
2026/08/29 22:32:06 - __main__ - INFO - 162 - trainer - [0/257] Loss: 0.5998
2026/08/29 22:32:14 - __main__ - INFO - 162 - trainer - [52/257] Loss: 0.6308
2026/08/29 22:32:21 - __main__ - INFO - 162 - trainer - [104/257] Loss: 0.5929
2026/08/29 22:32:28 - __main__ - INFO - 162 - trainer - [156/257] Loss: 0.6251
2026/08/29 22:32:35 - __main__ - INFO - 162 - trainer - [208/257] Loss: 0.5876
2026/08/29 22:32:42 - __main__ - INFO - 167 - trainer - Average loss in epoch 115: 0.6289
2026/08/29 22:32:42 - __main__ - INFO - 117 - trainer - Epoch: 116
2026/08/29 22:32:42 - __main__ - INFO - 162 - trainer - [0/257] Loss: 0.6447
2026/08/29 22:32:49 - __main__ - INFO - 162 - trainer - [52/257] Loss: 0.6250
2026/08/29 22:32:57 - __main__ - INFO - 162 - trainer - [104/257] Loss: 0.6243
2026/08/29 22:33:04 - __main__ - INFO - 162 - trainer - [156/257] Loss: 0.5673
2026/08/29 22:33:11 - __main__ - INFO - 162 - trainer - [208/257] Loss: 0.6096
2026/08/29 22:33:18 - __main__ - INFO - 167 - trainer - Average loss in epoch 116: 0.6296
2026/08/29 22:33:18 - __main__ - INFO - 117 - trainer - Epoch: 117
2026/08/29 22:33:18 - __main__ - INFO - 162 - trainer - [0/257] Loss: 0.6067
2026/08/29 22:33:26 - __main__ - INFO - 162 - trainer - [52/257] Loss: 0.6066
2026/08/29 22:33:33 - __main__ - INFO - 162 - trainer - [104/257] Loss: 0.6081
2026/08/29 22:33:40 - __main__ - INFO - 162 - trainer - [156/257] Loss: 0.6550
2026/08/29 22:33:47 - __main__ - INFO - 162 - trainer - [208/257] Loss: 0.6499
2026/08/29 22:33:54 - __main__ - INFO - 167 - trainer - Average loss in epoch 117: 0.6264
2026/08/29 22:33:54 - __main__ - INFO - 117 - trainer - Epoch: 118
2026/08/29 22:33:54 - __main__ - INFO - 162 - trainer - [0/257] Loss: 0.6155
2026/08/29 22:34:02 - __main__ - INFO - 162 - trainer - [52/257] Loss: 0.6120
2026/08/29 22:34:09 - __main__ - INFO - 162 - trainer - [104/257] Loss: 0.6774
2026/08/29 22:34:16 - __main__ - INFO - 162 - trainer - [156/257] Loss: 0.6382
2026/08/29 22:34:24 - __main__ - INFO - 162 - trainer - [208/257] Loss: 0.6546
2026/08/29 22:34:30 - __main__ - INFO - 167 - trainer - Average loss in epoch 118: 0.6290
2026/08/29 22:34:30 - __main__ - INFO - 117 - trainer - Epoch: 119
2026/08/29 22:34:31 - __main__ - INFO - 162 - trainer - [0/257] Loss: 0.6019
2026/08/29 22:34:38 - __main__ - INFO - 162 - trainer - [52/257] Loss: 0.5912
2026/08/29 22:34:45 - __main__ - INFO - 162 - trainer - [104/257] Loss: 0.6328
2026/08/29 22:34:52 - __main__ - INFO - 162 - trainer - [156/257] Loss: 0.6194
2026/08/29 22:35:00 - __main__ - INFO - 162 - trainer - [208/257] Loss: 0.6610
2026/08/29 22:35:07 - __main__ - INFO - 167 - trainer - Average loss in epoch 119: 0.6318
2026/08/29 22:35:07 - __main__ - INFO - 117 - trainer - Epoch: 120
2026/08/29 22:35:07 - __main__ - INFO - 162 - trainer - [0/257] Loss: 0.6685
2026/08/29 22:35:14 - __main__ - INFO - 162 - trainer - [52/257] Loss: 0.5936
2026/08/29 22:35:21 - __main__ - INFO - 162 - trainer - [104/257] Loss: 0.7001
2026/08/29 22:35:29 - __main__ - INFO - 162 - trainer - [156/257] Loss: 0.6321
2026/08/29 22:35:36 - __main__ - INFO - 162 - trainer - [208/257] Loss: 0.6314
2026/08/29 22:35:43 - __main__ - INFO - 167 - trainer - Average loss in epoch 120: 0.6310
2026/08/29 22:35:43 - __main__ - INFO - 173 - trainer - start predicting: 2026-08-29 22:35:43.350289
2026/08/29 22:36:52 - __main__ - INFO - 203 - trainer - {'Best_HR@5': np.float64(0.9502), 'Best_HR@10': np.float64(1.6919), 'Best_HR@20': np.float64(2.9468), 'Best_NDCG@5': np.float64(0.5733), 'Best_NDCG@10': np.float64(0.8238), 'Best_NDCG@20': np.float64(1.1363)}
2026/08/29 22:36:52 - __main__ - INFO - 204 - trainer - {'Best_epoch_HR@5': 120, 'Best_epoch_HR@10': 100, 'Best_epoch_HR@20': 100, 'Best_epoch_NDCG@5': 100, 'Best_epoch_NDCG@10': 100, 'Best_epoch_NDCG@20': 100}
2026/08/29 22:36:52 - __main__ - INFO - 117 - trainer - Epoch: 121
2026/08/29 22:36:52 - __main__ - INFO - 162 - trainer - [0/257] Loss: 0.5890
2026/08/29 22:36:59 - __main__ - INFO - 162 - trainer - [52/257] Loss: 0.6310
2026/08/29 22:37:07 - __main__ - INFO - 162 - trainer - [104/257] Loss: 0.5705
2026/08/29 22:37:14 - __main__ - INFO - 162 - trainer - [156/257] Loss: 0.5865
2026/08/29 22:37:22 - __main__ - INFO - 162 - trainer - [208/257] Loss: 0.6218
2026/08/29 22:37:29 - __main__ - INFO - 167 - trainer - Average loss in epoch 121: 0.6285
2026/08/29 22:37:29 - __main__ - INFO - 117 - trainer - Epoch: 122
2026/08/29 22:37:29 - __main__ - INFO - 162 - trainer - [0/257] Loss: 0.6162
2026/08/29 22:37:36 - __main__ - INFO - 162 - trainer - [52/257] Loss: 0.6493
2026/08/29 22:37:44 - __main__ - INFO - 162 - trainer - [104/257] Loss: 0.5923
2026/08/29 22:37:51 - __main__ - INFO - 162 - trainer - [156/257] Loss: 0.6868
2026/08/29 22:37:59 - __main__ - INFO - 162 - trainer - [208/257] Loss: 0.6689
2026/08/29 22:38:05 - __main__ - INFO - 167 - trainer - Average loss in epoch 122: 0.6280
2026/08/29 22:38:05 - __main__ - INFO - 117 - trainer - Epoch: 123
2026/08/29 22:38:05 - __main__ - INFO - 162 - trainer - [0/257] Loss: 0.6131
2026/08/29 22:38:13 - __main__ - INFO - 162 - trainer - [52/257] Loss: 0.6750
2026/08/29 22:38:20 - __main__ - INFO - 162 - trainer - [104/257] Loss: 0.5594
2026/08/29 22:38:28 - __main__ - INFO - 162 - trainer - [156/257] Loss: 0.6565
2026/08/29 22:38:35 - __main__ - INFO - 162 - trainer - [208/257] Loss: 0.5812
2026/08/29 22:38:42 - __main__ - INFO - 167 - trainer - Average loss in epoch 123: 0.6268
2026/08/29 22:38:42 - __main__ - INFO - 117 - trainer - Epoch: 124
2026/08/29 22:38:42 - __main__ - INFO - 162 - trainer - [0/257] Loss: 0.6658
2026/08/29 22:38:49 - __main__ - INFO - 162 - trainer - [52/257] Loss: 0.6528
2026/08/29 22:38:57 - __main__ - INFO - 162 - trainer - [104/257] Loss: 0.5691
2026/08/29 22:39:04 - __main__ - INFO - 162 - trainer - [156/257] Loss: 0.6529
2026/08/29 22:39:11 - __main__ - INFO - 162 - trainer - [208/257] Loss: 0.6006
2026/08/29 22:39:18 - __main__ - INFO - 167 - trainer - Average loss in epoch 124: 0.6266
2026/08/29 22:39:18 - __main__ - INFO - 117 - trainer - Epoch: 125
2026/08/29 22:39:18 - __main__ - INFO - 162 - trainer - [0/257] Loss: 0.5890
2026/08/29 22:39:25 - __main__ - INFO - 162 - trainer - [52/257] Loss: 0.6062
2026/08/29 22:39:33 - __main__ - INFO - 162 - trainer - [104/257] Loss: 0.6364
2026/08/29 22:39:40 - __main__ - INFO - 162 - trainer - [156/257] Loss: 0.6000
2026/08/29 22:39:47 - __main__ - INFO - 162 - trainer - [208/257] Loss: 0.6340
2026/08/29 22:39:54 - __main__ - INFO - 167 - trainer - Average loss in epoch 125: 0.6293
2026/08/29 22:39:54 - __main__ - INFO - 117 - trainer - Epoch: 126
2026/08/29 22:39:54 - __main__ - INFO - 162 - trainer - [0/257] Loss: 0.6631
2026/08/29 22:40:02 - __main__ - INFO - 162 - trainer - [52/257] Loss: 0.5764
2026/08/29 22:40:09 - __main__ - INFO - 162 - trainer - [104/257] Loss: 0.6930
2026/08/29 22:40:17 - __main__ - INFO - 162 - trainer - [156/257] Loss: 0.6515
2026/08/29 22:40:24 - __main__ - INFO - 162 - trainer - [208/257] Loss: 0.6330
2026/08/29 22:40:31 - __main__ - INFO - 167 - trainer - Average loss in epoch 126: 0.6270
2026/08/29 22:40:31 - __main__ - INFO - 117 - trainer - Epoch: 127
2026/08/29 22:40:31 - __main__ - INFO - 162 - trainer - [0/257] Loss: 0.6018
2026/08/29 22:40:38 - __main__ - INFO - 162 - trainer - [52/257] Loss: 0.6171
2026/08/29 22:40:45 - __main__ - INFO - 162 - trainer - [104/257] Loss: 0.6297
2026/08/29 22:40:53 - __main__ - INFO - 162 - trainer - [156/257] Loss: 0.6544
2026/08/29 22:41:00 - __main__ - INFO - 162 - trainer - [208/257] Loss: 0.6110
2026/08/29 22:41:07 - __main__ - INFO - 167 - trainer - Average loss in epoch 127: 0.6257
2026/08/29 22:41:07 - __main__ - INFO - 117 - trainer - Epoch: 128
2026/08/29 22:41:07 - __main__ - INFO - 162 - trainer - [0/257] Loss: 0.6479
2026/08/29 22:41:14 - __main__ - INFO - 162 - trainer - [52/257] Loss: 0.5856
2026/08/29 22:41:22 - __main__ - INFO - 162 - trainer - [104/257] Loss: 0.6775
2026/08/29 22:41:29 - __main__ - INFO - 162 - trainer - [156/257] Loss: 0.5703
2026/08/29 22:41:36 - __main__ - INFO - 162 - trainer - [208/257] Loss: 0.6400
2026/08/29 22:41:43 - __main__ - INFO - 167 - trainer - Average loss in epoch 128: 0.6246
2026/08/29 22:41:43 - __main__ - INFO - 117 - trainer - Epoch: 129
2026/08/29 22:41:43 - __main__ - INFO - 162 - trainer - [0/257] Loss: 0.6257
2026/08/29 22:41:50 - __main__ - INFO - 162 - trainer - [52/257] Loss: 0.6567
2026/08/29 22:41:58 - __main__ - INFO - 162 - trainer - [104/257] Loss: 0.6365
2026/08/29 22:42:05 - __main__ - INFO - 162 - trainer - [156/257] Loss: 0.6787
2026/08/29 22:42:12 - __main__ - INFO - 162 - trainer - [208/257] Loss: 0.6179
2026/08/29 22:42:19 - __main__ - INFO - 167 - trainer - Average loss in epoch 129: 0.6287
2026/08/29 22:42:19 - __main__ - INFO - 117 - trainer - Epoch: 130
2026/08/29 22:42:19 - __main__ - INFO - 162 - trainer - [0/257] Loss: 0.5961
2026/08/29 22:42:26 - __main__ - INFO - 162 - trainer - [52/257] Loss: 0.6418
2026/08/29 22:42:34 - __main__ - INFO - 162 - trainer - [104/257] Loss: 0.5933
2026/08/29 22:42:41 - __main__ - INFO - 162 - trainer - [156/257] Loss: 0.6240
2026/08/29 22:42:48 - __main__ - INFO - 162 - trainer - [208/257] Loss: 0.6389
2026/08/29 22:42:55 - __main__ - INFO - 167 - trainer - Average loss in epoch 130: 0.6261
2026/08/29 22:42:55 - __main__ - INFO - 117 - trainer - Epoch: 131
2026/08/29 22:42:55 - __main__ - INFO - 162 - trainer - [0/257] Loss: 0.6206
2026/08/29 22:43:02 - __main__ - INFO - 162 - trainer - [52/257] Loss: 0.6534
2026/08/29 22:43:10 - __main__ - INFO - 162 - trainer - [104/257] Loss: 0.5968
2026/08/29 22:43:17 - __main__ - INFO - 162 - trainer - [156/257] Loss: 0.6139
2026/08/29 22:43:24 - __main__ - INFO - 162 - trainer - [208/257] Loss: 0.6298
2026/08/29 22:43:31 - __main__ - INFO - 167 - trainer - Average loss in epoch 131: 0.6263
2026/08/29 22:43:31 - __main__ - INFO - 117 - trainer - Epoch: 132
2026/08/29 22:43:31 - __main__ - INFO - 162 - trainer - [0/257] Loss: 0.6169
2026/08/29 22:43:38 - __main__ - INFO - 162 - trainer - [52/257] Loss: 0.6508
2026/08/29 22:43:46 - __main__ - INFO - 162 - trainer - [104/257] Loss: 0.6612
2026/08/29 22:43:53 - __main__ - INFO - 162 - trainer - [156/257] Loss: 0.6224
2026/08/29 22:44:00 - __main__ - INFO - 162 - trainer - [208/257] Loss: 0.6596
2026/08/29 22:44:07 - __main__ - INFO - 167 - trainer - Average loss in epoch 132: 0.6255
2026/08/29 22:44:07 - __main__ - INFO - 117 - trainer - Epoch: 133
2026/08/29 22:44:07 - __main__ - INFO - 162 - trainer - [0/257] Loss: 0.6161
2026/08/29 22:44:15 - __main__ - INFO - 162 - trainer - [52/257] Loss: 0.6429
2026/08/29 22:44:22 - __main__ - INFO - 162 - trainer - [104/257] Loss: 0.5863
2026/08/29 22:44:29 - __main__ - INFO - 162 - trainer - [156/257] Loss: 0.6240
2026/08/29 22:44:37 - __main__ - INFO - 162 - trainer - [208/257] Loss: 0.6182
2026/08/29 22:44:43 - __main__ - INFO - 167 - trainer - Average loss in epoch 133: 0.6261
2026/08/29 22:44:43 - __main__ - INFO - 117 - trainer - Epoch: 134
2026/08/29 22:44:44 - __main__ - INFO - 162 - trainer - [0/257] Loss: 0.6069
2026/08/29 22:44:51 - __main__ - INFO - 162 - trainer - [52/257] Loss: 0.6259
2026/08/29 22:44:58 - __main__ - INFO - 162 - trainer - [104/257] Loss: 0.6074
2026/08/29 22:45:06 - __main__ - INFO - 162 - trainer - [156/257] Loss: 0.6458
2026/08/29 22:45:13 - __main__ - INFO - 162 - trainer - [208/257] Loss: 0.6089
2026/08/29 22:45:20 - __main__ - INFO - 167 - trainer - Average loss in epoch 134: 0.6268
2026/08/29 22:45:20 - __main__ - INFO - 117 - trainer - Epoch: 135
2026/08/29 22:45:20 - __main__ - INFO - 162 - trainer - [0/257] Loss: 0.5795
2026/08/29 22:45:27 - __main__ - INFO - 162 - trainer - [52/257] Loss: 0.6382
2026/08/29 22:45:35 - __main__ - INFO - 162 - trainer - [104/257] Loss: 0.6084
2026/08/29 22:45:42 - __main__ - INFO - 162 - trainer - [156/257] Loss: 0.6298
2026/08/29 22:45:49 - __main__ - INFO - 162 - trainer - [208/257] Loss: 0.6301
2026/08/29 22:45:56 - __main__ - INFO - 167 - trainer - Average loss in epoch 135: 0.6256
2026/08/29 22:45:56 - __main__ - INFO - 117 - trainer - Epoch: 136
2026/08/29 22:45:56 - __main__ - INFO - 162 - trainer - [0/257] Loss: 0.6397
2026/08/29 22:46:03 - __main__ - INFO - 162 - trainer - [52/257] Loss: 0.5896
2026/08/29 22:46:11 - __main__ - INFO - 162 - trainer - [104/257] Loss: 0.6087
2026/08/29 22:46:18 - __main__ - INFO - 162 - trainer - [156/257] Loss: 0.6616
2026/08/29 22:46:25 - __main__ - INFO - 162 - trainer - [208/257] Loss: 0.6133
2026/08/29 22:46:32 - __main__ - INFO - 167 - trainer - Average loss in epoch 136: 0.6246
2026/08/29 22:46:32 - __main__ - INFO - 117 - trainer - Epoch: 137
2026/08/29 22:46:32 - __main__ - INFO - 162 - trainer - [0/257] Loss: 0.6042
2026/08/29 22:46:39 - __main__ - INFO - 162 - trainer - [52/257] Loss: 0.5805
2026/08/29 22:46:47 - __main__ - INFO - 162 - trainer - [104/257] Loss: 0.6303
2026/08/29 22:46:54 - __main__ - INFO - 162 - trainer - [156/257] Loss: 0.6128
2026/08/29 22:47:01 - __main__ - INFO - 162 - trainer - [208/257] Loss: 0.6456
2026/08/29 22:47:08 - __main__ - INFO - 167 - trainer - Average loss in epoch 137: 0.6235
2026/08/29 22:47:08 - __main__ - INFO - 117 - trainer - Epoch: 138
2026/08/29 22:47:08 - __main__ - INFO - 162 - trainer - [0/257] Loss: 0.6018
2026/08/29 22:47:16 - __main__ - INFO - 162 - trainer - [52/257] Loss: 0.6257
2026/08/29 22:47:23 - __main__ - INFO - 162 - trainer - [104/257] Loss: 0.6463
2026/08/29 22:47:31 - __main__ - INFO - 162 - trainer - [156/257] Loss: 0.6561
2026/08/29 22:47:38 - __main__ - INFO - 162 - trainer - [208/257] Loss: 0.5634
2026/08/29 22:47:45 - __main__ - INFO - 167 - trainer - Average loss in epoch 138: 0.6245
2026/08/29 22:47:45 - __main__ - INFO - 117 - trainer - Epoch: 139
2026/08/29 22:47:45 - __main__ - INFO - 162 - trainer - [0/257] Loss: 0.5802
2026/08/29 22:47:52 - __main__ - INFO - 162 - trainer - [52/257] Loss: 0.6394
2026/08/29 22:48:00 - __main__ - INFO - 162 - trainer - [104/257] Loss: 0.6210
2026/08/29 22:48:07 - __main__ - INFO - 162 - trainer - [156/257] Loss: 0.6223
2026/08/29 22:48:15 - __main__ - INFO - 162 - trainer - [208/257] Loss: 0.6776
2026/08/29 22:48:21 - __main__ - INFO - 167 - trainer - Average loss in epoch 139: 0.6245
2026/08/29 22:48:21 - __main__ - INFO - 117 - trainer - Epoch: 140
2026/08/29 22:48:22 - __main__ - INFO - 162 - trainer - [0/257] Loss: 0.6488
2026/08/29 22:48:29 - __main__ - INFO - 162 - trainer - [52/257] Loss: 0.6283
2026/08/29 22:48:36 - __main__ - INFO - 162 - trainer - [104/257] Loss: 0.6405
2026/08/29 22:48:44 - __main__ - INFO - 162 - trainer - [156/257] Loss: 0.6606
2026/08/29 22:48:51 - __main__ - INFO - 162 - trainer - [208/257] Loss: 0.6430
2026/08/29 22:48:58 - __main__ - INFO - 167 - trainer - Average loss in epoch 140: 0.6290
2026/08/29 22:48:58 - __main__ - INFO - 173 - trainer - start predicting: 2026-08-29 22:48:58.154016
2026/08/29 22:49:59 - __main__ - INFO - 203 - trainer - {'Best_HR@5': np.float64(0.9627), 'Best_HR@10': np.float64(1.8295), 'Best_HR@20': np.float64(3.101), 'Best_NDCG@5': np.float64(0.5961), 'Best_NDCG@10': np.float64(0.8745), 'Best_NDCG@20': np.float64(1.1954)}
2026/08/29 22:49:59 - __main__ - INFO - 204 - trainer - {'Best_epoch_HR@5': 140, 'Best_epoch_HR@10': 140, 'Best_epoch_HR@20': 140, 'Best_epoch_NDCG@5': 140, 'Best_epoch_NDCG@10': 140, 'Best_epoch_NDCG@20': 140}
2026/08/29 22:49:59 - __main__ - INFO - 117 - trainer - Epoch: 141
2026/08/29 22:49:59 - __main__ - INFO - 162 - trainer - [0/257] Loss: 0.6430
2026/08/29 22:50:06 - __main__ - INFO - 162 - trainer - [52/257] Loss: 0.6298
2026/08/29 22:50:13 - __main__ - INFO - 162 - trainer - [104/257] Loss: 0.6198
2026/08/29 22:50:21 - __main__ - INFO - 162 - trainer - [156/257] Loss: 0.5540
2026/08/29 22:50:28 - __main__ - INFO - 162 - trainer - [208/257] Loss: 0.6547
2026/08/29 22:50:34 - __main__ - INFO - 167 - trainer - Average loss in epoch 141: 0.6250
2026/08/29 22:50:34 - __main__ - INFO - 117 - trainer - Epoch: 142
2026/08/29 22:50:34 - __main__ - INFO - 162 - trainer - [0/257] Loss: 0.6079
2026/08/29 22:50:43 - __main__ - INFO - 162 - trainer - [52/257] Loss: 0.5892
2026/08/29 22:50:50 - __main__ - INFO - 162 - trainer - [104/257] Loss: 0.6575
2026/08/29 22:50:58 - __main__ - INFO - 162 - trainer - [156/257] Loss: 0.5804
2026/08/29 22:51:06 - __main__ - INFO - 162 - trainer - [208/257] Loss: 0.6405
2026/08/29 22:51:13 - __main__ - INFO - 167 - trainer - Average loss in epoch 142: 0.6243
2026/08/29 22:51:13 - __main__ - INFO - 117 - trainer - Epoch: 143
2026/08/29 22:51:13 - __main__ - INFO - 162 - trainer - [0/257] Loss: 0.5690
2026/08/29 22:51:21 - __main__ - INFO - 162 - trainer - [52/257] Loss: 0.6296
2026/08/29 22:51:29 - __main__ - INFO - 162 - trainer - [104/257] Loss: 0.5900
2026/08/29 22:51:37 - __main__ - INFO - 162 - trainer - [156/257] Loss: 0.6474
2026/08/29 22:51:44 - __main__ - INFO - 162 - trainer - [208/257] Loss: 0.6156
2026/08/29 22:51:51 - __main__ - INFO - 167 - trainer - Average loss in epoch 143: 0.6243
2026/08/29 22:51:51 - __main__ - INFO - 117 - trainer - Epoch: 144
2026/08/29 22:51:51 - __main__ - INFO - 162 - trainer - [0/257] Loss: 0.5930
2026/08/29 22:51:58 - __main__ - INFO - 162 - trainer - [52/257] Loss: 0.6771
2026/08/29 22:52:06 - __main__ - INFO - 162 - trainer - [104/257] Loss: 0.6600
2026/08/29 22:52:13 - __main__ - INFO - 162 - trainer - [156/257] Loss: 0.6363
2026/08/29 22:52:20 - __main__ - INFO - 162 - trainer - [208/257] Loss: 0.6313
2026/08/29 22:52:27 - __main__ - INFO - 167 - trainer - Average loss in epoch 144: 0.6255
2026/08/29 22:52:27 - __main__ - INFO - 117 - trainer - Epoch: 145
2026/08/29 22:52:27 - __main__ - INFO - 162 - trainer - [0/257] Loss: 0.5997
2026/08/29 22:52:34 - __main__ - INFO - 162 - trainer - [52/257] Loss: 0.5997
2026/08/29 22:52:42 - __main__ - INFO - 162 - trainer - [104/257] Loss: 0.6257
2026/08/29 22:52:49 - __main__ - INFO - 162 - trainer - [156/257] Loss: 0.5908
2026/08/29 22:52:56 - __main__ - INFO - 162 - trainer - [208/257] Loss: 0.6372
2026/08/29 22:53:03 - __main__ - INFO - 167 - trainer - Average loss in epoch 145: 0.6235
2026/08/29 22:53:03 - __main__ - INFO - 117 - trainer - Epoch: 146
2026/08/29 22:53:03 - __main__ - INFO - 162 - trainer - [0/257] Loss: 0.6749
2026/08/29 22:53:10 - __main__ - INFO - 162 - trainer - [52/257] Loss: 0.6006
2026/08/29 22:53:18 - __main__ - INFO - 162 - trainer - [104/257] Loss: 0.6309
2026/08/29 22:53:25 - __main__ - INFO - 162 - trainer - [156/257] Loss: 0.6043
2026/08/29 22:53:33 - __main__ - INFO - 162 - trainer - [208/257] Loss: 0.6249
2026/08/29 22:53:39 - __main__ - INFO - 167 - trainer - Average loss in epoch 146: 0.6252
2026/08/29 22:53:39 - __main__ - INFO - 117 - trainer - Epoch: 147
2026/08/29 22:53:39 - __main__ - INFO - 162 - trainer - [0/257] Loss: 0.6125
2026/08/29 22:53:47 - __main__ - INFO - 162 - trainer - [52/257] Loss: 0.5860
2026/08/29 22:53:54 - __main__ - INFO - 162 - trainer - [104/257] Loss: 0.6597
2026/08/29 22:54:01 - __main__ - INFO - 162 - trainer - [156/257] Loss: 0.6084
2026/08/29 22:54:09 - __main__ - INFO - 162 - trainer - [208/257] Loss: 0.6918
2026/08/29 22:54:15 - __main__ - INFO - 167 - trainer - Average loss in epoch 147: 0.6230
2026/08/29 22:54:15 - __main__ - INFO - 117 - trainer - Epoch: 148
2026/08/29 22:54:16 - __main__ - INFO - 162 - trainer - [0/257] Loss: 0.6236
2026/08/29 22:54:23 - __main__ - INFO - 162 - trainer - [52/257] Loss: 0.6527
2026/08/29 22:54:30 - __main__ - INFO - 162 - trainer - [104/257] Loss: 0.6041
2026/08/29 22:54:38 - __main__ - INFO - 162 - trainer - [156/257] Loss: 0.6428
2026/08/29 22:54:45 - __main__ - INFO - 162 - trainer - [208/257] Loss: 0.6521
2026/08/29 22:54:51 - __main__ - INFO - 167 - trainer - Average loss in epoch 148: 0.6263
2026/08/29 22:54:51 - __main__ - INFO - 117 - trainer - Epoch: 149
2026/08/29 22:54:52 - __main__ - INFO - 162 - trainer - [0/257] Loss: 0.5962
2026/08/29 22:54:59 - __main__ - INFO - 162 - trainer - [52/257] Loss: 0.6728
2026/08/29 22:55:06 - __main__ - INFO - 162 - trainer - [104/257] Loss: 0.6037
2026/08/29 22:55:13 - __main__ - INFO - 162 - trainer - [156/257] Loss: 0.6831
2026/08/29 22:55:21 - __main__ - INFO - 162 - trainer - [208/257] Loss: 0.6382
2026/08/29 22:55:27 - __main__ - INFO - 167 - trainer - Average loss in epoch 149: 0.6205
2026/08/29 22:55:27 - __main__ - INFO - 117 - trainer - Epoch: 150
2026/08/29 22:55:28 - __main__ - INFO - 162 - trainer - [0/257] Loss: 0.5755
2026/08/29 22:55:35 - __main__ - INFO - 162 - trainer - [52/257] Loss: 0.6311
2026/08/29 22:55:43 - __main__ - INFO - 162 - trainer - [104/257] Loss: 0.5746
2026/08/29 22:55:50 - __main__ - INFO - 162 - trainer - [156/257] Loss: 0.6299
2026/08/29 22:55:57 - __main__ - INFO - 162 - trainer - [208/257] Loss: 0.6222
2026/08/29 22:56:04 - __main__ - INFO - 167 - trainer - Average loss in epoch 150: 0.6250
2026/08/29 22:56:04 - __main__ - INFO - 117 - trainer - Epoch: 151
2026/08/29 22:56:04 - __main__ - INFO - 162 - trainer - [0/257] Loss: 0.6150
2026/08/29 22:56:12 - __main__ - INFO - 162 - trainer - [52/257] Loss: 0.6193
2026/08/29 22:56:19 - __main__ - INFO - 162 - trainer - [104/257] Loss: 0.6898
2026/08/29 22:56:26 - __main__ - INFO - 162 - trainer - [156/257] Loss: 0.6053
2026/08/29 22:56:34 - __main__ - INFO - 162 - trainer - [208/257] Loss: 0.6579
2026/08/29 22:56:40 - __main__ - INFO - 167 - trainer - Average loss in epoch 151: 0.6226
2026/08/29 22:56:40 - __main__ - INFO - 117 - trainer - Epoch: 152
2026/08/29 22:56:40 - __main__ - INFO - 162 - trainer - [0/257] Loss: 0.6740
2026/08/29 22:56:48 - __main__ - INFO - 162 - trainer - [52/257] Loss: 0.6983
2026/08/29 22:56:55 - __main__ - INFO - 162 - trainer - [104/257] Loss: 0.6158
2026/08/29 22:57:03 - __main__ - INFO - 162 - trainer - [156/257] Loss: 0.6292
2026/08/29 22:57:10 - __main__ - INFO - 162 - trainer - [208/257] Loss: 0.6415
2026/08/29 22:57:17 - __main__ - INFO - 167 - trainer - Average loss in epoch 152: 0.6271
2026/08/29 22:57:17 - __main__ - INFO - 117 - trainer - Epoch: 153
2026/08/29 22:57:17 - __main__ - INFO - 162 - trainer - [0/257] Loss: 0.5637
2026/08/29 22:57:24 - __main__ - INFO - 162 - trainer - [52/257] Loss: 0.6636
2026/08/29 22:57:31 - __main__ - INFO - 162 - trainer - [104/257] Loss: 0.6412
2026/08/29 22:57:39 - __main__ - INFO - 162 - trainer - [156/257] Loss: 0.6010
2026/08/29 22:57:46 - __main__ - INFO - 162 - trainer - [208/257] Loss: 0.5869
2026/08/29 22:57:53 - __main__ - INFO - 167 - trainer - Average loss in epoch 153: 0.6239
2026/08/29 22:57:53 - __main__ - INFO - 117 - trainer - Epoch: 154
2026/08/29 22:57:53 - __main__ - INFO - 162 - trainer - [0/257] Loss: 0.6206
2026/08/29 22:58:00 - __main__ - INFO - 162 - trainer - [52/257] Loss: 0.6076
2026/08/29 22:58:08 - __main__ - INFO - 162 - trainer - [104/257] Loss: 0.5982
2026/08/29 22:58:15 - __main__ - INFO - 162 - trainer - [156/257] Loss: 0.6360
2026/08/29 22:58:22 - __main__ - INFO - 162 - trainer - [208/257] Loss: 0.6471
2026/08/29 22:58:29 - __main__ - INFO - 167 - trainer - Average loss in epoch 154: 0.6244
2026/08/29 22:58:29 - __main__ - INFO - 117 - trainer - Epoch: 155
2026/08/29 22:58:29 - __main__ - INFO - 162 - trainer - [0/257] Loss: 0.5794
2026/08/29 22:58:37 - __main__ - INFO - 162 - trainer - [52/257] Loss: 0.6315
2026/08/29 22:58:44 - __main__ - INFO - 162 - trainer - [104/257] Loss: 0.6472
2026/08/29 22:58:52 - __main__ - INFO - 162 - trainer - [156/257] Loss: 0.6001
2026/08/29 22:58:59 - __main__ - INFO - 162 - trainer - [208/257] Loss: 0.6038
2026/08/29 22:59:06 - __main__ - INFO - 167 - trainer - Average loss in epoch 155: 0.6232
2026/08/29 22:59:06 - __main__ - INFO - 117 - trainer - Epoch: 156
2026/08/29 22:59:06 - __main__ - INFO - 162 - trainer - [0/257] Loss: 0.6250
2026/08/29 22:59:13 - __main__ - INFO - 162 - trainer - [52/257] Loss: 0.5798
2026/08/29 22:59:20 - __main__ - INFO - 162 - trainer - [104/257] Loss: 0.6323
2026/08/29 22:59:28 - __main__ - INFO - 162 - trainer - [156/257] Loss: 0.5878
2026/08/29 22:59:35 - __main__ - INFO - 162 - trainer - [208/257] Loss: 0.5948
2026/08/29 22:59:42 - __main__ - INFO - 167 - trainer - Average loss in epoch 156: 0.6220
2026/08/29 22:59:42 - __main__ - INFO - 117 - trainer - Epoch: 157
2026/08/29 22:59:42 - __main__ - INFO - 162 - trainer - [0/257] Loss: 0.5903
2026/08/29 22:59:49 - __main__ - INFO - 162 - trainer - [52/257] Loss: 0.6038
2026/08/29 22:59:57 - __main__ - INFO - 162 - trainer - [104/257] Loss: 0.6159
2026/08/29 23:00:04 - __main__ - INFO - 162 - trainer - [156/257] Loss: 0.5781
2026/08/29 23:00:12 - __main__ - INFO - 162 - trainer - [208/257] Loss: 0.6739
2026/08/29 23:00:18 - __main__ - INFO - 167 - trainer - Average loss in epoch 157: 0.6255
2026/08/29 23:00:18 - __main__ - INFO - 117 - trainer - Epoch: 158
2026/08/29 23:00:19 - __main__ - INFO - 162 - trainer - [0/257] Loss: 0.6434
2026/08/29 23:00:26 - __main__ - INFO - 162 - trainer - [52/257] Loss: 0.6050
2026/08/29 23:00:33 - __main__ - INFO - 162 - trainer - [104/257] Loss: 0.6178
2026/08/29 23:00:41 - __main__ - INFO - 162 - trainer - [156/257] Loss: 0.6460
2026/08/29 23:00:48 - __main__ - INFO - 162 - trainer - [208/257] Loss: 0.6172
2026/08/29 23:00:55 - __main__ - INFO - 167 - trainer - Average loss in epoch 158: 0.6244
2026/08/29 23:00:55 - __main__ - INFO - 117 - trainer - Epoch: 159
2026/08/29 23:00:55 - __main__ - INFO - 162 - trainer - [0/257] Loss: 0.5678
2026/08/29 23:01:02 - __main__ - INFO - 162 - trainer - [52/257] Loss: 0.6079
2026/08/29 23:01:10 - __main__ - INFO - 162 - trainer - [104/257] Loss: 0.6287
2026/08/29 23:01:17 - __main__ - INFO - 162 - trainer - [156/257] Loss: 0.6186
2026/08/29 23:01:24 - __main__ - INFO - 162 - trainer - [208/257] Loss: 0.6663
2026/08/29 23:01:31 - __main__ - INFO - 167 - trainer - Average loss in epoch 159: 0.6237
2026/08/29 23:01:31 - __main__ - INFO - 117 - trainer - Epoch: 160
2026/08/29 23:01:31 - __main__ - INFO - 162 - trainer - [0/257] Loss: 0.5743
2026/08/29 23:01:39 - __main__ - INFO - 162 - trainer - [52/257] Loss: 0.6349
2026/08/29 23:01:46 - __main__ - INFO - 162 - trainer - [104/257] Loss: 0.6789
2026/08/29 23:01:53 - __main__ - INFO - 162 - trainer - [156/257] Loss: 0.6303
2026/08/29 23:02:01 - __main__ - INFO - 162 - trainer - [208/257] Loss: 0.6312
2026/08/29 23:02:07 - __main__ - INFO - 167 - trainer - Average loss in epoch 160: 0.6232
2026/08/29 23:02:07 - __main__ - INFO - 173 - trainer - start predicting: 2026-08-29 23:02:07.991115
2026/08/29 23:03:13 - __main__ - INFO - 203 - trainer - {'Best_HR@5': np.float64(1.0154), 'Best_HR@10': np.float64(1.8652), 'Best_HR@20': np.float64(3.1098), 'Best_NDCG@5': np.float64(0.6052), 'Best_NDCG@10': np.float64(0.8745), 'Best_NDCG@20': np.float64(1.1954)}
2026/08/29 23:03:13 - __main__ - INFO - 204 - trainer - {'Best_epoch_HR@5': 160, 'Best_epoch_HR@10': 160, 'Best_epoch_HR@20': 160, 'Best_epoch_NDCG@5': 160, 'Best_epoch_NDCG@10': 140, 'Best_epoch_NDCG@20': 140}
2026/08/29 23:03:13 - __main__ - INFO - 117 - trainer - Epoch: 161
2026/08/29 23:03:13 - __main__ - INFO - 162 - trainer - [0/257] Loss: 0.5463
2026/08/29 23:03:20 - __main__ - INFO - 162 - trainer - [52/257] Loss: 0.6509
2026/08/29 23:03:27 - __main__ - INFO - 162 - trainer - [104/257] Loss: 0.6222
2026/08/29 23:03:34 - __main__ - INFO - 162 - trainer - [156/257] Loss: 0.6477
2026/08/29 23:03:41 - __main__ - INFO - 162 - trainer - [208/257] Loss: 0.5604
2026/08/29 23:03:48 - __main__ - INFO - 167 - trainer - Average loss in epoch 161: 0.6225
2026/08/29 23:03:48 - __main__ - INFO - 117 - trainer - Epoch: 162
2026/08/29 23:03:48 - __main__ - INFO - 162 - trainer - [0/257] Loss: 0.5872
2026/08/29 23:03:56 - __main__ - INFO - 162 - trainer - [52/257] Loss: 0.6233
2026/08/29 23:04:03 - __main__ - INFO - 162 - trainer - [104/257] Loss: 0.6464
2026/08/29 23:04:10 - __main__ - INFO - 162 - trainer - [156/257] Loss: 0.5907
2026/08/29 23:04:18 - __main__ - INFO - 162 - trainer - [208/257] Loss: 0.6305
2026/08/29 23:04:25 - __main__ - INFO - 167 - trainer - Average loss in epoch 162: 0.6225
2026/08/29 23:04:25 - __main__ - INFO - 117 - trainer - Epoch: 163
2026/08/29 23:04:25 - __main__ - INFO - 162 - trainer - [0/257] Loss: 0.6310
2026/08/29 23:04:32 - __main__ - INFO - 162 - trainer - [52/257] Loss: 0.6248
2026/08/29 23:04:40 - __main__ - INFO - 162 - trainer - [104/257] Loss: 0.6140
2026/08/29 23:04:47 - __main__ - INFO - 162 - trainer - [156/257] Loss: 0.6197
2026/08/29 23:04:54 - __main__ - INFO - 162 - trainer - [208/257] Loss: 0.6766
2026/08/29 23:05:01 - __main__ - INFO - 167 - trainer - Average loss in epoch 163: 0.6235
2026/08/29 23:05:01 - __main__ - INFO - 117 - trainer - Epoch: 164
2026/08/29 23:05:01 - __main__ - INFO - 162 - trainer - [0/257] Loss: 0.5821
2026/08/29 23:05:09 - __main__ - INFO - 162 - trainer - [52/257] Loss: 0.6497
2026/08/29 23:05:16 - __main__ - INFO - 162 - trainer - [104/257] Loss: 0.6297
2026/08/29 23:05:24 - __main__ - INFO - 162 - trainer - [156/257] Loss: 0.6461
2026/08/29 23:05:31 - __main__ - INFO - 162 - trainer - [208/257] Loss: 0.6689
2026/08/29 23:05:38 - __main__ - INFO - 167 - trainer - Average loss in epoch 164: 0.6207
2026/08/29 23:05:38 - __main__ - INFO - 117 - trainer - Epoch: 165
2026/08/29 23:05:38 - __main__ - INFO - 162 - trainer - [0/257] Loss: 0.6676
2026/08/29 23:05:45 - __main__ - INFO - 162 - trainer - [52/257] Loss: 0.6489
2026/08/29 23:05:53 - __main__ - INFO - 162 - trainer - [104/257] Loss: 0.5992
2026/08/29 23:06:00 - __main__ - INFO - 162 - trainer - [156/257] Loss: 0.5869
2026/08/29 23:06:07 - __main__ - INFO - 162 - trainer - [208/257] Loss: 0.6153
2026/08/29 23:06:14 - __main__ - INFO - 167 - trainer - Average loss in epoch 165: 0.6214
2026/08/29 23:06:14 - __main__ - INFO - 117 - trainer - Epoch: 166
2026/08/29 23:06:14 - __main__ - INFO - 162 - trainer - [0/257] Loss: 0.6647
2026/08/29 23:06:22 - __main__ - INFO - 162 - trainer - [52/257] Loss: 0.5853
2026/08/29 23:06:29 - __main__ - INFO - 162 - trainer - [104/257] Loss: 0.6441
2026/08/29 23:06:37 - __main__ - INFO - 162 - trainer - [156/257] Loss: 0.6078
2026/08/29 23:06:44 - __main__ - INFO - 162 - trainer - [208/257] Loss: 0.6608
2026/08/29 23:06:51 - __main__ - INFO - 167 - trainer - Average loss in epoch 166: 0.6244
2026/08/29 23:06:51 - __main__ - INFO - 117 - trainer - Epoch: 167
2026/08/29 23:06:51 - __main__ - INFO - 162 - trainer - [0/257] Loss: 0.6159
2026/08/29 23:06:59 - __main__ - INFO - 162 - trainer - [52/257] Loss: 0.6339
2026/08/29 23:07:06 - __main__ - INFO - 162 - trainer - [104/257] Loss: 0.6322
2026/08/29 23:07:14 - __main__ - INFO - 162 - trainer - [156/257] Loss: 0.6520
2026/08/29 23:07:21 - __main__ - INFO - 162 - trainer - [208/257] Loss: 0.6258
2026/08/29 23:07:28 - __main__ - INFO - 167 - trainer - Average loss in epoch 167: 0.6226
2026/08/29 23:07:28 - __main__ - INFO - 117 - trainer - Epoch: 168
2026/08/29 23:07:28 - __main__ - INFO - 162 - trainer - [0/257] Loss: 0.6357
2026/08/29 23:07:35 - __main__ - INFO - 162 - trainer - [52/257] Loss: 0.5921
2026/08/29 23:07:43 - __main__ - INFO - 162 - trainer - [104/257] Loss: 0.5926
2026/08/29 23:07:50 - __main__ - INFO - 162 - trainer - [156/257] Loss: 0.6147
2026/08/29 23:07:58 - __main__ - INFO - 162 - trainer - [208/257] Loss: 0.6354
2026/08/29 23:08:04 - __main__ - INFO - 167 - trainer - Average loss in epoch 168: 0.6213
2026/08/29 23:08:04 - __main__ - INFO - 117 - trainer - Epoch: 169
2026/08/29 23:08:04 - __main__ - INFO - 162 - trainer - [0/257] Loss: 0.5952
2026/08/29 23:08:12 - __main__ - INFO - 162 - trainer - [52/257] Loss: 0.5851
2026/08/29 23:08:19 - __main__ - INFO - 162 - trainer - [104/257] Loss: 0.6330
2026/08/29 23:08:27 - __main__ - INFO - 162 - trainer - [156/257] Loss: 0.6055
2026/08/29 23:08:34 - __main__ - INFO - 162 - trainer - [208/257] Loss: 0.6843
2026/08/29 23:08:41 - __main__ - INFO - 167 - trainer - Average loss in epoch 169: 0.6215
2026/08/29 23:08:41 - __main__ - INFO - 117 - trainer - Epoch: 170
2026/08/29 23:08:41 - __main__ - INFO - 162 - trainer - [0/257] Loss: 0.6600
2026/08/29 23:08:48 - __main__ - INFO - 162 - trainer - [52/257] Loss: 0.6236
2026/08/29 23:08:56 - __main__ - INFO - 162 - trainer - [104/257] Loss: 0.6267
2026/08/29 23:09:03 - __main__ - INFO - 162 - trainer - [156/257] Loss: 0.6734
2026/08/29 23:09:10 - __main__ - INFO - 162 - trainer - [208/257] Loss: 0.6397
2026/08/29 23:09:17 - __main__ - INFO - 167 - trainer - Average loss in epoch 170: 0.6204
2026/08/29 23:09:17 - __main__ - INFO - 117 - trainer - Epoch: 171
2026/08/29 23:09:17 - __main__ - INFO - 162 - trainer - [0/257] Loss: 0.6518
2026/08/29 23:09:25 - __main__ - INFO - 162 - trainer - [52/257] Loss: 0.6056
2026/08/29 23:09:32 - __main__ - INFO - 162 - trainer - [104/257] Loss: 0.5893
2026/08/29 23:09:39 - __main__ - INFO - 162 - trainer - [156/257] Loss: 0.6136
2026/08/29 23:09:47 - __main__ - INFO - 162 - trainer - [208/257] Loss: 0.6083
2026/08/29 23:09:54 - __main__ - INFO - 167 - trainer - Average loss in epoch 171: 0.6231
2026/08/29 23:09:54 - __main__ - INFO - 117 - trainer - Epoch: 172
2026/08/29 23:09:54 - __main__ - INFO - 162 - trainer - [0/257] Loss: 0.6255
2026/08/29 23:10:01 - __main__ - INFO - 162 - trainer - [52/257] Loss: 0.5687
2026/08/29 23:10:09 - __main__ - INFO - 162 - trainer - [104/257] Loss: 0.6068
2026/08/29 23:10:16 - __main__ - INFO - 162 - trainer - [156/257] Loss: 0.6013
2026/08/29 23:10:23 - __main__ - INFO - 162 - trainer - [208/257] Loss: 0.6328
2026/08/29 23:10:30 - __main__ - INFO - 167 - trainer - Average loss in epoch 172: 0.6214
2026/08/29 23:10:30 - __main__ - INFO - 117 - trainer - Epoch: 173
2026/08/29 23:10:30 - __main__ - INFO - 162 - trainer - [0/257] Loss: 0.5822
2026/08/29 23:10:38 - __main__ - INFO - 162 - trainer - [52/257] Loss: 0.6290
2026/08/29 23:10:45 - __main__ - INFO - 162 - trainer - [104/257] Loss: 0.6017
2026/08/29 23:10:53 - __main__ - INFO - 162 - trainer - [156/257] Loss: 0.6255
2026/08/29 23:11:00 - __main__ - INFO - 162 - trainer - [208/257] Loss: 0.6058
2026/08/29 23:11:07 - __main__ - INFO - 167 - trainer - Average loss in epoch 173: 0.6194
2026/08/29 23:11:07 - __main__ - INFO - 117 - trainer - Epoch: 174
2026/08/29 23:11:07 - __main__ - INFO - 162 - trainer - [0/257] Loss: 0.6157
2026/08/29 23:11:14 - __main__ - INFO - 162 - trainer - [52/257] Loss: 0.6136
2026/08/29 23:11:22 - __main__ - INFO - 162 - trainer - [104/257] Loss: 0.5946
2026/08/29 23:11:29 - __main__ - INFO - 162 - trainer - [156/257] Loss: 0.6413
2026/08/29 23:11:37 - __main__ - INFO - 162 - trainer - [208/257] Loss: 0.6339
2026/08/29 23:11:43 - __main__ - INFO - 167 - trainer - Average loss in epoch 174: 0.6238
2026/08/29 23:11:43 - __main__ - INFO - 117 - trainer - Epoch: 175
2026/08/29 23:11:44 - __main__ - INFO - 162 - trainer - [0/257] Loss: 0.5814
2026/08/29 23:11:51 - __main__ - INFO - 162 - trainer - [52/257] Loss: 0.6274
2026/08/29 23:11:58 - __main__ - INFO - 162 - trainer - [104/257] Loss: 0.6386
2026/08/29 23:12:06 - __main__ - INFO - 162 - trainer - [156/257] Loss: 0.6283
2026/08/29 23:12:13 - __main__ - INFO - 162 - trainer - [208/257] Loss: 0.6222
2026/08/29 23:12:20 - __main__ - INFO - 167 - trainer - Average loss in epoch 175: 0.6192
2026/08/29 23:12:20 - __main__ - INFO - 117 - trainer - Epoch: 176
2026/08/29 23:12:20 - __main__ - INFO - 162 - trainer - [0/257] Loss: 0.6084
2026/08/29 23:12:28 - __main__ - INFO - 162 - trainer - [52/257] Loss: 0.6371
2026/08/29 23:12:35 - __main__ - INFO - 162 - trainer - [104/257] Loss: 0.5605
2026/08/29 23:12:43 - __main__ - INFO - 162 - trainer - [156/257] Loss: 0.6095
2026/08/29 23:12:50 - __main__ - INFO - 162 - trainer - [208/257] Loss: 0.6118
2026/08/29 23:12:57 - __main__ - INFO - 167 - trainer - Average loss in epoch 176: 0.6230
2026/08/29 23:12:57 - __main__ - INFO - 117 - trainer - Epoch: 177
2026/08/29 23:12:57 - __main__ - INFO - 162 - trainer - [0/257] Loss: 0.6171
2026/08/29 23:13:04 - __main__ - INFO - 162 - trainer - [52/257] Loss: 0.5797
2026/08/29 23:13:12 - __main__ - INFO - 162 - trainer - [104/257] Loss: 0.6456
2026/08/29 23:13:19 - __main__ - INFO - 162 - trainer - [156/257] Loss: 0.6401
2026/08/29 23:13:26 - __main__ - INFO - 162 - trainer - [208/257] Loss: 0.6355
2026/08/29 23:13:33 - __main__ - INFO - 167 - trainer - Average loss in epoch 177: 0.6189
2026/08/29 23:13:33 - __main__ - INFO - 117 - trainer - Epoch: 178
2026/08/29 23:13:33 - __main__ - INFO - 162 - trainer - [0/257] Loss: 0.6508
2026/08/29 23:13:41 - __main__ - INFO - 162 - trainer - [52/257] Loss: 0.6018
2026/08/29 23:13:48 - __main__ - INFO - 162 - trainer - [104/257] Loss: 0.5438
2026/08/29 23:13:56 - __main__ - INFO - 162 - trainer - [156/257] Loss: 0.6051
2026/08/29 23:14:03 - __main__ - INFO - 162 - trainer - [208/257] Loss: 0.6234
2026/08/29 23:14:10 - __main__ - INFO - 167 - trainer - Average loss in epoch 178: 0.6220
2026/08/29 23:14:10 - __main__ - INFO - 117 - trainer - Epoch: 179
2026/08/29 23:14:10 - __main__ - INFO - 162 - trainer - [0/257] Loss: 0.6230
2026/08/29 23:14:18 - __main__ - INFO - 162 - trainer - [52/257] Loss: 0.6442
2026/08/29 23:14:25 - __main__ - INFO - 162 - trainer - [104/257] Loss: 0.6186
2026/08/29 23:14:32 - __main__ - INFO - 162 - trainer - [156/257] Loss: 0.6205
2026/08/29 23:14:40 - __main__ - INFO - 162 - trainer - [208/257] Loss: 0.6542
2026/08/29 23:14:47 - __main__ - INFO - 167 - trainer - Average loss in epoch 179: 0.6212
2026/08/29 23:14:47 - __main__ - INFO - 117 - trainer - Epoch: 180
2026/08/29 23:14:47 - __main__ - INFO - 162 - trainer - [0/257] Loss: 0.6331
2026/08/29 23:14:54 - __main__ - INFO - 162 - trainer - [52/257] Loss: 0.6399
2026/08/29 23:15:02 - __main__ - INFO - 162 - trainer - [104/257] Loss: 0.6176
2026/08/29 23:15:09 - __main__ - INFO - 162 - trainer - [156/257] Loss: 0.6319
2026/08/29 23:15:17 - __main__ - INFO - 162 - trainer - [208/257] Loss: 0.6305
2026/08/29 23:15:23 - __main__ - INFO - 167 - trainer - Average loss in epoch 180: 0.6224
2026/08/29 23:15:23 - __main__ - INFO - 173 - trainer - start predicting: 2026-08-29 23:15:23.864932
2026/08/29 23:16:26 - __main__ - INFO - 203 - trainer - {'Best_HR@5': np.float64(1.0198), 'Best_HR@10': np.float64(1.8652), 'Best_HR@20': np.float64(3.1376), 'Best_NDCG@5': np.float64(0.6277), 'Best_NDCG@10': np.float64(0.8949), 'Best_NDCG@20': np.float64(1.2163)}
2026/08/29 23:16:26 - __main__ - INFO - 204 - trainer - {'Best_epoch_HR@5': 180, 'Best_epoch_HR@10': 160, 'Best_epoch_HR@20': 180, 'Best_epoch_NDCG@5': 180, 'Best_epoch_NDCG@10': 180, 'Best_epoch_NDCG@20': 180}
2026/08/29 23:16:26 - __main__ - INFO - 117 - trainer - Epoch: 181
2026/08/29 23:16:26 - __main__ - INFO - 162 - trainer - [0/257] Loss: 0.6462
2026/08/29 23:16:34 - __main__ - INFO - 162 - trainer - [52/257] Loss: 0.6163
2026/08/29 23:16:41 - __main__ - INFO - 162 - trainer - [104/257] Loss: 0.6073
2026/08/29 23:16:49 - __main__ - INFO - 162 - trainer - [156/257] Loss: 0.6263
2026/08/29 23:16:56 - __main__ - INFO - 162 - trainer - [208/257] Loss: 0.6055
2026/08/29 23:17:03 - __main__ - INFO - 167 - trainer - Average loss in epoch 181: 0.6221
2026/08/29 23:17:03 - __main__ - INFO - 117 - trainer - Epoch: 182
2026/08/29 23:17:03 - __main__ - INFO - 162 - trainer - [0/257] Loss: 0.5949
2026/08/29 23:17:11 - __main__ - INFO - 162 - trainer - [52/257] Loss: 0.5805
2026/08/29 23:17:18 - __main__ - INFO - 162 - trainer - [104/257] Loss: 0.6204
2026/08/29 23:17:26 - __main__ - INFO - 162 - trainer - [156/257] Loss: 0.6045
2026/08/29 23:17:33 - __main__ - INFO - 162 - trainer - [208/257] Loss: 0.6069
2026/08/29 23:17:40 - __main__ - INFO - 167 - trainer - Average loss in epoch 182: 0.6195
2026/08/29 23:17:40 - __main__ - INFO - 117 - trainer - Epoch: 183
2026/08/29 23:17:40 - __main__ - INFO - 162 - trainer - [0/257] Loss: 0.6303
2026/08/29 23:17:48 - __main__ - INFO - 162 - trainer - [52/257] Loss: 0.6650
2026/08/29 23:17:55 - __main__ - INFO - 162 - trainer - [104/257] Loss: 0.6175
2026/08/29 23:18:02 - __main__ - INFO - 162 - trainer - [156/257] Loss: 0.5721
2026/08/29 23:18:10 - __main__ - INFO - 162 - trainer - [208/257] Loss: 0.6705
2026/08/29 23:18:17 - __main__ - INFO - 167 - trainer - Average loss in epoch 183: 0.6212
2026/08/29 23:18:17 - __main__ - INFO - 117 - trainer - Epoch: 184
2026/08/29 23:18:17 - __main__ - INFO - 162 - trainer - [0/257] Loss: 0.6512
2026/08/29 23:18:24 - __main__ - INFO - 162 - trainer - [52/257] Loss: 0.5617
2026/08/29 23:18:32 - __main__ - INFO - 162 - trainer - [104/257] Loss: 0.6222
2026/08/29 23:18:39 - __main__ - INFO - 162 - trainer - [156/257] Loss: 0.5568
2026/08/29 23:18:47 - __main__ - INFO - 162 - trainer - [208/257] Loss: 0.5811
2026/08/29 23:18:53 - __main__ - INFO - 167 - trainer - Average loss in epoch 184: 0.6227
2026/08/29 23:18:53 - __main__ - INFO - 117 - trainer - Epoch: 185
2026/08/29 23:18:54 - __main__ - INFO - 162 - trainer - [0/257] Loss: 0.6736
2026/08/29 23:19:01 - __main__ - INFO - 162 - trainer - [52/257] Loss: 0.6007
2026/08/29 23:19:08 - __main__ - INFO - 162 - trainer - [104/257] Loss: 0.6279
2026/08/29 23:19:16 - __main__ - INFO - 162 - trainer - [156/257] Loss: 0.6330
2026/08/29 23:19:23 - __main__ - INFO - 162 - trainer - [208/257] Loss: 0.6107
2026/08/29 23:19:30 - __main__ - INFO - 167 - trainer - Average loss in epoch 185: 0.6212
2026/08/29 23:19:30 - __main__ - INFO - 117 - trainer - Epoch: 186
2026/08/29 23:19:30 - __main__ - INFO - 162 - trainer - [0/257] Loss: 0.6436
2026/08/29 23:19:37 - __main__ - INFO - 162 - trainer - [52/257] Loss: 0.6679
2026/08/29 23:19:45 - __main__ - INFO - 162 - trainer - [104/257] Loss: 0.5949
2026/08/29 23:19:53 - __main__ - INFO - 162 - trainer - [156/257] Loss: 0.6179
2026/08/29 23:20:00 - __main__ - INFO - 162 - trainer - [208/257] Loss: 0.5988
2026/08/29 23:20:07 - __main__ - INFO - 167 - trainer - Average loss in epoch 186: 0.6218
2026/08/29 23:20:07 - __main__ - INFO - 117 - trainer - Epoch: 187
2026/08/29 23:20:07 - __main__ - INFO - 162 - trainer - [0/257] Loss: 0.6228
2026/08/29 23:20:14 - __main__ - INFO - 162 - trainer - [52/257] Loss: 0.5972
2026/08/29 23:20:22 - __main__ - INFO - 162 - trainer - [104/257] Loss: 0.5823
2026/08/29 23:20:29 - __main__ - INFO - 162 - trainer - [156/257] Loss: 0.6025
2026/08/29 23:20:37 - __main__ - INFO - 162 - trainer - [208/257] Loss: 0.6186
2026/08/29 23:20:43 - __main__ - INFO - 167 - trainer - Average loss in epoch 187: 0.6232
2026/08/29 23:20:43 - __main__ - INFO - 117 - trainer - Epoch: 188
2026/08/29 23:20:44 - __main__ - INFO - 162 - trainer - [0/257] Loss: 0.6169
2026/08/29 23:20:51 - __main__ - INFO - 162 - trainer - [52/257] Loss: 0.6592
2026/08/29 23:20:58 - __main__ - INFO - 162 - trainer - [104/257] Loss: 0.6151
2026/08/29 23:21:06 - __main__ - INFO - 162 - trainer - [156/257] Loss: 0.5910
2026/08/29 23:21:13 - __main__ - INFO - 162 - trainer - [208/257] Loss: 0.5828
2026/08/29 23:21:20 - __main__ - INFO - 167 - trainer - Average loss in epoch 188: 0.6187
2026/08/29 23:21:20 - __main__ - INFO - 117 - trainer - Epoch: 189
2026/08/29 23:21:20 - __main__ - INFO - 162 - trainer - [0/257] Loss: 0.6452
2026/08/29 23:21:28 - __main__ - INFO - 162 - trainer - [52/257] Loss: 0.6245
2026/08/29 23:21:35 - __main__ - INFO - 162 - trainer - [104/257] Loss: 0.6223
2026/08/29 23:21:42 - __main__ - INFO - 162 - trainer - [156/257] Loss: 0.6335
2026/08/29 23:21:50 - __main__ - INFO - 162 - trainer - [208/257] Loss: 0.6340
2026/08/29 23:21:57 - __main__ - INFO - 167 - trainer - Average loss in epoch 189: 0.6187
2026/08/29 23:21:57 - __main__ - INFO - 117 - trainer - Epoch: 190
2026/08/29 23:21:57 - __main__ - INFO - 162 - trainer - [0/257] Loss: 0.5627
2026/08/29 23:22:04 - __main__ - INFO - 162 - trainer - [52/257] Loss: 0.6280
2026/08/29 23:22:12 - __main__ - INFO - 162 - trainer - [104/257] Loss: 0.6271
2026/08/29 23:22:19 - __main__ - INFO - 162 - trainer - [156/257] Loss: 0.5777
2026/08/29 23:22:27 - __main__ - INFO - 162 - trainer - [208/257] Loss: 0.5981
2026/08/29 23:22:33 - __main__ - INFO - 167 - trainer - Average loss in epoch 190: 0.6208
2026/08/29 23:22:33 - __main__ - INFO - 117 - trainer - Epoch: 191
2026/08/29 23:22:33 - __main__ - INFO - 162 - trainer - [0/257] Loss: 0.6004
2026/08/29 23:22:41 - __main__ - INFO - 162 - trainer - [52/257] Loss: 0.5993
2026/08/29 23:22:48 - __main__ - INFO - 162 - trainer - [104/257] Loss: 0.5451
2026/08/29 23:22:56 - __main__ - INFO - 162 - trainer - [156/257] Loss: 0.6471
2026/08/29 23:23:03 - __main__ - INFO - 162 - trainer - [208/257] Loss: 0.5680
2026/08/29 23:23:10 - __main__ - INFO - 167 - trainer - Average loss in epoch 191: 0.6201
2026/08/29 23:23:10 - __main__ - INFO - 117 - trainer - Epoch: 192
2026/08/29 23:23:10 - __main__ - INFO - 162 - trainer - [0/257] Loss: 0.6033
2026/08/29 23:23:17 - __main__ - INFO - 162 - trainer - [52/257] Loss: 0.6033
2026/08/29 23:23:25 - __main__ - INFO - 162 - trainer - [104/257] Loss: 0.6085
2026/08/29 23:23:32 - __main__ - INFO - 162 - trainer - [156/257] Loss: 0.6430
2026/08/29 23:23:40 - __main__ - INFO - 162 - trainer - [208/257] Loss: 0.6451
2026/08/29 23:23:47 - __main__ - INFO - 167 - trainer - Average loss in epoch 192: 0.6215
2026/08/29 23:23:47 - __main__ - INFO - 117 - trainer - Epoch: 193
2026/08/29 23:23:47 - __main__ - INFO - 162 - trainer - [0/257] Loss: 0.6081
2026/08/29 23:23:54 - __main__ - INFO - 162 - trainer - [52/257] Loss: 0.6285
2026/08/29 23:24:01 - __main__ - INFO - 162 - trainer - [104/257] Loss: 0.5939
2026/08/29 23:24:09 - __main__ - INFO - 162 - trainer - [156/257] Loss: 0.6133
2026/08/29 23:24:16 - __main__ - INFO - 162 - trainer - [208/257] Loss: 0.6334
2026/08/29 23:24:23 - __main__ - INFO - 167 - trainer - Average loss in epoch 193: 0.6200
2026/08/29 23:24:23 - __main__ - INFO - 117 - trainer - Epoch: 194
2026/08/29 23:24:23 - __main__ - INFO - 162 - trainer - [0/257] Loss: 0.6369
2026/08/29 23:24:30 - __main__ - INFO - 162 - trainer - [52/257] Loss: 0.6468
2026/08/29 23:24:38 - __main__ - INFO - 162 - trainer - [104/257] Loss: 0.5654
2026/08/29 23:24:45 - __main__ - INFO - 162 - trainer - [156/257] Loss: 0.6050
2026/08/29 23:24:53 - __main__ - INFO - 162 - trainer - [208/257] Loss: 0.6594
2026/08/29 23:25:00 - __main__ - INFO - 167 - trainer - Average loss in epoch 194: 0.6249
2026/08/29 23:25:00 - __main__ - INFO - 117 - trainer - Epoch: 195
2026/08/29 23:25:00 - __main__ - INFO - 162 - trainer - [0/257] Loss: 0.6863
2026/08/29 23:25:07 - __main__ - INFO - 162 - trainer - [52/257] Loss: 0.5923
2026/08/29 23:25:15 - __main__ - INFO - 162 - trainer - [104/257] Loss: 0.6296
2026/08/29 23:25:22 - __main__ - INFO - 162 - trainer - [156/257] Loss: 0.6280
2026/08/29 23:25:29 - __main__ - INFO - 162 - trainer - [208/257] Loss: 0.6064
2026/08/29 23:25:36 - __main__ - INFO - 167 - trainer - Average loss in epoch 195: 0.6192
2026/08/29 23:25:36 - __main__ - INFO - 117 - trainer - Epoch: 196
2026/08/29 23:25:36 - __main__ - INFO - 162 - trainer - [0/257] Loss: 0.6549
2026/08/29 23:25:44 - __main__ - INFO - 162 - trainer - [52/257] Loss: 0.6416
2026/08/29 23:25:51 - __main__ - INFO - 162 - trainer - [104/257] Loss: 0.5750
2026/08/29 23:25:59 - __main__ - INFO - 162 - trainer - [156/257] Loss: 0.6639
2026/08/29 23:26:06 - __main__ - INFO - 162 - trainer - [208/257] Loss: 0.6080
2026/08/29 23:26:13 - __main__ - INFO - 167 - trainer - Average loss in epoch 196: 0.6199
2026/08/29 23:26:13 - __main__ - INFO - 117 - trainer - Epoch: 197
2026/08/29 23:26:13 - __main__ - INFO - 162 - trainer - [0/257] Loss: 0.6248
2026/08/29 23:26:21 - __main__ - INFO - 162 - trainer - [52/257] Loss: 0.6243
2026/08/29 23:26:28 - __main__ - INFO - 162 - trainer - [104/257] Loss: 0.6719
2026/08/29 23:26:35 - __main__ - INFO - 162 - trainer - [156/257] Loss: 0.6894
2026/08/29 23:26:43 - __main__ - INFO - 162 - trainer - [208/257] Loss: 0.6456
2026/08/29 23:26:50 - __main__ - INFO - 167 - trainer - Average loss in epoch 197: 0.6224
2026/08/29 23:26:50 - __main__ - INFO - 117 - trainer - Epoch: 198
2026/08/29 23:26:50 - __main__ - INFO - 162 - trainer - [0/257] Loss: 0.6403
2026/08/29 23:26:57 - __main__ - INFO - 162 - trainer - [52/257] Loss: 0.5993
2026/08/29 23:27:05 - __main__ - INFO - 162 - trainer - [104/257] Loss: 0.6135
2026/08/29 23:27:12 - __main__ - INFO - 162 - trainer - [156/257] Loss: 0.6019
2026/08/29 23:27:20 - __main__ - INFO - 162 - trainer - [208/257] Loss: 0.6040
2026/08/29 23:27:27 - __main__ - INFO - 167 - trainer - Average loss in epoch 198: 0.6179
2026/08/29 23:27:27 - __main__ - INFO - 117 - trainer - Epoch: 199
2026/08/29 23:27:27 - __main__ - INFO - 162 - trainer - [0/257] Loss: 0.6353
2026/08/29 23:27:34 - __main__ - INFO - 162 - trainer - [52/257] Loss: 0.5555
2026/08/29 23:27:42 - __main__ - INFO - 162 - trainer - [104/257] Loss: 0.5650
2026/08/29 23:27:49 - __main__ - INFO - 162 - trainer - [156/257] Loss: 0.6291
2026/08/29 23:27:57 - __main__ - INFO - 162 - trainer - [208/257] Loss: 0.6557
2026/08/29 23:28:03 - __main__ - INFO - 167 - trainer - Average loss in epoch 199: 0.6147
2026/08/29 23:28:03 - __main__ - INFO - 117 - trainer - Epoch: 200
2026/08/29 23:28:04 - __main__ - INFO - 162 - trainer - [0/257] Loss: 0.5974
2026/08/29 23:28:11 - __main__ - INFO - 162 - trainer - [52/257] Loss: 0.6106
2026/08/29 23:28:18 - __main__ - INFO - 162 - trainer - [104/257] Loss: 0.5840
2026/08/29 23:28:26 - __main__ - INFO - 162 - trainer - [156/257] Loss: 0.6024
2026/08/29 23:28:34 - __main__ - INFO - 162 - trainer - [208/257] Loss: 0.5926
2026/08/29 23:28:41 - __main__ - INFO - 167 - trainer - Average loss in epoch 200: 0.6168
2026/08/29 23:28:41 - __main__ - INFO - 173 - trainer - start predicting: 2026-08-29 23:28:41.338095
2026/08/29 23:29:44 - __main__ - INFO - 203 - trainer - {'Best_HR@5': np.float64(1.0198), 'Best_HR@10': np.float64(1.8847), 'Best_HR@20': np.float64(3.1883), 'Best_NDCG@5': np.float64(0.6277), 'Best_NDCG@10': np.float64(0.8949), 'Best_NDCG@20': np.float64(1.2163)}
2026/08/29 23:29:44 - __main__ - INFO - 204 - trainer - {'Best_epoch_HR@5': 180, 'Best_epoch_HR@10': 200, 'Best_epoch_HR@20': 200, 'Best_epoch_NDCG@5': 180, 'Best_epoch_NDCG@10': 180, 'Best_epoch_NDCG@20': 180}
2026/08/29 23:29:44 - __main__ - INFO - 117 - trainer - Epoch: 201
2026/08/29 23:29:44 - __main__ - INFO - 162 - trainer - [0/257] Loss: 0.6642
2026/08/29 23:29:52 - __main__ - INFO - 162 - trainer - [52/257] Loss: 0.6158
2026/08/29 23:29:59 - __main__ - INFO - 162 - trainer - [104/257] Loss: 0.6147
2026/08/29 23:30:07 - __main__ - INFO - 162 - trainer - [156/257] Loss: 0.6764
2026/08/29 23:30:14 - __main__ - INFO - 162 - trainer - [208/257] Loss: 0.5876
2026/08/29 23:30:21 - __main__ - INFO - 167 - trainer - Average loss in epoch 201: 0.6202
2026/08/29 23:30:21 - __main__ - INFO - 117 - trainer - Epoch: 202
2026/08/29 23:30:21 - __main__ - INFO - 162 - trainer - [0/257] Loss: 0.6022
2026/08/29 23:30:29 - __main__ - INFO - 162 - trainer - [52/257] Loss: 0.6290
2026/08/29 23:30:36 - __main__ - INFO - 162 - trainer - [104/257] Loss: 0.5867
2026/08/29 23:30:44 - __main__ - INFO - 162 - trainer - [156/257] Loss: 0.5937
2026/08/29 23:30:51 - __main__ - INFO - 162 - trainer - [208/257] Loss: 0.5721
2026/08/29 23:30:58 - __main__ - INFO - 167 - trainer - Average loss in epoch 202: 0.6200
2026/08/29 23:30:58 - __main__ - INFO - 117 - trainer - Epoch: 203
2026/08/29 23:30:59 - __main__ - INFO - 162 - trainer - [0/257] Loss: 0.6531
2026/08/29 23:31:06 - __main__ - INFO - 162 - trainer - [52/257] Loss: 0.6286
2026/08/29 23:31:13 - __main__ - INFO - 162 - trainer - [104/257] Loss: 0.5881
2026/08/29 23:31:21 - __main__ - INFO - 162 - trainer - [156/257] Loss: 0.6062
2026/08/29 23:31:29 - __main__ - INFO - 162 - trainer - [208/257] Loss: 0.5993
2026/08/29 23:31:35 - __main__ - INFO - 167 - trainer - Average loss in epoch 203: 0.6211
2026/08/29 23:31:35 - __main__ - INFO - 117 - trainer - Epoch: 204
2026/08/29 23:31:36 - __main__ - INFO - 162 - trainer - [0/257] Loss: 0.6117
2026/08/29 23:31:43 - __main__ - INFO - 162 - trainer - [52/257] Loss: 0.6305
2026/08/29 23:31:51 - __main__ - INFO - 162 - trainer - [104/257] Loss: 0.5973
2026/08/29 23:31:58 - __main__ - INFO - 162 - trainer - [156/257] Loss: 0.6008
2026/08/29 23:32:06 - __main__ - INFO - 162 - trainer - [208/257] Loss: 0.6401
2026/08/29 23:32:13 - __main__ - INFO - 167 - trainer - Average loss in epoch 204: 0.6204
2026/08/29 23:32:13 - __main__ - INFO - 117 - trainer - Epoch: 205
2026/08/29 23:32:13 - __main__ - INFO - 162 - trainer - [0/257] Loss: 0.6778
2026/08/29 23:32:20 - __main__ - INFO - 162 - trainer - [52/257] Loss: 0.5796
2026/08/29 23:32:27 - __main__ - INFO - 162 - trainer - [104/257] Loss: 0.6278
2026/08/29 23:32:35 - __main__ - INFO - 162 - trainer - [156/257] Loss: 0.6650
2026/08/29 23:32:42 - __main__ - INFO - 162 - trainer - [208/257] Loss: 0.6275
2026/08/29 23:32:49 - __main__ - INFO - 167 - trainer - Average loss in epoch 205: 0.6219
2026/08/29 23:32:49 - __main__ - INFO - 117 - trainer - Epoch: 206
2026/08/29 23:32:49 - __main__ - INFO - 162 - trainer - [0/257] Loss: 0.6052
2026/08/29 23:32:57 - __main__ - INFO - 162 - trainer - [52/257] Loss: 0.6610
2026/08/29 23:33:04 - __main__ - INFO - 162 - trainer - [104/257] Loss: 0.6466
2026/08/29 23:33:12 - __main__ - INFO - 162 - trainer - [156/257] Loss: 0.6256
2026/08/29 23:33:19 - __main__ - INFO - 162 - trainer - [208/257] Loss: 0.5650
2026/08/29 23:33:26 - __main__ - INFO - 167 - trainer - Average loss in epoch 206: 0.6178
2026/08/29 23:33:26 - __main__ - INFO - 117 - trainer - Epoch: 207
2026/08/29 23:33:26 - __main__ - INFO - 162 - trainer - [0/257] Loss: 0.5937
2026/08/29 23:33:33 - __main__ - INFO - 162 - trainer - [52/257] Loss: 0.6387
2026/08/29 23:33:41 - __main__ - INFO - 162 - trainer - [104/257] Loss: 0.6184
2026/08/29 23:33:48 - __main__ - INFO - 162 - trainer - [156/257] Loss: 0.6113
2026/08/29 23:33:56 - __main__ - INFO - 162 - trainer - [208/257] Loss: 0.6147
2026/08/29 23:34:02 - __main__ - INFO - 167 - trainer - Average loss in epoch 207: 0.6192
2026/08/29 23:34:02 - __main__ - INFO - 117 - trainer - Epoch: 208
2026/08/29 23:34:03 - __main__ - INFO - 162 - trainer - [0/257] Loss: 0.5973
2026/08/29 23:34:10 - __main__ - INFO - 162 - trainer - [52/257] Loss: 0.6391
2026/08/29 23:34:17 - __main__ - INFO - 162 - trainer - [104/257] Loss: 0.6392
2026/08/29 23:34:25 - __main__ - INFO - 162 - trainer - [156/257] Loss: 0.6419
2026/08/29 23:34:32 - __main__ - INFO - 162 - trainer - [208/257] Loss: 0.6607
2026/08/29 23:34:39 - __main__ - INFO - 167 - trainer - Average loss in epoch 208: 0.6176
2026/08/29 23:34:39 - __main__ - INFO - 117 - trainer - Epoch: 209
2026/08/29 23:34:39 - __main__ - INFO - 162 - trainer - [0/257] Loss: 0.6511
2026/08/29 23:34:47 - __main__ - INFO - 162 - trainer - [52/257] Loss: 0.6196
2026/08/29 23:34:54 - __main__ - INFO - 162 - trainer - [104/257] Loss: 0.5869
2026/08/29 23:35:02 - __main__ - INFO - 162 - trainer - [156/257] Loss: 0.6287
2026/08/29 23:35:09 - __main__ - INFO - 162 - trainer - [208/257] Loss: 0.5895
2026/08/29 23:35:16 - __main__ - INFO - 167 - trainer - Average loss in epoch 209: 0.6189
2026/08/29 23:35:16 - __main__ - INFO - 117 - trainer - Epoch: 210
2026/08/29 23:35:16 - __main__ - INFO - 162 - trainer - [0/257] Loss: 0.6067
2026/08/29 23:35:23 - __main__ - INFO - 162 - trainer - [52/257] Loss: 0.6338
2026/08/29 23:35:31 - __main__ - INFO - 162 - trainer - [104/257] Loss: 0.6156
2026/08/29 23:35:38 - __main__ - INFO - 162 - trainer - [156/257] Loss: 0.6126
2026/08/29 23:35:46 - __main__ - INFO - 162 - trainer - [208/257] Loss: 0.6399
2026/08/29 23:35:52 - __main__ - INFO - 167 - trainer - Average loss in epoch 210: 0.6181
2026/08/29 23:35:52 - __main__ - INFO - 117 - trainer - Epoch: 211
2026/08/29 23:35:53 - __main__ - INFO - 162 - trainer - [0/257] Loss: 0.6377
2026/08/29 23:36:00 - __main__ - INFO - 162 - trainer - [52/257] Loss: 0.6426
2026/08/29 23:36:07 - __main__ - INFO - 162 - trainer - [104/257] Loss: 0.5977
2026/08/29 23:36:15 - __main__ - INFO - 162 - trainer - [156/257] Loss: 0.5581
2026/08/29 23:36:22 - __main__ - INFO - 162 - trainer - [208/257] Loss: 0.5967
2026/08/29 23:36:29 - __main__ - INFO - 167 - trainer - Average loss in epoch 211: 0.6172
2026/08/29 23:36:29 - __main__ - INFO - 117 - trainer - Epoch: 212
2026/08/29 23:36:29 - __main__ - INFO - 162 - trainer - [0/257] Loss: 0.6257
2026/08/29 23:36:36 - __main__ - INFO - 162 - trainer - [52/257] Loss: 0.6099
2026/08/29 23:36:44 - __main__ - INFO - 162 - trainer - [104/257] Loss: 0.6596
2026/08/29 23:36:51 - __main__ - INFO - 162 - trainer - [156/257] Loss: 0.5985
2026/08/29 23:36:59 - __main__ - INFO - 162 - trainer - [208/257] Loss: 0.6731
2026/08/29 23:37:06 - __main__ - INFO - 167 - trainer - Average loss in epoch 212: 0.6174
2026/08/29 23:37:06 - __main__ - INFO - 117 - trainer - Epoch: 213
2026/08/29 23:37:06 - __main__ - INFO - 162 - trainer - [0/257] Loss: 0.5819
2026/08/29 23:37:13 - __main__ - INFO - 162 - trainer - [52/257] Loss: 0.5986
2026/08/29 23:37:21 - __main__ - INFO - 162 - trainer - [104/257] Loss: 0.5730
2026/08/29 23:37:28 - __main__ - INFO - 162 - trainer - [156/257] Loss: 0.6367
2026/08/29 23:37:36 - __main__ - INFO - 162 - trainer - [208/257] Loss: 0.5983
2026/08/29 23:37:42 - __main__ - INFO - 167 - trainer - Average loss in epoch 213: 0.6197
2026/08/29 23:37:42 - __main__ - INFO - 117 - trainer - Epoch: 214
2026/08/29 23:37:42 - __main__ - INFO - 162 - trainer - [0/257] Loss: 0.6079
2026/08/29 23:37:50 - __main__ - INFO - 162 - trainer - [52/257] Loss: 0.6290
2026/08/29 23:37:57 - __main__ - INFO - 162 - trainer - [104/257] Loss: 0.6015
2026/08/29 23:38:05 - __main__ - INFO - 162 - trainer - [156/257] Loss: 0.6013
2026/08/29 23:38:12 - __main__ - INFO - 162 - trainer - [208/257] Loss: 0.5653
2026/08/29 23:38:19 - __main__ - INFO - 167 - trainer - Average loss in epoch 214: 0.6178
2026/08/29 23:38:19 - __main__ - INFO - 117 - trainer - Epoch: 215
2026/08/29 23:38:19 - __main__ - INFO - 162 - trainer - [0/257] Loss: 0.6847
2026/08/29 23:38:26 - __main__ - INFO - 162 - trainer - [52/257] Loss: 0.5672
2026/08/29 23:38:34 - __main__ - INFO - 162 - trainer - [104/257] Loss: 0.6358
2026/08/29 23:38:41 - __main__ - INFO - 162 - trainer - [156/257] Loss: 0.5923
2026/08/29 23:38:48 - __main__ - INFO - 162 - trainer - [208/257] Loss: 0.5632
2026/08/29 23:38:55 - __main__ - INFO - 167 - trainer - Average loss in epoch 215: 0.6185
2026/08/29 23:38:55 - __main__ - INFO - 117 - trainer - Epoch: 216
2026/08/29 23:38:55 - __main__ - INFO - 162 - trainer - [0/257] Loss: 0.5794
2026/08/29 23:39:03 - __main__ - INFO - 162 - trainer - [52/257] Loss: 0.6236
2026/08/29 23:39:10 - __main__ - INFO - 162 - trainer - [104/257] Loss: 0.5920
2026/08/29 23:39:17 - __main__ - INFO - 162 - trainer - [156/257] Loss: 0.5927
2026/08/29 23:39:25 - __main__ - INFO - 162 - trainer - [208/257] Loss: 0.6458
2026/08/29 23:39:32 - __main__ - INFO - 167 - trainer - Average loss in epoch 216: 0.6159
2026/08/29 23:39:32 - __main__ - INFO - 117 - trainer - Epoch: 217
2026/08/29 23:39:32 - __main__ - INFO - 162 - trainer - [0/257] Loss: 0.6330
2026/08/29 23:39:39 - __main__ - INFO - 162 - trainer - [52/257] Loss: 0.6112
2026/08/29 23:39:47 - __main__ - INFO - 162 - trainer - [104/257] Loss: 0.6287
2026/08/29 23:39:54 - __main__ - INFO - 162 - trainer - [156/257] Loss: 0.6495
2026/08/29 23:40:02 - __main__ - INFO - 162 - trainer - [208/257] Loss: 0.6291
2026/08/29 23:40:08 - __main__ - INFO - 167 - trainer - Average loss in epoch 217: 0.6172
2026/08/29 23:40:08 - __main__ - INFO - 117 - trainer - Epoch: 218
2026/08/29 23:40:09 - __main__ - INFO - 162 - trainer - [0/257] Loss: 0.6404
2026/08/29 23:40:16 - __main__ - INFO - 162 - trainer - [52/257] Loss: 0.6296
2026/08/29 23:40:23 - __main__ - INFO - 162 - trainer - [104/257] Loss: 0.6110
2026/08/29 23:40:31 - __main__ - INFO - 162 - trainer - [156/257] Loss: 0.5930
2026/08/29 23:40:38 - __main__ - INFO - 162 - trainer - [208/257] Loss: 0.6163
2026/08/29 23:40:45 - __main__ - INFO - 167 - trainer - Average loss in epoch 218: 0.6196
2026/08/29 23:40:45 - __main__ - INFO - 117 - trainer - Epoch: 219
2026/08/29 23:40:45 - __main__ - INFO - 162 - trainer - [0/257] Loss: 0.6167
2026/08/29 23:40:53 - __main__ - INFO - 162 - trainer - [52/257] Loss: 0.5543
2026/08/29 23:41:00 - __main__ - INFO - 162 - trainer - [104/257] Loss: 0.5563
2026/08/29 23:41:08 - __main__ - INFO - 162 - trainer - [156/257] Loss: 0.5945
2026/08/29 23:41:15 - __main__ - INFO - 162 - trainer - [208/257] Loss: 0.6156
2026/08/29 23:41:22 - __main__ - INFO - 167 - trainer - Average loss in epoch 219: 0.6161
2026/08/29 23:41:22 - __main__ - INFO - 117 - trainer - Epoch: 220
2026/08/29 23:41:22 - __main__ - INFO - 162 - trainer - [0/257] Loss: 0.6205
2026/08/29 23:41:29 - __main__ - INFO - 162 - trainer - [52/257] Loss: 0.5890
2026/08/29 23:41:37 - __main__ - INFO - 162 - trainer - [104/257] Loss: 0.6063
2026/08/29 23:41:44 - __main__ - INFO - 162 - trainer - [156/257] Loss: 0.6047
2026/08/29 23:41:52 - __main__ - INFO - 162 - trainer - [208/257] Loss: 0.6184
2026/08/29 23:41:58 - __main__ - INFO - 167 - trainer - Average loss in epoch 220: 0.6180
2026/08/29 23:41:58 - __main__ - INFO - 173 - trainer - start predicting: 2026-08-29 23:41:58.790825
2026/08/29 23:43:04 - __main__ - INFO - 117 - trainer - Epoch: 221
2026/08/29 23:43:05 - __main__ - INFO - 162 - trainer - [0/257] Loss: 0.5992
2026/08/29 23:43:12 - __main__ - INFO - 162 - trainer - [52/257] Loss: 0.6497
2026/08/29 23:43:20 - __main__ - INFO - 162 - trainer - [104/257] Loss: 0.6189
2026/08/29 23:43:27 - __main__ - INFO - 162 - trainer - [156/257] Loss: 0.6112
2026/08/29 23:43:35 - __main__ - INFO - 162 - trainer - [208/257] Loss: 0.6190
2026/08/29 23:43:41 - __main__ - INFO - 167 - trainer - Average loss in epoch 221: 0.6217
2026/08/29 23:43:41 - __main__ - INFO - 117 - trainer - Epoch: 222
2026/08/29 23:43:42 - __main__ - INFO - 162 - trainer - [0/257] Loss: 0.6122
2026/08/29 23:43:49 - __main__ - INFO - 162 - trainer - [52/257] Loss: 0.6411
2026/08/29 23:43:56 - __main__ - INFO - 162 - trainer - [104/257] Loss: 0.6112
2026/08/29 23:44:04 - __main__ - INFO - 162 - trainer - [156/257] Loss: 0.6086
2026/08/29 23:44:12 - __main__ - INFO - 162 - trainer - [208/257] Loss: 0.6135
2026/08/29 23:44:18 - __main__ - INFO - 167 - trainer - Average loss in epoch 222: 0.6185
2026/08/29 23:44:18 - __main__ - INFO - 117 - trainer - Epoch: 223
2026/08/29 23:44:19 - __main__ - INFO - 162 - trainer - [0/257] Loss: 0.5910
2026/08/29 23:44:26 - __main__ - INFO - 162 - trainer - [52/257] Loss: 0.6036
2026/08/29 23:44:34 - __main__ - INFO - 162 - trainer - [104/257] Loss: 0.6156
2026/08/29 23:44:41 - __main__ - INFO - 162 - trainer - [156/257] Loss: 0.6023
2026/08/29 23:44:48 - __main__ - INFO - 162 - trainer - [208/257] Loss: 0.6346
2026/08/29 23:44:55 - __main__ - INFO - 167 - trainer - Average loss in epoch 223: 0.6187
2026/08/29 23:44:55 - __main__ - INFO - 117 - trainer - Epoch: 224
2026/08/29 23:44:55 - __main__ - INFO - 162 - trainer - [0/257] Loss: 0.5936
2026/08/29 23:45:03 - __main__ - INFO - 162 - trainer - [52/257] Loss: 0.6615
2026/08/29 23:45:10 - __main__ - INFO - 162 - trainer - [104/257] Loss: 0.6475
2026/08/29 23:45:18 - __main__ - INFO - 162 - trainer - [156/257] Loss: 0.5842
2026/08/29 23:45:25 - __main__ - INFO - 162 - trainer - [208/257] Loss: 0.6289
2026/08/29 23:45:32 - __main__ - INFO - 167 - trainer - Average loss in epoch 224: 0.6193
2026/08/29 23:45:32 - __main__ - INFO - 117 - trainer - Epoch: 225
2026/08/29 23:45:32 - __main__ - INFO - 162 - trainer - [0/257] Loss: 0.6193
2026/08/29 23:45:40 - __main__ - INFO - 162 - trainer - [52/257] Loss: 0.5599
2026/08/29 23:45:47 - __main__ - INFO - 162 - trainer - [104/257] Loss: 0.6118
2026/08/29 23:45:55 - __main__ - INFO - 162 - trainer - [156/257] Loss: 0.6079
2026/08/29 23:46:02 - __main__ - INFO - 162 - trainer - [208/257] Loss: 0.5975
2026/08/29 23:46:09 - __main__ - INFO - 167 - trainer - Average loss in epoch 225: 0.6170
2026/08/29 23:46:09 - __main__ - INFO - 117 - trainer - Epoch: 226
2026/08/29 23:46:09 - __main__ - INFO - 162 - trainer - [0/257] Loss: 0.6191
2026/08/29 23:46:16 - __main__ - INFO - 162 - trainer - [52/257] Loss: 0.6615
2026/08/29 23:46:24 - __main__ - INFO - 162 - trainer - [104/257] Loss: 0.6198
2026/08/29 23:46:31 - __main__ - INFO - 162 - trainer - [156/257] Loss: 0.6174
2026/08/29 23:46:39 - __main__ - INFO - 162 - trainer - [208/257] Loss: 0.6129
2026/08/29 23:46:45 - __main__ - INFO - 167 - trainer - Average loss in epoch 226: 0.6199
2026/08/29 23:46:45 - __main__ - INFO - 117 - trainer - Epoch: 227
2026/08/29 23:46:46 - __main__ - INFO - 162 - trainer - [0/257] Loss: 0.5938
2026/08/29 23:46:53 - __main__ - INFO - 162 - trainer - [52/257] Loss: 0.6374
2026/08/29 23:47:01 - __main__ - INFO - 162 - trainer - [104/257] Loss: 0.6430
2026/08/29 23:47:08 - __main__ - INFO - 162 - trainer - [156/257] Loss: 0.5991
2026/08/29 23:47:15 - __main__ - INFO - 162 - trainer - [208/257] Loss: 0.6450
2026/08/29 23:47:22 - __main__ - INFO - 167 - trainer - Average loss in epoch 227: 0.6145
2026/08/29 23:47:22 - __main__ - INFO - 117 - trainer - Epoch: 228
2026/08/29 23:47:22 - __main__ - INFO - 162 - trainer - [0/257] Loss: 0.6339
2026/08/29 23:47:30 - __main__ - INFO - 162 - trainer - [52/257] Loss: 0.6440
2026/08/29 23:47:37 - __main__ - INFO - 162 - trainer - [104/257] Loss: 0.6012
2026/08/29 23:47:45 - __main__ - INFO - 162 - trainer - [156/257] Loss: 0.5958
2026/08/29 23:47:52 - __main__ - INFO - 162 - trainer - [208/257] Loss: 0.6492
2026/08/29 23:47:59 - __main__ - INFO - 167 - trainer - Average loss in epoch 228: 0.6173
2026/08/29 23:47:59 - __main__ - INFO - 117 - trainer - Epoch: 229
2026/08/29 23:47:59 - __main__ - INFO - 162 - trainer - [0/257] Loss: 0.6222
2026/08/29 23:48:06 - __main__ - INFO - 162 - trainer - [52/257] Loss: 0.6614
2026/08/29 23:48:14 - __main__ - INFO - 162 - trainer - [104/257] Loss: 0.6162
2026/08/29 23:48:21 - __main__ - INFO - 162 - trainer - [156/257] Loss: 0.6224
2026/08/29 23:48:28 - __main__ - INFO - 162 - trainer - [208/257] Loss: 0.6661
2026/08/29 23:48:35 - __main__ - INFO - 167 - trainer - Average loss in epoch 229: 0.6173
2026/08/29 23:48:35 - __main__ - INFO - 117 - trainer - Epoch: 230
2026/08/29 23:48:35 - __main__ - INFO - 162 - trainer - [0/257] Loss: 0.6122
2026/08/29 23:48:43 - __main__ - INFO - 162 - trainer - [52/257] Loss: 0.6349
2026/08/29 23:48:50 - __main__ - INFO - 162 - trainer - [104/257] Loss: 0.6535
2026/08/29 23:48:57 - __main__ - INFO - 162 - trainer - [156/257] Loss: 0.5955
2026/08/29 23:49:05 - __main__ - INFO - 162 - trainer - [208/257] Loss: 0.6785
2026/08/29 23:49:12 - __main__ - INFO - 167 - trainer - Average loss in epoch 230: 0.6167
2026/08/29 23:49:12 - __main__ - INFO - 117 - trainer - Epoch: 231
2026/08/29 23:49:12 - __main__ - INFO - 162 - trainer - [0/257] Loss: 0.5918
2026/08/29 23:49:19 - __main__ - INFO - 162 - trainer - [52/257] Loss: 0.5986
2026/08/29 23:49:27 - __main__ - INFO - 162 - trainer - [104/257] Loss: 0.5969
2026/08/29 23:49:34 - __main__ - INFO - 162 - trainer - [156/257] Loss: 0.6442
2026/08/29 23:49:41 - __main__ - INFO - 162 - trainer - [208/257] Loss: 0.6355
2026/08/29 23:49:48 - __main__ - INFO - 167 - trainer - Average loss in epoch 231: 0.6219
2026/08/29 23:49:48 - __main__ - INFO - 117 - trainer - Epoch: 232
2026/08/29 23:49:48 - __main__ - INFO - 162 - trainer - [0/257] Loss: 0.5992
2026/08/29 23:49:55 - __main__ - INFO - 162 - trainer - [52/257] Loss: 0.6043
2026/08/29 23:50:03 - __main__ - INFO - 162 - trainer - [104/257] Loss: 0.5821
2026/08/29 23:50:10 - __main__ - INFO - 162 - trainer - [156/257] Loss: 0.6797
2026/08/29 23:50:17 - __main__ - INFO - 162 - trainer - [208/257] Loss: 0.6594
2026/08/29 23:50:24 - __main__ - INFO - 167 - trainer - Average loss in epoch 232: 0.6190
2026/08/29 23:50:24 - __main__ - INFO - 117 - trainer - Epoch: 233
2026/08/29 23:50:24 - __main__ - INFO - 162 - trainer - [0/257] Loss: 0.6131
2026/08/29 23:50:32 - __main__ - INFO - 162 - trainer - [52/257] Loss: 0.5898
2026/08/29 23:50:39 - __main__ - INFO - 162 - trainer - [104/257] Loss: 0.6126
2026/08/29 23:50:46 - __main__ - INFO - 162 - trainer - [156/257] Loss: 0.6189
2026/08/29 23:50:54 - __main__ - INFO - 162 - trainer - [208/257] Loss: 0.6026
2026/08/29 23:51:00 - __main__ - INFO - 167 - trainer - Average loss in epoch 233: 0.6190
2026/08/29 23:51:00 - __main__ - INFO - 117 - trainer - Epoch: 234
2026/08/29 23:51:01 - __main__ - INFO - 162 - trainer - [0/257] Loss: 0.6192
2026/08/29 23:51:08 - __main__ - INFO - 162 - trainer - [52/257] Loss: 0.6714
2026/08/29 23:51:15 - __main__ - INFO - 162 - trainer - [104/257] Loss: 0.5943
2026/08/29 23:51:23 - __main__ - INFO - 162 - trainer - [156/257] Loss: 0.6303
2026/08/29 23:51:30 - __main__ - INFO - 162 - trainer - [208/257] Loss: 0.6233
2026/08/29 23:51:37 - __main__ - INFO - 167 - trainer - Average loss in epoch 234: 0.6175
2026/08/29 23:51:37 - __main__ - INFO - 117 - trainer - Epoch: 235
2026/08/29 23:51:37 - __main__ - INFO - 162 - trainer - [0/257] Loss: 0.6077
2026/08/29 23:51:44 - __main__ - INFO - 162 - trainer - [52/257] Loss: 0.6684
2026/08/29 23:51:52 - __main__ - INFO - 162 - trainer - [104/257] Loss: 0.6500
2026/08/29 23:51:59 - __main__ - INFO - 162 - trainer - [156/257] Loss: 0.5904
2026/08/29 23:52:06 - __main__ - INFO - 162 - trainer - [208/257] Loss: 0.6395
2026/08/29 23:52:13 - __main__ - INFO - 167 - trainer - Average loss in epoch 235: 0.6176
2026/08/29 23:52:13 - __main__ - INFO - 117 - trainer - Epoch: 236
2026/08/29 23:52:13 - __main__ - INFO - 162 - trainer - [0/257] Loss: 0.5775
2026/08/29 23:52:21 - __main__ - INFO - 162 - trainer - [52/257] Loss: 0.5351
2026/08/29 23:52:28 - __main__ - INFO - 162 - trainer - [104/257] Loss: 0.6456
2026/08/29 23:52:36 - __main__ - INFO - 162 - trainer - [156/257] Loss: 0.6374
2026/08/29 23:52:43 - __main__ - INFO - 162 - trainer - [208/257] Loss: 0.6512
2026/08/29 23:52:50 - __main__ - INFO - 167 - trainer - Average loss in epoch 236: 0.6166
2026/08/29 23:52:50 - __main__ - INFO - 117 - trainer - Epoch: 237
2026/08/29 23:52:50 - __main__ - INFO - 162 - trainer - [0/257] Loss: 0.6279
2026/08/29 23:52:57 - __main__ - INFO - 162 - trainer - [52/257] Loss: 0.6028
2026/08/29 23:53:05 - __main__ - INFO - 162 - trainer - [104/257] Loss: 0.5846
2026/08/29 23:53:12 - __main__ - INFO - 162 - trainer - [156/257] Loss: 0.6222
2026/08/29 23:53:20 - __main__ - INFO - 162 - trainer - [208/257] Loss: 0.6049
2026/08/29 23:53:26 - __main__ - INFO - 167 - trainer - Average loss in epoch 237: 0.6170
2026/08/29 23:53:26 - __main__ - INFO - 117 - trainer - Epoch: 238
2026/08/29 23:53:26 - __main__ - INFO - 162 - trainer - [0/257] Loss: 0.6007
2026/08/29 23:53:34 - __main__ - INFO - 162 - trainer - [52/257] Loss: 0.6594
2026/08/29 23:53:41 - __main__ - INFO - 162 - trainer - [104/257] Loss: 0.6037
2026/08/29 23:53:49 - __main__ - INFO - 162 - trainer - [156/257] Loss: 0.5734
2026/08/29 23:53:56 - __main__ - INFO - 162 - trainer - [208/257] Loss: 0.6028
2026/08/29 23:54:03 - __main__ - INFO - 167 - trainer - Average loss in epoch 238: 0.6202
2026/08/29 23:54:03 - __main__ - INFO - 117 - trainer - Epoch: 239
2026/08/29 23:54:03 - __main__ - INFO - 162 - trainer - [0/257] Loss: 0.5950
2026/08/29 23:54:11 - __main__ - INFO - 162 - trainer - [52/257] Loss: 0.6304
2026/08/29 23:54:18 - __main__ - INFO - 162 - trainer - [104/257] Loss: 0.5839
2026/08/29 23:54:25 - __main__ - INFO - 162 - trainer - [156/257] Loss: 0.6180
2026/08/29 23:54:33 - __main__ - INFO - 162 - trainer - [208/257] Loss: 0.6319
2026/08/29 23:54:39 - __main__ - INFO - 167 - trainer - Average loss in epoch 239: 0.6206
2026/08/29 23:54:39 - __main__ - INFO - 117 - trainer - Epoch: 240
2026/08/29 23:54:39 - __main__ - INFO - 162 - trainer - [0/257] Loss: 0.5994
2026/08/29 23:54:47 - __main__ - INFO - 162 - trainer - [52/257] Loss: 0.5708
2026/08/29 23:54:54 - __main__ - INFO - 162 - trainer - [104/257] Loss: 0.6206
2026/08/29 23:55:02 - __main__ - INFO - 162 - trainer - [156/257] Loss: 0.6324
2026/08/29 23:55:09 - __main__ - INFO - 162 - trainer - [208/257] Loss: 0.5399
2026/08/29 23:55:16 - __main__ - INFO - 167 - trainer - Average loss in epoch 240: 0.6181
2026/08/29 23:55:16 - __main__ - INFO - 173 - trainer - start predicting: 2026-08-29 23:55:16.516419
2026/08/29 23:56:23 - __main__ - INFO - 117 - trainer - Epoch: 241
2026/08/29 23:56:23 - __main__ - INFO - 162 - trainer - [0/257] Loss: 0.6089
2026/08/29 23:56:31 - __main__ - INFO - 162 - trainer - [52/257] Loss: 0.5711
2026/08/29 23:56:38 - __main__ - INFO - 162 - trainer - [104/257] Loss: 0.5269
2026/08/29 23:56:46 - __main__ - INFO - 162 - trainer - [156/257] Loss: 0.5824
2026/08/29 23:56:54 - __main__ - INFO - 162 - trainer - [208/257] Loss: 0.6327
2026/08/29 23:57:01 - __main__ - INFO - 167 - trainer - Average loss in epoch 241: 0.6189
2026/08/29 23:57:01 - __main__ - INFO - 117 - trainer - Epoch: 242
2026/08/29 23:57:01 - __main__ - INFO - 162 - trainer - [0/257] Loss: 0.5934
2026/08/29 23:57:09 - __main__ - INFO - 162 - trainer - [52/257] Loss: 0.6057
2026/08/29 23:57:16 - __main__ - INFO - 162 - trainer - [104/257] Loss: 0.6226
2026/08/29 23:57:24 - __main__ - INFO - 162 - trainer - [156/257] Loss: 0.6307
2026/08/29 23:57:31 - __main__ - INFO - 162 - trainer - [208/257] Loss: 0.6339
2026/08/29 23:57:39 - __main__ - INFO - 167 - trainer - Average loss in epoch 242: 0.6170
2026/08/29 23:57:39 - __main__ - INFO - 117 - trainer - Epoch: 243
2026/08/29 23:57:39 - __main__ - INFO - 162 - trainer - [0/257] Loss: 0.6227
2026/08/29 23:57:46 - __main__ - INFO - 162 - trainer - [52/257] Loss: 0.6252
2026/08/29 23:57:54 - __main__ - INFO - 162 - trainer - [104/257] Loss: 0.6996
2026/08/29 23:58:02 - __main__ - INFO - 162 - trainer - [156/257] Loss: 0.6034
2026/08/29 23:58:09 - __main__ - INFO - 162 - trainer - [208/257] Loss: 0.6804
2026/08/29 23:58:16 - __main__ - INFO - 167 - trainer - Average loss in epoch 243: 0.6176
2026/08/29 23:58:16 - __main__ - INFO - 117 - trainer - Epoch: 244
2026/08/29 23:58:16 - __main__ - INFO - 162 - trainer - [0/257] Loss: 0.5738
2026/08/29 23:58:24 - __main__ - INFO - 162 - trainer - [52/257] Loss: 0.6654
2026/08/29 23:58:31 - __main__ - INFO - 162 - trainer - [104/257] Loss: 0.6224
2026/08/29 23:58:39 - __main__ - INFO - 162 - trainer - [156/257] Loss: 0.6257
2026/08/29 23:58:47 - __main__ - INFO - 162 - trainer - [208/257] Loss: 0.6147
2026/08/29 23:58:54 - __main__ - INFO - 167 - trainer - Average loss in epoch 244: 0.6181
2026/08/29 23:58:54 - __main__ - INFO - 117 - trainer - Epoch: 245
2026/08/29 23:58:54 - __main__ - INFO - 162 - trainer - [0/257] Loss: 0.5840
2026/08/29 23:59:02 - __main__ - INFO - 162 - trainer - [52/257] Loss: 0.5973
2026/08/29 23:59:09 - __main__ - INFO - 162 - trainer - [104/257] Loss: 0.5794
2026/08/29 23:59:17 - __main__ - INFO - 162 - trainer - [156/257] Loss: 0.6175
2026/08/29 23:59:24 - __main__ - INFO - 162 - trainer - [208/257] Loss: 0.6156
2026/08/29 23:59:31 - __main__ - INFO - 167 - trainer - Average loss in epoch 245: 0.6179
2026/08/29 23:59:31 - __main__ - INFO - 117 - trainer - Epoch: 246
2026/08/29 23:59:32 - __main__ - INFO - 162 - trainer - [0/257] Loss: 0.5999
2026/08/29 23:59:39 - __main__ - INFO - 162 - trainer - [52/257] Loss: 0.6848
2026/08/29 23:59:47 - __main__ - INFO - 162 - trainer - [104/257] Loss: 0.6311
2026/08/29 23:59:54 - __main__ - INFO - 162 - trainer - [156/257] Loss: 0.6096
2026/08/30 00:00:02 - __main__ - INFO - 162 - trainer - [208/257] Loss: 0.6103
2026/08/30 00:00:09 - __main__ - INFO - 167 - trainer - Average loss in epoch 246: 0.6174
2026/08/30 00:00:09 - __main__ - INFO - 117 - trainer - Epoch: 247
2026/08/30 00:00:09 - __main__ - INFO - 162 - trainer - [0/257] Loss: 0.5894
2026/08/30 00:00:17 - __main__ - INFO - 162 - trainer - [52/257] Loss: 0.5861
2026/08/30 00:00:24 - __main__ - INFO - 162 - trainer - [104/257] Loss: 0.6365
2026/08/30 00:00:32 - __main__ - INFO - 162 - trainer - [156/257] Loss: 0.6110
2026/08/30 00:00:39 - __main__ - INFO - 162 - trainer - [208/257] Loss: 0.6071
2026/08/30 00:00:46 - __main__ - INFO - 167 - trainer - Average loss in epoch 247: 0.6193
2026/08/30 00:00:46 - __main__ - INFO - 117 - trainer - Epoch: 248
2026/08/30 00:00:46 - __main__ - INFO - 162 - trainer - [0/257] Loss: 0.5873
2026/08/30 00:00:54 - __main__ - INFO - 162 - trainer - [52/257] Loss: 0.6151
2026/08/30 00:01:02 - __main__ - INFO - 162 - trainer - [104/257] Loss: 0.6518
2026/08/30 00:01:09 - __main__ - INFO - 162 - trainer - [156/257] Loss: 0.6574
2026/08/30 00:01:17 - __main__ - INFO - 162 - trainer - [208/257] Loss: 0.5988
2026/08/30 00:01:24 - __main__ - INFO - 167 - trainer - Average loss in epoch 248: 0.6199
2026/08/30 00:01:24 - __main__ - INFO - 117 - trainer - Epoch: 249
2026/08/30 00:01:24 - __main__ - INFO - 162 - trainer - [0/257] Loss: 0.6028
2026/08/30 00:01:31 - __main__ - INFO - 162 - trainer - [52/257] Loss: 0.6385
2026/08/30 00:01:39 - __main__ - INFO - 162 - trainer - [104/257] Loss: 0.6495
2026/08/30 00:01:47 - __main__ - INFO - 162 - trainer - [156/257] Loss: 0.5871
2026/08/30 00:01:54 - __main__ - INFO - 162 - trainer - [208/257] Loss: 0.6655
2026/08/30 00:02:01 - __main__ - INFO - 167 - trainer - Average loss in epoch 249: 0.6182
2026/08/30 00:02:01 - __main__ - INFO - 117 - trainer - Epoch: 250
2026/08/30 00:02:01 - __main__ - INFO - 162 - trainer - [0/257] Loss: 0.6137
2026/08/30 00:02:09 - __main__ - INFO - 162 - trainer - [52/257] Loss: 0.6615
2026/08/30 00:02:16 - __main__ - INFO - 162 - trainer - [104/257] Loss: 0.6807
2026/08/30 00:02:24 - __main__ - INFO - 162 - trainer - [156/257] Loss: 0.6101
2026/08/30 00:02:31 - __main__ - INFO - 162 - trainer - [208/257] Loss: 0.5853
2026/08/30 00:02:38 - __main__ - INFO - 167 - trainer - Average loss in epoch 250: 0.6187
2026/08/30 00:02:38 - __main__ - INFO - 117 - trainer - Epoch: 251
2026/08/30 00:02:38 - __main__ - INFO - 162 - trainer - [0/257] Loss: 0.6495
2026/08/30 00:02:46 - __main__ - INFO - 162 - trainer - [52/257] Loss: 0.6310
2026/08/30 00:02:53 - __main__ - INFO - 162 - trainer - [104/257] Loss: 0.6095
2026/08/30 00:03:01 - __main__ - INFO - 162 - trainer - [156/257] Loss: 0.6212
2026/08/30 00:03:08 - __main__ - INFO - 162 - trainer - [208/257] Loss: 0.6731
2026/08/30 00:03:15 - __main__ - INFO - 167 - trainer - Average loss in epoch 251: 0.6178
2026/08/30 00:03:15 - __main__ - INFO - 117 - trainer - Epoch: 252
2026/08/30 00:03:15 - __main__ - INFO - 162 - trainer - [0/257] Loss: 0.6381
2026/08/30 00:03:23 - __main__ - INFO - 162 - trainer - [52/257] Loss: 0.6363
2026/08/30 00:03:30 - __main__ - INFO - 162 - trainer - [104/257] Loss: 0.5991
2026/08/30 00:03:38 - __main__ - INFO - 162 - trainer - [156/257] Loss: 0.6038
2026/08/30 00:03:45 - __main__ - INFO - 162 - trainer - [208/257] Loss: 0.6348
2026/08/30 00:03:52 - __main__ - INFO - 167 - trainer - Average loss in epoch 252: 0.6181
2026/08/30 00:03:52 - __main__ - INFO - 117 - trainer - Epoch: 253
2026/08/30 00:03:52 - __main__ - INFO - 162 - trainer - [0/257] Loss: 0.6883
2026/08/30 00:04:00 - __main__ - INFO - 162 - trainer - [52/257] Loss: 0.6348
2026/08/30 00:04:07 - __main__ - INFO - 162 - trainer - [104/257] Loss: 0.5564
2026/08/30 00:04:15 - __main__ - INFO - 162 - trainer - [156/257] Loss: 0.5904
2026/08/30 00:04:22 - __main__ - INFO - 162 - trainer - [208/257] Loss: 0.6379
2026/08/30 00:04:29 - __main__ - INFO - 167 - trainer - Average loss in epoch 253: 0.6174
2026/08/30 00:04:29 - __main__ - INFO - 117 - trainer - Epoch: 254
2026/08/30 00:04:29 - __main__ - INFO - 162 - trainer - [0/257] Loss: 0.5749
2026/08/30 00:04:37 - __main__ - INFO - 162 - trainer - [52/257] Loss: 0.5647
2026/08/30 00:04:44 - __main__ - INFO - 162 - trainer - [104/257] Loss: 0.6262
2026/08/30 00:04:52 - __main__ - INFO - 162 - trainer - [156/257] Loss: 0.6187
2026/08/30 00:04:59 - __main__ - INFO - 162 - trainer - [208/257] Loss: 0.6288
2026/08/30 00:05:06 - __main__ - INFO - 167 - trainer - Average loss in epoch 254: 0.6187
2026/08/30 00:05:06 - __main__ - INFO - 117 - trainer - Epoch: 255
2026/08/30 00:05:06 - __main__ - INFO - 162 - trainer - [0/257] Loss: 0.6581
2026/08/30 00:05:14 - __main__ - INFO - 162 - trainer - [52/257] Loss: 0.6401
2026/08/30 00:05:21 - __main__ - INFO - 162 - trainer - [104/257] Loss: 0.6170
2026/08/30 00:05:29 - __main__ - INFO - 162 - trainer - [156/257] Loss: 0.6150
2026/08/30 00:05:36 - __main__ - INFO - 162 - trainer - [208/257] Loss: 0.5863
2026/08/30 00:05:43 - __main__ - INFO - 167 - trainer - Average loss in epoch 255: 0.6165
2026/08/30 00:05:43 - __main__ - INFO - 117 - trainer - Epoch: 256
2026/08/30 00:05:43 - __main__ - INFO - 162 - trainer - [0/257] Loss: 0.6530
2026/08/30 00:05:51 - __main__ - INFO - 162 - trainer - [52/257] Loss: 0.6370
2026/08/30 00:05:58 - __main__ - INFO - 162 - trainer - [104/257] Loss: 0.6074
2026/08/30 00:06:06 - __main__ - INFO - 162 - trainer - [156/257] Loss: 0.6233
2026/08/30 00:06:13 - __main__ - INFO - 162 - trainer - [208/257] Loss: 0.6434
2026/08/30 00:06:20 - __main__ - INFO - 167 - trainer - Average loss in epoch 256: 0.6173
2026/08/30 00:06:20 - __main__ - INFO - 117 - trainer - Epoch: 257
2026/08/30 00:06:20 - __main__ - INFO - 162 - trainer - [0/257] Loss: 0.6389
2026/08/30 00:06:28 - __main__ - INFO - 162 - trainer - [52/257] Loss: 0.6580
2026/08/30 00:06:36 - __main__ - INFO - 162 - trainer - [104/257] Loss: 0.6050
2026/08/30 00:06:43 - __main__ - INFO - 162 - trainer - [156/257] Loss: 0.5915
2026/08/30 00:06:51 - __main__ - INFO - 162 - trainer - [208/257] Loss: 0.6247
2026/08/30 00:06:57 - __main__ - INFO - 167 - trainer - Average loss in epoch 257: 0.6216
2026/08/30 00:06:57 - __main__ - INFO - 117 - trainer - Epoch: 258
2026/08/30 00:06:58 - __main__ - INFO - 162 - trainer - [0/257] Loss: 0.5852
2026/08/30 00:07:05 - __main__ - INFO - 162 - trainer - [52/257] Loss: 0.6498
2026/08/30 00:07:12 - __main__ - INFO - 162 - trainer - [104/257] Loss: 0.6298
2026/08/30 00:07:20 - __main__ - INFO - 162 - trainer - [156/257] Loss: 0.6154
2026/08/30 00:07:28 - __main__ - INFO - 162 - trainer - [208/257] Loss: 0.6328
2026/08/30 00:07:34 - __main__ - INFO - 167 - trainer - Average loss in epoch 258: 0.6205
2026/08/30 00:07:34 - __main__ - INFO - 117 - trainer - Epoch: 259
2026/08/30 00:07:35 - __main__ - INFO - 162 - trainer - [0/257] Loss: 0.6258
2026/08/30 00:07:42 - __main__ - INFO - 162 - trainer - [52/257] Loss: 0.6100
2026/08/30 00:07:50 - __main__ - INFO - 162 - trainer - [104/257] Loss: 0.5606
2026/08/30 00:07:57 - __main__ - INFO - 162 - trainer - [156/257] Loss: 0.5996
2026/08/30 00:08:05 - __main__ - INFO - 162 - trainer - [208/257] Loss: 0.5850
2026/08/30 00:08:12 - __main__ - INFO - 167 - trainer - Average loss in epoch 259: 0.6174
2026/08/30 00:08:12 - __main__ - INFO - 117 - trainer - Epoch: 260
2026/08/30 00:08:12 - __main__ - INFO - 162 - trainer - [0/257] Loss: 0.6428
2026/08/30 00:08:19 - __main__ - INFO - 162 - trainer - [52/257] Loss: 0.6348
2026/08/30 00:08:27 - __main__ - INFO - 162 - trainer - [104/257] Loss: 0.6195
2026/08/30 00:08:34 - __main__ - INFO - 162 - trainer - [156/257] Loss: 0.6695
2026/08/30 00:08:41 - __main__ - INFO - 162 - trainer - [208/257] Loss: 0.6437
2026/08/30 00:08:48 - __main__ - INFO - 167 - trainer - Average loss in epoch 260: 0.6196
2026/08/30 00:08:48 - __main__ - INFO - 173 - trainer - start predicting: 2026-08-30 00:08:48.706740
2026/08/30 00:09:57 - __main__ - INFO - 117 - trainer - Epoch: 261
2026/08/30 00:09:58 - __main__ - INFO - 162 - trainer - [0/257] Loss: 0.5902
2026/08/30 00:10:05 - __main__ - INFO - 162 - trainer - [52/257] Loss: 0.5868
2026/08/30 00:10:12 - __main__ - INFO - 162 - trainer - [104/257] Loss: 0.5648
2026/08/30 00:10:19 - __main__ - INFO - 162 - trainer - [156/257] Loss: 0.6001
2026/08/30 00:10:26 - __main__ - INFO - 162 - trainer - [208/257] Loss: 0.6067
2026/08/30 00:10:32 - __main__ - INFO - 167 - trainer - Average loss in epoch 261: 0.6150
2026/08/30 00:10:32 - __main__ - INFO - 117 - trainer - Epoch: 262
2026/08/30 00:10:32 - __main__ - INFO - 162 - trainer - [0/257] Loss: 0.5935
2026/08/30 00:10:39 - __main__ - INFO - 162 - trainer - [52/257] Loss: 0.5803
2026/08/30 00:10:46 - __main__ - INFO - 162 - trainer - [104/257] Loss: 0.6044
2026/08/30 00:10:53 - __main__ - INFO - 162 - trainer - [156/257] Loss: 0.5724
2026/08/30 00:11:00 - __main__ - INFO - 162 - trainer - [208/257] Loss: 0.6070
2026/08/30 00:11:07 - __main__ - INFO - 167 - trainer - Average loss in epoch 262: 0.6190
2026/08/30 00:11:07 - __main__ - INFO - 117 - trainer - Epoch: 263
2026/08/30 00:11:07 - __main__ - INFO - 162 - trainer - [0/257] Loss: 0.6040
2026/08/30 00:11:14 - __main__ - INFO - 162 - trainer - [52/257] Loss: 0.5674
2026/08/30 00:11:21 - __main__ - INFO - 162 - trainer - [104/257] Loss: 0.6096
2026/08/30 00:11:28 - __main__ - INFO - 162 - trainer - [156/257] Loss: 0.6308
2026/08/30 00:11:35 - __main__ - INFO - 162 - trainer - [208/257] Loss: 0.6339
2026/08/30 00:11:41 - __main__ - INFO - 167 - trainer - Average loss in epoch 263: 0.6216
2026/08/30 00:11:41 - __main__ - INFO - 117 - trainer - Epoch: 264
2026/08/30 00:11:41 - __main__ - INFO - 162 - trainer - [0/257] Loss: 0.5885
2026/08/30 00:11:48 - __main__ - INFO - 162 - trainer - [52/257] Loss: 0.6339
2026/08/30 00:11:54 - __main__ - INFO - 162 - trainer - [104/257] Loss: 0.6905
2026/08/30 00:12:01 - __main__ - INFO - 162 - trainer - [156/257] Loss: 0.6194
2026/08/30 00:12:08 - __main__ - INFO - 162 - trainer - [208/257] Loss: 0.5880
2026/08/30 00:12:14 - __main__ - INFO - 167 - trainer - Average loss in epoch 264: 0.6175
2026/08/30 00:12:14 - __main__ - INFO - 117 - trainer - Epoch: 265
2026/08/30 00:12:15 - __main__ - INFO - 162 - trainer - [0/257] Loss: 0.6153
2026/08/30 00:12:22 - __main__ - INFO - 162 - trainer - [52/257] Loss: 0.5883
2026/08/30 00:12:28 - __main__ - INFO - 162 - trainer - [104/257] Loss: 0.6105
2026/08/30 00:12:35 - __main__ - INFO - 162 - trainer - [156/257] Loss: 0.6181
2026/08/30 00:12:42 - __main__ - INFO - 162 - trainer - [208/257] Loss: 0.5765
2026/08/30 00:12:48 - __main__ - INFO - 167 - trainer - Average loss in epoch 265: 0.6159
2026/08/30 00:12:48 - __main__ - INFO - 117 - trainer - Epoch: 266
2026/08/30 00:12:49 - __main__ - INFO - 162 - trainer - [0/257] Loss: 0.6215
2026/08/30 00:12:55 - __main__ - INFO - 162 - trainer - [52/257] Loss: 0.5834
2026/08/30 00:13:02 - __main__ - INFO - 162 - trainer - [104/257] Loss: 0.6053
2026/08/30 00:13:09 - __main__ - INFO - 162 - trainer - [156/257] Loss: 0.6003
2026/08/30 00:13:16 - __main__ - INFO - 162 - trainer - [208/257] Loss: 0.5916
2026/08/30 00:13:22 - __main__ - INFO - 167 - trainer - Average loss in epoch 266: 0.6207
2026/08/30 00:13:22 - __main__ - INFO - 117 - trainer - Epoch: 267
2026/08/30 00:13:23 - __main__ - INFO - 162 - trainer - [0/257] Loss: 0.6022
2026/08/30 00:13:30 - __main__ - INFO - 162 - trainer - [52/257] Loss: 0.5948
2026/08/30 00:13:36 - __main__ - INFO - 162 - trainer - [104/257] Loss: 0.5842
2026/08/30 00:13:43 - __main__ - INFO - 162 - trainer - [156/257] Loss: 0.6175
2026/08/30 00:13:50 - __main__ - INFO - 162 - trainer - [208/257] Loss: 0.6289
2026/08/30 00:13:56 - __main__ - INFO - 167 - trainer - Average loss in epoch 267: 0.6181
2026/08/30 00:13:56 - __main__ - INFO - 117 - trainer - Epoch: 268
2026/08/30 00:13:56 - __main__ - INFO - 162 - trainer - [0/257] Loss: 0.6030
2026/08/30 00:14:03 - __main__ - INFO - 162 - trainer - [52/257] Loss: 0.6482
2026/08/30 00:14:10 - __main__ - INFO - 162 - trainer - [104/257] Loss: 0.5733
2026/08/30 00:14:17 - __main__ - INFO - 162 - trainer - [156/257] Loss: 0.6255
2026/08/30 00:14:24 - __main__ - INFO - 162 - trainer - [208/257] Loss: 0.6491
2026/08/30 00:14:30 - __main__ - INFO - 167 - trainer - Average loss in epoch 268: 0.6209
2026/08/30 00:14:30 - __main__ - INFO - 117 - trainer - Epoch: 269
2026/08/30 00:14:30 - __main__ - INFO - 162 - trainer - [0/257] Loss: 0.5846
2026/08/30 00:14:37 - __main__ - INFO - 162 - trainer - [52/257] Loss: 0.6365
2026/08/30 00:14:44 - __main__ - INFO - 162 - trainer - [104/257] Loss: 0.5928
2026/08/30 00:14:51 - __main__ - INFO - 162 - trainer - [156/257] Loss: 0.6215
2026/08/30 00:14:58 - __main__ - INFO - 162 - trainer - [208/257] Loss: 0.7091
2026/08/30 00:15:04 - __main__ - INFO - 167 - trainer - Average loss in epoch 269: 0.6160
2026/08/30 00:15:04 - __main__ - INFO - 117 - trainer - Epoch: 270
2026/08/30 00:15:04 - __main__ - INFO - 162 - trainer - [0/257] Loss: 0.5752
2026/08/30 00:15:11 - __main__ - INFO - 162 - trainer - [52/257] Loss: 0.5855
2026/08/30 00:15:18 - __main__ - INFO - 162 - trainer - [104/257] Loss: 0.6146
2026/08/30 00:15:25 - __main__ - INFO - 162 - trainer - [156/257] Loss: 0.6036
2026/08/30 00:15:31 - __main__ - INFO - 162 - trainer - [208/257] Loss: 0.6404
2026/08/30 00:15:38 - __main__ - INFO - 167 - trainer - Average loss in epoch 270: 0.6179
2026/08/30 00:15:38 - __main__ - INFO - 117 - trainer - Epoch: 271
2026/08/30 00:15:38 - __main__ - INFO - 162 - trainer - [0/257] Loss: 0.6932
2026/08/30 00:15:45 - __main__ - INFO - 162 - trainer - [52/257] Loss: 0.6402
2026/08/30 00:15:52 - __main__ - INFO - 162 - trainer - [104/257] Loss: 0.5984
2026/08/30 00:15:59 - __main__ - INFO - 162 - trainer - [156/257] Loss: 0.6177
2026/08/30 00:16:06 - __main__ - INFO - 162 - trainer - [208/257] Loss: 0.5775
2026/08/30 00:16:12 - __main__ - INFO - 167 - trainer - Average loss in epoch 271: 0.6178
2026/08/30 00:16:12 - __main__ - INFO - 117 - trainer - Epoch: 272
2026/08/30 00:16:12 - __main__ - INFO - 162 - trainer - [0/257] Loss: 0.5940
2026/08/30 00:16:19 - __main__ - INFO - 162 - trainer - [52/257] Loss: 0.5779
2026/08/30 00:16:26 - __main__ - INFO - 162 - trainer - [104/257] Loss: 0.6417
2026/08/30 00:16:33 - __main__ - INFO - 162 - trainer - [156/257] Loss: 0.5810
2026/08/30 00:16:39 - __main__ - INFO - 162 - trainer - [208/257] Loss: 0.6378
2026/08/30 00:16:46 - __main__ - INFO - 167 - trainer - Average loss in epoch 272: 0.6156
2026/08/30 00:16:46 - __main__ - INFO - 117 - trainer - Epoch: 273
2026/08/30 00:16:46 - __main__ - INFO - 162 - trainer - [0/257] Loss: 0.6371
2026/08/30 00:16:53 - __main__ - INFO - 162 - trainer - [52/257] Loss: 0.6836
2026/08/30 00:17:00 - __main__ - INFO - 162 - trainer - [104/257] Loss: 0.6532
2026/08/30 00:17:06 - __main__ - INFO - 162 - trainer - [156/257] Loss: 0.6650
2026/08/30 00:17:13 - __main__ - INFO - 162 - trainer - [208/257] Loss: 0.6350
2026/08/30 00:17:20 - __main__ - INFO - 167 - trainer - Average loss in epoch 273: 0.6182
2026/08/30 00:17:20 - __main__ - INFO - 117 - trainer - Epoch: 274
2026/08/30 00:17:20 - __main__ - INFO - 162 - trainer - [0/257] Loss: 0.5751
2026/08/30 00:17:27 - __main__ - INFO - 162 - trainer - [52/257] Loss: 0.6148
2026/08/30 00:17:33 - __main__ - INFO - 162 - trainer - [104/257] Loss: 0.6246
2026/08/30 00:17:40 - __main__ - INFO - 162 - trainer - [156/257] Loss: 0.6499
2026/08/30 00:17:47 - __main__ - INFO - 162 - trainer - [208/257] Loss: 0.6652
2026/08/30 00:17:53 - __main__ - INFO - 167 - trainer - Average loss in epoch 274: 0.6223
2026/08/30 00:17:53 - __main__ - INFO - 117 - trainer - Epoch: 275
2026/08/30 00:17:54 - __main__ - INFO - 162 - trainer - [0/257] Loss: 0.5942
2026/08/30 00:18:00 - __main__ - INFO - 162 - trainer - [52/257] Loss: 0.6236
2026/08/30 00:18:07 - __main__ - INFO - 162 - trainer - [104/257] Loss: 0.6507
2026/08/30 00:18:14 - __main__ - INFO - 162 - trainer - [156/257] Loss: 0.6513
2026/08/30 00:18:21 - __main__ - INFO - 162 - trainer - [208/257] Loss: 0.6072
2026/08/30 00:18:27 - __main__ - INFO - 167 - trainer - Average loss in epoch 275: 0.6175
2026/08/30 00:18:27 - __main__ - INFO - 117 - trainer - Epoch: 276
2026/08/30 00:18:27 - __main__ - INFO - 162 - trainer - [0/257] Loss: 0.6371
2026/08/30 00:18:34 - __main__ - INFO - 162 - trainer - [52/257] Loss: 0.6297
2026/08/30 00:18:41 - __main__ - INFO - 162 - trainer - [104/257] Loss: 0.6322
2026/08/30 00:18:48 - __main__ - INFO - 162 - trainer - [156/257] Loss: 0.5942
2026/08/30 00:18:54 - __main__ - INFO - 162 - trainer - [208/257] Loss: 0.6776
2026/08/30 00:19:01 - __main__ - INFO - 167 - trainer - Average loss in epoch 276: 0.6170
2026/08/30 00:19:01 - __main__ - INFO - 117 - trainer - Epoch: 277
2026/08/30 00:19:01 - __main__ - INFO - 162 - trainer - [0/257] Loss: 0.6393
2026/08/30 00:19:08 - __main__ - INFO - 162 - trainer - [52/257] Loss: 0.6579
2026/08/30 00:19:15 - __main__ - INFO - 162 - trainer - [104/257] Loss: 0.6288
2026/08/30 00:19:21 - __main__ - INFO - 162 - trainer - [156/257] Loss: 0.5959
2026/08/30 00:19:28 - __main__ - INFO - 162 - trainer - [208/257] Loss: 0.5880
2026/08/30 00:19:34 - __main__ - INFO - 167 - trainer - Average loss in epoch 277: 0.6167
2026/08/30 00:19:34 - __main__ - INFO - 117 - trainer - Epoch: 278
2026/08/30 00:19:35 - __main__ - INFO - 162 - trainer - [0/257] Loss: 0.6200
2026/08/30 00:19:41 - __main__ - INFO - 162 - trainer - [52/257] Loss: 0.6427
2026/08/30 00:19:48 - __main__ - INFO - 162 - trainer - [104/257] Loss: 0.5473
2026/08/30 00:19:55 - __main__ - INFO - 162 - trainer - [156/257] Loss: 0.5963
2026/08/30 00:20:02 - __main__ - INFO - 162 - trainer - [208/257] Loss: 0.6090
2026/08/30 00:20:08 - __main__ - INFO - 167 - trainer - Average loss in epoch 278: 0.6188
2026/08/30 00:20:08 - __main__ - INFO - 117 - trainer - Epoch: 279
2026/08/30 00:20:08 - __main__ - INFO - 162 - trainer - [0/257] Loss: 0.6681
2026/08/30 00:20:15 - __main__ - INFO - 162 - trainer - [52/257] Loss: 0.7000
2026/08/30 00:20:22 - __main__ - INFO - 162 - trainer - [104/257] Loss: 0.6606
2026/08/30 00:20:29 - __main__ - INFO - 162 - trainer - [156/257] Loss: 0.6381
2026/08/30 00:20:36 - __main__ - INFO - 162 - trainer - [208/257] Loss: 0.6267
2026/08/30 00:20:42 - __main__ - INFO - 167 - trainer - Average loss in epoch 279: 0.6205
2026/08/30 00:20:42 - __main__ - INFO - 117 - trainer - Epoch: 280
2026/08/30 00:20:42 - __main__ - INFO - 162 - trainer - [0/257] Loss: 0.6160
2026/08/30 00:20:49 - __main__ - INFO - 162 - trainer - [52/257] Loss: 0.6167
2026/08/30 00:20:56 - __main__ - INFO - 162 - trainer - [104/257] Loss: 0.5888
2026/08/30 00:21:03 - __main__ - INFO - 162 - trainer - [156/257] Loss: 0.6806
2026/08/30 00:21:09 - __main__ - INFO - 162 - trainer - [208/257] Loss: 0.6643
2026/08/30 00:21:16 - __main__ - INFO - 167 - trainer - Average loss in epoch 280: 0.6213
2026/08/30 00:21:16 - __main__ - INFO - 173 - trainer - start predicting: 2026-08-30 00:21:16.141293
2026/08/30 00:22:18 - __main__ - INFO - 117 - trainer - Epoch: 281
2026/08/30 00:22:18 - __main__ - INFO - 162 - trainer - [0/257] Loss: 0.5993
2026/08/30 00:22:26 - __main__ - INFO - 162 - trainer - [52/257] Loss: 0.5894
2026/08/30 00:22:34 - __main__ - INFO - 162 - trainer - [104/257] Loss: 0.5878
2026/08/30 00:22:42 - __main__ - INFO - 162 - trainer - [156/257] Loss: 0.6701
2026/08/30 00:22:49 - __main__ - INFO - 162 - trainer - [208/257] Loss: 0.6066
2026/08/30 00:22:56 - __main__ - INFO - 167 - trainer - Average loss in epoch 281: 0.6217
2026/08/30 00:22:56 - __main__ - INFO - 117 - trainer - Epoch: 282
2026/08/30 00:22:56 - __main__ - INFO - 162 - trainer - [0/257] Loss: 0.6565
2026/08/30 00:23:04 - __main__ - INFO - 162 - trainer - [52/257] Loss: 0.5696
2026/08/30 00:23:12 - __main__ - INFO - 162 - trainer - [104/257] Loss: 0.6141
2026/08/30 00:23:19 - __main__ - INFO - 162 - trainer - [156/257] Loss: 0.5546
2026/08/30 00:23:27 - __main__ - INFO - 162 - trainer - [208/257] Loss: 0.5733
2026/08/30 00:23:34 - __main__ - INFO - 167 - trainer - Average loss in epoch 282: 0.6193
2026/08/30 00:23:34 - __main__ - INFO - 117 - trainer - Epoch: 283
2026/08/30 00:23:34 - __main__ - INFO - 162 - trainer - [0/257] Loss: 0.6246
2026/08/30 00:23:42 - __main__ - INFO - 162 - trainer - [52/257] Loss: 0.6677
2026/08/30 00:23:50 - __main__ - INFO - 162 - trainer - [104/257] Loss: 0.6271
2026/08/30 00:23:58 - __main__ - INFO - 162 - trainer - [156/257] Loss: 0.6235
2026/08/30 00:24:05 - __main__ - INFO - 162 - trainer - [208/257] Loss: 0.6109
2026/08/30 00:24:13 - __main__ - INFO - 167 - trainer - Average loss in epoch 283: 0.6191
2026/08/30 00:24:13 - __main__ - INFO - 117 - trainer - Epoch: 284
2026/08/30 00:24:13 - __main__ - INFO - 162 - trainer - [0/257] Loss: 0.5607
2026/08/30 00:24:21 - __main__ - INFO - 162 - trainer - [52/257] Loss: 0.5855
2026/08/30 00:24:28 - __main__ - INFO - 162 - trainer - [104/257] Loss: 0.6515
2026/08/30 00:24:36 - __main__ - INFO - 162 - trainer - [156/257] Loss: 0.6336
2026/08/30 00:24:44 - __main__ - INFO - 162 - trainer - [208/257] Loss: 0.6215
2026/08/30 00:24:51 - __main__ - INFO - 167 - trainer - Average loss in epoch 284: 0.6166
2026/08/30 00:24:51 - __main__ - INFO - 117 - trainer - Epoch: 285
2026/08/30 00:24:51 - __main__ - INFO - 162 - trainer - [0/257] Loss: 0.6205
2026/08/30 00:24:59 - __main__ - INFO - 162 - trainer - [52/257] Loss: 0.5833
2026/08/30 00:25:06 - __main__ - INFO - 162 - trainer - [104/257] Loss: 0.6205
2026/08/30 00:25:14 - __main__ - INFO - 162 - trainer - [156/257] Loss: 0.6200
2026/08/30 00:25:22 - __main__ - INFO - 162 - trainer - [208/257] Loss: 0.5618
2026/08/30 00:25:29 - __main__ - INFO - 167 - trainer - Average loss in epoch 285: 0.6153
2026/08/30 00:25:29 - __main__ - INFO - 117 - trainer - Epoch: 286
2026/08/30 00:25:29 - __main__ - INFO - 162 - trainer - [0/257] Loss: 0.6191
2026/08/30 00:25:36 - __main__ - INFO - 162 - trainer - [52/257] Loss: 0.6305
2026/08/30 00:25:44 - __main__ - INFO - 162 - trainer - [104/257] Loss: 0.6409
2026/08/30 00:25:52 - __main__ - INFO - 162 - trainer - [156/257] Loss: 0.6275
2026/08/30 00:25:59 - __main__ - INFO - 162 - trainer - [208/257] Loss: 0.6706
2026/08/30 00:26:06 - __main__ - INFO - 167 - trainer - Average loss in epoch 286: 0.6182
2026/08/30 00:26:06 - __main__ - INFO - 117 - trainer - Epoch: 287
2026/08/30 00:26:06 - __main__ - INFO - 162 - trainer - [0/257] Loss: 0.6632
2026/08/30 00:26:14 - __main__ - INFO - 162 - trainer - [52/257] Loss: 0.5898
2026/08/30 00:26:21 - __main__ - INFO - 162 - trainer - [104/257] Loss: 0.5686
2026/08/30 00:26:29 - __main__ - INFO - 162 - trainer - [156/257] Loss: 0.6035
2026/08/30 00:26:36 - __main__ - INFO - 162 - trainer - [208/257] Loss: 0.6373
2026/08/30 00:26:43 - __main__ - INFO - 167 - trainer - Average loss in epoch 287: 0.6151
2026/08/30 00:26:43 - __main__ - INFO - 117 - trainer - Epoch: 288
2026/08/30 00:26:44 - __main__ - INFO - 162 - trainer - [0/257] Loss: 0.6146
2026/08/30 00:26:51 - __main__ - INFO - 162 - trainer - [52/257] Loss: 0.6993
2026/08/30 00:26:59 - __main__ - INFO - 162 - trainer - [104/257] Loss: 0.6306
2026/08/30 00:27:06 - __main__ - INFO - 162 - trainer - [156/257] Loss: 0.6302
2026/08/30 00:27:13 - __main__ - INFO - 162 - trainer - [208/257] Loss: 0.6414
2026/08/30 00:27:20 - __main__ - INFO - 167 - trainer - Average loss in epoch 288: 0.6196
2026/08/30 00:27:20 - __main__ - INFO - 117 - trainer - Epoch: 289
2026/08/30 00:27:20 - __main__ - INFO - 162 - trainer - [0/257] Loss: 0.6539
2026/08/30 00:27:28 - __main__ - INFO - 162 - trainer - [52/257] Loss: 0.6519
2026/08/30 00:27:36 - __main__ - INFO - 162 - trainer - [104/257] Loss: 0.6306
2026/08/30 00:27:43 - __main__ - INFO - 162 - trainer - [156/257] Loss: 0.7019
2026/08/30 00:27:51 - __main__ - INFO - 162 - trainer - [208/257] Loss: 0.5852
2026/08/30 00:27:58 - __main__ - INFO - 167 - trainer - Average loss in epoch 289: 0.6194
2026/08/30 00:27:58 - __main__ - INFO - 117 - trainer - Epoch: 290
2026/08/30 00:27:58 - __main__ - INFO - 162 - trainer - [0/257] Loss: 0.6546
2026/08/30 00:28:05 - __main__ - INFO - 162 - trainer - [52/257] Loss: 0.6256
2026/08/30 00:28:13 - __main__ - INFO - 162 - trainer - [104/257] Loss: 0.5610
2026/08/30 00:28:20 - __main__ - INFO - 162 - trainer - [156/257] Loss: 0.6165
2026/08/30 00:28:28 - __main__ - INFO - 162 - trainer - [208/257] Loss: 0.6194
2026/08/30 00:28:35 - __main__ - INFO - 167 - trainer - Average loss in epoch 290: 0.6163
2026/08/30 00:28:35 - __main__ - INFO - 117 - trainer - Epoch: 291
2026/08/30 00:28:35 - __main__ - INFO - 162 - trainer - [0/257] Loss: 0.6114
2026/08/30 00:28:42 - __main__ - INFO - 162 - trainer - [52/257] Loss: 0.6602
2026/08/30 00:28:50 - __main__ - INFO - 162 - trainer - [104/257] Loss: 0.6400
2026/08/30 00:28:58 - __main__ - INFO - 162 - trainer - [156/257] Loss: 0.5908
2026/08/30 00:29:05 - __main__ - INFO - 162 - trainer - [208/257] Loss: 0.6455
2026/08/30 00:29:12 - __main__ - INFO - 167 - trainer - Average loss in epoch 291: 0.6155
2026/08/30 00:29:12 - __main__ - INFO - 117 - trainer - Epoch: 292
2026/08/30 00:29:12 - __main__ - INFO - 162 - trainer - [0/257] Loss: 0.6775
2026/08/30 00:29:20 - __main__ - INFO - 162 - trainer - [52/257] Loss: 0.5669
2026/08/30 00:29:27 - __main__ - INFO - 162 - trainer - [104/257] Loss: 0.6149
2026/08/30 00:29:35 - __main__ - INFO - 162 - trainer - [156/257] Loss: 0.6220
2026/08/30 00:29:42 - __main__ - INFO - 162 - trainer - [208/257] Loss: 0.5971
2026/08/30 00:29:49 - __main__ - INFO - 167 - trainer - Average loss in epoch 292: 0.6202
2026/08/30 00:29:49 - __main__ - INFO - 117 - trainer - Epoch: 293
2026/08/30 00:29:49 - __main__ - INFO - 162 - trainer - [0/257] Loss: 0.5967
2026/08/30 00:29:57 - __main__ - INFO - 162 - trainer - [52/257] Loss: 0.6613
2026/08/30 00:30:04 - __main__ - INFO - 162 - trainer - [104/257] Loss: 0.5911
2026/08/30 00:30:12 - __main__ - INFO - 162 - trainer - [156/257] Loss: 0.6283
2026/08/30 00:30:19 - __main__ - INFO - 162 - trainer - [208/257] Loss: 0.6447
2026/08/30 00:30:26 - __main__ - INFO - 167 - trainer - Average loss in epoch 293: 0.6179
2026/08/30 00:30:26 - __main__ - INFO - 117 - trainer - Epoch: 294
2026/08/30 00:30:26 - __main__ - INFO - 162 - trainer - [0/257] Loss: 0.6398
2026/08/30 00:30:34 - __main__ - INFO - 162 - trainer - [52/257] Loss: 0.6291
2026/08/30 00:30:41 - __main__ - INFO - 162 - trainer - [104/257] Loss: 0.6412
2026/08/30 00:30:49 - __main__ - INFO - 162 - trainer - [156/257] Loss: 0.5668
2026/08/30 00:30:56 - __main__ - INFO - 162 - trainer - [208/257] Loss: 0.6374
2026/08/30 00:31:03 - __main__ - INFO - 167 - trainer - Average loss in epoch 294: 0.6182
2026/08/30 00:31:03 - __main__ - INFO - 117 - trainer - Epoch: 295
2026/08/30 00:31:03 - __main__ - INFO - 162 - trainer - [0/257] Loss: 0.6474
2026/08/30 00:31:11 - __main__ - INFO - 162 - trainer - [52/257] Loss: 0.5559
2026/08/30 00:31:18 - __main__ - INFO - 162 - trainer - [104/257] Loss: 0.6809
2026/08/30 00:31:26 - __main__ - INFO - 162 - trainer - [156/257] Loss: 0.6354
2026/08/30 00:31:34 - __main__ - INFO - 162 - trainer - [208/257] Loss: 0.6186
2026/08/30 00:31:40 - __main__ - INFO - 167 - trainer - Average loss in epoch 295: 0.6172
2026/08/30 00:31:40 - __main__ - INFO - 117 - trainer - Epoch: 296
2026/08/30 00:31:41 - __main__ - INFO - 162 - trainer - [0/257] Loss: 0.6093
2026/08/30 00:31:48 - __main__ - INFO - 162 - trainer - [52/257] Loss: 0.6321
2026/08/30 00:31:55 - __main__ - INFO - 162 - trainer - [104/257] Loss: 0.6339
2026/08/30 00:32:03 - __main__ - INFO - 162 - trainer - [156/257] Loss: 0.6522
2026/08/30 00:32:10 - __main__ - INFO - 162 - trainer - [208/257] Loss: 0.6043
2026/08/30 00:32:17 - __main__ - INFO - 167 - trainer - Average loss in epoch 296: 0.6163
2026/08/30 00:32:17 - __main__ - INFO - 117 - trainer - Epoch: 297
2026/08/30 00:32:17 - __main__ - INFO - 162 - trainer - [0/257] Loss: 0.5798
2026/08/30 00:32:25 - __main__ - INFO - 162 - trainer - [52/257] Loss: 0.6175
2026/08/30 00:32:32 - __main__ - INFO - 162 - trainer - [104/257] Loss: 0.5937
2026/08/30 00:32:40 - __main__ - INFO - 162 - trainer - [156/257] Loss: 0.5882
2026/08/30 00:32:48 - __main__ - INFO - 162 - trainer - [208/257] Loss: 0.5921
2026/08/30 00:32:55 - __main__ - INFO - 167 - trainer - Average loss in epoch 297: 0.6193
2026/08/30 00:32:55 - __main__ - INFO - 117 - trainer - Epoch: 298
2026/08/30 00:32:55 - __main__ - INFO - 162 - trainer - [0/257] Loss: 0.5467
2026/08/30 00:33:02 - __main__ - INFO - 162 - trainer - [52/257] Loss: 0.6619
2026/08/30 00:33:10 - __main__ - INFO - 162 - trainer - [104/257] Loss: 0.6275
2026/08/30 00:33:17 - __main__ - INFO - 162 - trainer - [156/257] Loss: 0.6273
2026/08/30 00:33:25 - __main__ - INFO - 162 - trainer - [208/257] Loss: 0.6350
2026/08/30 00:33:31 - __main__ - INFO - 167 - trainer - Average loss in epoch 298: 0.6191
2026/08/30 00:33:31 - __main__ - INFO - 117 - trainer - Epoch: 299
2026/08/30 00:33:32 - __main__ - INFO - 162 - trainer - [0/257] Loss: 0.5945
2026/08/30 00:33:39 - __main__ - INFO - 162 - trainer - [52/257] Loss: 0.6024
2026/08/30 00:33:47 - __main__ - INFO - 162 - trainer - [104/257] Loss: 0.5765
2026/08/30 00:33:54 - __main__ - INFO - 162 - trainer - [156/257] Loss: 0.6647
2026/08/30 00:34:02 - __main__ - INFO - 162 - trainer - [208/257] Loss: 0.6294
2026/08/30 00:34:09 - __main__ - INFO - 167 - trainer - Average loss in epoch 299: 0.6189
2026/08/30 00:34:09 - __main__ - INFO - 117 - trainer - Epoch: 300
2026/08/30 00:34:09 - __main__ - INFO - 162 - trainer - [0/257] Loss: 0.6095
2026/08/30 00:34:16 - __main__ - INFO - 162 - trainer - [52/257] Loss: 0.6201
2026/08/30 00:34:24 - __main__ - INFO - 162 - trainer - [104/257] Loss: 0.6030
2026/08/30 00:34:31 - __main__ - INFO - 162 - trainer - [156/257] Loss: 0.6520
2026/08/30 00:34:38 - __main__ - INFO - 162 - trainer - [208/257] Loss: 0.6298
2026/08/30 00:34:45 - __main__ - INFO - 167 - trainer - Average loss in epoch 300: 0.6151
2026/08/30 00:34:45 - __main__ - INFO - 173 - trainer - start predicting: 2026-08-30 00:34:45.824726
2026/08/30 00:35:51 - __main__ - INFO - 210 - trainer - {'Best_HR@5': np.float64(1.0198), 'Best_HR@10': np.float64(1.8847), 'Best_HR@20': np.float64(3.1883), 'Best_NDCG@5': np.float64(0.6277), 'Best_NDCG@10': np.float64(0.8949), 'Best_NDCG@20': np.float64(1.2163)}
2026/08/30 00:35:51 - __main__ - INFO - 211 - trainer - {'Best_epoch_HR@5': 180, 'Best_epoch_HR@10': 200, 'Best_epoch_HR@20': 200, 'Best_epoch_NDCG@5': 180, 'Best_epoch_NDCG@10': 180, 'Best_epoch_NDCG@20': 180}
2026/08/30 00:43:33 - __main__ - INFO - 268 - trainer - Train------------------------------------------------------
2026/08/30 00:43:33 - __main__ - INFO - 270 - trainer - {'HR@5': np.float64(1.9619), 'HR@10': np.float64(3.5738), 'HR@20': np.float64(6.0908), 'NDCG@5': np.float64(1.198), 'NDCG@10': np.float64(1.7145), 'NDCG@20': np.float64(2.3446)}
2026/08/30 00:43:33 - __main__ - INFO - 274 - trainer - Test------------------------------------------------------
2026/08/30 00:43:33 - __main__ - INFO - 276 - trainer - {'HR@5': np.float64(0.7144), 'HR@10': np.float64(1.3867), 'HR@20': np.float64(2.4917), 'NDCG@5': np.float64(0.4152), 'NDCG@10': np.float64(0.6321), 'NDCG@20': np.float64(0.9089)}
2026/08/30 00:43:33 - __main__ - INFO - 279 - trainer - Best Eval---------------------------------------------------------
2026/08/30 00:43:33 - __main__ - INFO - 282 - trainer - {'Best_HR@5': np.float64(1.0198), 'Best_HR@10': np.float64(1.8847), 'Best_HR@20': np.float64(3.1883), 'Best_NDCG@5': np.float64(0.6277), 'Best_NDCG@10': np.float64(0.8949), 'Best_NDCG@20': np.float64(1.2163)}
2026/08/30 00:43:33 - __main__ - INFO - 283 - trainer - {'Best_epoch_HR@5': 180, 'Best_epoch_HR@10': 200, 'Best_epoch_HR@20': 200, 'Best_epoch_NDCG@5': 180, 'Best_epoch_NDCG@10': 180, 'Best_epoch_NDCG@20': 180}
