2026/08/31 10:11:23 - __main__ - INFO - 73 - main - Namespace(dataset='ml-100k', log_file='log/', random_seed=42, max_len=50, device='cuda', num_gpu=1, batch_size=512, hidden_size=128, dropout=0.1, emb_dropout=0.3, hidden_act='gelu', num_blocks=4, epochs=500, decay_step=100, gamma=0.1, metric_ks=[5, 10, 20], optimizer='Adam', lr=0.001, weight_decay=0, momentum=None, lambda_uncertainty=0.001, eval_interval=20, patience=5, eps=0.001, sample_N=30, lambda_t=0.001, dropout_c=0.1, eps_reverse=0.001, m_logNorm=1.0, s_logNorm=0.6, s_modsamp=1.0, last=2, mask_ratio=1.0, sampling_method='mode', Loss_Alpha=0.2, Loss_Beta=0.4)
2026/08/31 10:11:24 - __main__ - INFO - 117 - trainer - Epoch: 0
2026/08/31 10:11:24 - __main__ - INFO - 162 - trainer - [0/190] Loss: 13.0226
2026/08/31 10:11:30 - __main__ - INFO - 162 - trainer - [39/190] Loss: 6.7382
2026/08/31 10:11:36 - __main__ - INFO - 162 - trainer - [78/190] Loss: 5.9014
2026/08/31 10:11:41 - __main__ - INFO - 162 - trainer - [117/190] Loss: 4.9963
2026/08/31 10:11:47 - __main__ - INFO - 162 - trainer - [156/190] Loss: 4.7616
2026/08/31 10:11:52 - __main__ - INFO - 167 - trainer - Average loss in epoch 0: 5.8941
2026/08/31 10:11:52 - __main__ - INFO - 117 - trainer - Epoch: 1
2026/08/31 10:11:52 - __main__ - INFO - 162 - trainer - [0/190] Loss: 4.5431
2026/08/31 10:11:57 - __main__ - INFO - 162 - trainer - [39/190] Loss: 4.1622
2026/08/31 10:12:03 - __main__ - INFO - 162 - trainer - [78/190] Loss: 3.9127
2026/08/31 10:12:09 - __main__ - INFO - 162 - trainer - [117/190] Loss: 3.5874
2026/08/31 10:12:14 - __main__ - INFO - 162 - trainer - [156/190] Loss: 3.4404
2026/08/31 10:12:19 - __main__ - INFO - 167 - trainer - Average loss in epoch 1: 3.7977
2026/08/31 10:12:19 - __main__ - INFO - 117 - trainer - Epoch: 2
2026/08/31 10:12:19 - __main__ - INFO - 162 - trainer - [0/190] Loss: 3.1681
2026/08/31 10:12:25 - __main__ - INFO - 162 - trainer - [39/190] Loss: 2.8645
2026/08/31 10:12:31 - __main__ - INFO - 162 - trainer - [78/190] Loss: 2.6887
2026/08/31 10:12:36 - __main__ - INFO - 162 - trainer - [117/190] Loss: 2.5603
2026/08/31 10:12:42 - __main__ - INFO - 162 - trainer - [156/190] Loss: 2.4626
2026/08/31 10:12:47 - __main__ - INFO - 167 - trainer - Average loss in epoch 2: 2.6761
2026/08/31 10:12:47 - __main__ - INFO - 117 - trainer - Epoch: 3
2026/08/31 10:12:47 - __main__ - INFO - 162 - trainer - [0/190] Loss: 2.3922
2026/08/31 10:12:53 - __main__ - INFO - 162 - trainer - [39/190] Loss: 2.3883
2026/08/31 10:12:58 - __main__ - INFO - 162 - trainer - [78/190] Loss: 2.3621
2026/08/31 10:13:04 - __main__ - INFO - 162 - trainer - [117/190] Loss: 2.2987
2026/08/31 10:13:10 - __main__ - INFO - 162 - trainer - [156/190] Loss: 2.2835
2026/08/31 10:13:15 - __main__ - INFO - 167 - trainer - Average loss in epoch 3: 2.3391
2026/08/31 10:13:15 - __main__ - INFO - 117 - trainer - Epoch: 4
2026/08/31 10:13:15 - __main__ - INFO - 162 - trainer - [0/190] Loss: 2.3015
2026/08/31 10:13:20 - __main__ - INFO - 162 - trainer - [39/190] Loss: 2.2371
2026/08/31 10:13:26 - __main__ - INFO - 162 - trainer - [78/190] Loss: 2.2066
2026/08/31 10:13:32 - __main__ - INFO - 162 - trainer - [117/190] Loss: 2.2092
2026/08/31 10:13:38 - __main__ - INFO - 162 - trainer - [156/190] Loss: 2.1976
2026/08/31 10:13:42 - __main__ - INFO - 167 - trainer - Average loss in epoch 4: 2.2271
2026/08/31 10:13:42 - __main__ - INFO - 117 - trainer - Epoch: 5
2026/08/31 10:13:43 - __main__ - INFO - 162 - trainer - [0/190] Loss: 2.1879
2026/08/31 10:13:48 - __main__ - INFO - 162 - trainer - [39/190] Loss: 2.1603
2026/08/31 10:13:54 - __main__ - INFO - 162 - trainer - [78/190] Loss: 2.1328
2026/08/31 10:14:00 - __main__ - INFO - 162 - trainer - [117/190] Loss: 2.1438
2026/08/31 10:14:05 - __main__ - INFO - 162 - trainer - [156/190] Loss: 2.1025
2026/08/31 10:14:10 - __main__ - INFO - 167 - trainer - Average loss in epoch 5: 2.1360
2026/08/31 10:14:10 - __main__ - INFO - 117 - trainer - Epoch: 6
2026/08/31 10:14:10 - __main__ - INFO - 162 - trainer - [0/190] Loss: 2.0996
2026/08/31 10:14:16 - __main__ - INFO - 162 - trainer - [39/190] Loss: 2.0840
2026/08/31 10:14:22 - __main__ - INFO - 162 - trainer - [78/190] Loss: 2.0582
2026/08/31 10:14:27 - __main__ - INFO - 162 - trainer - [117/190] Loss: 2.0794
2026/08/31 10:14:33 - __main__ - INFO - 162 - trainer - [156/190] Loss: 1.9951
2026/08/31 10:14:38 - __main__ - INFO - 167 - trainer - Average loss in epoch 6: 2.0555
2026/08/31 10:14:38 - __main__ - INFO - 117 - trainer - Epoch: 7
2026/08/31 10:14:38 - __main__ - INFO - 162 - trainer - [0/190] Loss: 2.0202
2026/08/31 10:14:44 - __main__ - INFO - 162 - trainer - [39/190] Loss: 1.9949
2026/08/31 10:14:50 - __main__ - INFO - 162 - trainer - [78/190] Loss: 1.9682
2026/08/31 10:14:55 - __main__ - INFO - 162 - trainer - [117/190] Loss: 2.0171
2026/08/31 10:15:01 - __main__ - INFO - 162 - trainer - [156/190] Loss: 1.9597
2026/08/31 10:15:06 - __main__ - INFO - 167 - trainer - Average loss in epoch 7: 1.9850
2026/08/31 10:15:06 - __main__ - INFO - 117 - trainer - Epoch: 8
2026/08/31 10:15:06 - __main__ - INFO - 162 - trainer - [0/190] Loss: 1.9536
2026/08/31 10:15:12 - __main__ - INFO - 162 - trainer - [39/190] Loss: 1.9322
2026/08/31 10:15:17 - __main__ - INFO - 162 - trainer - [78/190] Loss: 1.9314
2026/08/31 10:15:23 - __main__ - INFO - 162 - trainer - [117/190] Loss: 1.9017
2026/08/31 10:15:29 - __main__ - INFO - 162 - trainer - [156/190] Loss: 1.8963
2026/08/31 10:15:33 - __main__ - INFO - 167 - trainer - Average loss in epoch 8: 1.9199
2026/08/31 10:15:33 - __main__ - INFO - 117 - trainer - Epoch: 9
2026/08/31 10:15:34 - __main__ - INFO - 162 - trainer - [0/190] Loss: 1.8461
2026/08/31 10:15:39 - __main__ - INFO - 162 - trainer - [39/190] Loss: 1.8833
2026/08/31 10:15:45 - __main__ - INFO - 162 - trainer - [78/190] Loss: 1.8311
2026/08/31 10:15:51 - __main__ - INFO - 162 - trainer - [117/190] Loss: 1.8450
2026/08/31 10:15:56 - __main__ - INFO - 162 - trainer - [156/190] Loss: 1.8248
2026/08/31 10:16:01 - __main__ - INFO - 167 - trainer - Average loss in epoch 9: 1.8563
2026/08/31 10:16:01 - __main__ - INFO - 117 - trainer - Epoch: 10
2026/08/31 10:16:01 - __main__ - INFO - 162 - trainer - [0/190] Loss: 1.8130
2026/08/31 10:16:07 - __main__ - INFO - 162 - trainer - [39/190] Loss: 1.8429
2026/08/31 10:16:13 - __main__ - INFO - 162 - trainer - [78/190] Loss: 1.8158
2026/08/31 10:16:19 - __main__ - INFO - 162 - trainer - [117/190] Loss: 1.8146
2026/08/31 10:16:24 - __main__ - INFO - 162 - trainer - [156/190] Loss: 1.7538
2026/08/31 10:16:29 - __main__ - INFO - 167 - trainer - Average loss in epoch 10: 1.7983
2026/08/31 10:16:29 - __main__ - INFO - 117 - trainer - Epoch: 11
2026/08/31 10:16:29 - __main__ - INFO - 162 - trainer - [0/190] Loss: 1.7672
2026/08/31 10:16:35 - __main__ - INFO - 162 - trainer - [39/190] Loss: 1.7476
2026/08/31 10:16:41 - __main__ - INFO - 162 - trainer - [78/190] Loss: 1.7419
2026/08/31 10:16:47 - __main__ - INFO - 162 - trainer - [117/190] Loss: 1.7416
2026/08/31 10:16:52 - __main__ - INFO - 162 - trainer - [156/190] Loss: 1.7513
2026/08/31 10:16:57 - __main__ - INFO - 167 - trainer - Average loss in epoch 11: 1.7430
2026/08/31 10:16:57 - __main__ - INFO - 117 - trainer - Epoch: 12
2026/08/31 10:16:57 - __main__ - INFO - 162 - trainer - [0/190] Loss: 1.7277
2026/08/31 10:17:03 - __main__ - INFO - 162 - trainer - [39/190] Loss: 1.6910
2026/08/31 10:17:09 - __main__ - INFO - 162 - trainer - [78/190] Loss: 1.7202
2026/08/31 10:17:14 - __main__ - INFO - 162 - trainer - [117/190] Loss: 1.6694
2026/08/31 10:17:20 - __main__ - INFO - 162 - trainer - [156/190] Loss: 1.6710
2026/08/31 10:17:25 - __main__ - INFO - 167 - trainer - Average loss in epoch 12: 1.6927
2026/08/31 10:17:25 - __main__ - INFO - 117 - trainer - Epoch: 13
2026/08/31 10:17:25 - __main__ - INFO - 162 - trainer - [0/190] Loss: 1.6930
2026/08/31 10:17:30 - __main__ - INFO - 162 - trainer - [39/190] Loss: 1.6685
2026/08/31 10:17:36 - __main__ - INFO - 162 - trainer - [78/190] Loss: 1.6468
2026/08/31 10:17:42 - __main__ - INFO - 162 - trainer - [117/190] Loss: 1.6674
2026/08/31 10:17:48 - __main__ - INFO - 162 - trainer - [156/190] Loss: 1.6410
2026/08/31 10:17:52 - __main__ - INFO - 167 - trainer - Average loss in epoch 13: 1.6452
2026/08/31 10:17:52 - __main__ - INFO - 117 - trainer - Epoch: 14
2026/08/31 10:17:53 - __main__ - INFO - 162 - trainer - [0/190] Loss: 1.6233
2026/08/31 10:17:58 - __main__ - INFO - 162 - trainer - [39/190] Loss: 1.6497
2026/08/31 10:18:04 - __main__ - INFO - 162 - trainer - [78/190] Loss: 1.6015
2026/08/31 10:18:09 - __main__ - INFO - 162 - trainer - [117/190] Loss: 1.5780
2026/08/31 10:18:15 - __main__ - INFO - 162 - trainer - [156/190] Loss: 1.5824
2026/08/31 10:18:20 - __main__ - INFO - 167 - trainer - Average loss in epoch 14: 1.6032
2026/08/31 10:18:20 - __main__ - INFO - 117 - trainer - Epoch: 15
2026/08/31 10:18:20 - __main__ - INFO - 162 - trainer - [0/190] Loss: 1.5794
2026/08/31 10:18:26 - __main__ - INFO - 162 - trainer - [39/190] Loss: 1.5578
2026/08/31 10:18:31 - __main__ - INFO - 162 - trainer - [78/190] Loss: 1.5556
2026/08/31 10:18:37 - __main__ - INFO - 162 - trainer - [117/190] Loss: 1.5824
2026/08/31 10:18:43 - __main__ - INFO - 162 - trainer - [156/190] Loss: 1.5442
2026/08/31 10:18:47 - __main__ - INFO - 167 - trainer - Average loss in epoch 15: 1.5659
2026/08/31 10:18:47 - __main__ - INFO - 117 - trainer - Epoch: 16
2026/08/31 10:18:47 - __main__ - INFO - 162 - trainer - [0/190] Loss: 1.5635
2026/08/31 10:18:53 - __main__ - INFO - 162 - trainer - [39/190] Loss: 1.5268
2026/08/31 10:18:59 - __main__ - INFO - 162 - trainer - [78/190] Loss: 1.5338
2026/08/31 10:19:04 - __main__ - INFO - 162 - trainer - [117/190] Loss: 1.5350
2026/08/31 10:19:10 - __main__ - INFO - 162 - trainer - [156/190] Loss: 1.5336
2026/08/31 10:19:15 - __main__ - INFO - 167 - trainer - Average loss in epoch 16: 1.5293
2026/08/31 10:19:15 - __main__ - INFO - 117 - trainer - Epoch: 17
2026/08/31 10:19:15 - __main__ - INFO - 162 - trainer - [0/190] Loss: 1.5452
2026/08/31 10:19:20 - __main__ - INFO - 162 - trainer - [39/190] Loss: 1.5486
2026/08/31 10:19:26 - __main__ - INFO - 162 - trainer - [78/190] Loss: 1.5265
2026/08/31 10:19:32 - __main__ - INFO - 162 - trainer - [117/190] Loss: 1.4938
2026/08/31 10:19:37 - __main__ - INFO - 162 - trainer - [156/190] Loss: 1.4846
2026/08/31 10:19:42 - __main__ - INFO - 167 - trainer - Average loss in epoch 17: 1.4977
2026/08/31 10:19:42 - __main__ - INFO - 117 - trainer - Epoch: 18
2026/08/31 10:19:42 - __main__ - INFO - 162 - trainer - [0/190] Loss: 1.4473
2026/08/31 10:19:48 - __main__ - INFO - 162 - trainer - [39/190] Loss: 1.4778
2026/08/31 10:19:53 - __main__ - INFO - 162 - trainer - [78/190] Loss: 1.4909
2026/08/31 10:19:59 - __main__ - INFO - 162 - trainer - [117/190] Loss: 1.4526
2026/08/31 10:20:05 - __main__ - INFO - 162 - trainer - [156/190] Loss: 1.4458
2026/08/31 10:20:09 - __main__ - INFO - 167 - trainer - Average loss in epoch 18: 1.4685
2026/08/31 10:20:09 - __main__ - INFO - 117 - trainer - Epoch: 19
2026/08/31 10:20:09 - __main__ - INFO - 162 - trainer - [0/190] Loss: 1.4673
2026/08/31 10:20:15 - __main__ - INFO - 162 - trainer - [39/190] Loss: 1.4438
2026/08/31 10:20:21 - __main__ - INFO - 162 - trainer - [78/190] Loss: 1.4405
2026/08/31 10:20:26 - __main__ - INFO - 162 - trainer - [117/190] Loss: 1.4600
2026/08/31 10:20:32 - __main__ - INFO - 162 - trainer - [156/190] Loss: 1.4136
2026/08/31 10:20:36 - __main__ - INFO - 167 - trainer - Average loss in epoch 19: 1.4414
2026/08/31 10:20:36 - __main__ - INFO - 117 - trainer - Epoch: 20
2026/08/31 10:20:36 - __main__ - INFO - 162 - trainer - [0/190] Loss: 1.4574
2026/08/31 10:20:42 - __main__ - INFO - 162 - trainer - [39/190] Loss: 1.4010
2026/08/31 10:20:48 - __main__ - INFO - 162 - trainer - [78/190] Loss: 1.4229
2026/08/31 10:20:53 - __main__ - INFO - 162 - trainer - [117/190] Loss: 1.4113
2026/08/31 10:20:59 - __main__ - INFO - 162 - trainer - [156/190] Loss: 1.4043
2026/08/31 10:21:04 - __main__ - INFO - 167 - trainer - Average loss in epoch 20: 1.4166
2026/08/31 10:21:04 - __main__ - INFO - 173 - trainer - start predicting: 2026-08-31 10:21:04.288633
2026/08/31 10:21:06 - __main__ - INFO - 203 - trainer - {'Best_HR@5': np.float64(7.2587), 'Best_HR@10': np.float64(12.5879), 'Best_HR@20': np.float64(21.0428), 'Best_NDCG@5': np.float64(4.4282), 'Best_NDCG@10': np.float64(6.1269), 'Best_NDCG@20': np.float64(8.2322)}
2026/08/31 10:21:06 - __main__ - INFO - 204 - trainer - {'Best_epoch_HR@5': 20, 'Best_epoch_HR@10': 20, 'Best_epoch_HR@20': 20, 'Best_epoch_NDCG@5': 20, 'Best_epoch_NDCG@10': 20, 'Best_epoch_NDCG@20': 20}
2026/08/31 10:21:06 - __main__ - INFO - 117 - trainer - Epoch: 21
2026/08/31 10:21:06 - __main__ - INFO - 162 - trainer - [0/190] Loss: 1.3820
2026/08/31 10:21:12 - __main__ - INFO - 162 - trainer - [39/190] Loss: 1.3966
2026/08/31 10:21:18 - __main__ - INFO - 162 - trainer - [78/190] Loss: 1.4036
2026/08/31 10:21:23 - __main__ - INFO - 162 - trainer - [117/190] Loss: 1.3939
2026/08/31 10:21:29 - __main__ - INFO - 162 - trainer - [156/190] Loss: 1.3886
2026/08/31 10:21:34 - __main__ - INFO - 167 - trainer - Average loss in epoch 21: 1.3939
2026/08/31 10:21:34 - __main__ - INFO - 117 - trainer - Epoch: 22
2026/08/31 10:21:34 - __main__ - INFO - 162 - trainer - [0/190] Loss: 1.3709
2026/08/31 10:21:40 - __main__ - INFO - 162 - trainer - [39/190] Loss: 1.3590
2026/08/31 10:21:46 - __main__ - INFO - 162 - trainer - [78/190] Loss: 1.3633
2026/08/31 10:21:51 - __main__ - INFO - 162 - trainer - [117/190] Loss: 1.3722
2026/08/31 10:21:57 - __main__ - INFO - 162 - trainer - [156/190] Loss: 1.3500
2026/08/31 10:22:02 - __main__ - INFO - 167 - trainer - Average loss in epoch 22: 1.3730
2026/08/31 10:22:02 - __main__ - INFO - 117 - trainer - Epoch: 23
2026/08/31 10:22:02 - __main__ - INFO - 162 - trainer - [0/190] Loss: 1.3508
2026/08/31 10:22:08 - __main__ - INFO - 162 - trainer - [39/190] Loss: 1.3651
2026/08/31 10:22:13 - __main__ - INFO - 162 - trainer - [78/190] Loss: 1.3353
2026/08/31 10:22:19 - __main__ - INFO - 162 - trainer - [117/190] Loss: 1.3722
2026/08/31 10:22:25 - __main__ - INFO - 162 - trainer - [156/190] Loss: 1.3386
2026/08/31 10:22:29 - __main__ - INFO - 167 - trainer - Average loss in epoch 23: 1.3540
2026/08/31 10:22:29 - __main__ - INFO - 117 - trainer - Epoch: 24
2026/08/31 10:22:29 - __main__ - INFO - 162 - trainer - [0/190] Loss: 1.3422
2026/08/31 10:22:35 - __main__ - INFO - 162 - trainer - [39/190] Loss: 1.3375
2026/08/31 10:22:41 - __main__ - INFO - 162 - trainer - [78/190] Loss: 1.3090
2026/08/31 10:22:47 - __main__ - INFO - 162 - trainer - [117/190] Loss: 1.3385
2026/08/31 10:22:53 - __main__ - INFO - 162 - trainer - [156/190] Loss: 1.3489
2026/08/31 10:22:57 - __main__ - INFO - 167 - trainer - Average loss in epoch 24: 1.3363
2026/08/31 10:22:57 - __main__ - INFO - 117 - trainer - Epoch: 25
2026/08/31 10:22:57 - __main__ - INFO - 162 - trainer - [0/190] Loss: 1.3414
2026/08/31 10:23:03 - __main__ - INFO - 162 - trainer - [39/190] Loss: 1.3072
2026/08/31 10:23:09 - __main__ - INFO - 162 - trainer - [78/190] Loss: 1.3202
2026/08/31 10:23:15 - __main__ - INFO - 162 - trainer - [117/190] Loss: 1.2995
2026/08/31 10:23:20 - __main__ - INFO - 162 - trainer - [156/190] Loss: 1.3415
2026/08/31 10:23:25 - __main__ - INFO - 167 - trainer - Average loss in epoch 25: 1.3202
2026/08/31 10:23:25 - __main__ - INFO - 117 - trainer - Epoch: 26
2026/08/31 10:23:25 - __main__ - INFO - 162 - trainer - [0/190] Loss: 1.3204
2026/08/31 10:23:31 - __main__ - INFO - 162 - trainer - [39/190] Loss: 1.3403
2026/08/31 10:23:36 - __main__ - INFO - 162 - trainer - [78/190] Loss: 1.2731
2026/08/31 10:23:42 - __main__ - INFO - 162 - trainer - [117/190] Loss: 1.3086
2026/08/31 10:23:48 - __main__ - INFO - 162 - trainer - [156/190] Loss: 1.3144
2026/08/31 10:23:53 - __main__ - INFO - 167 - trainer - Average loss in epoch 26: 1.3060
2026/08/31 10:23:53 - __main__ - INFO - 117 - trainer - Epoch: 27
2026/08/31 10:23:53 - __main__ - INFO - 162 - trainer - [0/190] Loss: 1.3072
2026/08/31 10:23:59 - __main__ - INFO - 162 - trainer - [39/190] Loss: 1.2669
2026/08/31 10:24:04 - __main__ - INFO - 162 - trainer - [78/190] Loss: 1.2787
2026/08/31 10:24:10 - __main__ - INFO - 162 - trainer - [117/190] Loss: 1.2930
2026/08/31 10:24:16 - __main__ - INFO - 162 - trainer - [156/190] Loss: 1.3010
2026/08/31 10:24:20 - __main__ - INFO - 167 - trainer - Average loss in epoch 27: 1.2935
2026/08/31 10:24:20 - __main__ - INFO - 117 - trainer - Epoch: 28
2026/08/31 10:24:20 - __main__ - INFO - 162 - trainer - [0/190] Loss: 1.2990
2026/08/31 10:24:26 - __main__ - INFO - 162 - trainer - [39/190] Loss: 1.3028
2026/08/31 10:24:32 - __main__ - INFO - 162 - trainer - [78/190] Loss: 1.2808
2026/08/31 10:24:38 - __main__ - INFO - 162 - trainer - [117/190] Loss: 1.2522
2026/08/31 10:24:43 - __main__ - INFO - 162 - trainer - [156/190] Loss: 1.2628
2026/08/31 10:24:48 - __main__ - INFO - 167 - trainer - Average loss in epoch 28: 1.2805
2026/08/31 10:24:48 - __main__ - INFO - 117 - trainer - Epoch: 29
2026/08/31 10:24:48 - __main__ - INFO - 162 - trainer - [0/190] Loss: 1.2734
2026/08/31 10:24:54 - __main__ - INFO - 162 - trainer - [39/190] Loss: 1.2750
2026/08/31 10:25:00 - __main__ - INFO - 162 - trainer - [78/190] Loss: 1.2813
2026/08/31 10:25:05 - __main__ - INFO - 162 - trainer - [117/190] Loss: 1.2678
2026/08/31 10:25:11 - __main__ - INFO - 162 - trainer - [156/190] Loss: 1.2907
2026/08/31 10:25:16 - __main__ - INFO - 167 - trainer - Average loss in epoch 29: 1.2689
2026/08/31 10:25:16 - __main__ - INFO - 117 - trainer - Epoch: 30
2026/08/31 10:25:16 - __main__ - INFO - 162 - trainer - [0/190] Loss: 1.2714
2026/08/31 10:25:22 - __main__ - INFO - 162 - trainer - [39/190] Loss: 1.2699
2026/08/31 10:25:27 - __main__ - INFO - 162 - trainer - [78/190] Loss: 1.2854
2026/08/31 10:25:33 - __main__ - INFO - 162 - trainer - [117/190] Loss: 1.2682
2026/08/31 10:25:39 - __main__ - INFO - 162 - trainer - [156/190] Loss: 1.2587
2026/08/31 10:25:43 - __main__ - INFO - 167 - trainer - Average loss in epoch 30: 1.2589
2026/08/31 10:25:43 - __main__ - INFO - 117 - trainer - Epoch: 31
2026/08/31 10:25:44 - __main__ - INFO - 162 - trainer - [0/190] Loss: 1.2354
2026/08/31 10:25:49 - __main__ - INFO - 162 - trainer - [39/190] Loss: 1.2474
2026/08/31 10:25:55 - __main__ - INFO - 162 - trainer - [78/190] Loss: 1.2621
2026/08/31 10:26:01 - __main__ - INFO - 162 - trainer - [117/190] Loss: 1.2111
2026/08/31 10:26:06 - __main__ - INFO - 162 - trainer - [156/190] Loss: 1.2540
2026/08/31 10:26:11 - __main__ - INFO - 167 - trainer - Average loss in epoch 31: 1.2508
2026/08/31 10:26:11 - __main__ - INFO - 117 - trainer - Epoch: 32
2026/08/31 10:26:11 - __main__ - INFO - 162 - trainer - [0/190] Loss: 1.2404
2026/08/31 10:26:17 - __main__ - INFO - 162 - trainer - [39/190] Loss: 1.2402
2026/08/31 10:26:22 - __main__ - INFO - 162 - trainer - [78/190] Loss: 1.2583
2026/08/31 10:26:28 - __main__ - INFO - 162 - trainer - [117/190] Loss: 1.2318
2026/08/31 10:26:33 - __main__ - INFO - 162 - trainer - [156/190] Loss: 1.2598
2026/08/31 10:26:38 - __main__ - INFO - 167 - trainer - Average loss in epoch 32: 1.2417
2026/08/31 10:26:38 - __main__ - INFO - 117 - trainer - Epoch: 33
2026/08/31 10:26:38 - __main__ - INFO - 162 - trainer - [0/190] Loss: 1.2413
2026/08/31 10:26:44 - __main__ - INFO - 162 - trainer - [39/190] Loss: 1.2073
2026/08/31 10:26:49 - __main__ - INFO - 162 - trainer - [78/190] Loss: 1.2629
2026/08/31 10:26:55 - __main__ - INFO - 162 - trainer - [117/190] Loss: 1.2327
2026/08/31 10:27:00 - __main__ - INFO - 162 - trainer - [156/190] Loss: 1.2348
2026/08/31 10:27:05 - __main__ - INFO - 167 - trainer - Average loss in epoch 33: 1.2337
2026/08/31 10:27:05 - __main__ - INFO - 117 - trainer - Epoch: 34
2026/08/31 10:27:05 - __main__ - INFO - 162 - trainer - [0/190] Loss: 1.2394
2026/08/31 10:27:11 - __main__ - INFO - 162 - trainer - [39/190] Loss: 1.2400
2026/08/31 10:27:16 - __main__ - INFO - 162 - trainer - [78/190] Loss: 1.2135
2026/08/31 10:27:22 - __main__ - INFO - 162 - trainer - [117/190] Loss: 1.2359
2026/08/31 10:27:28 - __main__ - INFO - 162 - trainer - [156/190] Loss: 1.2279
2026/08/31 10:27:32 - __main__ - INFO - 167 - trainer - Average loss in epoch 34: 1.2267
2026/08/31 10:27:32 - __main__ - INFO - 117 - trainer - Epoch: 35
2026/08/31 10:27:33 - __main__ - INFO - 162 - trainer - [0/190] Loss: 1.1985
2026/08/31 10:27:38 - __main__ - INFO - 162 - trainer - [39/190] Loss: 1.2070
2026/08/31 10:27:44 - __main__ - INFO - 162 - trainer - [78/190] Loss: 1.2116
2026/08/31 10:27:50 - __main__ - INFO - 162 - trainer - [117/190] Loss: 1.2261
2026/08/31 10:27:55 - __main__ - INFO - 162 - trainer - [156/190] Loss: 1.2282
2026/08/31 10:28:00 - __main__ - INFO - 167 - trainer - Average loss in epoch 35: 1.2199
2026/08/31 10:28:00 - __main__ - INFO - 117 - trainer - Epoch: 36
2026/08/31 10:28:00 - __main__ - INFO - 162 - trainer - [0/190] Loss: 1.2084
2026/08/31 10:28:06 - __main__ - INFO - 162 - trainer - [39/190] Loss: 1.2138
2026/08/31 10:28:12 - __main__ - INFO - 162 - trainer - [78/190] Loss: 1.2216
2026/08/31 10:28:18 - __main__ - INFO - 162 - trainer - [117/190] Loss: 1.2219
2026/08/31 10:28:23 - __main__ - INFO - 162 - trainer - [156/190] Loss: 1.2140
2026/08/31 10:28:28 - __main__ - INFO - 167 - trainer - Average loss in epoch 36: 1.2138
2026/08/31 10:28:28 - __main__ - INFO - 117 - trainer - Epoch: 37
2026/08/31 10:28:28 - __main__ - INFO - 162 - trainer - [0/190] Loss: 1.2237
2026/08/31 10:28:34 - __main__ - INFO - 162 - trainer - [39/190] Loss: 1.2072
2026/08/31 10:28:40 - __main__ - INFO - 162 - trainer - [78/190] Loss: 1.2174
2026/08/31 10:28:45 - __main__ - INFO - 162 - trainer - [117/190] Loss: 1.2153
2026/08/31 10:28:51 - __main__ - INFO - 162 - trainer - [156/190] Loss: 1.2359
2026/08/31 10:28:56 - __main__ - INFO - 167 - trainer - Average loss in epoch 37: 1.2083
2026/08/31 10:28:56 - __main__ - INFO - 117 - trainer - Epoch: 38
2026/08/31 10:28:56 - __main__ - INFO - 162 - trainer - [0/190] Loss: 1.2051
2026/08/31 10:29:02 - __main__ - INFO - 162 - trainer - [39/190] Loss: 1.2020
2026/08/31 10:29:07 - __main__ - INFO - 162 - trainer - [78/190] Loss: 1.1925
2026/08/31 10:29:13 - __main__ - INFO - 162 - trainer - [117/190] Loss: 1.2130
2026/08/31 10:29:19 - __main__ - INFO - 162 - trainer - [156/190] Loss: 1.1989
2026/08/31 10:29:24 - __main__ - INFO - 167 - trainer - Average loss in epoch 38: 1.2030
2026/08/31 10:29:24 - __main__ - INFO - 117 - trainer - Epoch: 39
2026/08/31 10:29:24 - __main__ - INFO - 162 - trainer - [0/190] Loss: 1.2223
2026/08/31 10:29:29 - __main__ - INFO - 162 - trainer - [39/190] Loss: 1.1940
2026/08/31 10:29:35 - __main__ - INFO - 162 - trainer - [78/190] Loss: 1.1828
2026/08/31 10:29:41 - __main__ - INFO - 162 - trainer - [117/190] Loss: 1.2100
2026/08/31 10:29:46 - __main__ - INFO - 162 - trainer - [156/190] Loss: 1.1816
2026/08/31 10:29:51 - __main__ - INFO - 167 - trainer - Average loss in epoch 39: 1.1973
2026/08/31 10:29:51 - __main__ - INFO - 117 - trainer - Epoch: 40
2026/08/31 10:29:51 - __main__ - INFO - 162 - trainer - [0/190] Loss: 1.1960
2026/08/31 10:29:57 - __main__ - INFO - 162 - trainer - [39/190] Loss: 1.2128
2026/08/31 10:30:03 - __main__ - INFO - 162 - trainer - [78/190] Loss: 1.1848
2026/08/31 10:30:09 - __main__ - INFO - 162 - trainer - [117/190] Loss: 1.1926
2026/08/31 10:30:14 - __main__ - INFO - 162 - trainer - [156/190] Loss: 1.2059
2026/08/31 10:30:19 - __main__ - INFO - 167 - trainer - Average loss in epoch 40: 1.1933
2026/08/31 10:30:19 - __main__ - INFO - 173 - trainer - start predicting: 2026-08-31 10:30:19.648216
2026/08/31 10:30:22 - __main__ - INFO - 203 - trainer - {'Best_HR@5': np.float64(8.7662), 'Best_HR@10': np.float64(13.9977), 'Best_HR@20': np.float64(24.2478), 'Best_NDCG@5': np.float64(4.829), 'Best_NDCG@10': np.float64(6.4905), 'Best_NDCG@20': np.float64(9.07)}
2026/08/31 10:30:22 - __main__ - INFO - 204 - trainer - {'Best_epoch_HR@5': 40, 'Best_epoch_HR@10': 40, 'Best_epoch_HR@20': 40, 'Best_epoch_NDCG@5': 40, 'Best_epoch_NDCG@10': 40, 'Best_epoch_NDCG@20': 40}
2026/08/31 10:30:22 - __main__ - INFO - 117 - trainer - Epoch: 41
2026/08/31 10:30:22 - __main__ - INFO - 162 - trainer - [0/190] Loss: 1.1696
2026/08/31 10:30:27 - __main__ - INFO - 162 - trainer - [39/190] Loss: 1.1747
2026/08/31 10:30:33 - __main__ - INFO - 162 - trainer - [78/190] Loss: 1.1620
2026/08/31 10:30:38 - __main__ - INFO - 162 - trainer - [117/190] Loss: 1.1730
2026/08/31 10:30:44 - __main__ - INFO - 162 - trainer - [156/190] Loss: 1.2045
2026/08/31 10:30:48 - __main__ - INFO - 167 - trainer - Average loss in epoch 41: 1.1884
2026/08/31 10:30:48 - __main__ - INFO - 117 - trainer - Epoch: 42
2026/08/31 10:30:49 - __main__ - INFO - 162 - trainer - [0/190] Loss: 1.1835
2026/08/31 10:30:54 - __main__ - INFO - 162 - trainer - [39/190] Loss: 1.1695
2026/08/31 10:31:00 - __main__ - INFO - 162 - trainer - [78/190] Loss: 1.1668
2026/08/31 10:31:05 - __main__ - INFO - 162 - trainer - [117/190] Loss: 1.1834
2026/08/31 10:31:11 - __main__ - INFO - 162 - trainer - [156/190] Loss: 1.1916
2026/08/31 10:31:15 - __main__ - INFO - 167 - trainer - Average loss in epoch 42: 1.1847
2026/08/31 10:31:15 - __main__ - INFO - 117 - trainer - Epoch: 43
2026/08/31 10:31:15 - __main__ - INFO - 162 - trainer - [0/190] Loss: 1.1638
2026/08/31 10:31:21 - __main__ - INFO - 162 - trainer - [39/190] Loss: 1.1769
2026/08/31 10:31:26 - __main__ - INFO - 162 - trainer - [78/190] Loss: 1.1938
2026/08/31 10:31:32 - __main__ - INFO - 162 - trainer - [117/190] Loss: 1.2062
2026/08/31 10:31:37 - __main__ - INFO - 162 - trainer - [156/190] Loss: 1.1725
2026/08/31 10:31:42 - __main__ - INFO - 167 - trainer - Average loss in epoch 43: 1.1807
2026/08/31 10:31:42 - __main__ - INFO - 117 - trainer - Epoch: 44
2026/08/31 10:31:42 - __main__ - INFO - 162 - trainer - [0/190] Loss: 1.1551
2026/08/31 10:31:48 - __main__ - INFO - 162 - trainer - [39/190] Loss: 1.1898
2026/08/31 10:31:53 - __main__ - INFO - 162 - trainer - [78/190] Loss: 1.1887
2026/08/31 10:31:59 - __main__ - INFO - 162 - trainer - [117/190] Loss: 1.1797
2026/08/31 10:32:05 - __main__ - INFO - 162 - trainer - [156/190] Loss: 1.1737
2026/08/31 10:32:09 - __main__ - INFO - 167 - trainer - Average loss in epoch 44: 1.1769
2026/08/31 10:32:09 - __main__ - INFO - 117 - trainer - Epoch: 45
2026/08/31 10:32:09 - __main__ - INFO - 162 - trainer - [0/190] Loss: 1.1572
2026/08/31 10:32:15 - __main__ - INFO - 162 - trainer - [39/190] Loss: 1.1641
2026/08/31 10:32:20 - __main__ - INFO - 162 - trainer - [78/190] Loss: 1.1672
2026/08/31 10:32:26 - __main__ - INFO - 162 - trainer - [117/190] Loss: 1.1754
2026/08/31 10:32:31 - __main__ - INFO - 162 - trainer - [156/190] Loss: 1.2041
2026/08/31 10:32:36 - __main__ - INFO - 167 - trainer - Average loss in epoch 45: 1.1736
2026/08/31 10:32:36 - __main__ - INFO - 117 - trainer - Epoch: 46
2026/08/31 10:32:36 - __main__ - INFO - 162 - trainer - [0/190] Loss: 1.1640
2026/08/31 10:32:42 - __main__ - INFO - 162 - trainer - [39/190] Loss: 1.1660
2026/08/31 10:32:47 - __main__ - INFO - 162 - trainer - [78/190] Loss: 1.1448
2026/08/31 10:32:53 - __main__ - INFO - 162 - trainer - [117/190] Loss: 1.1911
2026/08/31 10:32:58 - __main__ - INFO - 162 - trainer - [156/190] Loss: 1.1724
2026/08/31 10:33:03 - __main__ - INFO - 167 - trainer - Average loss in epoch 46: 1.1699
2026/08/31 10:33:03 - __main__ - INFO - 117 - trainer - Epoch: 47
2026/08/31 10:33:03 - __main__ - INFO - 162 - trainer - [0/190] Loss: 1.1534
2026/08/31 10:33:09 - __main__ - INFO - 162 - trainer - [39/190] Loss: 1.1633
2026/08/31 10:33:14 - __main__ - INFO - 162 - trainer - [78/190] Loss: 1.1530
2026/08/31 10:33:20 - __main__ - INFO - 162 - trainer - [117/190] Loss: 1.1465
2026/08/31 10:33:25 - __main__ - INFO - 162 - trainer - [156/190] Loss: 1.1685
2026/08/31 10:33:30 - __main__ - INFO - 167 - trainer - Average loss in epoch 47: 1.1666
2026/08/31 10:33:30 - __main__ - INFO - 117 - trainer - Epoch: 48
2026/08/31 10:33:30 - __main__ - INFO - 162 - trainer - [0/190] Loss: 1.1613
2026/08/31 10:33:35 - __main__ - INFO - 162 - trainer - [39/190] Loss: 1.1787
2026/08/31 10:33:41 - __main__ - INFO - 162 - trainer - [78/190] Loss: 1.1686
2026/08/31 10:33:46 - __main__ - INFO - 162 - trainer - [117/190] Loss: 1.1531
2026/08/31 10:33:51 - __main__ - INFO - 162 - trainer - [156/190] Loss: 1.1561
2026/08/31 10:33:56 - __main__ - INFO - 167 - trainer - Average loss in epoch 48: 1.1643
2026/08/31 10:33:56 - __main__ - INFO - 117 - trainer - Epoch: 49
2026/08/31 10:33:56 - __main__ - INFO - 162 - trainer - [0/190] Loss: 1.1430
2026/08/31 10:34:02 - __main__ - INFO - 162 - trainer - [39/190] Loss: 1.1419
2026/08/31 10:34:07 - __main__ - INFO - 162 - trainer - [78/190] Loss: 1.1738
2026/08/31 10:34:13 - __main__ - INFO - 162 - trainer - [117/190] Loss: 1.1613
2026/08/31 10:34:18 - __main__ - INFO - 162 - trainer - [156/190] Loss: 1.1696
2026/08/31 10:34:23 - __main__ - INFO - 167 - trainer - Average loss in epoch 49: 1.1612
2026/08/31 10:34:23 - __main__ - INFO - 117 - trainer - Epoch: 50
2026/08/31 10:34:23 - __main__ - INFO - 162 - trainer - [0/190] Loss: 1.1608
2026/08/31 10:34:28 - __main__ - INFO - 162 - trainer - [39/190] Loss: 1.1471
2026/08/31 10:34:34 - __main__ - INFO - 162 - trainer - [78/190] Loss: 1.1522
2026/08/31 10:34:39 - __main__ - INFO - 162 - trainer - [117/190] Loss: 1.1916
2026/08/31 10:34:45 - __main__ - INFO - 162 - trainer - [156/190] Loss: 1.1773
2026/08/31 10:34:49 - __main__ - INFO - 167 - trainer - Average loss in epoch 50: 1.1590
2026/08/31 10:34:49 - __main__ - INFO - 117 - trainer - Epoch: 51
2026/08/31 10:34:49 - __main__ - INFO - 162 - trainer - [0/190] Loss: 1.1424
2026/08/31 10:34:55 - __main__ - INFO - 162 - trainer - [39/190] Loss: 1.1583
2026/08/31 10:35:00 - __main__ - INFO - 162 - trainer - [78/190] Loss: 1.1503
2026/08/31 10:35:06 - __main__ - INFO - 162 - trainer - [117/190] Loss: 1.1514
2026/08/31 10:35:11 - __main__ - INFO - 162 - trainer - [156/190] Loss: 1.1404
2026/08/31 10:35:16 - __main__ - INFO - 167 - trainer - Average loss in epoch 51: 1.1568
2026/08/31 10:35:16 - __main__ - INFO - 117 - trainer - Epoch: 52
2026/08/31 10:35:16 - __main__ - INFO - 162 - trainer - [0/190] Loss: 1.1788
2026/08/31 10:35:21 - __main__ - INFO - 162 - trainer - [39/190] Loss: 1.1370
2026/08/31 10:35:27 - __main__ - INFO - 162 - trainer - [78/190] Loss: 1.1579
2026/08/31 10:35:32 - __main__ - INFO - 162 - trainer - [117/190] Loss: 1.1596
2026/08/31 10:35:38 - __main__ - INFO - 162 - trainer - [156/190] Loss: 1.1394
2026/08/31 10:35:42 - __main__ - INFO - 167 - trainer - Average loss in epoch 52: 1.1541
2026/08/31 10:35:42 - __main__ - INFO - 117 - trainer - Epoch: 53
2026/08/31 10:35:42 - __main__ - INFO - 162 - trainer - [0/190] Loss: 1.1409
2026/08/31 10:35:48 - __main__ - INFO - 162 - trainer - [39/190] Loss: 1.1532
2026/08/31 10:35:53 - __main__ - INFO - 162 - trainer - [78/190] Loss: 1.1419
2026/08/31 10:35:59 - __main__ - INFO - 162 - trainer - [117/190] Loss: 1.1509
2026/08/31 10:36:05 - __main__ - INFO - 162 - trainer - [156/190] Loss: 1.1308
2026/08/31 10:36:09 - __main__ - INFO - 167 - trainer - Average loss in epoch 53: 1.1522
2026/08/31 10:36:09 - __main__ - INFO - 117 - trainer - Epoch: 54
2026/08/31 10:36:09 - __main__ - INFO - 162 - trainer - [0/190] Loss: 1.1619
2026/08/31 10:36:15 - __main__ - INFO - 162 - trainer - [39/190] Loss: 1.1503
2026/08/31 10:36:21 - __main__ - INFO - 162 - trainer - [78/190] Loss: 1.1253
2026/08/31 10:36:26 - __main__ - INFO - 162 - trainer - [117/190] Loss: 1.1559
2026/08/31 10:36:32 - __main__ - INFO - 162 - trainer - [156/190] Loss: 1.1719
2026/08/31 10:36:36 - __main__ - INFO - 167 - trainer - Average loss in epoch 54: 1.1498
2026/08/31 10:36:36 - __main__ - INFO - 117 - trainer - Epoch: 55
2026/08/31 10:36:36 - __main__ - INFO - 162 - trainer - [0/190] Loss: 1.1147
2026/08/31 10:36:42 - __main__ - INFO - 162 - trainer - [39/190] Loss: 1.1414
2026/08/31 10:36:47 - __main__ - INFO - 162 - trainer - [78/190] Loss: 1.1690
2026/08/31 10:36:53 - __main__ - INFO - 162 - trainer - [117/190] Loss: 1.1666
2026/08/31 10:36:59 - __main__ - INFO - 162 - trainer - [156/190] Loss: 1.1489
2026/08/31 10:37:03 - __main__ - INFO - 167 - trainer - Average loss in epoch 55: 1.1477
2026/08/31 10:37:03 - __main__ - INFO - 117 - trainer - Epoch: 56
2026/08/31 10:37:04 - __main__ - INFO - 162 - trainer - [0/190] Loss: 1.1607
2026/08/31 10:37:09 - __main__ - INFO - 162 - trainer - [39/190] Loss: 1.1314
2026/08/31 10:37:15 - __main__ - INFO - 162 - trainer - [78/190] Loss: 1.1374
2026/08/31 10:37:20 - __main__ - INFO - 162 - trainer - [117/190] Loss: 1.1585
2026/08/31 10:37:26 - __main__ - INFO - 162 - trainer - [156/190] Loss: 1.1430
2026/08/31 10:37:30 - __main__ - INFO - 167 - trainer - Average loss in epoch 56: 1.1453
2026/08/31 10:37:30 - __main__ - INFO - 117 - trainer - Epoch: 57
2026/08/31 10:37:30 - __main__ - INFO - 162 - trainer - [0/190] Loss: 1.1212
2026/08/31 10:37:36 - __main__ - INFO - 162 - trainer - [39/190] Loss: 1.1375
2026/08/31 10:37:41 - __main__ - INFO - 162 - trainer - [78/190] Loss: 1.1613
2026/08/31 10:37:46 - __main__ - INFO - 162 - trainer - [117/190] Loss: 1.1253
2026/08/31 10:37:51 - __main__ - INFO - 162 - trainer - [156/190] Loss: 1.1268
2026/08/31 10:37:56 - __main__ - INFO - 167 - trainer - Average loss in epoch 57: 1.1439
2026/08/31 10:37:56 - __main__ - INFO - 117 - trainer - Epoch: 58
2026/08/31 10:37:56 - __main__ - INFO - 162 - trainer - [0/190] Loss: 1.1323
2026/08/31 10:38:02 - __main__ - INFO - 162 - trainer - [39/190] Loss: 1.1497
2026/08/31 10:38:07 - __main__ - INFO - 162 - trainer - [78/190] Loss: 1.1451
2026/08/31 10:38:13 - __main__ - INFO - 162 - trainer - [117/190] Loss: 1.1061
2026/08/31 10:38:18 - __main__ - INFO - 162 - trainer - [156/190] Loss: 1.1441
2026/08/31 10:38:23 - __main__ - INFO - 167 - trainer - Average loss in epoch 58: 1.1419
2026/08/31 10:38:23 - __main__ - INFO - 117 - trainer - Epoch: 59
2026/08/31 10:38:23 - __main__ - INFO - 162 - trainer - [0/190] Loss: 1.1268
2026/08/31 10:38:29 - __main__ - INFO - 162 - trainer - [39/190] Loss: 1.1474
2026/08/31 10:38:34 - __main__ - INFO - 162 - trainer - [78/190] Loss: 1.1344
2026/08/31 10:38:40 - __main__ - INFO - 162 - trainer - [117/190] Loss: 1.1318
2026/08/31 10:38:45 - __main__ - INFO - 162 - trainer - [156/190] Loss: 1.1410
2026/08/31 10:38:50 - __main__ - INFO - 167 - trainer - Average loss in epoch 59: 1.1401
2026/08/31 10:38:50 - __main__ - INFO - 117 - trainer - Epoch: 60
2026/08/31 10:38:50 - __main__ - INFO - 162 - trainer - [0/190] Loss: 1.1126
2026/08/31 10:38:56 - __main__ - INFO - 162 - trainer - [39/190] Loss: 1.1452
2026/08/31 10:39:01 - __main__ - INFO - 162 - trainer - [78/190] Loss: 1.1582
2026/08/31 10:39:07 - __main__ - INFO - 162 - trainer - [117/190] Loss: 1.1367
2026/08/31 10:39:12 - __main__ - INFO - 162 - trainer - [156/190] Loss: 1.1530
2026/08/31 10:39:17 - __main__ - INFO - 167 - trainer - Average loss in epoch 60: 1.1388
2026/08/31 10:39:17 - __main__ - INFO - 173 - trainer - start predicting: 2026-08-31 10:39:17.342096
2026/08/31 10:39:19 - __main__ - INFO - 203 - trainer - {'Best_HR@5': np.float64(8.7662), 'Best_HR@10': np.float64(15.9207), 'Best_HR@20': np.float64(25.8837), 'Best_NDCG@5': np.float64(5.2838), 'Best_NDCG@10': np.float64(7.6158), 'Best_NDCG@20': np.float64(10.1126)}
2026/08/31 10:39:19 - __main__ - INFO - 204 - trainer - {'Best_epoch_HR@5': 40, 'Best_epoch_HR@10': 60, 'Best_epoch_HR@20': 60, 'Best_epoch_NDCG@5': 60, 'Best_epoch_NDCG@10': 60, 'Best_epoch_NDCG@20': 60}
2026/08/31 10:39:19 - __main__ - INFO - 117 - trainer - Epoch: 61
2026/08/31 10:39:19 - __main__ - INFO - 162 - trainer - [0/190] Loss: 1.1339
2026/08/31 10:39:25 - __main__ - INFO - 162 - trainer - [39/190] Loss: 1.1250
2026/08/31 10:39:30 - __main__ - INFO - 162 - trainer - [78/190] Loss: 1.1356
2026/08/31 10:39:36 - __main__ - INFO - 162 - trainer - [117/190] Loss: 1.1432
2026/08/31 10:39:41 - __main__ - INFO - 162 - trainer - [156/190] Loss: 1.1358
2026/08/31 10:39:46 - __main__ - INFO - 167 - trainer - Average loss in epoch 61: 1.1365
2026/08/31 10:39:46 - __main__ - INFO - 117 - trainer - Epoch: 62
2026/08/31 10:39:46 - __main__ - INFO - 162 - trainer - [0/190] Loss: 1.1229
2026/08/31 10:39:51 - __main__ - INFO - 162 - trainer - [39/190] Loss: 1.1469
2026/08/31 10:39:57 - __main__ - INFO - 162 - trainer - [78/190] Loss: 1.1463
2026/08/31 10:40:02 - __main__ - INFO - 162 - trainer - [117/190] Loss: 1.1469
2026/08/31 10:40:08 - __main__ - INFO - 162 - trainer - [156/190] Loss: 1.1648
2026/08/31 10:40:13 - __main__ - INFO - 167 - trainer - Average loss in epoch 62: 1.1353
2026/08/31 10:40:13 - __main__ - INFO - 117 - trainer - Epoch: 63
2026/08/31 10:40:13 - __main__ - INFO - 162 - trainer - [0/190] Loss: 1.1245
2026/08/31 10:40:18 - __main__ - INFO - 162 - trainer - [39/190] Loss: 1.1462
2026/08/31 10:40:24 - __main__ - INFO - 162 - trainer - [78/190] Loss: 1.1387
2026/08/31 10:40:29 - __main__ - INFO - 162 - trainer - [117/190] Loss: 1.1344
2026/08/31 10:40:35 - __main__ - INFO - 162 - trainer - [156/190] Loss: 1.1504
2026/08/31 10:40:39 - __main__ - INFO - 167 - trainer - Average loss in epoch 63: 1.1336
2026/08/31 10:40:39 - __main__ - INFO - 117 - trainer - Epoch: 64
2026/08/31 10:40:39 - __main__ - INFO - 162 - trainer - [0/190] Loss: 1.1392
2026/08/31 10:40:45 - __main__ - INFO - 162 - trainer - [39/190] Loss: 1.1304
2026/08/31 10:40:50 - __main__ - INFO - 162 - trainer - [78/190] Loss: 1.1245
2026/08/31 10:40:56 - __main__ - INFO - 162 - trainer - [117/190] Loss: 1.1394
2026/08/31 10:41:01 - __main__ - INFO - 162 - trainer - [156/190] Loss: 1.1335
2026/08/31 10:41:06 - __main__ - INFO - 167 - trainer - Average loss in epoch 64: 1.1322
2026/08/31 10:41:06 - __main__ - INFO - 117 - trainer - Epoch: 65
2026/08/31 10:41:06 - __main__ - INFO - 162 - trainer - [0/190] Loss: 1.1276
2026/08/31 10:41:11 - __main__ - INFO - 162 - trainer - [39/190] Loss: 1.1378
2026/08/31 10:41:16 - __main__ - INFO - 162 - trainer - [78/190] Loss: 1.1284
2026/08/31 10:41:21 - __main__ - INFO - 162 - trainer - [117/190] Loss: 1.1170
2026/08/31 10:41:26 - __main__ - INFO - 162 - trainer - [156/190] Loss: 1.1241
2026/08/31 10:41:31 - __main__ - INFO - 167 - trainer - Average loss in epoch 65: 1.1307
2026/08/31 10:41:31 - __main__ - INFO - 117 - trainer - Epoch: 66
2026/08/31 10:41:31 - __main__ - INFO - 162 - trainer - [0/190] Loss: 1.1314
2026/08/31 10:41:36 - __main__ - INFO - 162 - trainer - [39/190] Loss: 1.1417
2026/08/31 10:41:42 - __main__ - INFO - 162 - trainer - [78/190] Loss: 1.1229
2026/08/31 10:41:47 - __main__ - INFO - 162 - trainer - [117/190] Loss: 1.1469
2026/08/31 10:41:52 - __main__ - INFO - 162 - trainer - [156/190] Loss: 1.1396
2026/08/31 10:41:57 - __main__ - INFO - 167 - trainer - Average loss in epoch 66: 1.1293
2026/08/31 10:41:57 - __main__ - INFO - 117 - trainer - Epoch: 67
2026/08/31 10:41:57 - __main__ - INFO - 162 - trainer - [0/190] Loss: 1.1306
2026/08/31 10:42:03 - __main__ - INFO - 162 - trainer - [39/190] Loss: 1.1440
2026/08/31 10:42:08 - __main__ - INFO - 162 - trainer - [78/190] Loss: 1.1120
2026/08/31 10:42:14 - __main__ - INFO - 162 - trainer - [117/190] Loss: 1.1332
2026/08/31 10:42:19 - __main__ - INFO - 162 - trainer - [156/190] Loss: 1.1406
2026/08/31 10:42:24 - __main__ - INFO - 167 - trainer - Average loss in epoch 67: 1.1280
2026/08/31 10:42:24 - __main__ - INFO - 117 - trainer - Epoch: 68
2026/08/31 10:42:24 - __main__ - INFO - 162 - trainer - [0/190] Loss: 1.1216
2026/08/31 10:42:29 - __main__ - INFO - 162 - trainer - [39/190] Loss: 1.1225
2026/08/31 10:42:34 - __main__ - INFO - 162 - trainer - [78/190] Loss: 1.1206
2026/08/31 10:42:39 - __main__ - INFO - 162 - trainer - [117/190] Loss: 1.1240
2026/08/31 10:42:44 - __main__ - INFO - 162 - trainer - [156/190] Loss: 1.1298
2026/08/31 10:42:48 - __main__ - INFO - 167 - trainer - Average loss in epoch 68: 1.1273
2026/08/31 10:42:48 - __main__ - INFO - 117 - trainer - Epoch: 69
2026/08/31 10:42:48 - __main__ - INFO - 162 - trainer - [0/190] Loss: 1.1227
2026/08/31 10:42:54 - __main__ - INFO - 162 - trainer - [39/190] Loss: 1.1218
2026/08/31 10:43:00 - __main__ - INFO - 162 - trainer - [78/190] Loss: 1.1272
2026/08/31 10:43:05 - __main__ - INFO - 162 - trainer - [117/190] Loss: 1.1168
2026/08/31 10:43:10 - __main__ - INFO - 162 - trainer - [156/190] Loss: 1.1316
2026/08/31 10:43:15 - __main__ - INFO - 167 - trainer - Average loss in epoch 69: 1.1247
2026/08/31 10:43:15 - __main__ - INFO - 117 - trainer - Epoch: 70
2026/08/31 10:43:15 - __main__ - INFO - 162 - trainer - [0/190] Loss: 1.1150
2026/08/31 10:43:20 - __main__ - INFO - 162 - trainer - [39/190] Loss: 1.1056
2026/08/31 10:43:25 - __main__ - INFO - 162 - trainer - [78/190] Loss: 1.0853
2026/08/31 10:43:31 - __main__ - INFO - 162 - trainer - [117/190] Loss: 1.1358
2026/08/31 10:43:36 - __main__ - INFO - 162 - trainer - [156/190] Loss: 1.1179
2026/08/31 10:43:40 - __main__ - INFO - 167 - trainer - Average loss in epoch 70: 1.1246
2026/08/31 10:43:40 - __main__ - INFO - 117 - trainer - Epoch: 71
2026/08/31 10:43:41 - __main__ - INFO - 162 - trainer - [0/190] Loss: 1.1123
2026/08/31 10:43:46 - __main__ - INFO - 162 - trainer - [39/190] Loss: 1.1244
2026/08/31 10:43:52 - __main__ - INFO - 162 - trainer - [78/190] Loss: 1.1129
2026/08/31 10:43:57 - __main__ - INFO - 162 - trainer - [117/190] Loss: 1.1260
2026/08/31 10:44:03 - __main__ - INFO - 162 - trainer - [156/190] Loss: 1.1354
2026/08/31 10:44:07 - __main__ - INFO - 167 - trainer - Average loss in epoch 71: 1.1234
2026/08/31 10:44:07 - __main__ - INFO - 117 - trainer - Epoch: 72
2026/08/31 10:44:08 - __main__ - INFO - 162 - trainer - [0/190] Loss: 1.1055
2026/08/31 10:44:13 - __main__ - INFO - 162 - trainer - [39/190] Loss: 1.1145
2026/08/31 10:44:19 - __main__ - INFO - 162 - trainer - [78/190] Loss: 1.1073
2026/08/31 10:44:24 - __main__ - INFO - 162 - trainer - [117/190] Loss: 1.1345
2026/08/31 10:44:30 - __main__ - INFO - 162 - trainer - [156/190] Loss: 1.1069
2026/08/31 10:44:34 - __main__ - INFO - 167 - trainer - Average loss in epoch 72: 1.1208
2026/08/31 10:44:34 - __main__ - INFO - 117 - trainer - Epoch: 73
2026/08/31 10:44:34 - __main__ - INFO - 162 - trainer - [0/190] Loss: 1.1070
2026/08/31 10:44:40 - __main__ - INFO - 162 - trainer - [39/190] Loss: 1.1162
2026/08/31 10:44:45 - __main__ - INFO - 162 - trainer - [78/190] Loss: 1.1253
2026/08/31 10:44:51 - __main__ - INFO - 162 - trainer - [117/190] Loss: 1.1213
2026/08/31 10:44:57 - __main__ - INFO - 162 - trainer - [156/190] Loss: 1.1200
2026/08/31 10:45:01 - __main__ - INFO - 167 - trainer - Average loss in epoch 73: 1.1207
2026/08/31 10:45:01 - __main__ - INFO - 117 - trainer - Epoch: 74
2026/08/31 10:45:02 - __main__ - INFO - 162 - trainer - [0/190] Loss: 1.1297
2026/08/31 10:45:07 - __main__ - INFO - 162 - trainer - [39/190] Loss: 1.1068
2026/08/31 10:45:12 - __main__ - INFO - 162 - trainer - [78/190] Loss: 1.0792
2026/08/31 10:45:17 - __main__ - INFO - 162 - trainer - [117/190] Loss: 1.1387
2026/08/31 10:45:22 - __main__ - INFO - 162 - trainer - [156/190] Loss: 1.1101
2026/08/31 10:45:26 - __main__ - INFO - 167 - trainer - Average loss in epoch 74: 1.1187
2026/08/31 10:45:26 - __main__ - INFO - 117 - trainer - Epoch: 75
2026/08/31 10:45:26 - __main__ - INFO - 162 - trainer - [0/190] Loss: 1.1205
2026/08/31 10:45:31 - __main__ - INFO - 162 - trainer - [39/190] Loss: 1.1133
2026/08/31 10:45:37 - __main__ - INFO - 162 - trainer - [78/190] Loss: 1.1041
2026/08/31 10:45:42 - __main__ - INFO - 162 - trainer - [117/190] Loss: 1.1154
2026/08/31 10:45:48 - __main__ - INFO - 162 - trainer - [156/190] Loss: 1.1309
2026/08/31 10:45:52 - __main__ - INFO - 167 - trainer - Average loss in epoch 75: 1.1179
2026/08/31 10:45:52 - __main__ - INFO - 117 - trainer - Epoch: 76
2026/08/31 10:45:53 - __main__ - INFO - 162 - trainer - [0/190] Loss: 1.0948
2026/08/31 10:45:58 - __main__ - INFO - 162 - trainer - [39/190] Loss: 1.1265
2026/08/31 10:46:03 - __main__ - INFO - 162 - trainer - [78/190] Loss: 1.1041
2026/08/31 10:46:08 - __main__ - INFO - 162 - trainer - [117/190] Loss: 1.0990
2026/08/31 10:46:13 - __main__ - INFO - 162 - trainer - [156/190] Loss: 1.1351
2026/08/31 10:46:17 - __main__ - INFO - 167 - trainer - Average loss in epoch 76: 1.1175
2026/08/31 10:46:17 - __main__ - INFO - 117 - trainer - Epoch: 77
2026/08/31 10:46:17 - __main__ - INFO - 162 - trainer - [0/190] Loss: 1.1026
2026/08/31 10:46:22 - __main__ - INFO - 162 - trainer - [39/190] Loss: 1.1213
2026/08/31 10:46:28 - __main__ - INFO - 162 - trainer - [78/190] Loss: 1.1183
2026/08/31 10:46:33 - __main__ - INFO - 162 - trainer - [117/190] Loss: 1.1285
2026/08/31 10:46:39 - __main__ - INFO - 162 - trainer - [156/190] Loss: 1.1297
2026/08/31 10:46:43 - __main__ - INFO - 167 - trainer - Average loss in epoch 77: 1.1157
2026/08/31 10:46:43 - __main__ - INFO - 117 - trainer - Epoch: 78
2026/08/31 10:46:43 - __main__ - INFO - 162 - trainer - [0/190] Loss: 1.1197
2026/08/31 10:46:49 - __main__ - INFO - 162 - trainer - [39/190] Loss: 1.1142
2026/08/31 10:46:55 - __main__ - INFO - 162 - trainer - [78/190] Loss: 1.1255
2026/08/31 10:47:00 - __main__ - INFO - 162 - trainer - [117/190] Loss: 1.1103
2026/08/31 10:47:05 - __main__ - INFO - 162 - trainer - [156/190] Loss: 1.1598
2026/08/31 10:47:10 - __main__ - INFO - 167 - trainer - Average loss in epoch 78: 1.1150
2026/08/31 10:47:10 - __main__ - INFO - 117 - trainer - Epoch: 79
2026/08/31 10:47:10 - __main__ - INFO - 162 - trainer - [0/190] Loss: 1.1127
2026/08/31 10:47:16 - __main__ - INFO - 162 - trainer - [39/190] Loss: 1.1147
2026/08/31 10:47:21 - __main__ - INFO - 162 - trainer - [78/190] Loss: 1.1277
2026/08/31 10:47:27 - __main__ - INFO - 162 - trainer - [117/190] Loss: 1.1169
2026/08/31 10:47:32 - __main__ - INFO - 162 - trainer - [156/190] Loss: 1.1320
2026/08/31 10:47:37 - __main__ - INFO - 167 - trainer - Average loss in epoch 79: 1.1144
2026/08/31 10:47:37 - __main__ - INFO - 117 - trainer - Epoch: 80
2026/08/31 10:47:37 - __main__ - INFO - 162 - trainer - [0/190] Loss: 1.1135
2026/08/31 10:47:43 - __main__ - INFO - 162 - trainer - [39/190] Loss: 1.1178
2026/08/31 10:47:48 - __main__ - INFO - 162 - trainer - [78/190] Loss: 1.1270
2026/08/31 10:47:54 - __main__ - INFO - 162 - trainer - [117/190] Loss: 1.1350
2026/08/31 10:47:59 - __main__ - INFO - 162 - trainer - [156/190] Loss: 1.0933
2026/08/31 10:48:04 - __main__ - INFO - 167 - trainer - Average loss in epoch 80: 1.1130
2026/08/31 10:48:04 - __main__ - INFO - 173 - trainer - start predicting: 2026-08-31 10:48:04.333777
2026/08/31 10:48:06 - __main__ - INFO - 203 - trainer - {'Best_HR@5': np.float64(9.7919), 'Best_HR@10': np.float64(15.9207), 'Best_HR@20': np.float64(26.195), 'Best_NDCG@5': np.float64(5.7699), 'Best_NDCG@10': np.float64(7.6158), 'Best_NDCG@20': np.float64(10.2616)}
2026/08/31 10:48:06 - __main__ - INFO - 204 - trainer - {'Best_epoch_HR@5': 80, 'Best_epoch_HR@10': 60, 'Best_epoch_HR@20': 80, 'Best_epoch_NDCG@5': 80, 'Best_epoch_NDCG@10': 60, 'Best_epoch_NDCG@20': 80}
2026/08/31 10:48:06 - __main__ - INFO - 117 - trainer - Epoch: 81
2026/08/31 10:48:06 - __main__ - INFO - 162 - trainer - [0/190] Loss: 1.1084
2026/08/31 10:48:12 - __main__ - INFO - 162 - trainer - [39/190] Loss: 1.1274
2026/08/31 10:48:17 - __main__ - INFO - 162 - trainer - [78/190] Loss: 1.1071
2026/08/31 10:48:23 - __main__ - INFO - 162 - trainer - [117/190] Loss: 1.1086
2026/08/31 10:48:28 - __main__ - INFO - 162 - trainer - [156/190] Loss: 1.1143
2026/08/31 10:48:33 - __main__ - INFO - 167 - trainer - Average loss in epoch 81: 1.1112
2026/08/31 10:48:33 - __main__ - INFO - 117 - trainer - Epoch: 82
2026/08/31 10:48:33 - __main__ - INFO - 162 - trainer - [0/190] Loss: 1.0999
2026/08/31 10:48:39 - __main__ - INFO - 162 - trainer - [39/190] Loss: 1.1167
2026/08/31 10:48:44 - __main__ - INFO - 162 - trainer - [78/190] Loss: 1.1094
2026/08/31 10:48:50 - __main__ - INFO - 162 - trainer - [117/190] Loss: 1.1179
2026/08/31 10:48:55 - __main__ - INFO - 162 - trainer - [156/190] Loss: 1.1270
2026/08/31 10:49:00 - __main__ - INFO - 167 - trainer - Average loss in epoch 82: 1.1107
2026/08/31 10:49:00 - __main__ - INFO - 117 - trainer - Epoch: 83
2026/08/31 10:49:00 - __main__ - INFO - 162 - trainer - [0/190] Loss: 1.1260
2026/08/31 10:49:05 - __main__ - INFO - 162 - trainer - [39/190] Loss: 1.1092
2026/08/31 10:49:11 - __main__ - INFO - 162 - trainer - [78/190] Loss: 1.1124
2026/08/31 10:49:17 - __main__ - INFO - 162 - trainer - [117/190] Loss: 1.1311
2026/08/31 10:49:22 - __main__ - INFO - 162 - trainer - [156/190] Loss: 1.1259
2026/08/31 10:49:27 - __main__ - INFO - 167 - trainer - Average loss in epoch 83: 1.1102
2026/08/31 10:49:27 - __main__ - INFO - 117 - trainer - Epoch: 84
2026/08/31 10:49:27 - __main__ - INFO - 162 - trainer - [0/190] Loss: 1.1158
2026/08/31 10:49:33 - __main__ - INFO - 162 - trainer - [39/190] Loss: 1.1301
2026/08/31 10:49:38 - __main__ - INFO - 162 - trainer - [78/190] Loss: 1.1001
2026/08/31 10:49:44 - __main__ - INFO - 162 - trainer - [117/190] Loss: 1.1093
2026/08/31 10:49:50 - __main__ - INFO - 162 - trainer - [156/190] Loss: 1.1029
2026/08/31 10:49:54 - __main__ - INFO - 167 - trainer - Average loss in epoch 84: 1.1089
2026/08/31 10:49:54 - __main__ - INFO - 117 - trainer - Epoch: 85
2026/08/31 10:49:54 - __main__ - INFO - 162 - trainer - [0/190] Loss: 1.1022
2026/08/31 10:49:59 - __main__ - INFO - 162 - trainer - [39/190] Loss: 1.0946
2026/08/31 10:50:04 - __main__ - INFO - 162 - trainer - [78/190] Loss: 1.0974
2026/08/31 10:50:09 - __main__ - INFO - 162 - trainer - [117/190] Loss: 1.1344
2026/08/31 10:50:14 - __main__ - INFO - 162 - trainer - [156/190] Loss: 1.1062
2026/08/31 10:50:19 - __main__ - INFO - 167 - trainer - Average loss in epoch 85: 1.1074
2026/08/31 10:50:19 - __main__ - INFO - 117 - trainer - Epoch: 86
2026/08/31 10:50:19 - __main__ - INFO - 162 - trainer - [0/190] Loss: 1.1223
2026/08/31 10:50:24 - __main__ - INFO - 162 - trainer - [39/190] Loss: 1.0989
2026/08/31 10:50:30 - __main__ - INFO - 162 - trainer - [78/190] Loss: 1.1011
2026/08/31 10:50:36 - __main__ - INFO - 162 - trainer - [117/190] Loss: 1.1036
2026/08/31 10:50:41 - __main__ - INFO - 162 - trainer - [156/190] Loss: 1.0830
2026/08/31 10:50:46 - __main__ - INFO - 167 - trainer - Average loss in epoch 86: 1.1069
2026/08/31 10:50:46 - __main__ - INFO - 117 - trainer - Epoch: 87
2026/08/31 10:50:46 - __main__ - INFO - 162 - trainer - [0/190] Loss: 1.0810
2026/08/31 10:50:52 - __main__ - INFO - 162 - trainer - [39/190] Loss: 1.0922
2026/08/31 10:50:57 - __main__ - INFO - 162 - trainer - [78/190] Loss: 1.0908
2026/08/31 10:51:03 - __main__ - INFO - 162 - trainer - [117/190] Loss: 1.1155
2026/08/31 10:51:08 - __main__ - INFO - 162 - trainer - [156/190] Loss: 1.1197
2026/08/31 10:51:13 - __main__ - INFO - 167 - trainer - Average loss in epoch 87: 1.1062
2026/08/31 10:51:13 - __main__ - INFO - 117 - trainer - Epoch: 88
2026/08/31 10:51:13 - __main__ - INFO - 162 - trainer - [0/190] Loss: 1.1086
2026/08/31 10:51:19 - __main__ - INFO - 162 - trainer - [39/190] Loss: 1.0856
2026/08/31 10:51:24 - __main__ - INFO - 162 - trainer - [78/190] Loss: 1.1087
2026/08/31 10:51:30 - __main__ - INFO - 162 - trainer - [117/190] Loss: 1.1115
2026/08/31 10:51:35 - __main__ - INFO - 162 - trainer - [156/190] Loss: 1.1020
2026/08/31 10:51:40 - __main__ - INFO - 167 - trainer - Average loss in epoch 88: 1.1053
2026/08/31 10:51:40 - __main__ - INFO - 117 - trainer - Epoch: 89
2026/08/31 10:51:40 - __main__ - INFO - 162 - trainer - [0/190] Loss: 1.0857
2026/08/31 10:51:46 - __main__ - INFO - 162 - trainer - [39/190] Loss: 1.1254
2026/08/31 10:51:51 - __main__ - INFO - 162 - trainer - [78/190] Loss: 1.0967
2026/08/31 10:51:57 - __main__ - INFO - 162 - trainer - [117/190] Loss: 1.0902
2026/08/31 10:52:03 - __main__ - INFO - 162 - trainer - [156/190] Loss: 1.1173
2026/08/31 10:52:07 - __main__ - INFO - 167 - trainer - Average loss in epoch 89: 1.1038
2026/08/31 10:52:07 - __main__ - INFO - 117 - trainer - Epoch: 90
2026/08/31 10:52:07 - __main__ - INFO - 162 - trainer - [0/190] Loss: 1.1055
2026/08/31 10:52:13 - __main__ - INFO - 162 - trainer - [39/190] Loss: 1.0918
2026/08/31 10:52:19 - __main__ - INFO - 162 - trainer - [78/190] Loss: 1.1194
2026/08/31 10:52:24 - __main__ - INFO - 162 - trainer - [117/190] Loss: 1.1141
2026/08/31 10:52:30 - __main__ - INFO - 162 - trainer - [156/190] Loss: 1.1020
2026/08/31 10:52:35 - __main__ - INFO - 167 - trainer - Average loss in epoch 90: 1.1034
2026/08/31 10:52:35 - __main__ - INFO - 117 - trainer - Epoch: 91
2026/08/31 10:52:35 - __main__ - INFO - 162 - trainer - [0/190] Loss: 1.0908
2026/08/31 10:52:40 - __main__ - INFO - 162 - trainer - [39/190] Loss: 1.0945
2026/08/31 10:52:46 - __main__ - INFO - 162 - trainer - [78/190] Loss: 1.0970
2026/08/31 10:52:52 - __main__ - INFO - 162 - trainer - [117/190] Loss: 1.0999
2026/08/31 10:52:57 - __main__ - INFO - 162 - trainer - [156/190] Loss: 1.1043
2026/08/31 10:53:02 - __main__ - INFO - 167 - trainer - Average loss in epoch 91: 1.1025
2026/08/31 10:53:02 - __main__ - INFO - 117 - trainer - Epoch: 92
2026/08/31 10:53:02 - __main__ - INFO - 162 - trainer - [0/190] Loss: 1.0861
2026/08/31 10:53:08 - __main__ - INFO - 162 - trainer - [39/190] Loss: 1.0807
2026/08/31 10:53:13 - __main__ - INFO - 162 - trainer - [78/190] Loss: 1.1266
2026/08/31 10:53:18 - __main__ - INFO - 162 - trainer - [117/190] Loss: 1.0995
2026/08/31 10:53:24 - __main__ - INFO - 162 - trainer - [156/190] Loss: 1.1161
2026/08/31 10:53:29 - __main__ - INFO - 167 - trainer - Average loss in epoch 92: 1.1019
2026/08/31 10:53:29 - __main__ - INFO - 117 - trainer - Epoch: 93
2026/08/31 10:53:29 - __main__ - INFO - 162 - trainer - [0/190] Loss: 1.0946
2026/08/31 10:53:34 - __main__ - INFO - 162 - trainer - [39/190] Loss: 1.0935
2026/08/31 10:53:40 - __main__ - INFO - 162 - trainer - [78/190] Loss: 1.0934
2026/08/31 10:53:45 - __main__ - INFO - 162 - trainer - [117/190] Loss: 1.1086
2026/08/31 10:53:51 - __main__ - INFO - 162 - trainer - [156/190] Loss: 1.1165
2026/08/31 10:53:55 - __main__ - INFO - 167 - trainer - Average loss in epoch 93: 1.1008
2026/08/31 10:53:55 - __main__ - INFO - 117 - trainer - Epoch: 94
2026/08/31 10:53:56 - __main__ - INFO - 162 - trainer - [0/190] Loss: 1.0956
2026/08/31 10:54:01 - __main__ - INFO - 162 - trainer - [39/190] Loss: 1.0927
2026/08/31 10:54:07 - __main__ - INFO - 162 - trainer - [78/190] Loss: 1.1201
2026/08/31 10:54:12 - __main__ - INFO - 162 - trainer - [117/190] Loss: 1.0903
2026/08/31 10:54:18 - __main__ - INFO - 162 - trainer - [156/190] Loss: 1.1053
2026/08/31 10:54:22 - __main__ - INFO - 167 - trainer - Average loss in epoch 94: 1.1003
2026/08/31 10:54:22 - __main__ - INFO - 117 - trainer - Epoch: 95
2026/08/31 10:54:23 - __main__ - INFO - 162 - trainer - [0/190] Loss: 1.0681
2026/08/31 10:54:28 - __main__ - INFO - 162 - trainer - [39/190] Loss: 1.0912
2026/08/31 10:54:34 - __main__ - INFO - 162 - trainer - [78/190] Loss: 1.1213
2026/08/31 10:54:40 - __main__ - INFO - 162 - trainer - [117/190] Loss: 1.1114
2026/08/31 10:54:45 - __main__ - INFO - 162 - trainer - [156/190] Loss: 1.0946
2026/08/31 10:54:50 - __main__ - INFO - 167 - trainer - Average loss in epoch 95: 1.0990
2026/08/31 10:54:50 - __main__ - INFO - 117 - trainer - Epoch: 96
2026/08/31 10:54:50 - __main__ - INFO - 162 - trainer - [0/190] Loss: 1.0856
2026/08/31 10:54:56 - __main__ - INFO - 162 - trainer - [39/190] Loss: 1.0925
2026/08/31 10:55:01 - __main__ - INFO - 162 - trainer - [78/190] Loss: 1.0886
2026/08/31 10:55:07 - __main__ - INFO - 162 - trainer - [117/190] Loss: 1.0901
2026/08/31 10:55:12 - __main__ - INFO - 162 - trainer - [156/190] Loss: 1.1183
2026/08/31 10:55:17 - __main__ - INFO - 167 - trainer - Average loss in epoch 96: 1.0984
2026/08/31 10:55:17 - __main__ - INFO - 117 - trainer - Epoch: 97
2026/08/31 10:55:17 - __main__ - INFO - 162 - trainer - [0/190] Loss: 1.0898
2026/08/31 10:55:23 - __main__ - INFO - 162 - trainer - [39/190] Loss: 1.1059
2026/08/31 10:55:28 - __main__ - INFO - 162 - trainer - [78/190] Loss: 1.0694
2026/08/31 10:55:34 - __main__ - INFO - 162 - trainer - [117/190] Loss: 1.1027
2026/08/31 10:55:39 - __main__ - INFO - 162 - trainer - [156/190] Loss: 1.1087
2026/08/31 10:55:44 - __main__ - INFO - 167 - trainer - Average loss in epoch 97: 1.0973
2026/08/31 10:55:44 - __main__ - INFO - 117 - trainer - Epoch: 98
2026/08/31 10:55:44 - __main__ - INFO - 162 - trainer - [0/190] Loss: 1.0799
2026/08/31 10:55:50 - __main__ - INFO - 162 - trainer - [39/190] Loss: 1.1030
2026/08/31 10:55:55 - __main__ - INFO - 162 - trainer - [78/190] Loss: 1.0988
2026/08/31 10:56:01 - __main__ - INFO - 162 - trainer - [117/190] Loss: 1.0855
2026/08/31 10:56:06 - __main__ - INFO - 162 - trainer - [156/190] Loss: 1.1070
2026/08/31 10:56:11 - __main__ - INFO - 167 - trainer - Average loss in epoch 98: 1.0967
2026/08/31 10:56:11 - __main__ - INFO - 117 - trainer - Epoch: 99
2026/08/31 10:56:11 - __main__ - INFO - 162 - trainer - [0/190] Loss: 1.1003
2026/08/31 10:56:17 - __main__ - INFO - 162 - trainer - [39/190] Loss: 1.0880
2026/08/31 10:56:22 - __main__ - INFO - 162 - trainer - [78/190] Loss: 1.0941
2026/08/31 10:56:28 - __main__ - INFO - 162 - trainer - [117/190] Loss: 1.0880
2026/08/31 10:56:33 - __main__ - INFO - 162 - trainer - [156/190] Loss: 1.0897
2026/08/31 10:56:38 - __main__ - INFO - 167 - trainer - Average loss in epoch 99: 1.0960
2026/08/31 10:56:38 - __main__ - INFO - 117 - trainer - Epoch: 100
2026/08/31 10:56:38 - __main__ - INFO - 162 - trainer - [0/190] Loss: 1.1044
2026/08/31 10:56:44 - __main__ - INFO - 162 - trainer - [39/190] Loss: 1.0775
2026/08/31 10:56:49 - __main__ - INFO - 162 - trainer - [78/190] Loss: 1.0893
2026/08/31 10:56:55 - __main__ - INFO - 162 - trainer - [117/190] Loss: 1.0872
2026/08/31 10:57:00 - __main__ - INFO - 162 - trainer - [156/190] Loss: 1.0992
2026/08/31 10:57:05 - __main__ - INFO - 167 - trainer - Average loss in epoch 100: 1.0860
2026/08/31 10:57:05 - __main__ - INFO - 173 - trainer - start predicting: 2026-08-31 10:57:05.488536
2026/08/31 10:57:08 - __main__ - INFO - 203 - trainer - {'Best_HR@5': np.float64(10.2009), 'Best_HR@10': np.float64(16.5617), 'Best_HR@20': np.float64(26.4821), 'Best_NDCG@5': np.float64(5.9839), 'Best_NDCG@10': np.float64(8.0199), 'Best_NDCG@20': np.float64(10.4901)}
2026/08/31 10:57:08 - __main__ - INFO - 204 - trainer - {'Best_epoch_HR@5': 100, 'Best_epoch_HR@10': 100, 'Best_epoch_HR@20': 100, 'Best_epoch_NDCG@5': 100, 'Best_epoch_NDCG@10': 100, 'Best_epoch_NDCG@20': 100}
2026/08/31 10:57:08 - __main__ - INFO - 117 - trainer - Epoch: 101
2026/08/31 10:57:08 - __main__ - INFO - 162 - trainer - [0/190] Loss: 1.1071
2026/08/31 10:57:13 - __main__ - INFO - 162 - trainer - [39/190] Loss: 1.0590
2026/08/31 10:57:19 - __main__ - INFO - 162 - trainer - [78/190] Loss: 1.1042
2026/08/31 10:57:24 - __main__ - INFO - 162 - trainer - [117/190] Loss: 1.0657
2026/08/31 10:57:29 - __main__ - INFO - 162 - trainer - [156/190] Loss: 1.0882
2026/08/31 10:57:34 - __main__ - INFO - 167 - trainer - Average loss in epoch 101: 1.0828
2026/08/31 10:57:34 - __main__ - INFO - 117 - trainer - Epoch: 102
2026/08/31 10:57:34 - __main__ - INFO - 162 - trainer - [0/190] Loss: 1.0821
2026/08/31 10:57:40 - __main__ - INFO - 162 - trainer - [39/190] Loss: 1.0819
2026/08/31 10:57:45 - __main__ - INFO - 162 - trainer - [78/190] Loss: 1.0682
2026/08/31 10:57:51 - __main__ - INFO - 162 - trainer - [117/190] Loss: 1.0854
2026/08/31 10:57:57 - __main__ - INFO - 162 - trainer - [156/190] Loss: 1.0767
2026/08/31 10:58:01 - __main__ - INFO - 167 - trainer - Average loss in epoch 102: 1.0819
2026/08/31 10:58:01 - __main__ - INFO - 117 - trainer - Epoch: 103
2026/08/31 10:58:01 - __main__ - INFO - 162 - trainer - [0/190] Loss: 1.0562
2026/08/31 10:58:07 - __main__ - INFO - 162 - trainer - [39/190] Loss: 1.0964
2026/08/31 10:58:13 - __main__ - INFO - 162 - trainer - [78/190] Loss: 1.0628
2026/08/31 10:58:18 - __main__ - INFO - 162 - trainer - [117/190] Loss: 1.0859
2026/08/31 10:58:23 - __main__ - INFO - 162 - trainer - [156/190] Loss: 1.0900
2026/08/31 10:58:28 - __main__ - INFO - 167 - trainer - Average loss in epoch 103: 1.0816
2026/08/31 10:58:28 - __main__ - INFO - 117 - trainer - Epoch: 104
2026/08/31 10:58:28 - __main__ - INFO - 162 - trainer - [0/190] Loss: 1.0867
2026/08/31 10:58:34 - __main__ - INFO - 162 - trainer - [39/190] Loss: 1.0884
2026/08/31 10:58:39 - __main__ - INFO - 162 - trainer - [78/190] Loss: 1.0658
2026/08/31 10:58:45 - __main__ - INFO - 162 - trainer - [117/190] Loss: 1.0745
2026/08/31 10:58:50 - __main__ - INFO - 162 - trainer - [156/190] Loss: 1.0829
2026/08/31 10:58:55 - __main__ - INFO - 167 - trainer - Average loss in epoch 104: 1.0805
2026/08/31 10:58:55 - __main__ - INFO - 117 - trainer - Epoch: 105
2026/08/31 10:58:55 - __main__ - INFO - 162 - trainer - [0/190] Loss: 1.0879
2026/08/31 10:59:00 - __main__ - INFO - 162 - trainer - [39/190] Loss: 1.0771
2026/08/31 10:59:06 - __main__ - INFO - 162 - trainer - [78/190] Loss: 1.0816
2026/08/31 10:59:11 - __main__ - INFO - 162 - trainer - [117/190] Loss: 1.0801
2026/08/31 10:59:17 - __main__ - INFO - 162 - trainer - [156/190] Loss: 1.0915
2026/08/31 10:59:22 - __main__ - INFO - 167 - trainer - Average loss in epoch 105: 1.0800
2026/08/31 10:59:22 - __main__ - INFO - 117 - trainer - Epoch: 106
2026/08/31 10:59:22 - __main__ - INFO - 162 - trainer - [0/190] Loss: 1.0898
2026/08/31 10:59:27 - __main__ - INFO - 162 - trainer - [39/190] Loss: 1.0811
2026/08/31 10:59:33 - __main__ - INFO - 162 - trainer - [78/190] Loss: 1.0712
2026/08/31 10:59:38 - __main__ - INFO - 162 - trainer - [117/190] Loss: 1.1061
2026/08/31 10:59:44 - __main__ - INFO - 162 - trainer - [156/190] Loss: 1.0747
2026/08/31 10:59:49 - __main__ - INFO - 167 - trainer - Average loss in epoch 106: 1.0799
2026/08/31 10:59:49 - __main__ - INFO - 117 - trainer - Epoch: 107
2026/08/31 10:59:49 - __main__ - INFO - 162 - trainer - [0/190] Loss: 1.0821
2026/08/31 10:59:55 - __main__ - INFO - 162 - trainer - [39/190] Loss: 1.0802
2026/08/31 11:00:00 - __main__ - INFO - 162 - trainer - [78/190] Loss: 1.0703
2026/08/31 11:00:06 - __main__ - INFO - 162 - trainer - [117/190] Loss: 1.0745
2026/08/31 11:00:11 - __main__ - INFO - 162 - trainer - [156/190] Loss: 1.0921
2026/08/31 11:00:16 - __main__ - INFO - 167 - trainer - Average loss in epoch 107: 1.0798
2026/08/31 11:00:16 - __main__ - INFO - 117 - trainer - Epoch: 108
2026/08/31 11:00:16 - __main__ - INFO - 162 - trainer - [0/190] Loss: 1.0947
2026/08/31 11:00:21 - __main__ - INFO - 162 - trainer - [39/190] Loss: 1.0660
2026/08/31 11:00:26 - __main__ - INFO - 162 - trainer - [78/190] Loss: 1.0987
2026/08/31 11:00:31 - __main__ - INFO - 162 - trainer - [117/190] Loss: 1.0632
2026/08/31 11:00:36 - __main__ - INFO - 162 - trainer - [156/190] Loss: 1.0460
2026/08/31 11:00:41 - __main__ - INFO - 167 - trainer - Average loss in epoch 108: 1.0790
2026/08/31 11:00:41 - __main__ - INFO - 117 - trainer - Epoch: 109
2026/08/31 11:00:41 - __main__ - INFO - 162 - trainer - [0/190] Loss: 1.0569
2026/08/31 11:00:46 - __main__ - INFO - 162 - trainer - [39/190] Loss: 1.0784
2026/08/31 11:00:52 - __main__ - INFO - 162 - trainer - [78/190] Loss: 1.0813
2026/08/31 11:00:58 - __main__ - INFO - 162 - trainer - [117/190] Loss: 1.0671
2026/08/31 11:01:04 - __main__ - INFO - 162 - trainer - [156/190] Loss: 1.0727
2026/08/31 11:01:08 - __main__ - INFO - 167 - trainer - Average loss in epoch 109: 1.0790
2026/08/31 11:01:08 - __main__ - INFO - 117 - trainer - Epoch: 110
2026/08/31 11:01:08 - __main__ - INFO - 162 - trainer - [0/190] Loss: 1.0854
2026/08/31 11:01:14 - __main__ - INFO - 162 - trainer - [39/190] Loss: 1.0918
2026/08/31 11:01:19 - __main__ - INFO - 162 - trainer - [78/190] Loss: 1.0798
2026/08/31 11:01:23 - __main__ - INFO - 162 - trainer - [117/190] Loss: 1.0690
2026/08/31 11:01:28 - __main__ - INFO - 162 - trainer - [156/190] Loss: 1.0768
2026/08/31 11:01:33 - __main__ - INFO - 167 - trainer - Average loss in epoch 110: 1.0784
2026/08/31 11:01:33 - __main__ - INFO - 117 - trainer - Epoch: 111
2026/08/31 11:01:33 - __main__ - INFO - 162 - trainer - [0/190] Loss: 1.0873
2026/08/31 11:01:39 - __main__ - INFO - 162 - trainer - [39/190] Loss: 1.0729
2026/08/31 11:01:44 - __main__ - INFO - 162 - trainer - [78/190] Loss: 1.0954
2026/08/31 11:01:50 - __main__ - INFO - 162 - trainer - [117/190] Loss: 1.0931
2026/08/31 11:01:55 - __main__ - INFO - 162 - trainer - [156/190] Loss: 1.0760
2026/08/31 11:02:00 - __main__ - INFO - 167 - trainer - Average loss in epoch 111: 1.0778
2026/08/31 11:02:00 - __main__ - INFO - 117 - trainer - Epoch: 112
2026/08/31 11:02:00 - __main__ - INFO - 162 - trainer - [0/190] Loss: 1.0855
2026/08/31 11:02:06 - __main__ - INFO - 162 - trainer - [39/190] Loss: 1.0842
2026/08/31 11:02:11 - __main__ - INFO - 162 - trainer - [78/190] Loss: 1.0812
2026/08/31 11:02:17 - __main__ - INFO - 162 - trainer - [117/190] Loss: 1.0797
2026/08/31 11:02:22 - __main__ - INFO - 162 - trainer - [156/190] Loss: 1.0765
2026/08/31 11:02:27 - __main__ - INFO - 167 - trainer - Average loss in epoch 112: 1.0778
2026/08/31 11:02:27 - __main__ - INFO - 117 - trainer - Epoch: 113
2026/08/31 11:02:27 - __main__ - INFO - 162 - trainer - [0/190] Loss: 1.0737
2026/08/31 11:02:33 - __main__ - INFO - 162 - trainer - [39/190] Loss: 1.0545
2026/08/31 11:02:38 - __main__ - INFO - 162 - trainer - [78/190] Loss: 1.0990
2026/08/31 11:02:44 - __main__ - INFO - 162 - trainer - [117/190] Loss: 1.0796
2026/08/31 11:02:50 - __main__ - INFO - 162 - trainer - [156/190] Loss: 1.0807
2026/08/31 11:02:55 - __main__ - INFO - 167 - trainer - Average loss in epoch 113: 1.0777
2026/08/31 11:02:55 - __main__ - INFO - 117 - trainer - Epoch: 114
2026/08/31 11:02:55 - __main__ - INFO - 162 - trainer - [0/190] Loss: 1.0850
2026/08/31 11:03:00 - __main__ - INFO - 162 - trainer - [39/190] Loss: 1.0569
2026/08/31 11:03:06 - __main__ - INFO - 162 - trainer - [78/190] Loss: 1.0632
2026/08/31 11:03:12 - __main__ - INFO - 162 - trainer - [117/190] Loss: 1.0859
2026/08/31 11:03:17 - __main__ - INFO - 162 - trainer - [156/190] Loss: 1.0546
2026/08/31 11:03:22 - __main__ - INFO - 167 - trainer - Average loss in epoch 114: 1.0776
2026/08/31 11:03:22 - __main__ - INFO - 117 - trainer - Epoch: 115
2026/08/31 11:03:22 - __main__ - INFO - 162 - trainer - [0/190] Loss: 1.0543
2026/08/31 11:03:27 - __main__ - INFO - 162 - trainer - [39/190] Loss: 1.0834
2026/08/31 11:03:33 - __main__ - INFO - 162 - trainer - [78/190] Loss: 1.0754
2026/08/31 11:03:38 - __main__ - INFO - 162 - trainer - [117/190] Loss: 1.0784
2026/08/31 11:03:44 - __main__ - INFO - 162 - trainer - [156/190] Loss: 1.0757
2026/08/31 11:03:48 - __main__ - INFO - 167 - trainer - Average loss in epoch 115: 1.0770
2026/08/31 11:03:48 - __main__ - INFO - 117 - trainer - Epoch: 116
2026/08/31 11:03:49 - __main__ - INFO - 162 - trainer - [0/190] Loss: 1.0726
2026/08/31 11:03:54 - __main__ - INFO - 162 - trainer - [39/190] Loss: 1.0596
2026/08/31 11:04:00 - __main__ - INFO - 162 - trainer - [78/190] Loss: 1.0867
2026/08/31 11:04:05 - __main__ - INFO - 162 - trainer - [117/190] Loss: 1.0612
2026/08/31 11:04:11 - __main__ - INFO - 162 - trainer - [156/190] Loss: 1.0751
2026/08/31 11:04:16 - __main__ - INFO - 167 - trainer - Average loss in epoch 116: 1.0765
2026/08/31 11:04:16 - __main__ - INFO - 117 - trainer - Epoch: 117
2026/08/31 11:04:16 - __main__ - INFO - 162 - trainer - [0/190] Loss: 1.0600
2026/08/31 11:04:21 - __main__ - INFO - 162 - trainer - [39/190] Loss: 1.0678
2026/08/31 11:04:26 - __main__ - INFO - 162 - trainer - [78/190] Loss: 1.0846
2026/08/31 11:04:31 - __main__ - INFO - 162 - trainer - [117/190] Loss: 1.0738
2026/08/31 11:04:36 - __main__ - INFO - 162 - trainer - [156/190] Loss: 1.0919
2026/08/31 11:04:40 - __main__ - INFO - 167 - trainer - Average loss in epoch 117: 1.0765
2026/08/31 11:04:40 - __main__ - INFO - 117 - trainer - Epoch: 118
2026/08/31 11:04:40 - __main__ - INFO - 162 - trainer - [0/190] Loss: 1.0590
2026/08/31 11:04:46 - __main__ - INFO - 162 - trainer - [39/190] Loss: 1.0877
2026/08/31 11:04:51 - __main__ - INFO - 162 - trainer - [78/190] Loss: 1.0731
2026/08/31 11:04:57 - __main__ - INFO - 162 - trainer - [117/190] Loss: 1.0415
2026/08/31 11:05:03 - __main__ - INFO - 162 - trainer - [156/190] Loss: 1.1027
2026/08/31 11:05:07 - __main__ - INFO - 167 - trainer - Average loss in epoch 118: 1.0763
2026/08/31 11:05:07 - __main__ - INFO - 117 - trainer - Epoch: 119
2026/08/31 11:05:07 - __main__ - INFO - 162 - trainer - [0/190] Loss: 1.0671
2026/08/31 11:05:12 - __main__ - INFO - 162 - trainer - [39/190] Loss: 1.0646
2026/08/31 11:05:18 - __main__ - INFO - 162 - trainer - [78/190] Loss: 1.0698
2026/08/31 11:05:23 - __main__ - INFO - 162 - trainer - [117/190] Loss: 1.0648
2026/08/31 11:05:28 - __main__ - INFO - 162 - trainer - [156/190] Loss: 1.0862
2026/08/31 11:05:32 - __main__ - INFO - 167 - trainer - Average loss in epoch 119: 1.0763
2026/08/31 11:05:32 - __main__ - INFO - 117 - trainer - Epoch: 120
2026/08/31 11:05:32 - __main__ - INFO - 162 - trainer - [0/190] Loss: 1.0745
2026/08/31 11:05:38 - __main__ - INFO - 162 - trainer - [39/190] Loss: 1.0766
2026/08/31 11:05:43 - __main__ - INFO - 162 - trainer - [78/190] Loss: 1.0890
2026/08/31 11:05:49 - __main__ - INFO - 162 - trainer - [117/190] Loss: 1.0735
2026/08/31 11:05:54 - __main__ - INFO - 162 - trainer - [156/190] Loss: 1.0577
2026/08/31 11:05:59 - __main__ - INFO - 167 - trainer - Average loss in epoch 120: 1.0754
2026/08/31 11:05:59 - __main__ - INFO - 173 - trainer - start predicting: 2026-08-31 11:05:59.573568
2026/08/31 11:06:01 - __main__ - INFO - 203 - trainer - {'Best_HR@5': np.float64(10.2009), 'Best_HR@10': np.float64(16.5617), 'Best_HR@20': np.float64(26.7934), 'Best_NDCG@5': np.float64(5.9839), 'Best_NDCG@10': np.float64(8.0199), 'Best_NDCG@20': np.float64(10.5488)}
2026/08/31 11:06:01 - __main__ - INFO - 204 - trainer - {'Best_epoch_HR@5': 100, 'Best_epoch_HR@10': 100, 'Best_epoch_HR@20': 120, 'Best_epoch_NDCG@5': 100, 'Best_epoch_NDCG@10': 100, 'Best_epoch_NDCG@20': 120}
2026/08/31 11:06:01 - __main__ - INFO - 117 - trainer - Epoch: 121
2026/08/31 11:06:01 - __main__ - INFO - 162 - trainer - [0/190] Loss: 1.0602
2026/08/31 11:06:07 - __main__ - INFO - 162 - trainer - [39/190] Loss: 1.0815
2026/08/31 11:06:12 - __main__ - INFO - 162 - trainer - [78/190] Loss: 1.0875
2026/08/31 11:06:18 - __main__ - INFO - 162 - trainer - [117/190] Loss: 1.0711
2026/08/31 11:06:23 - __main__ - INFO - 162 - trainer - [156/190] Loss: 1.0591
2026/08/31 11:06:28 - __main__ - INFO - 167 - trainer - Average loss in epoch 121: 1.0761
2026/08/31 11:06:28 - __main__ - INFO - 117 - trainer - Epoch: 122
2026/08/31 11:06:28 - __main__ - INFO - 162 - trainer - [0/190] Loss: 1.0659
2026/08/31 11:06:34 - __main__ - INFO - 162 - trainer - [39/190] Loss: 1.0698
2026/08/31 11:06:39 - __main__ - INFO - 162 - trainer - [78/190] Loss: 1.0781
2026/08/31 11:06:45 - __main__ - INFO - 162 - trainer - [117/190] Loss: 1.0891
2026/08/31 11:06:50 - __main__ - INFO - 162 - trainer - [156/190] Loss: 1.0726
2026/08/31 11:06:55 - __main__ - INFO - 167 - trainer - Average loss in epoch 122: 1.0758
2026/08/31 11:06:55 - __main__ - INFO - 117 - trainer - Epoch: 123
2026/08/31 11:06:55 - __main__ - INFO - 162 - trainer - [0/190] Loss: 1.0998
2026/08/31 11:07:01 - __main__ - INFO - 162 - trainer - [39/190] Loss: 1.0714
2026/08/31 11:07:06 - __main__ - INFO - 162 - trainer - [78/190] Loss: 1.0540
2026/08/31 11:07:12 - __main__ - INFO - 162 - trainer - [117/190] Loss: 1.0811
2026/08/31 11:07:17 - __main__ - INFO - 162 - trainer - [156/190] Loss: 1.0708
2026/08/31 11:07:22 - __main__ - INFO - 167 - trainer - Average loss in epoch 123: 1.0749
2026/08/31 11:07:22 - __main__ - INFO - 117 - trainer - Epoch: 124
2026/08/31 11:07:22 - __main__ - INFO - 162 - trainer - [0/190] Loss: 1.0881
2026/08/31 11:07:28 - __main__ - INFO - 162 - trainer - [39/190] Loss: 1.0807
2026/08/31 11:07:33 - __main__ - INFO - 162 - trainer - [78/190] Loss: 1.0763
2026/08/31 11:07:39 - __main__ - INFO - 162 - trainer - [117/190] Loss: 1.0895
2026/08/31 11:07:44 - __main__ - INFO - 162 - trainer - [156/190] Loss: 1.0998
2026/08/31 11:07:49 - __main__ - INFO - 167 - trainer - Average loss in epoch 124: 1.0748
2026/08/31 11:07:49 - __main__ - INFO - 117 - trainer - Epoch: 125
2026/08/31 11:07:49 - __main__ - INFO - 162 - trainer - [0/190] Loss: 1.0785
2026/08/31 11:07:55 - __main__ - INFO - 162 - trainer - [39/190] Loss: 1.0934
2026/08/31 11:08:01 - __main__ - INFO - 162 - trainer - [78/190] Loss: 1.0528
2026/08/31 11:08:06 - __main__ - INFO - 162 - trainer - [117/190] Loss: 1.0846
2026/08/31 11:08:12 - __main__ - INFO - 162 - trainer - [156/190] Loss: 1.0567
2026/08/31 11:08:16 - __main__ - INFO - 167 - trainer - Average loss in epoch 125: 1.0750
2026/08/31 11:08:16 - __main__ - INFO - 117 - trainer - Epoch: 126
2026/08/31 11:08:16 - __main__ - INFO - 162 - trainer - [0/190] Loss: 1.0709
2026/08/31 11:08:21 - __main__ - INFO - 162 - trainer - [39/190] Loss: 1.0763
2026/08/31 11:08:26 - __main__ - INFO - 162 - trainer - [78/190] Loss: 1.0765
2026/08/31 11:08:31 - __main__ - INFO - 162 - trainer - [117/190] Loss: 1.0832
2026/08/31 11:08:36 - __main__ - INFO - 162 - trainer - [156/190] Loss: 1.0929
2026/08/31 11:08:41 - __main__ - INFO - 167 - trainer - Average loss in epoch 126: 1.0749
2026/08/31 11:08:41 - __main__ - INFO - 117 - trainer - Epoch: 127
2026/08/31 11:08:41 - __main__ - INFO - 162 - trainer - [0/190] Loss: 1.0572
2026/08/31 11:08:46 - __main__ - INFO - 162 - trainer - [39/190] Loss: 1.0667
2026/08/31 11:08:52 - __main__ - INFO - 162 - trainer - [78/190] Loss: 1.0654
2026/08/31 11:08:58 - __main__ - INFO - 162 - trainer - [117/190] Loss: 1.0806
2026/08/31 11:09:03 - __main__ - INFO - 162 - trainer - [156/190] Loss: 1.0776
2026/08/31 11:09:08 - __main__ - INFO - 167 - trainer - Average loss in epoch 127: 1.0743
2026/08/31 11:09:08 - __main__ - INFO - 117 - trainer - Epoch: 128
2026/08/31 11:09:08 - __main__ - INFO - 162 - trainer - [0/190] Loss: 1.0587
2026/08/31 11:09:13 - __main__ - INFO - 162 - trainer - [39/190] Loss: 1.0741
2026/08/31 11:09:19 - __main__ - INFO - 162 - trainer - [78/190] Loss: 1.0889
2026/08/31 11:09:25 - __main__ - INFO - 162 - trainer - [117/190] Loss: 1.0762
2026/08/31 11:09:30 - __main__ - INFO - 162 - trainer - [156/190] Loss: 1.0798
2026/08/31 11:09:35 - __main__ - INFO - 167 - trainer - Average loss in epoch 128: 1.0735
2026/08/31 11:09:35 - __main__ - INFO - 117 - trainer - Epoch: 129
2026/08/31 11:09:35 - __main__ - INFO - 162 - trainer - [0/190] Loss: 1.0552
2026/08/31 11:09:41 - __main__ - INFO - 162 - trainer - [39/190] Loss: 1.0795
2026/08/31 11:09:46 - __main__ - INFO - 162 - trainer - [78/190] Loss: 1.0578
2026/08/31 11:09:52 - __main__ - INFO - 162 - trainer - [117/190] Loss: 1.0832
2026/08/31 11:09:57 - __main__ - INFO - 162 - trainer - [156/190] Loss: 1.0735
2026/08/31 11:10:02 - __main__ - INFO - 167 - trainer - Average loss in epoch 129: 1.0733
2026/08/31 11:10:02 - __main__ - INFO - 117 - trainer - Epoch: 130
2026/08/31 11:10:02 - __main__ - INFO - 162 - trainer - [0/190] Loss: 1.0562
2026/08/31 11:10:07 - __main__ - INFO - 162 - trainer - [39/190] Loss: 1.0694
2026/08/31 11:10:13 - __main__ - INFO - 162 - trainer - [78/190] Loss: 1.0720
2026/08/31 11:10:18 - __main__ - INFO - 162 - trainer - [117/190] Loss: 1.0800
2026/08/31 11:10:24 - __main__ - INFO - 162 - trainer - [156/190] Loss: 1.0926
2026/08/31 11:10:28 - __main__ - INFO - 167 - trainer - Average loss in epoch 130: 1.0737
2026/08/31 11:10:28 - __main__ - INFO - 117 - trainer - Epoch: 131
2026/08/31 11:10:28 - __main__ - INFO - 162 - trainer - [0/190] Loss: 1.0726
2026/08/31 11:10:34 - __main__ - INFO - 162 - trainer - [39/190] Loss: 1.0857
2026/08/31 11:10:39 - __main__ - INFO - 162 - trainer - [78/190] Loss: 1.0749
2026/08/31 11:10:45 - __main__ - INFO - 162 - trainer - [117/190] Loss: 1.0693
2026/08/31 11:10:51 - __main__ - INFO - 162 - trainer - [156/190] Loss: 1.0896
2026/08/31 11:10:55 - __main__ - INFO - 167 - trainer - Average loss in epoch 131: 1.0735
2026/08/31 11:10:55 - __main__ - INFO - 117 - trainer - Epoch: 132
2026/08/31 11:10:55 - __main__ - INFO - 162 - trainer - [0/190] Loss: 1.0690
2026/08/31 11:11:01 - __main__ - INFO - 162 - trainer - [39/190] Loss: 1.0729
2026/08/31 11:11:06 - __main__ - INFO - 162 - trainer - [78/190] Loss: 1.0613
2026/08/31 11:11:12 - __main__ - INFO - 162 - trainer - [117/190] Loss: 1.0790
2026/08/31 11:11:17 - __main__ - INFO - 162 - trainer - [156/190] Loss: 1.0875
2026/08/31 11:11:22 - __main__ - INFO - 167 - trainer - Average loss in epoch 132: 1.0734
2026/08/31 11:11:22 - __main__ - INFO - 117 - trainer - Epoch: 133
2026/08/31 11:11:22 - __main__ - INFO - 162 - trainer - [0/190] Loss: 1.0670
2026/08/31 11:11:27 - __main__ - INFO - 162 - trainer - [39/190] Loss: 1.0807
2026/08/31 11:11:32 - __main__ - INFO - 162 - trainer - [78/190] Loss: 1.0733
2026/08/31 11:11:37 - __main__ - INFO - 162 - trainer - [117/190] Loss: 1.0764
2026/08/31 11:11:42 - __main__ - INFO - 162 - trainer - [156/190] Loss: 1.0785
2026/08/31 11:11:47 - __main__ - INFO - 167 - trainer - Average loss in epoch 133: 1.0729
2026/08/31 11:11:47 - __main__ - INFO - 117 - trainer - Epoch: 134
2026/08/31 11:11:47 - __main__ - INFO - 162 - trainer - [0/190] Loss: 1.0660
2026/08/31 11:11:52 - __main__ - INFO - 162 - trainer - [39/190] Loss: 1.0876
2026/08/31 11:11:58 - __main__ - INFO - 162 - trainer - [78/190] Loss: 1.0932
2026/08/31 11:12:03 - __main__ - INFO - 162 - trainer - [117/190] Loss: 1.0511
2026/08/31 11:12:09 - __main__ - INFO - 162 - trainer - [156/190] Loss: 1.0896
2026/08/31 11:12:13 - __main__ - INFO - 167 - trainer - Average loss in epoch 134: 1.0727
2026/08/31 11:12:13 - __main__ - INFO - 117 - trainer - Epoch: 135
2026/08/31 11:12:14 - __main__ - INFO - 162 - trainer - [0/190] Loss: 1.0813
2026/08/31 11:12:19 - __main__ - INFO - 162 - trainer - [39/190] Loss: 1.0735
2026/08/31 11:12:25 - __main__ - INFO - 162 - trainer - [78/190] Loss: 1.0866
2026/08/31 11:12:30 - __main__ - INFO - 162 - trainer - [117/190] Loss: 1.0735
2026/08/31 11:12:36 - __main__ - INFO - 162 - trainer - [156/190] Loss: 1.0700
2026/08/31 11:12:40 - __main__ - INFO - 167 - trainer - Average loss in epoch 135: 1.0725
2026/08/31 11:12:40 - __main__ - INFO - 117 - trainer - Epoch: 136
2026/08/31 11:12:41 - __main__ - INFO - 162 - trainer - [0/190] Loss: 1.0709
2026/08/31 11:12:46 - __main__ - INFO - 162 - trainer - [39/190] Loss: 1.0615
2026/08/31 11:12:52 - __main__ - INFO - 162 - trainer - [78/190] Loss: 1.0636
2026/08/31 11:12:57 - __main__ - INFO - 162 - trainer - [117/190] Loss: 1.0558
2026/08/31 11:13:03 - __main__ - INFO - 162 - trainer - [156/190] Loss: 1.0763
2026/08/31 11:13:08 - __main__ - INFO - 167 - trainer - Average loss in epoch 136: 1.0727
2026/08/31 11:13:08 - __main__ - INFO - 117 - trainer - Epoch: 137
2026/08/31 11:13:08 - __main__ - INFO - 162 - trainer - [0/190] Loss: 1.0910
2026/08/31 11:13:13 - __main__ - INFO - 162 - trainer - [39/190] Loss: 1.0628
2026/08/31 11:13:19 - __main__ - INFO - 162 - trainer - [78/190] Loss: 1.0647
2026/08/31 11:13:24 - __main__ - INFO - 162 - trainer - [117/190] Loss: 1.0795
2026/08/31 11:13:30 - __main__ - INFO - 162 - trainer - [156/190] Loss: 1.0777
2026/08/31 11:13:34 - __main__ - INFO - 167 - trainer - Average loss in epoch 137: 1.0719
2026/08/31 11:13:34 - __main__ - INFO - 117 - trainer - Epoch: 138
2026/08/31 11:13:35 - __main__ - INFO - 162 - trainer - [0/190] Loss: 1.0777
2026/08/31 11:13:40 - __main__ - INFO - 162 - trainer - [39/190] Loss: 1.0595
2026/08/31 11:13:46 - __main__ - INFO - 162 - trainer - [78/190] Loss: 1.0809
2026/08/31 11:13:51 - __main__ - INFO - 162 - trainer - [117/190] Loss: 1.0565
2026/08/31 11:13:57 - __main__ - INFO - 162 - trainer - [156/190] Loss: 1.0669
2026/08/31 11:14:02 - __main__ - INFO - 167 - trainer - Average loss in epoch 138: 1.0722
2026/08/31 11:14:02 - __main__ - INFO - 117 - trainer - Epoch: 139
2026/08/31 11:14:02 - __main__ - INFO - 162 - trainer - [0/190] Loss: 1.0621
2026/08/31 11:14:07 - __main__ - INFO - 162 - trainer - [39/190] Loss: 1.0732
2026/08/31 11:14:13 - __main__ - INFO - 162 - trainer - [78/190] Loss: 1.0706
2026/08/31 11:14:18 - __main__ - INFO - 162 - trainer - [117/190] Loss: 1.0743
2026/08/31 11:14:24 - __main__ - INFO - 162 - trainer - [156/190] Loss: 1.0576
2026/08/31 11:14:29 - __main__ - INFO - 167 - trainer - Average loss in epoch 139: 1.0719
2026/08/31 11:14:29 - __main__ - INFO - 117 - trainer - Epoch: 140
2026/08/31 11:14:29 - __main__ - INFO - 162 - trainer - [0/190] Loss: 1.0689
2026/08/31 11:14:34 - __main__ - INFO - 162 - trainer - [39/190] Loss: 1.0571
2026/08/31 11:14:40 - __main__ - INFO - 162 - trainer - [78/190] Loss: 1.0432
2026/08/31 11:14:45 - __main__ - INFO - 162 - trainer - [117/190] Loss: 1.0833
2026/08/31 11:14:51 - __main__ - INFO - 162 - trainer - [156/190] Loss: 1.0852
2026/08/31 11:14:55 - __main__ - INFO - 167 - trainer - Average loss in epoch 140: 1.0722
2026/08/31 11:14:55 - __main__ - INFO - 173 - trainer - start predicting: 2026-08-31 11:14:55.949804
2026/08/31 11:14:58 - __main__ - INFO - 203 - trainer - {'Best_HR@5': np.float64(10.2009), 'Best_HR@10': np.float64(16.5617), 'Best_HR@20': np.float64(26.9336), 'Best_NDCG@5': np.float64(5.9839), 'Best_NDCG@10': np.float64(8.0199), 'Best_NDCG@20': np.float64(10.5488)}
2026/08/31 11:14:58 - __main__ - INFO - 204 - trainer - {'Best_epoch_HR@5': 100, 'Best_epoch_HR@10': 100, 'Best_epoch_HR@20': 140, 'Best_epoch_NDCG@5': 100, 'Best_epoch_NDCG@10': 100, 'Best_epoch_NDCG@20': 120}
2026/08/31 11:14:58 - __main__ - INFO - 117 - trainer - Epoch: 141
2026/08/31 11:14:58 - __main__ - INFO - 162 - trainer - [0/190] Loss: 1.0582
2026/08/31 11:15:04 - __main__ - INFO - 162 - trainer - [39/190] Loss: 1.0545
2026/08/31 11:15:10 - __main__ - INFO - 162 - trainer - [78/190] Loss: 1.0712
2026/08/31 11:15:15 - __main__ - INFO - 162 - trainer - [117/190] Loss: 1.0897
2026/08/31 11:15:21 - __main__ - INFO - 162 - trainer - [156/190] Loss: 1.0801
2026/08/31 11:15:26 - __main__ - INFO - 167 - trainer - Average loss in epoch 141: 1.0713
2026/08/31 11:15:26 - __main__ - INFO - 117 - trainer - Epoch: 142
2026/08/31 11:15:26 - __main__ - INFO - 162 - trainer - [0/190] Loss: 1.0710
2026/08/31 11:15:31 - __main__ - INFO - 162 - trainer - [39/190] Loss: 1.0810
2026/08/31 11:15:37 - __main__ - INFO - 162 - trainer - [78/190] Loss: 1.0544
2026/08/31 11:15:43 - __main__ - INFO - 162 - trainer - [117/190] Loss: 1.0659
2026/08/31 11:15:49 - __main__ - INFO - 162 - trainer - [156/190] Loss: 1.0843
2026/08/31 11:15:53 - __main__ - INFO - 167 - trainer - Average loss in epoch 142: 1.0712
2026/08/31 11:15:53 - __main__ - INFO - 117 - trainer - Epoch: 143
2026/08/31 11:15:53 - __main__ - INFO - 162 - trainer - [0/190] Loss: 1.0731
2026/08/31 11:15:59 - __main__ - INFO - 162 - trainer - [39/190] Loss: 1.0620
2026/08/31 11:16:05 - __main__ - INFO - 162 - trainer - [78/190] Loss: 1.0486
2026/08/31 11:16:10 - __main__ - INFO - 162 - trainer - [117/190] Loss: 1.0606
2026/08/31 11:16:16 - __main__ - INFO - 162 - trainer - [156/190] Loss: 1.0708
2026/08/31 11:16:20 - __main__ - INFO - 167 - trainer - Average loss in epoch 143: 1.0704
2026/08/31 11:16:20 - __main__ - INFO - 117 - trainer - Epoch: 144
2026/08/31 11:16:21 - __main__ - INFO - 162 - trainer - [0/190] Loss: 1.0734
2026/08/31 11:16:26 - __main__ - INFO - 162 - trainer - [39/190] Loss: 1.0804
2026/08/31 11:16:32 - __main__ - INFO - 162 - trainer - [78/190] Loss: 1.0777
2026/08/31 11:16:37 - __main__ - INFO - 162 - trainer - [117/190] Loss: 1.0727
2026/08/31 11:16:43 - __main__ - INFO - 162 - trainer - [156/190] Loss: 1.0624
2026/08/31 11:16:48 - __main__ - INFO - 167 - trainer - Average loss in epoch 144: 1.0707
2026/08/31 11:16:48 - __main__ - INFO - 117 - trainer - Epoch: 145
2026/08/31 11:16:48 - __main__ - INFO - 162 - trainer - [0/190] Loss: 1.0494
2026/08/31 11:16:53 - __main__ - INFO - 162 - trainer - [39/190] Loss: 1.0598
2026/08/31 11:16:59 - __main__ - INFO - 162 - trainer - [78/190] Loss: 1.0799
2026/08/31 11:17:04 - __main__ - INFO - 162 - trainer - [117/190] Loss: 1.0738
2026/08/31 11:17:10 - __main__ - INFO - 162 - trainer - [156/190] Loss: 1.0759
2026/08/31 11:17:15 - __main__ - INFO - 167 - trainer - Average loss in epoch 145: 1.0703
2026/08/31 11:17:15 - __main__ - INFO - 117 - trainer - Epoch: 146
2026/08/31 11:17:15 - __main__ - INFO - 162 - trainer - [0/190] Loss: 1.0742
2026/08/31 11:17:21 - __main__ - INFO - 162 - trainer - [39/190] Loss: 1.0706
2026/08/31 11:17:26 - __main__ - INFO - 162 - trainer - [78/190] Loss: 1.0623
2026/08/31 11:17:32 - __main__ - INFO - 162 - trainer - [117/190] Loss: 1.0743
2026/08/31 11:17:37 - __main__ - INFO - 162 - trainer - [156/190] Loss: 1.0813
2026/08/31 11:17:42 - __main__ - INFO - 167 - trainer - Average loss in epoch 146: 1.0707
2026/08/31 11:17:42 - __main__ - INFO - 117 - trainer - Epoch: 147
2026/08/31 11:17:42 - __main__ - INFO - 162 - trainer - [0/190] Loss: 1.0487
2026/08/31 11:17:48 - __main__ - INFO - 162 - trainer - [39/190] Loss: 1.0607
2026/08/31 11:17:54 - __main__ - INFO - 162 - trainer - [78/190] Loss: 1.0632
2026/08/31 11:17:59 - __main__ - INFO - 162 - trainer - [117/190] Loss: 1.0776
2026/08/31 11:18:05 - __main__ - INFO - 162 - trainer - [156/190] Loss: 1.0630
2026/08/31 11:18:10 - __main__ - INFO - 167 - trainer - Average loss in epoch 147: 1.0703
2026/08/31 11:18:10 - __main__ - INFO - 117 - trainer - Epoch: 148
2026/08/31 11:18:10 - __main__ - INFO - 162 - trainer - [0/190] Loss: 1.0691
2026/08/31 11:18:15 - __main__ - INFO - 162 - trainer - [39/190] Loss: 1.0686
2026/08/31 11:18:21 - __main__ - INFO - 162 - trainer - [78/190] Loss: 1.0752
2026/08/31 11:18:26 - __main__ - INFO - 162 - trainer - [117/190] Loss: 1.0504
2026/08/31 11:18:32 - __main__ - INFO - 162 - trainer - [156/190] Loss: 1.0713
2026/08/31 11:18:37 - __main__ - INFO - 167 - trainer - Average loss in epoch 148: 1.0707
2026/08/31 11:18:37 - __main__ - INFO - 117 - trainer - Epoch: 149
2026/08/31 11:18:37 - __main__ - INFO - 162 - trainer - [0/190] Loss: 1.0511
2026/08/31 11:18:42 - __main__ - INFO - 162 - trainer - [39/190] Loss: 1.0672
2026/08/31 11:18:48 - __main__ - INFO - 162 - trainer - [78/190] Loss: 1.0552
2026/08/31 11:18:54 - __main__ - INFO - 162 - trainer - [117/190] Loss: 1.0817
2026/08/31 11:19:00 - __main__ - INFO - 162 - trainer - [156/190] Loss: 1.0637
2026/08/31 11:19:04 - __main__ - INFO - 167 - trainer - Average loss in epoch 149: 1.0708
2026/08/31 11:19:04 - __main__ - INFO - 117 - trainer - Epoch: 150
2026/08/31 11:19:04 - __main__ - INFO - 162 - trainer - [0/190] Loss: 1.0667
2026/08/31 11:19:09 - __main__ - INFO - 162 - trainer - [39/190] Loss: 1.0757
2026/08/31 11:19:14 - __main__ - INFO - 162 - trainer - [78/190] Loss: 1.0454
2026/08/31 11:19:19 - __main__ - INFO - 162 - trainer - [117/190] Loss: 1.0785
2026/08/31 11:19:25 - __main__ - INFO - 162 - trainer - [156/190] Loss: 1.0639
2026/08/31 11:19:29 - __main__ - INFO - 167 - trainer - Average loss in epoch 150: 1.0699
2026/08/31 11:19:29 - __main__ - INFO - 117 - trainer - Epoch: 151
2026/08/31 11:19:29 - __main__ - INFO - 162 - trainer - [0/190] Loss: 1.0626
2026/08/31 11:19:35 - __main__ - INFO - 162 - trainer - [39/190] Loss: 1.0573
2026/08/31 11:19:40 - __main__ - INFO - 162 - trainer - [78/190] Loss: 1.0834
2026/08/31 11:19:46 - __main__ - INFO - 162 - trainer - [117/190] Loss: 1.0842
2026/08/31 11:19:51 - __main__ - INFO - 162 - trainer - [156/190] Loss: 1.0581
2026/08/31 11:19:56 - __main__ - INFO - 167 - trainer - Average loss in epoch 151: 1.0698
2026/08/31 11:19:56 - __main__ - INFO - 117 - trainer - Epoch: 152
2026/08/31 11:19:56 - __main__ - INFO - 162 - trainer - [0/190] Loss: 1.0701
2026/08/31 11:20:02 - __main__ - INFO - 162 - trainer - [39/190] Loss: 1.0706
2026/08/31 11:20:08 - __main__ - INFO - 162 - trainer - [78/190] Loss: 1.0605
2026/08/31 11:20:13 - __main__ - INFO - 162 - trainer - [117/190] Loss: 1.0843
2026/08/31 11:20:19 - __main__ - INFO - 162 - trainer - [156/190] Loss: 1.0775
2026/08/31 11:20:23 - __main__ - INFO - 167 - trainer - Average loss in epoch 152: 1.0692
2026/08/31 11:20:23 - __main__ - INFO - 117 - trainer - Epoch: 153
2026/08/31 11:20:24 - __main__ - INFO - 162 - trainer - [0/190] Loss: 1.0775
2026/08/31 11:20:29 - __main__ - INFO - 162 - trainer - [39/190] Loss: 1.0621
2026/08/31 11:20:35 - __main__ - INFO - 162 - trainer - [78/190] Loss: 1.0517
2026/08/31 11:20:40 - __main__ - INFO - 162 - trainer - [117/190] Loss: 1.0627
2026/08/31 11:20:46 - __main__ - INFO - 162 - trainer - [156/190] Loss: 1.0659
2026/08/31 11:20:51 - __main__ - INFO - 167 - trainer - Average loss in epoch 153: 1.0691
2026/08/31 11:20:51 - __main__ - INFO - 117 - trainer - Epoch: 154
2026/08/31 11:20:51 - __main__ - INFO - 162 - trainer - [0/190] Loss: 1.0772
2026/08/31 11:20:56 - __main__ - INFO - 162 - trainer - [39/190] Loss: 1.0529
2026/08/31 11:21:02 - __main__ - INFO - 162 - trainer - [78/190] Loss: 1.0576
2026/08/31 11:21:07 - __main__ - INFO - 162 - trainer - [117/190] Loss: 1.0831
2026/08/31 11:21:13 - __main__ - INFO - 162 - trainer - [156/190] Loss: 1.0771
2026/08/31 11:21:18 - __main__ - INFO - 167 - trainer - Average loss in epoch 154: 1.0693
2026/08/31 11:21:18 - __main__ - INFO - 117 - trainer - Epoch: 155
2026/08/31 11:21:18 - __main__ - INFO - 162 - trainer - [0/190] Loss: 1.0706
2026/08/31 11:21:23 - __main__ - INFO - 162 - trainer - [39/190] Loss: 1.0616
2026/08/31 11:21:29 - __main__ - INFO - 162 - trainer - [78/190] Loss: 1.0578
2026/08/31 11:21:35 - __main__ - INFO - 162 - trainer - [117/190] Loss: 1.0859
2026/08/31 11:21:40 - __main__ - INFO - 162 - trainer - [156/190] Loss: 1.0585
2026/08/31 11:21:45 - __main__ - INFO - 167 - trainer - Average loss in epoch 155: 1.0686
2026/08/31 11:21:45 - __main__ - INFO - 117 - trainer - Epoch: 156
2026/08/31 11:21:45 - __main__ - INFO - 162 - trainer - [0/190] Loss: 1.0688
2026/08/31 11:21:51 - __main__ - INFO - 162 - trainer - [39/190] Loss: 1.0607
2026/08/31 11:21:56 - __main__ - INFO - 162 - trainer - [78/190] Loss: 1.0636
2026/08/31 11:22:02 - __main__ - INFO - 162 - trainer - [117/190] Loss: 1.0553
2026/08/31 11:22:08 - __main__ - INFO - 162 - trainer - [156/190] Loss: 1.0701
2026/08/31 11:22:12 - __main__ - INFO - 167 - trainer - Average loss in epoch 156: 1.0689
2026/08/31 11:22:12 - __main__ - INFO - 117 - trainer - Epoch: 157
2026/08/31 11:22:12 - __main__ - INFO - 162 - trainer - [0/190] Loss: 1.0675
2026/08/31 11:22:18 - __main__ - INFO - 162 - trainer - [39/190] Loss: 1.0623
2026/08/31 11:22:24 - __main__ - INFO - 162 - trainer - [78/190] Loss: 1.0748
2026/08/31 11:22:29 - __main__ - INFO - 162 - trainer - [117/190] Loss: 1.0813
2026/08/31 11:22:35 - __main__ - INFO - 162 - trainer - [156/190] Loss: 1.0866
2026/08/31 11:22:39 - __main__ - INFO - 167 - trainer - Average loss in epoch 157: 1.0689
2026/08/31 11:22:39 - __main__ - INFO - 117 - trainer - Epoch: 158
2026/08/31 11:22:40 - __main__ - INFO - 162 - trainer - [0/190] Loss: 1.0677
2026/08/31 11:22:45 - __main__ - INFO - 162 - trainer - [39/190] Loss: 1.0854
2026/08/31 11:22:51 - __main__ - INFO - 162 - trainer - [78/190] Loss: 1.0822
2026/08/31 11:22:56 - __main__ - INFO - 162 - trainer - [117/190] Loss: 1.0628
2026/08/31 11:23:02 - __main__ - INFO - 162 - trainer - [156/190] Loss: 1.0529
2026/08/31 11:23:07 - __main__ - INFO - 167 - trainer - Average loss in epoch 158: 1.0690
2026/08/31 11:23:07 - __main__ - INFO - 117 - trainer - Epoch: 159
2026/08/31 11:23:07 - __main__ - INFO - 162 - trainer - [0/190] Loss: 1.0766
2026/08/31 11:23:12 - __main__ - INFO - 162 - trainer - [39/190] Loss: 1.0588
2026/08/31 11:23:18 - __main__ - INFO - 162 - trainer - [78/190] Loss: 1.0670
2026/08/31 11:23:24 - __main__ - INFO - 162 - trainer - [117/190] Loss: 1.0688
2026/08/31 11:23:29 - __main__ - INFO - 162 - trainer - [156/190] Loss: 1.0599
2026/08/31 11:23:34 - __main__ - INFO - 167 - trainer - Average loss in epoch 159: 1.0690
2026/08/31 11:23:34 - __main__ - INFO - 117 - trainer - Epoch: 160
2026/08/31 11:23:34 - __main__ - INFO - 162 - trainer - [0/190] Loss: 1.0557
2026/08/31 11:23:40 - __main__ - INFO - 162 - trainer - [39/190] Loss: 1.0718
2026/08/31 11:23:45 - __main__ - INFO - 162 - trainer - [78/190] Loss: 1.0701
2026/08/31 11:23:51 - __main__ - INFO - 162 - trainer - [117/190] Loss: 1.0763
2026/08/31 11:23:57 - __main__ - INFO - 162 - trainer - [156/190] Loss: 1.0629
2026/08/31 11:24:02 - __main__ - INFO - 167 - trainer - Average loss in epoch 160: 1.0690
2026/08/31 11:24:02 - __main__ - INFO - 173 - trainer - start predicting: 2026-08-31 11:24:02.348961
2026/08/31 11:24:04 - __main__ - INFO - 203 - trainer - {'Best_HR@5': np.float64(10.2009), 'Best_HR@10': np.float64(16.5617), 'Best_HR@20': np.float64(27.2574), 'Best_NDCG@5': np.float64(5.9839), 'Best_NDCG@10': np.float64(8.0523), 'Best_NDCG@20': np.float64(10.7536)}
2026/08/31 11:24:04 - __main__ - INFO - 204 - trainer - {'Best_epoch_HR@5': 100, 'Best_epoch_HR@10': 100, 'Best_epoch_HR@20': 160, 'Best_epoch_NDCG@5': 100, 'Best_epoch_NDCG@10': 160, 'Best_epoch_NDCG@20': 160}
2026/08/31 11:24:04 - __main__ - INFO - 117 - trainer - Epoch: 161
2026/08/31 11:24:05 - __main__ - INFO - 162 - trainer - [0/190] Loss: 1.0478
2026/08/31 11:24:10 - __main__ - INFO - 162 - trainer - [39/190] Loss: 1.0835
2026/08/31 11:24:16 - __main__ - INFO - 162 - trainer - [78/190] Loss: 1.0855
2026/08/31 11:24:21 - __main__ - INFO - 162 - trainer - [117/190] Loss: 1.0531
2026/08/31 11:24:27 - __main__ - INFO - 162 - trainer - [156/190] Loss: 1.0849
2026/08/31 11:24:32 - __main__ - INFO - 167 - trainer - Average loss in epoch 161: 1.0683
2026/08/31 11:24:32 - __main__ - INFO - 117 - trainer - Epoch: 162
2026/08/31 11:24:32 - __main__ - INFO - 162 - trainer - [0/190] Loss: 1.0445
2026/08/31 11:24:37 - __main__ - INFO - 162 - trainer - [39/190] Loss: 1.0723
2026/08/31 11:24:43 - __main__ - INFO - 162 - trainer - [78/190] Loss: 1.0735
2026/08/31 11:24:48 - __main__ - INFO - 162 - trainer - [117/190] Loss: 1.0631
2026/08/31 11:24:54 - __main__ - INFO - 162 - trainer - [156/190] Loss: 1.0640
2026/08/31 11:24:59 - __main__ - INFO - 167 - trainer - Average loss in epoch 162: 1.0678
2026/08/31 11:24:59 - __main__ - INFO - 117 - trainer - Epoch: 163
2026/08/31 11:24:59 - __main__ - INFO - 162 - trainer - [0/190] Loss: 1.0878
2026/08/31 11:25:04 - __main__ - INFO - 162 - trainer - [39/190] Loss: 1.0603
2026/08/31 11:25:10 - __main__ - INFO - 162 - trainer - [78/190] Loss: 1.0618
2026/08/31 11:25:15 - __main__ - INFO - 162 - trainer - [117/190] Loss: 1.0695
2026/08/31 11:25:21 - __main__ - INFO - 162 - trainer - [156/190] Loss: 1.0702
2026/08/31 11:25:25 - __main__ - INFO - 167 - trainer - Average loss in epoch 163: 1.0682
2026/08/31 11:25:25 - __main__ - INFO - 117 - trainer - Epoch: 164
2026/08/31 11:25:25 - __main__ - INFO - 162 - trainer - [0/190] Loss: 1.0578
2026/08/31 11:25:31 - __main__ - INFO - 162 - trainer - [39/190] Loss: 1.0634
2026/08/31 11:25:36 - __main__ - INFO - 162 - trainer - [78/190] Loss: 1.0691
2026/08/31 11:25:42 - __main__ - INFO - 162 - trainer - [117/190] Loss: 1.0781
2026/08/31 11:25:48 - __main__ - INFO - 162 - trainer - [156/190] Loss: 1.0925
2026/08/31 11:25:52 - __main__ - INFO - 167 - trainer - Average loss in epoch 164: 1.0675
2026/08/31 11:25:52 - __main__ - INFO - 117 - trainer - Epoch: 165
2026/08/31 11:25:52 - __main__ - INFO - 162 - trainer - [0/190] Loss: 1.0655
2026/08/31 11:25:58 - __main__ - INFO - 162 - trainer - [39/190] Loss: 1.0686
2026/08/31 11:26:03 - __main__ - INFO - 162 - trainer - [78/190] Loss: 1.0750
2026/08/31 11:26:09 - __main__ - INFO - 162 - trainer - [117/190] Loss: 1.0535
2026/08/31 11:26:15 - __main__ - INFO - 162 - trainer - [156/190] Loss: 1.0761
2026/08/31 11:26:19 - __main__ - INFO - 167 - trainer - Average loss in epoch 165: 1.0685
2026/08/31 11:26:19 - __main__ - INFO - 117 - trainer - Epoch: 166
2026/08/31 11:26:19 - __main__ - INFO - 162 - trainer - [0/190] Loss: 1.0626
2026/08/31 11:26:25 - __main__ - INFO - 162 - trainer - [39/190] Loss: 1.0667
2026/08/31 11:26:30 - __main__ - INFO - 162 - trainer - [78/190] Loss: 1.0650
2026/08/31 11:26:36 - __main__ - INFO - 162 - trainer - [117/190] Loss: 1.0682
2026/08/31 11:26:42 - __main__ - INFO - 162 - trainer - [156/190] Loss: 1.0649
2026/08/31 11:26:46 - __main__ - INFO - 167 - trainer - Average loss in epoch 166: 1.0679
2026/08/31 11:26:46 - __main__ - INFO - 117 - trainer - Epoch: 167
2026/08/31 11:26:46 - __main__ - INFO - 162 - trainer - [0/190] Loss: 1.0846
2026/08/31 11:26:52 - __main__ - INFO - 162 - trainer - [39/190] Loss: 1.0647
2026/08/31 11:26:57 - __main__ - INFO - 162 - trainer - [78/190] Loss: 1.0782
2026/08/31 11:27:03 - __main__ - INFO - 162 - trainer - [117/190] Loss: 1.0591
2026/08/31 11:27:08 - __main__ - INFO - 162 - trainer - [156/190] Loss: 1.0774
2026/08/31 11:27:13 - __main__ - INFO - 167 - trainer - Average loss in epoch 167: 1.0680
2026/08/31 11:27:13 - __main__ - INFO - 117 - trainer - Epoch: 168
2026/08/31 11:27:13 - __main__ - INFO - 162 - trainer - [0/190] Loss: 1.0585
2026/08/31 11:27:19 - __main__ - INFO - 162 - trainer - [39/190] Loss: 1.0625
2026/08/31 11:27:24 - __main__ - INFO - 162 - trainer - [78/190] Loss: 1.0591
2026/08/31 11:27:30 - __main__ - INFO - 162 - trainer - [117/190] Loss: 1.0468
2026/08/31 11:27:35 - __main__ - INFO - 162 - trainer - [156/190] Loss: 1.0636
2026/08/31 11:27:40 - __main__ - INFO - 167 - trainer - Average loss in epoch 168: 1.0679
2026/08/31 11:27:40 - __main__ - INFO - 117 - trainer - Epoch: 169
2026/08/31 11:27:40 - __main__ - INFO - 162 - trainer - [0/190] Loss: 1.0533
2026/08/31 11:27:46 - __main__ - INFO - 162 - trainer - [39/190] Loss: 1.0429
2026/08/31 11:27:51 - __main__ - INFO - 162 - trainer - [78/190] Loss: 1.0577
2026/08/31 11:27:57 - __main__ - INFO - 162 - trainer - [117/190] Loss: 1.0643
2026/08/31 11:28:03 - __main__ - INFO - 162 - trainer - [156/190] Loss: 1.0625
2026/08/31 11:28:07 - __main__ - INFO - 167 - trainer - Average loss in epoch 169: 1.0669
2026/08/31 11:28:07 - __main__ - INFO - 117 - trainer - Epoch: 170
2026/08/31 11:28:08 - __main__ - INFO - 162 - trainer - [0/190] Loss: 1.0600
2026/08/31 11:28:13 - __main__ - INFO - 162 - trainer - [39/190] Loss: 1.0560
2026/08/31 11:28:19 - __main__ - INFO - 162 - trainer - [78/190] Loss: 1.0752
2026/08/31 11:28:24 - __main__ - INFO - 162 - trainer - [117/190] Loss: 1.0649
2026/08/31 11:28:30 - __main__ - INFO - 162 - trainer - [156/190] Loss: 1.0764
2026/08/31 11:28:34 - __main__ - INFO - 167 - trainer - Average loss in epoch 170: 1.0671
2026/08/31 11:28:34 - __main__ - INFO - 117 - trainer - Epoch: 171
2026/08/31 11:28:34 - __main__ - INFO - 162 - trainer - [0/190] Loss: 1.0710
2026/08/31 11:28:40 - __main__ - INFO - 162 - trainer - [39/190] Loss: 1.0700
2026/08/31 11:28:46 - __main__ - INFO - 162 - trainer - [78/190] Loss: 1.0590
2026/08/31 11:28:51 - __main__ - INFO - 162 - trainer - [117/190] Loss: 1.0810
2026/08/31 11:28:57 - __main__ - INFO - 162 - trainer - [156/190] Loss: 1.0666
2026/08/31 11:29:02 - __main__ - INFO - 167 - trainer - Average loss in epoch 171: 1.0669
2026/08/31 11:29:02 - __main__ - INFO - 117 - trainer - Epoch: 172
2026/08/31 11:29:02 - __main__ - INFO - 162 - trainer - [0/190] Loss: 1.0673
2026/08/31 11:29:07 - __main__ - INFO - 162 - trainer - [39/190] Loss: 1.0587
2026/08/31 11:29:13 - __main__ - INFO - 162 - trainer - [78/190] Loss: 1.0554
2026/08/31 11:29:18 - __main__ - INFO - 162 - trainer - [117/190] Loss: 1.0863
2026/08/31 11:29:24 - __main__ - INFO - 162 - trainer - [156/190] Loss: 1.0736
2026/08/31 11:29:29 - __main__ - INFO - 167 - trainer - Average loss in epoch 172: 1.0664
2026/08/31 11:29:29 - __main__ - INFO - 117 - trainer - Epoch: 173
2026/08/31 11:29:29 - __main__ - INFO - 162 - trainer - [0/190] Loss: 1.0574
2026/08/31 11:29:34 - __main__ - INFO - 162 - trainer - [39/190] Loss: 1.0550
2026/08/31 11:29:40 - __main__ - INFO - 162 - trainer - [78/190] Loss: 1.0788
2026/08/31 11:29:45 - __main__ - INFO - 162 - trainer - [117/190] Loss: 1.0810
2026/08/31 11:29:51 - __main__ - INFO - 162 - trainer - [156/190] Loss: 1.0701
2026/08/31 11:29:55 - __main__ - INFO - 167 - trainer - Average loss in epoch 173: 1.0669
2026/08/31 11:29:55 - __main__ - INFO - 117 - trainer - Epoch: 174
2026/08/31 11:29:55 - __main__ - INFO - 162 - trainer - [0/190] Loss: 1.0667
2026/08/31 11:30:01 - __main__ - INFO - 162 - trainer - [39/190] Loss: 1.0431
2026/08/31 11:30:07 - __main__ - INFO - 162 - trainer - [78/190] Loss: 1.0640
2026/08/31 11:30:12 - __main__ - INFO - 162 - trainer - [117/190] Loss: 1.0711
2026/08/31 11:30:18 - __main__ - INFO - 162 - trainer - [156/190] Loss: 1.0924
2026/08/31 11:30:23 - __main__ - INFO - 167 - trainer - Average loss in epoch 174: 1.0668
2026/08/31 11:30:23 - __main__ - INFO - 117 - trainer - Epoch: 175
2026/08/31 11:30:23 - __main__ - INFO - 162 - trainer - [0/190] Loss: 1.0766
2026/08/31 11:30:28 - __main__ - INFO - 162 - trainer - [39/190] Loss: 1.0584
2026/08/31 11:30:34 - __main__ - INFO - 162 - trainer - [78/190] Loss: 1.0975
2026/08/31 11:30:39 - __main__ - INFO - 162 - trainer - [117/190] Loss: 1.0782
2026/08/31 11:30:45 - __main__ - INFO - 162 - trainer - [156/190] Loss: 1.0670
2026/08/31 11:30:49 - __main__ - INFO - 167 - trainer - Average loss in epoch 175: 1.0664
2026/08/31 11:30:49 - __main__ - INFO - 117 - trainer - Epoch: 176
2026/08/31 11:30:50 - __main__ - INFO - 162 - trainer - [0/190] Loss: 1.0824
2026/08/31 11:30:55 - __main__ - INFO - 162 - trainer - [39/190] Loss: 1.0608
2026/08/31 11:31:01 - __main__ - INFO - 162 - trainer - [78/190] Loss: 1.0477
2026/08/31 11:31:06 - __main__ - INFO - 162 - trainer - [117/190] Loss: 1.0498
2026/08/31 11:31:12 - __main__ - INFO - 162 - trainer - [156/190] Loss: 1.0584
2026/08/31 11:31:17 - __main__ - INFO - 167 - trainer - Average loss in epoch 176: 1.0662
2026/08/31 11:31:17 - __main__ - INFO - 117 - trainer - Epoch: 177
2026/08/31 11:31:17 - __main__ - INFO - 162 - trainer - [0/190] Loss: 1.0797
2026/08/31 11:31:22 - __main__ - INFO - 162 - trainer - [39/190] Loss: 1.0513
2026/08/31 11:31:28 - __main__ - INFO - 162 - trainer - [78/190] Loss: 1.0465
2026/08/31 11:31:33 - __main__ - INFO - 162 - trainer - [117/190] Loss: 1.0615
2026/08/31 11:31:39 - __main__ - INFO - 162 - trainer - [156/190] Loss: 1.0504
2026/08/31 11:31:44 - __main__ - INFO - 167 - trainer - Average loss in epoch 177: 1.0663
2026/08/31 11:31:44 - __main__ - INFO - 117 - trainer - Epoch: 178
2026/08/31 11:31:44 - __main__ - INFO - 162 - trainer - [0/190] Loss: 1.0663
2026/08/31 11:31:49 - __main__ - INFO - 162 - trainer - [39/190] Loss: 1.0577
2026/08/31 11:31:55 - __main__ - INFO - 162 - trainer - [78/190] Loss: 1.0711
2026/08/31 11:32:00 - __main__ - INFO - 162 - trainer - [117/190] Loss: 1.0710
2026/08/31 11:32:06 - __main__ - INFO - 162 - trainer - [156/190] Loss: 1.0713
2026/08/31 11:32:10 - __main__ - INFO - 167 - trainer - Average loss in epoch 178: 1.0664
2026/08/31 11:32:10 - __main__ - INFO - 117 - trainer - Epoch: 179
2026/08/31 11:32:11 - __main__ - INFO - 162 - trainer - [0/190] Loss: 1.0686
2026/08/31 11:32:16 - __main__ - INFO - 162 - trainer - [39/190] Loss: 1.0557
2026/08/31 11:32:22 - __main__ - INFO - 162 - trainer - [78/190] Loss: 1.0819
2026/08/31 11:32:27 - __main__ - INFO - 162 - trainer - [117/190] Loss: 1.0563
2026/08/31 11:32:33 - __main__ - INFO - 162 - trainer - [156/190] Loss: 1.0660
2026/08/31 11:32:38 - __main__ - INFO - 167 - trainer - Average loss in epoch 179: 1.0651
2026/08/31 11:32:38 - __main__ - INFO - 117 - trainer - Epoch: 180
2026/08/31 11:32:38 - __main__ - INFO - 162 - trainer - [0/190] Loss: 1.0440
2026/08/31 11:32:44 - __main__ - INFO - 162 - trainer - [39/190] Loss: 1.0668
2026/08/31 11:32:49 - __main__ - INFO - 162 - trainer - [78/190] Loss: 1.0764
2026/08/31 11:32:55 - __main__ - INFO - 162 - trainer - [117/190] Loss: 1.0682
2026/08/31 11:33:01 - __main__ - INFO - 162 - trainer - [156/190] Loss: 1.0735
2026/08/31 11:33:05 - __main__ - INFO - 167 - trainer - Average loss in epoch 180: 1.0660
2026/08/31 11:33:05 - __main__ - INFO - 173 - trainer - start predicting: 2026-08-31 11:33:05.884076
2026/08/31 11:33:07 - __main__ - INFO - 203 - trainer - {'Best_HR@5': np.float64(10.5489), 'Best_HR@10': np.float64(16.7753), 'Best_HR@20': np.float64(27.2574), 'Best_NDCG@5': np.float64(6.108), 'Best_NDCG@10': np.float64(8.1163), 'Best_NDCG@20': np.float64(10.7536)}
2026/08/31 11:33:07 - __main__ - INFO - 204 - trainer - {'Best_epoch_HR@5': 180, 'Best_epoch_HR@10': 180, 'Best_epoch_HR@20': 160, 'Best_epoch_NDCG@5': 180, 'Best_epoch_NDCG@10': 180, 'Best_epoch_NDCG@20': 160}
2026/08/31 11:33:07 - __main__ - INFO - 117 - trainer - Epoch: 181
2026/08/31 11:33:08 - __main__ - INFO - 162 - trainer - [0/190] Loss: 1.0557
2026/08/31 11:33:13 - __main__ - INFO - 162 - trainer - [39/190] Loss: 1.0475
2026/08/31 11:33:19 - __main__ - INFO - 162 - trainer - [78/190] Loss: 1.0361
2026/08/31 11:33:24 - __main__ - INFO - 162 - trainer - [117/190] Loss: 1.0754
2026/08/31 11:33:30 - __main__ - INFO - 162 - trainer - [156/190] Loss: 1.0546
2026/08/31 11:33:34 - __main__ - INFO - 167 - trainer - Average loss in epoch 181: 1.0660
2026/08/31 11:33:34 - __main__ - INFO - 117 - trainer - Epoch: 182
2026/08/31 11:33:34 - __main__ - INFO - 162 - trainer - [0/190] Loss: 1.0557
2026/08/31 11:33:40 - __main__ - INFO - 162 - trainer - [39/190] Loss: 1.0800
2026/08/31 11:33:45 - __main__ - INFO - 162 - trainer - [78/190] Loss: 1.0705
2026/08/31 11:33:51 - __main__ - INFO - 162 - trainer - [117/190] Loss: 1.0657
2026/08/31 11:33:56 - __main__ - INFO - 162 - trainer - [156/190] Loss: 1.0788
2026/08/31 11:34:01 - __main__ - INFO - 167 - trainer - Average loss in epoch 182: 1.0653
2026/08/31 11:34:01 - __main__ - INFO - 117 - trainer - Epoch: 183
2026/08/31 11:34:01 - __main__ - INFO - 162 - trainer - [0/190] Loss: 1.0635
2026/08/31 11:34:07 - __main__ - INFO - 162 - trainer - [39/190] Loss: 1.0552
2026/08/31 11:34:12 - __main__ - INFO - 162 - trainer - [78/190] Loss: 1.0744
2026/08/31 11:34:17 - __main__ - INFO - 162 - trainer - [117/190] Loss: 1.0693
2026/08/31 11:34:23 - __main__ - INFO - 162 - trainer - [156/190] Loss: 1.0606
2026/08/31 11:34:27 - __main__ - INFO - 167 - trainer - Average loss in epoch 183: 1.0647
2026/08/31 11:34:27 - __main__ - INFO - 117 - trainer - Epoch: 184
2026/08/31 11:34:28 - __main__ - INFO - 162 - trainer - [0/190] Loss: 1.0464
2026/08/31 11:34:33 - __main__ - INFO - 162 - trainer - [39/190] Loss: 1.0585
2026/08/31 11:34:38 - __main__ - INFO - 162 - trainer - [78/190] Loss: 1.0354
2026/08/31 11:34:44 - __main__ - INFO - 162 - trainer - [117/190] Loss: 1.0705
2026/08/31 11:34:49 - __main__ - INFO - 162 - trainer - [156/190] Loss: 1.0799
2026/08/31 11:34:54 - __main__ - INFO - 167 - trainer - Average loss in epoch 184: 1.0651
2026/08/31 11:34:54 - __main__ - INFO - 117 - trainer - Epoch: 185
2026/08/31 11:34:54 - __main__ - INFO - 162 - trainer - [0/190] Loss: 1.0553
2026/08/31 11:35:00 - __main__ - INFO - 162 - trainer - [39/190] Loss: 1.0552
2026/08/31 11:35:05 - __main__ - INFO - 162 - trainer - [78/190] Loss: 1.0706
2026/08/31 11:35:11 - __main__ - INFO - 162 - trainer - [117/190] Loss: 1.0604
2026/08/31 11:35:16 - __main__ - INFO - 162 - trainer - [156/190] Loss: 1.0387
2026/08/31 11:35:21 - __main__ - INFO - 167 - trainer - Average loss in epoch 185: 1.0657
2026/08/31 11:35:21 - __main__ - INFO - 117 - trainer - Epoch: 186
2026/08/31 11:35:21 - __main__ - INFO - 162 - trainer - [0/190] Loss: 1.0631
2026/08/31 11:35:26 - __main__ - INFO - 162 - trainer - [39/190] Loss: 1.0468
2026/08/31 11:35:31 - __main__ - INFO - 162 - trainer - [78/190] Loss: 1.0557
2026/08/31 11:35:37 - __main__ - INFO - 162 - trainer - [117/190] Loss: 1.0527
2026/08/31 11:35:42 - __main__ - INFO - 162 - trainer - [156/190] Loss: 1.0613
2026/08/31 11:35:47 - __main__ - INFO - 167 - trainer - Average loss in epoch 186: 1.0654
2026/08/31 11:35:47 - __main__ - INFO - 117 - trainer - Epoch: 187
2026/08/31 11:35:47 - __main__ - INFO - 162 - trainer - [0/190] Loss: 1.0612
2026/08/31 11:35:52 - __main__ - INFO - 162 - trainer - [39/190] Loss: 1.0663
2026/08/31 11:35:58 - __main__ - INFO - 162 - trainer - [78/190] Loss: 1.0736
2026/08/31 11:36:03 - __main__ - INFO - 162 - trainer - [117/190] Loss: 1.0680
2026/08/31 11:36:09 - __main__ - INFO - 162 - trainer - [156/190] Loss: 1.0741
2026/08/31 11:36:14 - __main__ - INFO - 167 - trainer - Average loss in epoch 187: 1.0650
2026/08/31 11:36:14 - __main__ - INFO - 117 - trainer - Epoch: 188
2026/08/31 11:36:14 - __main__ - INFO - 162 - trainer - [0/190] Loss: 1.0853
2026/08/31 11:36:19 - __main__ - INFO - 162 - trainer - [39/190] Loss: 1.0704
2026/08/31 11:36:24 - __main__ - INFO - 162 - trainer - [78/190] Loss: 1.0602
2026/08/31 11:36:29 - __main__ - INFO - 162 - trainer - [117/190] Loss: 1.0441
2026/08/31 11:36:34 - __main__ - INFO - 162 - trainer - [156/190] Loss: 1.0547
2026/08/31 11:36:38 - __main__ - INFO - 167 - trainer - Average loss in epoch 188: 1.0650
2026/08/31 11:36:38 - __main__ - INFO - 117 - trainer - Epoch: 189
2026/08/31 11:36:38 - __main__ - INFO - 162 - trainer - [0/190] Loss: 1.0357
2026/08/31 11:36:44 - __main__ - INFO - 162 - trainer - [39/190] Loss: 1.0665
2026/08/31 11:36:49 - __main__ - INFO - 162 - trainer - [78/190] Loss: 1.0268
2026/08/31 11:36:55 - __main__ - INFO - 162 - trainer - [117/190] Loss: 1.0526
2026/08/31 11:37:00 - __main__ - INFO - 162 - trainer - [156/190] Loss: 1.0467
2026/08/31 11:37:05 - __main__ - INFO - 167 - trainer - Average loss in epoch 189: 1.0643
2026/08/31 11:37:05 - __main__ - INFO - 117 - trainer - Epoch: 190
2026/08/31 11:37:05 - __main__ - INFO - 162 - trainer - [0/190] Loss: 1.0742
2026/08/31 11:37:10 - __main__ - INFO - 162 - trainer - [39/190] Loss: 1.0824
2026/08/31 11:37:16 - __main__ - INFO - 162 - trainer - [78/190] Loss: 1.0653
2026/08/31 11:37:21 - __main__ - INFO - 162 - trainer - [117/190] Loss: 1.0502
2026/08/31 11:37:27 - __main__ - INFO - 162 - trainer - [156/190] Loss: 1.0611
2026/08/31 11:37:31 - __main__ - INFO - 167 - trainer - Average loss in epoch 190: 1.0652
2026/08/31 11:37:31 - __main__ - INFO - 117 - trainer - Epoch: 191
2026/08/31 11:37:32 - __main__ - INFO - 162 - trainer - [0/190] Loss: 1.0383
2026/08/31 11:37:37 - __main__ - INFO - 162 - trainer - [39/190] Loss: 1.0894
2026/08/31 11:37:42 - __main__ - INFO - 162 - trainer - [78/190] Loss: 1.0603
2026/08/31 11:37:47 - __main__ - INFO - 162 - trainer - [117/190] Loss: 1.0772
2026/08/31 11:37:52 - __main__ - INFO - 162 - trainer - [156/190] Loss: 1.0656
2026/08/31 11:37:56 - __main__ - INFO - 167 - trainer - Average loss in epoch 191: 1.0635
2026/08/31 11:37:56 - __main__ - INFO - 117 - trainer - Epoch: 192
2026/08/31 11:37:57 - __main__ - INFO - 162 - trainer - [0/190] Loss: 1.0565
2026/08/31 11:38:02 - __main__ - INFO - 162 - trainer - [39/190] Loss: 1.0731
2026/08/31 11:38:08 - __main__ - INFO - 162 - trainer - [78/190] Loss: 1.0535
2026/08/31 11:38:13 - __main__ - INFO - 162 - trainer - [117/190] Loss: 1.0489
2026/08/31 11:38:19 - __main__ - INFO - 162 - trainer - [156/190] Loss: 1.0697
2026/08/31 11:38:23 - __main__ - INFO - 167 - trainer - Average loss in epoch 192: 1.0643
2026/08/31 11:38:23 - __main__ - INFO - 117 - trainer - Epoch: 193
2026/08/31 11:38:23 - __main__ - INFO - 162 - trainer - [0/190] Loss: 1.0416
2026/08/31 11:38:29 - __main__ - INFO - 162 - trainer - [39/190] Loss: 1.0751
2026/08/31 11:38:34 - __main__ - INFO - 162 - trainer - [78/190] Loss: 1.0590
2026/08/31 11:38:40 - __main__ - INFO - 162 - trainer - [117/190] Loss: 1.0538
2026/08/31 11:38:45 - __main__ - INFO - 162 - trainer - [156/190] Loss: 1.0753
2026/08/31 11:38:50 - __main__ - INFO - 167 - trainer - Average loss in epoch 193: 1.0642
2026/08/31 11:38:50 - __main__ - INFO - 117 - trainer - Epoch: 194
2026/08/31 11:38:50 - __main__ - INFO - 162 - trainer - [0/190] Loss: 1.0519
2026/08/31 11:38:56 - __main__ - INFO - 162 - trainer - [39/190] Loss: 1.0649
2026/08/31 11:39:01 - __main__ - INFO - 162 - trainer - [78/190] Loss: 1.0690
2026/08/31 11:39:06 - __main__ - INFO - 162 - trainer - [117/190] Loss: 1.0749
2026/08/31 11:39:12 - __main__ - INFO - 162 - trainer - [156/190] Loss: 1.0540
2026/08/31 11:39:16 - __main__ - INFO - 167 - trainer - Average loss in epoch 194: 1.0645
2026/08/31 11:39:16 - __main__ - INFO - 117 - trainer - Epoch: 195
2026/08/31 11:39:17 - __main__ - INFO - 162 - trainer - [0/190] Loss: 1.0589
2026/08/31 11:39:22 - __main__ - INFO - 162 - trainer - [39/190] Loss: 1.0609
2026/08/31 11:39:28 - __main__ - INFO - 162 - trainer - [78/190] Loss: 1.0301
2026/08/31 11:39:33 - __main__ - INFO - 162 - trainer - [117/190] Loss: 1.0637
2026/08/31 11:39:39 - __main__ - INFO - 162 - trainer - [156/190] Loss: 1.0562
2026/08/31 11:39:43 - __main__ - INFO - 167 - trainer - Average loss in epoch 195: 1.0637
2026/08/31 11:39:43 - __main__ - INFO - 117 - trainer - Epoch: 196
2026/08/31 11:39:43 - __main__ - INFO - 162 - trainer - [0/190] Loss: 1.0652
2026/08/31 11:39:48 - __main__ - INFO - 162 - trainer - [39/190] Loss: 1.0429
2026/08/31 11:39:53 - __main__ - INFO - 162 - trainer - [78/190] Loss: 1.0553
2026/08/31 11:39:59 - __main__ - INFO - 162 - trainer - [117/190] Loss: 1.0235
2026/08/31 11:40:04 - __main__ - INFO - 162 - trainer - [156/190] Loss: 1.0698
2026/08/31 11:40:08 - __main__ - INFO - 167 - trainer - Average loss in epoch 196: 1.0639
2026/08/31 11:40:08 - __main__ - INFO - 117 - trainer - Epoch: 197
2026/08/31 11:40:08 - __main__ - INFO - 162 - trainer - [0/190] Loss: 1.0646
2026/08/31 11:40:13 - __main__ - INFO - 162 - trainer - [39/190] Loss: 1.0477
2026/08/31 11:40:19 - __main__ - INFO - 162 - trainer - [78/190] Loss: 1.0584
2026/08/31 11:40:24 - __main__ - INFO - 162 - trainer - [117/190] Loss: 1.0639
2026/08/31 11:40:30 - __main__ - INFO - 162 - trainer - [156/190] Loss: 1.0370
2026/08/31 11:40:34 - __main__ - INFO - 167 - trainer - Average loss in epoch 197: 1.0633
2026/08/31 11:40:34 - __main__ - INFO - 117 - trainer - Epoch: 198
2026/08/31 11:40:34 - __main__ - INFO - 162 - trainer - [0/190] Loss: 1.0570
2026/08/31 11:40:40 - __main__ - INFO - 162 - trainer - [39/190] Loss: 1.0682
2026/08/31 11:40:45 - __main__ - INFO - 162 - trainer - [78/190] Loss: 1.0450
2026/08/31 11:40:51 - __main__ - INFO - 162 - trainer - [117/190] Loss: 1.0577
2026/08/31 11:40:56 - __main__ - INFO - 162 - trainer - [156/190] Loss: 1.0549
2026/08/31 11:41:01 - __main__ - INFO - 167 - trainer - Average loss in epoch 198: 1.0638
2026/08/31 11:41:01 - __main__ - INFO - 117 - trainer - Epoch: 199
2026/08/31 11:41:01 - __main__ - INFO - 162 - trainer - [0/190] Loss: 1.0799
2026/08/31 11:41:07 - __main__ - INFO - 162 - trainer - [39/190] Loss: 1.0535
2026/08/31 11:41:12 - __main__ - INFO - 162 - trainer - [78/190] Loss: 1.0652
2026/08/31 11:41:18 - __main__ - INFO - 162 - trainer - [117/190] Loss: 1.0449
2026/08/31 11:41:23 - __main__ - INFO - 162 - trainer - [156/190] Loss: 1.0678
2026/08/31 11:41:28 - __main__ - INFO - 167 - trainer - Average loss in epoch 199: 1.0634
2026/08/31 11:41:28 - __main__ - INFO - 117 - trainer - Epoch: 200
2026/08/31 11:41:28 - __main__ - INFO - 162 - trainer - [0/190] Loss: 1.0828
2026/08/31 11:41:33 - __main__ - INFO - 162 - trainer - [39/190] Loss: 1.0708
2026/08/31 11:41:39 - __main__ - INFO - 162 - trainer - [78/190] Loss: 1.0575
2026/08/31 11:41:44 - __main__ - INFO - 162 - trainer - [117/190] Loss: 1.0596
2026/08/31 11:41:50 - __main__ - INFO - 162 - trainer - [156/190] Loss: 1.0578
2026/08/31 11:41:54 - __main__ - INFO - 167 - trainer - Average loss in epoch 200: 1.0622
2026/08/31 11:41:54 - __main__ - INFO - 173 - trainer - start predicting: 2026-08-31 11:41:54.983930
2026/08/31 11:41:57 - __main__ - INFO - 117 - trainer - Epoch: 201
2026/08/31 11:41:57 - __main__ - INFO - 162 - trainer - [0/190] Loss: 1.0686
2026/08/31 11:42:03 - __main__ - INFO - 162 - trainer - [39/190] Loss: 1.0593
2026/08/31 11:42:08 - __main__ - INFO - 162 - trainer - [78/190] Loss: 1.0523
2026/08/31 11:42:14 - __main__ - INFO - 162 - trainer - [117/190] Loss: 1.0596
2026/08/31 11:42:19 - __main__ - INFO - 162 - trainer - [156/190] Loss: 1.0676
2026/08/31 11:42:24 - __main__ - INFO - 167 - trainer - Average loss in epoch 201: 1.0614
2026/08/31 11:42:24 - __main__ - INFO - 117 - trainer - Epoch: 202
2026/08/31 11:42:24 - __main__ - INFO - 162 - trainer - [0/190] Loss: 1.0577
2026/08/31 11:42:29 - __main__ - INFO - 162 - trainer - [39/190] Loss: 1.0554
2026/08/31 11:42:34 - __main__ - INFO - 162 - trainer - [78/190] Loss: 1.0687
2026/08/31 11:42:39 - __main__ - INFO - 162 - trainer - [117/190] Loss: 1.0553
2026/08/31 11:42:45 - __main__ - INFO - 162 - trainer - [156/190] Loss: 1.0728
2026/08/31 11:42:49 - __main__ - INFO - 167 - trainer - Average loss in epoch 202: 1.0620
2026/08/31 11:42:49 - __main__ - INFO - 117 - trainer - Epoch: 203
2026/08/31 11:42:49 - __main__ - INFO - 162 - trainer - [0/190] Loss: 1.0662
2026/08/31 11:42:55 - __main__ - INFO - 162 - trainer - [39/190] Loss: 1.0558
2026/08/31 11:43:00 - __main__ - INFO - 162 - trainer - [78/190] Loss: 1.0828
2026/08/31 11:43:06 - __main__ - INFO - 162 - trainer - [117/190] Loss: 1.0627
2026/08/31 11:43:11 - __main__ - INFO - 162 - trainer - [156/190] Loss: 1.0730
2026/08/31 11:43:16 - __main__ - INFO - 167 - trainer - Average loss in epoch 203: 1.0621
2026/08/31 11:43:16 - __main__ - INFO - 117 - trainer - Epoch: 204
2026/08/31 11:43:16 - __main__ - INFO - 162 - trainer - [0/190] Loss: 1.0523
2026/08/31 11:43:22 - __main__ - INFO - 162 - trainer - [39/190] Loss: 1.0593
2026/08/31 11:43:27 - __main__ - INFO - 162 - trainer - [78/190] Loss: 1.0566
2026/08/31 11:43:33 - __main__ - INFO - 162 - trainer - [117/190] Loss: 1.0545
2026/08/31 11:43:38 - __main__ - INFO - 162 - trainer - [156/190] Loss: 1.0503
2026/08/31 11:43:43 - __main__ - INFO - 167 - trainer - Average loss in epoch 204: 1.0612
2026/08/31 11:43:43 - __main__ - INFO - 117 - trainer - Epoch: 205
2026/08/31 11:43:43 - __main__ - INFO - 162 - trainer - [0/190] Loss: 1.0535
2026/08/31 11:43:49 - __main__ - INFO - 162 - trainer - [39/190] Loss: 1.0557
2026/08/31 11:43:54 - __main__ - INFO - 162 - trainer - [78/190] Loss: 1.0699
2026/08/31 11:44:00 - __main__ - INFO - 162 - trainer - [117/190] Loss: 1.0612
2026/08/31 11:44:05 - __main__ - INFO - 162 - trainer - [156/190] Loss: 1.0476
2026/08/31 11:44:10 - __main__ - INFO - 167 - trainer - Average loss in epoch 205: 1.0619
2026/08/31 11:44:10 - __main__ - INFO - 117 - trainer - Epoch: 206
2026/08/31 11:44:10 - __main__ - INFO - 162 - trainer - [0/190] Loss: 1.0490
2026/08/31 11:44:16 - __main__ - INFO - 162 - trainer - [39/190] Loss: 1.0630
2026/08/31 11:44:21 - __main__ - INFO - 162 - trainer - [78/190] Loss: 1.0712
2026/08/31 11:44:27 - __main__ - INFO - 162 - trainer - [117/190] Loss: 1.0585
2026/08/31 11:44:32 - __main__ - INFO - 162 - trainer - [156/190] Loss: 1.0476
2026/08/31 11:44:37 - __main__ - INFO - 167 - trainer - Average loss in epoch 206: 1.0621
2026/08/31 11:44:37 - __main__ - INFO - 117 - trainer - Epoch: 207
2026/08/31 11:44:37 - __main__ - INFO - 162 - trainer - [0/190] Loss: 1.0639
2026/08/31 11:44:42 - __main__ - INFO - 162 - trainer - [39/190] Loss: 1.0713
2026/08/31 11:44:48 - __main__ - INFO - 162 - trainer - [78/190] Loss: 1.0619
2026/08/31 11:44:53 - __main__ - INFO - 162 - trainer - [117/190] Loss: 1.0512
2026/08/31 11:44:59 - __main__ - INFO - 162 - trainer - [156/190] Loss: 1.0531
2026/08/31 11:45:03 - __main__ - INFO - 167 - trainer - Average loss in epoch 207: 1.0609
2026/08/31 11:45:03 - __main__ - INFO - 117 - trainer - Epoch: 208
2026/08/31 11:45:03 - __main__ - INFO - 162 - trainer - [0/190] Loss: 1.0429
2026/08/31 11:45:08 - __main__ - INFO - 162 - trainer - [39/190] Loss: 1.0714
2026/08/31 11:45:13 - __main__ - INFO - 162 - trainer - [78/190] Loss: 1.0714
2026/08/31 11:45:18 - __main__ - INFO - 162 - trainer - [117/190] Loss: 1.0861
2026/08/31 11:45:23 - __main__ - INFO - 162 - trainer - [156/190] Loss: 1.0438
2026/08/31 11:45:28 - __main__ - INFO - 167 - trainer - Average loss in epoch 208: 1.0615
2026/08/31 11:45:28 - __main__ - INFO - 117 - trainer - Epoch: 209
2026/08/31 11:45:28 - __main__ - INFO - 162 - trainer - [0/190] Loss: 1.0607
2026/08/31 11:45:33 - __main__ - INFO - 162 - trainer - [39/190] Loss: 1.0489
2026/08/31 11:45:39 - __main__ - INFO - 162 - trainer - [78/190] Loss: 1.0582
2026/08/31 11:45:44 - __main__ - INFO - 162 - trainer - [117/190] Loss: 1.0422
2026/08/31 11:45:50 - __main__ - INFO - 162 - trainer - [156/190] Loss: 1.0503
2026/08/31 11:45:54 - __main__ - INFO - 167 - trainer - Average loss in epoch 209: 1.0613
2026/08/31 11:45:54 - __main__ - INFO - 117 - trainer - Epoch: 210
2026/08/31 11:45:55 - __main__ - INFO - 162 - trainer - [0/190] Loss: 1.0807
2026/08/31 11:46:00 - __main__ - INFO - 162 - trainer - [39/190] Loss: 1.0693
2026/08/31 11:46:06 - __main__ - INFO - 162 - trainer - [78/190] Loss: 1.0438
2026/08/31 11:46:11 - __main__ - INFO - 162 - trainer - [117/190] Loss: 1.0686
2026/08/31 11:46:16 - __main__ - INFO - 162 - trainer - [156/190] Loss: 1.0410
2026/08/31 11:46:21 - __main__ - INFO - 167 - trainer - Average loss in epoch 210: 1.0610
2026/08/31 11:46:21 - __main__ - INFO - 117 - trainer - Epoch: 211
2026/08/31 11:46:21 - __main__ - INFO - 162 - trainer - [0/190] Loss: 1.0665
2026/08/31 11:46:27 - __main__ - INFO - 162 - trainer - [39/190] Loss: 1.0452
2026/08/31 11:46:32 - __main__ - INFO - 162 - trainer - [78/190] Loss: 1.0893
2026/08/31 11:46:38 - __main__ - INFO - 162 - trainer - [117/190] Loss: 1.0642
2026/08/31 11:46:43 - __main__ - INFO - 162 - trainer - [156/190] Loss: 1.0724
2026/08/31 11:46:48 - __main__ - INFO - 167 - trainer - Average loss in epoch 211: 1.0610
2026/08/31 11:46:48 - __main__ - INFO - 117 - trainer - Epoch: 212
2026/08/31 11:46:48 - __main__ - INFO - 162 - trainer - [0/190] Loss: 1.0676
2026/08/31 11:46:53 - __main__ - INFO - 162 - trainer - [39/190] Loss: 1.0525
2026/08/31 11:46:58 - __main__ - INFO - 162 - trainer - [78/190] Loss: 1.0625
2026/08/31 11:47:03 - __main__ - INFO - 162 - trainer - [117/190] Loss: 1.0720
2026/08/31 11:47:08 - __main__ - INFO - 162 - trainer - [156/190] Loss: 1.0685
2026/08/31 11:47:12 - __main__ - INFO - 167 - trainer - Average loss in epoch 212: 1.0611
2026/08/31 11:47:12 - __main__ - INFO - 117 - trainer - Epoch: 213
2026/08/31 11:47:13 - __main__ - INFO - 162 - trainer - [0/190] Loss: 1.0599
2026/08/31 11:47:18 - __main__ - INFO - 162 - trainer - [39/190] Loss: 1.0732
2026/08/31 11:47:24 - __main__ - INFO - 162 - trainer - [78/190] Loss: 1.0699
2026/08/31 11:47:29 - __main__ - INFO - 162 - trainer - [117/190] Loss: 1.0632
2026/08/31 11:47:34 - __main__ - INFO - 162 - trainer - [156/190] Loss: 1.0602
2026/08/31 11:47:39 - __main__ - INFO - 167 - trainer - Average loss in epoch 213: 1.0607
2026/08/31 11:47:39 - __main__ - INFO - 117 - trainer - Epoch: 214
2026/08/31 11:47:39 - __main__ - INFO - 162 - trainer - [0/190] Loss: 1.0634
2026/08/31 11:47:44 - __main__ - INFO - 162 - trainer - [39/190] Loss: 1.0671
2026/08/31 11:47:49 - __main__ - INFO - 162 - trainer - [78/190] Loss: 1.0713
2026/08/31 11:47:54 - __main__ - INFO - 162 - trainer - [117/190] Loss: 1.0717
2026/08/31 11:47:59 - __main__ - INFO - 162 - trainer - [156/190] Loss: 1.0844
2026/08/31 11:48:04 - __main__ - INFO - 167 - trainer - Average loss in epoch 214: 1.0610
2026/08/31 11:48:04 - __main__ - INFO - 117 - trainer - Epoch: 215
2026/08/31 11:48:04 - __main__ - INFO - 162 - trainer - [0/190] Loss: 1.0445
2026/08/31 11:48:09 - __main__ - INFO - 162 - trainer - [39/190] Loss: 1.0549
2026/08/31 11:48:15 - __main__ - INFO - 162 - trainer - [78/190] Loss: 1.0495
2026/08/31 11:48:20 - __main__ - INFO - 162 - trainer - [117/190] Loss: 1.0590
2026/08/31 11:48:26 - __main__ - INFO - 162 - trainer - [156/190] Loss: 1.0563
2026/08/31 11:48:30 - __main__ - INFO - 167 - trainer - Average loss in epoch 215: 1.0609
2026/08/31 11:48:30 - __main__ - INFO - 117 - trainer - Epoch: 216
2026/08/31 11:48:31 - __main__ - INFO - 162 - trainer - [0/190] Loss: 1.0530
2026/08/31 11:48:36 - __main__ - INFO - 162 - trainer - [39/190] Loss: 1.0514
2026/08/31 11:48:41 - __main__ - INFO - 162 - trainer - [78/190] Loss: 1.0849
2026/08/31 11:48:46 - __main__ - INFO - 162 - trainer - [117/190] Loss: 1.0635
2026/08/31 11:48:51 - __main__ - INFO - 162 - trainer - [156/190] Loss: 1.0761
2026/08/31 11:48:55 - __main__ - INFO - 167 - trainer - Average loss in epoch 216: 1.0609
2026/08/31 11:48:55 - __main__ - INFO - 117 - trainer - Epoch: 217
2026/08/31 11:48:56 - __main__ - INFO - 162 - trainer - [0/190] Loss: 1.0351
2026/08/31 11:49:01 - __main__ - INFO - 162 - trainer - [39/190] Loss: 1.0545
2026/08/31 11:49:07 - __main__ - INFO - 162 - trainer - [78/190] Loss: 1.0710
2026/08/31 11:49:12 - __main__ - INFO - 162 - trainer - [117/190] Loss: 1.0585
2026/08/31 11:49:17 - __main__ - INFO - 162 - trainer - [156/190] Loss: 1.0595
2026/08/31 11:49:22 - __main__ - INFO - 167 - trainer - Average loss in epoch 217: 1.0611
2026/08/31 11:49:22 - __main__ - INFO - 117 - trainer - Epoch: 218
2026/08/31 11:49:22 - __main__ - INFO - 162 - trainer - [0/190] Loss: 1.0641
2026/08/31 11:49:28 - __main__ - INFO - 162 - trainer - [39/190] Loss: 1.0744
2026/08/31 11:49:33 - __main__ - INFO - 162 - trainer - [78/190] Loss: 1.0490
2026/08/31 11:49:38 - __main__ - INFO - 162 - trainer - [117/190] Loss: 1.0320
2026/08/31 11:49:44 - __main__ - INFO - 162 - trainer - [156/190] Loss: 1.0481
2026/08/31 11:49:49 - __main__ - INFO - 167 - trainer - Average loss in epoch 218: 1.0612
2026/08/31 11:49:49 - __main__ - INFO - 117 - trainer - Epoch: 219
2026/08/31 11:49:49 - __main__ - INFO - 162 - trainer - [0/190] Loss: 1.0708
2026/08/31 11:49:54 - __main__ - INFO - 162 - trainer - [39/190] Loss: 1.0670
2026/08/31 11:50:00 - __main__ - INFO - 162 - trainer - [78/190] Loss: 1.0491
2026/08/31 11:50:05 - __main__ - INFO - 162 - trainer - [117/190] Loss: 1.0742
2026/08/31 11:50:11 - __main__ - INFO - 162 - trainer - [156/190] Loss: 1.0749
2026/08/31 11:50:15 - __main__ - INFO - 167 - trainer - Average loss in epoch 219: 1.0609
2026/08/31 11:50:15 - __main__ - INFO - 117 - trainer - Epoch: 220
2026/08/31 11:50:15 - __main__ - INFO - 162 - trainer - [0/190] Loss: 1.0499
2026/08/31 11:50:21 - __main__ - INFO - 162 - trainer - [39/190] Loss: 1.0709
2026/08/31 11:50:26 - __main__ - INFO - 162 - trainer - [78/190] Loss: 1.1053
2026/08/31 11:50:32 - __main__ - INFO - 162 - trainer - [117/190] Loss: 1.0643
2026/08/31 11:50:37 - __main__ - INFO - 162 - trainer - [156/190] Loss: 1.0624
2026/08/31 11:50:42 - __main__ - INFO - 167 - trainer - Average loss in epoch 220: 1.0604
2026/08/31 11:50:42 - __main__ - INFO - 173 - trainer - start predicting: 2026-08-31 11:50:42.645963
2026/08/31 11:50:45 - __main__ - INFO - 203 - trainer - {'Best_HR@5': np.float64(10.5489), 'Best_HR@10': np.float64(16.7753), 'Best_HR@20': np.float64(27.3977), 'Best_NDCG@5': np.float64(6.108), 'Best_NDCG@10': np.float64(8.1163), 'Best_NDCG@20': np.float64(10.7536)}
2026/08/31 11:50:45 - __main__ - INFO - 204 - trainer - {'Best_epoch_HR@5': 180, 'Best_epoch_HR@10': 180, 'Best_epoch_HR@20': 220, 'Best_epoch_NDCG@5': 180, 'Best_epoch_NDCG@10': 180, 'Best_epoch_NDCG@20': 160}
2026/08/31 11:50:45 - __main__ - INFO - 117 - trainer - Epoch: 221
2026/08/31 11:50:45 - __main__ - INFO - 162 - trainer - [0/190] Loss: 1.0848
2026/08/31 11:50:50 - __main__ - INFO - 162 - trainer - [39/190] Loss: 1.0746
2026/08/31 11:50:56 - __main__ - INFO - 162 - trainer - [78/190] Loss: 1.0818
2026/08/31 11:51:02 - __main__ - INFO - 162 - trainer - [117/190] Loss: 1.0580
2026/08/31 11:51:07 - __main__ - INFO - 162 - trainer - [156/190] Loss: 1.0648
2026/08/31 11:51:12 - __main__ - INFO - 167 - trainer - Average loss in epoch 221: 1.0611
2026/08/31 11:51:12 - __main__ - INFO - 117 - trainer - Epoch: 222
2026/08/31 11:51:12 - __main__ - INFO - 162 - trainer - [0/190] Loss: 1.0562
2026/08/31 11:51:17 - __main__ - INFO - 162 - trainer - [39/190] Loss: 1.0491
2026/08/31 11:51:23 - __main__ - INFO - 162 - trainer - [78/190] Loss: 1.0672
2026/08/31 11:51:28 - __main__ - INFO - 162 - trainer - [117/190] Loss: 1.0874
2026/08/31 11:51:34 - __main__ - INFO - 162 - trainer - [156/190] Loss: 1.0811
2026/08/31 11:51:38 - __main__ - INFO - 167 - trainer - Average loss in epoch 222: 1.0610
2026/08/31 11:51:38 - __main__ - INFO - 117 - trainer - Epoch: 223
2026/08/31 11:51:38 - __main__ - INFO - 162 - trainer - [0/190] Loss: 1.0619
2026/08/31 11:51:44 - __main__ - INFO - 162 - trainer - [39/190] Loss: 1.0591
2026/08/31 11:51:50 - __main__ - INFO - 162 - trainer - [78/190] Loss: 1.0691
2026/08/31 11:51:55 - __main__ - INFO - 162 - trainer - [117/190] Loss: 1.0686
2026/08/31 11:52:00 - __main__ - INFO - 162 - trainer - [156/190] Loss: 1.0569
2026/08/31 11:52:05 - __main__ - INFO - 167 - trainer - Average loss in epoch 223: 1.0607
2026/08/31 11:52:05 - __main__ - INFO - 117 - trainer - Epoch: 224
2026/08/31 11:52:05 - __main__ - INFO - 162 - trainer - [0/190] Loss: 1.0462
2026/08/31 11:52:10 - __main__ - INFO - 162 - trainer - [39/190] Loss: 1.0669
2026/08/31 11:52:15 - __main__ - INFO - 162 - trainer - [78/190] Loss: 1.0520
2026/08/31 11:52:21 - __main__ - INFO - 162 - trainer - [117/190] Loss: 1.0502
2026/08/31 11:52:26 - __main__ - INFO - 162 - trainer - [156/190] Loss: 1.0552
2026/08/31 11:52:30 - __main__ - INFO - 167 - trainer - Average loss in epoch 224: 1.0610
2026/08/31 11:52:30 - __main__ - INFO - 117 - trainer - Epoch: 225
2026/08/31 11:52:30 - __main__ - INFO - 162 - trainer - [0/190] Loss: 1.0562
2026/08/31 11:52:36 - __main__ - INFO - 162 - trainer - [39/190] Loss: 1.0740
2026/08/31 11:52:41 - __main__ - INFO - 162 - trainer - [78/190] Loss: 1.0470
2026/08/31 11:52:47 - __main__ - INFO - 162 - trainer - [117/190] Loss: 1.0415
2026/08/31 11:52:52 - __main__ - INFO - 162 - trainer - [156/190] Loss: 1.0548
2026/08/31 11:52:57 - __main__ - INFO - 167 - trainer - Average loss in epoch 225: 1.0607
2026/08/31 11:52:57 - __main__ - INFO - 117 - trainer - Epoch: 226
2026/08/31 11:52:57 - __main__ - INFO - 162 - trainer - [0/190] Loss: 1.0622
2026/08/31 11:53:03 - __main__ - INFO - 162 - trainer - [39/190] Loss: 1.0496
2026/08/31 11:53:08 - __main__ - INFO - 162 - trainer - [78/190] Loss: 1.0650
2026/08/31 11:53:14 - __main__ - INFO - 162 - trainer - [117/190] Loss: 1.0637
2026/08/31 11:53:19 - __main__ - INFO - 162 - trainer - [156/190] Loss: 1.0623
2026/08/31 11:53:24 - __main__ - INFO - 167 - trainer - Average loss in epoch 226: 1.0605
2026/08/31 11:53:24 - __main__ - INFO - 117 - trainer - Epoch: 227
2026/08/31 11:53:24 - __main__ - INFO - 162 - trainer - [0/190] Loss: 1.0769
2026/08/31 11:53:30 - __main__ - INFO - 162 - trainer - [39/190] Loss: 1.0508
2026/08/31 11:53:35 - __main__ - INFO - 162 - trainer - [78/190] Loss: 1.0720
2026/08/31 11:53:41 - __main__ - INFO - 162 - trainer - [117/190] Loss: 1.0432
2026/08/31 11:53:47 - __main__ - INFO - 162 - trainer - [156/190] Loss: 1.0816
2026/08/31 11:53:51 - __main__ - INFO - 167 - trainer - Average loss in epoch 227: 1.0613
2026/08/31 11:53:51 - __main__ - INFO - 117 - trainer - Epoch: 228
2026/08/31 11:53:51 - __main__ - INFO - 162 - trainer - [0/190] Loss: 1.0478
2026/08/31 11:53:57 - __main__ - INFO - 162 - trainer - [39/190] Loss: 1.0842
2026/08/31 11:54:03 - __main__ - INFO - 162 - trainer - [78/190] Loss: 1.0687
2026/08/31 11:54:08 - __main__ - INFO - 162 - trainer - [117/190] Loss: 1.0654
2026/08/31 11:54:14 - __main__ - INFO - 162 - trainer - [156/190] Loss: 1.0551
2026/08/31 11:54:18 - __main__ - INFO - 167 - trainer - Average loss in epoch 228: 1.0603
2026/08/31 11:54:18 - __main__ - INFO - 117 - trainer - Epoch: 229
2026/08/31 11:54:18 - __main__ - INFO - 162 - trainer - [0/190] Loss: 1.0490
2026/08/31 11:54:24 - __main__ - INFO - 162 - trainer - [39/190] Loss: 1.0597
2026/08/31 11:54:30 - __main__ - INFO - 162 - trainer - [78/190] Loss: 1.0505
2026/08/31 11:54:35 - __main__ - INFO - 162 - trainer - [117/190] Loss: 1.0502
2026/08/31 11:54:41 - __main__ - INFO - 162 - trainer - [156/190] Loss: 1.0535
2026/08/31 11:54:46 - __main__ - INFO - 167 - trainer - Average loss in epoch 229: 1.0611
2026/08/31 11:54:46 - __main__ - INFO - 117 - trainer - Epoch: 230
2026/08/31 11:54:46 - __main__ - INFO - 162 - trainer - [0/190] Loss: 1.0627
2026/08/31 11:54:51 - __main__ - INFO - 162 - trainer - [39/190] Loss: 1.0621
2026/08/31 11:54:57 - __main__ - INFO - 162 - trainer - [78/190] Loss: 1.0615
2026/08/31 11:55:02 - __main__ - INFO - 162 - trainer - [117/190] Loss: 1.0827
2026/08/31 11:55:08 - __main__ - INFO - 162 - trainer - [156/190] Loss: 1.0780
2026/08/31 11:55:12 - __main__ - INFO - 167 - trainer - Average loss in epoch 230: 1.0611
2026/08/31 11:55:12 - __main__ - INFO - 117 - trainer - Epoch: 231
2026/08/31 11:55:13 - __main__ - INFO - 162 - trainer - [0/190] Loss: 1.0636
2026/08/31 11:55:18 - __main__ - INFO - 162 - trainer - [39/190] Loss: 1.0472
2026/08/31 11:55:24 - __main__ - INFO - 162 - trainer - [78/190] Loss: 1.0816
2026/08/31 11:55:29 - __main__ - INFO - 162 - trainer - [117/190] Loss: 1.0639
2026/08/31 11:55:35 - __main__ - INFO - 162 - trainer - [156/190] Loss: 1.0515
2026/08/31 11:55:39 - __main__ - INFO - 167 - trainer - Average loss in epoch 231: 1.0610
2026/08/31 11:55:39 - __main__ - INFO - 117 - trainer - Epoch: 232
2026/08/31 11:55:39 - __main__ - INFO - 162 - trainer - [0/190] Loss: 1.0620
2026/08/31 11:55:45 - __main__ - INFO - 162 - trainer - [39/190] Loss: 1.0637
2026/08/31 11:55:51 - __main__ - INFO - 162 - trainer - [78/190] Loss: 1.0673
2026/08/31 11:55:56 - __main__ - INFO - 162 - trainer - [117/190] Loss: 1.0742
2026/08/31 11:56:01 - __main__ - INFO - 162 - trainer - [156/190] Loss: 1.0657
2026/08/31 11:56:06 - __main__ - INFO - 167 - trainer - Average loss in epoch 232: 1.0613
2026/08/31 11:56:06 - __main__ - INFO - 117 - trainer - Epoch: 233
2026/08/31 11:56:06 - __main__ - INFO - 162 - trainer - [0/190] Loss: 1.0612
2026/08/31 11:56:12 - __main__ - INFO - 162 - trainer - [39/190] Loss: 1.0657
2026/08/31 11:56:17 - __main__ - INFO - 162 - trainer - [78/190] Loss: 1.0672
2026/08/31 11:56:23 - __main__ - INFO - 162 - trainer - [117/190] Loss: 1.0492
2026/08/31 11:56:28 - __main__ - INFO - 162 - trainer - [156/190] Loss: 1.0490
2026/08/31 11:56:33 - __main__ - INFO - 167 - trainer - Average loss in epoch 233: 1.0608
2026/08/31 11:56:33 - __main__ - INFO - 117 - trainer - Epoch: 234
2026/08/31 11:56:33 - __main__ - INFO - 162 - trainer - [0/190] Loss: 1.0601
2026/08/31 11:56:38 - __main__ - INFO - 162 - trainer - [39/190] Loss: 1.0643
2026/08/31 11:56:44 - __main__ - INFO - 162 - trainer - [78/190] Loss: 1.0610
2026/08/31 11:56:50 - __main__ - INFO - 162 - trainer - [117/190] Loss: 1.0643
2026/08/31 11:56:55 - __main__ - INFO - 162 - trainer - [156/190] Loss: 1.0577
2026/08/31 11:57:00 - __main__ - INFO - 167 - trainer - Average loss in epoch 234: 1.0605
2026/08/31 11:57:00 - __main__ - INFO - 117 - trainer - Epoch: 235
2026/08/31 11:57:00 - __main__ - INFO - 162 - trainer - [0/190] Loss: 1.0558
2026/08/31 11:57:06 - __main__ - INFO - 162 - trainer - [39/190] Loss: 1.0372
2026/08/31 11:57:11 - __main__ - INFO - 162 - trainer - [78/190] Loss: 1.0647
2026/08/31 11:57:17 - __main__ - INFO - 162 - trainer - [117/190] Loss: 1.0736
2026/08/31 11:57:23 - __main__ - INFO - 162 - trainer - [156/190] Loss: 1.0535
2026/08/31 11:57:27 - __main__ - INFO - 167 - trainer - Average loss in epoch 235: 1.0606
2026/08/31 11:57:27 - __main__ - INFO - 117 - trainer - Epoch: 236
2026/08/31 11:57:27 - __main__ - INFO - 162 - trainer - [0/190] Loss: 1.0468
2026/08/31 11:57:33 - __main__ - INFO - 162 - trainer - [39/190] Loss: 1.0681
2026/08/31 11:57:38 - __main__ - INFO - 162 - trainer - [78/190] Loss: 1.0570
2026/08/31 11:57:44 - __main__ - INFO - 162 - trainer - [117/190] Loss: 1.0469
2026/08/31 11:57:50 - __main__ - INFO - 162 - trainer - [156/190] Loss: 1.0453
2026/08/31 11:57:54 - __main__ - INFO - 167 - trainer - Average loss in epoch 236: 1.0611
2026/08/31 11:57:54 - __main__ - INFO - 117 - trainer - Epoch: 237
2026/08/31 11:57:54 - __main__ - INFO - 162 - trainer - [0/190] Loss: 1.0614
2026/08/31 11:58:00 - __main__ - INFO - 162 - trainer - [39/190] Loss: 1.0754
2026/08/31 11:58:05 - __main__ - INFO - 162 - trainer - [78/190] Loss: 1.0579
2026/08/31 11:58:11 - __main__ - INFO - 162 - trainer - [117/190] Loss: 1.0614
2026/08/31 11:58:16 - __main__ - INFO - 162 - trainer - [156/190] Loss: 1.0554
2026/08/31 11:58:21 - __main__ - INFO - 167 - trainer - Average loss in epoch 237: 1.0609
2026/08/31 11:58:21 - __main__ - INFO - 117 - trainer - Epoch: 238
2026/08/31 11:58:21 - __main__ - INFO - 162 - trainer - [0/190] Loss: 1.0537
2026/08/31 11:58:27 - __main__ - INFO - 162 - trainer - [39/190] Loss: 1.0582
2026/08/31 11:58:32 - __main__ - INFO - 162 - trainer - [78/190] Loss: 1.0593
2026/08/31 11:58:38 - __main__ - INFO - 162 - trainer - [117/190] Loss: 1.0493
2026/08/31 11:58:43 - __main__ - INFO - 162 - trainer - [156/190] Loss: 1.0523
2026/08/31 11:58:48 - __main__ - INFO - 167 - trainer - Average loss in epoch 238: 1.0607
2026/08/31 11:58:48 - __main__ - INFO - 117 - trainer - Epoch: 239
2026/08/31 11:58:48 - __main__ - INFO - 162 - trainer - [0/190] Loss: 1.0486
2026/08/31 11:58:54 - __main__ - INFO - 162 - trainer - [39/190] Loss: 1.0745
2026/08/31 11:59:00 - __main__ - INFO - 162 - trainer - [78/190] Loss: 1.0756
2026/08/31 11:59:05 - __main__ - INFO - 162 - trainer - [117/190] Loss: 1.0532
2026/08/31 11:59:11 - __main__ - INFO - 162 - trainer - [156/190] Loss: 1.0633
2026/08/31 11:59:15 - __main__ - INFO - 167 - trainer - Average loss in epoch 239: 1.0607
2026/08/31 11:59:15 - __main__ - INFO - 117 - trainer - Epoch: 240
2026/08/31 11:59:15 - __main__ - INFO - 162 - trainer - [0/190] Loss: 1.0576
2026/08/31 11:59:21 - __main__ - INFO - 162 - trainer - [39/190] Loss: 1.0521
2026/08/31 11:59:26 - __main__ - INFO - 162 - trainer - [78/190] Loss: 1.0664
2026/08/31 11:59:32 - __main__ - INFO - 162 - trainer - [117/190] Loss: 1.0691
2026/08/31 11:59:37 - __main__ - INFO - 162 - trainer - [156/190] Loss: 1.0425
2026/08/31 11:59:42 - __main__ - INFO - 167 - trainer - Average loss in epoch 240: 1.0610
2026/08/31 11:59:42 - __main__ - INFO - 173 - trainer - start predicting: 2026-08-31 11:59:42.455141
2026/08/31 11:59:44 - __main__ - INFO - 203 - trainer - {'Best_HR@5': np.float64(10.5489), 'Best_HR@10': np.float64(16.7753), 'Best_HR@20': np.float64(27.4953), 'Best_NDCG@5': np.float64(6.108), 'Best_NDCG@10': np.float64(8.1163), 'Best_NDCG@20': np.float64(10.8242)}
2026/08/31 11:59:44 - __main__ - INFO - 204 - trainer - {'Best_epoch_HR@5': 180, 'Best_epoch_HR@10': 180, 'Best_epoch_HR@20': 240, 'Best_epoch_NDCG@5': 180, 'Best_epoch_NDCG@10': 180, 'Best_epoch_NDCG@20': 240}
2026/08/31 11:59:44 - __main__ - INFO - 117 - trainer - Epoch: 241
2026/08/31 11:59:45 - __main__ - INFO - 162 - trainer - [0/190] Loss: 1.0738
2026/08/31 11:59:50 - __main__ - INFO - 162 - trainer - [39/190] Loss: 1.0767
2026/08/31 11:59:56 - __main__ - INFO - 162 - trainer - [78/190] Loss: 1.0609
2026/08/31 12:00:01 - __main__ - INFO - 162 - trainer - [117/190] Loss: 1.0291
2026/08/31 12:00:07 - __main__ - INFO - 162 - trainer - [156/190] Loss: 1.0535
2026/08/31 12:00:11 - __main__ - INFO - 167 - trainer - Average loss in epoch 241: 1.0603
2026/08/31 12:00:11 - __main__ - INFO - 117 - trainer - Epoch: 242
2026/08/31 12:00:12 - __main__ - INFO - 162 - trainer - [0/190] Loss: 1.0620
2026/08/31 12:00:17 - __main__ - INFO - 162 - trainer - [39/190] Loss: 1.0580
2026/08/31 12:00:23 - __main__ - INFO - 162 - trainer - [78/190] Loss: 1.0611
2026/08/31 12:00:28 - __main__ - INFO - 162 - trainer - [117/190] Loss: 1.0551
2026/08/31 12:00:33 - __main__ - INFO - 162 - trainer - [156/190] Loss: 1.0711
2026/08/31 12:00:38 - __main__ - INFO - 167 - trainer - Average loss in epoch 242: 1.0604
2026/08/31 12:00:38 - __main__ - INFO - 117 - trainer - Epoch: 243
2026/08/31 12:00:38 - __main__ - INFO - 162 - trainer - [0/190] Loss: 1.0628
2026/08/31 12:00:44 - __main__ - INFO - 162 - trainer - [39/190] Loss: 1.0648
2026/08/31 12:00:49 - __main__ - INFO - 162 - trainer - [78/190] Loss: 1.0428
2026/08/31 12:00:55 - __main__ - INFO - 162 - trainer - [117/190] Loss: 1.0518
2026/08/31 12:01:00 - __main__ - INFO - 162 - trainer - [156/190] Loss: 1.0514
2026/08/31 12:01:05 - __main__ - INFO - 167 - trainer - Average loss in epoch 243: 1.0604
2026/08/31 12:01:05 - __main__ - INFO - 117 - trainer - Epoch: 244
2026/08/31 12:01:05 - __main__ - INFO - 162 - trainer - [0/190] Loss: 1.0533
2026/08/31 12:01:10 - __main__ - INFO - 162 - trainer - [39/190] Loss: 1.0512
2026/08/31 12:01:16 - __main__ - INFO - 162 - trainer - [78/190] Loss: 1.0835
2026/08/31 12:01:21 - __main__ - INFO - 162 - trainer - [117/190] Loss: 1.0467
2026/08/31 12:01:27 - __main__ - INFO - 162 - trainer - [156/190] Loss: 1.0558
2026/08/31 12:01:32 - __main__ - INFO - 167 - trainer - Average loss in epoch 244: 1.0607
2026/08/31 12:01:32 - __main__ - INFO - 117 - trainer - Epoch: 245
2026/08/31 12:01:32 - __main__ - INFO - 162 - trainer - [0/190] Loss: 1.0538
2026/08/31 12:01:37 - __main__ - INFO - 162 - trainer - [39/190] Loss: 1.0889
2026/08/31 12:01:42 - __main__ - INFO - 162 - trainer - [78/190] Loss: 1.0563
2026/08/31 12:01:48 - __main__ - INFO - 162 - trainer - [117/190] Loss: 1.0449
2026/08/31 12:01:54 - __main__ - INFO - 162 - trainer - [156/190] Loss: 1.0580
2026/08/31 12:01:58 - __main__ - INFO - 167 - trainer - Average loss in epoch 245: 1.0606
2026/08/31 12:01:58 - __main__ - INFO - 117 - trainer - Epoch: 246
2026/08/31 12:01:58 - __main__ - INFO - 162 - trainer - [0/190] Loss: 1.0514
2026/08/31 12:02:03 - __main__ - INFO - 162 - trainer - [39/190] Loss: 1.0812
2026/08/31 12:02:08 - __main__ - INFO - 162 - trainer - [78/190] Loss: 1.0667
2026/08/31 12:02:14 - __main__ - INFO - 162 - trainer - [117/190] Loss: 1.0742
2026/08/31 12:02:19 - __main__ - INFO - 162 - trainer - [156/190] Loss: 1.0396
2026/08/31 12:02:23 - __main__ - INFO - 167 - trainer - Average loss in epoch 246: 1.0601
2026/08/31 12:02:23 - __main__ - INFO - 117 - trainer - Epoch: 247
2026/08/31 12:02:23 - __main__ - INFO - 162 - trainer - [0/190] Loss: 1.0683
2026/08/31 12:02:28 - __main__ - INFO - 162 - trainer - [39/190] Loss: 1.0753
2026/08/31 12:02:34 - __main__ - INFO - 162 - trainer - [78/190] Loss: 1.0707
2026/08/31 12:02:40 - __main__ - INFO - 162 - trainer - [117/190] Loss: 1.0332
2026/08/31 12:02:45 - __main__ - INFO - 162 - trainer - [156/190] Loss: 1.0605
2026/08/31 12:02:50 - __main__ - INFO - 167 - trainer - Average loss in epoch 247: 1.0601
2026/08/31 12:02:50 - __main__ - INFO - 117 - trainer - Epoch: 248
2026/08/31 12:02:50 - __main__ - INFO - 162 - trainer - [0/190] Loss: 1.0267
2026/08/31 12:02:56 - __main__ - INFO - 162 - trainer - [39/190] Loss: 1.0504
2026/08/31 12:03:01 - __main__ - INFO - 162 - trainer - [78/190] Loss: 1.0714
2026/08/31 12:03:07 - __main__ - INFO - 162 - trainer - [117/190] Loss: 1.0639
2026/08/31 12:03:12 - __main__ - INFO - 162 - trainer - [156/190] Loss: 1.0810
2026/08/31 12:03:17 - __main__ - INFO - 167 - trainer - Average loss in epoch 248: 1.0606
2026/08/31 12:03:17 - __main__ - INFO - 117 - trainer - Epoch: 249
2026/08/31 12:03:17 - __main__ - INFO - 162 - trainer - [0/190] Loss: 1.0667
2026/08/31 12:03:22 - __main__ - INFO - 162 - trainer - [39/190] Loss: 1.0781
2026/08/31 12:03:28 - __main__ - INFO - 162 - trainer - [78/190] Loss: 1.0380
2026/08/31 12:03:33 - __main__ - INFO - 162 - trainer - [117/190] Loss: 1.0647
2026/08/31 12:03:39 - __main__ - INFO - 162 - trainer - [156/190] Loss: 1.0525
2026/08/31 12:03:44 - __main__ - INFO - 167 - trainer - Average loss in epoch 249: 1.0599
2026/08/31 12:03:44 - __main__ - INFO - 117 - trainer - Epoch: 250
2026/08/31 12:03:44 - __main__ - INFO - 162 - trainer - [0/190] Loss: 1.0596
2026/08/31 12:03:49 - __main__ - INFO - 162 - trainer - [39/190] Loss: 1.0573
2026/08/31 12:03:55 - __main__ - INFO - 162 - trainer - [78/190] Loss: 1.0537
2026/08/31 12:04:00 - __main__ - INFO - 162 - trainer - [117/190] Loss: 1.0674
2026/08/31 12:04:06 - __main__ - INFO - 162 - trainer - [156/190] Loss: 1.0796
2026/08/31 12:04:10 - __main__ - INFO - 167 - trainer - Average loss in epoch 250: 1.0604
2026/08/31 12:04:10 - __main__ - INFO - 117 - trainer - Epoch: 251
2026/08/31 12:04:11 - __main__ - INFO - 162 - trainer - [0/190] Loss: 1.0586
2026/08/31 12:04:16 - __main__ - INFO - 162 - trainer - [39/190] Loss: 1.0669
2026/08/31 12:04:22 - __main__ - INFO - 162 - trainer - [78/190] Loss: 1.0795
2026/08/31 12:04:27 - __main__ - INFO - 162 - trainer - [117/190] Loss: 1.0653
2026/08/31 12:04:33 - __main__ - INFO - 162 - trainer - [156/190] Loss: 1.0708
2026/08/31 12:04:37 - __main__ - INFO - 167 - trainer - Average loss in epoch 251: 1.0602
2026/08/31 12:04:37 - __main__ - INFO - 117 - trainer - Epoch: 252
2026/08/31 12:04:37 - __main__ - INFO - 162 - trainer - [0/190] Loss: 1.0632
2026/08/31 12:04:43 - __main__ - INFO - 162 - trainer - [39/190] Loss: 1.0708
2026/08/31 12:04:49 - __main__ - INFO - 162 - trainer - [78/190] Loss: 1.0629
2026/08/31 12:04:54 - __main__ - INFO - 162 - trainer - [117/190] Loss: 1.0481
2026/08/31 12:05:00 - __main__ - INFO - 162 - trainer - [156/190] Loss: 1.0617
2026/08/31 12:05:04 - __main__ - INFO - 167 - trainer - Average loss in epoch 252: 1.0605
2026/08/31 12:05:04 - __main__ - INFO - 117 - trainer - Epoch: 253
2026/08/31 12:05:05 - __main__ - INFO - 162 - trainer - [0/190] Loss: 1.0456
2026/08/31 12:05:10 - __main__ - INFO - 162 - trainer - [39/190] Loss: 1.0439
2026/08/31 12:05:15 - __main__ - INFO - 162 - trainer - [78/190] Loss: 1.0634
2026/08/31 12:05:21 - __main__ - INFO - 162 - trainer - [117/190] Loss: 1.0907
2026/08/31 12:05:26 - __main__ - INFO - 162 - trainer - [156/190] Loss: 1.0627
2026/08/31 12:05:31 - __main__ - INFO - 167 - trainer - Average loss in epoch 253: 1.0609
2026/08/31 12:05:31 - __main__ - INFO - 117 - trainer - Epoch: 254
2026/08/31 12:05:31 - __main__ - INFO - 162 - trainer - [0/190] Loss: 1.0809
2026/08/31 12:05:37 - __main__ - INFO - 162 - trainer - [39/190] Loss: 1.0421
2026/08/31 12:05:42 - __main__ - INFO - 162 - trainer - [78/190] Loss: 1.0460
2026/08/31 12:05:48 - __main__ - INFO - 162 - trainer - [117/190] Loss: 1.0755
2026/08/31 12:05:54 - __main__ - INFO - 162 - trainer - [156/190] Loss: 1.0699
2026/08/31 12:05:58 - __main__ - INFO - 167 - trainer - Average loss in epoch 254: 1.0601
2026/08/31 12:05:58 - __main__ - INFO - 117 - trainer - Epoch: 255
2026/08/31 12:05:58 - __main__ - INFO - 162 - trainer - [0/190] Loss: 1.0528
2026/08/31 12:06:04 - __main__ - INFO - 162 - trainer - [39/190] Loss: 1.0627
2026/08/31 12:06:10 - __main__ - INFO - 162 - trainer - [78/190] Loss: 1.0520
2026/08/31 12:06:15 - __main__ - INFO - 162 - trainer - [117/190] Loss: 1.0727
2026/08/31 12:06:20 - __main__ - INFO - 162 - trainer - [156/190] Loss: 1.0807
2026/08/31 12:06:25 - __main__ - INFO - 167 - trainer - Average loss in epoch 255: 1.0603
2026/08/31 12:06:25 - __main__ - INFO - 117 - trainer - Epoch: 256
2026/08/31 12:06:25 - __main__ - INFO - 162 - trainer - [0/190] Loss: 1.0562
2026/08/31 12:06:31 - __main__ - INFO - 162 - trainer - [39/190] Loss: 1.0624
2026/08/31 12:06:36 - __main__ - INFO - 162 - trainer - [78/190] Loss: 1.0572
2026/08/31 12:06:42 - __main__ - INFO - 162 - trainer - [117/190] Loss: 1.0735
2026/08/31 12:06:48 - __main__ - INFO - 162 - trainer - [156/190] Loss: 1.0657
2026/08/31 12:06:52 - __main__ - INFO - 167 - trainer - Average loss in epoch 256: 1.0604
2026/08/31 12:06:52 - __main__ - INFO - 117 - trainer - Epoch: 257
2026/08/31 12:06:52 - __main__ - INFO - 162 - trainer - [0/190] Loss: 1.0697
2026/08/31 12:06:58 - __main__ - INFO - 162 - trainer - [39/190] Loss: 1.0706
2026/08/31 12:07:04 - __main__ - INFO - 162 - trainer - [78/190] Loss: 1.0675
2026/08/31 12:07:09 - __main__ - INFO - 162 - trainer - [117/190] Loss: 1.0422
2026/08/31 12:07:15 - __main__ - INFO - 162 - trainer - [156/190] Loss: 1.0360
2026/08/31 12:07:19 - __main__ - INFO - 167 - trainer - Average loss in epoch 257: 1.0608
2026/08/31 12:07:19 - __main__ - INFO - 117 - trainer - Epoch: 258
2026/08/31 12:07:19 - __main__ - INFO - 162 - trainer - [0/190] Loss: 1.0771
2026/08/31 12:07:25 - __main__ - INFO - 162 - trainer - [39/190] Loss: 1.0630
2026/08/31 12:07:31 - __main__ - INFO - 162 - trainer - [78/190] Loss: 1.0451
2026/08/31 12:07:36 - __main__ - INFO - 162 - trainer - [117/190] Loss: 1.0648
2026/08/31 12:07:42 - __main__ - INFO - 162 - trainer - [156/190] Loss: 1.0661
2026/08/31 12:07:47 - __main__ - INFO - 167 - trainer - Average loss in epoch 258: 1.0605
2026/08/31 12:07:47 - __main__ - INFO - 117 - trainer - Epoch: 259
2026/08/31 12:07:47 - __main__ - INFO - 162 - trainer - [0/190] Loss: 1.0631
2026/08/31 12:07:52 - __main__ - INFO - 162 - trainer - [39/190] Loss: 1.0559
2026/08/31 12:07:58 - __main__ - INFO - 162 - trainer - [78/190] Loss: 1.0732
2026/08/31 12:08:04 - __main__ - INFO - 162 - trainer - [117/190] Loss: 1.0717
2026/08/31 12:08:09 - __main__ - INFO - 162 - trainer - [156/190] Loss: 1.0719
2026/08/31 12:08:14 - __main__ - INFO - 167 - trainer - Average loss in epoch 259: 1.0604
2026/08/31 12:08:14 - __main__ - INFO - 117 - trainer - Epoch: 260
2026/08/31 12:08:14 - __main__ - INFO - 162 - trainer - [0/190] Loss: 1.0800
2026/08/31 12:08:20 - __main__ - INFO - 162 - trainer - [39/190] Loss: 1.0634
2026/08/31 12:08:25 - __main__ - INFO - 162 - trainer - [78/190] Loss: 1.0553
2026/08/31 12:08:31 - __main__ - INFO - 162 - trainer - [117/190] Loss: 1.0660
2026/08/31 12:08:36 - __main__ - INFO - 162 - trainer - [156/190] Loss: 1.0718
2026/08/31 12:08:41 - __main__ - INFO - 167 - trainer - Average loss in epoch 260: 1.0602
2026/08/31 12:08:41 - __main__ - INFO - 173 - trainer - start predicting: 2026-08-31 12:08:41.403754
2026/08/31 12:08:43 - __main__ - INFO - 203 - trainer - {'Best_HR@5': np.float64(10.5489), 'Best_HR@10': np.float64(16.7753), 'Best_HR@20': np.float64(27.709), 'Best_NDCG@5': np.float64(6.108), 'Best_NDCG@10': np.float64(8.1163), 'Best_NDCG@20': np.float64(10.8242)}
2026/08/31 12:08:43 - __main__ - INFO - 204 - trainer - {'Best_epoch_HR@5': 180, 'Best_epoch_HR@10': 180, 'Best_epoch_HR@20': 260, 'Best_epoch_NDCG@5': 180, 'Best_epoch_NDCG@10': 180, 'Best_epoch_NDCG@20': 240}
2026/08/31 12:08:43 - __main__ - INFO - 117 - trainer - Epoch: 261
2026/08/31 12:08:44 - __main__ - INFO - 162 - trainer - [0/190] Loss: 1.0532
2026/08/31 12:08:49 - __main__ - INFO - 162 - trainer - [39/190] Loss: 1.0545
2026/08/31 12:08:55 - __main__ - INFO - 162 - trainer - [78/190] Loss: 1.0477
2026/08/31 12:09:00 - __main__ - INFO - 162 - trainer - [117/190] Loss: 1.0563
2026/08/31 12:09:05 - __main__ - INFO - 162 - trainer - [156/190] Loss: 1.0644
2026/08/31 12:09:10 - __main__ - INFO - 167 - trainer - Average loss in epoch 261: 1.0599
2026/08/31 12:09:10 - __main__ - INFO - 117 - trainer - Epoch: 262
2026/08/31 12:09:10 - __main__ - INFO - 162 - trainer - [0/190] Loss: 1.0597
2026/08/31 12:09:16 - __main__ - INFO - 162 - trainer - [39/190] Loss: 1.0606
2026/08/31 12:09:21 - __main__ - INFO - 162 - trainer - [78/190] Loss: 1.0634
2026/08/31 12:09:27 - __main__ - INFO - 162 - trainer - [117/190] Loss: 1.0609
2026/08/31 12:09:32 - __main__ - INFO - 162 - trainer - [156/190] Loss: 1.0706
2026/08/31 12:09:37 - __main__ - INFO - 167 - trainer - Average loss in epoch 262: 1.0601
2026/08/31 12:09:37 - __main__ - INFO - 117 - trainer - Epoch: 263
2026/08/31 12:09:37 - __main__ - INFO - 162 - trainer - [0/190] Loss: 1.0755
2026/08/31 12:09:43 - __main__ - INFO - 162 - trainer - [39/190] Loss: 1.0470
2026/08/31 12:09:48 - __main__ - INFO - 162 - trainer - [78/190] Loss: 1.0728
2026/08/31 12:09:54 - __main__ - INFO - 162 - trainer - [117/190] Loss: 1.0595
2026/08/31 12:09:59 - __main__ - INFO - 162 - trainer - [156/190] Loss: 1.0564
2026/08/31 12:10:04 - __main__ - INFO - 167 - trainer - Average loss in epoch 263: 1.0605
2026/08/31 12:10:04 - __main__ - INFO - 117 - trainer - Epoch: 264
2026/08/31 12:10:04 - __main__ - INFO - 162 - trainer - [0/190] Loss: 1.0830
2026/08/31 12:10:10 - __main__ - INFO - 162 - trainer - [39/190] Loss: 1.0503
2026/08/31 12:10:15 - __main__ - INFO - 162 - trainer - [78/190] Loss: 1.0607
2026/08/31 12:10:21 - __main__ - INFO - 162 - trainer - [117/190] Loss: 1.0605
2026/08/31 12:10:26 - __main__ - INFO - 162 - trainer - [156/190] Loss: 1.0707
2026/08/31 12:10:31 - __main__ - INFO - 167 - trainer - Average loss in epoch 264: 1.0597
2026/08/31 12:10:31 - __main__ - INFO - 117 - trainer - Epoch: 265
2026/08/31 12:10:31 - __main__ - INFO - 162 - trainer - [0/190] Loss: 1.0634
2026/08/31 12:10:37 - __main__ - INFO - 162 - trainer - [39/190] Loss: 1.0407
2026/08/31 12:10:42 - __main__ - INFO - 162 - trainer - [78/190] Loss: 1.0489
2026/08/31 12:10:48 - __main__ - INFO - 162 - trainer - [117/190] Loss: 1.0704
2026/08/31 12:10:54 - __main__ - INFO - 162 - trainer - [156/190] Loss: 1.0648
2026/08/31 12:10:58 - __main__ - INFO - 167 - trainer - Average loss in epoch 265: 1.0604
2026/08/31 12:10:58 - __main__ - INFO - 117 - trainer - Epoch: 266
2026/08/31 12:10:58 - __main__ - INFO - 162 - trainer - [0/190] Loss: 1.0609
2026/08/31 12:11:04 - __main__ - INFO - 162 - trainer - [39/190] Loss: 1.0631
2026/08/31 12:11:10 - __main__ - INFO - 162 - trainer - [78/190] Loss: 1.0666
2026/08/31 12:11:15 - __main__ - INFO - 162 - trainer - [117/190] Loss: 1.0601
2026/08/31 12:11:21 - __main__ - INFO - 162 - trainer - [156/190] Loss: 1.0550
2026/08/31 12:11:26 - __main__ - INFO - 167 - trainer - Average loss in epoch 266: 1.0599
2026/08/31 12:11:26 - __main__ - INFO - 117 - trainer - Epoch: 267
2026/08/31 12:11:26 - __main__ - INFO - 162 - trainer - [0/190] Loss: 1.0706
2026/08/31 12:11:32 - __main__ - INFO - 162 - trainer - [39/190] Loss: 1.0653
2026/08/31 12:11:37 - __main__ - INFO - 162 - trainer - [78/190] Loss: 1.0724
2026/08/31 12:11:43 - __main__ - INFO - 162 - trainer - [117/190] Loss: 1.0647
2026/08/31 12:11:48 - __main__ - INFO - 162 - trainer - [156/190] Loss: 1.0700
2026/08/31 12:11:53 - __main__ - INFO - 167 - trainer - Average loss in epoch 267: 1.0604
2026/08/31 12:11:53 - __main__ - INFO - 117 - trainer - Epoch: 268
2026/08/31 12:11:53 - __main__ - INFO - 162 - trainer - [0/190] Loss: 1.0501
2026/08/31 12:11:59 - __main__ - INFO - 162 - trainer - [39/190] Loss: 1.0588
2026/08/31 12:12:04 - __main__ - INFO - 162 - trainer - [78/190] Loss: 1.0423
2026/08/31 12:12:10 - __main__ - INFO - 162 - trainer - [117/190] Loss: 1.0750
2026/08/31 12:12:15 - __main__ - INFO - 162 - trainer - [156/190] Loss: 1.0624
2026/08/31 12:12:20 - __main__ - INFO - 167 - trainer - Average loss in epoch 268: 1.0598
2026/08/31 12:12:20 - __main__ - INFO - 117 - trainer - Epoch: 269
2026/08/31 12:12:20 - __main__ - INFO - 162 - trainer - [0/190] Loss: 1.0551
2026/08/31 12:12:26 - __main__ - INFO - 162 - trainer - [39/190] Loss: 1.0521
2026/08/31 12:12:31 - __main__ - INFO - 162 - trainer - [78/190] Loss: 1.0581
2026/08/31 12:12:37 - __main__ - INFO - 162 - trainer - [117/190] Loss: 1.0564
2026/08/31 12:12:42 - __main__ - INFO - 162 - trainer - [156/190] Loss: 1.0664
2026/08/31 12:12:47 - __main__ - INFO - 167 - trainer - Average loss in epoch 269: 1.0606
2026/08/31 12:12:47 - __main__ - INFO - 117 - trainer - Epoch: 270
2026/08/31 12:12:47 - __main__ - INFO - 162 - trainer - [0/190] Loss: 1.0570
2026/08/31 12:12:53 - __main__ - INFO - 162 - trainer - [39/190] Loss: 1.0643
2026/08/31 12:12:58 - __main__ - INFO - 162 - trainer - [78/190] Loss: 1.0530
2026/08/31 12:13:03 - __main__ - INFO - 162 - trainer - [117/190] Loss: 1.0663
2026/08/31 12:13:09 - __main__ - INFO - 162 - trainer - [156/190] Loss: 1.0628
2026/08/31 12:13:14 - __main__ - INFO - 167 - trainer - Average loss in epoch 270: 1.0607
2026/08/31 12:13:14 - __main__ - INFO - 117 - trainer - Epoch: 271
2026/08/31 12:13:14 - __main__ - INFO - 162 - trainer - [0/190] Loss: 1.0487
2026/08/31 12:13:19 - __main__ - INFO - 162 - trainer - [39/190] Loss: 1.0313
2026/08/31 12:13:25 - __main__ - INFO - 162 - trainer - [78/190] Loss: 1.0748
2026/08/31 12:13:30 - __main__ - INFO - 162 - trainer - [117/190] Loss: 1.0645
2026/08/31 12:13:36 - __main__ - INFO - 162 - trainer - [156/190] Loss: 1.0505
2026/08/31 12:13:41 - __main__ - INFO - 167 - trainer - Average loss in epoch 271: 1.0604
2026/08/31 12:13:41 - __main__ - INFO - 117 - trainer - Epoch: 272
2026/08/31 12:13:41 - __main__ - INFO - 162 - trainer - [0/190] Loss: 1.0421
2026/08/31 12:13:46 - __main__ - INFO - 162 - trainer - [39/190] Loss: 1.0504
2026/08/31 12:13:52 - __main__ - INFO - 162 - trainer - [78/190] Loss: 1.0578
2026/08/31 12:13:57 - __main__ - INFO - 162 - trainer - [117/190] Loss: 1.0735
2026/08/31 12:14:03 - __main__ - INFO - 162 - trainer - [156/190] Loss: 1.0539
2026/08/31 12:14:07 - __main__ - INFO - 167 - trainer - Average loss in epoch 272: 1.0603
2026/08/31 12:14:07 - __main__ - INFO - 117 - trainer - Epoch: 273
2026/08/31 12:14:08 - __main__ - INFO - 162 - trainer - [0/190] Loss: 1.0741
2026/08/31 12:14:13 - __main__ - INFO - 162 - trainer - [39/190] Loss: 1.0391
2026/08/31 12:14:19 - __main__ - INFO - 162 - trainer - [78/190] Loss: 1.0536
2026/08/31 12:14:24 - __main__ - INFO - 162 - trainer - [117/190] Loss: 1.0315
2026/08/31 12:14:30 - __main__ - INFO - 162 - trainer - [156/190] Loss: 1.0655
2026/08/31 12:14:34 - __main__ - INFO - 167 - trainer - Average loss in epoch 273: 1.0598
2026/08/31 12:14:34 - __main__ - INFO - 117 - trainer - Epoch: 274
2026/08/31 12:14:35 - __main__ - INFO - 162 - trainer - [0/190] Loss: 1.0565
2026/08/31 12:14:40 - __main__ - INFO - 162 - trainer - [39/190] Loss: 1.0718
2026/08/31 12:14:45 - __main__ - INFO - 162 - trainer - [78/190] Loss: 1.0719
2026/08/31 12:14:51 - __main__ - INFO - 162 - trainer - [117/190] Loss: 1.0581
2026/08/31 12:14:57 - __main__ - INFO - 162 - trainer - [156/190] Loss: 1.0840
2026/08/31 12:15:01 - __main__ - INFO - 167 - trainer - Average loss in epoch 274: 1.0601
2026/08/31 12:15:01 - __main__ - INFO - 117 - trainer - Epoch: 275
2026/08/31 12:15:01 - __main__ - INFO - 162 - trainer - [0/190] Loss: 1.0569
2026/08/31 12:15:07 - __main__ - INFO - 162 - trainer - [39/190] Loss: 1.0753
2026/08/31 12:15:12 - __main__ - INFO - 162 - trainer - [78/190] Loss: 1.0569
2026/08/31 12:15:18 - __main__ - INFO - 162 - trainer - [117/190] Loss: 1.0796
2026/08/31 12:15:23 - __main__ - INFO - 162 - trainer - [156/190] Loss: 1.0640
2026/08/31 12:15:28 - __main__ - INFO - 167 - trainer - Average loss in epoch 275: 1.0601
2026/08/31 12:15:28 - __main__ - INFO - 117 - trainer - Epoch: 276
2026/08/31 12:15:28 - __main__ - INFO - 162 - trainer - [0/190] Loss: 1.0612
2026/08/31 12:15:33 - __main__ - INFO - 162 - trainer - [39/190] Loss: 1.0591
2026/08/31 12:15:39 - __main__ - INFO - 162 - trainer - [78/190] Loss: 1.0527
2026/08/31 12:15:44 - __main__ - INFO - 162 - trainer - [117/190] Loss: 1.0710
2026/08/31 12:15:50 - __main__ - INFO - 162 - trainer - [156/190] Loss: 1.0475
2026/08/31 12:15:55 - __main__ - INFO - 167 - trainer - Average loss in epoch 276: 1.0596
2026/08/31 12:15:55 - __main__ - INFO - 117 - trainer - Epoch: 277
2026/08/31 12:15:55 - __main__ - INFO - 162 - trainer - [0/190] Loss: 1.0855
2026/08/31 12:16:00 - __main__ - INFO - 162 - trainer - [39/190] Loss: 1.0692
2026/08/31 12:16:06 - __main__ - INFO - 162 - trainer - [78/190] Loss: 1.0722
2026/08/31 12:16:11 - __main__ - INFO - 162 - trainer - [117/190] Loss: 1.0623
2026/08/31 12:16:17 - __main__ - INFO - 162 - trainer - [156/190] Loss: 1.0523
2026/08/31 12:16:22 - __main__ - INFO - 167 - trainer - Average loss in epoch 277: 1.0607
2026/08/31 12:16:22 - __main__ - INFO - 117 - trainer - Epoch: 278
2026/08/31 12:16:22 - __main__ - INFO - 162 - trainer - [0/190] Loss: 1.0649
2026/08/31 12:16:27 - __main__ - INFO - 162 - trainer - [39/190] Loss: 1.0708
2026/08/31 12:16:33 - __main__ - INFO - 162 - trainer - [78/190] Loss: 1.0561
2026/08/31 12:16:38 - __main__ - INFO - 162 - trainer - [117/190] Loss: 1.0507
2026/08/31 12:16:44 - __main__ - INFO - 162 - trainer - [156/190] Loss: 1.0542
2026/08/31 12:16:48 - __main__ - INFO - 167 - trainer - Average loss in epoch 278: 1.0600
2026/08/31 12:16:48 - __main__ - INFO - 117 - trainer - Epoch: 279
2026/08/31 12:16:48 - __main__ - INFO - 162 - trainer - [0/190] Loss: 1.0609
2026/08/31 12:16:54 - __main__ - INFO - 162 - trainer - [39/190] Loss: 1.0611
2026/08/31 12:17:00 - __main__ - INFO - 162 - trainer - [78/190] Loss: 1.0520
2026/08/31 12:17:05 - __main__ - INFO - 162 - trainer - [117/190] Loss: 1.0564
2026/08/31 12:17:11 - __main__ - INFO - 162 - trainer - [156/190] Loss: 1.0649
2026/08/31 12:17:15 - __main__ - INFO - 167 - trainer - Average loss in epoch 279: 1.0599
2026/08/31 12:17:15 - __main__ - INFO - 117 - trainer - Epoch: 280
2026/08/31 12:17:15 - __main__ - INFO - 162 - trainer - [0/190] Loss: 1.0353
2026/08/31 12:17:21 - __main__ - INFO - 162 - trainer - [39/190] Loss: 1.0378
2026/08/31 12:17:26 - __main__ - INFO - 162 - trainer - [78/190] Loss: 1.0548
2026/08/31 12:17:32 - __main__ - INFO - 162 - trainer - [117/190] Loss: 1.0748
2026/08/31 12:17:38 - __main__ - INFO - 162 - trainer - [156/190] Loss: 1.0754
2026/08/31 12:17:42 - __main__ - INFO - 167 - trainer - Average loss in epoch 280: 1.0598
2026/08/31 12:17:42 - __main__ - INFO - 173 - trainer - start predicting: 2026-08-31 12:17:42.761758
2026/08/31 12:17:45 - __main__ - INFO - 117 - trainer - Epoch: 281
2026/08/31 12:17:45 - __main__ - INFO - 162 - trainer - [0/190] Loss: 1.0792
2026/08/31 12:17:50 - __main__ - INFO - 162 - trainer - [39/190] Loss: 1.0676
2026/08/31 12:17:55 - __main__ - INFO - 162 - trainer - [78/190] Loss: 1.0664
2026/08/31 12:18:00 - __main__ - INFO - 162 - trainer - [117/190] Loss: 1.0493
2026/08/31 12:18:05 - __main__ - INFO - 162 - trainer - [156/190] Loss: 1.0702
2026/08/31 12:18:09 - __main__ - INFO - 167 - trainer - Average loss in epoch 281: 1.0600
2026/08/31 12:18:09 - __main__ - INFO - 117 - trainer - Epoch: 282
2026/08/31 12:18:10 - __main__ - INFO - 162 - trainer - [0/190] Loss: 1.0728
2026/08/31 12:18:15 - __main__ - INFO - 162 - trainer - [39/190] Loss: 1.0646
2026/08/31 12:18:20 - __main__ - INFO - 162 - trainer - [78/190] Loss: 1.0511
2026/08/31 12:18:25 - __main__ - INFO - 162 - trainer - [117/190] Loss: 1.0586
2026/08/31 12:18:30 - __main__ - INFO - 162 - trainer - [156/190] Loss: 1.0751
2026/08/31 12:18:34 - __main__ - INFO - 167 - trainer - Average loss in epoch 282: 1.0601
2026/08/31 12:18:34 - __main__ - INFO - 117 - trainer - Epoch: 283
2026/08/31 12:18:34 - __main__ - INFO - 162 - trainer - [0/190] Loss: 1.0788
2026/08/31 12:18:40 - __main__ - INFO - 162 - trainer - [39/190] Loss: 1.0602
2026/08/31 12:18:45 - __main__ - INFO - 162 - trainer - [78/190] Loss: 1.0630
2026/08/31 12:18:50 - __main__ - INFO - 162 - trainer - [117/190] Loss: 1.0616
2026/08/31 12:18:55 - __main__ - INFO - 162 - trainer - [156/190] Loss: 1.0589
2026/08/31 12:19:00 - __main__ - INFO - 167 - trainer - Average loss in epoch 283: 1.0606
2026/08/31 12:19:00 - __main__ - INFO - 117 - trainer - Epoch: 284
2026/08/31 12:19:00 - __main__ - INFO - 162 - trainer - [0/190] Loss: 1.0553
2026/08/31 12:19:05 - __main__ - INFO - 162 - trainer - [39/190] Loss: 1.0712
2026/08/31 12:19:10 - __main__ - INFO - 162 - trainer - [78/190] Loss: 1.0414
2026/08/31 12:19:15 - __main__ - INFO - 162 - trainer - [117/190] Loss: 1.0592
2026/08/31 12:19:20 - __main__ - INFO - 162 - trainer - [156/190] Loss: 1.0509
2026/08/31 12:19:25 - __main__ - INFO - 167 - trainer - Average loss in epoch 284: 1.0596
2026/08/31 12:19:25 - __main__ - INFO - 117 - trainer - Epoch: 285
2026/08/31 12:19:25 - __main__ - INFO - 162 - trainer - [0/190] Loss: 1.0582
2026/08/31 12:19:30 - __main__ - INFO - 162 - trainer - [39/190] Loss: 1.0546
2026/08/31 12:19:35 - __main__ - INFO - 162 - trainer - [78/190] Loss: 1.0546
2026/08/31 12:19:40 - __main__ - INFO - 162 - trainer - [117/190] Loss: 1.0548
2026/08/31 12:19:46 - __main__ - INFO - 162 - trainer - [156/190] Loss: 1.0555
2026/08/31 12:19:50 - __main__ - INFO - 167 - trainer - Average loss in epoch 285: 1.0602
2026/08/31 12:19:50 - __main__ - INFO - 117 - trainer - Epoch: 286
2026/08/31 12:19:50 - __main__ - INFO - 162 - trainer - [0/190] Loss: 1.0529
2026/08/31 12:19:55 - __main__ - INFO - 162 - trainer - [39/190] Loss: 1.0585
2026/08/31 12:20:00 - __main__ - INFO - 162 - trainer - [78/190] Loss: 1.0514
2026/08/31 12:20:05 - __main__ - INFO - 162 - trainer - [117/190] Loss: 1.0632
2026/08/31 12:20:10 - __main__ - INFO - 162 - trainer - [156/190] Loss: 1.0375
2026/08/31 12:20:15 - __main__ - INFO - 167 - trainer - Average loss in epoch 286: 1.0600
2026/08/31 12:20:15 - __main__ - INFO - 117 - trainer - Epoch: 287
2026/08/31 12:20:15 - __main__ - INFO - 162 - trainer - [0/190] Loss: 1.0631
2026/08/31 12:20:20 - __main__ - INFO - 162 - trainer - [39/190] Loss: 1.0600
2026/08/31 12:20:25 - __main__ - INFO - 162 - trainer - [78/190] Loss: 1.0595
2026/08/31 12:20:30 - __main__ - INFO - 162 - trainer - [117/190] Loss: 1.0692
2026/08/31 12:20:36 - __main__ - INFO - 162 - trainer - [156/190] Loss: 1.0790
2026/08/31 12:20:40 - __main__ - INFO - 167 - trainer - Average loss in epoch 287: 1.0597
2026/08/31 12:20:40 - __main__ - INFO - 117 - trainer - Epoch: 288
2026/08/31 12:20:40 - __main__ - INFO - 162 - trainer - [0/190] Loss: 1.0653
2026/08/31 12:20:45 - __main__ - INFO - 162 - trainer - [39/190] Loss: 1.0496
2026/08/31 12:20:50 - __main__ - INFO - 162 - trainer - [78/190] Loss: 1.0773
2026/08/31 12:20:56 - __main__ - INFO - 162 - trainer - [117/190] Loss: 1.0539
2026/08/31 12:21:01 - __main__ - INFO - 162 - trainer - [156/190] Loss: 1.0772
2026/08/31 12:21:05 - __main__ - INFO - 167 - trainer - Average loss in epoch 288: 1.0601
2026/08/31 12:21:05 - __main__ - INFO - 117 - trainer - Epoch: 289
2026/08/31 12:21:05 - __main__ - INFO - 162 - trainer - [0/190] Loss: 1.0724
2026/08/31 12:21:11 - __main__ - INFO - 162 - trainer - [39/190] Loss: 1.0357
2026/08/31 12:21:16 - __main__ - INFO - 162 - trainer - [78/190] Loss: 1.0672
2026/08/31 12:21:21 - __main__ - INFO - 162 - trainer - [117/190] Loss: 1.0584
2026/08/31 12:21:26 - __main__ - INFO - 162 - trainer - [156/190] Loss: 1.0571
2026/08/31 12:21:31 - __main__ - INFO - 167 - trainer - Average loss in epoch 289: 1.0600
2026/08/31 12:21:31 - __main__ - INFO - 117 - trainer - Epoch: 290
2026/08/31 12:21:31 - __main__ - INFO - 162 - trainer - [0/190] Loss: 1.0686
2026/08/31 12:21:36 - __main__ - INFO - 162 - trainer - [39/190] Loss: 1.0823
2026/08/31 12:21:41 - __main__ - INFO - 162 - trainer - [78/190] Loss: 1.0508
2026/08/31 12:21:46 - __main__ - INFO - 162 - trainer - [117/190] Loss: 1.0650
2026/08/31 12:21:51 - __main__ - INFO - 162 - trainer - [156/190] Loss: 1.0504
2026/08/31 12:21:55 - __main__ - INFO - 167 - trainer - Average loss in epoch 290: 1.0601
2026/08/31 12:21:55 - __main__ - INFO - 117 - trainer - Epoch: 291
2026/08/31 12:21:56 - __main__ - INFO - 162 - trainer - [0/190] Loss: 1.0492
2026/08/31 12:22:01 - __main__ - INFO - 162 - trainer - [39/190] Loss: 1.0614
2026/08/31 12:22:06 - __main__ - INFO - 162 - trainer - [78/190] Loss: 1.0712
2026/08/31 12:22:11 - __main__ - INFO - 162 - trainer - [117/190] Loss: 1.0781
2026/08/31 12:22:16 - __main__ - INFO - 162 - trainer - [156/190] Loss: 1.0695
2026/08/31 12:22:21 - __main__ - INFO - 167 - trainer - Average loss in epoch 291: 1.0599
2026/08/31 12:22:21 - __main__ - INFO - 117 - trainer - Epoch: 292
2026/08/31 12:22:21 - __main__ - INFO - 162 - trainer - [0/190] Loss: 1.0645
2026/08/31 12:22:26 - __main__ - INFO - 162 - trainer - [39/190] Loss: 1.0704
2026/08/31 12:22:31 - __main__ - INFO - 162 - trainer - [78/190] Loss: 1.0694
2026/08/31 12:22:36 - __main__ - INFO - 162 - trainer - [117/190] Loss: 1.0937
2026/08/31 12:22:41 - __main__ - INFO - 162 - trainer - [156/190] Loss: 1.0614
2026/08/31 12:22:45 - __main__ - INFO - 167 - trainer - Average loss in epoch 292: 1.0601
2026/08/31 12:22:45 - __main__ - INFO - 117 - trainer - Epoch: 293
2026/08/31 12:22:45 - __main__ - INFO - 162 - trainer - [0/190] Loss: 1.0557
2026/08/31 12:22:51 - __main__ - INFO - 162 - trainer - [39/190] Loss: 1.0705
2026/08/31 12:22:56 - __main__ - INFO - 162 - trainer - [78/190] Loss: 1.0569
2026/08/31 12:23:01 - __main__ - INFO - 162 - trainer - [117/190] Loss: 1.0841
2026/08/31 12:23:07 - __main__ - INFO - 162 - trainer - [156/190] Loss: 1.0877
2026/08/31 12:23:11 - __main__ - INFO - 167 - trainer - Average loss in epoch 293: 1.0589
2026/08/31 12:23:11 - __main__ - INFO - 117 - trainer - Epoch: 294
2026/08/31 12:23:11 - __main__ - INFO - 162 - trainer - [0/190] Loss: 1.0688
2026/08/31 12:23:17 - __main__ - INFO - 162 - trainer - [39/190] Loss: 1.0569
2026/08/31 12:23:22 - __main__ - INFO - 162 - trainer - [78/190] Loss: 1.0314
2026/08/31 12:23:27 - __main__ - INFO - 162 - trainer - [117/190] Loss: 1.0545
2026/08/31 12:23:33 - __main__ - INFO - 162 - trainer - [156/190] Loss: 1.0482
2026/08/31 12:23:37 - __main__ - INFO - 167 - trainer - Average loss in epoch 294: 1.0599
2026/08/31 12:23:37 - __main__ - INFO - 117 - trainer - Epoch: 295
2026/08/31 12:23:37 - __main__ - INFO - 162 - trainer - [0/190] Loss: 1.0665
2026/08/31 12:23:42 - __main__ - INFO - 162 - trainer - [39/190] Loss: 1.0774
2026/08/31 12:23:47 - __main__ - INFO - 162 - trainer - [78/190] Loss: 1.0971
2026/08/31 12:23:52 - __main__ - INFO - 162 - trainer - [117/190] Loss: 1.0736
2026/08/31 12:23:57 - __main__ - INFO - 162 - trainer - [156/190] Loss: 1.0726
2026/08/31 12:24:01 - __main__ - INFO - 167 - trainer - Average loss in epoch 295: 1.0600
2026/08/31 12:24:01 - __main__ - INFO - 117 - trainer - Epoch: 296
2026/08/31 12:24:02 - __main__ - INFO - 162 - trainer - [0/190] Loss: 1.0674
2026/08/31 12:24:07 - __main__ - INFO - 162 - trainer - [39/190] Loss: 1.0742
2026/08/31 12:24:12 - __main__ - INFO - 162 - trainer - [78/190] Loss: 1.0865
2026/08/31 12:24:17 - __main__ - INFO - 162 - trainer - [117/190] Loss: 1.0577
2026/08/31 12:24:23 - __main__ - INFO - 162 - trainer - [156/190] Loss: 1.0350
2026/08/31 12:24:27 - __main__ - INFO - 167 - trainer - Average loss in epoch 296: 1.0599
2026/08/31 12:24:27 - __main__ - INFO - 117 - trainer - Epoch: 297
2026/08/31 12:24:27 - __main__ - INFO - 162 - trainer - [0/190] Loss: 1.0521
2026/08/31 12:24:32 - __main__ - INFO - 162 - trainer - [39/190] Loss: 1.0530
2026/08/31 12:24:37 - __main__ - INFO - 162 - trainer - [78/190] Loss: 1.0651
2026/08/31 12:24:43 - __main__ - INFO - 162 - trainer - [117/190] Loss: 1.0621
2026/08/31 12:24:48 - __main__ - INFO - 162 - trainer - [156/190] Loss: 1.0668
2026/08/31 12:24:52 - __main__ - INFO - 167 - trainer - Average loss in epoch 297: 1.0600
2026/08/31 12:24:52 - __main__ - INFO - 117 - trainer - Epoch: 298
2026/08/31 12:24:52 - __main__ - INFO - 162 - trainer - [0/190] Loss: 1.0633
2026/08/31 12:24:57 - __main__ - INFO - 162 - trainer - [39/190] Loss: 1.0449
2026/08/31 12:25:03 - __main__ - INFO - 162 - trainer - [78/190] Loss: 1.0812
2026/08/31 12:25:08 - __main__ - INFO - 162 - trainer - [117/190] Loss: 1.0534
2026/08/31 12:25:13 - __main__ - INFO - 162 - trainer - [156/190] Loss: 1.0852
2026/08/31 12:25:17 - __main__ - INFO - 167 - trainer - Average loss in epoch 298: 1.0604
2026/08/31 12:25:17 - __main__ - INFO - 117 - trainer - Epoch: 299
2026/08/31 12:25:17 - __main__ - INFO - 162 - trainer - [0/190] Loss: 1.0547
2026/08/31 12:25:23 - __main__ - INFO - 162 - trainer - [39/190] Loss: 1.0504
2026/08/31 12:25:28 - __main__ - INFO - 162 - trainer - [78/190] Loss: 1.0690
2026/08/31 12:25:33 - __main__ - INFO - 162 - trainer - [117/190] Loss: 1.0503
2026/08/31 12:25:38 - __main__ - INFO - 162 - trainer - [156/190] Loss: 1.0513
2026/08/31 12:25:42 - __main__ - INFO - 167 - trainer - Average loss in epoch 299: 1.0598
2026/08/31 12:25:42 - __main__ - INFO - 117 - trainer - Epoch: 300
2026/08/31 12:25:43 - __main__ - INFO - 162 - trainer - [0/190] Loss: 1.0717
2026/08/31 12:25:48 - __main__ - INFO - 162 - trainer - [39/190] Loss: 1.0767
2026/08/31 12:25:53 - __main__ - INFO - 162 - trainer - [78/190] Loss: 1.0627
2026/08/31 12:25:58 - __main__ - INFO - 162 - trainer - [117/190] Loss: 1.0438
2026/08/31 12:26:03 - __main__ - INFO - 162 - trainer - [156/190] Loss: 1.0680
2026/08/31 12:26:07 - __main__ - INFO - 167 - trainer - Average loss in epoch 300: 1.0591
2026/08/31 12:26:07 - __main__ - INFO - 173 - trainer - start predicting: 2026-08-31 12:26:07.885478
2026/08/31 12:26:10 - __main__ - INFO - 203 - trainer - {'Best_HR@5': np.float64(10.5489), 'Best_HR@10': np.float64(16.7753), 'Best_HR@20': np.float64(27.9227), 'Best_NDCG@5': np.float64(6.108), 'Best_NDCG@10': np.float64(8.1163), 'Best_NDCG@20': np.float64(10.8461)}
2026/08/31 12:26:10 - __main__ - INFO - 204 - trainer - {'Best_epoch_HR@5': 180, 'Best_epoch_HR@10': 180, 'Best_epoch_HR@20': 300, 'Best_epoch_NDCG@5': 180, 'Best_epoch_NDCG@10': 180, 'Best_epoch_NDCG@20': 300}
2026/08/31 12:26:10 - __main__ - INFO - 117 - trainer - Epoch: 301
2026/08/31 12:26:10 - __main__ - INFO - 162 - trainer - [0/190] Loss: 1.0615
2026/08/31 12:26:15 - __main__ - INFO - 162 - trainer - [39/190] Loss: 1.0726
2026/08/31 12:26:21 - __main__ - INFO - 162 - trainer - [78/190] Loss: 1.0666
2026/08/31 12:26:27 - __main__ - INFO - 162 - trainer - [117/190] Loss: 1.0610
2026/08/31 12:26:32 - __main__ - INFO - 162 - trainer - [156/190] Loss: 1.0542
2026/08/31 12:26:37 - __main__ - INFO - 167 - trainer - Average loss in epoch 301: 1.0595
2026/08/31 12:26:37 - __main__ - INFO - 117 - trainer - Epoch: 302
2026/08/31 12:26:37 - __main__ - INFO - 162 - trainer - [0/190] Loss: 1.0479
2026/08/31 12:26:42 - __main__ - INFO - 162 - trainer - [39/190] Loss: 1.0598
2026/08/31 12:26:47 - __main__ - INFO - 162 - trainer - [78/190] Loss: 1.0467
2026/08/31 12:26:52 - __main__ - INFO - 162 - trainer - [117/190] Loss: 1.0799
2026/08/31 12:26:57 - __main__ - INFO - 162 - trainer - [156/190] Loss: 1.0606
2026/08/31 12:27:01 - __main__ - INFO - 167 - trainer - Average loss in epoch 302: 1.0593
2026/08/31 12:27:01 - __main__ - INFO - 117 - trainer - Epoch: 303
2026/08/31 12:27:01 - __main__ - INFO - 162 - trainer - [0/190] Loss: 1.0468
2026/08/31 12:27:07 - __main__ - INFO - 162 - trainer - [39/190] Loss: 1.0475
2026/08/31 12:27:13 - __main__ - INFO - 162 - trainer - [78/190] Loss: 1.0448
2026/08/31 12:27:18 - __main__ - INFO - 162 - trainer - [117/190] Loss: 1.0701
2026/08/31 12:27:24 - __main__ - INFO - 162 - trainer - [156/190] Loss: 1.0827
2026/08/31 12:27:28 - __main__ - INFO - 167 - trainer - Average loss in epoch 303: 1.0592
2026/08/31 12:27:28 - __main__ - INFO - 117 - trainer - Epoch: 304
2026/08/31 12:27:29 - __main__ - INFO - 162 - trainer - [0/190] Loss: 1.0759
2026/08/31 12:27:34 - __main__ - INFO - 162 - trainer - [39/190] Loss: 1.0332
2026/08/31 12:27:40 - __main__ - INFO - 162 - trainer - [78/190] Loss: 1.0668
2026/08/31 12:27:45 - __main__ - INFO - 162 - trainer - [117/190] Loss: 1.0611
2026/08/31 12:27:50 - __main__ - INFO - 162 - trainer - [156/190] Loss: 1.0635
2026/08/31 12:27:55 - __main__ - INFO - 167 - trainer - Average loss in epoch 304: 1.0592
2026/08/31 12:27:55 - __main__ - INFO - 117 - trainer - Epoch: 305
2026/08/31 12:27:55 - __main__ - INFO - 162 - trainer - [0/190] Loss: 1.0564
2026/08/31 12:28:01 - __main__ - INFO - 162 - trainer - [39/190] Loss: 1.0557
2026/08/31 12:28:06 - __main__ - INFO - 162 - trainer - [78/190] Loss: 1.0427
2026/08/31 12:28:12 - __main__ - INFO - 162 - trainer - [117/190] Loss: 1.0495
2026/08/31 12:28:17 - __main__ - INFO - 162 - trainer - [156/190] Loss: 1.0657
2026/08/31 12:28:22 - __main__ - INFO - 167 - trainer - Average loss in epoch 305: 1.0592
2026/08/31 12:28:22 - __main__ - INFO - 117 - trainer - Epoch: 306
2026/08/31 12:28:22 - __main__ - INFO - 162 - trainer - [0/190] Loss: 1.0565
2026/08/31 12:28:27 - __main__ - INFO - 162 - trainer - [39/190] Loss: 1.0556
2026/08/31 12:28:32 - __main__ - INFO - 162 - trainer - [78/190] Loss: 1.0528
2026/08/31 12:28:37 - __main__ - INFO - 162 - trainer - [117/190] Loss: 1.0616
2026/08/31 12:28:42 - __main__ - INFO - 162 - trainer - [156/190] Loss: 1.0766
2026/08/31 12:28:46 - __main__ - INFO - 167 - trainer - Average loss in epoch 306: 1.0595
2026/08/31 12:28:46 - __main__ - INFO - 117 - trainer - Epoch: 307
2026/08/31 12:28:46 - __main__ - INFO - 162 - trainer - [0/190] Loss: 1.0400
2026/08/31 12:28:52 - __main__ - INFO - 162 - trainer - [39/190] Loss: 1.0559
2026/08/31 12:28:57 - __main__ - INFO - 162 - trainer - [78/190] Loss: 1.0440
2026/08/31 12:29:03 - __main__ - INFO - 162 - trainer - [117/190] Loss: 1.0734
2026/08/31 12:29:08 - __main__ - INFO - 162 - trainer - [156/190] Loss: 1.0515
2026/08/31 12:29:13 - __main__ - INFO - 167 - trainer - Average loss in epoch 307: 1.0597
2026/08/31 12:29:13 - __main__ - INFO - 117 - trainer - Epoch: 308
2026/08/31 12:29:13 - __main__ - INFO - 162 - trainer - [0/190] Loss: 1.0921
2026/08/31 12:29:19 - __main__ - INFO - 162 - trainer - [39/190] Loss: 1.0541
2026/08/31 12:29:24 - __main__ - INFO - 162 - trainer - [78/190] Loss: 1.0796
2026/08/31 12:29:30 - __main__ - INFO - 162 - trainer - [117/190] Loss: 1.0759
2026/08/31 12:29:35 - __main__ - INFO - 162 - trainer - [156/190] Loss: 1.0567
2026/08/31 12:29:40 - __main__ - INFO - 167 - trainer - Average loss in epoch 308: 1.0592
2026/08/31 12:29:40 - __main__ - INFO - 117 - trainer - Epoch: 309
2026/08/31 12:29:40 - __main__ - INFO - 162 - trainer - [0/190] Loss: 1.0594
2026/08/31 12:29:46 - __main__ - INFO - 162 - trainer - [39/190] Loss: 1.0537
2026/08/31 12:29:51 - __main__ - INFO - 162 - trainer - [78/190] Loss: 1.0822
2026/08/31 12:29:57 - __main__ - INFO - 162 - trainer - [117/190] Loss: 1.0852
2026/08/31 12:30:02 - __main__ - INFO - 162 - trainer - [156/190] Loss: 1.0511
2026/08/31 12:30:07 - __main__ - INFO - 167 - trainer - Average loss in epoch 309: 1.0591
2026/08/31 12:30:07 - __main__ - INFO - 117 - trainer - Epoch: 310
2026/08/31 12:30:07 - __main__ - INFO - 162 - trainer - [0/190] Loss: 1.0613
2026/08/31 12:30:12 - __main__ - INFO - 162 - trainer - [39/190] Loss: 1.0724
2026/08/31 12:30:17 - __main__ - INFO - 162 - trainer - [78/190] Loss: 1.0599
2026/08/31 12:30:22 - __main__ - INFO - 162 - trainer - [117/190] Loss: 1.0897
2026/08/31 12:30:27 - __main__ - INFO - 162 - trainer - [156/190] Loss: 1.0664
2026/08/31 12:30:31 - __main__ - INFO - 167 - trainer - Average loss in epoch 310: 1.0595
2026/08/31 12:30:31 - __main__ - INFO - 117 - trainer - Epoch: 311
2026/08/31 12:30:32 - __main__ - INFO - 162 - trainer - [0/190] Loss: 1.0520
2026/08/31 12:30:37 - __main__ - INFO - 162 - trainer - [39/190] Loss: 1.0610
2026/08/31 12:30:43 - __main__ - INFO - 162 - trainer - [78/190] Loss: 1.0496
2026/08/31 12:30:48 - __main__ - INFO - 162 - trainer - [117/190] Loss: 1.0699
2026/08/31 12:30:53 - __main__ - INFO - 162 - trainer - [156/190] Loss: 1.0498
2026/08/31 12:30:58 - __main__ - INFO - 167 - trainer - Average loss in epoch 311: 1.0596
2026/08/31 12:30:58 - __main__ - INFO - 117 - trainer - Epoch: 312
2026/08/31 12:30:58 - __main__ - INFO - 162 - trainer - [0/190] Loss: 1.0846
2026/08/31 12:31:04 - __main__ - INFO - 162 - trainer - [39/190] Loss: 1.0662
2026/08/31 12:31:09 - __main__ - INFO - 162 - trainer - [78/190] Loss: 1.0527
2026/08/31 12:31:15 - __main__ - INFO - 162 - trainer - [117/190] Loss: 1.0917
2026/08/31 12:31:20 - __main__ - INFO - 162 - trainer - [156/190] Loss: 1.0622
2026/08/31 12:31:25 - __main__ - INFO - 167 - trainer - Average loss in epoch 312: 1.0588
2026/08/31 12:31:25 - __main__ - INFO - 117 - trainer - Epoch: 313
2026/08/31 12:31:25 - __main__ - INFO - 162 - trainer - [0/190] Loss: 1.0415
2026/08/31 12:31:31 - __main__ - INFO - 162 - trainer - [39/190] Loss: 1.0610
2026/08/31 12:31:36 - __main__ - INFO - 162 - trainer - [78/190] Loss: 1.0650
2026/08/31 12:31:42 - __main__ - INFO - 162 - trainer - [117/190] Loss: 1.0619
2026/08/31 12:31:47 - __main__ - INFO - 162 - trainer - [156/190] Loss: 1.0501
2026/08/31 12:31:52 - __main__ - INFO - 167 - trainer - Average loss in epoch 313: 1.0591
2026/08/31 12:31:52 - __main__ - INFO - 117 - trainer - Epoch: 314
2026/08/31 12:31:52 - __main__ - INFO - 162 - trainer - [0/190] Loss: 1.0529
2026/08/31 12:31:57 - __main__ - INFO - 162 - trainer - [39/190] Loss: 1.0620
2026/08/31 12:32:02 - __main__ - INFO - 162 - trainer - [78/190] Loss: 1.0793
2026/08/31 12:32:07 - __main__ - INFO - 162 - trainer - [117/190] Loss: 1.0285
2026/08/31 12:32:12 - __main__ - INFO - 162 - trainer - [156/190] Loss: 1.0701
2026/08/31 12:32:17 - __main__ - INFO - 167 - trainer - Average loss in epoch 314: 1.0597
2026/08/31 12:32:17 - __main__ - INFO - 117 - trainer - Epoch: 315
2026/08/31 12:32:17 - __main__ - INFO - 162 - trainer - [0/190] Loss: 1.0693
2026/08/31 12:32:22 - __main__ - INFO - 162 - trainer - [39/190] Loss: 1.0371
2026/08/31 12:32:28 - __main__ - INFO - 162 - trainer - [78/190] Loss: 1.0292
2026/08/31 12:32:33 - __main__ - INFO - 162 - trainer - [117/190] Loss: 1.0713
2026/08/31 12:32:39 - __main__ - INFO - 162 - trainer - [156/190] Loss: 1.0675
2026/08/31 12:32:44 - __main__ - INFO - 167 - trainer - Average loss in epoch 315: 1.0594
2026/08/31 12:32:44 - __main__ - INFO - 117 - trainer - Epoch: 316
2026/08/31 12:32:44 - __main__ - INFO - 162 - trainer - [0/190] Loss: 1.0647
2026/08/31 12:32:49 - __main__ - INFO - 162 - trainer - [39/190] Loss: 1.0550
2026/08/31 12:32:55 - __main__ - INFO - 162 - trainer - [78/190] Loss: 1.0629
2026/08/31 12:33:00 - __main__ - INFO - 162 - trainer - [117/190] Loss: 1.0537
2026/08/31 12:33:06 - __main__ - INFO - 162 - trainer - [156/190] Loss: 1.0266
2026/08/31 12:33:11 - __main__ - INFO - 167 - trainer - Average loss in epoch 316: 1.0599
2026/08/31 12:33:11 - __main__ - INFO - 117 - trainer - Epoch: 317
2026/08/31 12:33:11 - __main__ - INFO - 162 - trainer - [0/190] Loss: 1.0658
2026/08/31 12:33:16 - __main__ - INFO - 162 - trainer - [39/190] Loss: 1.0339
2026/08/31 12:33:22 - __main__ - INFO - 162 - trainer - [78/190] Loss: 1.0647
2026/08/31 12:33:27 - __main__ - INFO - 162 - trainer - [117/190] Loss: 1.0564
2026/08/31 12:33:32 - __main__ - INFO - 162 - trainer - [156/190] Loss: 1.0571
2026/08/31 12:33:37 - __main__ - INFO - 167 - trainer - Average loss in epoch 317: 1.0600
2026/08/31 12:33:37 - __main__ - INFO - 117 - trainer - Epoch: 318
2026/08/31 12:33:37 - __main__ - INFO - 162 - trainer - [0/190] Loss: 1.0725
2026/08/31 12:33:43 - __main__ - INFO - 162 - trainer - [39/190] Loss: 1.0570
2026/08/31 12:33:48 - __main__ - INFO - 162 - trainer - [78/190] Loss: 1.0541
2026/08/31 12:33:54 - __main__ - INFO - 162 - trainer - [117/190] Loss: 1.0629
2026/08/31 12:33:59 - __main__ - INFO - 162 - trainer - [156/190] Loss: 1.0543
2026/08/31 12:34:04 - __main__ - INFO - 167 - trainer - Average loss in epoch 318: 1.0594
2026/08/31 12:34:04 - __main__ - INFO - 117 - trainer - Epoch: 319
2026/08/31 12:34:04 - __main__ - INFO - 162 - trainer - [0/190] Loss: 1.0503
2026/08/31 12:34:10 - __main__ - INFO - 162 - trainer - [39/190] Loss: 1.0750
2026/08/31 12:34:15 - __main__ - INFO - 162 - trainer - [78/190] Loss: 1.0776
2026/08/31 12:34:21 - __main__ - INFO - 162 - trainer - [117/190] Loss: 1.0509
2026/08/31 12:34:26 - __main__ - INFO - 162 - trainer - [156/190] Loss: 1.0878
2026/08/31 12:34:31 - __main__ - INFO - 167 - trainer - Average loss in epoch 319: 1.0597
2026/08/31 12:34:31 - __main__ - INFO - 117 - trainer - Epoch: 320
2026/08/31 12:34:31 - __main__ - INFO - 162 - trainer - [0/190] Loss: 1.0481
2026/08/31 12:34:37 - __main__ - INFO - 162 - trainer - [39/190] Loss: 1.0365
2026/08/31 12:34:42 - __main__ - INFO - 162 - trainer - [78/190] Loss: 1.0619
2026/08/31 12:34:48 - __main__ - INFO - 162 - trainer - [117/190] Loss: 1.0815
2026/08/31 12:34:53 - __main__ - INFO - 162 - trainer - [156/190] Loss: 1.0491
2026/08/31 12:34:58 - __main__ - INFO - 167 - trainer - Average loss in epoch 320: 1.0596
2026/08/31 12:34:58 - __main__ - INFO - 173 - trainer - start predicting: 2026-08-31 12:34:58.184839
2026/08/31 12:35:00 - __main__ - INFO - 203 - trainer - {'Best_HR@5': np.float64(10.5489), 'Best_HR@10': np.float64(16.7753), 'Best_HR@20': np.float64(28.0203), 'Best_NDCG@5': np.float64(6.108), 'Best_NDCG@10': np.float64(8.1163), 'Best_NDCG@20': np.float64(10.855)}
2026/08/31 12:35:00 - __main__ - INFO - 204 - trainer - {'Best_epoch_HR@5': 180, 'Best_epoch_HR@10': 180, 'Best_epoch_HR@20': 320, 'Best_epoch_NDCG@5': 180, 'Best_epoch_NDCG@10': 180, 'Best_epoch_NDCG@20': 320}
2026/08/31 12:35:00 - __main__ - INFO - 117 - trainer - Epoch: 321
2026/08/31 12:35:00 - __main__ - INFO - 162 - trainer - [0/190] Loss: 1.0797
2026/08/31 12:35:06 - __main__ - INFO - 162 - trainer - [39/190] Loss: 1.0566
2026/08/31 12:35:12 - __main__ - INFO - 162 - trainer - [78/190] Loss: 1.0513
2026/08/31 12:35:17 - __main__ - INFO - 162 - trainer - [117/190] Loss: 1.0456
2026/08/31 12:35:23 - __main__ - INFO - 162 - trainer - [156/190] Loss: 1.0495
2026/08/31 12:35:27 - __main__ - INFO - 167 - trainer - Average loss in epoch 321: 1.0593
2026/08/31 12:35:27 - __main__ - INFO - 117 - trainer - Epoch: 322
2026/08/31 12:35:27 - __main__ - INFO - 162 - trainer - [0/190] Loss: 1.0681
2026/08/31 12:35:32 - __main__ - INFO - 162 - trainer - [39/190] Loss: 1.0661
2026/08/31 12:35:37 - __main__ - INFO - 162 - trainer - [78/190] Loss: 1.0374
2026/08/31 12:35:42 - __main__ - INFO - 162 - trainer - [117/190] Loss: 1.0703
2026/08/31 12:35:47 - __main__ - INFO - 162 - trainer - [156/190] Loss: 1.0492
2026/08/31 12:35:52 - __main__ - INFO - 167 - trainer - Average loss in epoch 322: 1.0597
2026/08/31 12:35:52 - __main__ - INFO - 117 - trainer - Epoch: 323
2026/08/31 12:35:52 - __main__ - INFO - 162 - trainer - [0/190] Loss: 1.0683
2026/08/31 12:35:57 - __main__ - INFO - 162 - trainer - [39/190] Loss: 1.0576
2026/08/31 12:36:03 - __main__ - INFO - 162 - trainer - [78/190] Loss: 1.0740
2026/08/31 12:36:08 - __main__ - INFO - 162 - trainer - [117/190] Loss: 1.0599
2026/08/31 12:36:14 - __main__ - INFO - 162 - trainer - [156/190] Loss: 1.0668
2026/08/31 12:36:19 - __main__ - INFO - 167 - trainer - Average loss in epoch 323: 1.0599
2026/08/31 12:36:19 - __main__ - INFO - 117 - trainer - Epoch: 324
2026/08/31 12:36:19 - __main__ - INFO - 162 - trainer - [0/190] Loss: 1.0583
2026/08/31 12:36:24 - __main__ - INFO - 162 - trainer - [39/190] Loss: 1.0413
2026/08/31 12:36:29 - __main__ - INFO - 162 - trainer - [78/190] Loss: 1.0825
2026/08/31 12:36:34 - __main__ - INFO - 162 - trainer - [117/190] Loss: 1.0362
2026/08/31 12:36:39 - __main__ - INFO - 162 - trainer - [156/190] Loss: 1.0732
2026/08/31 12:36:43 - __main__ - INFO - 167 - trainer - Average loss in epoch 324: 1.0601
2026/08/31 12:36:43 - __main__ - INFO - 117 - trainer - Epoch: 325
2026/08/31 12:36:43 - __main__ - INFO - 162 - trainer - [0/190] Loss: 1.0556
2026/08/31 12:36:48 - __main__ - INFO - 162 - trainer - [39/190] Loss: 1.0702
2026/08/31 12:36:54 - __main__ - INFO - 162 - trainer - [78/190] Loss: 1.0479
2026/08/31 12:36:59 - __main__ - INFO - 162 - trainer - [117/190] Loss: 1.0644
2026/08/31 12:37:05 - __main__ - INFO - 162 - trainer - [156/190] Loss: 1.0640
2026/08/31 12:37:10 - __main__ - INFO - 167 - trainer - Average loss in epoch 325: 1.0593
2026/08/31 12:37:10 - __main__ - INFO - 117 - trainer - Epoch: 326
2026/08/31 12:37:10 - __main__ - INFO - 162 - trainer - [0/190] Loss: 1.0485
2026/08/31 12:37:15 - __main__ - INFO - 162 - trainer - [39/190] Loss: 1.0674
2026/08/31 12:37:20 - __main__ - INFO - 162 - trainer - [78/190] Loss: 1.0325
2026/08/31 12:37:25 - __main__ - INFO - 162 - trainer - [117/190] Loss: 1.0586
2026/08/31 12:37:30 - __main__ - INFO - 162 - trainer - [156/190] Loss: 1.0449
2026/08/31 12:37:34 - __main__ - INFO - 167 - trainer - Average loss in epoch 326: 1.0598
2026/08/31 12:37:34 - __main__ - INFO - 117 - trainer - Epoch: 327
2026/08/31 12:37:34 - __main__ - INFO - 162 - trainer - [0/190] Loss: 1.0503
2026/08/31 12:37:40 - __main__ - INFO - 162 - trainer - [39/190] Loss: 1.0451
2026/08/31 12:37:45 - __main__ - INFO - 162 - trainer - [78/190] Loss: 1.0827
2026/08/31 12:37:50 - __main__ - INFO - 162 - trainer - [117/190] Loss: 1.0918
2026/08/31 12:37:56 - __main__ - INFO - 162 - trainer - [156/190] Loss: 1.0756
2026/08/31 12:38:00 - __main__ - INFO - 167 - trainer - Average loss in epoch 327: 1.0604
2026/08/31 12:38:00 - __main__ - INFO - 117 - trainer - Epoch: 328
2026/08/31 12:38:01 - __main__ - INFO - 162 - trainer - [0/190] Loss: 1.0706
2026/08/31 12:38:06 - __main__ - INFO - 162 - trainer - [39/190] Loss: 1.0507
2026/08/31 12:38:12 - __main__ - INFO - 162 - trainer - [78/190] Loss: 1.0511
2026/08/31 12:38:17 - __main__ - INFO - 162 - trainer - [117/190] Loss: 1.0625
2026/08/31 12:38:22 - __main__ - INFO - 162 - trainer - [156/190] Loss: 1.0443
2026/08/31 12:38:27 - __main__ - INFO - 167 - trainer - Average loss in epoch 328: 1.0592
2026/08/31 12:38:27 - __main__ - INFO - 117 - trainer - Epoch: 329
2026/08/31 12:38:27 - __main__ - INFO - 162 - trainer - [0/190] Loss: 1.0516
2026/08/31 12:38:32 - __main__ - INFO - 162 - trainer - [39/190] Loss: 1.0306
2026/08/31 12:38:38 - __main__ - INFO - 162 - trainer - [78/190] Loss: 1.0669
2026/08/31 12:38:43 - __main__ - INFO - 162 - trainer - [117/190] Loss: 1.0517
2026/08/31 12:38:49 - __main__ - INFO - 162 - trainer - [156/190] Loss: 1.0612
2026/08/31 12:38:53 - __main__ - INFO - 167 - trainer - Average loss in epoch 329: 1.0594
2026/08/31 12:38:53 - __main__ - INFO - 117 - trainer - Epoch: 330
2026/08/31 12:38:53 - __main__ - INFO - 162 - trainer - [0/190] Loss: 1.0499
2026/08/31 12:38:59 - __main__ - INFO - 162 - trainer - [39/190] Loss: 1.0465
2026/08/31 12:39:04 - __main__ - INFO - 162 - trainer - [78/190] Loss: 1.0504
2026/08/31 12:39:10 - __main__ - INFO - 162 - trainer - [117/190] Loss: 1.0583
2026/08/31 12:39:15 - __main__ - INFO - 162 - trainer - [156/190] Loss: 1.0639
2026/08/31 12:39:20 - __main__ - INFO - 167 - trainer - Average loss in epoch 330: 1.0590
2026/08/31 12:39:20 - __main__ - INFO - 117 - trainer - Epoch: 331
2026/08/31 12:39:20 - __main__ - INFO - 162 - trainer - [0/190] Loss: 1.0576
2026/08/31 12:39:25 - __main__ - INFO - 162 - trainer - [39/190] Loss: 1.0540
2026/08/31 12:39:31 - __main__ - INFO - 162 - trainer - [78/190] Loss: 1.0632
2026/08/31 12:39:36 - __main__ - INFO - 162 - trainer - [117/190] Loss: 1.0708
2026/08/31 12:39:42 - __main__ - INFO - 162 - trainer - [156/190] Loss: 1.0643
2026/08/31 12:39:46 - __main__ - INFO - 167 - trainer - Average loss in epoch 331: 1.0595
2026/08/31 12:39:46 - __main__ - INFO - 117 - trainer - Epoch: 332
2026/08/31 12:39:46 - __main__ - INFO - 162 - trainer - [0/190] Loss: 1.0799
2026/08/31 12:39:52 - __main__ - INFO - 162 - trainer - [39/190] Loss: 1.0409
2026/08/31 12:39:57 - __main__ - INFO - 162 - trainer - [78/190] Loss: 1.0652
2026/08/31 12:40:03 - __main__ - INFO - 162 - trainer - [117/190] Loss: 1.0580
2026/08/31 12:40:08 - __main__ - INFO - 162 - trainer - [156/190] Loss: 1.0333
2026/08/31 12:40:13 - __main__ - INFO - 167 - trainer - Average loss in epoch 332: 1.0596
2026/08/31 12:40:13 - __main__ - INFO - 117 - trainer - Epoch: 333
2026/08/31 12:40:13 - __main__ - INFO - 162 - trainer - [0/190] Loss: 1.0744
2026/08/31 12:40:18 - __main__ - INFO - 162 - trainer - [39/190] Loss: 1.0671
2026/08/31 12:40:23 - __main__ - INFO - 162 - trainer - [78/190] Loss: 1.0562
2026/08/31 12:40:28 - __main__ - INFO - 162 - trainer - [117/190] Loss: 1.0720
2026/08/31 12:40:33 - __main__ - INFO - 162 - trainer - [156/190] Loss: 1.0611
2026/08/31 12:40:37 - __main__ - INFO - 167 - trainer - Average loss in epoch 333: 1.0608
2026/08/31 12:40:37 - __main__ - INFO - 117 - trainer - Epoch: 334
2026/08/31 12:40:37 - __main__ - INFO - 162 - trainer - [0/190] Loss: 1.0486
2026/08/31 12:40:42 - __main__ - INFO - 162 - trainer - [39/190] Loss: 1.0701
2026/08/31 12:40:48 - __main__ - INFO - 162 - trainer - [78/190] Loss: 1.0721
2026/08/31 12:40:53 - __main__ - INFO - 162 - trainer - [117/190] Loss: 1.0956
2026/08/31 12:40:59 - __main__ - INFO - 162 - trainer - [156/190] Loss: 1.0517
2026/08/31 12:41:04 - __main__ - INFO - 167 - trainer - Average loss in epoch 334: 1.0602
2026/08/31 12:41:04 - __main__ - INFO - 117 - trainer - Epoch: 335
2026/08/31 12:41:04 - __main__ - INFO - 162 - trainer - [0/190] Loss: 1.0758
2026/08/31 12:41:09 - __main__ - INFO - 162 - trainer - [39/190] Loss: 1.0509
2026/08/31 12:41:15 - __main__ - INFO - 162 - trainer - [78/190] Loss: 1.0443
2026/08/31 12:41:20 - __main__ - INFO - 162 - trainer - [117/190] Loss: 1.0738
2026/08/31 12:41:26 - __main__ - INFO - 162 - trainer - [156/190] Loss: 1.0562
2026/08/31 12:41:30 - __main__ - INFO - 167 - trainer - Average loss in epoch 335: 1.0591
2026/08/31 12:41:30 - __main__ - INFO - 117 - trainer - Epoch: 336
2026/08/31 12:41:30 - __main__ - INFO - 162 - trainer - [0/190] Loss: 1.0687
2026/08/31 12:41:36 - __main__ - INFO - 162 - trainer - [39/190] Loss: 1.0616
2026/08/31 12:41:41 - __main__ - INFO - 162 - trainer - [78/190] Loss: 1.0475
2026/08/31 12:41:47 - __main__ - INFO - 162 - trainer - [117/190] Loss: 1.0344
2026/08/31 12:41:52 - __main__ - INFO - 162 - trainer - [156/190] Loss: 1.0606
2026/08/31 12:41:57 - __main__ - INFO - 167 - trainer - Average loss in epoch 336: 1.0595
2026/08/31 12:41:57 - __main__ - INFO - 117 - trainer - Epoch: 337
2026/08/31 12:41:57 - __main__ - INFO - 162 - trainer - [0/190] Loss: 1.0379
2026/08/31 12:42:02 - __main__ - INFO - 162 - trainer - [39/190] Loss: 1.0539
2026/08/31 12:42:08 - __main__ - INFO - 162 - trainer - [78/190] Loss: 1.0326
2026/08/31 12:42:13 - __main__ - INFO - 162 - trainer - [117/190] Loss: 1.0754
2026/08/31 12:42:19 - __main__ - INFO - 162 - trainer - [156/190] Loss: 1.0263
2026/08/31 12:42:23 - __main__ - INFO - 167 - trainer - Average loss in epoch 337: 1.0596
2026/08/31 12:42:23 - __main__ - INFO - 117 - trainer - Epoch: 338
2026/08/31 12:42:23 - __main__ - INFO - 162 - trainer - [0/190] Loss: 1.0570
2026/08/31 12:42:28 - __main__ - INFO - 162 - trainer - [39/190] Loss: 1.0500
2026/08/31 12:42:33 - __main__ - INFO - 162 - trainer - [78/190] Loss: 1.0788
2026/08/31 12:42:38 - __main__ - INFO - 162 - trainer - [117/190] Loss: 1.0538
2026/08/31 12:42:43 - __main__ - INFO - 162 - trainer - [156/190] Loss: 1.0850
2026/08/31 12:42:48 - __main__ - INFO - 167 - trainer - Average loss in epoch 338: 1.0589
2026/08/31 12:42:48 - __main__ - INFO - 117 - trainer - Epoch: 339
2026/08/31 12:42:48 - __main__ - INFO - 162 - trainer - [0/190] Loss: 1.0725
2026/08/31 12:42:53 - __main__ - INFO - 162 - trainer - [39/190] Loss: 1.0751
2026/08/31 12:42:59 - __main__ - INFO - 162 - trainer - [78/190] Loss: 1.0619
2026/08/31 12:43:04 - __main__ - INFO - 162 - trainer - [117/190] Loss: 1.0643
2026/08/31 12:43:10 - __main__ - INFO - 162 - trainer - [156/190] Loss: 1.0484
2026/08/31 12:43:15 - __main__ - INFO - 167 - trainer - Average loss in epoch 339: 1.0597
2026/08/31 12:43:15 - __main__ - INFO - 117 - trainer - Epoch: 340
2026/08/31 12:43:15 - __main__ - INFO - 162 - trainer - [0/190] Loss: 1.0731
2026/08/31 12:43:20 - __main__ - INFO - 162 - trainer - [39/190] Loss: 1.0476
2026/08/31 12:43:26 - __main__ - INFO - 162 - trainer - [78/190] Loss: 1.0399
2026/08/31 12:43:31 - __main__ - INFO - 162 - trainer - [117/190] Loss: 1.0748
2026/08/31 12:43:36 - __main__ - INFO - 162 - trainer - [156/190] Loss: 1.0670
2026/08/31 12:43:41 - __main__ - INFO - 167 - trainer - Average loss in epoch 340: 1.0591
2026/08/31 12:43:41 - __main__ - INFO - 173 - trainer - start predicting: 2026-08-31 12:43:41.559375
2026/08/31 12:43:43 - __main__ - INFO - 117 - trainer - Epoch: 341
2026/08/31 12:43:44 - __main__ - INFO - 162 - trainer - [0/190] Loss: 1.0520
2026/08/31 12:43:49 - __main__ - INFO - 162 - trainer - [39/190] Loss: 1.0507
2026/08/31 12:43:55 - __main__ - INFO - 162 - trainer - [78/190] Loss: 1.0619
2026/08/31 12:44:00 - __main__ - INFO - 162 - trainer - [117/190] Loss: 1.0642
2026/08/31 12:44:05 - __main__ - INFO - 162 - trainer - [156/190] Loss: 1.0741
2026/08/31 12:44:10 - __main__ - INFO - 167 - trainer - Average loss in epoch 341: 1.0588
2026/08/31 12:44:10 - __main__ - INFO - 117 - trainer - Epoch: 342
2026/08/31 12:44:10 - __main__ - INFO - 162 - trainer - [0/190] Loss: 1.0545
2026/08/31 12:44:15 - __main__ - INFO - 162 - trainer - [39/190] Loss: 1.0625
2026/08/31 12:44:21 - __main__ - INFO - 162 - trainer - [78/190] Loss: 1.0566
2026/08/31 12:44:26 - __main__ - INFO - 162 - trainer - [117/190] Loss: 1.0764
2026/08/31 12:44:32 - __main__ - INFO - 162 - trainer - [156/190] Loss: 1.0639
2026/08/31 12:44:36 - __main__ - INFO - 167 - trainer - Average loss in epoch 342: 1.0595
2026/08/31 12:44:36 - __main__ - INFO - 117 - trainer - Epoch: 343
2026/08/31 12:44:37 - __main__ - INFO - 162 - trainer - [0/190] Loss: 1.0564
2026/08/31 12:44:42 - __main__ - INFO - 162 - trainer - [39/190] Loss: 1.0700
2026/08/31 12:44:48 - __main__ - INFO - 162 - trainer - [78/190] Loss: 1.0501
2026/08/31 12:44:53 - __main__ - INFO - 162 - trainer - [117/190] Loss: 1.0697
2026/08/31 12:44:59 - __main__ - INFO - 162 - trainer - [156/190] Loss: 1.0718
2026/08/31 12:45:03 - __main__ - INFO - 167 - trainer - Average loss in epoch 343: 1.0598
2026/08/31 12:45:03 - __main__ - INFO - 117 - trainer - Epoch: 344
2026/08/31 12:45:03 - __main__ - INFO - 162 - trainer - [0/190] Loss: 1.0565
2026/08/31 12:45:08 - __main__ - INFO - 162 - trainer - [39/190] Loss: 1.0765
2026/08/31 12:45:13 - __main__ - INFO - 162 - trainer - [78/190] Loss: 1.0603
2026/08/31 12:45:18 - __main__ - INFO - 162 - trainer - [117/190] Loss: 1.0539
2026/08/31 12:45:23 - __main__ - INFO - 162 - trainer - [156/190] Loss: 1.0852
2026/08/31 12:45:27 - __main__ - INFO - 167 - trainer - Average loss in epoch 344: 1.0593
2026/08/31 12:45:27 - __main__ - INFO - 117 - trainer - Epoch: 345
2026/08/31 12:45:28 - __main__ - INFO - 162 - trainer - [0/190] Loss: 1.0587
2026/08/31 12:45:33 - __main__ - INFO - 162 - trainer - [39/190] Loss: 1.0679
2026/08/31 12:45:39 - __main__ - INFO - 162 - trainer - [78/190] Loss: 1.0697
2026/08/31 12:45:44 - __main__ - INFO - 162 - trainer - [117/190] Loss: 1.0680
2026/08/31 12:45:50 - __main__ - INFO - 162 - trainer - [156/190] Loss: 1.0706
2026/08/31 12:45:55 - __main__ - INFO - 167 - trainer - Average loss in epoch 345: 1.0589
2026/08/31 12:45:55 - __main__ - INFO - 117 - trainer - Epoch: 346
2026/08/31 12:45:55 - __main__ - INFO - 162 - trainer - [0/190] Loss: 1.0549
2026/08/31 12:46:00 - __main__ - INFO - 162 - trainer - [39/190] Loss: 1.0616
2026/08/31 12:46:05 - __main__ - INFO - 162 - trainer - [78/190] Loss: 1.0444
2026/08/31 12:46:10 - __main__ - INFO - 162 - trainer - [117/190] Loss: 1.0856
2026/08/31 12:46:16 - __main__ - INFO - 162 - trainer - [156/190] Loss: 1.0525
2026/08/31 12:46:20 - __main__ - INFO - 167 - trainer - Average loss in epoch 346: 1.0598
2026/08/31 12:46:20 - __main__ - INFO - 117 - trainer - Epoch: 347
2026/08/31 12:46:20 - __main__ - INFO - 162 - trainer - [0/190] Loss: 1.0787
2026/08/31 12:46:26 - __main__ - INFO - 162 - trainer - [39/190] Loss: 1.0732
2026/08/31 12:46:31 - __main__ - INFO - 162 - trainer - [78/190] Loss: 1.0535
2026/08/31 12:46:36 - __main__ - INFO - 162 - trainer - [117/190] Loss: 1.0687
2026/08/31 12:46:42 - __main__ - INFO - 162 - trainer - [156/190] Loss: 1.0636
2026/08/31 12:46:46 - __main__ - INFO - 167 - trainer - Average loss in epoch 347: 1.0595
2026/08/31 12:46:46 - __main__ - INFO - 117 - trainer - Epoch: 348
2026/08/31 12:46:46 - __main__ - INFO - 162 - trainer - [0/190] Loss: 1.0526
2026/08/31 12:46:52 - __main__ - INFO - 162 - trainer - [39/190] Loss: 1.0578
2026/08/31 12:46:57 - __main__ - INFO - 162 - trainer - [78/190] Loss: 1.0654
2026/08/31 12:47:02 - __main__ - INFO - 162 - trainer - [117/190] Loss: 1.0695
2026/08/31 12:47:08 - __main__ - INFO - 162 - trainer - [156/190] Loss: 1.0582
2026/08/31 12:47:12 - __main__ - INFO - 167 - trainer - Average loss in epoch 348: 1.0597
2026/08/31 12:47:12 - __main__ - INFO - 117 - trainer - Epoch: 349
2026/08/31 12:47:12 - __main__ - INFO - 162 - trainer - [0/190] Loss: 1.0694
2026/08/31 12:47:17 - __main__ - INFO - 162 - trainer - [39/190] Loss: 1.0652
2026/08/31 12:47:22 - __main__ - INFO - 162 - trainer - [78/190] Loss: 1.0659
2026/08/31 12:47:27 - __main__ - INFO - 162 - trainer - [117/190] Loss: 1.0571
2026/08/31 12:47:32 - __main__ - INFO - 162 - trainer - [156/190] Loss: 1.0611
2026/08/31 12:47:36 - __main__ - INFO - 167 - trainer - Average loss in epoch 349: 1.0591
2026/08/31 12:47:36 - __main__ - INFO - 117 - trainer - Epoch: 350
2026/08/31 12:47:36 - __main__ - INFO - 162 - trainer - [0/190] Loss: 1.0410
2026/08/31 12:47:42 - __main__ - INFO - 162 - trainer - [39/190] Loss: 1.0505
2026/08/31 12:47:48 - __main__ - INFO - 162 - trainer - [78/190] Loss: 1.0672
2026/08/31 12:47:53 - __main__ - INFO - 162 - trainer - [117/190] Loss: 1.0611
2026/08/31 12:47:58 - __main__ - INFO - 162 - trainer - [156/190] Loss: 1.0512
2026/08/31 12:48:03 - __main__ - INFO - 167 - trainer - Average loss in epoch 350: 1.0591
2026/08/31 12:48:03 - __main__ - INFO - 117 - trainer - Epoch: 351
2026/08/31 12:48:03 - __main__ - INFO - 162 - trainer - [0/190] Loss: 1.0484
2026/08/31 12:48:08 - __main__ - INFO - 162 - trainer - [39/190] Loss: 1.0644
2026/08/31 12:48:13 - __main__ - INFO - 162 - trainer - [78/190] Loss: 1.0457
2026/08/31 12:48:19 - __main__ - INFO - 162 - trainer - [117/190] Loss: 1.0917
2026/08/31 12:48:24 - __main__ - INFO - 162 - trainer - [156/190] Loss: 1.0611
2026/08/31 12:48:29 - __main__ - INFO - 167 - trainer - Average loss in epoch 351: 1.0597
2026/08/31 12:48:29 - __main__ - INFO - 117 - trainer - Epoch: 352
2026/08/31 12:48:29 - __main__ - INFO - 162 - trainer - [0/190] Loss: 1.0428
2026/08/31 12:48:34 - __main__ - INFO - 162 - trainer - [39/190] Loss: 1.0573
2026/08/31 12:48:39 - __main__ - INFO - 162 - trainer - [78/190] Loss: 1.0765
2026/08/31 12:48:45 - __main__ - INFO - 162 - trainer - [117/190] Loss: 1.0504
2026/08/31 12:48:50 - __main__ - INFO - 162 - trainer - [156/190] Loss: 1.0512
2026/08/31 12:48:55 - __main__ - INFO - 167 - trainer - Average loss in epoch 352: 1.0588
2026/08/31 12:48:55 - __main__ - INFO - 117 - trainer - Epoch: 353
2026/08/31 12:48:55 - __main__ - INFO - 162 - trainer - [0/190] Loss: 1.0574
2026/08/31 12:49:01 - __main__ - INFO - 162 - trainer - [39/190] Loss: 1.0479
2026/08/31 12:49:06 - __main__ - INFO - 162 - trainer - [78/190] Loss: 1.0374
2026/08/31 12:49:11 - __main__ - INFO - 162 - trainer - [117/190] Loss: 1.0547
2026/08/31 12:49:17 - __main__ - INFO - 162 - trainer - [156/190] Loss: 1.0427
2026/08/31 12:49:21 - __main__ - INFO - 167 - trainer - Average loss in epoch 353: 1.0596
2026/08/31 12:49:21 - __main__ - INFO - 117 - trainer - Epoch: 354
2026/08/31 12:49:21 - __main__ - INFO - 162 - trainer - [0/190] Loss: 1.0454
2026/08/31 12:49:27 - __main__ - INFO - 162 - trainer - [39/190] Loss: 1.0407
2026/08/31 12:49:32 - __main__ - INFO - 162 - trainer - [78/190] Loss: 1.0546
2026/08/31 12:49:37 - __main__ - INFO - 162 - trainer - [117/190] Loss: 1.0637
2026/08/31 12:49:43 - __main__ - INFO - 162 - trainer - [156/190] Loss: 1.0622
2026/08/31 12:49:47 - __main__ - INFO - 167 - trainer - Average loss in epoch 354: 1.0597
2026/08/31 12:49:47 - __main__ - INFO - 117 - trainer - Epoch: 355
2026/08/31 12:49:48 - __main__ - INFO - 162 - trainer - [0/190] Loss: 1.0434
2026/08/31 12:49:53 - __main__ - INFO - 162 - trainer - [39/190] Loss: 1.0703
2026/08/31 12:49:58 - __main__ - INFO - 162 - trainer - [78/190] Loss: 1.0533
2026/08/31 12:50:03 - __main__ - INFO - 162 - trainer - [117/190] Loss: 1.0596
2026/08/31 12:50:08 - __main__ - INFO - 162 - trainer - [156/190] Loss: 1.0453
2026/08/31 12:50:12 - __main__ - INFO - 167 - trainer - Average loss in epoch 355: 1.0596
2026/08/31 12:50:12 - __main__ - INFO - 117 - trainer - Epoch: 356
2026/08/31 12:50:12 - __main__ - INFO - 162 - trainer - [0/190] Loss: 1.0492
2026/08/31 12:50:18 - __main__ - INFO - 162 - trainer - [39/190] Loss: 1.0253
2026/08/31 12:50:23 - __main__ - INFO - 162 - trainer - [78/190] Loss: 1.0573
2026/08/31 12:50:28 - __main__ - INFO - 162 - trainer - [117/190] Loss: 1.0465
2026/08/31 12:50:33 - __main__ - INFO - 162 - trainer - [156/190] Loss: 1.0847
2026/08/31 12:50:38 - __main__ - INFO - 167 - trainer - Average loss in epoch 356: 1.0593
2026/08/31 12:50:38 - __main__ - INFO - 117 - trainer - Epoch: 357
2026/08/31 12:50:38 - __main__ - INFO - 162 - trainer - [0/190] Loss: 1.0523
2026/08/31 12:50:44 - __main__ - INFO - 162 - trainer - [39/190] Loss: 1.0860
2026/08/31 12:50:49 - __main__ - INFO - 162 - trainer - [78/190] Loss: 1.0578
2026/08/31 12:50:54 - __main__ - INFO - 162 - trainer - [117/190] Loss: 1.0532
2026/08/31 12:51:00 - __main__ - INFO - 162 - trainer - [156/190] Loss: 1.0661
2026/08/31 12:51:04 - __main__ - INFO - 167 - trainer - Average loss in epoch 357: 1.0597
2026/08/31 12:51:04 - __main__ - INFO - 117 - trainer - Epoch: 358
2026/08/31 12:51:04 - __main__ - INFO - 162 - trainer - [0/190] Loss: 1.0607
2026/08/31 12:51:09 - __main__ - INFO - 162 - trainer - [39/190] Loss: 1.0782
2026/08/31 12:51:14 - __main__ - INFO - 162 - trainer - [78/190] Loss: 1.0901
2026/08/31 12:51:19 - __main__ - INFO - 162 - trainer - [117/190] Loss: 1.0367
2026/08/31 12:51:24 - __main__ - INFO - 162 - trainer - [156/190] Loss: 1.0646
2026/08/31 12:51:28 - __main__ - INFO - 167 - trainer - Average loss in epoch 358: 1.0589
2026/08/31 12:51:28 - __main__ - INFO - 117 - trainer - Epoch: 359
2026/08/31 12:51:28 - __main__ - INFO - 162 - trainer - [0/190] Loss: 1.0722
2026/08/31 12:51:34 - __main__ - INFO - 162 - trainer - [39/190] Loss: 1.0536
2026/08/31 12:51:39 - __main__ - INFO - 162 - trainer - [78/190] Loss: 1.0606
2026/08/31 12:51:45 - __main__ - INFO - 162 - trainer - [117/190] Loss: 1.0709
2026/08/31 12:51:50 - __main__ - INFO - 162 - trainer - [156/190] Loss: 1.0582
2026/08/31 12:51:55 - __main__ - INFO - 167 - trainer - Average loss in epoch 359: 1.0592
2026/08/31 12:51:55 - __main__ - INFO - 117 - trainer - Epoch: 360
2026/08/31 12:51:55 - __main__ - INFO - 162 - trainer - [0/190] Loss: 1.0667
2026/08/31 12:52:00 - __main__ - INFO - 162 - trainer - [39/190] Loss: 1.0688
2026/08/31 12:52:05 - __main__ - INFO - 162 - trainer - [78/190] Loss: 1.0508
2026/08/31 12:52:11 - __main__ - INFO - 162 - trainer - [117/190] Loss: 1.0318
2026/08/31 12:52:16 - __main__ - INFO - 162 - trainer - [156/190] Loss: 1.0625
2026/08/31 12:52:20 - __main__ - INFO - 167 - trainer - Average loss in epoch 360: 1.0592
2026/08/31 12:52:20 - __main__ - INFO - 173 - trainer - start predicting: 2026-08-31 12:52:20.976025
2026/08/31 12:52:23 - __main__ - INFO - 203 - trainer - {'Best_HR@5': np.float64(10.5489), 'Best_HR@10': np.float64(16.7753), 'Best_HR@20': np.float64(28.118), 'Best_NDCG@5': np.float64(6.108), 'Best_NDCG@10': np.float64(8.1163), 'Best_NDCG@20': np.float64(10.8731)}
2026/08/31 12:52:23 - __main__ - INFO - 204 - trainer - {'Best_epoch_HR@5': 180, 'Best_epoch_HR@10': 180, 'Best_epoch_HR@20': 360, 'Best_epoch_NDCG@5': 180, 'Best_epoch_NDCG@10': 180, 'Best_epoch_NDCG@20': 360}
2026/08/31 12:52:23 - __main__ - INFO - 117 - trainer - Epoch: 361
2026/08/31 12:52:23 - __main__ - INFO - 162 - trainer - [0/190] Loss: 1.0508
2026/08/31 12:52:28 - __main__ - INFO - 162 - trainer - [39/190] Loss: 1.0640
2026/08/31 12:52:33 - __main__ - INFO - 162 - trainer - [78/190] Loss: 1.0769
2026/08/31 12:52:38 - __main__ - INFO - 162 - trainer - [117/190] Loss: 1.0551
2026/08/31 12:52:43 - __main__ - INFO - 162 - trainer - [156/190] Loss: 1.0664
2026/08/31 12:52:47 - __main__ - INFO - 167 - trainer - Average loss in epoch 361: 1.0592
2026/08/31 12:52:47 - __main__ - INFO - 117 - trainer - Epoch: 362
2026/08/31 12:52:47 - __main__ - INFO - 162 - trainer - [0/190] Loss: 1.0615
2026/08/31 12:52:53 - __main__ - INFO - 162 - trainer - [39/190] Loss: 1.0548
2026/08/31 12:52:58 - __main__ - INFO - 162 - trainer - [78/190] Loss: 1.0861
2026/08/31 12:53:03 - __main__ - INFO - 162 - trainer - [117/190] Loss: 1.0498
2026/08/31 12:53:08 - __main__ - INFO - 162 - trainer - [156/190] Loss: 1.0661
2026/08/31 12:53:13 - __main__ - INFO - 167 - trainer - Average loss in epoch 362: 1.0595
2026/08/31 12:53:13 - __main__ - INFO - 117 - trainer - Epoch: 363
2026/08/31 12:53:13 - __main__ - INFO - 162 - trainer - [0/190] Loss: 1.0515
2026/08/31 12:53:18 - __main__ - INFO - 162 - trainer - [39/190] Loss: 1.0594
2026/08/31 12:53:24 - __main__ - INFO - 162 - trainer - [78/190] Loss: 1.0643
2026/08/31 12:53:29 - __main__ - INFO - 162 - trainer - [117/190] Loss: 1.0654
2026/08/31 12:53:34 - __main__ - INFO - 162 - trainer - [156/190] Loss: 1.0820
2026/08/31 12:53:39 - __main__ - INFO - 167 - trainer - Average loss in epoch 363: 1.0591
2026/08/31 12:53:39 - __main__ - INFO - 117 - trainer - Epoch: 364
2026/08/31 12:53:39 - __main__ - INFO - 162 - trainer - [0/190] Loss: 1.0695
2026/08/31 12:53:44 - __main__ - INFO - 162 - trainer - [39/190] Loss: 1.0585
2026/08/31 12:53:50 - __main__ - INFO - 162 - trainer - [78/190] Loss: 1.0836
2026/08/31 12:53:55 - __main__ - INFO - 162 - trainer - [117/190] Loss: 1.0941
2026/08/31 12:54:00 - __main__ - INFO - 162 - trainer - [156/190] Loss: 1.0661
2026/08/31 12:54:05 - __main__ - INFO - 167 - trainer - Average loss in epoch 364: 1.0591
2026/08/31 12:54:05 - __main__ - INFO - 117 - trainer - Epoch: 365
2026/08/31 12:54:05 - __main__ - INFO - 162 - trainer - [0/190] Loss: 1.0414
2026/08/31 12:54:11 - __main__ - INFO - 162 - trainer - [39/190] Loss: 1.0676
2026/08/31 12:54:16 - __main__ - INFO - 162 - trainer - [78/190] Loss: 1.0588
2026/08/31 12:54:22 - __main__ - INFO - 162 - trainer - [117/190] Loss: 1.0512
2026/08/31 12:54:27 - __main__ - INFO - 162 - trainer - [156/190] Loss: 1.0794
2026/08/31 12:54:32 - __main__ - INFO - 167 - trainer - Average loss in epoch 365: 1.0598
2026/08/31 12:54:32 - __main__ - INFO - 117 - trainer - Epoch: 366
2026/08/31 12:54:32 - __main__ - INFO - 162 - trainer - [0/190] Loss: 1.0490
2026/08/31 12:54:37 - __main__ - INFO - 162 - trainer - [39/190] Loss: 1.0704
2026/08/31 12:54:43 - __main__ - INFO - 162 - trainer - [78/190] Loss: 1.0579
2026/08/31 12:54:48 - __main__ - INFO - 162 - trainer - [117/190] Loss: 1.0538
2026/08/31 12:54:54 - __main__ - INFO - 162 - trainer - [156/190] Loss: 1.0598
2026/08/31 12:54:58 - __main__ - INFO - 167 - trainer - Average loss in epoch 366: 1.0591
2026/08/31 12:54:58 - __main__ - INFO - 117 - trainer - Epoch: 367
2026/08/31 12:54:58 - __main__ - INFO - 162 - trainer - [0/190] Loss: 1.0676
2026/08/31 12:55:04 - __main__ - INFO - 162 - trainer - [39/190] Loss: 1.0722
2026/08/31 12:55:09 - __main__ - INFO - 162 - trainer - [78/190] Loss: 1.0622
2026/08/31 12:55:14 - __main__ - INFO - 162 - trainer - [117/190] Loss: 1.0429
2026/08/31 12:55:20 - __main__ - INFO - 162 - trainer - [156/190] Loss: 1.0538
2026/08/31 12:55:24 - __main__ - INFO - 167 - trainer - Average loss in epoch 367: 1.0594
2026/08/31 12:55:24 - __main__ - INFO - 117 - trainer - Epoch: 368
2026/08/31 12:55:25 - __main__ - INFO - 162 - trainer - [0/190] Loss: 1.0298
2026/08/31 12:55:30 - __main__ - INFO - 162 - trainer - [39/190] Loss: 1.0511
2026/08/31 12:55:36 - __main__ - INFO - 162 - trainer - [78/190] Loss: 1.0925
2026/08/31 12:55:41 - __main__ - INFO - 162 - trainer - [117/190] Loss: 1.0816
2026/08/31 12:55:47 - __main__ - INFO - 162 - trainer - [156/190] Loss: 1.0662
2026/08/31 12:55:51 - __main__ - INFO - 167 - trainer - Average loss in epoch 368: 1.0590
2026/08/31 12:55:51 - __main__ - INFO - 117 - trainer - Epoch: 369
2026/08/31 12:55:51 - __main__ - INFO - 162 - trainer - [0/190] Loss: 1.0505
2026/08/31 12:55:57 - __main__ - INFO - 162 - trainer - [39/190] Loss: 1.0338
2026/08/31 12:56:02 - __main__ - INFO - 162 - trainer - [78/190] Loss: 1.0470
2026/08/31 12:56:07 - __main__ - INFO - 162 - trainer - [117/190] Loss: 1.0638
2026/08/31 12:56:13 - __main__ - INFO - 162 - trainer - [156/190] Loss: 1.0548
2026/08/31 12:56:17 - __main__ - INFO - 167 - trainer - Average loss in epoch 369: 1.0595
2026/08/31 12:56:17 - __main__ - INFO - 117 - trainer - Epoch: 370
2026/08/31 12:56:17 - __main__ - INFO - 162 - trainer - [0/190] Loss: 1.0801
2026/08/31 12:56:23 - __main__ - INFO - 162 - trainer - [39/190] Loss: 1.0578
2026/08/31 12:56:28 - __main__ - INFO - 162 - trainer - [78/190] Loss: 1.0546
2026/08/31 12:56:34 - __main__ - INFO - 162 - trainer - [117/190] Loss: 1.0549
2026/08/31 12:56:39 - __main__ - INFO - 162 - trainer - [156/190] Loss: 1.0844
2026/08/31 12:56:44 - __main__ - INFO - 167 - trainer - Average loss in epoch 370: 1.0597
2026/08/31 12:56:44 - __main__ - INFO - 117 - trainer - Epoch: 371
2026/08/31 12:56:44 - __main__ - INFO - 162 - trainer - [0/190] Loss: 1.0634
2026/08/31 12:56:49 - __main__ - INFO - 162 - trainer - [39/190] Loss: 1.0542
2026/08/31 12:56:55 - __main__ - INFO - 162 - trainer - [78/190] Loss: 1.0695
2026/08/31 12:57:00 - __main__ - INFO - 162 - trainer - [117/190] Loss: 1.0666
2026/08/31 12:57:06 - __main__ - INFO - 162 - trainer - [156/190] Loss: 1.0441
2026/08/31 12:57:10 - __main__ - INFO - 167 - trainer - Average loss in epoch 371: 1.0584
2026/08/31 12:57:10 - __main__ - INFO - 117 - trainer - Epoch: 372
2026/08/31 12:57:10 - __main__ - INFO - 162 - trainer - [0/190] Loss: 1.0488
2026/08/31 12:57:16 - __main__ - INFO - 162 - trainer - [39/190] Loss: 1.0543
2026/08/31 12:57:21 - __main__ - INFO - 162 - trainer - [78/190] Loss: 1.0770
2026/08/31 12:57:27 - __main__ - INFO - 162 - trainer - [117/190] Loss: 1.0736
2026/08/31 12:57:32 - __main__ - INFO - 162 - trainer - [156/190] Loss: 1.0695
2026/08/31 12:57:36 - __main__ - INFO - 167 - trainer - Average loss in epoch 372: 1.0591
2026/08/31 12:57:36 - __main__ - INFO - 117 - trainer - Epoch: 373
2026/08/31 12:57:37 - __main__ - INFO - 162 - trainer - [0/190] Loss: 1.0434
2026/08/31 12:57:42 - __main__ - INFO - 162 - trainer - [39/190] Loss: 1.0683
2026/08/31 12:57:47 - __main__ - INFO - 162 - trainer - [78/190] Loss: 1.0606
2026/08/31 12:57:53 - __main__ - INFO - 162 - trainer - [117/190] Loss: 1.0739
2026/08/31 12:57:58 - __main__ - INFO - 162 - trainer - [156/190] Loss: 1.0450
2026/08/31 12:58:03 - __main__ - INFO - 167 - trainer - Average loss in epoch 373: 1.0593
2026/08/31 12:58:03 - __main__ - INFO - 117 - trainer - Epoch: 374
2026/08/31 12:58:03 - __main__ - INFO - 162 - trainer - [0/190] Loss: 1.0562
2026/08/31 12:58:08 - __main__ - INFO - 162 - trainer - [39/190] Loss: 1.0334
2026/08/31 12:58:14 - __main__ - INFO - 162 - trainer - [78/190] Loss: 1.0559
2026/08/31 12:58:19 - __main__ - INFO - 162 - trainer - [117/190] Loss: 1.0818
2026/08/31 12:58:25 - __main__ - INFO - 162 - trainer - [156/190] Loss: 1.0591
2026/08/31 12:58:29 - __main__ - INFO - 167 - trainer - Average loss in epoch 374: 1.0599
2026/08/31 12:58:29 - __main__ - INFO - 117 - trainer - Epoch: 375
2026/08/31 12:58:29 - __main__ - INFO - 162 - trainer - [0/190] Loss: 1.0517
2026/08/31 12:58:35 - __main__ - INFO - 162 - trainer - [39/190] Loss: 1.0753
2026/08/31 12:58:40 - __main__ - INFO - 162 - trainer - [78/190] Loss: 1.0587
2026/08/31 12:58:46 - __main__ - INFO - 162 - trainer - [117/190] Loss: 1.0534
2026/08/31 12:58:51 - __main__ - INFO - 162 - trainer - [156/190] Loss: 1.0730
2026/08/31 12:58:55 - __main__ - INFO - 167 - trainer - Average loss in epoch 375: 1.0592
2026/08/31 12:58:55 - __main__ - INFO - 117 - trainer - Epoch: 376
2026/08/31 12:58:55 - __main__ - INFO - 162 - trainer - [0/190] Loss: 1.0466
2026/08/31 12:59:01 - __main__ - INFO - 162 - trainer - [39/190] Loss: 1.0719
2026/08/31 12:59:06 - __main__ - INFO - 162 - trainer - [78/190] Loss: 1.0512
2026/08/31 12:59:12 - __main__ - INFO - 162 - trainer - [117/190] Loss: 1.0489
2026/08/31 12:59:17 - __main__ - INFO - 162 - trainer - [156/190] Loss: 1.0587
2026/08/31 12:59:21 - __main__ - INFO - 167 - trainer - Average loss in epoch 376: 1.0590
2026/08/31 12:59:21 - __main__ - INFO - 117 - trainer - Epoch: 377
2026/08/31 12:59:22 - __main__ - INFO - 162 - trainer - [0/190] Loss: 1.0433
2026/08/31 12:59:27 - __main__ - INFO - 162 - trainer - [39/190] Loss: 1.0545
2026/08/31 12:59:33 - __main__ - INFO - 162 - trainer - [78/190] Loss: 1.0624
2026/08/31 12:59:38 - __main__ - INFO - 162 - trainer - [117/190] Loss: 1.0633
2026/08/31 12:59:43 - __main__ - INFO - 162 - trainer - [156/190] Loss: 1.0751
2026/08/31 12:59:48 - __main__ - INFO - 167 - trainer - Average loss in epoch 377: 1.0598
2026/08/31 12:59:48 - __main__ - INFO - 117 - trainer - Epoch: 378
2026/08/31 12:59:48 - __main__ - INFO - 162 - trainer - [0/190] Loss: 1.0559
2026/08/31 12:59:53 - __main__ - INFO - 162 - trainer - [39/190] Loss: 1.0753
2026/08/31 12:59:59 - __main__ - INFO - 162 - trainer - [78/190] Loss: 1.0490
2026/08/31 13:00:04 - __main__ - INFO - 162 - trainer - [117/190] Loss: 1.0821
2026/08/31 13:00:09 - __main__ - INFO - 162 - trainer - [156/190] Loss: 1.0761
2026/08/31 13:00:14 - __main__ - INFO - 167 - trainer - Average loss in epoch 378: 1.0590
2026/08/31 13:00:14 - __main__ - INFO - 117 - trainer - Epoch: 379
2026/08/31 13:00:14 - __main__ - INFO - 162 - trainer - [0/190] Loss: 1.0481
2026/08/31 13:00:19 - __main__ - INFO - 162 - trainer - [39/190] Loss: 1.0481
2026/08/31 13:00:25 - __main__ - INFO - 162 - trainer - [78/190] Loss: 1.0784
2026/08/31 13:00:30 - __main__ - INFO - 162 - trainer - [117/190] Loss: 1.0554
2026/08/31 13:00:36 - __main__ - INFO - 162 - trainer - [156/190] Loss: 1.0485
2026/08/31 13:00:40 - __main__ - INFO - 167 - trainer - Average loss in epoch 379: 1.0597
2026/08/31 13:00:40 - __main__ - INFO - 117 - trainer - Epoch: 380
2026/08/31 13:00:40 - __main__ - INFO - 162 - trainer - [0/190] Loss: 1.0653
2026/08/31 13:00:45 - __main__ - INFO - 162 - trainer - [39/190] Loss: 1.0418
2026/08/31 13:00:51 - __main__ - INFO - 162 - trainer - [78/190] Loss: 1.0413
2026/08/31 13:00:56 - __main__ - INFO - 162 - trainer - [117/190] Loss: 1.0737
2026/08/31 13:01:01 - __main__ - INFO - 162 - trainer - [156/190] Loss: 1.0746
2026/08/31 13:01:05 - __main__ - INFO - 167 - trainer - Average loss in epoch 380: 1.0598
2026/08/31 13:01:05 - __main__ - INFO - 173 - trainer - start predicting: 2026-08-31 13:01:05.648124
2026/08/31 13:01:08 - __main__ - INFO - 117 - trainer - Epoch: 381
2026/08/31 13:01:08 - __main__ - INFO - 162 - trainer - [0/190] Loss: 1.0891
2026/08/31 13:01:13 - __main__ - INFO - 162 - trainer - [39/190] Loss: 1.0630
2026/08/31 13:01:19 - __main__ - INFO - 162 - trainer - [78/190] Loss: 1.0435
2026/08/31 13:01:24 - __main__ - INFO - 162 - trainer - [117/190] Loss: 1.0584
2026/08/31 13:01:29 - __main__ - INFO - 162 - trainer - [156/190] Loss: 1.0691
2026/08/31 13:01:34 - __main__ - INFO - 167 - trainer - Average loss in epoch 381: 1.0590
2026/08/31 13:01:34 - __main__ - INFO - 117 - trainer - Epoch: 382
2026/08/31 13:01:34 - __main__ - INFO - 162 - trainer - [0/190] Loss: 1.0653
2026/08/31 13:01:39 - __main__ - INFO - 162 - trainer - [39/190] Loss: 1.0474
2026/08/31 13:01:45 - __main__ - INFO - 162 - trainer - [78/190] Loss: 1.0562
2026/08/31 13:01:50 - __main__ - INFO - 162 - trainer - [117/190] Loss: 1.0580
2026/08/31 13:01:56 - __main__ - INFO - 162 - trainer - [156/190] Loss: 1.0538
2026/08/31 13:02:00 - __main__ - INFO - 167 - trainer - Average loss in epoch 382: 1.0587
2026/08/31 13:02:00 - __main__ - INFO - 117 - trainer - Epoch: 383
2026/08/31 13:02:01 - __main__ - INFO - 162 - trainer - [0/190] Loss: 1.0604
2026/08/31 13:02:06 - __main__ - INFO - 162 - trainer - [39/190] Loss: 1.0547
2026/08/31 13:02:11 - __main__ - INFO - 162 - trainer - [78/190] Loss: 1.0541
2026/08/31 13:02:17 - __main__ - INFO - 162 - trainer - [117/190] Loss: 1.0729
2026/08/31 13:02:22 - __main__ - INFO - 162 - trainer - [156/190] Loss: 1.0749
2026/08/31 13:02:26 - __main__ - INFO - 167 - trainer - Average loss in epoch 383: 1.0593
2026/08/31 13:02:26 - __main__ - INFO - 117 - trainer - Epoch: 384
2026/08/31 13:02:27 - __main__ - INFO - 162 - trainer - [0/190] Loss: 1.0657
2026/08/31 13:02:32 - __main__ - INFO - 162 - trainer - [39/190] Loss: 1.0552
2026/08/31 13:02:37 - __main__ - INFO - 162 - trainer - [78/190] Loss: 1.0554
2026/08/31 13:02:43 - __main__ - INFO - 162 - trainer - [117/190] Loss: 1.0558
2026/08/31 13:02:48 - __main__ - INFO - 162 - trainer - [156/190] Loss: 1.0510
2026/08/31 13:02:53 - __main__ - INFO - 167 - trainer - Average loss in epoch 384: 1.0591
2026/08/31 13:02:53 - __main__ - INFO - 117 - trainer - Epoch: 385
2026/08/31 13:02:53 - __main__ - INFO - 162 - trainer - [0/190] Loss: 1.0640
2026/08/31 13:02:58 - __main__ - INFO - 162 - trainer - [39/190] Loss: 1.0441
2026/08/31 13:03:03 - __main__ - INFO - 162 - trainer - [78/190] Loss: 1.0549
2026/08/31 13:03:09 - __main__ - INFO - 162 - trainer - [117/190] Loss: 1.0669
2026/08/31 13:03:14 - __main__ - INFO - 162 - trainer - [156/190] Loss: 1.0588
2026/08/31 13:03:19 - __main__ - INFO - 167 - trainer - Average loss in epoch 385: 1.0597
2026/08/31 13:03:19 - __main__ - INFO - 117 - trainer - Epoch: 386
2026/08/31 13:03:19 - __main__ - INFO - 162 - trainer - [0/190] Loss: 1.0680
2026/08/31 13:03:24 - __main__ - INFO - 162 - trainer - [39/190] Loss: 1.0706
2026/08/31 13:03:30 - __main__ - INFO - 162 - trainer - [78/190] Loss: 1.0716
2026/08/31 13:03:35 - __main__ - INFO - 162 - trainer - [117/190] Loss: 1.0675
2026/08/31 13:03:41 - __main__ - INFO - 162 - trainer - [156/190] Loss: 1.0694
2026/08/31 13:03:45 - __main__ - INFO - 167 - trainer - Average loss in epoch 386: 1.0590
2026/08/31 13:03:45 - __main__ - INFO - 117 - trainer - Epoch: 387
2026/08/31 13:03:45 - __main__ - INFO - 162 - trainer - [0/190] Loss: 1.0611
2026/08/31 13:03:51 - __main__ - INFO - 162 - trainer - [39/190] Loss: 1.0552
2026/08/31 13:03:56 - __main__ - INFO - 162 - trainer - [78/190] Loss: 1.0525
2026/08/31 13:04:01 - __main__ - INFO - 162 - trainer - [117/190] Loss: 1.0530
2026/08/31 13:04:07 - __main__ - INFO - 162 - trainer - [156/190] Loss: 1.0662
2026/08/31 13:04:11 - __main__ - INFO - 167 - trainer - Average loss in epoch 387: 1.0591
2026/08/31 13:04:11 - __main__ - INFO - 117 - trainer - Epoch: 388
2026/08/31 13:04:11 - __main__ - INFO - 162 - trainer - [0/190] Loss: 1.0583
2026/08/31 13:04:17 - __main__ - INFO - 162 - trainer - [39/190] Loss: 1.0534
2026/08/31 13:04:22 - __main__ - INFO - 162 - trainer - [78/190] Loss: 1.0418
2026/08/31 13:04:28 - __main__ - INFO - 162 - trainer - [117/190] Loss: 1.0559
2026/08/31 13:04:33 - __main__ - INFO - 162 - trainer - [156/190] Loss: 1.0750
2026/08/31 13:04:38 - __main__ - INFO - 167 - trainer - Average loss in epoch 388: 1.0596
2026/08/31 13:04:38 - __main__ - INFO - 117 - trainer - Epoch: 389
2026/08/31 13:04:38 - __main__ - INFO - 162 - trainer - [0/190] Loss: 1.0467
2026/08/31 13:04:43 - __main__ - INFO - 162 - trainer - [39/190] Loss: 1.0543
2026/08/31 13:04:49 - __main__ - INFO - 162 - trainer - [78/190] Loss: 1.0450
2026/08/31 13:04:54 - __main__ - INFO - 162 - trainer - [117/190] Loss: 1.0730
2026/08/31 13:04:59 - __main__ - INFO - 162 - trainer - [156/190] Loss: 1.0513
2026/08/31 13:05:04 - __main__ - INFO - 167 - trainer - Average loss in epoch 389: 1.0590
2026/08/31 13:05:04 - __main__ - INFO - 117 - trainer - Epoch: 390
2026/08/31 13:05:04 - __main__ - INFO - 162 - trainer - [0/190] Loss: 1.0487
2026/08/31 13:05:09 - __main__ - INFO - 162 - trainer - [39/190] Loss: 1.0567
2026/08/31 13:05:15 - __main__ - INFO - 162 - trainer - [78/190] Loss: 1.0551
2026/08/31 13:05:20 - __main__ - INFO - 162 - trainer - [117/190] Loss: 1.0408
2026/08/31 13:05:26 - __main__ - INFO - 162 - trainer - [156/190] Loss: 1.0575
2026/08/31 13:05:30 - __main__ - INFO - 167 - trainer - Average loss in epoch 390: 1.0594
2026/08/31 13:05:30 - __main__ - INFO - 117 - trainer - Epoch: 391
2026/08/31 13:05:30 - __main__ - INFO - 162 - trainer - [0/190] Loss: 1.0594
2026/08/31 13:05:36 - __main__ - INFO - 162 - trainer - [39/190] Loss: 1.0669
2026/08/31 13:05:41 - __main__ - INFO - 162 - trainer - [78/190] Loss: 1.0621
2026/08/31 13:05:47 - __main__ - INFO - 162 - trainer - [117/190] Loss: 1.0767
2026/08/31 13:05:52 - __main__ - INFO - 162 - trainer - [156/190] Loss: 1.0412
2026/08/31 13:05:56 - __main__ - INFO - 167 - trainer - Average loss in epoch 391: 1.0595
2026/08/31 13:05:56 - __main__ - INFO - 117 - trainer - Epoch: 392
2026/08/31 13:05:56 - __main__ - INFO - 162 - trainer - [0/190] Loss: 1.0459
2026/08/31 13:06:02 - __main__ - INFO - 162 - trainer - [39/190] Loss: 1.0529
2026/08/31 13:06:07 - __main__ - INFO - 162 - trainer - [78/190] Loss: 1.0532
2026/08/31 13:06:12 - __main__ - INFO - 162 - trainer - [117/190] Loss: 1.0822
2026/08/31 13:06:18 - __main__ - INFO - 162 - trainer - [156/190] Loss: 1.0720
2026/08/31 13:06:22 - __main__ - INFO - 167 - trainer - Average loss in epoch 392: 1.0595
2026/08/31 13:06:22 - __main__ - INFO - 117 - trainer - Epoch: 393
2026/08/31 13:06:23 - __main__ - INFO - 162 - trainer - [0/190] Loss: 1.0710
2026/08/31 13:06:28 - __main__ - INFO - 162 - trainer - [39/190] Loss: 1.0405
2026/08/31 13:06:33 - __main__ - INFO - 162 - trainer - [78/190] Loss: 1.0565
2026/08/31 13:06:38 - __main__ - INFO - 162 - trainer - [117/190] Loss: 1.0655
2026/08/31 13:06:43 - __main__ - INFO - 162 - trainer - [156/190] Loss: 1.0583
2026/08/31 13:06:47 - __main__ - INFO - 167 - trainer - Average loss in epoch 393: 1.0590
2026/08/31 13:06:47 - __main__ - INFO - 117 - trainer - Epoch: 394
2026/08/31 13:06:47 - __main__ - INFO - 162 - trainer - [0/190] Loss: 1.0798
2026/08/31 13:06:53 - __main__ - INFO - 162 - trainer - [39/190] Loss: 1.0410
2026/08/31 13:06:58 - __main__ - INFO - 162 - trainer - [78/190] Loss: 1.0817
2026/08/31 13:07:03 - __main__ - INFO - 162 - trainer - [117/190] Loss: 1.0309
2026/08/31 13:07:09 - __main__ - INFO - 162 - trainer - [156/190] Loss: 1.0595
2026/08/31 13:07:13 - __main__ - INFO - 167 - trainer - Average loss in epoch 394: 1.0601
2026/08/31 13:07:13 - __main__ - INFO - 117 - trainer - Epoch: 395
2026/08/31 13:07:13 - __main__ - INFO - 162 - trainer - [0/190] Loss: 1.0543
2026/08/31 13:07:19 - __main__ - INFO - 162 - trainer - [39/190] Loss: 1.0479
2026/08/31 13:07:24 - __main__ - INFO - 162 - trainer - [78/190] Loss: 1.0557
2026/08/31 13:07:30 - __main__ - INFO - 162 - trainer - [117/190] Loss: 1.0602
2026/08/31 13:07:35 - __main__ - INFO - 162 - trainer - [156/190] Loss: 1.0664
2026/08/31 13:07:40 - __main__ - INFO - 167 - trainer - Average loss in epoch 395: 1.0589
2026/08/31 13:07:40 - __main__ - INFO - 117 - trainer - Epoch: 396
2026/08/31 13:07:40 - __main__ - INFO - 162 - trainer - [0/190] Loss: 1.0729
2026/08/31 13:07:45 - __main__ - INFO - 162 - trainer - [39/190] Loss: 1.0620
2026/08/31 13:07:51 - __main__ - INFO - 162 - trainer - [78/190] Loss: 1.0600
2026/08/31 13:07:56 - __main__ - INFO - 162 - trainer - [117/190] Loss: 1.0639
2026/08/31 13:08:01 - __main__ - INFO - 162 - trainer - [156/190] Loss: 1.0527
2026/08/31 13:08:06 - __main__ - INFO - 167 - trainer - Average loss in epoch 396: 1.0588
2026/08/31 13:08:06 - __main__ - INFO - 117 - trainer - Epoch: 397
2026/08/31 13:08:06 - __main__ - INFO - 162 - trainer - [0/190] Loss: 1.0749
2026/08/31 13:08:11 - __main__ - INFO - 162 - trainer - [39/190] Loss: 1.0686
2026/08/31 13:08:17 - __main__ - INFO - 162 - trainer - [78/190] Loss: 1.0771
2026/08/31 13:08:22 - __main__ - INFO - 162 - trainer - [117/190] Loss: 1.0470
2026/08/31 13:08:28 - __main__ - INFO - 162 - trainer - [156/190] Loss: 1.0564
2026/08/31 13:08:32 - __main__ - INFO - 167 - trainer - Average loss in epoch 397: 1.0593
2026/08/31 13:08:32 - __main__ - INFO - 117 - trainer - Epoch: 398
2026/08/31 13:08:32 - __main__ - INFO - 162 - trainer - [0/190] Loss: 1.0486
2026/08/31 13:08:38 - __main__ - INFO - 162 - trainer - [39/190] Loss: 1.0599
2026/08/31 13:08:43 - __main__ - INFO - 162 - trainer - [78/190] Loss: 1.0726
2026/08/31 13:08:48 - __main__ - INFO - 162 - trainer - [117/190] Loss: 1.0630
2026/08/31 13:08:54 - __main__ - INFO - 162 - trainer - [156/190] Loss: 1.0414
2026/08/31 13:08:58 - __main__ - INFO - 167 - trainer - Average loss in epoch 398: 1.0594
2026/08/31 13:08:58 - __main__ - INFO - 117 - trainer - Epoch: 399
2026/08/31 13:08:58 - __main__ - INFO - 162 - trainer - [0/190] Loss: 1.0598
2026/08/31 13:09:04 - __main__ - INFO - 162 - trainer - [39/190] Loss: 1.0672
2026/08/31 13:09:09 - __main__ - INFO - 162 - trainer - [78/190] Loss: 1.0557
2026/08/31 13:09:14 - __main__ - INFO - 162 - trainer - [117/190] Loss: 1.0594
2026/08/31 13:09:20 - __main__ - INFO - 162 - trainer - [156/190] Loss: 1.0658
2026/08/31 13:09:24 - __main__ - INFO - 167 - trainer - Average loss in epoch 399: 1.0597
2026/08/31 13:09:24 - __main__ - INFO - 117 - trainer - Epoch: 400
2026/08/31 13:09:24 - __main__ - INFO - 162 - trainer - [0/190] Loss: 1.0560
2026/08/31 13:09:30 - __main__ - INFO - 162 - trainer - [39/190] Loss: 1.0672
2026/08/31 13:09:35 - __main__ - INFO - 162 - trainer - [78/190] Loss: 1.0524
2026/08/31 13:09:40 - __main__ - INFO - 162 - trainer - [117/190] Loss: 1.0606
2026/08/31 13:09:46 - __main__ - INFO - 162 - trainer - [156/190] Loss: 1.0461
2026/08/31 13:09:50 - __main__ - INFO - 167 - trainer - Average loss in epoch 400: 1.0595
2026/08/31 13:09:50 - __main__ - INFO - 173 - trainer - start predicting: 2026-08-31 13:09:50.679727
2026/08/31 13:09:53 - __main__ - INFO - 117 - trainer - Epoch: 401
2026/08/31 13:09:53 - __main__ - INFO - 162 - trainer - [0/190] Loss: 1.0727
2026/08/31 13:09:58 - __main__ - INFO - 162 - trainer - [39/190] Loss: 1.0570
2026/08/31 13:10:04 - __main__ - INFO - 162 - trainer - [78/190] Loss: 1.0469
2026/08/31 13:10:09 - __main__ - INFO - 162 - trainer - [117/190] Loss: 1.0760
2026/08/31 13:10:14 - __main__ - INFO - 162 - trainer - [156/190] Loss: 1.0634
2026/08/31 13:10:19 - __main__ - INFO - 167 - trainer - Average loss in epoch 401: 1.0595
2026/08/31 13:10:19 - __main__ - INFO - 117 - trainer - Epoch: 402
2026/08/31 13:10:19 - __main__ - INFO - 162 - trainer - [0/190] Loss: 1.0455
2026/08/31 13:10:24 - __main__ - INFO - 162 - trainer - [39/190] Loss: 1.0660
2026/08/31 13:10:30 - __main__ - INFO - 162 - trainer - [78/190] Loss: 1.0652
2026/08/31 13:10:35 - __main__ - INFO - 162 - trainer - [117/190] Loss: 1.0625
2026/08/31 13:10:41 - __main__ - INFO - 162 - trainer - [156/190] Loss: 1.0554
2026/08/31 13:10:45 - __main__ - INFO - 167 - trainer - Average loss in epoch 402: 1.0593
2026/08/31 13:10:45 - __main__ - INFO - 117 - trainer - Epoch: 403
2026/08/31 13:10:45 - __main__ - INFO - 162 - trainer - [0/190] Loss: 1.0461
2026/08/31 13:10:51 - __main__ - INFO - 162 - trainer - [39/190] Loss: 1.0385
2026/08/31 13:10:56 - __main__ - INFO - 162 - trainer - [78/190] Loss: 1.0661
2026/08/31 13:11:01 - __main__ - INFO - 162 - trainer - [117/190] Loss: 1.0655
2026/08/31 13:11:07 - __main__ - INFO - 162 - trainer - [156/190] Loss: 1.0661
2026/08/31 13:11:11 - __main__ - INFO - 167 - trainer - Average loss in epoch 403: 1.0593
2026/08/31 13:11:11 - __main__ - INFO - 117 - trainer - Epoch: 404
2026/08/31 13:11:11 - __main__ - INFO - 162 - trainer - [0/190] Loss: 1.0702
2026/08/31 13:11:16 - __main__ - INFO - 162 - trainer - [39/190] Loss: 1.0489
2026/08/31 13:11:21 - __main__ - INFO - 162 - trainer - [78/190] Loss: 1.0708
2026/08/31 13:11:26 - __main__ - INFO - 162 - trainer - [117/190] Loss: 1.0433
2026/08/31 13:11:31 - __main__ - INFO - 162 - trainer - [156/190] Loss: 1.0347
2026/08/31 13:11:35 - __main__ - INFO - 167 - trainer - Average loss in epoch 404: 1.0591
2026/08/31 13:11:35 - __main__ - INFO - 117 - trainer - Epoch: 405
2026/08/31 13:11:36 - __main__ - INFO - 162 - trainer - [0/190] Loss: 1.0458
2026/08/31 13:11:41 - __main__ - INFO - 162 - trainer - [39/190] Loss: 1.0526
2026/08/31 13:11:46 - __main__ - INFO - 162 - trainer - [78/190] Loss: 1.0499
2026/08/31 13:11:52 - __main__ - INFO - 162 - trainer - [117/190] Loss: 1.0552
2026/08/31 13:11:57 - __main__ - INFO - 162 - trainer - [156/190] Loss: 1.0444
2026/08/31 13:12:01 - __main__ - INFO - 167 - trainer - Average loss in epoch 405: 1.0593
2026/08/31 13:12:01 - __main__ - INFO - 117 - trainer - Epoch: 406
2026/08/31 13:12:01 - __main__ - INFO - 162 - trainer - [0/190] Loss: 1.0553
2026/08/31 13:12:07 - __main__ - INFO - 162 - trainer - [39/190] Loss: 1.0502
2026/08/31 13:12:12 - __main__ - INFO - 162 - trainer - [78/190] Loss: 1.0331
2026/08/31 13:12:17 - __main__ - INFO - 162 - trainer - [117/190] Loss: 1.0819
2026/08/31 13:12:23 - __main__ - INFO - 162 - trainer - [156/190] Loss: 1.0811
2026/08/31 13:12:27 - __main__ - INFO - 167 - trainer - Average loss in epoch 406: 1.0590
2026/08/31 13:12:27 - __main__ - INFO - 117 - trainer - Epoch: 407
2026/08/31 13:12:27 - __main__ - INFO - 162 - trainer - [0/190] Loss: 1.0702
2026/08/31 13:12:33 - __main__ - INFO - 162 - trainer - [39/190] Loss: 1.0585
2026/08/31 13:12:38 - __main__ - INFO - 162 - trainer - [78/190] Loss: 1.0635
2026/08/31 13:12:44 - __main__ - INFO - 162 - trainer - [117/190] Loss: 1.0478
2026/08/31 13:12:49 - __main__ - INFO - 162 - trainer - [156/190] Loss: 1.0449
2026/08/31 13:12:53 - __main__ - INFO - 167 - trainer - Average loss in epoch 407: 1.0599
2026/08/31 13:12:53 - __main__ - INFO - 117 - trainer - Epoch: 408
2026/08/31 13:12:54 - __main__ - INFO - 162 - trainer - [0/190] Loss: 1.0669
2026/08/31 13:12:59 - __main__ - INFO - 162 - trainer - [39/190] Loss: 1.0560
2026/08/31 13:13:04 - __main__ - INFO - 162 - trainer - [78/190] Loss: 1.0767
2026/08/31 13:13:10 - __main__ - INFO - 162 - trainer - [117/190] Loss: 1.0362
2026/08/31 13:13:15 - __main__ - INFO - 162 - trainer - [156/190] Loss: 1.0734
2026/08/31 13:13:20 - __main__ - INFO - 167 - trainer - Average loss in epoch 408: 1.0590
2026/08/31 13:13:20 - __main__ - INFO - 117 - trainer - Epoch: 409
2026/08/31 13:13:20 - __main__ - INFO - 162 - trainer - [0/190] Loss: 1.0409
2026/08/31 13:13:25 - __main__ - INFO - 162 - trainer - [39/190] Loss: 1.0720
2026/08/31 13:13:31 - __main__ - INFO - 162 - trainer - [78/190] Loss: 1.0403
2026/08/31 13:13:36 - __main__ - INFO - 162 - trainer - [117/190] Loss: 1.0459
2026/08/31 13:13:42 - __main__ - INFO - 162 - trainer - [156/190] Loss: 1.0528
2026/08/31 13:13:46 - __main__ - INFO - 167 - trainer - Average loss in epoch 409: 1.0590
2026/08/31 13:13:46 - __main__ - INFO - 117 - trainer - Epoch: 410
2026/08/31 13:13:46 - __main__ - INFO - 162 - trainer - [0/190] Loss: 1.0731
2026/08/31 13:13:51 - __main__ - INFO - 162 - trainer - [39/190] Loss: 1.0438
2026/08/31 13:13:56 - __main__ - INFO - 162 - trainer - [78/190] Loss: 1.0424
2026/08/31 13:14:01 - __main__ - INFO - 162 - trainer - [117/190] Loss: 1.0555
2026/08/31 13:14:06 - __main__ - INFO - 162 - trainer - [156/190] Loss: 1.0633
2026/08/31 13:14:10 - __main__ - INFO - 167 - trainer - Average loss in epoch 410: 1.0587
2026/08/31 13:14:10 - __main__ - INFO - 117 - trainer - Epoch: 411
2026/08/31 13:14:10 - __main__ - INFO - 162 - trainer - [0/190] Loss: 1.0697
2026/08/31 13:14:16 - __main__ - INFO - 162 - trainer - [39/190] Loss: 1.0665
2026/08/31 13:14:21 - __main__ - INFO - 162 - trainer - [78/190] Loss: 1.0489
2026/08/31 13:14:27 - __main__ - INFO - 162 - trainer - [117/190] Loss: 1.0614
2026/08/31 13:14:32 - __main__ - INFO - 162 - trainer - [156/190] Loss: 1.0573
2026/08/31 13:14:37 - __main__ - INFO - 167 - trainer - Average loss in epoch 411: 1.0594
2026/08/31 13:14:37 - __main__ - INFO - 117 - trainer - Epoch: 412
2026/08/31 13:14:37 - __main__ - INFO - 162 - trainer - [0/190] Loss: 1.0544
2026/08/31 13:14:42 - __main__ - INFO - 162 - trainer - [39/190] Loss: 1.0691
2026/08/31 13:14:47 - __main__ - INFO - 162 - trainer - [78/190] Loss: 1.0668
2026/08/31 13:14:53 - __main__ - INFO - 162 - trainer - [117/190] Loss: 1.0581
2026/08/31 13:14:58 - __main__ - INFO - 162 - trainer - [156/190] Loss: 1.0361
2026/08/31 13:15:02 - __main__ - INFO - 167 - trainer - Average loss in epoch 412: 1.0600
2026/08/31 13:15:02 - __main__ - INFO - 117 - trainer - Epoch: 413
2026/08/31 13:15:02 - __main__ - INFO - 162 - trainer - [0/190] Loss: 1.0457
2026/08/31 13:15:08 - __main__ - INFO - 162 - trainer - [39/190] Loss: 1.0633
2026/08/31 13:15:13 - __main__ - INFO - 162 - trainer - [78/190] Loss: 1.0666
2026/08/31 13:15:19 - __main__ - INFO - 162 - trainer - [117/190] Loss: 1.0712
2026/08/31 13:15:24 - __main__ - INFO - 162 - trainer - [156/190] Loss: 1.0426
2026/08/31 13:15:29 - __main__ - INFO - 167 - trainer - Average loss in epoch 413: 1.0594
2026/08/31 13:15:29 - __main__ - INFO - 117 - trainer - Epoch: 414
2026/08/31 13:15:29 - __main__ - INFO - 162 - trainer - [0/190] Loss: 1.0740
2026/08/31 13:15:34 - __main__ - INFO - 162 - trainer - [39/190] Loss: 1.0402
2026/08/31 13:15:40 - __main__ - INFO - 162 - trainer - [78/190] Loss: 1.0622
2026/08/31 13:15:45 - __main__ - INFO - 162 - trainer - [117/190] Loss: 1.0817
2026/08/31 13:15:50 - __main__ - INFO - 162 - trainer - [156/190] Loss: 1.0510
2026/08/31 13:15:55 - __main__ - INFO - 167 - trainer - Average loss in epoch 414: 1.0587
2026/08/31 13:15:55 - __main__ - INFO - 117 - trainer - Epoch: 415
2026/08/31 13:15:55 - __main__ - INFO - 162 - trainer - [0/190] Loss: 1.0455
2026/08/31 13:16:00 - __main__ - INFO - 162 - trainer - [39/190] Loss: 1.0502
2026/08/31 13:16:06 - __main__ - INFO - 162 - trainer - [78/190] Loss: 1.0746
2026/08/31 13:16:11 - __main__ - INFO - 162 - trainer - [117/190] Loss: 1.0518
2026/08/31 13:16:16 - __main__ - INFO - 162 - trainer - [156/190] Loss: 1.0680
2026/08/31 13:16:21 - __main__ - INFO - 167 - trainer - Average loss in epoch 415: 1.0586
2026/08/31 13:16:21 - __main__ - INFO - 117 - trainer - Epoch: 416
2026/08/31 13:16:21 - __main__ - INFO - 162 - trainer - [0/190] Loss: 1.0889
2026/08/31 13:16:26 - __main__ - INFO - 162 - trainer - [39/190] Loss: 1.0460
2026/08/31 13:16:31 - __main__ - INFO - 162 - trainer - [78/190] Loss: 1.0566
2026/08/31 13:16:36 - __main__ - INFO - 162 - trainer - [117/190] Loss: 1.0431
2026/08/31 13:16:41 - __main__ - INFO - 162 - trainer - [156/190] Loss: 1.0772
2026/08/31 13:16:45 - __main__ - INFO - 167 - trainer - Average loss in epoch 416: 1.0599
2026/08/31 13:16:45 - __main__ - INFO - 117 - trainer - Epoch: 417
2026/08/31 13:16:45 - __main__ - INFO - 162 - trainer - [0/190] Loss: 1.0628
2026/08/31 13:16:51 - __main__ - INFO - 162 - trainer - [39/190] Loss: 1.0393
2026/08/31 13:16:56 - __main__ - INFO - 162 - trainer - [78/190] Loss: 1.0432
2026/08/31 13:17:01 - __main__ - INFO - 162 - trainer - [117/190] Loss: 1.0739
2026/08/31 13:17:07 - __main__ - INFO - 162 - trainer - [156/190] Loss: 1.0629
2026/08/31 13:17:11 - __main__ - INFO - 167 - trainer - Average loss in epoch 417: 1.0597
2026/08/31 13:17:11 - __main__ - INFO - 117 - trainer - Epoch: 418
2026/08/31 13:17:11 - __main__ - INFO - 162 - trainer - [0/190] Loss: 1.0679
2026/08/31 13:17:16 - __main__ - INFO - 162 - trainer - [39/190] Loss: 1.0718
2026/08/31 13:17:21 - __main__ - INFO - 162 - trainer - [78/190] Loss: 1.0591
2026/08/31 13:17:26 - __main__ - INFO - 162 - trainer - [117/190] Loss: 1.0701
2026/08/31 13:17:31 - __main__ - INFO - 162 - trainer - [156/190] Loss: 1.0481
2026/08/31 13:17:35 - __main__ - INFO - 167 - trainer - Average loss in epoch 418: 1.0590
2026/08/31 13:17:35 - __main__ - INFO - 117 - trainer - Epoch: 419
2026/08/31 13:17:35 - __main__ - INFO - 162 - trainer - [0/190] Loss: 1.0607
2026/08/31 13:17:41 - __main__ - INFO - 162 - trainer - [39/190] Loss: 1.0473
2026/08/31 13:17:46 - __main__ - INFO - 162 - trainer - [78/190] Loss: 1.0647
2026/08/31 13:17:52 - __main__ - INFO - 162 - trainer - [117/190] Loss: 1.0610
2026/08/31 13:17:57 - __main__ - INFO - 162 - trainer - [156/190] Loss: 1.0527
2026/08/31 13:18:02 - __main__ - INFO - 167 - trainer - Average loss in epoch 419: 1.0593
2026/08/31 13:18:02 - __main__ - INFO - 117 - trainer - Epoch: 420
2026/08/31 13:18:02 - __main__ - INFO - 162 - trainer - [0/190] Loss: 1.0443
2026/08/31 13:18:07 - __main__ - INFO - 162 - trainer - [39/190] Loss: 1.0639
2026/08/31 13:18:13 - __main__ - INFO - 162 - trainer - [78/190] Loss: 1.0639
2026/08/31 13:18:18 - __main__ - INFO - 162 - trainer - [117/190] Loss: 1.0797
2026/08/31 13:18:23 - __main__ - INFO - 162 - trainer - [156/190] Loss: 1.0670
2026/08/31 13:18:28 - __main__ - INFO - 167 - trainer - Average loss in epoch 420: 1.0594
2026/08/31 13:18:28 - __main__ - INFO - 173 - trainer - start predicting: 2026-08-31 13:18:28.322091
2026/08/31 13:18:30 - __main__ - INFO - 117 - trainer - Epoch: 421
2026/08/31 13:18:30 - __main__ - INFO - 162 - trainer - [0/190] Loss: 1.0627
2026/08/31 13:18:36 - __main__ - INFO - 162 - trainer - [39/190] Loss: 1.0224
2026/08/31 13:18:41 - __main__ - INFO - 162 - trainer - [78/190] Loss: 1.0601
2026/08/31 13:18:46 - __main__ - INFO - 162 - trainer - [117/190] Loss: 1.0655
2026/08/31 13:18:51 - __main__ - INFO - 162 - trainer - [156/190] Loss: 1.0504
2026/08/31 13:18:55 - __main__ - INFO - 167 - trainer - Average loss in epoch 421: 1.0595
2026/08/31 13:18:55 - __main__ - INFO - 117 - trainer - Epoch: 422
2026/08/31 13:18:55 - __main__ - INFO - 162 - trainer - [0/190] Loss: 1.0463
2026/08/31 13:19:01 - __main__ - INFO - 162 - trainer - [39/190] Loss: 1.0740
2026/08/31 13:19:06 - __main__ - INFO - 162 - trainer - [78/190] Loss: 1.0382
2026/08/31 13:19:11 - __main__ - INFO - 162 - trainer - [117/190] Loss: 1.0668
2026/08/31 13:19:17 - __main__ - INFO - 162 - trainer - [156/190] Loss: 1.0287
2026/08/31 13:19:21 - __main__ - INFO - 167 - trainer - Average loss in epoch 422: 1.0592
2026/08/31 13:19:21 - __main__ - INFO - 117 - trainer - Epoch: 423
2026/08/31 13:19:21 - __main__ - INFO - 162 - trainer - [0/190] Loss: 1.0440
2026/08/31 13:19:27 - __main__ - INFO - 162 - trainer - [39/190] Loss: 1.0536
2026/08/31 13:19:32 - __main__ - INFO - 162 - trainer - [78/190] Loss: 1.0640
2026/08/31 13:19:37 - __main__ - INFO - 162 - trainer - [117/190] Loss: 1.0530
2026/08/31 13:19:43 - __main__ - INFO - 162 - trainer - [156/190] Loss: 1.0743
2026/08/31 13:19:47 - __main__ - INFO - 167 - trainer - Average loss in epoch 423: 1.0594
2026/08/31 13:19:47 - __main__ - INFO - 117 - trainer - Epoch: 424
2026/08/31 13:19:47 - __main__ - INFO - 162 - trainer - [0/190] Loss: 1.0522
2026/08/31 13:19:52 - __main__ - INFO - 162 - trainer - [39/190] Loss: 1.0638
2026/08/31 13:19:58 - __main__ - INFO - 162 - trainer - [78/190] Loss: 1.0612
2026/08/31 13:20:03 - __main__ - INFO - 162 - trainer - [117/190] Loss: 1.0502
2026/08/31 13:20:08 - __main__ - INFO - 162 - trainer - [156/190] Loss: 1.0433
2026/08/31 13:20:13 - __main__ - INFO - 167 - trainer - Average loss in epoch 424: 1.0592
2026/08/31 13:20:13 - __main__ - INFO - 117 - trainer - Epoch: 425
2026/08/31 13:20:13 - __main__ - INFO - 162 - trainer - [0/190] Loss: 1.0469
2026/08/31 13:20:18 - __main__ - INFO - 162 - trainer - [39/190] Loss: 1.0362
2026/08/31 13:20:24 - __main__ - INFO - 162 - trainer - [78/190] Loss: 1.0552
2026/08/31 13:20:29 - __main__ - INFO - 162 - trainer - [117/190] Loss: 1.0615
2026/08/31 13:20:34 - __main__ - INFO - 162 - trainer - [156/190] Loss: 1.0624
2026/08/31 13:20:39 - __main__ - INFO - 167 - trainer - Average loss in epoch 425: 1.0597
2026/08/31 13:20:39 - __main__ - INFO - 117 - trainer - Epoch: 426
2026/08/31 13:20:39 - __main__ - INFO - 162 - trainer - [0/190] Loss: 1.0672
2026/08/31 13:20:44 - __main__ - INFO - 162 - trainer - [39/190] Loss: 1.0668
2026/08/31 13:20:49 - __main__ - INFO - 162 - trainer - [78/190] Loss: 1.0537
2026/08/31 13:20:55 - __main__ - INFO - 162 - trainer - [117/190] Loss: 1.0728
2026/08/31 13:21:00 - __main__ - INFO - 162 - trainer - [156/190] Loss: 1.0744
2026/08/31 13:21:05 - __main__ - INFO - 167 - trainer - Average loss in epoch 426: 1.0589
2026/08/31 13:21:05 - __main__ - INFO - 117 - trainer - Epoch: 427
2026/08/31 13:21:05 - __main__ - INFO - 162 - trainer - [0/190] Loss: 1.0632
2026/08/31 13:21:10 - __main__ - INFO - 162 - trainer - [39/190] Loss: 1.0283
2026/08/31 13:21:15 - __main__ - INFO - 162 - trainer - [78/190] Loss: 1.0619
2026/08/31 13:21:20 - __main__ - INFO - 162 - trainer - [117/190] Loss: 1.0620
2026/08/31 13:21:25 - __main__ - INFO - 162 - trainer - [156/190] Loss: 1.0529
2026/08/31 13:21:29 - __main__ - INFO - 167 - trainer - Average loss in epoch 427: 1.0591
2026/08/31 13:21:29 - __main__ - INFO - 117 - trainer - Epoch: 428
2026/08/31 13:21:30 - __main__ - INFO - 162 - trainer - [0/190] Loss: 1.0873
2026/08/31 13:21:35 - __main__ - INFO - 162 - trainer - [39/190] Loss: 1.0710
2026/08/31 13:21:40 - __main__ - INFO - 162 - trainer - [78/190] Loss: 1.0355
2026/08/31 13:21:45 - __main__ - INFO - 162 - trainer - [117/190] Loss: 1.0579
2026/08/31 13:21:51 - __main__ - INFO - 162 - trainer - [156/190] Loss: 1.0707
2026/08/31 13:21:55 - __main__ - INFO - 167 - trainer - Average loss in epoch 428: 1.0591
2026/08/31 13:21:55 - __main__ - INFO - 117 - trainer - Epoch: 429
2026/08/31 13:21:55 - __main__ - INFO - 162 - trainer - [0/190] Loss: 1.0509
2026/08/31 13:22:00 - __main__ - INFO - 162 - trainer - [39/190] Loss: 1.0295
2026/08/31 13:22:06 - __main__ - INFO - 162 - trainer - [78/190] Loss: 1.0649
2026/08/31 13:22:11 - __main__ - INFO - 162 - trainer - [117/190] Loss: 1.0611
2026/08/31 13:22:17 - __main__ - INFO - 162 - trainer - [156/190] Loss: 1.0445
2026/08/31 13:22:21 - __main__ - INFO - 167 - trainer - Average loss in epoch 429: 1.0592
2026/08/31 13:22:21 - __main__ - INFO - 117 - trainer - Epoch: 430
2026/08/31 13:22:21 - __main__ - INFO - 162 - trainer - [0/190] Loss: 1.0565
2026/08/31 13:22:26 - __main__ - INFO - 162 - trainer - [39/190] Loss: 1.0181
2026/08/31 13:22:31 - __main__ - INFO - 162 - trainer - [78/190] Loss: 1.0545
2026/08/31 13:22:36 - __main__ - INFO - 162 - trainer - [117/190] Loss: 1.0467
2026/08/31 13:22:41 - __main__ - INFO - 162 - trainer - [156/190] Loss: 1.0929
2026/08/31 13:22:45 - __main__ - INFO - 167 - trainer - Average loss in epoch 430: 1.0603
2026/08/31 13:22:45 - __main__ - INFO - 117 - trainer - Epoch: 431
2026/08/31 13:22:45 - __main__ - INFO - 162 - trainer - [0/190] Loss: 1.0645
2026/08/31 13:22:50 - __main__ - INFO - 162 - trainer - [39/190] Loss: 1.0726
2026/08/31 13:22:56 - __main__ - INFO - 162 - trainer - [78/190] Loss: 1.0529
2026/08/31 13:23:01 - __main__ - INFO - 162 - trainer - [117/190] Loss: 1.0797
2026/08/31 13:23:06 - __main__ - INFO - 162 - trainer - [156/190] Loss: 1.0741
2026/08/31 13:23:11 - __main__ - INFO - 167 - trainer - Average loss in epoch 431: 1.0585
2026/08/31 13:23:11 - __main__ - INFO - 117 - trainer - Epoch: 432
2026/08/31 13:23:11 - __main__ - INFO - 162 - trainer - [0/190] Loss: 1.0689
2026/08/31 13:23:17 - __main__ - INFO - 162 - trainer - [39/190] Loss: 1.0732
2026/08/31 13:23:22 - __main__ - INFO - 162 - trainer - [78/190] Loss: 1.0720
2026/08/31 13:23:28 - __main__ - INFO - 162 - trainer - [117/190] Loss: 1.0502
2026/08/31 13:23:33 - __main__ - INFO - 162 - trainer - [156/190] Loss: 1.0712
2026/08/31 13:23:37 - __main__ - INFO - 167 - trainer - Average loss in epoch 432: 1.0594
2026/08/31 13:23:37 - __main__ - INFO - 117 - trainer - Epoch: 433
2026/08/31 13:23:38 - __main__ - INFO - 162 - trainer - [0/190] Loss: 1.0550
2026/08/31 13:23:43 - __main__ - INFO - 162 - trainer - [39/190] Loss: 1.0797
2026/08/31 13:23:48 - __main__ - INFO - 162 - trainer - [78/190] Loss: 1.0517
2026/08/31 13:23:53 - __main__ - INFO - 162 - trainer - [117/190] Loss: 1.0606
2026/08/31 13:23:59 - __main__ - INFO - 162 - trainer - [156/190] Loss: 1.0625
2026/08/31 13:24:03 - __main__ - INFO - 167 - trainer - Average loss in epoch 433: 1.0589
2026/08/31 13:24:03 - __main__ - INFO - 117 - trainer - Epoch: 434
2026/08/31 13:24:03 - __main__ - INFO - 162 - trainer - [0/190] Loss: 1.0636
2026/08/31 13:24:09 - __main__ - INFO - 162 - trainer - [39/190] Loss: 1.0689
2026/08/31 13:24:14 - __main__ - INFO - 162 - trainer - [78/190] Loss: 1.0810
2026/08/31 13:24:19 - __main__ - INFO - 162 - trainer - [117/190] Loss: 1.0638
2026/08/31 13:24:24 - __main__ - INFO - 162 - trainer - [156/190] Loss: 1.0472
2026/08/31 13:24:28 - __main__ - INFO - 167 - trainer - Average loss in epoch 434: 1.0598
2026/08/31 13:24:28 - __main__ - INFO - 117 - trainer - Epoch: 435
2026/08/31 13:24:28 - __main__ - INFO - 162 - trainer - [0/190] Loss: 1.0597
2026/08/31 13:24:33 - __main__ - INFO - 162 - trainer - [39/190] Loss: 1.0586
2026/08/31 13:24:39 - __main__ - INFO - 162 - trainer - [78/190] Loss: 1.0580
2026/08/31 13:24:44 - __main__ - INFO - 162 - trainer - [117/190] Loss: 1.0433
2026/08/31 13:24:49 - __main__ - INFO - 162 - trainer - [156/190] Loss: 1.0434
2026/08/31 13:24:54 - __main__ - INFO - 167 - trainer - Average loss in epoch 435: 1.0587
2026/08/31 13:24:54 - __main__ - INFO - 117 - trainer - Epoch: 436
2026/08/31 13:24:54 - __main__ - INFO - 162 - trainer - [0/190] Loss: 1.0562
2026/08/31 13:24:59 - __main__ - INFO - 162 - trainer - [39/190] Loss: 1.0582
2026/08/31 13:25:05 - __main__ - INFO - 162 - trainer - [78/190] Loss: 1.0656
2026/08/31 13:25:10 - __main__ - INFO - 162 - trainer - [117/190] Loss: 1.0498
2026/08/31 13:25:16 - __main__ - INFO - 162 - trainer - [156/190] Loss: 1.0606
2026/08/31 13:25:20 - __main__ - INFO - 167 - trainer - Average loss in epoch 436: 1.0599
2026/08/31 13:25:20 - __main__ - INFO - 117 - trainer - Epoch: 437
2026/08/31 13:25:20 - __main__ - INFO - 162 - trainer - [0/190] Loss: 1.0832
2026/08/31 13:25:26 - __main__ - INFO - 162 - trainer - [39/190] Loss: 1.0581
2026/08/31 13:25:31 - __main__ - INFO - 162 - trainer - [78/190] Loss: 1.0556
2026/08/31 13:25:36 - __main__ - INFO - 162 - trainer - [117/190] Loss: 1.0597
2026/08/31 13:25:41 - __main__ - INFO - 162 - trainer - [156/190] Loss: 1.0553
2026/08/31 13:25:46 - __main__ - INFO - 167 - trainer - Average loss in epoch 437: 1.0589
2026/08/31 13:25:46 - __main__ - INFO - 117 - trainer - Epoch: 438
2026/08/31 13:25:46 - __main__ - INFO - 162 - trainer - [0/190] Loss: 1.0487
2026/08/31 13:25:52 - __main__ - INFO - 162 - trainer - [39/190] Loss: 1.0661
2026/08/31 13:25:57 - __main__ - INFO - 162 - trainer - [78/190] Loss: 1.0731
2026/08/31 13:26:02 - __main__ - INFO - 162 - trainer - [117/190] Loss: 1.0482
2026/08/31 13:26:08 - __main__ - INFO - 162 - trainer - [156/190] Loss: 1.0403
2026/08/31 13:26:12 - __main__ - INFO - 167 - trainer - Average loss in epoch 438: 1.0589
2026/08/31 13:26:12 - __main__ - INFO - 117 - trainer - Epoch: 439
2026/08/31 13:26:12 - __main__ - INFO - 162 - trainer - [0/190] Loss: 1.0630
2026/08/31 13:26:18 - __main__ - INFO - 162 - trainer - [39/190] Loss: 1.0636
2026/08/31 13:26:23 - __main__ - INFO - 162 - trainer - [78/190] Loss: 1.0712
2026/08/31 13:26:28 - __main__ - INFO - 162 - trainer - [117/190] Loss: 1.0704
2026/08/31 13:26:34 - __main__ - INFO - 162 - trainer - [156/190] Loss: 1.0612
2026/08/31 13:26:38 - __main__ - INFO - 167 - trainer - Average loss in epoch 439: 1.0581
2026/08/31 13:26:38 - __main__ - INFO - 117 - trainer - Epoch: 440
2026/08/31 13:26:38 - __main__ - INFO - 162 - trainer - [0/190] Loss: 1.0694
2026/08/31 13:26:44 - __main__ - INFO - 162 - trainer - [39/190] Loss: 1.0724
2026/08/31 13:26:49 - __main__ - INFO - 162 - trainer - [78/190] Loss: 1.0765
2026/08/31 13:26:54 - __main__ - INFO - 162 - trainer - [117/190] Loss: 1.0719
2026/08/31 13:27:00 - __main__ - INFO - 162 - trainer - [156/190] Loss: 1.0470
2026/08/31 13:27:04 - __main__ - INFO - 167 - trainer - Average loss in epoch 440: 1.0584
2026/08/31 13:27:04 - __main__ - INFO - 173 - trainer - start predicting: 2026-08-31 13:27:04.975331
2026/08/31 13:27:07 - __main__ - INFO - 117 - trainer - Epoch: 441
2026/08/31 13:27:07 - __main__ - INFO - 162 - trainer - [0/190] Loss: 1.0858
2026/08/31 13:27:13 - __main__ - INFO - 162 - trainer - [39/190] Loss: 1.0523
2026/08/31 13:27:18 - __main__ - INFO - 162 - trainer - [78/190] Loss: 1.0452
2026/08/31 13:27:23 - __main__ - INFO - 162 - trainer - [117/190] Loss: 1.0547
2026/08/31 13:27:28 - __main__ - INFO - 162 - trainer - [156/190] Loss: 1.0608
2026/08/31 13:27:32 - __main__ - INFO - 167 - trainer - Average loss in epoch 441: 1.0590
2026/08/31 13:27:32 - __main__ - INFO - 117 - trainer - Epoch: 442
2026/08/31 13:27:32 - __main__ - INFO - 162 - trainer - [0/190] Loss: 1.0543
2026/08/31 13:27:38 - __main__ - INFO - 162 - trainer - [39/190] Loss: 1.0590
2026/08/31 13:27:43 - __main__ - INFO - 162 - trainer - [78/190] Loss: 1.0449
2026/08/31 13:27:48 - __main__ - INFO - 162 - trainer - [117/190] Loss: 1.0778
2026/08/31 13:27:54 - __main__ - INFO - 162 - trainer - [156/190] Loss: 1.0574
2026/08/31 13:27:58 - __main__ - INFO - 167 - trainer - Average loss in epoch 442: 1.0594
2026/08/31 13:27:58 - __main__ - INFO - 117 - trainer - Epoch: 443
2026/08/31 13:27:58 - __main__ - INFO - 162 - trainer - [0/190] Loss: 1.0667
2026/08/31 13:28:04 - __main__ - INFO - 162 - trainer - [39/190] Loss: 1.0876
2026/08/31 13:28:09 - __main__ - INFO - 162 - trainer - [78/190] Loss: 1.0708
2026/08/31 13:28:14 - __main__ - INFO - 162 - trainer - [117/190] Loss: 1.0580
2026/08/31 13:28:20 - __main__ - INFO - 162 - trainer - [156/190] Loss: 1.0530
2026/08/31 13:28:24 - __main__ - INFO - 167 - trainer - Average loss in epoch 443: 1.0599
2026/08/31 13:28:24 - __main__ - INFO - 117 - trainer - Epoch: 444
2026/08/31 13:28:25 - __main__ - INFO - 162 - trainer - [0/190] Loss: 1.0587
2026/08/31 13:28:30 - __main__ - INFO - 162 - trainer - [39/190] Loss: 1.0591
2026/08/31 13:28:35 - __main__ - INFO - 162 - trainer - [78/190] Loss: 1.0494
2026/08/31 13:28:41 - __main__ - INFO - 162 - trainer - [117/190] Loss: 1.0630
2026/08/31 13:28:46 - __main__ - INFO - 162 - trainer - [156/190] Loss: 1.0595
2026/08/31 13:28:50 - __main__ - INFO - 167 - trainer - Average loss in epoch 444: 1.0592
2026/08/31 13:28:50 - __main__ - INFO - 117 - trainer - Epoch: 445
2026/08/31 13:28:51 - __main__ - INFO - 162 - trainer - [0/190] Loss: 1.0670
2026/08/31 13:28:56 - __main__ - INFO - 162 - trainer - [39/190] Loss: 1.0638
2026/08/31 13:29:01 - __main__ - INFO - 162 - trainer - [78/190] Loss: 1.0630
2026/08/31 13:29:07 - __main__ - INFO - 162 - trainer - [117/190] Loss: 1.0581
2026/08/31 13:29:12 - __main__ - INFO - 162 - trainer - [156/190] Loss: 1.0629
2026/08/31 13:29:17 - __main__ - INFO - 167 - trainer - Average loss in epoch 445: 1.0586
2026/08/31 13:29:17 - __main__ - INFO - 117 - trainer - Epoch: 446
2026/08/31 13:29:17 - __main__ - INFO - 162 - trainer - [0/190] Loss: 1.0476
2026/08/31 13:29:22 - __main__ - INFO - 162 - trainer - [39/190] Loss: 1.0540
2026/08/31 13:29:27 - __main__ - INFO - 162 - trainer - [78/190] Loss: 1.0700
2026/08/31 13:29:32 - __main__ - INFO - 162 - trainer - [117/190] Loss: 1.0915
2026/08/31 13:29:37 - __main__ - INFO - 162 - trainer - [156/190] Loss: 1.0590
2026/08/31 13:29:41 - __main__ - INFO - 167 - trainer - Average loss in epoch 446: 1.0591
2026/08/31 13:29:41 - __main__ - INFO - 117 - trainer - Epoch: 447
2026/08/31 13:29:42 - __main__ - INFO - 162 - trainer - [0/190] Loss: 1.0657
2026/08/31 13:29:47 - __main__ - INFO - 162 - trainer - [39/190] Loss: 1.0580
2026/08/31 13:29:52 - __main__ - INFO - 162 - trainer - [78/190] Loss: 1.0632
2026/08/31 13:29:57 - __main__ - INFO - 162 - trainer - [117/190] Loss: 1.0607
2026/08/31 13:30:03 - __main__ - INFO - 162 - trainer - [156/190] Loss: 1.0471
2026/08/31 13:30:07 - __main__ - INFO - 167 - trainer - Average loss in epoch 447: 1.0596
2026/08/31 13:30:07 - __main__ - INFO - 117 - trainer - Epoch: 448
2026/08/31 13:30:07 - __main__ - INFO - 162 - trainer - [0/190] Loss: 1.0629
2026/08/31 13:30:13 - __main__ - INFO - 162 - trainer - [39/190] Loss: 1.0736
2026/08/31 13:30:18 - __main__ - INFO - 162 - trainer - [78/190] Loss: 1.0514
2026/08/31 13:30:23 - __main__ - INFO - 162 - trainer - [117/190] Loss: 1.0560
2026/08/31 13:30:29 - __main__ - INFO - 162 - trainer - [156/190] Loss: 1.0409
2026/08/31 13:30:33 - __main__ - INFO - 167 - trainer - Average loss in epoch 448: 1.0595
2026/08/31 13:30:33 - __main__ - INFO - 117 - trainer - Epoch: 449
2026/08/31 13:30:33 - __main__ - INFO - 162 - trainer - [0/190] Loss: 1.0500
2026/08/31 13:30:39 - __main__ - INFO - 162 - trainer - [39/190] Loss: 1.0474
2026/08/31 13:30:44 - __main__ - INFO - 162 - trainer - [78/190] Loss: 1.0738
2026/08/31 13:30:49 - __main__ - INFO - 162 - trainer - [117/190] Loss: 1.0488
2026/08/31 13:30:55 - __main__ - INFO - 162 - trainer - [156/190] Loss: 1.0627
2026/08/31 13:30:59 - __main__ - INFO - 167 - trainer - Average loss in epoch 449: 1.0595
2026/08/31 13:30:59 - __main__ - INFO - 117 - trainer - Epoch: 450
2026/08/31 13:30:59 - __main__ - INFO - 162 - trainer - [0/190] Loss: 1.0630
2026/08/31 13:31:05 - __main__ - INFO - 162 - trainer - [39/190] Loss: 1.0578
2026/08/31 13:31:10 - __main__ - INFO - 162 - trainer - [78/190] Loss: 1.0771
2026/08/31 13:31:15 - __main__ - INFO - 162 - trainer - [117/190] Loss: 1.0613
2026/08/31 13:31:20 - __main__ - INFO - 162 - trainer - [156/190] Loss: 1.0370
2026/08/31 13:31:25 - __main__ - INFO - 167 - trainer - Average loss in epoch 450: 1.0597
2026/08/31 13:31:25 - __main__ - INFO - 117 - trainer - Epoch: 451
2026/08/31 13:31:25 - __main__ - INFO - 162 - trainer - [0/190] Loss: 1.0669
2026/08/31 13:31:30 - __main__ - INFO - 162 - trainer - [39/190] Loss: 1.0606
2026/08/31 13:31:35 - __main__ - INFO - 162 - trainer - [78/190] Loss: 1.0536
2026/08/31 13:31:40 - __main__ - INFO - 162 - trainer - [117/190] Loss: 1.0605
2026/08/31 13:31:45 - __main__ - INFO - 162 - trainer - [156/190] Loss: 1.0580
2026/08/31 13:31:50 - __main__ - INFO - 167 - trainer - Average loss in epoch 451: 1.0601
2026/08/31 13:31:50 - __main__ - INFO - 117 - trainer - Epoch: 452
2026/08/31 13:31:50 - __main__ - INFO - 162 - trainer - [0/190] Loss: 1.0676
2026/08/31 13:31:55 - __main__ - INFO - 162 - trainer - [39/190] Loss: 1.0582
2026/08/31 13:32:00 - __main__ - INFO - 162 - trainer - [78/190] Loss: 1.0647
2026/08/31 13:32:06 - __main__ - INFO - 162 - trainer - [117/190] Loss: 1.0648
2026/08/31 13:32:11 - __main__ - INFO - 162 - trainer - [156/190] Loss: 1.0594
2026/08/31 13:32:15 - __main__ - INFO - 167 - trainer - Average loss in epoch 452: 1.0595
2026/08/31 13:32:15 - __main__ - INFO - 117 - trainer - Epoch: 453
2026/08/31 13:32:15 - __main__ - INFO - 162 - trainer - [0/190] Loss: 1.0729
2026/08/31 13:32:21 - __main__ - INFO - 162 - trainer - [39/190] Loss: 1.0384
2026/08/31 13:32:26 - __main__ - INFO - 162 - trainer - [78/190] Loss: 1.0631
2026/08/31 13:32:31 - __main__ - INFO - 162 - trainer - [117/190] Loss: 1.0481
2026/08/31 13:32:36 - __main__ - INFO - 162 - trainer - [156/190] Loss: 1.0743
2026/08/31 13:32:41 - __main__ - INFO - 167 - trainer - Average loss in epoch 453: 1.0597
2026/08/31 13:32:41 - __main__ - INFO - 117 - trainer - Epoch: 454
2026/08/31 13:32:41 - __main__ - INFO - 162 - trainer - [0/190] Loss: 1.0476
2026/08/31 13:32:46 - __main__ - INFO - 162 - trainer - [39/190] Loss: 1.0618
2026/08/31 13:32:52 - __main__ - INFO - 162 - trainer - [78/190] Loss: 1.0647
2026/08/31 13:32:57 - __main__ - INFO - 162 - trainer - [117/190] Loss: 1.0507
2026/08/31 13:33:02 - __main__ - INFO - 162 - trainer - [156/190] Loss: 1.0568
2026/08/31 13:33:07 - __main__ - INFO - 167 - trainer - Average loss in epoch 454: 1.0591
2026/08/31 13:33:07 - __main__ - INFO - 117 - trainer - Epoch: 455
2026/08/31 13:33:07 - __main__ - INFO - 162 - trainer - [0/190] Loss: 1.0582
2026/08/31 13:33:12 - __main__ - INFO - 162 - trainer - [39/190] Loss: 1.0746
2026/08/31 13:33:17 - __main__ - INFO - 162 - trainer - [78/190] Loss: 1.0483
2026/08/31 13:33:23 - __main__ - INFO - 162 - trainer - [117/190] Loss: 1.0578
2026/08/31 13:33:28 - __main__ - INFO - 162 - trainer - [156/190] Loss: 1.0284
2026/08/31 13:33:33 - __main__ - INFO - 167 - trainer - Average loss in epoch 455: 1.0598
2026/08/31 13:33:33 - __main__ - INFO - 117 - trainer - Epoch: 456
2026/08/31 13:33:33 - __main__ - INFO - 162 - trainer - [0/190] Loss: 1.0524
2026/08/31 13:33:38 - __main__ - INFO - 162 - trainer - [39/190] Loss: 1.0499
2026/08/31 13:33:44 - __main__ - INFO - 162 - trainer - [78/190] Loss: 1.0456
2026/08/31 13:33:49 - __main__ - INFO - 162 - trainer - [117/190] Loss: 1.0607
2026/08/31 13:33:55 - __main__ - INFO - 162 - trainer - [156/190] Loss: 1.0673
2026/08/31 13:33:59 - __main__ - INFO - 167 - trainer - Average loss in epoch 456: 1.0593
2026/08/31 13:33:59 - __main__ - INFO - 117 - trainer - Epoch: 457
2026/08/31 13:33:59 - __main__ - INFO - 162 - trainer - [0/190] Loss: 1.0443
2026/08/31 13:34:04 - __main__ - INFO - 162 - trainer - [39/190] Loss: 1.0685
2026/08/31 13:34:09 - __main__ - INFO - 162 - trainer - [78/190] Loss: 1.0534
2026/08/31 13:34:15 - __main__ - INFO - 162 - trainer - [117/190] Loss: 1.0455
2026/08/31 13:34:20 - __main__ - INFO - 162 - trainer - [156/190] Loss: 1.0615
2026/08/31 13:34:24 - __main__ - INFO - 167 - trainer - Average loss in epoch 457: 1.0586
2026/08/31 13:34:24 - __main__ - INFO - 117 - trainer - Epoch: 458
2026/08/31 13:34:24 - __main__ - INFO - 162 - trainer - [0/190] Loss: 1.0716
2026/08/31 13:34:30 - __main__ - INFO - 162 - trainer - [39/190] Loss: 1.0489
2026/08/31 13:34:35 - __main__ - INFO - 162 - trainer - [78/190] Loss: 1.0764
2026/08/31 13:34:40 - __main__ - INFO - 162 - trainer - [117/190] Loss: 1.0646
2026/08/31 13:34:46 - __main__ - INFO - 162 - trainer - [156/190] Loss: 1.0565
2026/08/31 13:34:50 - __main__ - INFO - 167 - trainer - Average loss in epoch 458: 1.0589
2026/08/31 13:34:50 - __main__ - INFO - 117 - trainer - Epoch: 459
2026/08/31 13:34:50 - __main__ - INFO - 162 - trainer - [0/190] Loss: 1.0875
2026/08/31 13:34:56 - __main__ - INFO - 162 - trainer - [39/190] Loss: 1.0753
2026/08/31 13:35:01 - __main__ - INFO - 162 - trainer - [78/190] Loss: 1.0511
2026/08/31 13:35:06 - __main__ - INFO - 162 - trainer - [117/190] Loss: 1.0497
2026/08/31 13:35:12 - __main__ - INFO - 162 - trainer - [156/190] Loss: 1.0666
2026/08/31 13:35:16 - __main__ - INFO - 167 - trainer - Average loss in epoch 459: 1.0593
2026/08/31 13:35:16 - __main__ - INFO - 117 - trainer - Epoch: 460
2026/08/31 13:35:16 - __main__ - INFO - 162 - trainer - [0/190] Loss: 1.0686
2026/08/31 13:35:22 - __main__ - INFO - 162 - trainer - [39/190] Loss: 1.0594
2026/08/31 13:35:27 - __main__ - INFO - 162 - trainer - [78/190] Loss: 1.0577
2026/08/31 13:35:32 - __main__ - INFO - 162 - trainer - [117/190] Loss: 1.0758
2026/08/31 13:35:37 - __main__ - INFO - 162 - trainer - [156/190] Loss: 1.0800
2026/08/31 13:35:42 - __main__ - INFO - 167 - trainer - Average loss in epoch 460: 1.0592
2026/08/31 13:35:42 - __main__ - INFO - 173 - trainer - start predicting: 2026-08-31 13:35:42.041722
2026/08/31 13:35:44 - __main__ - INFO - 210 - trainer - {'Best_HR@5': np.float64(10.5489), 'Best_HR@10': np.float64(16.7753), 'Best_HR@20': np.float64(28.118), 'Best_NDCG@5': np.float64(6.108), 'Best_NDCG@10': np.float64(8.1163), 'Best_NDCG@20': np.float64(10.8731)}
2026/08/31 13:35:44 - __main__ - INFO - 211 - trainer - {'Best_epoch_HR@5': 180, 'Best_epoch_HR@10': 180, 'Best_epoch_HR@20': 360, 'Best_epoch_NDCG@5': 180, 'Best_epoch_NDCG@10': 180, 'Best_epoch_NDCG@20': 360}
2026/08/31 13:40:11 - __main__ - INFO - 268 - trainer - Train------------------------------------------------------
2026/08/31 13:40:11 - __main__ - INFO - 270 - trainer - {'HR@5': np.float64(23.9319), 'HR@10': np.float64(34.8798), 'HR@20': np.float64(48.9512), 'NDCG@5': np.float64(16.4913), 'NDCG@10': np.float64(20.0099), 'NDCG@20': np.float64(23.5568)}
2026/08/31 13:40:11 - __main__ - INFO - 274 - trainer - Test------------------------------------------------------
2026/08/31 13:40:11 - __main__ - INFO - 276 - trainer - {'HR@5': np.float64(7.5818), 'HR@10': np.float64(13.9551), 'HR@20': np.float64(23.6185), 'NDCG@5': np.float64(4.7164), 'NDCG@10': np.float64(6.7431), 'NDCG@20': np.float64(9.1877)}
2026/08/31 13:40:11 - __main__ - INFO - 279 - trainer - Best Eval---------------------------------------------------------
2026/08/31 13:40:11 - __main__ - INFO - 282 - trainer - {'Best_HR@5': np.float64(10.5489), 'Best_HR@10': np.float64(16.7753), 'Best_HR@20': np.float64(28.118), 'Best_NDCG@5': np.float64(6.108), 'Best_NDCG@10': np.float64(8.1163), 'Best_NDCG@20': np.float64(10.8731)}
2026/08/31 13:40:11 - __main__ - INFO - 283 - trainer - {'Best_epoch_HR@5': 180, 'Best_epoch_HR@10': 180, 'Best_epoch_HR@20': 360, 'Best_epoch_NDCG@5': 180, 'Best_epoch_NDCG@10': 180, 'Best_epoch_NDCG@20': 360}
