2026/08/30 10:21:43 - __main__ - INFO - 73 - main - Namespace(dataset='ml-100k', log_file='log/', random_seed=1997, max_len=50, device='cuda', num_gpu=1, batch_size=512, hidden_size=128, dropout=0.1, emb_dropout=0.3, hidden_act='gelu', num_blocks=4, epochs=500, decay_step=100, gamma=0.1, metric_ks=[5, 10, 20], optimizer='Adam', lr=0.001, weight_decay=0, momentum=None, lambda_uncertainty=0.1, eval_interval=20, patience=5, eps=0.001, sample_N=30, lambda_t=0.001, dropout_c=0.1, eps_reverse=0.001, m_logNorm=1.0, s_logNorm=0.6, s_modsamp=1.0, last=2, mask_ratio=1.0, sampling_method='mode', Loss_Alpha=0.2, Loss_Beta=0.4)
2026/08/30 10:21:44 - __main__ - INFO - 117 - trainer - Epoch: 0
2026/08/30 10:21:45 - __main__ - INFO - 162 - trainer - [0/190] Loss: 12.4538
2026/08/30 10:21:50 - __main__ - INFO - 162 - trainer - [39/190] Loss: 6.6758
2026/08/30 10:21:55 - __main__ - INFO - 162 - trainer - [78/190] Loss: 5.8984
2026/08/30 10:22:01 - __main__ - INFO - 162 - trainer - [117/190] Loss: 5.1177
2026/08/30 10:22:06 - __main__ - INFO - 162 - trainer - [156/190] Loss: 4.8241
2026/08/30 10:22:10 - __main__ - INFO - 167 - trainer - Average loss in epoch 0: 5.8421
2026/08/30 10:22:10 - __main__ - INFO - 117 - trainer - Epoch: 1
2026/08/30 10:22:11 - __main__ - INFO - 162 - trainer - [0/190] Loss: 4.3967
2026/08/30 10:22:16 - __main__ - INFO - 162 - trainer - [39/190] Loss: 4.1466
2026/08/30 10:22:21 - __main__ - INFO - 162 - trainer - [78/190] Loss: 3.5656
2026/08/30 10:22:26 - __main__ - INFO - 162 - trainer - [117/190] Loss: 3.1846
2026/08/30 10:22:32 - __main__ - INFO - 162 - trainer - [156/190] Loss: 2.8852
2026/08/30 10:22:36 - __main__ - INFO - 167 - trainer - Average loss in epoch 1: 3.4744
2026/08/30 10:22:36 - __main__ - INFO - 117 - trainer - Epoch: 2
2026/08/30 10:22:36 - __main__ - INFO - 162 - trainer - [0/190] Loss: 2.6276
2026/08/30 10:22:42 - __main__ - INFO - 162 - trainer - [39/190] Loss: 2.3549
2026/08/30 10:22:47 - __main__ - INFO - 162 - trainer - [78/190] Loss: 2.1219
2026/08/30 10:22:53 - __main__ - INFO - 162 - trainer - [117/190] Loss: 1.7895
2026/08/30 10:22:58 - __main__ - INFO - 162 - trainer - [156/190] Loss: 1.7130
2026/08/30 10:23:03 - __main__ - INFO - 167 - trainer - Average loss in epoch 2: 2.0359
2026/08/30 10:23:03 - __main__ - INFO - 117 - trainer - Epoch: 3
2026/08/30 10:23:03 - __main__ - INFO - 162 - trainer - [0/190] Loss: 1.5800
2026/08/30 10:23:08 - __main__ - INFO - 162 - trainer - [39/190] Loss: 1.5642
2026/08/30 10:23:13 - __main__ - INFO - 162 - trainer - [78/190] Loss: 1.4801
2026/08/30 10:23:19 - __main__ - INFO - 162 - trainer - [117/190] Loss: 1.4107
2026/08/30 10:23:24 - __main__ - INFO - 162 - trainer - [156/190] Loss: 1.3826
2026/08/30 10:23:28 - __main__ - INFO - 167 - trainer - Average loss in epoch 3: 1.4750
2026/08/30 10:23:28 - __main__ - INFO - 117 - trainer - Epoch: 4
2026/08/30 10:23:28 - __main__ - INFO - 162 - trainer - [0/190] Loss: 1.3138
2026/08/30 10:23:34 - __main__ - INFO - 162 - trainer - [39/190] Loss: 1.2741
2026/08/30 10:23:39 - __main__ - INFO - 162 - trainer - [78/190] Loss: 1.2713
2026/08/30 10:23:44 - __main__ - INFO - 162 - trainer - [117/190] Loss: 1.2799
2026/08/30 10:23:49 - __main__ - INFO - 162 - trainer - [156/190] Loss: 1.1660
2026/08/30 10:23:54 - __main__ - INFO - 167 - trainer - Average loss in epoch 4: 1.2467
2026/08/30 10:23:54 - __main__ - INFO - 117 - trainer - Epoch: 5
2026/08/30 10:23:54 - __main__ - INFO - 162 - trainer - [0/190] Loss: 1.1257
2026/08/30 10:23:59 - __main__ - INFO - 162 - trainer - [39/190] Loss: 1.1381
2026/08/30 10:24:04 - __main__ - INFO - 162 - trainer - [78/190] Loss: 1.1497
2026/08/30 10:24:10 - __main__ - INFO - 162 - trainer - [117/190] Loss: 1.1446
2026/08/30 10:24:15 - __main__ - INFO - 162 - trainer - [156/190] Loss: 1.0944
2026/08/30 10:24:19 - __main__ - INFO - 167 - trainer - Average loss in epoch 5: 1.1161
2026/08/30 10:24:19 - __main__ - INFO - 117 - trainer - Epoch: 6
2026/08/30 10:24:19 - __main__ - INFO - 162 - trainer - [0/190] Loss: 1.0822
2026/08/30 10:24:25 - __main__ - INFO - 162 - trainer - [39/190] Loss: 1.0929
2026/08/30 10:24:30 - __main__ - INFO - 162 - trainer - [78/190] Loss: 1.0925
2026/08/30 10:24:35 - __main__ - INFO - 162 - trainer - [117/190] Loss: 1.0015
2026/08/30 10:24:41 - __main__ - INFO - 162 - trainer - [156/190] Loss: 0.9952
2026/08/30 10:24:45 - __main__ - INFO - 167 - trainer - Average loss in epoch 6: 1.0283
2026/08/30 10:24:45 - __main__ - INFO - 117 - trainer - Epoch: 7
2026/08/30 10:24:45 - __main__ - INFO - 162 - trainer - [0/190] Loss: 1.0290
2026/08/30 10:24:51 - __main__ - INFO - 162 - trainer - [39/190] Loss: 1.0062
2026/08/30 10:24:56 - __main__ - INFO - 162 - trainer - [78/190] Loss: 1.0031
2026/08/30 10:25:01 - __main__ - INFO - 162 - trainer - [117/190] Loss: 0.9535
2026/08/30 10:25:06 - __main__ - INFO - 162 - trainer - [156/190] Loss: 0.9414
2026/08/30 10:25:11 - __main__ - INFO - 167 - trainer - Average loss in epoch 7: 0.9629
2026/08/30 10:25:11 - __main__ - INFO - 117 - trainer - Epoch: 8
2026/08/30 10:25:11 - __main__ - INFO - 162 - trainer - [0/190] Loss: 0.9750
2026/08/30 10:25:16 - __main__ - INFO - 162 - trainer - [39/190] Loss: 0.8900
2026/08/30 10:25:21 - __main__ - INFO - 162 - trainer - [78/190] Loss: 0.9166
2026/08/30 10:25:27 - __main__ - INFO - 162 - trainer - [117/190] Loss: 0.8750
2026/08/30 10:25:32 - __main__ - INFO - 162 - trainer - [156/190] Loss: 0.8962
2026/08/30 10:25:37 - __main__ - INFO - 167 - trainer - Average loss in epoch 8: 0.9108
2026/08/30 10:25:37 - __main__ - INFO - 117 - trainer - Epoch: 9
2026/08/30 10:25:37 - __main__ - INFO - 162 - trainer - [0/190] Loss: 0.8994
2026/08/30 10:25:42 - __main__ - INFO - 162 - trainer - [39/190] Loss: 0.8426
2026/08/30 10:25:47 - __main__ - INFO - 162 - trainer - [78/190] Loss: 0.8442
2026/08/30 10:25:52 - __main__ - INFO - 162 - trainer - [117/190] Loss: 0.8485
2026/08/30 10:25:57 - __main__ - INFO - 162 - trainer - [156/190] Loss: 0.8663
2026/08/30 10:26:02 - __main__ - INFO - 167 - trainer - Average loss in epoch 9: 0.8686
2026/08/30 10:26:02 - __main__ - INFO - 117 - trainer - Epoch: 10
2026/08/30 10:26:02 - __main__ - INFO - 162 - trainer - [0/190] Loss: 0.8141
2026/08/30 10:26:07 - __main__ - INFO - 162 - trainer - [39/190] Loss: 0.8657
2026/08/30 10:26:12 - __main__ - INFO - 162 - trainer - [78/190] Loss: 0.8608
2026/08/30 10:26:17 - __main__ - INFO - 162 - trainer - [117/190] Loss: 0.8230
2026/08/30 10:26:23 - __main__ - INFO - 162 - trainer - [156/190] Loss: 0.8392
2026/08/30 10:26:27 - __main__ - INFO - 167 - trainer - Average loss in epoch 10: 0.8312
2026/08/30 10:26:27 - __main__ - INFO - 117 - trainer - Epoch: 11
2026/08/30 10:26:27 - __main__ - INFO - 162 - trainer - [0/190] Loss: 0.8343
2026/08/30 10:26:32 - __main__ - INFO - 162 - trainer - [39/190] Loss: 0.7601
2026/08/30 10:26:38 - __main__ - INFO - 162 - trainer - [78/190] Loss: 0.8199
2026/08/30 10:26:43 - __main__ - INFO - 162 - trainer - [117/190] Loss: 0.8294
2026/08/30 10:26:48 - __main__ - INFO - 162 - trainer - [156/190] Loss: 0.7482
2026/08/30 10:26:52 - __main__ - INFO - 167 - trainer - Average loss in epoch 11: 0.7990
2026/08/30 10:26:52 - __main__ - INFO - 117 - trainer - Epoch: 12
2026/08/30 10:26:52 - __main__ - INFO - 162 - trainer - [0/190] Loss: 0.8055
2026/08/30 10:26:58 - __main__ - INFO - 162 - trainer - [39/190] Loss: 0.7978
2026/08/30 10:27:03 - __main__ - INFO - 162 - trainer - [78/190] Loss: 0.8149
2026/08/30 10:27:08 - __main__ - INFO - 162 - trainer - [117/190] Loss: 0.7531
2026/08/30 10:27:13 - __main__ - INFO - 162 - trainer - [156/190] Loss: 0.7603
2026/08/30 10:27:18 - __main__ - INFO - 167 - trainer - Average loss in epoch 12: 0.7728
2026/08/30 10:27:18 - __main__ - INFO - 117 - trainer - Epoch: 13
2026/08/30 10:27:18 - __main__ - INFO - 162 - trainer - [0/190] Loss: 0.7241
2026/08/30 10:27:23 - __main__ - INFO - 162 - trainer - [39/190] Loss: 0.7307
2026/08/30 10:27:29 - __main__ - INFO - 162 - trainer - [78/190] Loss: 0.7118
2026/08/30 10:27:34 - __main__ - INFO - 162 - trainer - [117/190] Loss: 0.6892
2026/08/30 10:27:39 - __main__ - INFO - 162 - trainer - [156/190] Loss: 0.7141
2026/08/30 10:27:44 - __main__ - INFO - 167 - trainer - Average loss in epoch 13: 0.7447
2026/08/30 10:27:44 - __main__ - INFO - 117 - trainer - Epoch: 14
2026/08/30 10:27:44 - __main__ - INFO - 162 - trainer - [0/190] Loss: 0.7837
2026/08/30 10:27:49 - __main__ - INFO - 162 - trainer - [39/190] Loss: 0.6971
2026/08/30 10:27:55 - __main__ - INFO - 162 - trainer - [78/190] Loss: 0.7150
2026/08/30 10:28:00 - __main__ - INFO - 162 - trainer - [117/190] Loss: 0.7202
2026/08/30 10:28:05 - __main__ - INFO - 162 - trainer - [156/190] Loss: 0.7089
2026/08/30 10:28:10 - __main__ - INFO - 167 - trainer - Average loss in epoch 14: 0.7209
2026/08/30 10:28:10 - __main__ - INFO - 117 - trainer - Epoch: 15
2026/08/30 10:28:10 - __main__ - INFO - 162 - trainer - [0/190] Loss: 0.6984
2026/08/30 10:28:15 - __main__ - INFO - 162 - trainer - [39/190] Loss: 0.7136
2026/08/30 10:28:20 - __main__ - INFO - 162 - trainer - [78/190] Loss: 0.6949
2026/08/30 10:28:26 - __main__ - INFO - 162 - trainer - [117/190] Loss: 0.6891
2026/08/30 10:28:31 - __main__ - INFO - 162 - trainer - [156/190] Loss: 0.6900
2026/08/30 10:28:35 - __main__ - INFO - 167 - trainer - Average loss in epoch 15: 0.7018
2026/08/30 10:28:35 - __main__ - INFO - 117 - trainer - Epoch: 16
2026/08/30 10:28:35 - __main__ - INFO - 162 - trainer - [0/190] Loss: 0.6816
2026/08/30 10:28:41 - __main__ - INFO - 162 - trainer - [39/190] Loss: 0.7098
2026/08/30 10:28:46 - __main__ - INFO - 162 - trainer - [78/190] Loss: 0.7536
2026/08/30 10:28:51 - __main__ - INFO - 162 - trainer - [117/190] Loss: 0.6662
2026/08/30 10:28:56 - __main__ - INFO - 162 - trainer - [156/190] Loss: 0.6607
2026/08/30 10:29:01 - __main__ - INFO - 167 - trainer - Average loss in epoch 16: 0.6832
2026/08/30 10:29:01 - __main__ - INFO - 117 - trainer - Epoch: 17
2026/08/30 10:29:01 - __main__ - INFO - 162 - trainer - [0/190] Loss: 0.6723
2026/08/30 10:29:06 - __main__ - INFO - 162 - trainer - [39/190] Loss: 0.6601
2026/08/30 10:29:11 - __main__ - INFO - 162 - trainer - [78/190] Loss: 0.6671
2026/08/30 10:29:17 - __main__ - INFO - 162 - trainer - [117/190] Loss: 0.6448
2026/08/30 10:29:22 - __main__ - INFO - 162 - trainer - [156/190] Loss: 0.6510
2026/08/30 10:29:27 - __main__ - INFO - 167 - trainer - Average loss in epoch 17: 0.6662
2026/08/30 10:29:27 - __main__ - INFO - 117 - trainer - Epoch: 18
2026/08/30 10:29:27 - __main__ - INFO - 162 - trainer - [0/190] Loss: 0.6600
2026/08/30 10:29:33 - __main__ - INFO - 162 - trainer - [39/190] Loss: 0.6467
2026/08/30 10:29:38 - __main__ - INFO - 162 - trainer - [78/190] Loss: 0.7012
2026/08/30 10:29:44 - __main__ - INFO - 162 - trainer - [117/190] Loss: 0.6386
2026/08/30 10:29:49 - __main__ - INFO - 162 - trainer - [156/190] Loss: 0.6504
2026/08/30 10:29:54 - __main__ - INFO - 167 - trainer - Average loss in epoch 18: 0.6540
2026/08/30 10:29:54 - __main__ - INFO - 117 - trainer - Epoch: 19
2026/08/30 10:29:54 - __main__ - INFO - 162 - trainer - [0/190] Loss: 0.6532
2026/08/30 10:29:59 - __main__ - INFO - 162 - trainer - [39/190] Loss: 0.6636
2026/08/30 10:30:05 - __main__ - INFO - 162 - trainer - [78/190] Loss: 0.6873
2026/08/30 10:30:10 - __main__ - INFO - 162 - trainer - [117/190] Loss: 0.6127
2026/08/30 10:30:15 - __main__ - INFO - 162 - trainer - [156/190] Loss: 0.6279
2026/08/30 10:30:20 - __main__ - INFO - 167 - trainer - Average loss in epoch 19: 0.6421
2026/08/30 10:30:20 - __main__ - INFO - 117 - trainer - Epoch: 20
2026/08/30 10:30:20 - __main__ - INFO - 162 - trainer - [0/190] Loss: 0.6560
2026/08/30 10:30:25 - __main__ - INFO - 162 - trainer - [39/190] Loss: 0.6274
2026/08/30 10:30:31 - __main__ - INFO - 162 - trainer - [78/190] Loss: 0.6389
2026/08/30 10:30:36 - __main__ - INFO - 162 - trainer - [117/190] Loss: 0.5856
2026/08/30 10:30:42 - __main__ - INFO - 162 - trainer - [156/190] Loss: 0.6155
2026/08/30 10:30:46 - __main__ - INFO - 167 - trainer - Average loss in epoch 20: 0.6268
2026/08/30 10:30:46 - __main__ - INFO - 173 - trainer - start predicting: 2026-08-30 10:30:46.696844
2026/08/30 10:30:49 - __main__ - INFO - 203 - trainer - {'Best_HR@5': np.float64(1.1476), 'Best_HR@10': np.float64(2.0023), 'Best_HR@20': np.float64(3.3819), 'Best_NDCG@5': np.float64(0.7467), 'Best_NDCG@10': np.float64(1.0352), 'Best_NDCG@20': np.float64(1.3835)}
2026/08/30 10:30:49 - __main__ - INFO - 204 - trainer - {'Best_epoch_HR@5': 20, 'Best_epoch_HR@10': 20, 'Best_epoch_HR@20': 20, 'Best_epoch_NDCG@5': 20, 'Best_epoch_NDCG@10': 20, 'Best_epoch_NDCG@20': 20}
2026/08/30 10:30:49 - __main__ - INFO - 117 - trainer - Epoch: 21
2026/08/30 10:30:49 - __main__ - INFO - 162 - trainer - [0/190] Loss: 0.6428
2026/08/30 10:30:55 - __main__ - INFO - 162 - trainer - [39/190] Loss: 0.6674
2026/08/30 10:31:00 - __main__ - INFO - 162 - trainer - [78/190] Loss: 0.5952
2026/08/30 10:31:06 - __main__ - INFO - 162 - trainer - [117/190] Loss: 0.6215
2026/08/30 10:31:11 - __main__ - INFO - 162 - trainer - [156/190] Loss: 0.6072
2026/08/30 10:31:16 - __main__ - INFO - 167 - trainer - Average loss in epoch 21: 0.6167
2026/08/30 10:31:16 - __main__ - INFO - 117 - trainer - Epoch: 22
2026/08/30 10:31:16 - __main__ - INFO - 162 - trainer - [0/190] Loss: 0.6154
2026/08/30 10:31:21 - __main__ - INFO - 162 - trainer - [39/190] Loss: 0.5866
2026/08/30 10:31:27 - __main__ - INFO - 162 - trainer - [78/190] Loss: 0.6358
2026/08/30 10:31:33 - __main__ - INFO - 162 - trainer - [117/190] Loss: 0.6225
2026/08/30 10:31:38 - __main__ - INFO - 162 - trainer - [156/190] Loss: 0.5814
2026/08/30 10:31:43 - __main__ - INFO - 167 - trainer - Average loss in epoch 22: 0.6060
2026/08/30 10:31:43 - __main__ - INFO - 117 - trainer - Epoch: 23
2026/08/30 10:31:43 - __main__ - INFO - 162 - trainer - [0/190] Loss: 0.6066
2026/08/30 10:31:49 - __main__ - INFO - 162 - trainer - [39/190] Loss: 0.6254
2026/08/30 10:31:54 - __main__ - INFO - 162 - trainer - [78/190] Loss: 0.5993
2026/08/30 10:31:59 - __main__ - INFO - 162 - trainer - [117/190] Loss: 0.5661
2026/08/30 10:32:05 - __main__ - INFO - 162 - trainer - [156/190] Loss: 0.5361
2026/08/30 10:32:09 - __main__ - INFO - 167 - trainer - Average loss in epoch 23: 0.5959
2026/08/30 10:32:09 - __main__ - INFO - 117 - trainer - Epoch: 24
2026/08/30 10:32:10 - __main__ - INFO - 162 - trainer - [0/190] Loss: 0.5633
2026/08/30 10:32:15 - __main__ - INFO - 162 - trainer - [39/190] Loss: 0.6045
2026/08/30 10:32:21 - __main__ - INFO - 162 - trainer - [78/190] Loss: 0.6172
2026/08/30 10:32:26 - __main__ - INFO - 162 - trainer - [117/190] Loss: 0.5869
2026/08/30 10:32:32 - __main__ - INFO - 162 - trainer - [156/190] Loss: 0.5618
2026/08/30 10:32:36 - __main__ - INFO - 167 - trainer - Average loss in epoch 24: 0.5871
2026/08/30 10:32:36 - __main__ - INFO - 117 - trainer - Epoch: 25
2026/08/30 10:32:37 - __main__ - INFO - 162 - trainer - [0/190] Loss: 0.5544
2026/08/30 10:32:42 - __main__ - INFO - 162 - trainer - [39/190] Loss: 0.5850
2026/08/30 10:32:48 - __main__ - INFO - 162 - trainer - [78/190] Loss: 0.6153
2026/08/30 10:32:53 - __main__ - INFO - 162 - trainer - [117/190] Loss: 0.5760
2026/08/30 10:32:59 - __main__ - INFO - 162 - trainer - [156/190] Loss: 0.5884
2026/08/30 10:33:03 - __main__ - INFO - 167 - trainer - Average loss in epoch 25: 0.5810
2026/08/30 10:33:03 - __main__ - INFO - 117 - trainer - Epoch: 26
2026/08/30 10:33:04 - __main__ - INFO - 162 - trainer - [0/190] Loss: 0.5317
2026/08/30 10:33:09 - __main__ - INFO - 162 - trainer - [39/190] Loss: 0.5600
2026/08/30 10:33:15 - __main__ - INFO - 162 - trainer - [78/190] Loss: 0.5771
2026/08/30 10:33:20 - __main__ - INFO - 162 - trainer - [117/190] Loss: 0.5469
2026/08/30 10:33:26 - __main__ - INFO - 162 - trainer - [156/190] Loss: 0.5469
2026/08/30 10:33:30 - __main__ - INFO - 167 - trainer - Average loss in epoch 26: 0.5697
2026/08/30 10:33:30 - __main__ - INFO - 117 - trainer - Epoch: 27
2026/08/30 10:33:30 - __main__ - INFO - 162 - trainer - [0/190] Loss: 0.5864
2026/08/30 10:33:36 - __main__ - INFO - 162 - trainer - [39/190] Loss: 0.5586
2026/08/30 10:33:41 - __main__ - INFO - 162 - trainer - [78/190] Loss: 0.5863
2026/08/30 10:33:47 - __main__ - INFO - 162 - trainer - [117/190] Loss: 0.6067
2026/08/30 10:33:52 - __main__ - INFO - 162 - trainer - [156/190] Loss: 0.5741
2026/08/30 10:33:57 - __main__ - INFO - 167 - trainer - Average loss in epoch 27: 0.5658
2026/08/30 10:33:57 - __main__ - INFO - 117 - trainer - Epoch: 28
2026/08/30 10:33:57 - __main__ - INFO - 162 - trainer - [0/190] Loss: 0.6387
2026/08/30 10:34:02 - __main__ - INFO - 162 - trainer - [39/190] Loss: 0.5572
2026/08/30 10:34:08 - __main__ - INFO - 162 - trainer - [78/190] Loss: 0.6011
2026/08/30 10:34:13 - __main__ - INFO - 162 - trainer - [117/190] Loss: 0.5361
2026/08/30 10:34:19 - __main__ - INFO - 162 - trainer - [156/190] Loss: 0.5427
2026/08/30 10:34:24 - __main__ - INFO - 167 - trainer - Average loss in epoch 28: 0.5586
2026/08/30 10:34:24 - __main__ - INFO - 117 - trainer - Epoch: 29
2026/08/30 10:34:24 - __main__ - INFO - 162 - trainer - [0/190] Loss: 0.5576
2026/08/30 10:34:29 - __main__ - INFO - 162 - trainer - [39/190] Loss: 0.5510
2026/08/30 10:34:35 - __main__ - INFO - 162 - trainer - [78/190] Loss: 0.5021
2026/08/30 10:34:40 - __main__ - INFO - 162 - trainer - [117/190] Loss: 0.5601
2026/08/30 10:34:46 - __main__ - INFO - 162 - trainer - [156/190] Loss: 0.5482
2026/08/30 10:34:50 - __main__ - INFO - 167 - trainer - Average loss in epoch 29: 0.5554
2026/08/30 10:34:50 - __main__ - INFO - 117 - trainer - Epoch: 30
2026/08/30 10:34:50 - __main__ - INFO - 162 - trainer - [0/190] Loss: 0.5309
2026/08/30 10:34:56 - __main__ - INFO - 162 - trainer - [39/190] Loss: 0.5269
2026/08/30 10:35:01 - __main__ - INFO - 162 - trainer - [78/190] Loss: 0.5343
2026/08/30 10:35:07 - __main__ - INFO - 162 - trainer - [117/190] Loss: 0.5398
2026/08/30 10:35:12 - __main__ - INFO - 162 - trainer - [156/190] Loss: 0.5590
2026/08/30 10:35:17 - __main__ - INFO - 167 - trainer - Average loss in epoch 30: 0.5437
2026/08/30 10:35:17 - __main__ - INFO - 117 - trainer - Epoch: 31
2026/08/30 10:35:17 - __main__ - INFO - 162 - trainer - [0/190] Loss: 0.5387
2026/08/30 10:35:23 - __main__ - INFO - 162 - trainer - [39/190] Loss: 0.4880
2026/08/30 10:35:28 - __main__ - INFO - 162 - trainer - [78/190] Loss: 0.5431
2026/08/30 10:35:34 - __main__ - INFO - 162 - trainer - [117/190] Loss: 0.5230
2026/08/30 10:35:39 - __main__ - INFO - 162 - trainer - [156/190] Loss: 0.5821
2026/08/30 10:35:43 - __main__ - INFO - 167 - trainer - Average loss in epoch 31: 0.5400
2026/08/30 10:35:43 - __main__ - INFO - 117 - trainer - Epoch: 32
2026/08/30 10:35:43 - __main__ - INFO - 162 - trainer - [0/190] Loss: 0.4974
2026/08/30 10:35:49 - __main__ - INFO - 162 - trainer - [39/190] Loss: 0.5416
2026/08/30 10:35:54 - __main__ - INFO - 162 - trainer - [78/190] Loss: 0.5011
2026/08/30 10:36:00 - __main__ - INFO - 162 - trainer - [117/190] Loss: 0.5603
2026/08/30 10:36:05 - __main__ - INFO - 162 - trainer - [156/190] Loss: 0.5287
2026/08/30 10:36:09 - __main__ - INFO - 167 - trainer - Average loss in epoch 32: 0.5362
2026/08/30 10:36:09 - __main__ - INFO - 117 - trainer - Epoch: 33
2026/08/30 10:36:10 - __main__ - INFO - 162 - trainer - [0/190] Loss: 0.5833
2026/08/30 10:36:15 - __main__ - INFO - 162 - trainer - [39/190] Loss: 0.5451
2026/08/30 10:36:21 - __main__ - INFO - 162 - trainer - [78/190] Loss: 0.5183
2026/08/30 10:36:26 - __main__ - INFO - 162 - trainer - [117/190] Loss: 0.5176
2026/08/30 10:36:32 - __main__ - INFO - 162 - trainer - [156/190] Loss: 0.5802
2026/08/30 10:36:36 - __main__ - INFO - 167 - trainer - Average loss in epoch 33: 0.5273
2026/08/30 10:36:36 - __main__ - INFO - 117 - trainer - Epoch: 34
2026/08/30 10:36:36 - __main__ - INFO - 162 - trainer - [0/190] Loss: 0.5122
2026/08/30 10:36:42 - __main__ - INFO - 162 - trainer - [39/190] Loss: 0.5331
2026/08/30 10:36:47 - __main__ - INFO - 162 - trainer - [78/190] Loss: 0.5287
2026/08/30 10:36:53 - __main__ - INFO - 162 - trainer - [117/190] Loss: 0.5670
2026/08/30 10:36:58 - __main__ - INFO - 162 - trainer - [156/190] Loss: 0.5547
2026/08/30 10:37:03 - __main__ - INFO - 167 - trainer - Average loss in epoch 34: 0.5250
2026/08/30 10:37:03 - __main__ - INFO - 117 - trainer - Epoch: 35
2026/08/30 10:37:03 - __main__ - INFO - 162 - trainer - [0/190] Loss: 0.5054
2026/08/30 10:37:08 - __main__ - INFO - 162 - trainer - [39/190] Loss: 0.5087
2026/08/30 10:37:14 - __main__ - INFO - 162 - trainer - [78/190] Loss: 0.5416
2026/08/30 10:37:19 - __main__ - INFO - 162 - trainer - [117/190] Loss: 0.5552
2026/08/30 10:37:24 - __main__ - INFO - 162 - trainer - [156/190] Loss: 0.5591
2026/08/30 10:37:29 - __main__ - INFO - 167 - trainer - Average loss in epoch 35: 0.5241
2026/08/30 10:37:29 - __main__ - INFO - 117 - trainer - Epoch: 36
2026/08/30 10:37:29 - __main__ - INFO - 162 - trainer - [0/190] Loss: 0.5509
2026/08/30 10:37:35 - __main__ - INFO - 162 - trainer - [39/190] Loss: 0.5291
2026/08/30 10:37:40 - __main__ - INFO - 162 - trainer - [78/190] Loss: 0.5153
2026/08/30 10:37:45 - __main__ - INFO - 162 - trainer - [117/190] Loss: 0.5715
2026/08/30 10:37:51 - __main__ - INFO - 162 - trainer - [156/190] Loss: 0.4969
2026/08/30 10:37:55 - __main__ - INFO - 167 - trainer - Average loss in epoch 36: 0.5184
2026/08/30 10:37:55 - __main__ - INFO - 117 - trainer - Epoch: 37
2026/08/30 10:37:55 - __main__ - INFO - 162 - trainer - [0/190] Loss: 0.5018
2026/08/30 10:38:01 - __main__ - INFO - 162 - trainer - [39/190] Loss: 0.5359
2026/08/30 10:38:06 - __main__ - INFO - 162 - trainer - [78/190] Loss: 0.5256
2026/08/30 10:38:12 - __main__ - INFO - 162 - trainer - [117/190] Loss: 0.5003
2026/08/30 10:38:17 - __main__ - INFO - 162 - trainer - [156/190] Loss: 0.5517
2026/08/30 10:38:22 - __main__ - INFO - 167 - trainer - Average loss in epoch 37: 0.5162
2026/08/30 10:38:22 - __main__ - INFO - 117 - trainer - Epoch: 38
2026/08/30 10:38:22 - __main__ - INFO - 162 - trainer - [0/190] Loss: 0.5068
2026/08/30 10:38:28 - __main__ - INFO - 162 - trainer - [39/190] Loss: 0.5346
2026/08/30 10:38:33 - __main__ - INFO - 162 - trainer - [78/190] Loss: 0.5377
2026/08/30 10:38:38 - __main__ - INFO - 162 - trainer - [117/190] Loss: 0.5093
2026/08/30 10:38:44 - __main__ - INFO - 162 - trainer - [156/190] Loss: 0.5321
2026/08/30 10:38:48 - __main__ - INFO - 167 - trainer - Average loss in epoch 38: 0.5131
2026/08/30 10:38:48 - __main__ - INFO - 117 - trainer - Epoch: 39
2026/08/30 10:38:49 - __main__ - INFO - 162 - trainer - [0/190] Loss: 0.4434
2026/08/30 10:38:54 - __main__ - INFO - 162 - trainer - [39/190] Loss: 0.5045
2026/08/30 10:38:59 - __main__ - INFO - 162 - trainer - [78/190] Loss: 0.5003
2026/08/30 10:39:05 - __main__ - INFO - 162 - trainer - [117/190] Loss: 0.5078
2026/08/30 10:39:10 - __main__ - INFO - 162 - trainer - [156/190] Loss: 0.4674
2026/08/30 10:39:15 - __main__ - INFO - 167 - trainer - Average loss in epoch 39: 0.5092
2026/08/30 10:39:15 - __main__ - INFO - 117 - trainer - Epoch: 40
2026/08/30 10:39:15 - __main__ - INFO - 162 - trainer - [0/190] Loss: 0.5201
2026/08/30 10:39:20 - __main__ - INFO - 162 - trainer - [39/190] Loss: 0.5221
2026/08/30 10:39:26 - __main__ - INFO - 162 - trainer - [78/190] Loss: 0.5249
2026/08/30 10:39:31 - __main__ - INFO - 162 - trainer - [117/190] Loss: 0.4528
2026/08/30 10:39:37 - __main__ - INFO - 162 - trainer - [156/190] Loss: 0.5020
2026/08/30 10:39:41 - __main__ - INFO - 167 - trainer - Average loss in epoch 40: 0.5058
2026/08/30 10:39:41 - __main__ - INFO - 173 - trainer - start predicting: 2026-08-30 10:39:41.971265
2026/08/30 10:39:44 - __main__ - INFO - 203 - trainer - {'Best_HR@5': np.float64(1.459), 'Best_HR@10': np.float64(3.6323), 'Best_HR@20': np.float64(5.9459), 'Best_NDCG@5': np.float64(0.7596), 'Best_NDCG@10': np.float64(1.442), 'Best_NDCG@20': np.float64(2.0181)}
2026/08/30 10:39:44 - __main__ - INFO - 204 - trainer - {'Best_epoch_HR@5': 40, 'Best_epoch_HR@10': 40, 'Best_epoch_HR@20': 40, 'Best_epoch_NDCG@5': 40, 'Best_epoch_NDCG@10': 40, 'Best_epoch_NDCG@20': 40}
2026/08/30 10:39:44 - __main__ - INFO - 117 - trainer - Epoch: 41
2026/08/30 10:39:44 - __main__ - INFO - 162 - trainer - [0/190] Loss: 0.5027
2026/08/30 10:39:49 - __main__ - INFO - 162 - trainer - [39/190] Loss: 0.4884
2026/08/30 10:39:54 - __main__ - INFO - 162 - trainer - [78/190] Loss: 0.5126
2026/08/30 10:40:00 - __main__ - INFO - 162 - trainer - [117/190] Loss: 0.5265
2026/08/30 10:40:05 - __main__ - INFO - 162 - trainer - [156/190] Loss: 0.5124
2026/08/30 10:40:09 - __main__ - INFO - 167 - trainer - Average loss in epoch 41: 0.5043
2026/08/30 10:40:09 - __main__ - INFO - 117 - trainer - Epoch: 42
2026/08/30 10:40:09 - __main__ - INFO - 162 - trainer - [0/190] Loss: 0.4892
2026/08/30 10:40:14 - __main__ - INFO - 162 - trainer - [39/190] Loss: 0.5127
2026/08/30 10:40:19 - __main__ - INFO - 162 - trainer - [78/190] Loss: 0.5344
2026/08/30 10:40:25 - __main__ - INFO - 162 - trainer - [117/190] Loss: 0.5242
2026/08/30 10:40:30 - __main__ - INFO - 162 - trainer - [156/190] Loss: 0.5410
2026/08/30 10:40:34 - __main__ - INFO - 167 - trainer - Average loss in epoch 42: 0.5001
2026/08/30 10:40:34 - __main__ - INFO - 117 - trainer - Epoch: 43
2026/08/30 10:40:34 - __main__ - INFO - 162 - trainer - [0/190] Loss: 0.5210
2026/08/30 10:40:39 - __main__ - INFO - 162 - trainer - [39/190] Loss: 0.5250
2026/08/30 10:40:45 - __main__ - INFO - 162 - trainer - [78/190] Loss: 0.4465
2026/08/30 10:40:50 - __main__ - INFO - 162 - trainer - [117/190] Loss: 0.4595
2026/08/30 10:40:55 - __main__ - INFO - 162 - trainer - [156/190] Loss: 0.4996
2026/08/30 10:40:59 - __main__ - INFO - 167 - trainer - Average loss in epoch 43: 0.5002
2026/08/30 10:40:59 - __main__ - INFO - 117 - trainer - Epoch: 44
2026/08/30 10:40:59 - __main__ - INFO - 162 - trainer - [0/190] Loss: 0.4677
2026/08/30 10:41:04 - __main__ - INFO - 162 - trainer - [39/190] Loss: 0.5058
2026/08/30 10:41:09 - __main__ - INFO - 162 - trainer - [78/190] Loss: 0.4939
2026/08/30 10:41:14 - __main__ - INFO - 162 - trainer - [117/190] Loss: 0.4859
2026/08/30 10:41:19 - __main__ - INFO - 162 - trainer - [156/190] Loss: 0.4934
2026/08/30 10:41:24 - __main__ - INFO - 167 - trainer - Average loss in epoch 44: 0.4952
2026/08/30 10:41:24 - __main__ - INFO - 117 - trainer - Epoch: 45
2026/08/30 10:41:24 - __main__ - INFO - 162 - trainer - [0/190] Loss: 0.5024
2026/08/30 10:41:29 - __main__ - INFO - 162 - trainer - [39/190] Loss: 0.5028
2026/08/30 10:41:34 - __main__ - INFO - 162 - trainer - [78/190] Loss: 0.5269
2026/08/30 10:41:39 - __main__ - INFO - 162 - trainer - [117/190] Loss: 0.5467
2026/08/30 10:41:44 - __main__ - INFO - 162 - trainer - [156/190] Loss: 0.4701
2026/08/30 10:41:48 - __main__ - INFO - 167 - trainer - Average loss in epoch 45: 0.4954
2026/08/30 10:41:48 - __main__ - INFO - 117 - trainer - Epoch: 46
2026/08/30 10:41:49 - __main__ - INFO - 162 - trainer - [0/190] Loss: 0.4751
2026/08/30 10:41:54 - __main__ - INFO - 162 - trainer - [39/190] Loss: 0.5096
2026/08/30 10:41:59 - __main__ - INFO - 162 - trainer - [78/190] Loss: 0.4892
2026/08/30 10:42:04 - __main__ - INFO - 162 - trainer - [117/190] Loss: 0.5443
2026/08/30 10:42:09 - __main__ - INFO - 162 - trainer - [156/190] Loss: 0.5076
2026/08/30 10:42:14 - __main__ - INFO - 167 - trainer - Average loss in epoch 46: 0.4921
2026/08/30 10:42:14 - __main__ - INFO - 117 - trainer - Epoch: 47
2026/08/30 10:42:14 - __main__ - INFO - 162 - trainer - [0/190] Loss: 0.5246
2026/08/30 10:42:19 - __main__ - INFO - 162 - trainer - [39/190] Loss: 0.4727
2026/08/30 10:42:24 - __main__ - INFO - 162 - trainer - [78/190] Loss: 0.4450
2026/08/30 10:42:29 - __main__ - INFO - 162 - trainer - [117/190] Loss: 0.5041
2026/08/30 10:42:34 - __main__ - INFO - 162 - trainer - [156/190] Loss: 0.4966
2026/08/30 10:42:38 - __main__ - INFO - 167 - trainer - Average loss in epoch 47: 0.4892
2026/08/30 10:42:38 - __main__ - INFO - 117 - trainer - Epoch: 48
2026/08/30 10:42:38 - __main__ - INFO - 162 - trainer - [0/190] Loss: 0.4890
2026/08/30 10:42:43 - __main__ - INFO - 162 - trainer - [39/190] Loss: 0.5110
2026/08/30 10:42:48 - __main__ - INFO - 162 - trainer - [78/190] Loss: 0.5168
2026/08/30 10:42:54 - __main__ - INFO - 162 - trainer - [117/190] Loss: 0.4651
2026/08/30 10:42:59 - __main__ - INFO - 162 - trainer - [156/190] Loss: 0.4216
2026/08/30 10:43:03 - __main__ - INFO - 167 - trainer - Average loss in epoch 48: 0.4877
2026/08/30 10:43:03 - __main__ - INFO - 117 - trainer - Epoch: 49
2026/08/30 10:43:03 - __main__ - INFO - 162 - trainer - [0/190] Loss: 0.5049
2026/08/30 10:43:08 - __main__ - INFO - 162 - trainer - [39/190] Loss: 0.4896
2026/08/30 10:43:13 - __main__ - INFO - 162 - trainer - [78/190] Loss: 0.4665
2026/08/30 10:43:18 - __main__ - INFO - 162 - trainer - [117/190] Loss: 0.5324
2026/08/30 10:43:23 - __main__ - INFO - 162 - trainer - [156/190] Loss: 0.4828
2026/08/30 10:43:28 - __main__ - INFO - 167 - trainer - Average loss in epoch 49: 0.4847
2026/08/30 10:43:28 - __main__ - INFO - 117 - trainer - Epoch: 50
2026/08/30 10:43:28 - __main__ - INFO - 162 - trainer - [0/190] Loss: 0.5289
2026/08/30 10:43:33 - __main__ - INFO - 162 - trainer - [39/190] Loss: 0.4833
2026/08/30 10:43:38 - __main__ - INFO - 162 - trainer - [78/190] Loss: 0.4865
2026/08/30 10:43:43 - __main__ - INFO - 162 - trainer - [117/190] Loss: 0.4996
2026/08/30 10:43:48 - __main__ - INFO - 162 - trainer - [156/190] Loss: 0.4839
2026/08/30 10:43:53 - __main__ - INFO - 167 - trainer - Average loss in epoch 50: 0.4824
2026/08/30 10:43:53 - __main__ - INFO - 117 - trainer - Epoch: 51
2026/08/30 10:43:53 - __main__ - INFO - 162 - trainer - [0/190] Loss: 0.4943
2026/08/30 10:43:58 - __main__ - INFO - 162 - trainer - [39/190] Loss: 0.4964
2026/08/30 10:44:03 - __main__ - INFO - 162 - trainer - [78/190] Loss: 0.4604
2026/08/30 10:44:08 - __main__ - INFO - 162 - trainer - [117/190] Loss: 0.4751
2026/08/30 10:44:13 - __main__ - INFO - 162 - trainer - [156/190] Loss: 0.5008
2026/08/30 10:44:18 - __main__ - INFO - 167 - trainer - Average loss in epoch 51: 0.4813
2026/08/30 10:44:18 - __main__ - INFO - 117 - trainer - Epoch: 52
2026/08/30 10:44:18 - __main__ - INFO - 162 - trainer - [0/190] Loss: 0.4754
2026/08/30 10:44:23 - __main__ - INFO - 162 - trainer - [39/190] Loss: 0.4574
2026/08/30 10:44:28 - __main__ - INFO - 162 - trainer - [78/190] Loss: 0.4661
2026/08/30 10:44:33 - __main__ - INFO - 162 - trainer - [117/190] Loss: 0.4943
2026/08/30 10:44:38 - __main__ - INFO - 162 - trainer - [156/190] Loss: 0.4535
2026/08/30 10:44:43 - __main__ - INFO - 167 - trainer - Average loss in epoch 52: 0.4783
2026/08/30 10:44:43 - __main__ - INFO - 117 - trainer - Epoch: 53
2026/08/30 10:44:43 - __main__ - INFO - 162 - trainer - [0/190] Loss: 0.4691
2026/08/30 10:44:48 - __main__ - INFO - 162 - trainer - [39/190] Loss: 0.4729
2026/08/30 10:44:53 - __main__ - INFO - 162 - trainer - [78/190] Loss: 0.4444
2026/08/30 10:44:58 - __main__ - INFO - 162 - trainer - [117/190] Loss: 0.4885
2026/08/30 10:45:03 - __main__ - INFO - 162 - trainer - [156/190] Loss: 0.4786
2026/08/30 10:45:07 - __main__ - INFO - 167 - trainer - Average loss in epoch 53: 0.4793
2026/08/30 10:45:07 - __main__ - INFO - 117 - trainer - Epoch: 54
2026/08/30 10:45:07 - __main__ - INFO - 162 - trainer - [0/190] Loss: 0.5056
2026/08/30 10:45:12 - __main__ - INFO - 162 - trainer - [39/190] Loss: 0.4703
2026/08/30 10:45:17 - __main__ - INFO - 162 - trainer - [78/190] Loss: 0.4526
2026/08/30 10:45:22 - __main__ - INFO - 162 - trainer - [117/190] Loss: 0.4719
2026/08/30 10:45:27 - __main__ - INFO - 162 - trainer - [156/190] Loss: 0.4786
2026/08/30 10:45:31 - __main__ - INFO - 167 - trainer - Average loss in epoch 54: 0.4746
2026/08/30 10:45:31 - __main__ - INFO - 117 - trainer - Epoch: 55
2026/08/30 10:45:32 - __main__ - INFO - 162 - trainer - [0/190] Loss: 0.5160
2026/08/30 10:45:37 - __main__ - INFO - 162 - trainer - [39/190] Loss: 0.4789
2026/08/30 10:45:42 - __main__ - INFO - 162 - trainer - [78/190] Loss: 0.4418
2026/08/30 10:45:47 - __main__ - INFO - 162 - trainer - [117/190] Loss: 0.4443
2026/08/30 10:45:52 - __main__ - INFO - 162 - trainer - [156/190] Loss: 0.4589
2026/08/30 10:45:56 - __main__ - INFO - 167 - trainer - Average loss in epoch 55: 0.4788
2026/08/30 10:45:56 - __main__ - INFO - 117 - trainer - Epoch: 56
2026/08/30 10:45:56 - __main__ - INFO - 162 - trainer - [0/190] Loss: 0.4147
2026/08/30 10:46:01 - __main__ - INFO - 162 - trainer - [39/190] Loss: 0.4779
2026/08/30 10:46:06 - __main__ - INFO - 162 - trainer - [78/190] Loss: 0.4338
2026/08/30 10:46:11 - __main__ - INFO - 162 - trainer - [117/190] Loss: 0.4399
2026/08/30 10:46:16 - __main__ - INFO - 162 - trainer - [156/190] Loss: 0.4764
2026/08/30 10:46:20 - __main__ - INFO - 167 - trainer - Average loss in epoch 56: 0.4735
2026/08/30 10:46:20 - __main__ - INFO - 117 - trainer - Epoch: 57
2026/08/30 10:46:21 - __main__ - INFO - 162 - trainer - [0/190] Loss: 0.4722
2026/08/30 10:46:26 - __main__ - INFO - 162 - trainer - [39/190] Loss: 0.4867
2026/08/30 10:46:31 - __main__ - INFO - 162 - trainer - [78/190] Loss: 0.4756
2026/08/30 10:46:36 - __main__ - INFO - 162 - trainer - [117/190] Loss: 0.4447
2026/08/30 10:46:41 - __main__ - INFO - 162 - trainer - [156/190] Loss: 0.5000
2026/08/30 10:46:45 - __main__ - INFO - 167 - trainer - Average loss in epoch 57: 0.4731
2026/08/30 10:46:45 - __main__ - INFO - 117 - trainer - Epoch: 58
2026/08/30 10:46:45 - __main__ - INFO - 162 - trainer - [0/190] Loss: 0.4516
2026/08/30 10:46:50 - __main__ - INFO - 162 - trainer - [39/190] Loss: 0.4559
2026/08/30 10:46:55 - __main__ - INFO - 162 - trainer - [78/190] Loss: 0.4465
2026/08/30 10:47:00 - __main__ - INFO - 162 - trainer - [117/190] Loss: 0.4563
2026/08/30 10:47:06 - __main__ - INFO - 162 - trainer - [156/190] Loss: 0.4929
2026/08/30 10:47:10 - __main__ - INFO - 167 - trainer - Average loss in epoch 58: 0.4711
2026/08/30 10:47:10 - __main__ - INFO - 117 - trainer - Epoch: 59
2026/08/30 10:47:10 - __main__ - INFO - 162 - trainer - [0/190] Loss: 0.4620
2026/08/30 10:47:15 - __main__ - INFO - 162 - trainer - [39/190] Loss: 0.4661
2026/08/30 10:47:20 - __main__ - INFO - 162 - trainer - [78/190] Loss: 0.4511
2026/08/30 10:47:25 - __main__ - INFO - 162 - trainer - [117/190] Loss: 0.4494
2026/08/30 10:47:30 - __main__ - INFO - 162 - trainer - [156/190] Loss: 0.4685
2026/08/30 10:47:34 - __main__ - INFO - 167 - trainer - Average loss in epoch 59: 0.4695
2026/08/30 10:47:34 - __main__ - INFO - 117 - trainer - Epoch: 60
2026/08/30 10:47:34 - __main__ - INFO - 162 - trainer - [0/190] Loss: 0.4813
2026/08/30 10:47:40 - __main__ - INFO - 162 - trainer - [39/190] Loss: 0.4688
2026/08/30 10:47:45 - __main__ - INFO - 162 - trainer - [78/190] Loss: 0.5196
2026/08/30 10:47:50 - __main__ - INFO - 162 - trainer - [117/190] Loss: 0.4543
2026/08/30 10:47:55 - __main__ - INFO - 162 - trainer - [156/190] Loss: 0.4709
2026/08/30 10:47:59 - __main__ - INFO - 167 - trainer - Average loss in epoch 60: 0.4688
2026/08/30 10:47:59 - __main__ - INFO - 173 - trainer - start predicting: 2026-08-30 10:47:59.654485
2026/08/30 10:48:02 - __main__ - INFO - 203 - trainer - {'Best_HR@5': np.float64(2.3379), 'Best_HR@10': np.float64(3.6382), 'Best_HR@20': np.float64(5.9459), 'Best_NDCG@5': np.float64(1.3924), 'Best_NDCG@10': np.float64(1.8136), 'Best_NDCG@20': np.float64(2.3884)}
2026/08/30 10:48:02 - __main__ - INFO - 204 - trainer - {'Best_epoch_HR@5': 60, 'Best_epoch_HR@10': 60, 'Best_epoch_HR@20': 40, 'Best_epoch_NDCG@5': 60, 'Best_epoch_NDCG@10': 60, 'Best_epoch_NDCG@20': 60}
2026/08/30 10:48:02 - __main__ - INFO - 117 - trainer - Epoch: 61
2026/08/30 10:48:02 - __main__ - INFO - 162 - trainer - [0/190] Loss: 0.4720
2026/08/30 10:48:07 - __main__ - INFO - 162 - trainer - [39/190] Loss: 0.4901
2026/08/30 10:48:13 - __main__ - INFO - 162 - trainer - [78/190] Loss: 0.4908
2026/08/30 10:48:18 - __main__ - INFO - 162 - trainer - [117/190] Loss: 0.4547
2026/08/30 10:48:24 - __main__ - INFO - 162 - trainer - [156/190] Loss: 0.4789
2026/08/30 10:48:28 - __main__ - INFO - 167 - trainer - Average loss in epoch 61: 0.4714
2026/08/30 10:48:28 - __main__ - INFO - 117 - trainer - Epoch: 62
2026/08/30 10:48:28 - __main__ - INFO - 162 - trainer - [0/190] Loss: 0.4672
2026/08/30 10:48:34 - __main__ - INFO - 162 - trainer - [39/190] Loss: 0.4575
2026/08/30 10:48:39 - __main__ - INFO - 162 - trainer - [78/190] Loss: 0.4798
2026/08/30 10:48:45 - __main__ - INFO - 162 - trainer - [117/190] Loss: 0.4808
2026/08/30 10:48:50 - __main__ - INFO - 162 - trainer - [156/190] Loss: 0.4785
2026/08/30 10:48:55 - __main__ - INFO - 167 - trainer - Average loss in epoch 62: 0.4683
2026/08/30 10:48:55 - __main__ - INFO - 117 - trainer - Epoch: 63
2026/08/30 10:48:55 - __main__ - INFO - 162 - trainer - [0/190] Loss: 0.4486
2026/08/30 10:49:00 - __main__ - INFO - 162 - trainer - [39/190] Loss: 0.4685
2026/08/30 10:49:06 - __main__ - INFO - 162 - trainer - [78/190] Loss: 0.4668
2026/08/30 10:49:11 - __main__ - INFO - 162 - trainer - [117/190] Loss: 0.4555
2026/08/30 10:49:17 - __main__ - INFO - 162 - trainer - [156/190] Loss: 0.4678
2026/08/30 10:49:21 - __main__ - INFO - 167 - trainer - Average loss in epoch 63: 0.4666
2026/08/30 10:49:21 - __main__ - INFO - 117 - trainer - Epoch: 64
2026/08/30 10:49:21 - __main__ - INFO - 162 - trainer - [0/190] Loss: 0.4849
2026/08/30 10:49:27 - __main__ - INFO - 162 - trainer - [39/190] Loss: 0.4491
2026/08/30 10:49:32 - __main__ - INFO - 162 - trainer - [78/190] Loss: 0.4477
2026/08/30 10:49:38 - __main__ - INFO - 162 - trainer - [117/190] Loss: 0.4811
2026/08/30 10:49:43 - __main__ - INFO - 162 - trainer - [156/190] Loss: 0.4715
2026/08/30 10:49:48 - __main__ - INFO - 167 - trainer - Average loss in epoch 64: 0.4658
2026/08/30 10:49:48 - __main__ - INFO - 117 - trainer - Epoch: 65
2026/08/30 10:49:48 - __main__ - INFO - 162 - trainer - [0/190] Loss: 0.4574
2026/08/30 10:49:53 - __main__ - INFO - 162 - trainer - [39/190] Loss: 0.4358
2026/08/30 10:49:58 - __main__ - INFO - 162 - trainer - [78/190] Loss: 0.4642
2026/08/30 10:50:04 - __main__ - INFO - 162 - trainer - [117/190] Loss: 0.4780
2026/08/30 10:50:09 - __main__ - INFO - 162 - trainer - [156/190] Loss: 0.4393
2026/08/30 10:50:14 - __main__ - INFO - 167 - trainer - Average loss in epoch 65: 0.4629
2026/08/30 10:50:14 - __main__ - INFO - 117 - trainer - Epoch: 66
2026/08/30 10:50:14 - __main__ - INFO - 162 - trainer - [0/190] Loss: 0.4447
2026/08/30 10:50:19 - __main__ - INFO - 162 - trainer - [39/190] Loss: 0.4724
2026/08/30 10:50:25 - __main__ - INFO - 162 - trainer - [78/190] Loss: 0.4588
2026/08/30 10:50:30 - __main__ - INFO - 162 - trainer - [117/190] Loss: 0.4660
2026/08/30 10:50:35 - __main__ - INFO - 162 - trainer - [156/190] Loss: 0.4519
2026/08/30 10:50:40 - __main__ - INFO - 167 - trainer - Average loss in epoch 66: 0.4655
2026/08/30 10:50:40 - __main__ - INFO - 117 - trainer - Epoch: 67
2026/08/30 10:50:40 - __main__ - INFO - 162 - trainer - [0/190] Loss: 0.4806
2026/08/30 10:50:46 - __main__ - INFO - 162 - trainer - [39/190] Loss: 0.4455
2026/08/30 10:50:51 - __main__ - INFO - 162 - trainer - [78/190] Loss: 0.4414
2026/08/30 10:50:57 - __main__ - INFO - 162 - trainer - [117/190] Loss: 0.4763
2026/08/30 10:51:02 - __main__ - INFO - 162 - trainer - [156/190] Loss: 0.5203
2026/08/30 10:51:06 - __main__ - INFO - 167 - trainer - Average loss in epoch 67: 0.4632
2026/08/30 10:51:06 - __main__ - INFO - 117 - trainer - Epoch: 68
2026/08/30 10:51:07 - __main__ - INFO - 162 - trainer - [0/190] Loss: 0.5267
2026/08/30 10:51:12 - __main__ - INFO - 162 - trainer - [39/190] Loss: 0.4595
2026/08/30 10:51:17 - __main__ - INFO - 162 - trainer - [78/190] Loss: 0.4603
2026/08/30 10:51:23 - __main__ - INFO - 162 - trainer - [117/190] Loss: 0.4418
2026/08/30 10:51:28 - __main__ - INFO - 162 - trainer - [156/190] Loss: 0.4131
2026/08/30 10:51:33 - __main__ - INFO - 167 - trainer - Average loss in epoch 68: 0.4639
2026/08/30 10:51:33 - __main__ - INFO - 117 - trainer - Epoch: 69
2026/08/30 10:51:33 - __main__ - INFO - 162 - trainer - [0/190] Loss: 0.4268
2026/08/30 10:51:38 - __main__ - INFO - 162 - trainer - [39/190] Loss: 0.4959
2026/08/30 10:51:43 - __main__ - INFO - 162 - trainer - [78/190] Loss: 0.5061
2026/08/30 10:51:49 - __main__ - INFO - 162 - trainer - [117/190] Loss: 0.4541
2026/08/30 10:51:54 - __main__ - INFO - 162 - trainer - [156/190] Loss: 0.4761
2026/08/30 10:51:59 - __main__ - INFO - 167 - trainer - Average loss in epoch 69: 0.4613
2026/08/30 10:51:59 - __main__ - INFO - 117 - trainer - Epoch: 70
2026/08/30 10:51:59 - __main__ - INFO - 162 - trainer - [0/190] Loss: 0.4593
2026/08/30 10:52:04 - __main__ - INFO - 162 - trainer - [39/190] Loss: 0.4304
2026/08/30 10:52:09 - __main__ - INFO - 162 - trainer - [78/190] Loss: 0.4830
2026/08/30 10:52:15 - __main__ - INFO - 162 - trainer - [117/190] Loss: 0.4534
2026/08/30 10:52:20 - __main__ - INFO - 162 - trainer - [156/190] Loss: 0.4617
2026/08/30 10:52:25 - __main__ - INFO - 167 - trainer - Average loss in epoch 70: 0.4612
2026/08/30 10:52:25 - __main__ - INFO - 117 - trainer - Epoch: 71
2026/08/30 10:52:25 - __main__ - INFO - 162 - trainer - [0/190] Loss: 0.4502
2026/08/30 10:52:30 - __main__ - INFO - 162 - trainer - [39/190] Loss: 0.4737
2026/08/30 10:52:36 - __main__ - INFO - 162 - trainer - [78/190] Loss: 0.4374
2026/08/30 10:52:41 - __main__ - INFO - 162 - trainer - [117/190] Loss: 0.4639
2026/08/30 10:52:47 - __main__ - INFO - 162 - trainer - [156/190] Loss: 0.4575
2026/08/30 10:52:51 - __main__ - INFO - 167 - trainer - Average loss in epoch 71: 0.4611
2026/08/30 10:52:51 - __main__ - INFO - 117 - trainer - Epoch: 72
2026/08/30 10:52:51 - __main__ - INFO - 162 - trainer - [0/190] Loss: 0.4479
2026/08/30 10:52:57 - __main__ - INFO - 162 - trainer - [39/190] Loss: 0.4495
2026/08/30 10:53:02 - __main__ - INFO - 162 - trainer - [78/190] Loss: 0.4988
2026/08/30 10:53:07 - __main__ - INFO - 162 - trainer - [117/190] Loss: 0.4694
2026/08/30 10:53:13 - __main__ - INFO - 162 - trainer - [156/190] Loss: 0.4425
2026/08/30 10:53:17 - __main__ - INFO - 167 - trainer - Average loss in epoch 72: 0.4622
2026/08/30 10:53:17 - __main__ - INFO - 117 - trainer - Epoch: 73
2026/08/30 10:53:17 - __main__ - INFO - 162 - trainer - [0/190] Loss: 0.3954
2026/08/30 10:53:23 - __main__ - INFO - 162 - trainer - [39/190] Loss: 0.4267
2026/08/30 10:53:28 - __main__ - INFO - 162 - trainer - [78/190] Loss: 0.4857
2026/08/30 10:53:34 - __main__ - INFO - 162 - trainer - [117/190] Loss: 0.4324
2026/08/30 10:53:39 - __main__ - INFO - 162 - trainer - [156/190] Loss: 0.4460
2026/08/30 10:53:44 - __main__ - INFO - 167 - trainer - Average loss in epoch 73: 0.4580
2026/08/30 10:53:44 - __main__ - INFO - 117 - trainer - Epoch: 74
2026/08/30 10:53:44 - __main__ - INFO - 162 - trainer - [0/190] Loss: 0.4466
2026/08/30 10:53:49 - __main__ - INFO - 162 - trainer - [39/190] Loss: 0.4830
2026/08/30 10:53:55 - __main__ - INFO - 162 - trainer - [78/190] Loss: 0.4190
2026/08/30 10:54:00 - __main__ - INFO - 162 - trainer - [117/190] Loss: 0.4562
2026/08/30 10:54:06 - __main__ - INFO - 162 - trainer - [156/190] Loss: 0.4552
2026/08/30 10:54:10 - __main__ - INFO - 167 - trainer - Average loss in epoch 74: 0.4578
2026/08/30 10:54:10 - __main__ - INFO - 117 - trainer - Epoch: 75
2026/08/30 10:54:10 - __main__ - INFO - 162 - trainer - [0/190] Loss: 0.4870
2026/08/30 10:54:16 - __main__ - INFO - 162 - trainer - [39/190] Loss: 0.4300
2026/08/30 10:54:21 - __main__ - INFO - 162 - trainer - [78/190] Loss: 0.4393
2026/08/30 10:54:27 - __main__ - INFO - 162 - trainer - [117/190] Loss: 0.4407
2026/08/30 10:54:32 - __main__ - INFO - 162 - trainer - [156/190] Loss: 0.4823
2026/08/30 10:54:37 - __main__ - INFO - 167 - trainer - Average loss in epoch 75: 0.4606
2026/08/30 10:54:37 - __main__ - INFO - 117 - trainer - Epoch: 76
2026/08/30 10:54:37 - __main__ - INFO - 162 - trainer - [0/190] Loss: 0.4350
2026/08/30 10:54:42 - __main__ - INFO - 162 - trainer - [39/190] Loss: 0.4683
2026/08/30 10:54:47 - __main__ - INFO - 162 - trainer - [78/190] Loss: 0.4980
2026/08/30 10:54:53 - __main__ - INFO - 162 - trainer - [117/190] Loss: 0.4918
2026/08/30 10:54:58 - __main__ - INFO - 162 - trainer - [156/190] Loss: 0.4589
2026/08/30 10:55:03 - __main__ - INFO - 167 - trainer - Average loss in epoch 76: 0.4572
2026/08/30 10:55:03 - __main__ - INFO - 117 - trainer - Epoch: 77
2026/08/30 10:55:03 - __main__ - INFO - 162 - trainer - [0/190] Loss: 0.5428
2026/08/30 10:55:08 - __main__ - INFO - 162 - trainer - [39/190] Loss: 0.4736
2026/08/30 10:55:14 - __main__ - INFO - 162 - trainer - [78/190] Loss: 0.4327
2026/08/30 10:55:19 - __main__ - INFO - 162 - trainer - [117/190] Loss: 0.4212
2026/08/30 10:55:25 - __main__ - INFO - 162 - trainer - [156/190] Loss: 0.4377
2026/08/30 10:55:29 - __main__ - INFO - 167 - trainer - Average loss in epoch 77: 0.4532
2026/08/30 10:55:29 - __main__ - INFO - 117 - trainer - Epoch: 78
2026/08/30 10:55:29 - __main__ - INFO - 162 - trainer - [0/190] Loss: 0.4451
2026/08/30 10:55:35 - __main__ - INFO - 162 - trainer - [39/190] Loss: 0.4459
2026/08/30 10:55:40 - __main__ - INFO - 162 - trainer - [78/190] Loss: 0.5040
2026/08/30 10:55:46 - __main__ - INFO - 162 - trainer - [117/190] Loss: 0.4649
2026/08/30 10:55:51 - __main__ - INFO - 162 - trainer - [156/190] Loss: 0.4838
2026/08/30 10:55:55 - __main__ - INFO - 167 - trainer - Average loss in epoch 78: 0.4547
2026/08/30 10:55:55 - __main__ - INFO - 117 - trainer - Epoch: 79
2026/08/30 10:55:56 - __main__ - INFO - 162 - trainer - [0/190] Loss: 0.4367
2026/08/30 10:56:01 - __main__ - INFO - 162 - trainer - [39/190] Loss: 0.4815
2026/08/30 10:56:06 - __main__ - INFO - 162 - trainer - [78/190] Loss: 0.4627
2026/08/30 10:56:12 - __main__ - INFO - 162 - trainer - [117/190] Loss: 0.4586
2026/08/30 10:56:17 - __main__ - INFO - 162 - trainer - [156/190] Loss: 0.4825
2026/08/30 10:56:22 - __main__ - INFO - 167 - trainer - Average loss in epoch 79: 0.4537
2026/08/30 10:56:22 - __main__ - INFO - 117 - trainer - Epoch: 80
2026/08/30 10:56:22 - __main__ - INFO - 162 - trainer - [0/190] Loss: 0.4613
2026/08/30 10:56:28 - __main__ - INFO - 162 - trainer - [39/190] Loss: 0.4329
2026/08/30 10:56:34 - __main__ - INFO - 162 - trainer - [78/190] Loss: 0.4639
2026/08/30 10:56:39 - __main__ - INFO - 162 - trainer - [117/190] Loss: 0.4421
2026/08/30 10:56:45 - __main__ - INFO - 162 - trainer - [156/190] Loss: 0.4272
2026/08/30 10:56:49 - __main__ - INFO - 167 - trainer - Average loss in epoch 80: 0.4520
2026/08/30 10:56:49 - __main__ - INFO - 173 - trainer - start predicting: 2026-08-30 10:56:49.673375
2026/08/30 10:56:52 - __main__ - INFO - 203 - trainer - {'Best_HR@5': np.float64(2.3379), 'Best_HR@10': np.float64(3.6382), 'Best_HR@20': np.float64(5.9459), 'Best_NDCG@5': np.float64(1.5365), 'Best_NDCG@10': np.float64(1.8999), 'Best_NDCG@20': np.float64(2.5255)}
2026/08/30 10:56:52 - __main__ - INFO - 204 - trainer - {'Best_epoch_HR@5': 60, 'Best_epoch_HR@10': 60, 'Best_epoch_HR@20': 40, 'Best_epoch_NDCG@5': 80, 'Best_epoch_NDCG@10': 80, 'Best_epoch_NDCG@20': 80}
2026/08/30 10:56:52 - __main__ - INFO - 117 - trainer - Epoch: 81
2026/08/30 10:56:52 - __main__ - INFO - 162 - trainer - [0/190] Loss: 0.4751
2026/08/30 10:56:57 - __main__ - INFO - 162 - trainer - [39/190] Loss: 0.4656
2026/08/30 10:57:02 - __main__ - INFO - 162 - trainer - [78/190] Loss: 0.4574
2026/08/30 10:57:07 - __main__ - INFO - 162 - trainer - [117/190] Loss: 0.4031
2026/08/30 10:57:12 - __main__ - INFO - 162 - trainer - [156/190] Loss: 0.4272
2026/08/30 10:57:16 - __main__ - INFO - 167 - trainer - Average loss in epoch 81: 0.4533
2026/08/30 10:57:16 - __main__ - INFO - 117 - trainer - Epoch: 82
2026/08/30 10:57:16 - __main__ - INFO - 162 - trainer - [0/190] Loss: 0.4759
2026/08/30 10:57:21 - __main__ - INFO - 162 - trainer - [39/190] Loss: 0.4568
2026/08/30 10:57:26 - __main__ - INFO - 162 - trainer - [78/190] Loss: 0.5135
2026/08/30 10:57:31 - __main__ - INFO - 162 - trainer - [117/190] Loss: 0.4292
2026/08/30 10:57:36 - __main__ - INFO - 162 - trainer - [156/190] Loss: 0.5056
2026/08/30 10:57:40 - __main__ - INFO - 167 - trainer - Average loss in epoch 82: 0.4537
2026/08/30 10:57:40 - __main__ - INFO - 117 - trainer - Epoch: 83
2026/08/30 10:57:41 - __main__ - INFO - 162 - trainer - [0/190] Loss: 0.4323
2026/08/30 10:57:46 - __main__ - INFO - 162 - trainer - [39/190] Loss: 0.4372
2026/08/30 10:57:51 - __main__ - INFO - 162 - trainer - [78/190] Loss: 0.4144
2026/08/30 10:57:55 - __main__ - INFO - 162 - trainer - [117/190] Loss: 0.4329
2026/08/30 10:58:01 - __main__ - INFO - 162 - trainer - [156/190] Loss: 0.4625
2026/08/30 10:58:05 - __main__ - INFO - 167 - trainer - Average loss in epoch 83: 0.4520
2026/08/30 10:58:05 - __main__ - INFO - 117 - trainer - Epoch: 84
2026/08/30 10:58:05 - __main__ - INFO - 162 - trainer - [0/190] Loss: 0.4638
2026/08/30 10:58:10 - __main__ - INFO - 162 - trainer - [39/190] Loss: 0.4238
2026/08/30 10:58:15 - __main__ - INFO - 162 - trainer - [78/190] Loss: 0.4546
2026/08/30 10:58:20 - __main__ - INFO - 162 - trainer - [117/190] Loss: 0.4421
2026/08/30 10:58:25 - __main__ - INFO - 162 - trainer - [156/190] Loss: 0.4592
2026/08/30 10:58:29 - __main__ - INFO - 167 - trainer - Average loss in epoch 84: 0.4544
2026/08/30 10:58:29 - __main__ - INFO - 117 - trainer - Epoch: 85
2026/08/30 10:58:29 - __main__ - INFO - 162 - trainer - [0/190] Loss: 0.4328
2026/08/30 10:58:34 - __main__ - INFO - 162 - trainer - [39/190] Loss: 0.3781
2026/08/30 10:58:39 - __main__ - INFO - 162 - trainer - [78/190] Loss: 0.4265
2026/08/30 10:58:44 - __main__ - INFO - 162 - trainer - [117/190] Loss: 0.4542
2026/08/30 10:58:49 - __main__ - INFO - 162 - trainer - [156/190] Loss: 0.4625
2026/08/30 10:58:54 - __main__ - INFO - 167 - trainer - Average loss in epoch 85: 0.4482
2026/08/30 10:58:54 - __main__ - INFO - 117 - trainer - Epoch: 86
2026/08/30 10:58:54 - __main__ - INFO - 162 - trainer - [0/190] Loss: 0.4540
2026/08/30 10:58:59 - __main__ - INFO - 162 - trainer - [39/190] Loss: 0.4507
2026/08/30 10:59:04 - __main__ - INFO - 162 - trainer - [78/190] Loss: 0.4431
2026/08/30 10:59:09 - __main__ - INFO - 162 - trainer - [117/190] Loss: 0.4063
2026/08/30 10:59:14 - __main__ - INFO - 162 - trainer - [156/190] Loss: 0.4328
2026/08/30 10:59:18 - __main__ - INFO - 167 - trainer - Average loss in epoch 86: 0.4482
2026/08/30 10:59:18 - __main__ - INFO - 117 - trainer - Epoch: 87
2026/08/30 10:59:19 - __main__ - INFO - 162 - trainer - [0/190] Loss: 0.4550
2026/08/30 10:59:24 - __main__ - INFO - 162 - trainer - [39/190] Loss: 0.4487
2026/08/30 10:59:29 - __main__ - INFO - 162 - trainer - [78/190] Loss: 0.4756
2026/08/30 10:59:34 - __main__ - INFO - 162 - trainer - [117/190] Loss: 0.4701
2026/08/30 10:59:39 - __main__ - INFO - 162 - trainer - [156/190] Loss: 0.4538
2026/08/30 10:59:43 - __main__ - INFO - 167 - trainer - Average loss in epoch 87: 0.4469
2026/08/30 10:59:43 - __main__ - INFO - 117 - trainer - Epoch: 88
2026/08/30 10:59:43 - __main__ - INFO - 162 - trainer - [0/190] Loss: 0.4789
2026/08/30 10:59:48 - __main__ - INFO - 162 - trainer - [39/190] Loss: 0.4856
2026/08/30 10:59:53 - __main__ - INFO - 162 - trainer - [78/190] Loss: 0.4627
2026/08/30 10:59:58 - __main__ - INFO - 162 - trainer - [117/190] Loss: 0.4838
2026/08/30 11:00:03 - __main__ - INFO - 162 - trainer - [156/190] Loss: 0.4664
2026/08/30 11:00:07 - __main__ - INFO - 167 - trainer - Average loss in epoch 88: 0.4497
2026/08/30 11:00:07 - __main__ - INFO - 117 - trainer - Epoch: 89
2026/08/30 11:00:08 - __main__ - INFO - 162 - trainer - [0/190] Loss: 0.4357
2026/08/30 11:00:13 - __main__ - INFO - 162 - trainer - [39/190] Loss: 0.4234
2026/08/30 11:00:18 - __main__ - INFO - 162 - trainer - [78/190] Loss: 0.4574
2026/08/30 11:00:23 - __main__ - INFO - 162 - trainer - [117/190] Loss: 0.4087
2026/08/30 11:00:28 - __main__ - INFO - 162 - trainer - [156/190] Loss: 0.4545
2026/08/30 11:00:32 - __main__ - INFO - 167 - trainer - Average loss in epoch 89: 0.4475
2026/08/30 11:00:32 - __main__ - INFO - 117 - trainer - Epoch: 90
2026/08/30 11:00:32 - __main__ - INFO - 162 - trainer - [0/190] Loss: 0.4124
2026/08/30 11:00:37 - __main__ - INFO - 162 - trainer - [39/190] Loss: 0.4256
2026/08/30 11:00:42 - __main__ - INFO - 162 - trainer - [78/190] Loss: 0.4481
2026/08/30 11:00:47 - __main__ - INFO - 162 - trainer - [117/190] Loss: 0.4459
2026/08/30 11:00:52 - __main__ - INFO - 162 - trainer - [156/190] Loss: 0.4703
2026/08/30 11:00:57 - __main__ - INFO - 167 - trainer - Average loss in epoch 90: 0.4477
2026/08/30 11:00:57 - __main__ - INFO - 117 - trainer - Epoch: 91
2026/08/30 11:00:57 - __main__ - INFO - 162 - trainer - [0/190] Loss: 0.4342
2026/08/30 11:01:02 - __main__ - INFO - 162 - trainer - [39/190] Loss: 0.4173
2026/08/30 11:01:07 - __main__ - INFO - 162 - trainer - [78/190] Loss: 0.4439
2026/08/30 11:01:12 - __main__ - INFO - 162 - trainer - [117/190] Loss: 0.4207
2026/08/30 11:01:17 - __main__ - INFO - 162 - trainer - [156/190] Loss: 0.4393
2026/08/30 11:01:21 - __main__ - INFO - 167 - trainer - Average loss in epoch 91: 0.4472
2026/08/30 11:01:21 - __main__ - INFO - 117 - trainer - Epoch: 92
2026/08/30 11:01:21 - __main__ - INFO - 162 - trainer - [0/190] Loss: 0.4754
2026/08/30 11:01:26 - __main__ - INFO - 162 - trainer - [39/190] Loss: 0.4547
2026/08/30 11:01:31 - __main__ - INFO - 162 - trainer - [78/190] Loss: 0.4349
2026/08/30 11:01:36 - __main__ - INFO - 162 - trainer - [117/190] Loss: 0.4386
2026/08/30 11:01:41 - __main__ - INFO - 162 - trainer - [156/190] Loss: 0.4384
2026/08/30 11:01:45 - __main__ - INFO - 167 - trainer - Average loss in epoch 92: 0.4474
2026/08/30 11:01:45 - __main__ - INFO - 117 - trainer - Epoch: 93
2026/08/30 11:01:46 - __main__ - INFO - 162 - trainer - [0/190] Loss: 0.4378
2026/08/30 11:01:51 - __main__ - INFO - 162 - trainer - [39/190] Loss: 0.4561
2026/08/30 11:01:56 - __main__ - INFO - 162 - trainer - [78/190] Loss: 0.4281
2026/08/30 11:02:01 - __main__ - INFO - 162 - trainer - [117/190] Loss: 0.4370
2026/08/30 11:02:06 - __main__ - INFO - 162 - trainer - [156/190] Loss: 0.4441
2026/08/30 11:02:10 - __main__ - INFO - 167 - trainer - Average loss in epoch 93: 0.4455
2026/08/30 11:02:10 - __main__ - INFO - 117 - trainer - Epoch: 94
2026/08/30 11:02:10 - __main__ - INFO - 162 - trainer - [0/190] Loss: 0.4380
2026/08/30 11:02:15 - __main__ - INFO - 162 - trainer - [39/190] Loss: 0.4569
2026/08/30 11:02:20 - __main__ - INFO - 162 - trainer - [78/190] Loss: 0.4119
2026/08/30 11:02:25 - __main__ - INFO - 162 - trainer - [117/190] Loss: 0.4878
2026/08/30 11:02:31 - __main__ - INFO - 162 - trainer - [156/190] Loss: 0.4388
2026/08/30 11:02:35 - __main__ - INFO - 167 - trainer - Average loss in epoch 94: 0.4442
2026/08/30 11:02:35 - __main__ - INFO - 117 - trainer - Epoch: 95
2026/08/30 11:02:35 - __main__ - INFO - 162 - trainer - [0/190] Loss: 0.4579
2026/08/30 11:02:40 - __main__ - INFO - 162 - trainer - [39/190] Loss: 0.4103
2026/08/30 11:02:45 - __main__ - INFO - 162 - trainer - [78/190] Loss: 0.4838
2026/08/30 11:02:50 - __main__ - INFO - 162 - trainer - [117/190] Loss: 0.3855
2026/08/30 11:02:55 - __main__ - INFO - 162 - trainer - [156/190] Loss: 0.4657
2026/08/30 11:02:59 - __main__ - INFO - 167 - trainer - Average loss in epoch 95: 0.4465
2026/08/30 11:02:59 - __main__ - INFO - 117 - trainer - Epoch: 96
2026/08/30 11:02:59 - __main__ - INFO - 162 - trainer - [0/190] Loss: 0.4820
2026/08/30 11:03:04 - __main__ - INFO - 162 - trainer - [39/190] Loss: 0.3877
2026/08/30 11:03:09 - __main__ - INFO - 162 - trainer - [78/190] Loss: 0.4271
2026/08/30 11:03:14 - __main__ - INFO - 162 - trainer - [117/190] Loss: 0.4274
2026/08/30 11:03:19 - __main__ - INFO - 162 - trainer - [156/190] Loss: 0.4464
2026/08/30 11:03:24 - __main__ - INFO - 167 - trainer - Average loss in epoch 96: 0.4459
2026/08/30 11:03:24 - __main__ - INFO - 117 - trainer - Epoch: 97
2026/08/30 11:03:24 - __main__ - INFO - 162 - trainer - [0/190] Loss: 0.4216
2026/08/30 11:03:29 - __main__ - INFO - 162 - trainer - [39/190] Loss: 0.4318
2026/08/30 11:03:34 - __main__ - INFO - 162 - trainer - [78/190] Loss: 0.4301
2026/08/30 11:03:39 - __main__ - INFO - 162 - trainer - [117/190] Loss: 0.4495
2026/08/30 11:03:44 - __main__ - INFO - 162 - trainer - [156/190] Loss: 0.3824
2026/08/30 11:03:48 - __main__ - INFO - 167 - trainer - Average loss in epoch 97: 0.4427
2026/08/30 11:03:48 - __main__ - INFO - 117 - trainer - Epoch: 98
2026/08/30 11:03:48 - __main__ - INFO - 162 - trainer - [0/190] Loss: 0.3960
2026/08/30 11:03:54 - __main__ - INFO - 162 - trainer - [39/190] Loss: 0.4476
2026/08/30 11:03:59 - __main__ - INFO - 162 - trainer - [78/190] Loss: 0.4016
2026/08/30 11:04:04 - __main__ - INFO - 162 - trainer - [117/190] Loss: 0.4658
2026/08/30 11:04:09 - __main__ - INFO - 162 - trainer - [156/190] Loss: 0.4565
2026/08/30 11:04:13 - __main__ - INFO - 167 - trainer - Average loss in epoch 98: 0.4433
2026/08/30 11:04:13 - __main__ - INFO - 117 - trainer - Epoch: 99
2026/08/30 11:04:13 - __main__ - INFO - 162 - trainer - [0/190] Loss: 0.4663
2026/08/30 11:04:18 - __main__ - INFO - 162 - trainer - [39/190] Loss: 0.4346
2026/08/30 11:04:23 - __main__ - INFO - 162 - trainer - [78/190] Loss: 0.4580
2026/08/30 11:04:28 - __main__ - INFO - 162 - trainer - [117/190] Loss: 0.5006
2026/08/30 11:04:33 - __main__ - INFO - 162 - trainer - [156/190] Loss: 0.4326
2026/08/30 11:04:37 - __main__ - INFO - 167 - trainer - Average loss in epoch 99: 0.4433
2026/08/30 11:04:37 - __main__ - INFO - 117 - trainer - Epoch: 100
2026/08/30 11:04:37 - __main__ - INFO - 162 - trainer - [0/190] Loss: 0.4936
2026/08/30 11:04:42 - __main__ - INFO - 162 - trainer - [39/190] Loss: 0.4526
2026/08/30 11:04:48 - __main__ - INFO - 162 - trainer - [78/190] Loss: 0.4577
2026/08/30 11:04:53 - __main__ - INFO - 162 - trainer - [117/190] Loss: 0.4414
2026/08/30 11:04:58 - __main__ - INFO - 162 - trainer - [156/190] Loss: 0.4275
2026/08/30 11:05:02 - __main__ - INFO - 167 - trainer - Average loss in epoch 100: 0.4381
2026/08/30 11:05:02 - __main__ - INFO - 173 - trainer - start predicting: 2026-08-30 11:05:02.435523
2026/08/30 11:05:04 - __main__ - INFO - 203 - trainer - {'Best_HR@5': np.float64(2.3379), 'Best_HR@10': np.float64(4.2976), 'Best_HR@20': np.float64(8.6076), 'Best_NDCG@5': np.float64(1.5365), 'Best_NDCG@10': np.float64(2.0076), 'Best_NDCG@20': np.float64(3.0819)}
2026/08/30 11:05:04 - __main__ - INFO - 204 - trainer - {'Best_epoch_HR@5': 60, 'Best_epoch_HR@10': 100, 'Best_epoch_HR@20': 100, 'Best_epoch_NDCG@5': 80, 'Best_epoch_NDCG@10': 100, 'Best_epoch_NDCG@20': 100}
2026/08/30 11:05:04 - __main__ - INFO - 117 - trainer - Epoch: 101
2026/08/30 11:05:04 - __main__ - INFO - 162 - trainer - [0/190] Loss: 0.4347
2026/08/30 11:05:10 - __main__ - INFO - 162 - trainer - [39/190] Loss: 0.4326
2026/08/30 11:05:15 - __main__ - INFO - 162 - trainer - [78/190] Loss: 0.4144
2026/08/30 11:05:21 - __main__ - INFO - 162 - trainer - [117/190] Loss: 0.4553
2026/08/30 11:05:27 - __main__ - INFO - 162 - trainer - [156/190] Loss: 0.4610
2026/08/30 11:05:31 - __main__ - INFO - 167 - trainer - Average loss in epoch 101: 0.4351
2026/08/30 11:05:31 - __main__ - INFO - 117 - trainer - Epoch: 102
2026/08/30 11:05:31 - __main__ - INFO - 162 - trainer - [0/190] Loss: 0.4003
2026/08/30 11:05:37 - __main__ - INFO - 162 - trainer - [39/190] Loss: 0.4412
2026/08/30 11:05:42 - __main__ - INFO - 162 - trainer - [78/190] Loss: 0.4654
2026/08/30 11:05:48 - __main__ - INFO - 162 - trainer - [117/190] Loss: 0.4235
2026/08/30 11:05:53 - __main__ - INFO - 162 - trainer - [156/190] Loss: 0.4685
2026/08/30 11:05:58 - __main__ - INFO - 167 - trainer - Average loss in epoch 102: 0.4317
2026/08/30 11:05:58 - __main__ - INFO - 117 - trainer - Epoch: 103
2026/08/30 11:05:58 - __main__ - INFO - 162 - trainer - [0/190] Loss: 0.4272
2026/08/30 11:06:03 - __main__ - INFO - 162 - trainer - [39/190] Loss: 0.4473
2026/08/30 11:06:08 - __main__ - INFO - 162 - trainer - [78/190] Loss: 0.4108
2026/08/30 11:06:14 - __main__ - INFO - 162 - trainer - [117/190] Loss: 0.4139
2026/08/30 11:06:19 - __main__ - INFO - 162 - trainer - [156/190] Loss: 0.4151
2026/08/30 11:06:24 - __main__ - INFO - 167 - trainer - Average loss in epoch 103: 0.4321
2026/08/30 11:06:24 - __main__ - INFO - 117 - trainer - Epoch: 104
2026/08/30 11:06:24 - __main__ - INFO - 162 - trainer - [0/190] Loss: 0.4608
2026/08/30 11:06:29 - __main__ - INFO - 162 - trainer - [39/190] Loss: 0.4446
2026/08/30 11:06:35 - __main__ - INFO - 162 - trainer - [78/190] Loss: 0.4210
2026/08/30 11:06:40 - __main__ - INFO - 162 - trainer - [117/190] Loss: 0.4400
2026/08/30 11:06:46 - __main__ - INFO - 162 - trainer - [156/190] Loss: 0.4132
2026/08/30 11:06:50 - __main__ - INFO - 167 - trainer - Average loss in epoch 104: 0.4288
2026/08/30 11:06:50 - __main__ - INFO - 117 - trainer - Epoch: 105
2026/08/30 11:06:50 - __main__ - INFO - 162 - trainer - [0/190] Loss: 0.4115
2026/08/30 11:06:56 - __main__ - INFO - 162 - trainer - [39/190] Loss: 0.4002
2026/08/30 11:07:01 - __main__ - INFO - 162 - trainer - [78/190] Loss: 0.4434
2026/08/30 11:07:07 - __main__ - INFO - 162 - trainer - [117/190] Loss: 0.4083
2026/08/30 11:07:12 - __main__ - INFO - 162 - trainer - [156/190] Loss: 0.4393
2026/08/30 11:07:17 - __main__ - INFO - 167 - trainer - Average loss in epoch 105: 0.4306
2026/08/30 11:07:17 - __main__ - INFO - 117 - trainer - Epoch: 106
2026/08/30 11:07:17 - __main__ - INFO - 162 - trainer - [0/190] Loss: 0.4526
2026/08/30 11:07:22 - __main__ - INFO - 162 - trainer - [39/190] Loss: 0.3979
2026/08/30 11:07:28 - __main__ - INFO - 162 - trainer - [78/190] Loss: 0.4234
2026/08/30 11:07:33 - __main__ - INFO - 162 - trainer - [117/190] Loss: 0.4405
2026/08/30 11:07:38 - __main__ - INFO - 162 - trainer - [156/190] Loss: 0.4083
2026/08/30 11:07:43 - __main__ - INFO - 167 - trainer - Average loss in epoch 106: 0.4258
2026/08/30 11:07:43 - __main__ - INFO - 117 - trainer - Epoch: 107
2026/08/30 11:07:43 - __main__ - INFO - 162 - trainer - [0/190] Loss: 0.4530
2026/08/30 11:07:49 - __main__ - INFO - 162 - trainer - [39/190] Loss: 0.4157
2026/08/30 11:07:54 - __main__ - INFO - 162 - trainer - [78/190] Loss: 0.4128
2026/08/30 11:08:00 - __main__ - INFO - 162 - trainer - [117/190] Loss: 0.4222
2026/08/30 11:08:06 - __main__ - INFO - 162 - trainer - [156/190] Loss: 0.4532
2026/08/30 11:08:10 - __main__ - INFO - 167 - trainer - Average loss in epoch 107: 0.4316
2026/08/30 11:08:10 - __main__ - INFO - 117 - trainer - Epoch: 108
2026/08/30 11:08:10 - __main__ - INFO - 162 - trainer - [0/190] Loss: 0.4460
2026/08/30 11:08:16 - __main__ - INFO - 162 - trainer - [39/190] Loss: 0.4248
2026/08/30 11:08:21 - __main__ - INFO - 162 - trainer - [78/190] Loss: 0.4557
2026/08/30 11:08:27 - __main__ - INFO - 162 - trainer - [117/190] Loss: 0.4280
2026/08/30 11:08:32 - __main__ - INFO - 162 - trainer - [156/190] Loss: 0.3977
2026/08/30 11:08:37 - __main__ - INFO - 167 - trainer - Average loss in epoch 108: 0.4287
2026/08/30 11:08:37 - __main__ - INFO - 117 - trainer - Epoch: 109
2026/08/30 11:08:37 - __main__ - INFO - 162 - trainer - [0/190] Loss: 0.4517
2026/08/30 11:08:42 - __main__ - INFO - 162 - trainer - [39/190] Loss: 0.4159
2026/08/30 11:08:48 - __main__ - INFO - 162 - trainer - [78/190] Loss: 0.4402
2026/08/30 11:08:53 - __main__ - INFO - 162 - trainer - [117/190] Loss: 0.4386
2026/08/30 11:08:59 - __main__ - INFO - 162 - trainer - [156/190] Loss: 0.4100
2026/08/30 11:09:03 - __main__ - INFO - 167 - trainer - Average loss in epoch 109: 0.4270
2026/08/30 11:09:03 - __main__ - INFO - 117 - trainer - Epoch: 110
2026/08/30 11:09:03 - __main__ - INFO - 162 - trainer - [0/190] Loss: 0.4431
2026/08/30 11:09:09 - __main__ - INFO - 162 - trainer - [39/190] Loss: 0.4496
2026/08/30 11:09:14 - __main__ - INFO - 162 - trainer - [78/190] Loss: 0.4572
2026/08/30 11:09:20 - __main__ - INFO - 162 - trainer - [117/190] Loss: 0.4296
2026/08/30 11:09:25 - __main__ - INFO - 162 - trainer - [156/190] Loss: 0.4125
2026/08/30 11:09:30 - __main__ - INFO - 167 - trainer - Average loss in epoch 110: 0.4267
2026/08/30 11:09:30 - __main__ - INFO - 117 - trainer - Epoch: 111
2026/08/30 11:09:30 - __main__ - INFO - 162 - trainer - [0/190] Loss: 0.4432
2026/08/30 11:09:35 - __main__ - INFO - 162 - trainer - [39/190] Loss: 0.4309
2026/08/30 11:09:40 - __main__ - INFO - 162 - trainer - [78/190] Loss: 0.4217
2026/08/30 11:09:46 - __main__ - INFO - 162 - trainer - [117/190] Loss: 0.4574
2026/08/30 11:09:51 - __main__ - INFO - 162 - trainer - [156/190] Loss: 0.4700
2026/08/30 11:09:56 - __main__ - INFO - 167 - trainer - Average loss in epoch 111: 0.4280
2026/08/30 11:09:56 - __main__ - INFO - 117 - trainer - Epoch: 112
2026/08/30 11:09:56 - __main__ - INFO - 162 - trainer - [0/190] Loss: 0.3978
2026/08/30 11:10:02 - __main__ - INFO - 162 - trainer - [39/190] Loss: 0.3942
2026/08/30 11:10:07 - __main__ - INFO - 162 - trainer - [78/190] Loss: 0.4255
2026/08/30 11:10:12 - __main__ - INFO - 162 - trainer - [117/190] Loss: 0.4364
2026/08/30 11:10:18 - __main__ - INFO - 162 - trainer - [156/190] Loss: 0.4324
2026/08/30 11:10:22 - __main__ - INFO - 167 - trainer - Average loss in epoch 112: 0.4264
2026/08/30 11:10:22 - __main__ - INFO - 117 - trainer - Epoch: 113
2026/08/30 11:10:22 - __main__ - INFO - 162 - trainer - [0/190] Loss: 0.4268
2026/08/30 11:10:28 - __main__ - INFO - 162 - trainer - [39/190] Loss: 0.4116
2026/08/30 11:10:33 - __main__ - INFO - 162 - trainer - [78/190] Loss: 0.4231
2026/08/30 11:10:39 - __main__ - INFO - 162 - trainer - [117/190] Loss: 0.4247
2026/08/30 11:10:44 - __main__ - INFO - 162 - trainer - [156/190] Loss: 0.4526
2026/08/30 11:10:49 - __main__ - INFO - 167 - trainer - Average loss in epoch 113: 0.4279
2026/08/30 11:10:49 - __main__ - INFO - 117 - trainer - Epoch: 114
2026/08/30 11:10:49 - __main__ - INFO - 162 - trainer - [0/190] Loss: 0.3857
2026/08/30 11:10:55 - __main__ - INFO - 162 - trainer - [39/190] Loss: 0.4197
2026/08/30 11:11:00 - __main__ - INFO - 162 - trainer - [78/190] Loss: 0.4079
2026/08/30 11:11:06 - __main__ - INFO - 162 - trainer - [117/190] Loss: 0.4273
2026/08/30 11:11:11 - __main__ - INFO - 162 - trainer - [156/190] Loss: 0.4510
2026/08/30 11:11:16 - __main__ - INFO - 167 - trainer - Average loss in epoch 114: 0.4294
2026/08/30 11:11:16 - __main__ - INFO - 117 - trainer - Epoch: 115
2026/08/30 11:11:16 - __main__ - INFO - 162 - trainer - [0/190] Loss: 0.4334
2026/08/30 11:11:21 - __main__ - INFO - 162 - trainer - [39/190] Loss: 0.4710
2026/08/30 11:11:27 - __main__ - INFO - 162 - trainer - [78/190] Loss: 0.3962
2026/08/30 11:11:32 - __main__ - INFO - 162 - trainer - [117/190] Loss: 0.4325
2026/08/30 11:11:38 - __main__ - INFO - 162 - trainer - [156/190] Loss: 0.4180
2026/08/30 11:11:42 - __main__ - INFO - 167 - trainer - Average loss in epoch 115: 0.4289
2026/08/30 11:11:42 - __main__ - INFO - 117 - trainer - Epoch: 116
2026/08/30 11:11:42 - __main__ - INFO - 162 - trainer - [0/190] Loss: 0.3884
2026/08/30 11:11:48 - __main__ - INFO - 162 - trainer - [39/190] Loss: 0.4247
2026/08/30 11:11:53 - __main__ - INFO - 162 - trainer - [78/190] Loss: 0.3960
2026/08/30 11:11:59 - __main__ - INFO - 162 - trainer - [117/190] Loss: 0.4575
2026/08/30 11:12:04 - __main__ - INFO - 162 - trainer - [156/190] Loss: 0.4290
2026/08/30 11:12:08 - __main__ - INFO - 167 - trainer - Average loss in epoch 116: 0.4243
2026/08/30 11:12:08 - __main__ - INFO - 117 - trainer - Epoch: 117
2026/08/30 11:12:09 - __main__ - INFO - 162 - trainer - [0/190] Loss: 0.4233
2026/08/30 11:12:14 - __main__ - INFO - 162 - trainer - [39/190] Loss: 0.4054
2026/08/30 11:12:19 - __main__ - INFO - 162 - trainer - [78/190] Loss: 0.4254
2026/08/30 11:12:25 - __main__ - INFO - 162 - trainer - [117/190] Loss: 0.3835
2026/08/30 11:12:30 - __main__ - INFO - 162 - trainer - [156/190] Loss: 0.4302
2026/08/30 11:12:35 - __main__ - INFO - 167 - trainer - Average loss in epoch 117: 0.4260
2026/08/30 11:12:35 - __main__ - INFO - 117 - trainer - Epoch: 118
2026/08/30 11:12:35 - __main__ - INFO - 162 - trainer - [0/190] Loss: 0.4018
2026/08/30 11:12:40 - __main__ - INFO - 162 - trainer - [39/190] Loss: 0.4682
2026/08/30 11:12:46 - __main__ - INFO - 162 - trainer - [78/190] Loss: 0.4521
2026/08/30 11:12:51 - __main__ - INFO - 162 - trainer - [117/190] Loss: 0.4429
2026/08/30 11:12:56 - __main__ - INFO - 162 - trainer - [156/190] Loss: 0.4346
2026/08/30 11:13:01 - __main__ - INFO - 167 - trainer - Average loss in epoch 118: 0.4266
2026/08/30 11:13:01 - __main__ - INFO - 117 - trainer - Epoch: 119
2026/08/30 11:13:01 - __main__ - INFO - 162 - trainer - [0/190] Loss: 0.4296
2026/08/30 11:13:07 - __main__ - INFO - 162 - trainer - [39/190] Loss: 0.3834
2026/08/30 11:13:12 - __main__ - INFO - 162 - trainer - [78/190] Loss: 0.4669
2026/08/30 11:13:17 - __main__ - INFO - 162 - trainer - [117/190] Loss: 0.4343
2026/08/30 11:13:23 - __main__ - INFO - 162 - trainer - [156/190] Loss: 0.4528
2026/08/30 11:13:28 - __main__ - INFO - 167 - trainer - Average loss in epoch 119: 0.4265
2026/08/30 11:13:28 - __main__ - INFO - 117 - trainer - Epoch: 120
2026/08/30 11:13:28 - __main__ - INFO - 162 - trainer - [0/190] Loss: 0.4665
2026/08/30 11:13:33 - __main__ - INFO - 162 - trainer - [39/190] Loss: 0.4559
2026/08/30 11:13:38 - __main__ - INFO - 162 - trainer - [78/190] Loss: 0.4265
2026/08/30 11:13:43 - __main__ - INFO - 162 - trainer - [117/190] Loss: 0.3887
2026/08/30 11:13:48 - __main__ - INFO - 162 - trainer - [156/190] Loss: 0.4236
2026/08/30 11:13:53 - __main__ - INFO - 167 - trainer - Average loss in epoch 120: 0.4282
2026/08/30 11:13:53 - __main__ - INFO - 173 - trainer - start predicting: 2026-08-30 11:13:53.016354
2026/08/30 11:13:55 - __main__ - INFO - 117 - trainer - Epoch: 121
2026/08/30 11:13:55 - __main__ - INFO - 162 - trainer - [0/190] Loss: 0.4598
2026/08/30 11:14:01 - __main__ - INFO - 162 - trainer - [39/190] Loss: 0.4007
2026/08/30 11:14:06 - __main__ - INFO - 162 - trainer - [78/190] Loss: 0.4665
2026/08/30 11:14:11 - __main__ - INFO - 162 - trainer - [117/190] Loss: 0.4207
2026/08/30 11:14:17 - __main__ - INFO - 162 - trainer - [156/190] Loss: 0.4234
2026/08/30 11:14:21 - __main__ - INFO - 167 - trainer - Average loss in epoch 121: 0.4267
2026/08/30 11:14:21 - __main__ - INFO - 117 - trainer - Epoch: 122
2026/08/30 11:14:21 - __main__ - INFO - 162 - trainer - [0/190] Loss: 0.4264
2026/08/30 11:14:27 - __main__ - INFO - 162 - trainer - [39/190] Loss: 0.4307
2026/08/30 11:14:32 - __main__ - INFO - 162 - trainer - [78/190] Loss: 0.4082
2026/08/30 11:14:38 - __main__ - INFO - 162 - trainer - [117/190] Loss: 0.4045
2026/08/30 11:14:43 - __main__ - INFO - 162 - trainer - [156/190] Loss: 0.4228
2026/08/30 11:14:48 - __main__ - INFO - 167 - trainer - Average loss in epoch 122: 0.4249
2026/08/30 11:14:48 - __main__ - INFO - 117 - trainer - Epoch: 123
2026/08/30 11:14:48 - __main__ - INFO - 162 - trainer - [0/190] Loss: 0.4431
2026/08/30 11:14:54 - __main__ - INFO - 162 - trainer - [39/190] Loss: 0.4572
2026/08/30 11:14:59 - __main__ - INFO - 162 - trainer - [78/190] Loss: 0.4241
2026/08/30 11:15:05 - __main__ - INFO - 162 - trainer - [117/190] Loss: 0.4035
2026/08/30 11:15:10 - __main__ - INFO - 162 - trainer - [156/190] Loss: 0.4127
2026/08/30 11:15:15 - __main__ - INFO - 167 - trainer - Average loss in epoch 123: 0.4260
2026/08/30 11:15:15 - __main__ - INFO - 117 - trainer - Epoch: 124
2026/08/30 11:15:15 - __main__ - INFO - 162 - trainer - [0/190] Loss: 0.4318
2026/08/30 11:15:21 - __main__ - INFO - 162 - trainer - [39/190] Loss: 0.4164
2026/08/30 11:15:27 - __main__ - INFO - 162 - trainer - [78/190] Loss: 0.4349
2026/08/30 11:15:32 - __main__ - INFO - 162 - trainer - [117/190] Loss: 0.4089
2026/08/30 11:15:38 - __main__ - INFO - 162 - trainer - [156/190] Loss: 0.4210
2026/08/30 11:15:43 - __main__ - INFO - 167 - trainer - Average loss in epoch 124: 0.4243
2026/08/30 11:15:43 - __main__ - INFO - 117 - trainer - Epoch: 125
2026/08/30 11:15:43 - __main__ - INFO - 162 - trainer - [0/190] Loss: 0.3977
2026/08/30 11:15:48 - __main__ - INFO - 162 - trainer - [39/190] Loss: 0.4188
2026/08/30 11:15:54 - __main__ - INFO - 162 - trainer - [78/190] Loss: 0.4294
2026/08/30 11:15:59 - __main__ - INFO - 162 - trainer - [117/190] Loss: 0.4214
2026/08/30 11:16:05 - __main__ - INFO - 162 - trainer - [156/190] Loss: 0.4479
2026/08/30 11:16:09 - __main__ - INFO - 167 - trainer - Average loss in epoch 125: 0.4269
2026/08/30 11:16:09 - __main__ - INFO - 117 - trainer - Epoch: 126
2026/08/30 11:16:10 - __main__ - INFO - 162 - trainer - [0/190] Loss: 0.4445
2026/08/30 11:16:15 - __main__ - INFO - 162 - trainer - [39/190] Loss: 0.4118
2026/08/30 11:16:20 - __main__ - INFO - 162 - trainer - [78/190] Loss: 0.4272
2026/08/30 11:16:26 - __main__ - INFO - 162 - trainer - [117/190] Loss: 0.4187
2026/08/30 11:16:32 - __main__ - INFO - 162 - trainer - [156/190] Loss: 0.3823
2026/08/30 11:16:36 - __main__ - INFO - 167 - trainer - Average loss in epoch 126: 0.4238
2026/08/30 11:16:36 - __main__ - INFO - 117 - trainer - Epoch: 127
2026/08/30 11:16:36 - __main__ - INFO - 162 - trainer - [0/190] Loss: 0.4288
2026/08/30 11:16:42 - __main__ - INFO - 162 - trainer - [39/190] Loss: 0.3711
2026/08/30 11:16:47 - __main__ - INFO - 162 - trainer - [78/190] Loss: 0.4384
2026/08/30 11:16:52 - __main__ - INFO - 162 - trainer - [117/190] Loss: 0.4520
2026/08/30 11:16:57 - __main__ - INFO - 162 - trainer - [156/190] Loss: 0.3990
2026/08/30 11:17:01 - __main__ - INFO - 167 - trainer - Average loss in epoch 127: 0.4255
2026/08/30 11:17:01 - __main__ - INFO - 117 - trainer - Epoch: 128
2026/08/30 11:17:01 - __main__ - INFO - 162 - trainer - [0/190] Loss: 0.4463
2026/08/30 11:17:06 - __main__ - INFO - 162 - trainer - [39/190] Loss: 0.4019
2026/08/30 11:17:12 - __main__ - INFO - 162 - trainer - [78/190] Loss: 0.4329
2026/08/30 11:17:17 - __main__ - INFO - 162 - trainer - [117/190] Loss: 0.3827
2026/08/30 11:17:22 - __main__ - INFO - 162 - trainer - [156/190] Loss: 0.4497
2026/08/30 11:17:26 - __main__ - INFO - 167 - trainer - Average loss in epoch 128: 0.4244
2026/08/30 11:17:26 - __main__ - INFO - 117 - trainer - Epoch: 129
2026/08/30 11:17:26 - __main__ - INFO - 162 - trainer - [0/190] Loss: 0.4276
2026/08/30 11:17:32 - __main__ - INFO - 162 - trainer - [39/190] Loss: 0.3832
2026/08/30 11:17:37 - __main__ - INFO - 162 - trainer - [78/190] Loss: 0.4380
2026/08/30 11:17:43 - __main__ - INFO - 162 - trainer - [117/190] Loss: 0.4083
2026/08/30 11:17:48 - __main__ - INFO - 162 - trainer - [156/190] Loss: 0.3999
2026/08/30 11:17:52 - __main__ - INFO - 167 - trainer - Average loss in epoch 129: 0.4240
2026/08/30 11:17:52 - __main__ - INFO - 117 - trainer - Epoch: 130
2026/08/30 11:17:53 - __main__ - INFO - 162 - trainer - [0/190] Loss: 0.4324
2026/08/30 11:17:58 - __main__ - INFO - 162 - trainer - [39/190] Loss: 0.4010
2026/08/30 11:18:03 - __main__ - INFO - 162 - trainer - [78/190] Loss: 0.4178
2026/08/30 11:18:08 - __main__ - INFO - 162 - trainer - [117/190] Loss: 0.3920
2026/08/30 11:18:13 - __main__ - INFO - 162 - trainer - [156/190] Loss: 0.4394
2026/08/30 11:18:17 - __main__ - INFO - 167 - trainer - Average loss in epoch 130: 0.4256
2026/08/30 11:18:17 - __main__ - INFO - 117 - trainer - Epoch: 131
2026/08/30 11:18:18 - __main__ - INFO - 162 - trainer - [0/190] Loss: 0.4365
2026/08/30 11:18:23 - __main__ - INFO - 162 - trainer - [39/190] Loss: 0.4251
2026/08/30 11:18:28 - __main__ - INFO - 162 - trainer - [78/190] Loss: 0.4224
2026/08/30 11:18:33 - __main__ - INFO - 162 - trainer - [117/190] Loss: 0.4635
2026/08/30 11:18:38 - __main__ - INFO - 162 - trainer - [156/190] Loss: 0.4275
2026/08/30 11:18:43 - __main__ - INFO - 167 - trainer - Average loss in epoch 131: 0.4247
2026/08/30 11:18:43 - __main__ - INFO - 117 - trainer - Epoch: 132
2026/08/30 11:18:43 - __main__ - INFO - 162 - trainer - [0/190] Loss: 0.4488
2026/08/30 11:18:48 - __main__ - INFO - 162 - trainer - [39/190] Loss: 0.4001
2026/08/30 11:18:54 - __main__ - INFO - 162 - trainer - [78/190] Loss: 0.4052
2026/08/30 11:18:59 - __main__ - INFO - 162 - trainer - [117/190] Loss: 0.4212
2026/08/30 11:19:05 - __main__ - INFO - 162 - trainer - [156/190] Loss: 0.4238
2026/08/30 11:19:09 - __main__ - INFO - 167 - trainer - Average loss in epoch 132: 0.4238
2026/08/30 11:19:09 - __main__ - INFO - 117 - trainer - Epoch: 133
2026/08/30 11:19:09 - __main__ - INFO - 162 - trainer - [0/190] Loss: 0.4445
2026/08/30 11:19:15 - __main__ - INFO - 162 - trainer - [39/190] Loss: 0.4559
2026/08/30 11:19:20 - __main__ - INFO - 162 - trainer - [78/190] Loss: 0.4062
2026/08/30 11:19:25 - __main__ - INFO - 162 - trainer - [117/190] Loss: 0.4205
2026/08/30 11:19:30 - __main__ - INFO - 162 - trainer - [156/190] Loss: 0.4272
2026/08/30 11:19:34 - __main__ - INFO - 167 - trainer - Average loss in epoch 133: 0.4259
2026/08/30 11:19:34 - __main__ - INFO - 117 - trainer - Epoch: 134
2026/08/30 11:19:34 - __main__ - INFO - 162 - trainer - [0/190] Loss: 0.4028
2026/08/30 11:19:40 - __main__ - INFO - 162 - trainer - [39/190] Loss: 0.4012
2026/08/30 11:19:45 - __main__ - INFO - 162 - trainer - [78/190] Loss: 0.4099
2026/08/30 11:19:50 - __main__ - INFO - 162 - trainer - [117/190] Loss: 0.4231
2026/08/30 11:19:55 - __main__ - INFO - 162 - trainer - [156/190] Loss: 0.4406
2026/08/30 11:19:59 - __main__ - INFO - 167 - trainer - Average loss in epoch 134: 0.4222
2026/08/30 11:19:59 - __main__ - INFO - 117 - trainer - Epoch: 135
2026/08/30 11:19:59 - __main__ - INFO - 162 - trainer - [0/190] Loss: 0.4503
2026/08/30 11:20:05 - __main__ - INFO - 162 - trainer - [39/190] Loss: 0.3971
2026/08/30 11:20:10 - __main__ - INFO - 162 - trainer - [78/190] Loss: 0.4071
2026/08/30 11:20:15 - __main__ - INFO - 162 - trainer - [117/190] Loss: 0.4624
2026/08/30 11:20:20 - __main__ - INFO - 162 - trainer - [156/190] Loss: 0.4504
2026/08/30 11:20:25 - __main__ - INFO - 167 - trainer - Average loss in epoch 135: 0.4244
2026/08/30 11:20:25 - __main__ - INFO - 117 - trainer - Epoch: 136
2026/08/30 11:20:25 - __main__ - INFO - 162 - trainer - [0/190] Loss: 0.4016
2026/08/30 11:20:30 - __main__ - INFO - 162 - trainer - [39/190] Loss: 0.4236
2026/08/30 11:20:35 - __main__ - INFO - 162 - trainer - [78/190] Loss: 0.4336
2026/08/30 11:20:40 - __main__ - INFO - 162 - trainer - [117/190] Loss: 0.4106
2026/08/30 11:20:45 - __main__ - INFO - 162 - trainer - [156/190] Loss: 0.4381
2026/08/30 11:20:50 - __main__ - INFO - 167 - trainer - Average loss in epoch 136: 0.4258
2026/08/30 11:20:50 - __main__ - INFO - 117 - trainer - Epoch: 137
2026/08/30 11:20:50 - __main__ - INFO - 162 - trainer - [0/190] Loss: 0.4951
2026/08/30 11:20:55 - __main__ - INFO - 162 - trainer - [39/190] Loss: 0.4350
2026/08/30 11:21:01 - __main__ - INFO - 162 - trainer - [78/190] Loss: 0.4228
2026/08/30 11:21:06 - __main__ - INFO - 162 - trainer - [117/190] Loss: 0.4047
2026/08/30 11:21:12 - __main__ - INFO - 162 - trainer - [156/190] Loss: 0.4274
2026/08/30 11:21:16 - __main__ - INFO - 167 - trainer - Average loss in epoch 137: 0.4273
2026/08/30 11:21:16 - __main__ - INFO - 117 - trainer - Epoch: 138
2026/08/30 11:21:16 - __main__ - INFO - 162 - trainer - [0/190] Loss: 0.4269
2026/08/30 11:21:22 - __main__ - INFO - 162 - trainer - [39/190] Loss: 0.4221
2026/08/30 11:21:27 - __main__ - INFO - 162 - trainer - [78/190] Loss: 0.4187
2026/08/30 11:21:33 - __main__ - INFO - 162 - trainer - [117/190] Loss: 0.4028
2026/08/30 11:21:38 - __main__ - INFO - 162 - trainer - [156/190] Loss: 0.3854
2026/08/30 11:21:42 - __main__ - INFO - 167 - trainer - Average loss in epoch 138: 0.4255
2026/08/30 11:21:42 - __main__ - INFO - 117 - trainer - Epoch: 139
2026/08/30 11:21:43 - __main__ - INFO - 162 - trainer - [0/190] Loss: 0.4225
2026/08/30 11:21:48 - __main__ - INFO - 162 - trainer - [39/190] Loss: 0.4262
2026/08/30 11:21:53 - __main__ - INFO - 162 - trainer - [78/190] Loss: 0.4489
2026/08/30 11:21:59 - __main__ - INFO - 162 - trainer - [117/190] Loss: 0.4321
2026/08/30 11:22:04 - __main__ - INFO - 162 - trainer - [156/190] Loss: 0.4096
2026/08/30 11:22:09 - __main__ - INFO - 167 - trainer - Average loss in epoch 139: 0.4261
2026/08/30 11:22:09 - __main__ - INFO - 117 - trainer - Epoch: 140
2026/08/30 11:22:09 - __main__ - INFO - 162 - trainer - [0/190] Loss: 0.4630
2026/08/30 11:22:15 - __main__ - INFO - 162 - trainer - [39/190] Loss: 0.4163
2026/08/30 11:22:20 - __main__ - INFO - 162 - trainer - [78/190] Loss: 0.4399
2026/08/30 11:22:26 - __main__ - INFO - 162 - trainer - [117/190] Loss: 0.4388
2026/08/30 11:22:31 - __main__ - INFO - 162 - trainer - [156/190] Loss: 0.4678
2026/08/30 11:22:36 - __main__ - INFO - 167 - trainer - Average loss in epoch 140: 0.4215
2026/08/30 11:22:36 - __main__ - INFO - 173 - trainer - start predicting: 2026-08-30 11:22:36.233391
2026/08/30 11:22:38 - __main__ - INFO - 117 - trainer - Epoch: 141
2026/08/30 11:22:38 - __main__ - INFO - 162 - trainer - [0/190] Loss: 0.4184
2026/08/30 11:22:44 - __main__ - INFO - 162 - trainer - [39/190] Loss: 0.4258
2026/08/30 11:22:50 - __main__ - INFO - 162 - trainer - [78/190] Loss: 0.4438
2026/08/30 11:22:55 - __main__ - INFO - 162 - trainer - [117/190] Loss: 0.4137
2026/08/30 11:23:01 - __main__ - INFO - 162 - trainer - [156/190] Loss: 0.4212
2026/08/30 11:23:06 - __main__ - INFO - 167 - trainer - Average loss in epoch 141: 0.4235
2026/08/30 11:23:06 - __main__ - INFO - 117 - trainer - Epoch: 142
2026/08/30 11:23:06 - __main__ - INFO - 162 - trainer - [0/190] Loss: 0.4408
2026/08/30 11:23:11 - __main__ - INFO - 162 - trainer - [39/190] Loss: 0.4172
2026/08/30 11:23:16 - __main__ - INFO - 162 - trainer - [78/190] Loss: 0.4190
2026/08/30 11:23:21 - __main__ - INFO - 162 - trainer - [117/190] Loss: 0.4236
2026/08/30 11:23:26 - __main__ - INFO - 162 - trainer - [156/190] Loss: 0.4436
2026/08/30 11:23:30 - __main__ - INFO - 167 - trainer - Average loss in epoch 142: 0.4257
2026/08/30 11:23:30 - __main__ - INFO - 117 - trainer - Epoch: 143
2026/08/30 11:23:30 - __main__ - INFO - 162 - trainer - [0/190] Loss: 0.4383
2026/08/30 11:23:35 - __main__ - INFO - 162 - trainer - [39/190] Loss: 0.4130
2026/08/30 11:23:40 - __main__ - INFO - 162 - trainer - [78/190] Loss: 0.4422
2026/08/30 11:23:46 - __main__ - INFO - 162 - trainer - [117/190] Loss: 0.3703
2026/08/30 11:23:51 - __main__ - INFO - 162 - trainer - [156/190] Loss: 0.4099
2026/08/30 11:23:55 - __main__ - INFO - 167 - trainer - Average loss in epoch 143: 0.4228
2026/08/30 11:23:55 - __main__ - INFO - 117 - trainer - Epoch: 144
2026/08/30 11:23:55 - __main__ - INFO - 162 - trainer - [0/190] Loss: 0.4143
2026/08/30 11:24:01 - __main__ - INFO - 162 - trainer - [39/190] Loss: 0.4403
2026/08/30 11:24:06 - __main__ - INFO - 162 - trainer - [78/190] Loss: 0.4230
2026/08/30 11:24:12 - __main__ - INFO - 162 - trainer - [117/190] Loss: 0.4128
2026/08/30 11:24:17 - __main__ - INFO - 162 - trainer - [156/190] Loss: 0.4765
2026/08/30 11:24:22 - __main__ - INFO - 167 - trainer - Average loss in epoch 144: 0.4224
2026/08/30 11:24:22 - __main__ - INFO - 117 - trainer - Epoch: 145
2026/08/30 11:24:22 - __main__ - INFO - 162 - trainer - [0/190] Loss: 0.4458
2026/08/30 11:24:27 - __main__ - INFO - 162 - trainer - [39/190] Loss: 0.3986
2026/08/30 11:24:33 - __main__ - INFO - 162 - trainer - [78/190] Loss: 0.4927
2026/08/30 11:24:38 - __main__ - INFO - 162 - trainer - [117/190] Loss: 0.4127
2026/08/30 11:24:44 - __main__ - INFO - 162 - trainer - [156/190] Loss: 0.4109
2026/08/30 11:24:48 - __main__ - INFO - 167 - trainer - Average loss in epoch 145: 0.4247
2026/08/30 11:24:48 - __main__ - INFO - 117 - trainer - Epoch: 146
2026/08/30 11:24:48 - __main__ - INFO - 162 - trainer - [0/190] Loss: 0.4480
2026/08/30 11:24:54 - __main__ - INFO - 162 - trainer - [39/190] Loss: 0.4001
2026/08/30 11:24:59 - __main__ - INFO - 162 - trainer - [78/190] Loss: 0.4318
2026/08/30 11:25:05 - __main__ - INFO - 162 - trainer - [117/190] Loss: 0.4271
2026/08/30 11:25:10 - __main__ - INFO - 162 - trainer - [156/190] Loss: 0.4448
2026/08/30 11:25:15 - __main__ - INFO - 167 - trainer - Average loss in epoch 146: 0.4230
2026/08/30 11:25:15 - __main__ - INFO - 117 - trainer - Epoch: 147
2026/08/30 11:25:15 - __main__ - INFO - 162 - trainer - [0/190] Loss: 0.4102
2026/08/30 11:25:20 - __main__ - INFO - 162 - trainer - [39/190] Loss: 0.3931
2026/08/30 11:25:25 - __main__ - INFO - 162 - trainer - [78/190] Loss: 0.4174
2026/08/30 11:25:30 - __main__ - INFO - 162 - trainer - [117/190] Loss: 0.4131
2026/08/30 11:25:35 - __main__ - INFO - 162 - trainer - [156/190] Loss: 0.4056
2026/08/30 11:25:39 - __main__ - INFO - 167 - trainer - Average loss in epoch 147: 0.4239
2026/08/30 11:25:39 - __main__ - INFO - 117 - trainer - Epoch: 148
2026/08/30 11:25:39 - __main__ - INFO - 162 - trainer - [0/190] Loss: 0.4401
2026/08/30 11:25:45 - __main__ - INFO - 162 - trainer - [39/190] Loss: 0.4303
2026/08/30 11:25:50 - __main__ - INFO - 162 - trainer - [78/190] Loss: 0.4183
2026/08/30 11:25:56 - __main__ - INFO - 162 - trainer - [117/190] Loss: 0.3962
2026/08/30 11:26:01 - __main__ - INFO - 162 - trainer - [156/190] Loss: 0.4163
2026/08/30 11:26:06 - __main__ - INFO - 167 - trainer - Average loss in epoch 148: 0.4244
2026/08/30 11:26:06 - __main__ - INFO - 117 - trainer - Epoch: 149
2026/08/30 11:26:06 - __main__ - INFO - 162 - trainer - [0/190] Loss: 0.3990
2026/08/30 11:26:11 - __main__ - INFO - 162 - trainer - [39/190] Loss: 0.4123
2026/08/30 11:26:16 - __main__ - INFO - 162 - trainer - [78/190] Loss: 0.4544
2026/08/30 11:26:21 - __main__ - INFO - 162 - trainer - [117/190] Loss: 0.4938
2026/08/30 11:26:26 - __main__ - INFO - 162 - trainer - [156/190] Loss: 0.4134
2026/08/30 11:26:30 - __main__ - INFO - 167 - trainer - Average loss in epoch 149: 0.4239
2026/08/30 11:26:30 - __main__ - INFO - 117 - trainer - Epoch: 150
2026/08/30 11:26:30 - __main__ - INFO - 162 - trainer - [0/190] Loss: 0.4526
2026/08/30 11:26:35 - __main__ - INFO - 162 - trainer - [39/190] Loss: 0.4308
2026/08/30 11:26:41 - __main__ - INFO - 162 - trainer - [78/190] Loss: 0.4051
2026/08/30 11:26:46 - __main__ - INFO - 162 - trainer - [117/190] Loss: 0.4263
2026/08/30 11:26:51 - __main__ - INFO - 162 - trainer - [156/190] Loss: 0.4244
2026/08/30 11:26:55 - __main__ - INFO - 167 - trainer - Average loss in epoch 150: 0.4217
2026/08/30 11:26:55 - __main__ - INFO - 117 - trainer - Epoch: 151
2026/08/30 11:26:55 - __main__ - INFO - 162 - trainer - [0/190] Loss: 0.4031
2026/08/30 11:27:01 - __main__ - INFO - 162 - trainer - [39/190] Loss: 0.4397
2026/08/30 11:27:06 - __main__ - INFO - 162 - trainer - [78/190] Loss: 0.4334
2026/08/30 11:27:11 - __main__ - INFO - 162 - trainer - [117/190] Loss: 0.4595
2026/08/30 11:27:17 - __main__ - INFO - 162 - trainer - [156/190] Loss: 0.4625
2026/08/30 11:27:21 - __main__ - INFO - 167 - trainer - Average loss in epoch 151: 0.4207
2026/08/30 11:27:21 - __main__ - INFO - 117 - trainer - Epoch: 152
2026/08/30 11:27:22 - __main__ - INFO - 162 - trainer - [0/190] Loss: 0.4017
2026/08/30 11:27:27 - __main__ - INFO - 162 - trainer - [39/190] Loss: 0.4388
2026/08/30 11:27:33 - __main__ - INFO - 162 - trainer - [78/190] Loss: 0.4294
2026/08/30 11:27:38 - __main__ - INFO - 162 - trainer - [117/190] Loss: 0.4080
2026/08/30 11:27:43 - __main__ - INFO - 162 - trainer - [156/190] Loss: 0.4290
2026/08/30 11:27:48 - __main__ - INFO - 167 - trainer - Average loss in epoch 152: 0.4230
2026/08/30 11:27:48 - __main__ - INFO - 117 - trainer - Epoch: 153
2026/08/30 11:27:48 - __main__ - INFO - 162 - trainer - [0/190] Loss: 0.4060
2026/08/30 11:27:54 - __main__ - INFO - 162 - trainer - [39/190] Loss: 0.4260
2026/08/30 11:27:59 - __main__ - INFO - 162 - trainer - [78/190] Loss: 0.4486
2026/08/30 11:28:04 - __main__ - INFO - 162 - trainer - [117/190] Loss: 0.4393
2026/08/30 11:28:10 - __main__ - INFO - 162 - trainer - [156/190] Loss: 0.3963
2026/08/30 11:28:14 - __main__ - INFO - 167 - trainer - Average loss in epoch 153: 0.4216
2026/08/30 11:28:14 - __main__ - INFO - 117 - trainer - Epoch: 154
2026/08/30 11:28:15 - __main__ - INFO - 162 - trainer - [0/190] Loss: 0.4107
2026/08/30 11:28:20 - __main__ - INFO - 162 - trainer - [39/190] Loss: 0.4621
2026/08/30 11:28:25 - __main__ - INFO - 162 - trainer - [78/190] Loss: 0.4230
2026/08/30 11:28:30 - __main__ - INFO - 162 - trainer - [117/190] Loss: 0.4438
2026/08/30 11:28:35 - __main__ - INFO - 162 - trainer - [156/190] Loss: 0.4360
2026/08/30 11:28:39 - __main__ - INFO - 167 - trainer - Average loss in epoch 154: 0.4205
2026/08/30 11:28:39 - __main__ - INFO - 117 - trainer - Epoch: 155
2026/08/30 11:28:39 - __main__ - INFO - 162 - trainer - [0/190] Loss: 0.4348
2026/08/30 11:28:45 - __main__ - INFO - 162 - trainer - [39/190] Loss: 0.4224
2026/08/30 11:28:50 - __main__ - INFO - 162 - trainer - [78/190] Loss: 0.3984
2026/08/30 11:28:56 - __main__ - INFO - 162 - trainer - [117/190] Loss: 0.4478
2026/08/30 11:29:01 - __main__ - INFO - 162 - trainer - [156/190] Loss: 0.4197
2026/08/30 11:29:06 - __main__ - INFO - 167 - trainer - Average loss in epoch 155: 0.4190
2026/08/30 11:29:06 - __main__ - INFO - 117 - trainer - Epoch: 156
2026/08/30 11:29:06 - __main__ - INFO - 162 - trainer - [0/190] Loss: 0.4444
2026/08/30 11:29:12 - __main__ - INFO - 162 - trainer - [39/190] Loss: 0.3935
2026/08/30 11:29:17 - __main__ - INFO - 162 - trainer - [78/190] Loss: 0.3672
2026/08/30 11:29:23 - __main__ - INFO - 162 - trainer - [117/190] Loss: 0.3955
2026/08/30 11:29:28 - __main__ - INFO - 162 - trainer - [156/190] Loss: 0.4595
2026/08/30 11:29:33 - __main__ - INFO - 167 - trainer - Average loss in epoch 156: 0.4211
2026/08/30 11:29:33 - __main__ - INFO - 117 - trainer - Epoch: 157
2026/08/30 11:29:33 - __main__ - INFO - 162 - trainer - [0/190] Loss: 0.4461
2026/08/30 11:29:38 - __main__ - INFO - 162 - trainer - [39/190] Loss: 0.3920
2026/08/30 11:29:43 - __main__ - INFO - 162 - trainer - [78/190] Loss: 0.4218
2026/08/30 11:29:48 - __main__ - INFO - 162 - trainer - [117/190] Loss: 0.4436
2026/08/30 11:29:53 - __main__ - INFO - 162 - trainer - [156/190] Loss: 0.4407
2026/08/30 11:29:58 - __main__ - INFO - 167 - trainer - Average loss in epoch 157: 0.4243
2026/08/30 11:29:58 - __main__ - INFO - 117 - trainer - Epoch: 158
2026/08/30 11:29:58 - __main__ - INFO - 162 - trainer - [0/190] Loss: 0.4598
2026/08/30 11:30:03 - __main__ - INFO - 162 - trainer - [39/190] Loss: 0.4146
2026/08/30 11:30:08 - __main__ - INFO - 162 - trainer - [78/190] Loss: 0.3784
2026/08/30 11:30:13 - __main__ - INFO - 162 - trainer - [117/190] Loss: 0.4281
2026/08/30 11:30:18 - __main__ - INFO - 162 - trainer - [156/190] Loss: 0.4514
2026/08/30 11:30:22 - __main__ - INFO - 167 - trainer - Average loss in epoch 158: 0.4205
2026/08/30 11:30:22 - __main__ - INFO - 117 - trainer - Epoch: 159
2026/08/30 11:30:22 - __main__ - INFO - 162 - trainer - [0/190] Loss: 0.4553
2026/08/30 11:30:28 - __main__ - INFO - 162 - trainer - [39/190] Loss: 0.4581
2026/08/30 11:30:33 - __main__ - INFO - 162 - trainer - [78/190] Loss: 0.4285
2026/08/30 11:30:38 - __main__ - INFO - 162 - trainer - [117/190] Loss: 0.4356
2026/08/30 11:30:43 - __main__ - INFO - 162 - trainer - [156/190] Loss: 0.4257
2026/08/30 11:30:47 - __main__ - INFO - 167 - trainer - Average loss in epoch 159: 0.4245
2026/08/30 11:30:47 - __main__ - INFO - 117 - trainer - Epoch: 160
2026/08/30 11:30:47 - __main__ - INFO - 162 - trainer - [0/190] Loss: 0.3936
2026/08/30 11:30:53 - __main__ - INFO - 162 - trainer - [39/190] Loss: 0.4424
2026/08/30 11:30:58 - __main__ - INFO - 162 - trainer - [78/190] Loss: 0.3882
2026/08/30 11:31:04 - __main__ - INFO - 162 - trainer - [117/190] Loss: 0.3915
2026/08/30 11:31:09 - __main__ - INFO - 162 - trainer - [156/190] Loss: 0.4427
2026/08/30 11:31:14 - __main__ - INFO - 167 - trainer - Average loss in epoch 160: 0.4215
2026/08/30 11:31:14 - __main__ - INFO - 173 - trainer - start predicting: 2026-08-30 11:31:14.330686
2026/08/30 11:31:17 - __main__ - INFO - 117 - trainer - Epoch: 161
2026/08/30 11:31:17 - __main__ - INFO - 162 - trainer - [0/190] Loss: 0.4161
2026/08/30 11:31:22 - __main__ - INFO - 162 - trainer - [39/190] Loss: 0.4063
2026/08/30 11:31:28 - __main__ - INFO - 162 - trainer - [78/190] Loss: 0.4154
2026/08/30 11:31:34 - __main__ - INFO - 162 - trainer - [117/190] Loss: 0.4251
2026/08/30 11:31:39 - __main__ - INFO - 162 - trainer - [156/190] Loss: 0.3949
2026/08/30 11:31:44 - __main__ - INFO - 167 - trainer - Average loss in epoch 161: 0.4226
2026/08/30 11:31:44 - __main__ - INFO - 117 - trainer - Epoch: 162
2026/08/30 11:31:44 - __main__ - INFO - 162 - trainer - [0/190] Loss: 0.4301
2026/08/30 11:31:49 - __main__ - INFO - 162 - trainer - [39/190] Loss: 0.4267
2026/08/30 11:31:55 - __main__ - INFO - 162 - trainer - [78/190] Loss: 0.4237
2026/08/30 11:32:00 - __main__ - INFO - 162 - trainer - [117/190] Loss: 0.4496
2026/08/30 11:32:06 - __main__ - INFO - 162 - trainer - [156/190] Loss: 0.3835
2026/08/30 11:32:11 - __main__ - INFO - 167 - trainer - Average loss in epoch 162: 0.4206
2026/08/30 11:32:11 - __main__ - INFO - 117 - trainer - Epoch: 163
2026/08/30 11:32:11 - __main__ - INFO - 162 - trainer - [0/190] Loss: 0.4537
2026/08/30 11:32:16 - __main__ - INFO - 162 - trainer - [39/190] Loss: 0.4101
2026/08/30 11:32:22 - __main__ - INFO - 162 - trainer - [78/190] Loss: 0.3887
2026/08/30 11:32:27 - __main__ - INFO - 162 - trainer - [117/190] Loss: 0.3960
2026/08/30 11:32:33 - __main__ - INFO - 162 - trainer - [156/190] Loss: 0.4046
2026/08/30 11:32:37 - __main__ - INFO - 167 - trainer - Average loss in epoch 163: 0.4212
2026/08/30 11:32:37 - __main__ - INFO - 117 - trainer - Epoch: 164
2026/08/30 11:32:38 - __main__ - INFO - 162 - trainer - [0/190] Loss: 0.4417
2026/08/30 11:32:43 - __main__ - INFO - 162 - trainer - [39/190] Loss: 0.4015
2026/08/30 11:32:48 - __main__ - INFO - 162 - trainer - [78/190] Loss: 0.4218
2026/08/30 11:32:54 - __main__ - INFO - 162 - trainer - [117/190] Loss: 0.4117
2026/08/30 11:32:59 - __main__ - INFO - 162 - trainer - [156/190] Loss: 0.4266
2026/08/30 11:33:04 - __main__ - INFO - 167 - trainer - Average loss in epoch 164: 0.4212
2026/08/30 11:33:04 - __main__ - INFO - 117 - trainer - Epoch: 165
2026/08/30 11:33:04 - __main__ - INFO - 162 - trainer - [0/190] Loss: 0.3869
2026/08/30 11:33:09 - __main__ - INFO - 162 - trainer - [39/190] Loss: 0.4801
2026/08/30 11:33:15 - __main__ - INFO - 162 - trainer - [78/190] Loss: 0.4273
2026/08/30 11:33:20 - __main__ - INFO - 162 - trainer - [117/190] Loss: 0.4001
2026/08/30 11:33:26 - __main__ - INFO - 162 - trainer - [156/190] Loss: 0.4731
2026/08/30 11:33:30 - __main__ - INFO - 167 - trainer - Average loss in epoch 165: 0.4260
2026/08/30 11:33:30 - __main__ - INFO - 117 - trainer - Epoch: 166
2026/08/30 11:33:31 - __main__ - INFO - 162 - trainer - [0/190] Loss: 0.3822
2026/08/30 11:33:36 - __main__ - INFO - 162 - trainer - [39/190] Loss: 0.4753
2026/08/30 11:33:42 - __main__ - INFO - 162 - trainer - [78/190] Loss: 0.4255
2026/08/30 11:33:47 - __main__ - INFO - 162 - trainer - [117/190] Loss: 0.4388
2026/08/30 11:33:53 - __main__ - INFO - 162 - trainer - [156/190] Loss: 0.3787
2026/08/30 11:33:58 - __main__ - INFO - 167 - trainer - Average loss in epoch 166: 0.4218
2026/08/30 11:33:58 - __main__ - INFO - 117 - trainer - Epoch: 167
2026/08/30 11:33:58 - __main__ - INFO - 162 - trainer - [0/190] Loss: 0.4554
2026/08/30 11:34:03 - __main__ - INFO - 162 - trainer - [39/190] Loss: 0.3983
2026/08/30 11:34:08 - __main__ - INFO - 162 - trainer - [78/190] Loss: 0.4373
2026/08/30 11:34:14 - __main__ - INFO - 162 - trainer - [117/190] Loss: 0.4016
2026/08/30 11:34:19 - __main__ - INFO - 162 - trainer - [156/190] Loss: 0.3702
2026/08/30 11:34:23 - __main__ - INFO - 167 - trainer - Average loss in epoch 167: 0.4200
2026/08/30 11:34:23 - __main__ - INFO - 117 - trainer - Epoch: 168
2026/08/30 11:34:23 - __main__ - INFO - 162 - trainer - [0/190] Loss: 0.4141
2026/08/30 11:34:29 - __main__ - INFO - 162 - trainer - [39/190] Loss: 0.4266
2026/08/30 11:34:35 - __main__ - INFO - 162 - trainer - [78/190] Loss: 0.4607
2026/08/30 11:34:40 - __main__ - INFO - 162 - trainer - [117/190] Loss: 0.4444
2026/08/30 11:34:46 - __main__ - INFO - 162 - trainer - [156/190] Loss: 0.4090
2026/08/30 11:34:50 - __main__ - INFO - 167 - trainer - Average loss in epoch 168: 0.4205
2026/08/30 11:34:50 - __main__ - INFO - 117 - trainer - Epoch: 169
2026/08/30 11:34:51 - __main__ - INFO - 162 - trainer - [0/190] Loss: 0.4030
2026/08/30 11:34:56 - __main__ - INFO - 162 - trainer - [39/190] Loss: 0.4470
2026/08/30 11:35:02 - __main__ - INFO - 162 - trainer - [78/190] Loss: 0.4360
2026/08/30 11:35:07 - __main__ - INFO - 162 - trainer - [117/190] Loss: 0.4623
2026/08/30 11:35:12 - __main__ - INFO - 162 - trainer - [156/190] Loss: 0.4450
2026/08/30 11:35:17 - __main__ - INFO - 167 - trainer - Average loss in epoch 169: 0.4231
2026/08/30 11:35:17 - __main__ - INFO - 117 - trainer - Epoch: 170
2026/08/30 11:35:17 - __main__ - INFO - 162 - trainer - [0/190] Loss: 0.3975
2026/08/30 11:35:22 - __main__ - INFO - 162 - trainer - [39/190] Loss: 0.4423
2026/08/30 11:35:28 - __main__ - INFO - 162 - trainer - [78/190] Loss: 0.4301
2026/08/30 11:35:34 - __main__ - INFO - 162 - trainer - [117/190] Loss: 0.4108
2026/08/30 11:35:39 - __main__ - INFO - 162 - trainer - [156/190] Loss: 0.4083
2026/08/30 11:35:44 - __main__ - INFO - 167 - trainer - Average loss in epoch 170: 0.4243
2026/08/30 11:35:44 - __main__ - INFO - 117 - trainer - Epoch: 171
2026/08/30 11:35:44 - __main__ - INFO - 162 - trainer - [0/190] Loss: 0.4284
2026/08/30 11:35:49 - __main__ - INFO - 162 - trainer - [39/190] Loss: 0.4004
2026/08/30 11:35:55 - __main__ - INFO - 162 - trainer - [78/190] Loss: 0.4101
2026/08/30 11:36:00 - __main__ - INFO - 162 - trainer - [117/190] Loss: 0.4069
2026/08/30 11:36:06 - __main__ - INFO - 162 - trainer - [156/190] Loss: 0.4083
2026/08/30 11:36:10 - __main__ - INFO - 167 - trainer - Average loss in epoch 171: 0.4220
2026/08/30 11:36:10 - __main__ - INFO - 117 - trainer - Epoch: 172
2026/08/30 11:36:10 - __main__ - INFO - 162 - trainer - [0/190] Loss: 0.3811
2026/08/30 11:36:16 - __main__ - INFO - 162 - trainer - [39/190] Loss: 0.4114
2026/08/30 11:36:21 - __main__ - INFO - 162 - trainer - [78/190] Loss: 0.4377
2026/08/30 11:36:27 - __main__ - INFO - 162 - trainer - [117/190] Loss: 0.3818
2026/08/30 11:36:32 - __main__ - INFO - 162 - trainer - [156/190] Loss: 0.4071
2026/08/30 11:36:37 - __main__ - INFO - 167 - trainer - Average loss in epoch 172: 0.4219
2026/08/30 11:36:37 - __main__ - INFO - 117 - trainer - Epoch: 173
2026/08/30 11:36:37 - __main__ - INFO - 162 - trainer - [0/190] Loss: 0.4665
2026/08/30 11:36:42 - __main__ - INFO - 162 - trainer - [39/190] Loss: 0.4353
2026/08/30 11:36:48 - __main__ - INFO - 162 - trainer - [78/190] Loss: 0.4236
2026/08/30 11:36:53 - __main__ - INFO - 162 - trainer - [117/190] Loss: 0.3453
2026/08/30 11:36:58 - __main__ - INFO - 162 - trainer - [156/190] Loss: 0.4059
2026/08/30 11:37:03 - __main__ - INFO - 167 - trainer - Average loss in epoch 173: 0.4216
2026/08/30 11:37:03 - __main__ - INFO - 117 - trainer - Epoch: 174
2026/08/30 11:37:03 - __main__ - INFO - 162 - trainer - [0/190] Loss: 0.4293
2026/08/30 11:37:09 - __main__ - INFO - 162 - trainer - [39/190] Loss: 0.4107
2026/08/30 11:37:14 - __main__ - INFO - 162 - trainer - [78/190] Loss: 0.3836
2026/08/30 11:37:20 - __main__ - INFO - 162 - trainer - [117/190] Loss: 0.4001
2026/08/30 11:37:25 - __main__ - INFO - 162 - trainer - [156/190] Loss: 0.4196
2026/08/30 11:37:30 - __main__ - INFO - 167 - trainer - Average loss in epoch 174: 0.4193
2026/08/30 11:37:30 - __main__ - INFO - 117 - trainer - Epoch: 175
2026/08/30 11:37:30 - __main__ - INFO - 162 - trainer - [0/190] Loss: 0.4435
2026/08/30 11:37:35 - __main__ - INFO - 162 - trainer - [39/190] Loss: 0.4683
2026/08/30 11:37:41 - __main__ - INFO - 162 - trainer - [78/190] Loss: 0.4167
2026/08/30 11:37:47 - __main__ - INFO - 162 - trainer - [117/190] Loss: 0.4352
2026/08/30 11:37:52 - __main__ - INFO - 162 - trainer - [156/190] Loss: 0.3526
2026/08/30 11:37:57 - __main__ - INFO - 167 - trainer - Average loss in epoch 175: 0.4212
2026/08/30 11:37:57 - __main__ - INFO - 117 - trainer - Epoch: 176
2026/08/30 11:37:57 - __main__ - INFO - 162 - trainer - [0/190] Loss: 0.4354
2026/08/30 11:38:02 - __main__ - INFO - 162 - trainer - [39/190] Loss: 0.4147
2026/08/30 11:38:08 - __main__ - INFO - 162 - trainer - [78/190] Loss: 0.3732
2026/08/30 11:38:13 - __main__ - INFO - 162 - trainer - [117/190] Loss: 0.4718
2026/08/30 11:38:19 - __main__ - INFO - 162 - trainer - [156/190] Loss: 0.4258
2026/08/30 11:38:24 - __main__ - INFO - 167 - trainer - Average loss in epoch 176: 0.4207
2026/08/30 11:38:24 - __main__ - INFO - 117 - trainer - Epoch: 177
2026/08/30 11:38:24 - __main__ - INFO - 162 - trainer - [0/190] Loss: 0.3898
2026/08/30 11:38:29 - __main__ - INFO - 162 - trainer - [39/190] Loss: 0.4367
2026/08/30 11:38:35 - __main__ - INFO - 162 - trainer - [78/190] Loss: 0.3958
2026/08/30 11:38:41 - __main__ - INFO - 162 - trainer - [117/190] Loss: 0.4603
2026/08/30 11:38:46 - __main__ - INFO - 162 - trainer - [156/190] Loss: 0.3747
2026/08/30 11:38:51 - __main__ - INFO - 167 - trainer - Average loss in epoch 177: 0.4209
2026/08/30 11:38:51 - __main__ - INFO - 117 - trainer - Epoch: 178
2026/08/30 11:38:51 - __main__ - INFO - 162 - trainer - [0/190] Loss: 0.4243
2026/08/30 11:38:57 - __main__ - INFO - 162 - trainer - [39/190] Loss: 0.4399
2026/08/30 11:39:02 - __main__ - INFO - 162 - trainer - [78/190] Loss: 0.4311
2026/08/30 11:39:08 - __main__ - INFO - 162 - trainer - [117/190] Loss: 0.4185
2026/08/30 11:39:13 - __main__ - INFO - 162 - trainer - [156/190] Loss: 0.4619
2026/08/30 11:39:18 - __main__ - INFO - 167 - trainer - Average loss in epoch 178: 0.4223
2026/08/30 11:39:18 - __main__ - INFO - 117 - trainer - Epoch: 179
2026/08/30 11:39:18 - __main__ - INFO - 162 - trainer - [0/190] Loss: 0.4288
2026/08/30 11:39:23 - __main__ - INFO - 162 - trainer - [39/190] Loss: 0.4695
2026/08/30 11:39:28 - __main__ - INFO - 162 - trainer - [78/190] Loss: 0.4187
2026/08/30 11:39:34 - __main__ - INFO - 162 - trainer - [117/190] Loss: 0.4173
2026/08/30 11:39:39 - __main__ - INFO - 162 - trainer - [156/190] Loss: 0.4154
2026/08/30 11:39:43 - __main__ - INFO - 167 - trainer - Average loss in epoch 179: 0.4208
2026/08/30 11:39:43 - __main__ - INFO - 117 - trainer - Epoch: 180
2026/08/30 11:39:43 - __main__ - INFO - 162 - trainer - [0/190] Loss: 0.4244
2026/08/30 11:39:49 - __main__ - INFO - 162 - trainer - [39/190] Loss: 0.4077
2026/08/30 11:39:55 - __main__ - INFO - 162 - trainer - [78/190] Loss: 0.4349
2026/08/30 11:40:00 - __main__ - INFO - 162 - trainer - [117/190] Loss: 0.4254
2026/08/30 11:40:05 - __main__ - INFO - 162 - trainer - [156/190] Loss: 0.4487
2026/08/30 11:40:10 - __main__ - INFO - 167 - trainer - Average loss in epoch 180: 0.4197
2026/08/30 11:40:10 - __main__ - INFO - 173 - trainer - start predicting: 2026-08-30 11:40:10.430809
2026/08/30 11:40:12 - __main__ - INFO - 203 - trainer - {'Best_HR@5': np.float64(2.5456), 'Best_HR@10': np.float64(4.4319), 'Best_HR@20': np.float64(8.6076), 'Best_NDCG@5': np.float64(1.5365), 'Best_NDCG@10': np.float64(2.0076), 'Best_NDCG@20': np.float64(3.0819)}
2026/08/30 11:40:12 - __main__ - INFO - 204 - trainer - {'Best_epoch_HR@5': 180, 'Best_epoch_HR@10': 180, 'Best_epoch_HR@20': 100, 'Best_epoch_NDCG@5': 80, 'Best_epoch_NDCG@10': 100, 'Best_epoch_NDCG@20': 100}
2026/08/30 11:40:12 - __main__ - INFO - 117 - trainer - Epoch: 181
2026/08/30 11:40:13 - __main__ - INFO - 162 - trainer - [0/190] Loss: 0.4348
2026/08/30 11:40:18 - __main__ - INFO - 162 - trainer - [39/190] Loss: 0.4141
2026/08/30 11:40:23 - __main__ - INFO - 162 - trainer - [78/190] Loss: 0.4075
2026/08/30 11:40:28 - __main__ - INFO - 162 - trainer - [117/190] Loss: 0.4323
2026/08/30 11:40:33 - __main__ - INFO - 162 - trainer - [156/190] Loss: 0.3702
2026/08/30 11:40:37 - __main__ - INFO - 167 - trainer - Average loss in epoch 181: 0.4200
2026/08/30 11:40:37 - __main__ - INFO - 117 - trainer - Epoch: 182
2026/08/30 11:40:38 - __main__ - INFO - 162 - trainer - [0/190] Loss: 0.3879
2026/08/30 11:40:43 - __main__ - INFO - 162 - trainer - [39/190] Loss: 0.4082
2026/08/30 11:40:48 - __main__ - INFO - 162 - trainer - [78/190] Loss: 0.4481
2026/08/30 11:40:53 - __main__ - INFO - 162 - trainer - [117/190] Loss: 0.4391
2026/08/30 11:40:58 - __main__ - INFO - 162 - trainer - [156/190] Loss: 0.3986
2026/08/30 11:41:02 - __main__ - INFO - 167 - trainer - Average loss in epoch 182: 0.4203
2026/08/30 11:41:02 - __main__ - INFO - 117 - trainer - Epoch: 183
2026/08/30 11:41:03 - __main__ - INFO - 162 - trainer - [0/190] Loss: 0.4331
2026/08/30 11:41:08 - __main__ - INFO - 162 - trainer - [39/190] Loss: 0.4201
2026/08/30 11:41:13 - __main__ - INFO - 162 - trainer - [78/190] Loss: 0.4417
2026/08/30 11:41:18 - __main__ - INFO - 162 - trainer - [117/190] Loss: 0.4160
2026/08/30 11:41:23 - __main__ - INFO - 162 - trainer - [156/190] Loss: 0.4266
2026/08/30 11:41:28 - __main__ - INFO - 167 - trainer - Average loss in epoch 183: 0.4222
2026/08/30 11:41:28 - __main__ - INFO - 117 - trainer - Epoch: 184
2026/08/30 11:41:28 - __main__ - INFO - 162 - trainer - [0/190] Loss: 0.4589
2026/08/30 11:41:33 - __main__ - INFO - 162 - trainer - [39/190] Loss: 0.3850
2026/08/30 11:41:38 - __main__ - INFO - 162 - trainer - [78/190] Loss: 0.4440
2026/08/30 11:41:43 - __main__ - INFO - 162 - trainer - [117/190] Loss: 0.4258
2026/08/30 11:41:48 - __main__ - INFO - 162 - trainer - [156/190] Loss: 0.4298
2026/08/30 11:41:53 - __main__ - INFO - 167 - trainer - Average loss in epoch 184: 0.4213
2026/08/30 11:41:53 - __main__ - INFO - 117 - trainer - Epoch: 185
2026/08/30 11:41:53 - __main__ - INFO - 162 - trainer - [0/190] Loss: 0.4471
2026/08/30 11:41:58 - __main__ - INFO - 162 - trainer - [39/190] Loss: 0.4113
2026/08/30 11:42:03 - __main__ - INFO - 162 - trainer - [78/190] Loss: 0.3865
2026/08/30 11:42:08 - __main__ - INFO - 162 - trainer - [117/190] Loss: 0.4402
2026/08/30 11:42:14 - __main__ - INFO - 162 - trainer - [156/190] Loss: 0.3903
2026/08/30 11:42:18 - __main__ - INFO - 167 - trainer - Average loss in epoch 185: 0.4217
2026/08/30 11:42:18 - __main__ - INFO - 117 - trainer - Epoch: 186
2026/08/30 11:42:18 - __main__ - INFO - 162 - trainer - [0/190] Loss: 0.4271
2026/08/30 11:42:24 - __main__ - INFO - 162 - trainer - [39/190] Loss: 0.3570
2026/08/30 11:42:29 - __main__ - INFO - 162 - trainer - [78/190] Loss: 0.3815
2026/08/30 11:42:34 - __main__ - INFO - 162 - trainer - [117/190] Loss: 0.4373
2026/08/30 11:42:39 - __main__ - INFO - 162 - trainer - [156/190] Loss: 0.4018
2026/08/30 11:42:43 - __main__ - INFO - 167 - trainer - Average loss in epoch 186: 0.4199
2026/08/30 11:42:43 - __main__ - INFO - 117 - trainer - Epoch: 187
2026/08/30 11:42:43 - __main__ - INFO - 162 - trainer - [0/190] Loss: 0.4122
2026/08/30 11:42:48 - __main__ - INFO - 162 - trainer - [39/190] Loss: 0.3951
2026/08/30 11:42:53 - __main__ - INFO - 162 - trainer - [78/190] Loss: 0.4203
2026/08/30 11:42:59 - __main__ - INFO - 162 - trainer - [117/190] Loss: 0.4214
2026/08/30 11:43:04 - __main__ - INFO - 162 - trainer - [156/190] Loss: 0.4589
2026/08/30 11:43:08 - __main__ - INFO - 167 - trainer - Average loss in epoch 187: 0.4184
2026/08/30 11:43:08 - __main__ - INFO - 117 - trainer - Epoch: 188
2026/08/30 11:43:08 - __main__ - INFO - 162 - trainer - [0/190] Loss: 0.4175
2026/08/30 11:43:13 - __main__ - INFO - 162 - trainer - [39/190] Loss: 0.4319
2026/08/30 11:43:18 - __main__ - INFO - 162 - trainer - [78/190] Loss: 0.3955
2026/08/30 11:43:24 - __main__ - INFO - 162 - trainer - [117/190] Loss: 0.4165
2026/08/30 11:43:29 - __main__ - INFO - 162 - trainer - [156/190] Loss: 0.4329
2026/08/30 11:43:33 - __main__ - INFO - 167 - trainer - Average loss in epoch 188: 0.4195
2026/08/30 11:43:33 - __main__ - INFO - 117 - trainer - Epoch: 189
2026/08/30 11:43:33 - __main__ - INFO - 162 - trainer - [0/190] Loss: 0.4391
2026/08/30 11:43:39 - __main__ - INFO - 162 - trainer - [39/190] Loss: 0.4289
2026/08/30 11:43:44 - __main__ - INFO - 162 - trainer - [78/190] Loss: 0.4214
2026/08/30 11:43:49 - __main__ - INFO - 162 - trainer - [117/190] Loss: 0.4103
2026/08/30 11:43:54 - __main__ - INFO - 162 - trainer - [156/190] Loss: 0.3940
2026/08/30 11:43:58 - __main__ - INFO - 167 - trainer - Average loss in epoch 189: 0.4209
2026/08/30 11:43:58 - __main__ - INFO - 117 - trainer - Epoch: 190
2026/08/30 11:43:59 - __main__ - INFO - 162 - trainer - [0/190] Loss: 0.4207
2026/08/30 11:44:04 - __main__ - INFO - 162 - trainer - [39/190] Loss: 0.4133
2026/08/30 11:44:09 - __main__ - INFO - 162 - trainer - [78/190] Loss: 0.4225
2026/08/30 11:44:15 - __main__ - INFO - 162 - trainer - [117/190] Loss: 0.4342
2026/08/30 11:44:20 - __main__ - INFO - 162 - trainer - [156/190] Loss: 0.4711
2026/08/30 11:44:24 - __main__ - INFO - 167 - trainer - Average loss in epoch 190: 0.4187
2026/08/30 11:44:24 - __main__ - INFO - 117 - trainer - Epoch: 191
2026/08/30 11:44:24 - __main__ - INFO - 162 - trainer - [0/190] Loss: 0.4258
2026/08/30 11:44:29 - __main__ - INFO - 162 - trainer - [39/190] Loss: 0.3934
2026/08/30 11:44:35 - __main__ - INFO - 162 - trainer - [78/190] Loss: 0.4059
2026/08/30 11:44:40 - __main__ - INFO - 162 - trainer - [117/190] Loss: 0.4160
2026/08/30 11:44:45 - __main__ - INFO - 162 - trainer - [156/190] Loss: 0.4416
2026/08/30 11:44:49 - __main__ - INFO - 167 - trainer - Average loss in epoch 191: 0.4212
2026/08/30 11:44:49 - __main__ - INFO - 117 - trainer - Epoch: 192
2026/08/30 11:44:49 - __main__ - INFO - 162 - trainer - [0/190] Loss: 0.4558
2026/08/30 11:44:54 - __main__ - INFO - 162 - trainer - [39/190] Loss: 0.3879
2026/08/30 11:45:00 - __main__ - INFO - 162 - trainer - [78/190] Loss: 0.4248
2026/08/30 11:45:05 - __main__ - INFO - 162 - trainer - [117/190] Loss: 0.4010
2026/08/30 11:45:10 - __main__ - INFO - 162 - trainer - [156/190] Loss: 0.4209
2026/08/30 11:45:14 - __main__ - INFO - 167 - trainer - Average loss in epoch 192: 0.4209
2026/08/30 11:45:14 - __main__ - INFO - 117 - trainer - Epoch: 193
2026/08/30 11:45:15 - __main__ - INFO - 162 - trainer - [0/190] Loss: 0.4234
2026/08/30 11:45:20 - __main__ - INFO - 162 - trainer - [39/190] Loss: 0.4447
2026/08/30 11:45:25 - __main__ - INFO - 162 - trainer - [78/190] Loss: 0.4195
2026/08/30 11:45:30 - __main__ - INFO - 162 - trainer - [117/190] Loss: 0.3699
2026/08/30 11:45:35 - __main__ - INFO - 162 - trainer - [156/190] Loss: 0.4210
2026/08/30 11:45:40 - __main__ - INFO - 167 - trainer - Average loss in epoch 193: 0.4164
2026/08/30 11:45:40 - __main__ - INFO - 117 - trainer - Epoch: 194
2026/08/30 11:45:40 - __main__ - INFO - 162 - trainer - [0/190] Loss: 0.4295
2026/08/30 11:45:45 - __main__ - INFO - 162 - trainer - [39/190] Loss: 0.4366
2026/08/30 11:45:50 - __main__ - INFO - 162 - trainer - [78/190] Loss: 0.4012
2026/08/30 11:45:55 - __main__ - INFO - 162 - trainer - [117/190] Loss: 0.4432
2026/08/30 11:46:00 - __main__ - INFO - 162 - trainer - [156/190] Loss: 0.4421
2026/08/30 11:46:04 - __main__ - INFO - 167 - trainer - Average loss in epoch 194: 0.4200
2026/08/30 11:46:05 - __main__ - INFO - 117 - trainer - Epoch: 195
2026/08/30 11:46:05 - __main__ - INFO - 162 - trainer - [0/190] Loss: 0.3928
2026/08/30 11:46:10 - __main__ - INFO - 162 - trainer - [39/190] Loss: 0.4288
2026/08/30 11:46:15 - __main__ - INFO - 162 - trainer - [78/190] Loss: 0.4393
2026/08/30 11:46:20 - __main__ - INFO - 162 - trainer - [117/190] Loss: 0.4561
2026/08/30 11:46:25 - __main__ - INFO - 162 - trainer - [156/190] Loss: 0.4046
2026/08/30 11:46:30 - __main__ - INFO - 167 - trainer - Average loss in epoch 195: 0.4176
2026/08/30 11:46:30 - __main__ - INFO - 117 - trainer - Epoch: 196
2026/08/30 11:46:30 - __main__ - INFO - 162 - trainer - [0/190] Loss: 0.4263
2026/08/30 11:46:35 - __main__ - INFO - 162 - trainer - [39/190] Loss: 0.3903
2026/08/30 11:46:40 - __main__ - INFO - 162 - trainer - [78/190] Loss: 0.4189
2026/08/30 11:46:45 - __main__ - INFO - 162 - trainer - [117/190] Loss: 0.4351
2026/08/30 11:46:50 - __main__ - INFO - 162 - trainer - [156/190] Loss: 0.4390
2026/08/30 11:46:55 - __main__ - INFO - 167 - trainer - Average loss in epoch 196: 0.4182
2026/08/30 11:46:55 - __main__ - INFO - 117 - trainer - Epoch: 197
2026/08/30 11:46:55 - __main__ - INFO - 162 - trainer - [0/190] Loss: 0.3771
2026/08/30 11:47:00 - __main__ - INFO - 162 - trainer - [39/190] Loss: 0.4544
2026/08/30 11:47:05 - __main__ - INFO - 162 - trainer - [78/190] Loss: 0.4277
2026/08/30 11:47:11 - __main__ - INFO - 162 - trainer - [117/190] Loss: 0.4403
2026/08/30 11:47:16 - __main__ - INFO - 162 - trainer - [156/190] Loss: 0.4250
2026/08/30 11:47:20 - __main__ - INFO - 167 - trainer - Average loss in epoch 197: 0.4173
2026/08/30 11:47:20 - __main__ - INFO - 117 - trainer - Epoch: 198
2026/08/30 11:47:20 - __main__ - INFO - 162 - trainer - [0/190] Loss: 0.4206
2026/08/30 11:47:25 - __main__ - INFO - 162 - trainer - [39/190] Loss: 0.3695
2026/08/30 11:47:31 - __main__ - INFO - 162 - trainer - [78/190] Loss: 0.4154
2026/08/30 11:47:36 - __main__ - INFO - 162 - trainer - [117/190] Loss: 0.4041
2026/08/30 11:47:41 - __main__ - INFO - 162 - trainer - [156/190] Loss: 0.3935
2026/08/30 11:47:45 - __main__ - INFO - 167 - trainer - Average loss in epoch 198: 0.4191
2026/08/30 11:47:45 - __main__ - INFO - 117 - trainer - Epoch: 199
2026/08/30 11:47:45 - __main__ - INFO - 162 - trainer - [0/190] Loss: 0.4231
2026/08/30 11:47:51 - __main__ - INFO - 162 - trainer - [39/190] Loss: 0.3993
2026/08/30 11:47:56 - __main__ - INFO - 162 - trainer - [78/190] Loss: 0.4209
2026/08/30 11:48:01 - __main__ - INFO - 162 - trainer - [117/190] Loss: 0.3826
2026/08/30 11:48:07 - __main__ - INFO - 162 - trainer - [156/190] Loss: 0.4367
2026/08/30 11:48:11 - __main__ - INFO - 167 - trainer - Average loss in epoch 199: 0.4201
2026/08/30 11:48:11 - __main__ - INFO - 117 - trainer - Epoch: 200
2026/08/30 11:48:11 - __main__ - INFO - 162 - trainer - [0/190] Loss: 0.4450
2026/08/30 11:48:16 - __main__ - INFO - 162 - trainer - [39/190] Loss: 0.4145
2026/08/30 11:48:21 - __main__ - INFO - 162 - trainer - [78/190] Loss: 0.4407
2026/08/30 11:48:27 - __main__ - INFO - 162 - trainer - [117/190] Loss: 0.4065
2026/08/30 11:48:32 - __main__ - INFO - 162 - trainer - [156/190] Loss: 0.4403
2026/08/30 11:48:36 - __main__ - INFO - 167 - trainer - Average loss in epoch 200: 0.4205
2026/08/30 11:48:36 - __main__ - INFO - 173 - trainer - start predicting: 2026-08-30 11:48:36.559746
2026/08/30 11:48:38 - __main__ - INFO - 117 - trainer - Epoch: 201
2026/08/30 11:48:38 - __main__ - INFO - 162 - trainer - [0/190] Loss: 0.4168
2026/08/30 11:48:43 - __main__ - INFO - 162 - trainer - [39/190] Loss: 0.4463
2026/08/30 11:48:49 - __main__ - INFO - 162 - trainer - [78/190] Loss: 0.3920
2026/08/30 11:48:54 - __main__ - INFO - 162 - trainer - [117/190] Loss: 0.4147
2026/08/30 11:48:59 - __main__ - INFO - 162 - trainer - [156/190] Loss: 0.4090
2026/08/30 11:49:03 - __main__ - INFO - 167 - trainer - Average loss in epoch 201: 0.4193
2026/08/30 11:49:03 - __main__ - INFO - 117 - trainer - Epoch: 202
2026/08/30 11:49:03 - __main__ - INFO - 162 - trainer - [0/190] Loss: 0.4025
2026/08/30 11:49:08 - __main__ - INFO - 162 - trainer - [39/190] Loss: 0.4207
2026/08/30 11:49:14 - __main__ - INFO - 162 - trainer - [78/190] Loss: 0.4094
2026/08/30 11:49:19 - __main__ - INFO - 162 - trainer - [117/190] Loss: 0.4018
2026/08/30 11:49:24 - __main__ - INFO - 162 - trainer - [156/190] Loss: 0.4455
2026/08/30 11:49:28 - __main__ - INFO - 167 - trainer - Average loss in epoch 202: 0.4174
2026/08/30 11:49:28 - __main__ - INFO - 117 - trainer - Epoch: 203
2026/08/30 11:49:28 - __main__ - INFO - 162 - trainer - [0/190] Loss: 0.4126
2026/08/30 11:49:34 - __main__ - INFO - 162 - trainer - [39/190] Loss: 0.3953
2026/08/30 11:49:39 - __main__ - INFO - 162 - trainer - [78/190] Loss: 0.4338
2026/08/30 11:49:44 - __main__ - INFO - 162 - trainer - [117/190] Loss: 0.3917
2026/08/30 11:49:49 - __main__ - INFO - 162 - trainer - [156/190] Loss: 0.4357
2026/08/30 11:49:53 - __main__ - INFO - 167 - trainer - Average loss in epoch 203: 0.4184
2026/08/30 11:49:53 - __main__ - INFO - 117 - trainer - Epoch: 204
2026/08/30 11:49:53 - __main__ - INFO - 162 - trainer - [0/190] Loss: 0.3975
2026/08/30 11:49:59 - __main__ - INFO - 162 - trainer - [39/190] Loss: 0.4190
2026/08/30 11:50:04 - __main__ - INFO - 162 - trainer - [78/190] Loss: 0.4100
2026/08/30 11:50:09 - __main__ - INFO - 162 - trainer - [117/190] Loss: 0.4313
2026/08/30 11:50:14 - __main__ - INFO - 162 - trainer - [156/190] Loss: 0.4160
2026/08/30 11:50:18 - __main__ - INFO - 167 - trainer - Average loss in epoch 204: 0.4191
2026/08/30 11:50:18 - __main__ - INFO - 117 - trainer - Epoch: 205
2026/08/30 11:50:19 - __main__ - INFO - 162 - trainer - [0/190] Loss: 0.4433
2026/08/30 11:50:24 - __main__ - INFO - 162 - trainer - [39/190] Loss: 0.4148
2026/08/30 11:50:29 - __main__ - INFO - 162 - trainer - [78/190] Loss: 0.4370
2026/08/30 11:50:34 - __main__ - INFO - 162 - trainer - [117/190] Loss: 0.4468
2026/08/30 11:50:39 - __main__ - INFO - 162 - trainer - [156/190] Loss: 0.4416
2026/08/30 11:50:44 - __main__ - INFO - 167 - trainer - Average loss in epoch 205: 0.4202
2026/08/30 11:50:44 - __main__ - INFO - 117 - trainer - Epoch: 206
2026/08/30 11:50:44 - __main__ - INFO - 162 - trainer - [0/190] Loss: 0.4385
2026/08/30 11:50:49 - __main__ - INFO - 162 - trainer - [39/190] Loss: 0.3893
2026/08/30 11:50:54 - __main__ - INFO - 162 - trainer - [78/190] Loss: 0.4442
2026/08/30 11:50:59 - __main__ - INFO - 162 - trainer - [117/190] Loss: 0.4402
2026/08/30 11:51:04 - __main__ - INFO - 162 - trainer - [156/190] Loss: 0.4395
2026/08/30 11:51:09 - __main__ - INFO - 167 - trainer - Average loss in epoch 206: 0.4198
2026/08/30 11:51:09 - __main__ - INFO - 117 - trainer - Epoch: 207
2026/08/30 11:51:09 - __main__ - INFO - 162 - trainer - [0/190] Loss: 0.4096
2026/08/30 11:51:14 - __main__ - INFO - 162 - trainer - [39/190] Loss: 0.4465
2026/08/30 11:51:19 - __main__ - INFO - 162 - trainer - [78/190] Loss: 0.4520
2026/08/30 11:51:24 - __main__ - INFO - 162 - trainer - [117/190] Loss: 0.4356
2026/08/30 11:51:30 - __main__ - INFO - 162 - trainer - [156/190] Loss: 0.4369
2026/08/30 11:51:34 - __main__ - INFO - 167 - trainer - Average loss in epoch 207: 0.4191
2026/08/30 11:51:34 - __main__ - INFO - 117 - trainer - Epoch: 208
2026/08/30 11:51:34 - __main__ - INFO - 162 - trainer - [0/190] Loss: 0.3910
2026/08/30 11:51:39 - __main__ - INFO - 162 - trainer - [39/190] Loss: 0.4089
2026/08/30 11:51:44 - __main__ - INFO - 162 - trainer - [78/190] Loss: 0.4577
2026/08/30 11:51:49 - __main__ - INFO - 162 - trainer - [117/190] Loss: 0.4172
2026/08/30 11:51:54 - __main__ - INFO - 162 - trainer - [156/190] Loss: 0.4306
2026/08/30 11:51:59 - __main__ - INFO - 167 - trainer - Average loss in epoch 208: 0.4185
2026/08/30 11:51:59 - __main__ - INFO - 117 - trainer - Epoch: 209
2026/08/30 11:51:59 - __main__ - INFO - 162 - trainer - [0/190] Loss: 0.3991
2026/08/30 11:52:04 - __main__ - INFO - 162 - trainer - [39/190] Loss: 0.3968
2026/08/30 11:52:09 - __main__ - INFO - 162 - trainer - [78/190] Loss: 0.4508
2026/08/30 11:52:14 - __main__ - INFO - 162 - trainer - [117/190] Loss: 0.4160
2026/08/30 11:52:19 - __main__ - INFO - 162 - trainer - [156/190] Loss: 0.3613
2026/08/30 11:52:24 - __main__ - INFO - 167 - trainer - Average loss in epoch 209: 0.4153
2026/08/30 11:52:24 - __main__ - INFO - 117 - trainer - Epoch: 210
2026/08/30 11:52:24 - __main__ - INFO - 162 - trainer - [0/190] Loss: 0.4383
2026/08/30 11:52:29 - __main__ - INFO - 162 - trainer - [39/190] Loss: 0.4197
2026/08/30 11:52:34 - __main__ - INFO - 162 - trainer - [78/190] Loss: 0.4141
2026/08/30 11:52:39 - __main__ - INFO - 162 - trainer - [117/190] Loss: 0.4557
2026/08/30 11:52:45 - __main__ - INFO - 162 - trainer - [156/190] Loss: 0.4486
2026/08/30 11:52:49 - __main__ - INFO - 167 - trainer - Average loss in epoch 210: 0.4204
2026/08/30 11:52:49 - __main__ - INFO - 117 - trainer - Epoch: 211
2026/08/30 11:52:49 - __main__ - INFO - 162 - trainer - [0/190] Loss: 0.4151
2026/08/30 11:52:54 - __main__ - INFO - 162 - trainer - [39/190] Loss: 0.4372
2026/08/30 11:53:00 - __main__ - INFO - 162 - trainer - [78/190] Loss: 0.3481
2026/08/30 11:53:05 - __main__ - INFO - 162 - trainer - [117/190] Loss: 0.4578
2026/08/30 11:53:10 - __main__ - INFO - 162 - trainer - [156/190] Loss: 0.4303
2026/08/30 11:53:14 - __main__ - INFO - 167 - trainer - Average loss in epoch 211: 0.4163
2026/08/30 11:53:14 - __main__ - INFO - 117 - trainer - Epoch: 212
2026/08/30 11:53:14 - __main__ - INFO - 162 - trainer - [0/190] Loss: 0.4075
2026/08/30 11:53:19 - __main__ - INFO - 162 - trainer - [39/190] Loss: 0.3898
2026/08/30 11:53:24 - __main__ - INFO - 162 - trainer - [78/190] Loss: 0.4516
2026/08/30 11:53:30 - __main__ - INFO - 162 - trainer - [117/190] Loss: 0.3799
2026/08/30 11:53:35 - __main__ - INFO - 162 - trainer - [156/190] Loss: 0.4089
2026/08/30 11:53:39 - __main__ - INFO - 167 - trainer - Average loss in epoch 212: 0.4171
2026/08/30 11:53:39 - __main__ - INFO - 117 - trainer - Epoch: 213
2026/08/30 11:53:39 - __main__ - INFO - 162 - trainer - [0/190] Loss: 0.3967
2026/08/30 11:53:44 - __main__ - INFO - 162 - trainer - [39/190] Loss: 0.4004
2026/08/30 11:53:49 - __main__ - INFO - 162 - trainer - [78/190] Loss: 0.4226
2026/08/30 11:53:54 - __main__ - INFO - 162 - trainer - [117/190] Loss: 0.4461
2026/08/30 11:54:00 - __main__ - INFO - 162 - trainer - [156/190] Loss: 0.4126
2026/08/30 11:54:04 - __main__ - INFO - 167 - trainer - Average loss in epoch 213: 0.4198
2026/08/30 11:54:04 - __main__ - INFO - 117 - trainer - Epoch: 214
2026/08/30 11:54:04 - __main__ - INFO - 162 - trainer - [0/190] Loss: 0.4264
2026/08/30 11:54:09 - __main__ - INFO - 162 - trainer - [39/190] Loss: 0.4271
2026/08/30 11:54:14 - __main__ - INFO - 162 - trainer - [78/190] Loss: 0.4086
2026/08/30 11:54:19 - __main__ - INFO - 162 - trainer - [117/190] Loss: 0.4325
2026/08/30 11:54:25 - __main__ - INFO - 162 - trainer - [156/190] Loss: 0.4258
2026/08/30 11:54:29 - __main__ - INFO - 167 - trainer - Average loss in epoch 214: 0.4168
2026/08/30 11:54:29 - __main__ - INFO - 117 - trainer - Epoch: 215
2026/08/30 11:54:29 - __main__ - INFO - 162 - trainer - [0/190] Loss: 0.4210
2026/08/30 11:54:34 - __main__ - INFO - 162 - trainer - [39/190] Loss: 0.4317
2026/08/30 11:54:39 - __main__ - INFO - 162 - trainer - [78/190] Loss: 0.3942
2026/08/30 11:54:45 - __main__ - INFO - 162 - trainer - [117/190] Loss: 0.4535
2026/08/30 11:54:50 - __main__ - INFO - 162 - trainer - [156/190] Loss: 0.4048
2026/08/30 11:54:54 - __main__ - INFO - 167 - trainer - Average loss in epoch 215: 0.4184
2026/08/30 11:54:54 - __main__ - INFO - 117 - trainer - Epoch: 216
2026/08/30 11:54:54 - __main__ - INFO - 162 - trainer - [0/190] Loss: 0.4372
2026/08/30 11:54:59 - __main__ - INFO - 162 - trainer - [39/190] Loss: 0.4539
2026/08/30 11:55:04 - __main__ - INFO - 162 - trainer - [78/190] Loss: 0.3774
2026/08/30 11:55:09 - __main__ - INFO - 162 - trainer - [117/190] Loss: 0.4402
2026/08/30 11:55:15 - __main__ - INFO - 162 - trainer - [156/190] Loss: 0.4309
2026/08/30 11:55:19 - __main__ - INFO - 167 - trainer - Average loss in epoch 216: 0.4169
2026/08/30 11:55:19 - __main__ - INFO - 117 - trainer - Epoch: 217
2026/08/30 11:55:19 - __main__ - INFO - 162 - trainer - [0/190] Loss: 0.3974
2026/08/30 11:55:24 - __main__ - INFO - 162 - trainer - [39/190] Loss: 0.4073
2026/08/30 11:55:29 - __main__ - INFO - 162 - trainer - [78/190] Loss: 0.4254
2026/08/30 11:55:35 - __main__ - INFO - 162 - trainer - [117/190] Loss: 0.4197
2026/08/30 11:55:40 - __main__ - INFO - 162 - trainer - [156/190] Loss: 0.4206
2026/08/30 11:55:44 - __main__ - INFO - 167 - trainer - Average loss in epoch 217: 0.4177
2026/08/30 11:55:44 - __main__ - INFO - 117 - trainer - Epoch: 218
2026/08/30 11:55:44 - __main__ - INFO - 162 - trainer - [0/190] Loss: 0.4201
2026/08/30 11:55:49 - __main__ - INFO - 162 - trainer - [39/190] Loss: 0.4149
2026/08/30 11:55:54 - __main__ - INFO - 162 - trainer - [78/190] Loss: 0.4636
2026/08/30 11:56:00 - __main__ - INFO - 162 - trainer - [117/190] Loss: 0.4469
2026/08/30 11:56:05 - __main__ - INFO - 162 - trainer - [156/190] Loss: 0.4127
2026/08/30 11:56:09 - __main__ - INFO - 167 - trainer - Average loss in epoch 218: 0.4188
2026/08/30 11:56:09 - __main__ - INFO - 117 - trainer - Epoch: 219
2026/08/30 11:56:09 - __main__ - INFO - 162 - trainer - [0/190] Loss: 0.3913
2026/08/30 11:56:14 - __main__ - INFO - 162 - trainer - [39/190] Loss: 0.4117
2026/08/30 11:56:19 - __main__ - INFO - 162 - trainer - [78/190] Loss: 0.4804
2026/08/30 11:56:24 - __main__ - INFO - 162 - trainer - [117/190] Loss: 0.4097
2026/08/30 11:56:30 - __main__ - INFO - 162 - trainer - [156/190] Loss: 0.4139
2026/08/30 11:56:34 - __main__ - INFO - 167 - trainer - Average loss in epoch 219: 0.4174
2026/08/30 11:56:34 - __main__ - INFO - 117 - trainer - Epoch: 220
2026/08/30 11:56:34 - __main__ - INFO - 162 - trainer - [0/190] Loss: 0.4285
2026/08/30 11:56:39 - __main__ - INFO - 162 - trainer - [39/190] Loss: 0.3945
2026/08/30 11:56:44 - __main__ - INFO - 162 - trainer - [78/190] Loss: 0.4337
2026/08/30 11:56:50 - __main__ - INFO - 162 - trainer - [117/190] Loss: 0.4226
2026/08/30 11:56:55 - __main__ - INFO - 162 - trainer - [156/190] Loss: 0.4504
2026/08/30 11:56:59 - __main__ - INFO - 167 - trainer - Average loss in epoch 220: 0.4178
2026/08/30 11:56:59 - __main__ - INFO - 173 - trainer - start predicting: 2026-08-30 11:56:59.473775
2026/08/30 11:57:01 - __main__ - INFO - 117 - trainer - Epoch: 221
2026/08/30 11:57:02 - __main__ - INFO - 162 - trainer - [0/190] Loss: 0.4315
2026/08/30 11:57:07 - __main__ - INFO - 162 - trainer - [39/190] Loss: 0.3730
2026/08/30 11:57:12 - __main__ - INFO - 162 - trainer - [78/190] Loss: 0.4115
2026/08/30 11:57:17 - __main__ - INFO - 162 - trainer - [117/190] Loss: 0.3976
2026/08/30 11:57:22 - __main__ - INFO - 162 - trainer - [156/190] Loss: 0.4423
2026/08/30 11:57:26 - __main__ - INFO - 167 - trainer - Average loss in epoch 221: 0.4164
2026/08/30 11:57:26 - __main__ - INFO - 117 - trainer - Epoch: 222
2026/08/30 11:57:26 - __main__ - INFO - 162 - trainer - [0/190] Loss: 0.3693
2026/08/30 11:57:32 - __main__ - INFO - 162 - trainer - [39/190] Loss: 0.4362
2026/08/30 11:57:37 - __main__ - INFO - 162 - trainer - [78/190] Loss: 0.3935
2026/08/30 11:57:42 - __main__ - INFO - 162 - trainer - [117/190] Loss: 0.4191
2026/08/30 11:57:47 - __main__ - INFO - 162 - trainer - [156/190] Loss: 0.4270
2026/08/30 11:57:51 - __main__ - INFO - 167 - trainer - Average loss in epoch 222: 0.4181
2026/08/30 11:57:51 - __main__ - INFO - 117 - trainer - Epoch: 223
2026/08/30 11:57:52 - __main__ - INFO - 162 - trainer - [0/190] Loss: 0.4156
2026/08/30 11:57:57 - __main__ - INFO - 162 - trainer - [39/190] Loss: 0.4328
2026/08/30 11:58:02 - __main__ - INFO - 162 - trainer - [78/190] Loss: 0.4025
2026/08/30 11:58:07 - __main__ - INFO - 162 - trainer - [117/190] Loss: 0.3571
2026/08/30 11:58:12 - __main__ - INFO - 162 - trainer - [156/190] Loss: 0.4326
2026/08/30 11:58:16 - __main__ - INFO - 167 - trainer - Average loss in epoch 223: 0.4198
2026/08/30 11:58:16 - __main__ - INFO - 117 - trainer - Epoch: 224
2026/08/30 11:58:17 - __main__ - INFO - 162 - trainer - [0/190] Loss: 0.4303
2026/08/30 11:58:22 - __main__ - INFO - 162 - trainer - [39/190] Loss: 0.4103
2026/08/30 11:58:27 - __main__ - INFO - 162 - trainer - [78/190] Loss: 0.3941
2026/08/30 11:58:32 - __main__ - INFO - 162 - trainer - [117/190] Loss: 0.4216
2026/08/30 11:58:37 - __main__ - INFO - 162 - trainer - [156/190] Loss: 0.4120
2026/08/30 11:58:42 - __main__ - INFO - 167 - trainer - Average loss in epoch 224: 0.4157
2026/08/30 11:58:42 - __main__ - INFO - 117 - trainer - Epoch: 225
2026/08/30 11:58:42 - __main__ - INFO - 162 - trainer - [0/190] Loss: 0.4443
2026/08/30 11:58:47 - __main__ - INFO - 162 - trainer - [39/190] Loss: 0.3929
2026/08/30 11:58:52 - __main__ - INFO - 162 - trainer - [78/190] Loss: 0.4002
2026/08/30 11:58:57 - __main__ - INFO - 162 - trainer - [117/190] Loss: 0.4097
2026/08/30 11:59:02 - __main__ - INFO - 162 - trainer - [156/190] Loss: 0.4159
2026/08/30 11:59:06 - __main__ - INFO - 167 - trainer - Average loss in epoch 225: 0.4186
2026/08/30 11:59:06 - __main__ - INFO - 117 - trainer - Epoch: 226
2026/08/30 11:59:07 - __main__ - INFO - 162 - trainer - [0/190] Loss: 0.3968
2026/08/30 11:59:12 - __main__ - INFO - 162 - trainer - [39/190] Loss: 0.4604
2026/08/30 11:59:17 - __main__ - INFO - 162 - trainer - [78/190] Loss: 0.4457
2026/08/30 11:59:22 - __main__ - INFO - 162 - trainer - [117/190] Loss: 0.4106
2026/08/30 11:59:27 - __main__ - INFO - 162 - trainer - [156/190] Loss: 0.4026
2026/08/30 11:59:31 - __main__ - INFO - 167 - trainer - Average loss in epoch 226: 0.4189
2026/08/30 11:59:31 - __main__ - INFO - 117 - trainer - Epoch: 227
2026/08/30 11:59:32 - __main__ - INFO - 162 - trainer - [0/190] Loss: 0.4441
2026/08/30 11:59:37 - __main__ - INFO - 162 - trainer - [39/190] Loss: 0.3684
2026/08/30 11:59:42 - __main__ - INFO - 162 - trainer - [78/190] Loss: 0.3818
2026/08/30 11:59:47 - __main__ - INFO - 162 - trainer - [117/190] Loss: 0.3994
2026/08/30 11:59:52 - __main__ - INFO - 162 - trainer - [156/190] Loss: 0.3983
2026/08/30 11:59:57 - __main__ - INFO - 167 - trainer - Average loss in epoch 227: 0.4197
2026/08/30 11:59:57 - __main__ - INFO - 117 - trainer - Epoch: 228
2026/08/30 11:59:57 - __main__ - INFO - 162 - trainer - [0/190] Loss: 0.4021
2026/08/30 12:00:02 - __main__ - INFO - 162 - trainer - [39/190] Loss: 0.4302
2026/08/30 12:00:07 - __main__ - INFO - 162 - trainer - [78/190] Loss: 0.4186
2026/08/30 12:00:12 - __main__ - INFO - 162 - trainer - [117/190] Loss: 0.3920
2026/08/30 12:00:17 - __main__ - INFO - 162 - trainer - [156/190] Loss: 0.3815
2026/08/30 12:00:22 - __main__ - INFO - 167 - trainer - Average loss in epoch 228: 0.4183
2026/08/30 12:00:22 - __main__ - INFO - 117 - trainer - Epoch: 229
2026/08/30 12:00:22 - __main__ - INFO - 162 - trainer - [0/190] Loss: 0.4411
2026/08/30 12:00:27 - __main__ - INFO - 162 - trainer - [39/190] Loss: 0.4281
2026/08/30 12:00:32 - __main__ - INFO - 162 - trainer - [78/190] Loss: 0.4588
2026/08/30 12:00:37 - __main__ - INFO - 162 - trainer - [117/190] Loss: 0.3979
2026/08/30 12:00:42 - __main__ - INFO - 162 - trainer - [156/190] Loss: 0.3880
2026/08/30 12:00:47 - __main__ - INFO - 167 - trainer - Average loss in epoch 229: 0.4189
2026/08/30 12:00:47 - __main__ - INFO - 117 - trainer - Epoch: 230
2026/08/30 12:00:47 - __main__ - INFO - 162 - trainer - [0/190] Loss: 0.4192
2026/08/30 12:00:52 - __main__ - INFO - 162 - trainer - [39/190] Loss: 0.3960
2026/08/30 12:00:57 - __main__ - INFO - 162 - trainer - [78/190] Loss: 0.3841
2026/08/30 12:01:02 - __main__ - INFO - 162 - trainer - [117/190] Loss: 0.3810
2026/08/30 12:01:07 - __main__ - INFO - 162 - trainer - [156/190] Loss: 0.4420
2026/08/30 12:01:12 - __main__ - INFO - 167 - trainer - Average loss in epoch 230: 0.4199
2026/08/30 12:01:12 - __main__ - INFO - 117 - trainer - Epoch: 231
2026/08/30 12:01:12 - __main__ - INFO - 162 - trainer - [0/190] Loss: 0.4469
2026/08/30 12:01:17 - __main__ - INFO - 162 - trainer - [39/190] Loss: 0.3974
2026/08/30 12:01:22 - __main__ - INFO - 162 - trainer - [78/190] Loss: 0.4093
2026/08/30 12:01:27 - __main__ - INFO - 162 - trainer - [117/190] Loss: 0.4221
2026/08/30 12:01:33 - __main__ - INFO - 162 - trainer - [156/190] Loss: 0.3922
2026/08/30 12:01:37 - __main__ - INFO - 167 - trainer - Average loss in epoch 231: 0.4195
2026/08/30 12:01:37 - __main__ - INFO - 117 - trainer - Epoch: 232
2026/08/30 12:01:37 - __main__ - INFO - 162 - trainer - [0/190] Loss: 0.4391
2026/08/30 12:01:42 - __main__ - INFO - 162 - trainer - [39/190] Loss: 0.4446
2026/08/30 12:01:48 - __main__ - INFO - 162 - trainer - [78/190] Loss: 0.3722
2026/08/30 12:01:53 - __main__ - INFO - 162 - trainer - [117/190] Loss: 0.4017
2026/08/30 12:01:58 - __main__ - INFO - 162 - trainer - [156/190] Loss: 0.3951
2026/08/30 12:02:02 - __main__ - INFO - 167 - trainer - Average loss in epoch 232: 0.4164
2026/08/30 12:02:02 - __main__ - INFO - 117 - trainer - Epoch: 233
2026/08/30 12:02:02 - __main__ - INFO - 162 - trainer - [0/190] Loss: 0.3816
2026/08/30 12:02:07 - __main__ - INFO - 162 - trainer - [39/190] Loss: 0.4357
2026/08/30 12:02:13 - __main__ - INFO - 162 - trainer - [78/190] Loss: 0.4567
2026/08/30 12:02:18 - __main__ - INFO - 162 - trainer - [117/190] Loss: 0.3846
2026/08/30 12:02:23 - __main__ - INFO - 162 - trainer - [156/190] Loss: 0.4378
2026/08/30 12:02:27 - __main__ - INFO - 167 - trainer - Average loss in epoch 233: 0.4175
2026/08/30 12:02:27 - __main__ - INFO - 117 - trainer - Epoch: 234
2026/08/30 12:02:28 - __main__ - INFO - 162 - trainer - [0/190] Loss: 0.4547
2026/08/30 12:02:33 - __main__ - INFO - 162 - trainer - [39/190] Loss: 0.3806
2026/08/30 12:02:38 - __main__ - INFO - 162 - trainer - [78/190] Loss: 0.3998
2026/08/30 12:02:43 - __main__ - INFO - 162 - trainer - [117/190] Loss: 0.3826
2026/08/30 12:02:48 - __main__ - INFO - 162 - trainer - [156/190] Loss: 0.3949
2026/08/30 12:02:52 - __main__ - INFO - 167 - trainer - Average loss in epoch 234: 0.4185
2026/08/30 12:02:52 - __main__ - INFO - 117 - trainer - Epoch: 235
2026/08/30 12:02:53 - __main__ - INFO - 162 - trainer - [0/190] Loss: 0.4009
2026/08/30 12:02:58 - __main__ - INFO - 162 - trainer - [39/190] Loss: 0.5008
2026/08/30 12:03:03 - __main__ - INFO - 162 - trainer - [78/190] Loss: 0.4424
2026/08/30 12:03:08 - __main__ - INFO - 162 - trainer - [117/190] Loss: 0.3970
2026/08/30 12:03:13 - __main__ - INFO - 162 - trainer - [156/190] Loss: 0.4127
2026/08/30 12:03:17 - __main__ - INFO - 167 - trainer - Average loss in epoch 235: 0.4202
2026/08/30 12:03:17 - __main__ - INFO - 117 - trainer - Epoch: 236
2026/08/30 12:03:17 - __main__ - INFO - 162 - trainer - [0/190] Loss: 0.4118
2026/08/30 12:03:23 - __main__ - INFO - 162 - trainer - [39/190] Loss: 0.4226
2026/08/30 12:03:28 - __main__ - INFO - 162 - trainer - [78/190] Loss: 0.4315
2026/08/30 12:03:33 - __main__ - INFO - 162 - trainer - [117/190] Loss: 0.3908
2026/08/30 12:03:38 - __main__ - INFO - 162 - trainer - [156/190] Loss: 0.3760
2026/08/30 12:03:42 - __main__ - INFO - 167 - trainer - Average loss in epoch 236: 0.4172
2026/08/30 12:03:42 - __main__ - INFO - 117 - trainer - Epoch: 237
2026/08/30 12:03:42 - __main__ - INFO - 162 - trainer - [0/190] Loss: 0.4136
2026/08/30 12:03:48 - __main__ - INFO - 162 - trainer - [39/190] Loss: 0.3933
2026/08/30 12:03:53 - __main__ - INFO - 162 - trainer - [78/190] Loss: 0.3990
2026/08/30 12:03:58 - __main__ - INFO - 162 - trainer - [117/190] Loss: 0.4451
2026/08/30 12:04:03 - __main__ - INFO - 162 - trainer - [156/190] Loss: 0.3978
2026/08/30 12:04:07 - __main__ - INFO - 167 - trainer - Average loss in epoch 237: 0.4193
2026/08/30 12:04:07 - __main__ - INFO - 117 - trainer - Epoch: 238
2026/08/30 12:04:07 - __main__ - INFO - 162 - trainer - [0/190] Loss: 0.3997
2026/08/30 12:04:12 - __main__ - INFO - 162 - trainer - [39/190] Loss: 0.4597
2026/08/30 12:04:18 - __main__ - INFO - 162 - trainer - [78/190] Loss: 0.4297
2026/08/30 12:04:23 - __main__ - INFO - 162 - trainer - [117/190] Loss: 0.4013
2026/08/30 12:04:28 - __main__ - INFO - 162 - trainer - [156/190] Loss: 0.4200
2026/08/30 12:04:32 - __main__ - INFO - 167 - trainer - Average loss in epoch 238: 0.4198
2026/08/30 12:04:32 - __main__ - INFO - 117 - trainer - Epoch: 239
2026/08/30 12:04:33 - __main__ - INFO - 162 - trainer - [0/190] Loss: 0.4577
2026/08/30 12:04:38 - __main__ - INFO - 162 - trainer - [39/190] Loss: 0.4066
2026/08/30 12:04:43 - __main__ - INFO - 162 - trainer - [78/190] Loss: 0.3963
2026/08/30 12:04:48 - __main__ - INFO - 162 - trainer - [117/190] Loss: 0.4032
2026/08/30 12:04:53 - __main__ - INFO - 162 - trainer - [156/190] Loss: 0.4185
2026/08/30 12:04:57 - __main__ - INFO - 167 - trainer - Average loss in epoch 239: 0.4180
2026/08/30 12:04:57 - __main__ - INFO - 117 - trainer - Epoch: 240
2026/08/30 12:04:57 - __main__ - INFO - 162 - trainer - [0/190] Loss: 0.3981
2026/08/30 12:05:02 - __main__ - INFO - 162 - trainer - [39/190] Loss: 0.4025
2026/08/30 12:05:07 - __main__ - INFO - 162 - trainer - [78/190] Loss: 0.4335
2026/08/30 12:05:13 - __main__ - INFO - 162 - trainer - [117/190] Loss: 0.4519
2026/08/30 12:05:18 - __main__ - INFO - 162 - trainer - [156/190] Loss: 0.4633
2026/08/30 12:05:22 - __main__ - INFO - 167 - trainer - Average loss in epoch 240: 0.4153
2026/08/30 12:05:22 - __main__ - INFO - 173 - trainer - start predicting: 2026-08-30 12:05:22.755924
2026/08/30 12:05:25 - __main__ - INFO - 117 - trainer - Epoch: 241
2026/08/30 12:05:25 - __main__ - INFO - 162 - trainer - [0/190] Loss: 0.4214
2026/08/30 12:05:30 - __main__ - INFO - 162 - trainer - [39/190] Loss: 0.4092
2026/08/30 12:05:35 - __main__ - INFO - 162 - trainer - [78/190] Loss: 0.4704
2026/08/30 12:05:40 - __main__ - INFO - 162 - trainer - [117/190] Loss: 0.4030
2026/08/30 12:05:45 - __main__ - INFO - 162 - trainer - [156/190] Loss: 0.4149
2026/08/30 12:05:50 - __main__ - INFO - 167 - trainer - Average loss in epoch 241: 0.4139
2026/08/30 12:05:50 - __main__ - INFO - 117 - trainer - Epoch: 242
2026/08/30 12:05:50 - __main__ - INFO - 162 - trainer - [0/190] Loss: 0.3821
2026/08/30 12:05:55 - __main__ - INFO - 162 - trainer - [39/190] Loss: 0.4197
2026/08/30 12:06:00 - __main__ - INFO - 162 - trainer - [78/190] Loss: 0.3822
2026/08/30 12:06:05 - __main__ - INFO - 162 - trainer - [117/190] Loss: 0.4316
2026/08/30 12:06:11 - __main__ - INFO - 162 - trainer - [156/190] Loss: 0.3815
2026/08/30 12:06:15 - __main__ - INFO - 167 - trainer - Average loss in epoch 242: 0.4213
2026/08/30 12:06:15 - __main__ - INFO - 117 - trainer - Epoch: 243
2026/08/30 12:06:15 - __main__ - INFO - 162 - trainer - [0/190] Loss: 0.3970
2026/08/30 12:06:20 - __main__ - INFO - 162 - trainer - [39/190] Loss: 0.3782
2026/08/30 12:06:25 - __main__ - INFO - 162 - trainer - [78/190] Loss: 0.3717
2026/08/30 12:06:30 - __main__ - INFO - 162 - trainer - [117/190] Loss: 0.3873
2026/08/30 12:06:35 - __main__ - INFO - 162 - trainer - [156/190] Loss: 0.3984
2026/08/30 12:06:40 - __main__ - INFO - 167 - trainer - Average loss in epoch 243: 0.4190
2026/08/30 12:06:40 - __main__ - INFO - 117 - trainer - Epoch: 244
2026/08/30 12:06:40 - __main__ - INFO - 162 - trainer - [0/190] Loss: 0.3903
2026/08/30 12:06:45 - __main__ - INFO - 162 - trainer - [39/190] Loss: 0.4170
2026/08/30 12:06:50 - __main__ - INFO - 162 - trainer - [78/190] Loss: 0.4582
2026/08/30 12:06:55 - __main__ - INFO - 162 - trainer - [117/190] Loss: 0.4066
2026/08/30 12:07:00 - __main__ - INFO - 162 - trainer - [156/190] Loss: 0.4559
2026/08/30 12:07:05 - __main__ - INFO - 167 - trainer - Average loss in epoch 244: 0.4195
2026/08/30 12:07:05 - __main__ - INFO - 117 - trainer - Epoch: 245
2026/08/30 12:07:05 - __main__ - INFO - 162 - trainer - [0/190] Loss: 0.4263
2026/08/30 12:07:10 - __main__ - INFO - 162 - trainer - [39/190] Loss: 0.4672
2026/08/30 12:07:15 - __main__ - INFO - 162 - trainer - [78/190] Loss: 0.4885
2026/08/30 12:07:20 - __main__ - INFO - 162 - trainer - [117/190] Loss: 0.3744
2026/08/30 12:07:25 - __main__ - INFO - 162 - trainer - [156/190] Loss: 0.4228
2026/08/30 12:07:30 - __main__ - INFO - 167 - trainer - Average loss in epoch 245: 0.4188
2026/08/30 12:07:30 - __main__ - INFO - 117 - trainer - Epoch: 246
2026/08/30 12:07:30 - __main__ - INFO - 162 - trainer - [0/190] Loss: 0.4405
2026/08/30 12:07:35 - __main__ - INFO - 162 - trainer - [39/190] Loss: 0.3745
2026/08/30 12:07:40 - __main__ - INFO - 162 - trainer - [78/190] Loss: 0.3824
2026/08/30 12:07:45 - __main__ - INFO - 162 - trainer - [117/190] Loss: 0.4220
2026/08/30 12:07:50 - __main__ - INFO - 162 - trainer - [156/190] Loss: 0.3756
2026/08/30 12:07:55 - __main__ - INFO - 167 - trainer - Average loss in epoch 246: 0.4156
2026/08/30 12:07:55 - __main__ - INFO - 117 - trainer - Epoch: 247
2026/08/30 12:07:55 - __main__ - INFO - 162 - trainer - [0/190] Loss: 0.4371
2026/08/30 12:08:00 - __main__ - INFO - 162 - trainer - [39/190] Loss: 0.4077
2026/08/30 12:08:05 - __main__ - INFO - 162 - trainer - [78/190] Loss: 0.4501
2026/08/30 12:08:10 - __main__ - INFO - 162 - trainer - [117/190] Loss: 0.4509
2026/08/30 12:08:15 - __main__ - INFO - 162 - trainer - [156/190] Loss: 0.4049
2026/08/30 12:08:20 - __main__ - INFO - 167 - trainer - Average loss in epoch 247: 0.4203
2026/08/30 12:08:20 - __main__ - INFO - 117 - trainer - Epoch: 248
2026/08/30 12:08:20 - __main__ - INFO - 162 - trainer - [0/190] Loss: 0.4066
2026/08/30 12:08:25 - __main__ - INFO - 162 - trainer - [39/190] Loss: 0.4101
2026/08/30 12:08:30 - __main__ - INFO - 162 - trainer - [78/190] Loss: 0.4641
2026/08/30 12:08:35 - __main__ - INFO - 162 - trainer - [117/190] Loss: 0.4385
2026/08/30 12:08:40 - __main__ - INFO - 162 - trainer - [156/190] Loss: 0.4158
2026/08/30 12:08:45 - __main__ - INFO - 167 - trainer - Average loss in epoch 248: 0.4183
2026/08/30 12:08:45 - __main__ - INFO - 117 - trainer - Epoch: 249
2026/08/30 12:08:45 - __main__ - INFO - 162 - trainer - [0/190] Loss: 0.4084
2026/08/30 12:08:50 - __main__ - INFO - 162 - trainer - [39/190] Loss: 0.4249
2026/08/30 12:08:55 - __main__ - INFO - 162 - trainer - [78/190] Loss: 0.4043
2026/08/30 12:09:00 - __main__ - INFO - 162 - trainer - [117/190] Loss: 0.4165
2026/08/30 12:09:05 - __main__ - INFO - 162 - trainer - [156/190] Loss: 0.4392
2026/08/30 12:09:10 - __main__ - INFO - 167 - trainer - Average loss in epoch 249: 0.4176
2026/08/30 12:09:10 - __main__ - INFO - 117 - trainer - Epoch: 250
2026/08/30 12:09:10 - __main__ - INFO - 162 - trainer - [0/190] Loss: 0.4319
2026/08/30 12:09:15 - __main__ - INFO - 162 - trainer - [39/190] Loss: 0.4314
2026/08/30 12:09:20 - __main__ - INFO - 162 - trainer - [78/190] Loss: 0.3966
2026/08/30 12:09:25 - __main__ - INFO - 162 - trainer - [117/190] Loss: 0.4614
2026/08/30 12:09:30 - __main__ - INFO - 162 - trainer - [156/190] Loss: 0.4314
2026/08/30 12:09:34 - __main__ - INFO - 167 - trainer - Average loss in epoch 250: 0.4180
2026/08/30 12:09:34 - __main__ - INFO - 117 - trainer - Epoch: 251
2026/08/30 12:09:35 - __main__ - INFO - 162 - trainer - [0/190] Loss: 0.4240
2026/08/30 12:09:40 - __main__ - INFO - 162 - trainer - [39/190] Loss: 0.4850
2026/08/30 12:09:45 - __main__ - INFO - 162 - trainer - [78/190] Loss: 0.3991
2026/08/30 12:09:50 - __main__ - INFO - 162 - trainer - [117/190] Loss: 0.4268
2026/08/30 12:09:55 - __main__ - INFO - 162 - trainer - [156/190] Loss: 0.3941
2026/08/30 12:09:59 - __main__ - INFO - 167 - trainer - Average loss in epoch 251: 0.4189
2026/08/30 12:09:59 - __main__ - INFO - 117 - trainer - Epoch: 252
2026/08/30 12:10:00 - __main__ - INFO - 162 - trainer - [0/190] Loss: 0.4126
2026/08/30 12:10:05 - __main__ - INFO - 162 - trainer - [39/190] Loss: 0.4319
2026/08/30 12:10:10 - __main__ - INFO - 162 - trainer - [78/190] Loss: 0.4869
2026/08/30 12:10:15 - __main__ - INFO - 162 - trainer - [117/190] Loss: 0.4070
2026/08/30 12:10:20 - __main__ - INFO - 162 - trainer - [156/190] Loss: 0.4225
2026/08/30 12:10:25 - __main__ - INFO - 167 - trainer - Average loss in epoch 252: 0.4168
2026/08/30 12:10:25 - __main__ - INFO - 117 - trainer - Epoch: 253
2026/08/30 12:10:25 - __main__ - INFO - 162 - trainer - [0/190] Loss: 0.4313
2026/08/30 12:10:30 - __main__ - INFO - 162 - trainer - [39/190] Loss: 0.3659
2026/08/30 12:10:35 - __main__ - INFO - 162 - trainer - [78/190] Loss: 0.4152
2026/08/30 12:10:40 - __main__ - INFO - 162 - trainer - [117/190] Loss: 0.4034
2026/08/30 12:10:45 - __main__ - INFO - 162 - trainer - [156/190] Loss: 0.4130
2026/08/30 12:10:49 - __main__ - INFO - 167 - trainer - Average loss in epoch 253: 0.4151
2026/08/30 12:10:49 - __main__ - INFO - 117 - trainer - Epoch: 254
2026/08/30 12:10:50 - __main__ - INFO - 162 - trainer - [0/190] Loss: 0.4241
2026/08/30 12:10:55 - __main__ - INFO - 162 - trainer - [39/190] Loss: 0.4382
2026/08/30 12:11:00 - __main__ - INFO - 162 - trainer - [78/190] Loss: 0.4058
2026/08/30 12:11:05 - __main__ - INFO - 162 - trainer - [117/190] Loss: 0.3720
2026/08/30 12:11:10 - __main__ - INFO - 162 - trainer - [156/190] Loss: 0.3950
2026/08/30 12:11:15 - __main__ - INFO - 167 - trainer - Average loss in epoch 254: 0.4185
2026/08/30 12:11:15 - __main__ - INFO - 117 - trainer - Epoch: 255
2026/08/30 12:11:15 - __main__ - INFO - 162 - trainer - [0/190] Loss: 0.4060
2026/08/30 12:11:20 - __main__ - INFO - 162 - trainer - [39/190] Loss: 0.4000
2026/08/30 12:11:25 - __main__ - INFO - 162 - trainer - [78/190] Loss: 0.4358
2026/08/30 12:11:30 - __main__ - INFO - 162 - trainer - [117/190] Loss: 0.4263
2026/08/30 12:11:35 - __main__ - INFO - 162 - trainer - [156/190] Loss: 0.4696
2026/08/30 12:11:40 - __main__ - INFO - 167 - trainer - Average loss in epoch 255: 0.4213
2026/08/30 12:11:40 - __main__ - INFO - 117 - trainer - Epoch: 256
2026/08/30 12:11:40 - __main__ - INFO - 162 - trainer - [0/190] Loss: 0.3878
2026/08/30 12:11:45 - __main__ - INFO - 162 - trainer - [39/190] Loss: 0.3864
2026/08/30 12:11:50 - __main__ - INFO - 162 - trainer - [78/190] Loss: 0.4587
2026/08/30 12:11:55 - __main__ - INFO - 162 - trainer - [117/190] Loss: 0.3857
2026/08/30 12:12:00 - __main__ - INFO - 162 - trainer - [156/190] Loss: 0.4496
2026/08/30 12:12:05 - __main__ - INFO - 167 - trainer - Average loss in epoch 256: 0.4145
2026/08/30 12:12:05 - __main__ - INFO - 117 - trainer - Epoch: 257
2026/08/30 12:12:05 - __main__ - INFO - 162 - trainer - [0/190] Loss: 0.4586
2026/08/30 12:12:10 - __main__ - INFO - 162 - trainer - [39/190] Loss: 0.4517
2026/08/30 12:12:15 - __main__ - INFO - 162 - trainer - [78/190] Loss: 0.4157
2026/08/30 12:12:21 - __main__ - INFO - 162 - trainer - [117/190] Loss: 0.4393
2026/08/30 12:12:26 - __main__ - INFO - 162 - trainer - [156/190] Loss: 0.3957
2026/08/30 12:12:30 - __main__ - INFO - 167 - trainer - Average loss in epoch 257: 0.4183
2026/08/30 12:12:30 - __main__ - INFO - 117 - trainer - Epoch: 258
2026/08/30 12:12:30 - __main__ - INFO - 162 - trainer - [0/190] Loss: 0.4139
2026/08/30 12:12:35 - __main__ - INFO - 162 - trainer - [39/190] Loss: 0.4036
2026/08/30 12:12:40 - __main__ - INFO - 162 - trainer - [78/190] Loss: 0.3987
2026/08/30 12:12:46 - __main__ - INFO - 162 - trainer - [117/190] Loss: 0.4036
2026/08/30 12:12:51 - __main__ - INFO - 162 - trainer - [156/190] Loss: 0.4228
2026/08/30 12:12:55 - __main__ - INFO - 167 - trainer - Average loss in epoch 258: 0.4169
2026/08/30 12:12:55 - __main__ - INFO - 117 - trainer - Epoch: 259
2026/08/30 12:12:55 - __main__ - INFO - 162 - trainer - [0/190] Loss: 0.4250
2026/08/30 12:13:01 - __main__ - INFO - 162 - trainer - [39/190] Loss: 0.4182
2026/08/30 12:13:06 - __main__ - INFO - 162 - trainer - [78/190] Loss: 0.3693
2026/08/30 12:13:11 - __main__ - INFO - 162 - trainer - [117/190] Loss: 0.3870
2026/08/30 12:13:16 - __main__ - INFO - 162 - trainer - [156/190] Loss: 0.4442
2026/08/30 12:13:21 - __main__ - INFO - 167 - trainer - Average loss in epoch 259: 0.4175
2026/08/30 12:13:21 - __main__ - INFO - 117 - trainer - Epoch: 260
2026/08/30 12:13:21 - __main__ - INFO - 162 - trainer - [0/190] Loss: 0.4013
2026/08/30 12:13:26 - __main__ - INFO - 162 - trainer - [39/190] Loss: 0.4474
2026/08/30 12:13:31 - __main__ - INFO - 162 - trainer - [78/190] Loss: 0.4230
2026/08/30 12:13:36 - __main__ - INFO - 162 - trainer - [117/190] Loss: 0.3898
2026/08/30 12:13:41 - __main__ - INFO - 162 - trainer - [156/190] Loss: 0.3945
2026/08/30 12:13:46 - __main__ - INFO - 167 - trainer - Average loss in epoch 260: 0.4185
2026/08/30 12:13:46 - __main__ - INFO - 173 - trainer - start predicting: 2026-08-30 12:13:46.122661
2026/08/30 12:13:48 - __main__ - INFO - 117 - trainer - Epoch: 261
2026/08/30 12:13:48 - __main__ - INFO - 162 - trainer - [0/190] Loss: 0.4485
2026/08/30 12:13:53 - __main__ - INFO - 162 - trainer - [39/190] Loss: 0.4220
2026/08/30 12:13:58 - __main__ - INFO - 162 - trainer - [78/190] Loss: 0.4106
2026/08/30 12:14:03 - __main__ - INFO - 162 - trainer - [117/190] Loss: 0.4238
2026/08/30 12:14:08 - __main__ - INFO - 162 - trainer - [156/190] Loss: 0.3926
2026/08/30 12:14:12 - __main__ - INFO - 167 - trainer - Average loss in epoch 261: 0.4160
2026/08/30 12:14:12 - __main__ - INFO - 117 - trainer - Epoch: 262
2026/08/30 12:14:13 - __main__ - INFO - 162 - trainer - [0/190] Loss: 0.4482
2026/08/30 12:14:18 - __main__ - INFO - 162 - trainer - [39/190] Loss: 0.4047
2026/08/30 12:14:23 - __main__ - INFO - 162 - trainer - [78/190] Loss: 0.3743
2026/08/30 12:14:28 - __main__ - INFO - 162 - trainer - [117/190] Loss: 0.4296
2026/08/30 12:14:33 - __main__ - INFO - 162 - trainer - [156/190] Loss: 0.3990
2026/08/30 12:14:37 - __main__ - INFO - 167 - trainer - Average loss in epoch 262: 0.4166
2026/08/30 12:14:37 - __main__ - INFO - 117 - trainer - Epoch: 263
2026/08/30 12:14:38 - __main__ - INFO - 162 - trainer - [0/190] Loss: 0.4198
2026/08/30 12:14:43 - __main__ - INFO - 162 - trainer - [39/190] Loss: 0.4314
2026/08/30 12:14:48 - __main__ - INFO - 162 - trainer - [78/190] Loss: 0.4325
2026/08/30 12:14:53 - __main__ - INFO - 162 - trainer - [117/190] Loss: 0.4839
2026/08/30 12:14:58 - __main__ - INFO - 162 - trainer - [156/190] Loss: 0.4649
2026/08/30 12:15:03 - __main__ - INFO - 167 - trainer - Average loss in epoch 263: 0.4201
2026/08/30 12:15:03 - __main__ - INFO - 117 - trainer - Epoch: 264
2026/08/30 12:15:03 - __main__ - INFO - 162 - trainer - [0/190] Loss: 0.4365
2026/08/30 12:15:08 - __main__ - INFO - 162 - trainer - [39/190] Loss: 0.3969
2026/08/30 12:15:13 - __main__ - INFO - 162 - trainer - [78/190] Loss: 0.4743
2026/08/30 12:15:18 - __main__ - INFO - 162 - trainer - [117/190] Loss: 0.4178
2026/08/30 12:15:23 - __main__ - INFO - 162 - trainer - [156/190] Loss: 0.4497
2026/08/30 12:15:28 - __main__ - INFO - 167 - trainer - Average loss in epoch 264: 0.4191
2026/08/30 12:15:28 - __main__ - INFO - 117 - trainer - Epoch: 265
2026/08/30 12:15:28 - __main__ - INFO - 162 - trainer - [0/190] Loss: 0.3966
2026/08/30 12:15:33 - __main__ - INFO - 162 - trainer - [39/190] Loss: 0.4448
2026/08/30 12:15:38 - __main__ - INFO - 162 - trainer - [78/190] Loss: 0.4215
2026/08/30 12:15:43 - __main__ - INFO - 162 - trainer - [117/190] Loss: 0.5062
2026/08/30 12:15:48 - __main__ - INFO - 162 - trainer - [156/190] Loss: 0.4314
2026/08/30 12:15:53 - __main__ - INFO - 167 - trainer - Average loss in epoch 265: 0.4179
2026/08/30 12:15:53 - __main__ - INFO - 117 - trainer - Epoch: 266
2026/08/30 12:15:53 - __main__ - INFO - 162 - trainer - [0/190] Loss: 0.3622
2026/08/30 12:15:58 - __main__ - INFO - 162 - trainer - [39/190] Loss: 0.3952
2026/08/30 12:16:03 - __main__ - INFO - 162 - trainer - [78/190] Loss: 0.3944
2026/08/30 12:16:08 - __main__ - INFO - 162 - trainer - [117/190] Loss: 0.4073
2026/08/30 12:16:13 - __main__ - INFO - 162 - trainer - [156/190] Loss: 0.4023
2026/08/30 12:16:17 - __main__ - INFO - 167 - trainer - Average loss in epoch 266: 0.4152
2026/08/30 12:16:17 - __main__ - INFO - 117 - trainer - Epoch: 267
2026/08/30 12:16:18 - __main__ - INFO - 162 - trainer - [0/190] Loss: 0.4319
2026/08/30 12:16:23 - __main__ - INFO - 162 - trainer - [39/190] Loss: 0.4138
2026/08/30 12:16:28 - __main__ - INFO - 162 - trainer - [78/190] Loss: 0.3832
2026/08/30 12:16:33 - __main__ - INFO - 162 - trainer - [117/190] Loss: 0.3871
2026/08/30 12:16:38 - __main__ - INFO - 162 - trainer - [156/190] Loss: 0.4617
2026/08/30 12:16:43 - __main__ - INFO - 167 - trainer - Average loss in epoch 267: 0.4156
2026/08/30 12:16:43 - __main__ - INFO - 117 - trainer - Epoch: 268
2026/08/30 12:16:43 - __main__ - INFO - 162 - trainer - [0/190] Loss: 0.4384
2026/08/30 12:16:48 - __main__ - INFO - 162 - trainer - [39/190] Loss: 0.4377
2026/08/30 12:16:53 - __main__ - INFO - 162 - trainer - [78/190] Loss: 0.4010
2026/08/30 12:16:58 - __main__ - INFO - 162 - trainer - [117/190] Loss: 0.3816
2026/08/30 12:17:03 - __main__ - INFO - 162 - trainer - [156/190] Loss: 0.3743
2026/08/30 12:17:07 - __main__ - INFO - 167 - trainer - Average loss in epoch 268: 0.4164
2026/08/30 12:17:07 - __main__ - INFO - 117 - trainer - Epoch: 269
2026/08/30 12:17:07 - __main__ - INFO - 162 - trainer - [0/190] Loss: 0.4160
2026/08/30 12:17:13 - __main__ - INFO - 162 - trainer - [39/190] Loss: 0.4563
2026/08/30 12:17:18 - __main__ - INFO - 162 - trainer - [78/190] Loss: 0.4499
2026/08/30 12:17:23 - __main__ - INFO - 162 - trainer - [117/190] Loss: 0.3916
2026/08/30 12:17:28 - __main__ - INFO - 162 - trainer - [156/190] Loss: 0.4592
2026/08/30 12:17:32 - __main__ - INFO - 167 - trainer - Average loss in epoch 269: 0.4192
2026/08/30 12:17:32 - __main__ - INFO - 117 - trainer - Epoch: 270
2026/08/30 12:17:33 - __main__ - INFO - 162 - trainer - [0/190] Loss: 0.4252
2026/08/30 12:17:38 - __main__ - INFO - 162 - trainer - [39/190] Loss: 0.4156
2026/08/30 12:17:43 - __main__ - INFO - 162 - trainer - [78/190] Loss: 0.3923
2026/08/30 12:17:48 - __main__ - INFO - 162 - trainer - [117/190] Loss: 0.3849
2026/08/30 12:17:53 - __main__ - INFO - 162 - trainer - [156/190] Loss: 0.3958
2026/08/30 12:17:57 - __main__ - INFO - 167 - trainer - Average loss in epoch 270: 0.4173
2026/08/30 12:17:57 - __main__ - INFO - 117 - trainer - Epoch: 271
2026/08/30 12:17:57 - __main__ - INFO - 162 - trainer - [0/190] Loss: 0.4207
2026/08/30 12:18:03 - __main__ - INFO - 162 - trainer - [39/190] Loss: 0.4071
2026/08/30 12:18:08 - __main__ - INFO - 162 - trainer - [78/190] Loss: 0.4545
2026/08/30 12:18:13 - __main__ - INFO - 162 - trainer - [117/190] Loss: 0.4251
2026/08/30 12:18:18 - __main__ - INFO - 162 - trainer - [156/190] Loss: 0.4218
2026/08/30 12:18:22 - __main__ - INFO - 167 - trainer - Average loss in epoch 271: 0.4168
2026/08/30 12:18:22 - __main__ - INFO - 117 - trainer - Epoch: 272
2026/08/30 12:18:22 - __main__ - INFO - 162 - trainer - [0/190] Loss: 0.4390
2026/08/30 12:18:28 - __main__ - INFO - 162 - trainer - [39/190] Loss: 0.3849
2026/08/30 12:18:33 - __main__ - INFO - 162 - trainer - [78/190] Loss: 0.4148
2026/08/30 12:18:38 - __main__ - INFO - 162 - trainer - [117/190] Loss: 0.4115
2026/08/30 12:18:43 - __main__ - INFO - 162 - trainer - [156/190] Loss: 0.4205
2026/08/30 12:18:48 - __main__ - INFO - 167 - trainer - Average loss in epoch 272: 0.4181
2026/08/30 12:18:48 - __main__ - INFO - 117 - trainer - Epoch: 273
2026/08/30 12:18:48 - __main__ - INFO - 162 - trainer - [0/190] Loss: 0.4268
2026/08/30 12:18:53 - __main__ - INFO - 162 - trainer - [39/190] Loss: 0.4400
2026/08/30 12:18:58 - __main__ - INFO - 162 - trainer - [78/190] Loss: 0.4187
2026/08/30 12:19:03 - __main__ - INFO - 162 - trainer - [117/190] Loss: 0.3979
2026/08/30 12:19:08 - __main__ - INFO - 162 - trainer - [156/190] Loss: 0.4303
2026/08/30 12:19:13 - __main__ - INFO - 167 - trainer - Average loss in epoch 273: 0.4195
2026/08/30 12:19:13 - __main__ - INFO - 117 - trainer - Epoch: 274
2026/08/30 12:19:13 - __main__ - INFO - 162 - trainer - [0/190] Loss: 0.4433
2026/08/30 12:19:18 - __main__ - INFO - 162 - trainer - [39/190] Loss: 0.4330
2026/08/30 12:19:23 - __main__ - INFO - 162 - trainer - [78/190] Loss: 0.3926
2026/08/30 12:19:29 - __main__ - INFO - 162 - trainer - [117/190] Loss: 0.4560
2026/08/30 12:19:34 - __main__ - INFO - 162 - trainer - [156/190] Loss: 0.3748
2026/08/30 12:19:38 - __main__ - INFO - 167 - trainer - Average loss in epoch 274: 0.4181
2026/08/30 12:19:38 - __main__ - INFO - 117 - trainer - Epoch: 275
2026/08/30 12:19:38 - __main__ - INFO - 162 - trainer - [0/190] Loss: 0.4275
2026/08/30 12:19:43 - __main__ - INFO - 162 - trainer - [39/190] Loss: 0.4222
2026/08/30 12:19:48 - __main__ - INFO - 162 - trainer - [78/190] Loss: 0.4357
2026/08/30 12:19:54 - __main__ - INFO - 162 - trainer - [117/190] Loss: 0.3990
2026/08/30 12:19:59 - __main__ - INFO - 162 - trainer - [156/190] Loss: 0.4275
2026/08/30 12:20:03 - __main__ - INFO - 167 - trainer - Average loss in epoch 275: 0.4173
2026/08/30 12:20:03 - __main__ - INFO - 117 - trainer - Epoch: 276
2026/08/30 12:20:03 - __main__ - INFO - 162 - trainer - [0/190] Loss: 0.4220
2026/08/30 12:20:08 - __main__ - INFO - 162 - trainer - [39/190] Loss: 0.4438
2026/08/30 12:20:14 - __main__ - INFO - 162 - trainer - [78/190] Loss: 0.4087
2026/08/30 12:20:19 - __main__ - INFO - 162 - trainer - [117/190] Loss: 0.4448
2026/08/30 12:20:24 - __main__ - INFO - 162 - trainer - [156/190] Loss: 0.4208
2026/08/30 12:20:28 - __main__ - INFO - 167 - trainer - Average loss in epoch 276: 0.4159
2026/08/30 12:20:28 - __main__ - INFO - 117 - trainer - Epoch: 277
2026/08/30 12:20:28 - __main__ - INFO - 162 - trainer - [0/190] Loss: 0.4190
2026/08/30 12:20:34 - __main__ - INFO - 162 - trainer - [39/190] Loss: 0.3980
2026/08/30 12:20:39 - __main__ - INFO - 162 - trainer - [78/190] Loss: 0.4452
2026/08/30 12:20:44 - __main__ - INFO - 162 - trainer - [117/190] Loss: 0.4168
2026/08/30 12:20:49 - __main__ - INFO - 162 - trainer - [156/190] Loss: 0.4353
2026/08/30 12:20:53 - __main__ - INFO - 167 - trainer - Average loss in epoch 277: 0.4184
2026/08/30 12:20:53 - __main__ - INFO - 117 - trainer - Epoch: 278
2026/08/30 12:20:53 - __main__ - INFO - 162 - trainer - [0/190] Loss: 0.4324
2026/08/30 12:20:59 - __main__ - INFO - 162 - trainer - [39/190] Loss: 0.4158
2026/08/30 12:21:04 - __main__ - INFO - 162 - trainer - [78/190] Loss: 0.3936
2026/08/30 12:21:09 - __main__ - INFO - 162 - trainer - [117/190] Loss: 0.4488
2026/08/30 12:21:14 - __main__ - INFO - 162 - trainer - [156/190] Loss: 0.3982
2026/08/30 12:21:18 - __main__ - INFO - 167 - trainer - Average loss in epoch 278: 0.4159
2026/08/30 12:21:18 - __main__ - INFO - 117 - trainer - Epoch: 279
2026/08/30 12:21:19 - __main__ - INFO - 162 - trainer - [0/190] Loss: 0.4373
2026/08/30 12:21:24 - __main__ - INFO - 162 - trainer - [39/190] Loss: 0.3974
2026/08/30 12:21:29 - __main__ - INFO - 162 - trainer - [78/190] Loss: 0.4382
2026/08/30 12:21:34 - __main__ - INFO - 162 - trainer - [117/190] Loss: 0.3969
2026/08/30 12:21:39 - __main__ - INFO - 162 - trainer - [156/190] Loss: 0.4558
2026/08/30 12:21:44 - __main__ - INFO - 167 - trainer - Average loss in epoch 279: 0.4190
2026/08/30 12:21:44 - __main__ - INFO - 117 - trainer - Epoch: 280
2026/08/30 12:21:44 - __main__ - INFO - 162 - trainer - [0/190] Loss: 0.4186
2026/08/30 12:21:49 - __main__ - INFO - 162 - trainer - [39/190] Loss: 0.4215
2026/08/30 12:21:54 - __main__ - INFO - 162 - trainer - [78/190] Loss: 0.4139
2026/08/30 12:21:59 - __main__ - INFO - 162 - trainer - [117/190] Loss: 0.3807
2026/08/30 12:22:04 - __main__ - INFO - 162 - trainer - [156/190] Loss: 0.4464
2026/08/30 12:22:09 - __main__ - INFO - 167 - trainer - Average loss in epoch 280: 0.4164
2026/08/30 12:22:09 - __main__ - INFO - 173 - trainer - start predicting: 2026-08-30 12:22:09.090157
2026/08/30 12:22:11 - __main__ - INFO - 203 - trainer - {'Best_HR@5': np.float64(2.6066), 'Best_HR@10': np.float64(4.9386), 'Best_HR@20': np.float64(8.6076), 'Best_NDCG@5': np.float64(1.7152), 'Best_NDCG@10': np.float64(2.4597), 'Best_NDCG@20': np.float64(3.366)}
2026/08/30 12:22:11 - __main__ - INFO - 204 - trainer - {'Best_epoch_HR@5': 280, 'Best_epoch_HR@10': 280, 'Best_epoch_HR@20': 100, 'Best_epoch_NDCG@5': 280, 'Best_epoch_NDCG@10': 280, 'Best_epoch_NDCG@20': 280}
2026/08/30 12:22:11 - __main__ - INFO - 117 - trainer - Epoch: 281
2026/08/30 12:22:11 - __main__ - INFO - 162 - trainer - [0/190] Loss: 0.4113
2026/08/30 12:22:17 - __main__ - INFO - 162 - trainer - [39/190] Loss: 0.3934
2026/08/30 12:22:23 - __main__ - INFO - 162 - trainer - [78/190] Loss: 0.4223
2026/08/30 12:22:28 - __main__ - INFO - 162 - trainer - [117/190] Loss: 0.4071
2026/08/30 12:22:34 - __main__ - INFO - 162 - trainer - [156/190] Loss: 0.4483
2026/08/30 12:22:38 - __main__ - INFO - 167 - trainer - Average loss in epoch 281: 0.4188
2026/08/30 12:22:38 - __main__ - INFO - 117 - trainer - Epoch: 282
2026/08/30 12:22:38 - __main__ - INFO - 162 - trainer - [0/190] Loss: 0.4382
2026/08/30 12:22:44 - __main__ - INFO - 162 - trainer - [39/190] Loss: 0.4449
2026/08/30 12:22:49 - __main__ - INFO - 162 - trainer - [78/190] Loss: 0.4154
2026/08/30 12:22:55 - __main__ - INFO - 162 - trainer - [117/190] Loss: 0.3876
2026/08/30 12:23:00 - __main__ - INFO - 162 - trainer - [156/190] Loss: 0.4509
2026/08/30 12:23:05 - __main__ - INFO - 167 - trainer - Average loss in epoch 282: 0.4171
2026/08/30 12:23:05 - __main__ - INFO - 117 - trainer - Epoch: 283
2026/08/30 12:23:05 - __main__ - INFO - 162 - trainer - [0/190] Loss: 0.4111
2026/08/30 12:23:10 - __main__ - INFO - 162 - trainer - [39/190] Loss: 0.4406
2026/08/30 12:23:16 - __main__ - INFO - 162 - trainer - [78/190] Loss: 0.4352
2026/08/30 12:23:21 - __main__ - INFO - 162 - trainer - [117/190] Loss: 0.4016
2026/08/30 12:23:26 - __main__ - INFO - 162 - trainer - [156/190] Loss: 0.3870
2026/08/30 12:23:30 - __main__ - INFO - 167 - trainer - Average loss in epoch 283: 0.4219
2026/08/30 12:23:30 - __main__ - INFO - 117 - trainer - Epoch: 284
2026/08/30 12:23:30 - __main__ - INFO - 162 - trainer - [0/190] Loss: 0.4287
2026/08/30 12:23:36 - __main__ - INFO - 162 - trainer - [39/190] Loss: 0.4154
2026/08/30 12:23:42 - __main__ - INFO - 162 - trainer - [78/190] Loss: 0.4178
2026/08/30 12:23:47 - __main__ - INFO - 162 - trainer - [117/190] Loss: 0.4541
2026/08/30 12:23:53 - __main__ - INFO - 162 - trainer - [156/190] Loss: 0.4009
2026/08/30 12:23:57 - __main__ - INFO - 167 - trainer - Average loss in epoch 284: 0.4182
2026/08/30 12:23:57 - __main__ - INFO - 117 - trainer - Epoch: 285
2026/08/30 12:23:57 - __main__ - INFO - 162 - trainer - [0/190] Loss: 0.3606
2026/08/30 12:24:03 - __main__ - INFO - 162 - trainer - [39/190] Loss: 0.4271
2026/08/30 12:24:09 - __main__ - INFO - 162 - trainer - [78/190] Loss: 0.4201
2026/08/30 12:24:14 - __main__ - INFO - 162 - trainer - [117/190] Loss: 0.3943
2026/08/30 12:24:20 - __main__ - INFO - 162 - trainer - [156/190] Loss: 0.4183
2026/08/30 12:24:25 - __main__ - INFO - 167 - trainer - Average loss in epoch 285: 0.4160
2026/08/30 12:24:25 - __main__ - INFO - 117 - trainer - Epoch: 286
2026/08/30 12:24:25 - __main__ - INFO - 162 - trainer - [0/190] Loss: 0.4385
2026/08/30 12:24:30 - __main__ - INFO - 162 - trainer - [39/190] Loss: 0.4306
2026/08/30 12:24:36 - __main__ - INFO - 162 - trainer - [78/190] Loss: 0.4573
2026/08/30 12:24:42 - __main__ - INFO - 162 - trainer - [117/190] Loss: 0.4329
2026/08/30 12:24:47 - __main__ - INFO - 162 - trainer - [156/190] Loss: 0.4131
2026/08/30 12:24:52 - __main__ - INFO - 167 - trainer - Average loss in epoch 286: 0.4212
2026/08/30 12:24:52 - __main__ - INFO - 117 - trainer - Epoch: 287
2026/08/30 12:24:52 - __main__ - INFO - 162 - trainer - [0/190] Loss: 0.4193
2026/08/30 12:24:58 - __main__ - INFO - 162 - trainer - [39/190] Loss: 0.4271
2026/08/30 12:25:03 - __main__ - INFO - 162 - trainer - [78/190] Loss: 0.4236
2026/08/30 12:25:09 - __main__ - INFO - 162 - trainer - [117/190] Loss: 0.3955
2026/08/30 12:25:14 - __main__ - INFO - 162 - trainer - [156/190] Loss: 0.4511
2026/08/30 12:25:19 - __main__ - INFO - 167 - trainer - Average loss in epoch 287: 0.4190
2026/08/30 12:25:19 - __main__ - INFO - 117 - trainer - Epoch: 288
2026/08/30 12:25:19 - __main__ - INFO - 162 - trainer - [0/190] Loss: 0.4306
2026/08/30 12:25:25 - __main__ - INFO - 162 - trainer - [39/190] Loss: 0.3898
2026/08/30 12:25:30 - __main__ - INFO - 162 - trainer - [78/190] Loss: 0.3905
2026/08/30 12:25:36 - __main__ - INFO - 162 - trainer - [117/190] Loss: 0.4020
2026/08/30 12:25:41 - __main__ - INFO - 162 - trainer - [156/190] Loss: 0.4308
2026/08/30 12:25:46 - __main__ - INFO - 167 - trainer - Average loss in epoch 288: 0.4147
2026/08/30 12:25:46 - __main__ - INFO - 117 - trainer - Epoch: 289
2026/08/30 12:25:46 - __main__ - INFO - 162 - trainer - [0/190] Loss: 0.4072
2026/08/30 12:25:51 - __main__ - INFO - 162 - trainer - [39/190] Loss: 0.3680
2026/08/30 12:25:57 - __main__ - INFO - 162 - trainer - [78/190] Loss: 0.4537
2026/08/30 12:26:02 - __main__ - INFO - 162 - trainer - [117/190] Loss: 0.3845
2026/08/30 12:26:08 - __main__ - INFO - 162 - trainer - [156/190] Loss: 0.4023
2026/08/30 12:26:13 - __main__ - INFO - 167 - trainer - Average loss in epoch 289: 0.4153
2026/08/30 12:26:13 - __main__ - INFO - 117 - trainer - Epoch: 290
2026/08/30 12:26:13 - __main__ - INFO - 162 - trainer - [0/190] Loss: 0.4130
2026/08/30 12:26:18 - __main__ - INFO - 162 - trainer - [39/190] Loss: 0.4211
2026/08/30 12:26:24 - __main__ - INFO - 162 - trainer - [78/190] Loss: 0.4166
2026/08/30 12:26:30 - __main__ - INFO - 162 - trainer - [117/190] Loss: 0.4171
2026/08/30 12:26:35 - __main__ - INFO - 162 - trainer - [156/190] Loss: 0.4167
2026/08/30 12:26:40 - __main__ - INFO - 167 - trainer - Average loss in epoch 290: 0.4182
2026/08/30 12:26:40 - __main__ - INFO - 117 - trainer - Epoch: 291
2026/08/30 12:26:40 - __main__ - INFO - 162 - trainer - [0/190] Loss: 0.4413
2026/08/30 12:26:46 - __main__ - INFO - 162 - trainer - [39/190] Loss: 0.4232
2026/08/30 12:26:52 - __main__ - INFO - 162 - trainer - [78/190] Loss: 0.4107
2026/08/30 12:26:57 - __main__ - INFO - 162 - trainer - [117/190] Loss: 0.4140
2026/08/30 12:27:03 - __main__ - INFO - 162 - trainer - [156/190] Loss: 0.4365
2026/08/30 12:27:08 - __main__ - INFO - 167 - trainer - Average loss in epoch 291: 0.4182
2026/08/30 12:27:08 - __main__ - INFO - 117 - trainer - Epoch: 292
2026/08/30 12:27:08 - __main__ - INFO - 162 - trainer - [0/190] Loss: 0.3979
2026/08/30 12:27:14 - __main__ - INFO - 162 - trainer - [39/190] Loss: 0.3995
2026/08/30 12:27:20 - __main__ - INFO - 162 - trainer - [78/190] Loss: 0.3953
2026/08/30 12:27:25 - __main__ - INFO - 162 - trainer - [117/190] Loss: 0.3784
2026/08/30 12:27:31 - __main__ - INFO - 162 - trainer - [156/190] Loss: 0.4382
2026/08/30 12:27:36 - __main__ - INFO - 167 - trainer - Average loss in epoch 292: 0.4163
2026/08/30 12:27:36 - __main__ - INFO - 117 - trainer - Epoch: 293
2026/08/30 12:27:36 - __main__ - INFO - 162 - trainer - [0/190] Loss: 0.4670
2026/08/30 12:27:42 - __main__ - INFO - 162 - trainer - [39/190] Loss: 0.4476
2026/08/30 12:27:47 - __main__ - INFO - 162 - trainer - [78/190] Loss: 0.4227
2026/08/30 12:27:53 - __main__ - INFO - 162 - trainer - [117/190] Loss: 0.4119
2026/08/30 12:27:59 - __main__ - INFO - 162 - trainer - [156/190] Loss: 0.4194
2026/08/30 12:28:03 - __main__ - INFO - 167 - trainer - Average loss in epoch 293: 0.4174
2026/08/30 12:28:03 - __main__ - INFO - 117 - trainer - Epoch: 294
2026/08/30 12:28:03 - __main__ - INFO - 162 - trainer - [0/190] Loss: 0.4019
2026/08/30 12:28:09 - __main__ - INFO - 162 - trainer - [39/190] Loss: 0.4098
2026/08/30 12:28:15 - __main__ - INFO - 162 - trainer - [78/190] Loss: 0.3914
2026/08/30 12:28:21 - __main__ - INFO - 162 - trainer - [117/190] Loss: 0.3885
2026/08/30 12:28:26 - __main__ - INFO - 162 - trainer - [156/190] Loss: 0.4195
2026/08/30 12:28:31 - __main__ - INFO - 167 - trainer - Average loss in epoch 294: 0.4174
2026/08/30 12:28:31 - __main__ - INFO - 117 - trainer - Epoch: 295
2026/08/30 12:28:31 - __main__ - INFO - 162 - trainer - [0/190] Loss: 0.4074
2026/08/30 12:28:37 - __main__ - INFO - 162 - trainer - [39/190] Loss: 0.3880
2026/08/30 12:28:42 - __main__ - INFO - 162 - trainer - [78/190] Loss: 0.3885
2026/08/30 12:28:48 - __main__ - INFO - 162 - trainer - [117/190] Loss: 0.4413
2026/08/30 12:28:54 - __main__ - INFO - 162 - trainer - [156/190] Loss: 0.4259
2026/08/30 12:28:58 - __main__ - INFO - 167 - trainer - Average loss in epoch 295: 0.4174
2026/08/30 12:28:58 - __main__ - INFO - 117 - trainer - Epoch: 296
2026/08/30 12:28:58 - __main__ - INFO - 162 - trainer - [0/190] Loss: 0.3996
2026/08/30 12:29:03 - __main__ - INFO - 162 - trainer - [39/190] Loss: 0.3913
2026/08/30 12:29:08 - __main__ - INFO - 162 - trainer - [78/190] Loss: 0.4206
2026/08/30 12:29:14 - __main__ - INFO - 162 - trainer - [117/190] Loss: 0.4253
2026/08/30 12:29:19 - __main__ - INFO - 162 - trainer - [156/190] Loss: 0.4556
2026/08/30 12:29:23 - __main__ - INFO - 167 - trainer - Average loss in epoch 296: 0.4163
2026/08/30 12:29:23 - __main__ - INFO - 117 - trainer - Epoch: 297
2026/08/30 12:29:23 - __main__ - INFO - 162 - trainer - [0/190] Loss: 0.3923
2026/08/30 12:29:29 - __main__ - INFO - 162 - trainer - [39/190] Loss: 0.3854
2026/08/30 12:29:35 - __main__ - INFO - 162 - trainer - [78/190] Loss: 0.3802
2026/08/30 12:29:40 - __main__ - INFO - 162 - trainer - [117/190] Loss: 0.4444
2026/08/30 12:29:46 - __main__ - INFO - 162 - trainer - [156/190] Loss: 0.3898
2026/08/30 12:29:51 - __main__ - INFO - 167 - trainer - Average loss in epoch 297: 0.4188
2026/08/30 12:29:51 - __main__ - INFO - 117 - trainer - Epoch: 298
2026/08/30 12:29:51 - __main__ - INFO - 162 - trainer - [0/190] Loss: 0.4332
2026/08/30 12:29:57 - __main__ - INFO - 162 - trainer - [39/190] Loss: 0.4187
2026/08/30 12:30:02 - __main__ - INFO - 162 - trainer - [78/190] Loss: 0.4131
2026/08/30 12:30:08 - __main__ - INFO - 162 - trainer - [117/190] Loss: 0.4044
2026/08/30 12:30:14 - __main__ - INFO - 162 - trainer - [156/190] Loss: 0.4346
2026/08/30 12:30:18 - __main__ - INFO - 167 - trainer - Average loss in epoch 298: 0.4184
2026/08/30 12:30:18 - __main__ - INFO - 117 - trainer - Epoch: 299
2026/08/30 12:30:18 - __main__ - INFO - 162 - trainer - [0/190] Loss: 0.4341
2026/08/30 12:30:24 - __main__ - INFO - 162 - trainer - [39/190] Loss: 0.4319
2026/08/30 12:30:29 - __main__ - INFO - 162 - trainer - [78/190] Loss: 0.4567
2026/08/30 12:30:35 - __main__ - INFO - 162 - trainer - [117/190] Loss: 0.4153
2026/08/30 12:30:40 - __main__ - INFO - 162 - trainer - [156/190] Loss: 0.4189
2026/08/30 12:30:45 - __main__ - INFO - 167 - trainer - Average loss in epoch 299: 0.4188
2026/08/30 12:30:45 - __main__ - INFO - 117 - trainer - Epoch: 300
2026/08/30 12:30:45 - __main__ - INFO - 162 - trainer - [0/190] Loss: 0.4024
2026/08/30 12:30:51 - __main__ - INFO - 162 - trainer - [39/190] Loss: 0.4231
2026/08/30 12:30:56 - __main__ - INFO - 162 - trainer - [78/190] Loss: 0.4240
2026/08/30 12:31:02 - __main__ - INFO - 162 - trainer - [117/190] Loss: 0.4330
2026/08/30 12:31:07 - __main__ - INFO - 162 - trainer - [156/190] Loss: 0.4318
2026/08/30 12:31:12 - __main__ - INFO - 167 - trainer - Average loss in epoch 300: 0.4173
2026/08/30 12:31:12 - __main__ - INFO - 173 - trainer - start predicting: 2026-08-30 12:31:12.555394
2026/08/30 12:31:14 - __main__ - INFO - 117 - trainer - Epoch: 301
2026/08/30 12:31:15 - __main__ - INFO - 162 - trainer - [0/190] Loss: 0.4088
2026/08/30 12:31:20 - __main__ - INFO - 162 - trainer - [39/190] Loss: 0.3763
2026/08/30 12:31:26 - __main__ - INFO - 162 - trainer - [78/190] Loss: 0.4384
2026/08/30 12:31:31 - __main__ - INFO - 162 - trainer - [117/190] Loss: 0.3962
2026/08/30 12:31:37 - __main__ - INFO - 162 - trainer - [156/190] Loss: 0.4325
2026/08/30 12:31:41 - __main__ - INFO - 167 - trainer - Average loss in epoch 301: 0.4184
2026/08/30 12:31:41 - __main__ - INFO - 117 - trainer - Epoch: 302
2026/08/30 12:31:41 - __main__ - INFO - 162 - trainer - [0/190] Loss: 0.3777
2026/08/30 12:31:47 - __main__ - INFO - 162 - trainer - [39/190] Loss: 0.4068
2026/08/30 12:31:53 - __main__ - INFO - 162 - trainer - [78/190] Loss: 0.3886
2026/08/30 12:31:58 - __main__ - INFO - 162 - trainer - [117/190] Loss: 0.3815
2026/08/30 12:32:04 - __main__ - INFO - 162 - trainer - [156/190] Loss: 0.4350
2026/08/30 12:32:08 - __main__ - INFO - 167 - trainer - Average loss in epoch 302: 0.4178
2026/08/30 12:32:08 - __main__ - INFO - 117 - trainer - Epoch: 303
2026/08/30 12:32:09 - __main__ - INFO - 162 - trainer - [0/190] Loss: 0.4013
2026/08/30 12:32:14 - __main__ - INFO - 162 - trainer - [39/190] Loss: 0.3940
2026/08/30 12:32:20 - __main__ - INFO - 162 - trainer - [78/190] Loss: 0.4122
2026/08/30 12:32:26 - __main__ - INFO - 162 - trainer - [117/190] Loss: 0.4441
2026/08/30 12:32:32 - __main__ - INFO - 162 - trainer - [156/190] Loss: 0.4393
2026/08/30 12:32:36 - __main__ - INFO - 167 - trainer - Average loss in epoch 303: 0.4167
2026/08/30 12:32:36 - __main__ - INFO - 117 - trainer - Epoch: 304
2026/08/30 12:32:36 - __main__ - INFO - 162 - trainer - [0/190] Loss: 0.4280
2026/08/30 12:32:42 - __main__ - INFO - 162 - trainer - [39/190] Loss: 0.4173
2026/08/30 12:32:48 - __main__ - INFO - 162 - trainer - [78/190] Loss: 0.4273
2026/08/30 12:32:53 - __main__ - INFO - 162 - trainer - [117/190] Loss: 0.3675
2026/08/30 12:32:59 - __main__ - INFO - 162 - trainer - [156/190] Loss: 0.4259
2026/08/30 12:33:04 - __main__ - INFO - 167 - trainer - Average loss in epoch 304: 0.4164
2026/08/30 12:33:04 - __main__ - INFO - 117 - trainer - Epoch: 305
2026/08/30 12:33:04 - __main__ - INFO - 162 - trainer - [0/190] Loss: 0.4239
2026/08/30 12:33:09 - __main__ - INFO - 162 - trainer - [39/190] Loss: 0.3923
2026/08/30 12:33:15 - __main__ - INFO - 162 - trainer - [78/190] Loss: 0.4091
2026/08/30 12:33:21 - __main__ - INFO - 162 - trainer - [117/190] Loss: 0.4215
2026/08/30 12:33:26 - __main__ - INFO - 162 - trainer - [156/190] Loss: 0.4171
2026/08/30 12:33:31 - __main__ - INFO - 167 - trainer - Average loss in epoch 305: 0.4179
2026/08/30 12:33:31 - __main__ - INFO - 117 - trainer - Epoch: 306
2026/08/30 12:33:31 - __main__ - INFO - 162 - trainer - [0/190] Loss: 0.4152
2026/08/30 12:33:37 - __main__ - INFO - 162 - trainer - [39/190] Loss: 0.3886
2026/08/30 12:33:42 - __main__ - INFO - 162 - trainer - [78/190] Loss: 0.3920
2026/08/30 12:33:48 - __main__ - INFO - 162 - trainer - [117/190] Loss: 0.3916
2026/08/30 12:33:54 - __main__ - INFO - 162 - trainer - [156/190] Loss: 0.3942
2026/08/30 12:33:58 - __main__ - INFO - 167 - trainer - Average loss in epoch 306: 0.4148
2026/08/30 12:33:58 - __main__ - INFO - 117 - trainer - Epoch: 307
2026/08/30 12:33:58 - __main__ - INFO - 162 - trainer - [0/190] Loss: 0.3867
2026/08/30 12:34:04 - __main__ - INFO - 162 - trainer - [39/190] Loss: 0.3854
2026/08/30 12:34:09 - __main__ - INFO - 162 - trainer - [78/190] Loss: 0.4366
2026/08/30 12:34:15 - __main__ - INFO - 162 - trainer - [117/190] Loss: 0.4472
2026/08/30 12:34:21 - __main__ - INFO - 162 - trainer - [156/190] Loss: 0.3974
2026/08/30 12:34:26 - __main__ - INFO - 167 - trainer - Average loss in epoch 307: 0.4192
2026/08/30 12:34:26 - __main__ - INFO - 117 - trainer - Epoch: 308
2026/08/30 12:34:26 - __main__ - INFO - 162 - trainer - [0/190] Loss: 0.3702
2026/08/30 12:34:31 - __main__ - INFO - 162 - trainer - [39/190] Loss: 0.4149
2026/08/30 12:34:37 - __main__ - INFO - 162 - trainer - [78/190] Loss: 0.4050
2026/08/30 12:34:43 - __main__ - INFO - 162 - trainer - [117/190] Loss: 0.3908
2026/08/30 12:34:48 - __main__ - INFO - 162 - trainer - [156/190] Loss: 0.4048
2026/08/30 12:34:53 - __main__ - INFO - 167 - trainer - Average loss in epoch 308: 0.4132
2026/08/30 12:34:53 - __main__ - INFO - 117 - trainer - Epoch: 309
2026/08/30 12:34:53 - __main__ - INFO - 162 - trainer - [0/190] Loss: 0.4623
2026/08/30 12:34:58 - __main__ - INFO - 162 - trainer - [39/190] Loss: 0.4327
2026/08/30 12:35:04 - __main__ - INFO - 162 - trainer - [78/190] Loss: 0.4453
2026/08/30 12:35:09 - __main__ - INFO - 162 - trainer - [117/190] Loss: 0.4374
2026/08/30 12:35:15 - __main__ - INFO - 162 - trainer - [156/190] Loss: 0.4113
2026/08/30 12:35:19 - __main__ - INFO - 167 - trainer - Average loss in epoch 309: 0.4196
2026/08/30 12:35:19 - __main__ - INFO - 117 - trainer - Epoch: 310
2026/08/30 12:35:19 - __main__ - INFO - 162 - trainer - [0/190] Loss: 0.4094
2026/08/30 12:35:25 - __main__ - INFO - 162 - trainer - [39/190] Loss: 0.3911
2026/08/30 12:35:31 - __main__ - INFO - 162 - trainer - [78/190] Loss: 0.4170
2026/08/30 12:35:36 - __main__ - INFO - 162 - trainer - [117/190] Loss: 0.4136
2026/08/30 12:35:42 - __main__ - INFO - 162 - trainer - [156/190] Loss: 0.4446
2026/08/30 12:35:47 - __main__ - INFO - 167 - trainer - Average loss in epoch 310: 0.4179
2026/08/30 12:35:47 - __main__ - INFO - 117 - trainer - Epoch: 311
2026/08/30 12:35:47 - __main__ - INFO - 162 - trainer - [0/190] Loss: 0.4113
2026/08/30 12:35:52 - __main__ - INFO - 162 - trainer - [39/190] Loss: 0.4250
2026/08/30 12:35:57 - __main__ - INFO - 162 - trainer - [78/190] Loss: 0.4467
2026/08/30 12:36:02 - __main__ - INFO - 162 - trainer - [117/190] Loss: 0.4437
2026/08/30 12:36:07 - __main__ - INFO - 162 - trainer - [156/190] Loss: 0.4361
2026/08/30 12:36:12 - __main__ - INFO - 167 - trainer - Average loss in epoch 311: 0.4206
2026/08/30 12:36:12 - __main__ - INFO - 117 - trainer - Epoch: 312
2026/08/30 12:36:12 - __main__ - INFO - 162 - trainer - [0/190] Loss: 0.3982
2026/08/30 12:36:17 - __main__ - INFO - 162 - trainer - [39/190] Loss: 0.4131
2026/08/30 12:36:23 - __main__ - INFO - 162 - trainer - [78/190] Loss: 0.4356
2026/08/30 12:36:28 - __main__ - INFO - 162 - trainer - [117/190] Loss: 0.3679
2026/08/30 12:36:34 - __main__ - INFO - 162 - trainer - [156/190] Loss: 0.3999
2026/08/30 12:36:38 - __main__ - INFO - 167 - trainer - Average loss in epoch 312: 0.4188
2026/08/30 12:36:38 - __main__ - INFO - 117 - trainer - Epoch: 313
2026/08/30 12:36:39 - __main__ - INFO - 162 - trainer - [0/190] Loss: 0.4079
2026/08/30 12:36:44 - __main__ - INFO - 162 - trainer - [39/190] Loss: 0.4402
2026/08/30 12:36:49 - __main__ - INFO - 162 - trainer - [78/190] Loss: 0.4610
2026/08/30 12:36:54 - __main__ - INFO - 162 - trainer - [117/190] Loss: 0.4006
2026/08/30 12:36:59 - __main__ - INFO - 162 - trainer - [156/190] Loss: 0.4333
2026/08/30 12:37:03 - __main__ - INFO - 167 - trainer - Average loss in epoch 313: 0.4207
2026/08/30 12:37:03 - __main__ - INFO - 117 - trainer - Epoch: 314
2026/08/30 12:37:04 - __main__ - INFO - 162 - trainer - [0/190] Loss: 0.4105
2026/08/30 12:37:09 - __main__ - INFO - 162 - trainer - [39/190] Loss: 0.4270
2026/08/30 12:37:15 - __main__ - INFO - 162 - trainer - [78/190] Loss: 0.3677
2026/08/30 12:37:21 - __main__ - INFO - 162 - trainer - [117/190] Loss: 0.4444
2026/08/30 12:37:26 - __main__ - INFO - 162 - trainer - [156/190] Loss: 0.4345
2026/08/30 12:37:31 - __main__ - INFO - 167 - trainer - Average loss in epoch 314: 0.4176
2026/08/30 12:37:31 - __main__ - INFO - 117 - trainer - Epoch: 315
2026/08/30 12:37:31 - __main__ - INFO - 162 - trainer - [0/190] Loss: 0.3979
2026/08/30 12:37:37 - __main__ - INFO - 162 - trainer - [39/190] Loss: 0.4407
2026/08/30 12:37:42 - __main__ - INFO - 162 - trainer - [78/190] Loss: 0.4159
2026/08/30 12:37:48 - __main__ - INFO - 162 - trainer - [117/190] Loss: 0.3761
2026/08/30 12:37:53 - __main__ - INFO - 162 - trainer - [156/190] Loss: 0.4052
2026/08/30 12:37:58 - __main__ - INFO - 167 - trainer - Average loss in epoch 315: 0.4185
2026/08/30 12:37:58 - __main__ - INFO - 117 - trainer - Epoch: 316
2026/08/30 12:37:58 - __main__ - INFO - 162 - trainer - [0/190] Loss: 0.4014
2026/08/30 12:38:03 - __main__ - INFO - 162 - trainer - [39/190] Loss: 0.4075
2026/08/30 12:38:09 - __main__ - INFO - 162 - trainer - [78/190] Loss: 0.3859
2026/08/30 12:38:15 - __main__ - INFO - 162 - trainer - [117/190] Loss: 0.3970
2026/08/30 12:38:20 - __main__ - INFO - 162 - trainer - [156/190] Loss: 0.4554
2026/08/30 12:38:25 - __main__ - INFO - 167 - trainer - Average loss in epoch 316: 0.4172
2026/08/30 12:38:25 - __main__ - INFO - 117 - trainer - Epoch: 317
2026/08/30 12:38:25 - __main__ - INFO - 162 - trainer - [0/190] Loss: 0.4177
2026/08/30 12:38:31 - __main__ - INFO - 162 - trainer - [39/190] Loss: 0.4471
2026/08/30 12:38:36 - __main__ - INFO - 162 - trainer - [78/190] Loss: 0.4616
2026/08/30 12:38:42 - __main__ - INFO - 162 - trainer - [117/190] Loss: 0.4331
2026/08/30 12:38:48 - __main__ - INFO - 162 - trainer - [156/190] Loss: 0.4052
2026/08/30 12:38:52 - __main__ - INFO - 167 - trainer - Average loss in epoch 317: 0.4176
2026/08/30 12:38:52 - __main__ - INFO - 117 - trainer - Epoch: 318
2026/08/30 12:38:53 - __main__ - INFO - 162 - trainer - [0/190] Loss: 0.4276
2026/08/30 12:38:58 - __main__ - INFO - 162 - trainer - [39/190] Loss: 0.4345
2026/08/30 12:39:04 - __main__ - INFO - 162 - trainer - [78/190] Loss: 0.4150
2026/08/30 12:39:09 - __main__ - INFO - 162 - trainer - [117/190] Loss: 0.4470
2026/08/30 12:39:15 - __main__ - INFO - 162 - trainer - [156/190] Loss: 0.4052
2026/08/30 12:39:20 - __main__ - INFO - 167 - trainer - Average loss in epoch 318: 0.4182
2026/08/30 12:39:20 - __main__ - INFO - 117 - trainer - Epoch: 319
2026/08/30 12:39:20 - __main__ - INFO - 162 - trainer - [0/190] Loss: 0.3848
2026/08/30 12:39:25 - __main__ - INFO - 162 - trainer - [39/190] Loss: 0.4375
2026/08/30 12:39:31 - __main__ - INFO - 162 - trainer - [78/190] Loss: 0.4481
2026/08/30 12:39:36 - __main__ - INFO - 162 - trainer - [117/190] Loss: 0.3998
2026/08/30 12:39:42 - __main__ - INFO - 162 - trainer - [156/190] Loss: 0.3739
2026/08/30 12:39:46 - __main__ - INFO - 167 - trainer - Average loss in epoch 319: 0.4191
2026/08/30 12:39:46 - __main__ - INFO - 117 - trainer - Epoch: 320
2026/08/30 12:39:47 - __main__ - INFO - 162 - trainer - [0/190] Loss: 0.4342
2026/08/30 12:39:52 - __main__ - INFO - 162 - trainer - [39/190] Loss: 0.4290
2026/08/30 12:39:57 - __main__ - INFO - 162 - trainer - [78/190] Loss: 0.3975
2026/08/30 12:40:03 - __main__ - INFO - 162 - trainer - [117/190] Loss: 0.4493
2026/08/30 12:40:08 - __main__ - INFO - 162 - trainer - [156/190] Loss: 0.3981
2026/08/30 12:40:13 - __main__ - INFO - 167 - trainer - Average loss in epoch 320: 0.4156
2026/08/30 12:40:13 - __main__ - INFO - 173 - trainer - start predicting: 2026-08-30 12:40:13.026714
2026/08/30 12:40:15 - __main__ - INFO - 117 - trainer - Epoch: 321
2026/08/30 12:40:15 - __main__ - INFO - 162 - trainer - [0/190] Loss: 0.4107
2026/08/30 12:40:21 - __main__ - INFO - 162 - trainer - [39/190] Loss: 0.4004
2026/08/30 12:40:26 - __main__ - INFO - 162 - trainer - [78/190] Loss: 0.4587
2026/08/30 12:40:31 - __main__ - INFO - 162 - trainer - [117/190] Loss: 0.4057
2026/08/30 12:40:36 - __main__ - INFO - 162 - trainer - [156/190] Loss: 0.4001
2026/08/30 12:40:41 - __main__ - INFO - 167 - trainer - Average loss in epoch 321: 0.4174
2026/08/30 12:40:41 - __main__ - INFO - 117 - trainer - Epoch: 322
2026/08/30 12:40:41 - __main__ - INFO - 162 - trainer - [0/190] Loss: 0.4389
2026/08/30 12:40:46 - __main__ - INFO - 162 - trainer - [39/190] Loss: 0.4435
2026/08/30 12:40:51 - __main__ - INFO - 162 - trainer - [78/190] Loss: 0.4024
2026/08/30 12:40:56 - __main__ - INFO - 162 - trainer - [117/190] Loss: 0.4122
2026/08/30 12:41:01 - __main__ - INFO - 162 - trainer - [156/190] Loss: 0.3748
2026/08/30 12:41:06 - __main__ - INFO - 167 - trainer - Average loss in epoch 322: 0.4156
2026/08/30 12:41:06 - __main__ - INFO - 117 - trainer - Epoch: 323
2026/08/30 12:41:06 - __main__ - INFO - 162 - trainer - [0/190] Loss: 0.4095
2026/08/30 12:41:11 - __main__ - INFO - 162 - trainer - [39/190] Loss: 0.3985
2026/08/30 12:41:16 - __main__ - INFO - 162 - trainer - [78/190] Loss: 0.4338
2026/08/30 12:41:21 - __main__ - INFO - 162 - trainer - [117/190] Loss: 0.4437
2026/08/30 12:41:27 - __main__ - INFO - 162 - trainer - [156/190] Loss: 0.3914
2026/08/30 12:41:31 - __main__ - INFO - 167 - trainer - Average loss in epoch 323: 0.4200
2026/08/30 12:41:31 - __main__ - INFO - 117 - trainer - Epoch: 324
2026/08/30 12:41:31 - __main__ - INFO - 162 - trainer - [0/190] Loss: 0.4246
2026/08/30 12:41:36 - __main__ - INFO - 162 - trainer - [39/190] Loss: 0.4271
2026/08/30 12:41:42 - __main__ - INFO - 162 - trainer - [78/190] Loss: 0.3773
2026/08/30 12:41:48 - __main__ - INFO - 162 - trainer - [117/190] Loss: 0.4569
2026/08/30 12:41:53 - __main__ - INFO - 162 - trainer - [156/190] Loss: 0.4104
2026/08/30 12:41:58 - __main__ - INFO - 167 - trainer - Average loss in epoch 324: 0.4188
2026/08/30 12:41:58 - __main__ - INFO - 117 - trainer - Epoch: 325
2026/08/30 12:41:58 - __main__ - INFO - 162 - trainer - [0/190] Loss: 0.4056
2026/08/30 12:42:04 - __main__ - INFO - 162 - trainer - [39/190] Loss: 0.4352
2026/08/30 12:42:09 - __main__ - INFO - 162 - trainer - [78/190] Loss: 0.4355
2026/08/30 12:42:14 - __main__ - INFO - 162 - trainer - [117/190] Loss: 0.4496
2026/08/30 12:42:20 - __main__ - INFO - 162 - trainer - [156/190] Loss: 0.4325
2026/08/30 12:42:25 - __main__ - INFO - 167 - trainer - Average loss in epoch 325: 0.4178
2026/08/30 12:42:25 - __main__ - INFO - 117 - trainer - Epoch: 326
2026/08/30 12:42:25 - __main__ - INFO - 162 - trainer - [0/190] Loss: 0.4134
2026/08/30 12:42:30 - __main__ - INFO - 162 - trainer - [39/190] Loss: 0.3997
2026/08/30 12:42:35 - __main__ - INFO - 162 - trainer - [78/190] Loss: 0.4305
2026/08/30 12:42:40 - __main__ - INFO - 162 - trainer - [117/190] Loss: 0.4199
2026/08/30 12:42:45 - __main__ - INFO - 162 - trainer - [156/190] Loss: 0.3984
2026/08/30 12:42:49 - __main__ - INFO - 167 - trainer - Average loss in epoch 326: 0.4196
2026/08/30 12:42:49 - __main__ - INFO - 117 - trainer - Epoch: 327
2026/08/30 12:42:49 - __main__ - INFO - 162 - trainer - [0/190] Loss: 0.4212
2026/08/30 12:42:55 - __main__ - INFO - 162 - trainer - [39/190] Loss: 0.3739
2026/08/30 12:43:00 - __main__ - INFO - 162 - trainer - [78/190] Loss: 0.4284
2026/08/30 12:43:06 - __main__ - INFO - 162 - trainer - [117/190] Loss: 0.4525
2026/08/30 12:43:11 - __main__ - INFO - 162 - trainer - [156/190] Loss: 0.4623
2026/08/30 12:43:16 - __main__ - INFO - 167 - trainer - Average loss in epoch 327: 0.4212
2026/08/30 12:43:16 - __main__ - INFO - 117 - trainer - Epoch: 328
2026/08/30 12:43:16 - __main__ - INFO - 162 - trainer - [0/190] Loss: 0.4477
2026/08/30 12:43:22 - __main__ - INFO - 162 - trainer - [39/190] Loss: 0.4079
2026/08/30 12:43:27 - __main__ - INFO - 162 - trainer - [78/190] Loss: 0.4085
2026/08/30 12:43:33 - __main__ - INFO - 162 - trainer - [117/190] Loss: 0.4339
2026/08/30 12:43:38 - __main__ - INFO - 162 - trainer - [156/190] Loss: 0.4403
2026/08/30 12:43:43 - __main__ - INFO - 167 - trainer - Average loss in epoch 328: 0.4201
2026/08/30 12:43:43 - __main__ - INFO - 117 - trainer - Epoch: 329
2026/08/30 12:43:43 - __main__ - INFO - 162 - trainer - [0/190] Loss: 0.3859
2026/08/30 12:43:48 - __main__ - INFO - 162 - trainer - [39/190] Loss: 0.4492
2026/08/30 12:43:54 - __main__ - INFO - 162 - trainer - [78/190] Loss: 0.3935
2026/08/30 12:43:59 - __main__ - INFO - 162 - trainer - [117/190] Loss: 0.4251
2026/08/30 12:44:05 - __main__ - INFO - 162 - trainer - [156/190] Loss: 0.3979
2026/08/30 12:44:10 - __main__ - INFO - 167 - trainer - Average loss in epoch 329: 0.4157
2026/08/30 12:44:10 - __main__ - INFO - 117 - trainer - Epoch: 330
2026/08/30 12:44:10 - __main__ - INFO - 162 - trainer - [0/190] Loss: 0.3911
2026/08/30 12:44:16 - __main__ - INFO - 162 - trainer - [39/190] Loss: 0.4372
2026/08/30 12:44:21 - __main__ - INFO - 162 - trainer - [78/190] Loss: 0.3900
2026/08/30 12:44:27 - __main__ - INFO - 162 - trainer - [117/190] Loss: 0.4111
2026/08/30 12:44:32 - __main__ - INFO - 162 - trainer - [156/190] Loss: 0.3953
2026/08/30 12:44:37 - __main__ - INFO - 167 - trainer - Average loss in epoch 330: 0.4150
2026/08/30 12:44:37 - __main__ - INFO - 117 - trainer - Epoch: 331
2026/08/30 12:44:37 - __main__ - INFO - 162 - trainer - [0/190] Loss: 0.4047
2026/08/30 12:44:42 - __main__ - INFO - 162 - trainer - [39/190] Loss: 0.4152
2026/08/30 12:44:47 - __main__ - INFO - 162 - trainer - [78/190] Loss: 0.4254
2026/08/30 12:44:52 - __main__ - INFO - 162 - trainer - [117/190] Loss: 0.3975
2026/08/30 12:44:57 - __main__ - INFO - 162 - trainer - [156/190] Loss: 0.4440
2026/08/30 12:45:02 - __main__ - INFO - 167 - trainer - Average loss in epoch 331: 0.4172
2026/08/30 12:45:02 - __main__ - INFO - 117 - trainer - Epoch: 332
2026/08/30 12:45:02 - __main__ - INFO - 162 - trainer - [0/190] Loss: 0.3923
2026/08/30 12:45:07 - __main__ - INFO - 162 - trainer - [39/190] Loss: 0.3868
2026/08/30 12:45:13 - __main__ - INFO - 162 - trainer - [78/190] Loss: 0.3669
2026/08/30 12:45:18 - __main__ - INFO - 162 - trainer - [117/190] Loss: 0.4021
2026/08/30 12:45:24 - __main__ - INFO - 162 - trainer - [156/190] Loss: 0.4139
2026/08/30 12:45:29 - __main__ - INFO - 167 - trainer - Average loss in epoch 332: 0.4187
2026/08/30 12:45:29 - __main__ - INFO - 117 - trainer - Epoch: 333
2026/08/30 12:45:29 - __main__ - INFO - 162 - trainer - [0/190] Loss: 0.4430
2026/08/30 12:45:34 - __main__ - INFO - 162 - trainer - [39/190] Loss: 0.4262
2026/08/30 12:45:40 - __main__ - INFO - 162 - trainer - [78/190] Loss: 0.4117
2026/08/30 12:45:46 - __main__ - INFO - 162 - trainer - [117/190] Loss: 0.4214
2026/08/30 12:45:51 - __main__ - INFO - 162 - trainer - [156/190] Loss: 0.4078
2026/08/30 12:45:56 - __main__ - INFO - 167 - trainer - Average loss in epoch 333: 0.4185
2026/08/30 12:45:56 - __main__ - INFO - 117 - trainer - Epoch: 334
2026/08/30 12:45:56 - __main__ - INFO - 162 - trainer - [0/190] Loss: 0.4377
2026/08/30 12:46:01 - __main__ - INFO - 162 - trainer - [39/190] Loss: 0.4072
2026/08/30 12:46:06 - __main__ - INFO - 162 - trainer - [78/190] Loss: 0.4039
2026/08/30 12:46:12 - __main__ - INFO - 162 - trainer - [117/190] Loss: 0.4232
2026/08/30 12:46:17 - __main__ - INFO - 162 - trainer - [156/190] Loss: 0.4467
2026/08/30 12:46:22 - __main__ - INFO - 167 - trainer - Average loss in epoch 334: 0.4175
2026/08/30 12:46:22 - __main__ - INFO - 117 - trainer - Epoch: 335
2026/08/30 12:46:22 - __main__ - INFO - 162 - trainer - [0/190] Loss: 0.4067
2026/08/30 12:46:27 - __main__ - INFO - 162 - trainer - [39/190] Loss: 0.3856
2026/08/30 12:46:33 - __main__ - INFO - 162 - trainer - [78/190] Loss: 0.3934
2026/08/30 12:46:38 - __main__ - INFO - 162 - trainer - [117/190] Loss: 0.3762
2026/08/30 12:46:44 - __main__ - INFO - 162 - trainer - [156/190] Loss: 0.4323
2026/08/30 12:46:49 - __main__ - INFO - 167 - trainer - Average loss in epoch 335: 0.4163
2026/08/30 12:46:49 - __main__ - INFO - 117 - trainer - Epoch: 336
2026/08/30 12:46:49 - __main__ - INFO - 162 - trainer - [0/190] Loss: 0.4595
2026/08/30 12:46:54 - __main__ - INFO - 162 - trainer - [39/190] Loss: 0.3833
2026/08/30 12:46:59 - __main__ - INFO - 162 - trainer - [78/190] Loss: 0.3747
2026/08/30 12:47:04 - __main__ - INFO - 162 - trainer - [117/190] Loss: 0.4163
2026/08/30 12:47:10 - __main__ - INFO - 162 - trainer - [156/190] Loss: 0.4089
2026/08/30 12:47:14 - __main__ - INFO - 167 - trainer - Average loss in epoch 336: 0.4205
2026/08/30 12:47:14 - __main__ - INFO - 117 - trainer - Epoch: 337
2026/08/30 12:47:14 - __main__ - INFO - 162 - trainer - [0/190] Loss: 0.3705
2026/08/30 12:47:20 - __main__ - INFO - 162 - trainer - [39/190] Loss: 0.4276
2026/08/30 12:47:25 - __main__ - INFO - 162 - trainer - [78/190] Loss: 0.3894
2026/08/30 12:47:31 - __main__ - INFO - 162 - trainer - [117/190] Loss: 0.4229
2026/08/30 12:47:36 - __main__ - INFO - 162 - trainer - [156/190] Loss: 0.4026
2026/08/30 12:47:41 - __main__ - INFO - 167 - trainer - Average loss in epoch 337: 0.4178
2026/08/30 12:47:41 - __main__ - INFO - 117 - trainer - Epoch: 338
2026/08/30 12:47:41 - __main__ - INFO - 162 - trainer - [0/190] Loss: 0.3826
2026/08/30 12:47:47 - __main__ - INFO - 162 - trainer - [39/190] Loss: 0.4499
2026/08/30 12:47:52 - __main__ - INFO - 162 - trainer - [78/190] Loss: 0.3908
2026/08/30 12:47:57 - __main__ - INFO - 162 - trainer - [117/190] Loss: 0.4802
2026/08/30 12:48:03 - __main__ - INFO - 162 - trainer - [156/190] Loss: 0.4239
2026/08/30 12:48:07 - __main__ - INFO - 167 - trainer - Average loss in epoch 338: 0.4170
2026/08/30 12:48:07 - __main__ - INFO - 117 - trainer - Epoch: 339
2026/08/30 12:48:07 - __main__ - INFO - 162 - trainer - [0/190] Loss: 0.3797
2026/08/30 12:48:13 - __main__ - INFO - 162 - trainer - [39/190] Loss: 0.4079
2026/08/30 12:48:18 - __main__ - INFO - 162 - trainer - [78/190] Loss: 0.4249
2026/08/30 12:48:23 - __main__ - INFO - 162 - trainer - [117/190] Loss: 0.4961
2026/08/30 12:48:28 - __main__ - INFO - 162 - trainer - [156/190] Loss: 0.3960
2026/08/30 12:48:32 - __main__ - INFO - 167 - trainer - Average loss in epoch 339: 0.4175
2026/08/30 12:48:32 - __main__ - INFO - 117 - trainer - Epoch: 340
2026/08/30 12:48:32 - __main__ - INFO - 162 - trainer - [0/190] Loss: 0.4048
2026/08/30 12:48:38 - __main__ - INFO - 162 - trainer - [39/190] Loss: 0.4312
2026/08/30 12:48:43 - __main__ - INFO - 162 - trainer - [78/190] Loss: 0.4127
2026/08/30 12:48:49 - __main__ - INFO - 162 - trainer - [117/190] Loss: 0.4432
2026/08/30 12:48:55 - __main__ - INFO - 162 - trainer - [156/190] Loss: 0.3945
2026/08/30 12:48:59 - __main__ - INFO - 167 - trainer - Average loss in epoch 340: 0.4167
2026/08/30 12:48:59 - __main__ - INFO - 173 - trainer - start predicting: 2026-08-30 12:48:59.958154
2026/08/30 12:49:02 - __main__ - INFO - 117 - trainer - Epoch: 341
2026/08/30 12:49:03 - __main__ - INFO - 162 - trainer - [0/190] Loss: 0.4396
2026/08/30 12:49:08 - __main__ - INFO - 162 - trainer - [39/190] Loss: 0.4035
2026/08/30 12:49:13 - __main__ - INFO - 162 - trainer - [78/190] Loss: 0.4159
2026/08/30 12:49:18 - __main__ - INFO - 162 - trainer - [117/190] Loss: 0.3973
2026/08/30 12:49:23 - __main__ - INFO - 162 - trainer - [156/190] Loss: 0.4031
2026/08/30 12:49:27 - __main__ - INFO - 167 - trainer - Average loss in epoch 341: 0.4175
2026/08/30 12:49:27 - __main__ - INFO - 117 - trainer - Epoch: 342
2026/08/30 12:49:28 - __main__ - INFO - 162 - trainer - [0/190] Loss: 0.4204
2026/08/30 12:49:33 - __main__ - INFO - 162 - trainer - [39/190] Loss: 0.4057
2026/08/30 12:49:39 - __main__ - INFO - 162 - trainer - [78/190] Loss: 0.3956
2026/08/30 12:49:44 - __main__ - INFO - 162 - trainer - [117/190] Loss: 0.4332
2026/08/30 12:49:50 - __main__ - INFO - 162 - trainer - [156/190] Loss: 0.4105
2026/08/30 12:49:55 - __main__ - INFO - 167 - trainer - Average loss in epoch 342: 0.4164
2026/08/30 12:49:55 - __main__ - INFO - 117 - trainer - Epoch: 343
2026/08/30 12:49:55 - __main__ - INFO - 162 - trainer - [0/190] Loss: 0.4208
2026/08/30 12:50:00 - __main__ - INFO - 162 - trainer - [39/190] Loss: 0.4439
2026/08/30 12:50:06 - __main__ - INFO - 162 - trainer - [78/190] Loss: 0.3848
2026/08/30 12:50:11 - __main__ - INFO - 162 - trainer - [117/190] Loss: 0.3997
2026/08/30 12:50:17 - __main__ - INFO - 162 - trainer - [156/190] Loss: 0.3824
2026/08/30 12:50:22 - __main__ - INFO - 167 - trainer - Average loss in epoch 343: 0.4178
2026/08/30 12:50:22 - __main__ - INFO - 117 - trainer - Epoch: 344
2026/08/30 12:50:22 - __main__ - INFO - 162 - trainer - [0/190] Loss: 0.3751
2026/08/30 12:50:27 - __main__ - INFO - 162 - trainer - [39/190] Loss: 0.4113
2026/08/30 12:50:32 - __main__ - INFO - 162 - trainer - [78/190] Loss: 0.4374
2026/08/30 12:50:37 - __main__ - INFO - 162 - trainer - [117/190] Loss: 0.3982
2026/08/30 12:50:42 - __main__ - INFO - 162 - trainer - [156/190] Loss: 0.3890
2026/08/30 12:50:47 - __main__ - INFO - 167 - trainer - Average loss in epoch 344: 0.4159
2026/08/30 12:50:47 - __main__ - INFO - 117 - trainer - Epoch: 345
2026/08/30 12:50:47 - __main__ - INFO - 162 - trainer - [0/190] Loss: 0.4148
2026/08/30 12:50:52 - __main__ - INFO - 162 - trainer - [39/190] Loss: 0.4087
2026/08/30 12:50:58 - __main__ - INFO - 162 - trainer - [78/190] Loss: 0.4172
2026/08/30 12:51:04 - __main__ - INFO - 162 - trainer - [117/190] Loss: 0.4238
2026/08/30 12:51:09 - __main__ - INFO - 162 - trainer - [156/190] Loss: 0.4128
2026/08/30 12:51:14 - __main__ - INFO - 167 - trainer - Average loss in epoch 345: 0.4152
2026/08/30 12:51:14 - __main__ - INFO - 117 - trainer - Epoch: 346
2026/08/30 12:51:14 - __main__ - INFO - 162 - trainer - [0/190] Loss: 0.4372
2026/08/30 12:51:20 - __main__ - INFO - 162 - trainer - [39/190] Loss: 0.4143
2026/08/30 12:51:26 - __main__ - INFO - 162 - trainer - [78/190] Loss: 0.4353
2026/08/30 12:51:31 - __main__ - INFO - 162 - trainer - [117/190] Loss: 0.3951
2026/08/30 12:51:37 - __main__ - INFO - 162 - trainer - [156/190] Loss: 0.4004
2026/08/30 12:51:42 - __main__ - INFO - 167 - trainer - Average loss in epoch 346: 0.4155
2026/08/30 12:51:42 - __main__ - INFO - 117 - trainer - Epoch: 347
2026/08/30 12:51:42 - __main__ - INFO - 162 - trainer - [0/190] Loss: 0.4370
2026/08/30 12:51:47 - __main__ - INFO - 162 - trainer - [39/190] Loss: 0.4431
2026/08/30 12:51:53 - __main__ - INFO - 162 - trainer - [78/190] Loss: 0.4098
2026/08/30 12:51:58 - __main__ - INFO - 162 - trainer - [117/190] Loss: 0.4182
2026/08/30 12:52:03 - __main__ - INFO - 162 - trainer - [156/190] Loss: 0.4411
2026/08/30 12:52:08 - __main__ - INFO - 167 - trainer - Average loss in epoch 347: 0.4201
2026/08/30 12:52:08 - __main__ - INFO - 117 - trainer - Epoch: 348
2026/08/30 12:52:08 - __main__ - INFO - 162 - trainer - [0/190] Loss: 0.4330
2026/08/30 12:52:13 - __main__ - INFO - 162 - trainer - [39/190] Loss: 0.4009
2026/08/30 12:52:19 - __main__ - INFO - 162 - trainer - [78/190] Loss: 0.4384
2026/08/30 12:52:25 - __main__ - INFO - 162 - trainer - [117/190] Loss: 0.3826
2026/08/30 12:52:30 - __main__ - INFO - 162 - trainer - [156/190] Loss: 0.4007
2026/08/30 12:52:35 - __main__ - INFO - 167 - trainer - Average loss in epoch 348: 0.4176
2026/08/30 12:52:35 - __main__ - INFO - 117 - trainer - Epoch: 349
2026/08/30 12:52:35 - __main__ - INFO - 162 - trainer - [0/190] Loss: 0.4132
2026/08/30 12:52:41 - __main__ - INFO - 162 - trainer - [39/190] Loss: 0.4187
2026/08/30 12:52:47 - __main__ - INFO - 162 - trainer - [78/190] Loss: 0.4414
2026/08/30 12:52:52 - __main__ - INFO - 162 - trainer - [117/190] Loss: 0.4181
2026/08/30 12:52:58 - __main__ - INFO - 162 - trainer - [156/190] Loss: 0.4281
2026/08/30 12:53:03 - __main__ - INFO - 167 - trainer - Average loss in epoch 349: 0.4160
2026/08/30 12:53:03 - __main__ - INFO - 117 - trainer - Epoch: 350
2026/08/30 12:53:03 - __main__ - INFO - 162 - trainer - [0/190] Loss: 0.4157
2026/08/30 12:53:08 - __main__ - INFO - 162 - trainer - [39/190] Loss: 0.4327
2026/08/30 12:53:14 - __main__ - INFO - 162 - trainer - [78/190] Loss: 0.4158
2026/08/30 12:53:20 - __main__ - INFO - 162 - trainer - [117/190] Loss: 0.4066
2026/08/30 12:53:25 - __main__ - INFO - 162 - trainer - [156/190] Loss: 0.4294
2026/08/30 12:53:30 - __main__ - INFO - 167 - trainer - Average loss in epoch 350: 0.4181
2026/08/30 12:53:30 - __main__ - INFO - 117 - trainer - Epoch: 351
2026/08/30 12:53:30 - __main__ - INFO - 162 - trainer - [0/190] Loss: 0.4031
2026/08/30 12:53:36 - __main__ - INFO - 162 - trainer - [39/190] Loss: 0.3953
2026/08/30 12:53:41 - __main__ - INFO - 162 - trainer - [78/190] Loss: 0.4055
2026/08/30 12:53:47 - __main__ - INFO - 162 - trainer - [117/190] Loss: 0.4737
2026/08/30 12:53:52 - __main__ - INFO - 162 - trainer - [156/190] Loss: 0.4032
2026/08/30 12:53:57 - __main__ - INFO - 167 - trainer - Average loss in epoch 351: 0.4202
2026/08/30 12:53:57 - __main__ - INFO - 117 - trainer - Epoch: 352
2026/08/30 12:53:57 - __main__ - INFO - 162 - trainer - [0/190] Loss: 0.4161
2026/08/30 12:54:03 - __main__ - INFO - 162 - trainer - [39/190] Loss: 0.3644
2026/08/30 12:54:08 - __main__ - INFO - 162 - trainer - [78/190] Loss: 0.4502
2026/08/30 12:54:14 - __main__ - INFO - 162 - trainer - [117/190] Loss: 0.4464
2026/08/30 12:54:20 - __main__ - INFO - 162 - trainer - [156/190] Loss: 0.4066
2026/08/30 12:54:24 - __main__ - INFO - 167 - trainer - Average loss in epoch 352: 0.4209
2026/08/30 12:54:24 - __main__ - INFO - 117 - trainer - Epoch: 353
2026/08/30 12:54:25 - __main__ - INFO - 162 - trainer - [0/190] Loss: 0.4235
2026/08/30 12:54:30 - __main__ - INFO - 162 - trainer - [39/190] Loss: 0.3822
2026/08/30 12:54:36 - __main__ - INFO - 162 - trainer - [78/190] Loss: 0.3958
2026/08/30 12:54:42 - __main__ - INFO - 162 - trainer - [117/190] Loss: 0.4128
2026/08/30 12:54:47 - __main__ - INFO - 162 - trainer - [156/190] Loss: 0.4098
2026/08/30 12:54:52 - __main__ - INFO - 167 - trainer - Average loss in epoch 353: 0.4167
2026/08/30 12:54:52 - __main__ - INFO - 117 - trainer - Epoch: 354
2026/08/30 12:54:52 - __main__ - INFO - 162 - trainer - [0/190] Loss: 0.3991
2026/08/30 12:54:58 - __main__ - INFO - 162 - trainer - [39/190] Loss: 0.4759
2026/08/30 12:55:03 - __main__ - INFO - 162 - trainer - [78/190] Loss: 0.3483
2026/08/30 12:55:09 - __main__ - INFO - 162 - trainer - [117/190] Loss: 0.4248
2026/08/30 12:55:14 - __main__ - INFO - 162 - trainer - [156/190] Loss: 0.4106
2026/08/30 12:55:19 - __main__ - INFO - 167 - trainer - Average loss in epoch 354: 0.4188
2026/08/30 12:55:19 - __main__ - INFO - 117 - trainer - Epoch: 355
2026/08/30 12:55:19 - __main__ - INFO - 162 - trainer - [0/190] Loss: 0.4208
2026/08/30 12:55:25 - __main__ - INFO - 162 - trainer - [39/190] Loss: 0.4035
2026/08/30 12:55:30 - __main__ - INFO - 162 - trainer - [78/190] Loss: 0.4761
2026/08/30 12:55:36 - __main__ - INFO - 162 - trainer - [117/190] Loss: 0.4167
2026/08/30 12:55:41 - __main__ - INFO - 162 - trainer - [156/190] Loss: 0.4365
2026/08/30 12:55:46 - __main__ - INFO - 167 - trainer - Average loss in epoch 355: 0.4163
2026/08/30 12:55:46 - __main__ - INFO - 117 - trainer - Epoch: 356
2026/08/30 12:55:46 - __main__ - INFO - 162 - trainer - [0/190] Loss: 0.4175
2026/08/30 12:55:52 - __main__ - INFO - 162 - trainer - [39/190] Loss: 0.4469
2026/08/30 12:55:57 - __main__ - INFO - 162 - trainer - [78/190] Loss: 0.4186
2026/08/30 12:56:03 - __main__ - INFO - 162 - trainer - [117/190] Loss: 0.4179
2026/08/30 12:56:08 - __main__ - INFO - 162 - trainer - [156/190] Loss: 0.4048
2026/08/30 12:56:13 - __main__ - INFO - 167 - trainer - Average loss in epoch 356: 0.4179
2026/08/30 12:56:13 - __main__ - INFO - 117 - trainer - Epoch: 357
2026/08/30 12:56:13 - __main__ - INFO - 162 - trainer - [0/190] Loss: 0.4093
2026/08/30 12:56:19 - __main__ - INFO - 162 - trainer - [39/190] Loss: 0.3933
2026/08/30 12:56:24 - __main__ - INFO - 162 - trainer - [78/190] Loss: 0.4037
2026/08/30 12:56:30 - __main__ - INFO - 162 - trainer - [117/190] Loss: 0.4421
2026/08/30 12:56:35 - __main__ - INFO - 162 - trainer - [156/190] Loss: 0.4551
2026/08/30 12:56:40 - __main__ - INFO - 167 - trainer - Average loss in epoch 357: 0.4179
2026/08/30 12:56:40 - __main__ - INFO - 117 - trainer - Epoch: 358
2026/08/30 12:56:40 - __main__ - INFO - 162 - trainer - [0/190] Loss: 0.4153
2026/08/30 12:56:46 - __main__ - INFO - 162 - trainer - [39/190] Loss: 0.4051
2026/08/30 12:56:51 - __main__ - INFO - 162 - trainer - [78/190] Loss: 0.3888
2026/08/30 12:56:57 - __main__ - INFO - 162 - trainer - [117/190] Loss: 0.4061
2026/08/30 12:57:02 - __main__ - INFO - 162 - trainer - [156/190] Loss: 0.4430
2026/08/30 12:57:07 - __main__ - INFO - 167 - trainer - Average loss in epoch 358: 0.4168
2026/08/30 12:57:07 - __main__ - INFO - 117 - trainer - Epoch: 359
2026/08/30 12:57:07 - __main__ - INFO - 162 - trainer - [0/190] Loss: 0.4000
2026/08/30 12:57:12 - __main__ - INFO - 162 - trainer - [39/190] Loss: 0.3836
2026/08/30 12:57:18 - __main__ - INFO - 162 - trainer - [78/190] Loss: 0.3599
2026/08/30 12:57:24 - __main__ - INFO - 162 - trainer - [117/190] Loss: 0.4448
2026/08/30 12:57:29 - __main__ - INFO - 162 - trainer - [156/190] Loss: 0.4044
2026/08/30 12:57:34 - __main__ - INFO - 167 - trainer - Average loss in epoch 359: 0.4186
2026/08/30 12:57:34 - __main__ - INFO - 117 - trainer - Epoch: 360
2026/08/30 12:57:34 - __main__ - INFO - 162 - trainer - [0/190] Loss: 0.4146
2026/08/30 12:57:39 - __main__ - INFO - 162 - trainer - [39/190] Loss: 0.4324
2026/08/30 12:57:45 - __main__ - INFO - 162 - trainer - [78/190] Loss: 0.4317
2026/08/30 12:57:51 - __main__ - INFO - 162 - trainer - [117/190] Loss: 0.3892
2026/08/30 12:57:56 - __main__ - INFO - 162 - trainer - [156/190] Loss: 0.4034
2026/08/30 12:58:01 - __main__ - INFO - 167 - trainer - Average loss in epoch 360: 0.4177
2026/08/30 12:58:01 - __main__ - INFO - 173 - trainer - start predicting: 2026-08-30 12:58:01.176173
2026/08/30 12:58:03 - __main__ - INFO - 117 - trainer - Epoch: 361
2026/08/30 12:58:03 - __main__ - INFO - 162 - trainer - [0/190] Loss: 0.3831
2026/08/30 12:58:09 - __main__ - INFO - 162 - trainer - [39/190] Loss: 0.4221
2026/08/30 12:58:14 - __main__ - INFO - 162 - trainer - [78/190] Loss: 0.3732
2026/08/30 12:58:20 - __main__ - INFO - 162 - trainer - [117/190] Loss: 0.4111
2026/08/30 12:58:25 - __main__ - INFO - 162 - trainer - [156/190] Loss: 0.4598
2026/08/30 12:58:30 - __main__ - INFO - 167 - trainer - Average loss in epoch 361: 0.4169
2026/08/30 12:58:30 - __main__ - INFO - 117 - trainer - Epoch: 362
2026/08/30 12:58:30 - __main__ - INFO - 162 - trainer - [0/190] Loss: 0.4331
2026/08/30 12:58:35 - __main__ - INFO - 162 - trainer - [39/190] Loss: 0.4340
2026/08/30 12:58:41 - __main__ - INFO - 162 - trainer - [78/190] Loss: 0.3893
2026/08/30 12:58:46 - __main__ - INFO - 162 - trainer - [117/190] Loss: 0.4176
2026/08/30 12:58:52 - __main__ - INFO - 162 - trainer - [156/190] Loss: 0.4229
2026/08/30 12:58:56 - __main__ - INFO - 167 - trainer - Average loss in epoch 362: 0.4156
2026/08/30 12:58:56 - __main__ - INFO - 117 - trainer - Epoch: 363
2026/08/30 12:58:56 - __main__ - INFO - 162 - trainer - [0/190] Loss: 0.4052
2026/08/30 12:59:02 - __main__ - INFO - 162 - trainer - [39/190] Loss: 0.4206
2026/08/30 12:59:07 - __main__ - INFO - 162 - trainer - [78/190] Loss: 0.4304
2026/08/30 12:59:13 - __main__ - INFO - 162 - trainer - [117/190] Loss: 0.4322
2026/08/30 12:59:18 - __main__ - INFO - 162 - trainer - [156/190] Loss: 0.4484
2026/08/30 12:59:23 - __main__ - INFO - 167 - trainer - Average loss in epoch 363: 0.4141
2026/08/30 12:59:23 - __main__ - INFO - 117 - trainer - Epoch: 364
2026/08/30 12:59:23 - __main__ - INFO - 162 - trainer - [0/190] Loss: 0.4424
2026/08/30 12:59:28 - __main__ - INFO - 162 - trainer - [39/190] Loss: 0.3813
2026/08/30 12:59:34 - __main__ - INFO - 162 - trainer - [78/190] Loss: 0.4036
2026/08/30 12:59:40 - __main__ - INFO - 162 - trainer - [117/190] Loss: 0.4544
2026/08/30 12:59:45 - __main__ - INFO - 162 - trainer - [156/190] Loss: 0.4307
2026/08/30 12:59:49 - __main__ - INFO - 167 - trainer - Average loss in epoch 364: 0.4162
2026/08/30 12:59:49 - __main__ - INFO - 117 - trainer - Epoch: 365
2026/08/30 12:59:50 - __main__ - INFO - 162 - trainer - [0/190] Loss: 0.5008
2026/08/30 12:59:55 - __main__ - INFO - 162 - trainer - [39/190] Loss: 0.4284
2026/08/30 13:00:00 - __main__ - INFO - 162 - trainer - [78/190] Loss: 0.4606
2026/08/30 13:00:06 - __main__ - INFO - 162 - trainer - [117/190] Loss: 0.3869
2026/08/30 13:00:11 - __main__ - INFO - 162 - trainer - [156/190] Loss: 0.3983
2026/08/30 13:00:16 - __main__ - INFO - 167 - trainer - Average loss in epoch 365: 0.4175
2026/08/30 13:00:16 - __main__ - INFO - 117 - trainer - Epoch: 366
2026/08/30 13:00:16 - __main__ - INFO - 162 - trainer - [0/190] Loss: 0.4292
2026/08/30 13:00:21 - __main__ - INFO - 162 - trainer - [39/190] Loss: 0.4663
2026/08/30 13:00:27 - __main__ - INFO - 162 - trainer - [78/190] Loss: 0.3811
2026/08/30 13:00:32 - __main__ - INFO - 162 - trainer - [117/190] Loss: 0.4637
2026/08/30 13:00:37 - __main__ - INFO - 162 - trainer - [156/190] Loss: 0.4262
2026/08/30 13:00:42 - __main__ - INFO - 167 - trainer - Average loss in epoch 366: 0.4179
2026/08/30 13:00:42 - __main__ - INFO - 117 - trainer - Epoch: 367
2026/08/30 13:00:42 - __main__ - INFO - 162 - trainer - [0/190] Loss: 0.4865
2026/08/30 13:00:47 - __main__ - INFO - 162 - trainer - [39/190] Loss: 0.4514
2026/08/30 13:00:53 - __main__ - INFO - 162 - trainer - [78/190] Loss: 0.4118
2026/08/30 13:00:58 - __main__ - INFO - 162 - trainer - [117/190] Loss: 0.4087
2026/08/30 13:01:04 - __main__ - INFO - 162 - trainer - [156/190] Loss: 0.4585
2026/08/30 13:01:08 - __main__ - INFO - 167 - trainer - Average loss in epoch 367: 0.4167
2026/08/30 13:01:08 - __main__ - INFO - 117 - trainer - Epoch: 368
2026/08/30 13:01:08 - __main__ - INFO - 162 - trainer - [0/190] Loss: 0.4455
2026/08/30 13:01:14 - __main__ - INFO - 162 - trainer - [39/190] Loss: 0.4297
2026/08/30 13:01:19 - __main__ - INFO - 162 - trainer - [78/190] Loss: 0.4284
2026/08/30 13:01:25 - __main__ - INFO - 162 - trainer - [117/190] Loss: 0.3995
2026/08/30 13:01:30 - __main__ - INFO - 162 - trainer - [156/190] Loss: 0.3780
2026/08/30 13:01:35 - __main__ - INFO - 167 - trainer - Average loss in epoch 368: 0.4215
2026/08/30 13:01:35 - __main__ - INFO - 117 - trainer - Epoch: 369
2026/08/30 13:01:35 - __main__ - INFO - 162 - trainer - [0/190] Loss: 0.4172
2026/08/30 13:01:40 - __main__ - INFO - 162 - trainer - [39/190] Loss: 0.4408
2026/08/30 13:01:46 - __main__ - INFO - 162 - trainer - [78/190] Loss: 0.4364
2026/08/30 13:01:51 - __main__ - INFO - 162 - trainer - [117/190] Loss: 0.3865
2026/08/30 13:01:56 - __main__ - INFO - 162 - trainer - [156/190] Loss: 0.3929
2026/08/30 13:02:01 - __main__ - INFO - 167 - trainer - Average loss in epoch 369: 0.4202
2026/08/30 13:02:01 - __main__ - INFO - 117 - trainer - Epoch: 370
2026/08/30 13:02:01 - __main__ - INFO - 162 - trainer - [0/190] Loss: 0.4282
2026/08/30 13:02:06 - __main__ - INFO - 162 - trainer - [39/190] Loss: 0.4470
2026/08/30 13:02:12 - __main__ - INFO - 162 - trainer - [78/190] Loss: 0.4602
2026/08/30 13:02:17 - __main__ - INFO - 162 - trainer - [117/190] Loss: 0.3658
2026/08/30 13:02:23 - __main__ - INFO - 162 - trainer - [156/190] Loss: 0.4070
2026/08/30 13:02:27 - __main__ - INFO - 167 - trainer - Average loss in epoch 370: 0.4158
2026/08/30 13:02:27 - __main__ - INFO - 117 - trainer - Epoch: 371
2026/08/30 13:02:27 - __main__ - INFO - 162 - trainer - [0/190] Loss: 0.4378
2026/08/30 13:02:33 - __main__ - INFO - 162 - trainer - [39/190] Loss: 0.3885
2026/08/30 13:02:38 - __main__ - INFO - 162 - trainer - [78/190] Loss: 0.3977
2026/08/30 13:02:44 - __main__ - INFO - 162 - trainer - [117/190] Loss: 0.4425
2026/08/30 13:02:49 - __main__ - INFO - 162 - trainer - [156/190] Loss: 0.4178
2026/08/30 13:02:54 - __main__ - INFO - 167 - trainer - Average loss in epoch 371: 0.4196
2026/08/30 13:02:54 - __main__ - INFO - 117 - trainer - Epoch: 372
2026/08/30 13:02:54 - __main__ - INFO - 162 - trainer - [0/190] Loss: 0.4189
2026/08/30 13:02:59 - __main__ - INFO - 162 - trainer - [39/190] Loss: 0.4365
2026/08/30 13:03:05 - __main__ - INFO - 162 - trainer - [78/190] Loss: 0.3993
2026/08/30 13:03:10 - __main__ - INFO - 162 - trainer - [117/190] Loss: 0.4061
2026/08/30 13:03:16 - __main__ - INFO - 162 - trainer - [156/190] Loss: 0.3839
2026/08/30 13:03:20 - __main__ - INFO - 167 - trainer - Average loss in epoch 372: 0.4190
2026/08/30 13:03:20 - __main__ - INFO - 117 - trainer - Epoch: 373
2026/08/30 13:03:20 - __main__ - INFO - 162 - trainer - [0/190] Loss: 0.3961
2026/08/30 13:03:26 - __main__ - INFO - 162 - trainer - [39/190] Loss: 0.4132
2026/08/30 13:03:31 - __main__ - INFO - 162 - trainer - [78/190] Loss: 0.3769
2026/08/30 13:03:37 - __main__ - INFO - 162 - trainer - [117/190] Loss: 0.4022
2026/08/30 13:03:42 - __main__ - INFO - 162 - trainer - [156/190] Loss: 0.4461
2026/08/30 13:03:47 - __main__ - INFO - 167 - trainer - Average loss in epoch 373: 0.4156
2026/08/30 13:03:47 - __main__ - INFO - 117 - trainer - Epoch: 374
2026/08/30 13:03:47 - __main__ - INFO - 162 - trainer - [0/190] Loss: 0.4011
2026/08/30 13:03:52 - __main__ - INFO - 162 - trainer - [39/190] Loss: 0.3776
2026/08/30 13:03:58 - __main__ - INFO - 162 - trainer - [78/190] Loss: 0.3932
2026/08/30 13:04:03 - __main__ - INFO - 162 - trainer - [117/190] Loss: 0.4071
2026/08/30 13:04:09 - __main__ - INFO - 162 - trainer - [156/190] Loss: 0.4731
2026/08/30 13:04:13 - __main__ - INFO - 167 - trainer - Average loss in epoch 374: 0.4170
2026/08/30 13:04:13 - __main__ - INFO - 117 - trainer - Epoch: 375
2026/08/30 13:04:13 - __main__ - INFO - 162 - trainer - [0/190] Loss: 0.4209
2026/08/30 13:04:19 - __main__ - INFO - 162 - trainer - [39/190] Loss: 0.3985
2026/08/30 13:04:24 - __main__ - INFO - 162 - trainer - [78/190] Loss: 0.4146
2026/08/30 13:04:30 - __main__ - INFO - 162 - trainer - [117/190] Loss: 0.3541
2026/08/30 13:04:35 - __main__ - INFO - 162 - trainer - [156/190] Loss: 0.3843
2026/08/30 13:04:40 - __main__ - INFO - 167 - trainer - Average loss in epoch 375: 0.4156
2026/08/30 13:04:40 - __main__ - INFO - 117 - trainer - Epoch: 376
2026/08/30 13:04:40 - __main__ - INFO - 162 - trainer - [0/190] Loss: 0.4447
2026/08/30 13:04:45 - __main__ - INFO - 162 - trainer - [39/190] Loss: 0.4172
2026/08/30 13:04:51 - __main__ - INFO - 162 - trainer - [78/190] Loss: 0.4065
2026/08/30 13:04:56 - __main__ - INFO - 162 - trainer - [117/190] Loss: 0.4143
2026/08/30 13:05:02 - __main__ - INFO - 162 - trainer - [156/190] Loss: 0.4109
2026/08/30 13:05:06 - __main__ - INFO - 167 - trainer - Average loss in epoch 376: 0.4148
2026/08/30 13:05:06 - __main__ - INFO - 117 - trainer - Epoch: 377
2026/08/30 13:05:06 - __main__ - INFO - 162 - trainer - [0/190] Loss: 0.4195
2026/08/30 13:05:12 - __main__ - INFO - 162 - trainer - [39/190] Loss: 0.4215
2026/08/30 13:05:17 - __main__ - INFO - 162 - trainer - [78/190] Loss: 0.4364
2026/08/30 13:05:23 - __main__ - INFO - 162 - trainer - [117/190] Loss: 0.3935
2026/08/30 13:05:29 - __main__ - INFO - 162 - trainer - [156/190] Loss: 0.4553
2026/08/30 13:05:33 - __main__ - INFO - 167 - trainer - Average loss in epoch 377: 0.4187
2026/08/30 13:05:33 - __main__ - INFO - 117 - trainer - Epoch: 378
2026/08/30 13:05:33 - __main__ - INFO - 162 - trainer - [0/190] Loss: 0.4374
2026/08/30 13:05:39 - __main__ - INFO - 162 - trainer - [39/190] Loss: 0.3994
2026/08/30 13:05:44 - __main__ - INFO - 162 - trainer - [78/190] Loss: 0.4659
2026/08/30 13:05:50 - __main__ - INFO - 162 - trainer - [117/190] Loss: 0.4358
2026/08/30 13:05:55 - __main__ - INFO - 162 - trainer - [156/190] Loss: 0.4569
2026/08/30 13:05:59 - __main__ - INFO - 167 - trainer - Average loss in epoch 378: 0.4192
2026/08/30 13:05:59 - __main__ - INFO - 117 - trainer - Epoch: 379
2026/08/30 13:06:00 - __main__ - INFO - 162 - trainer - [0/190] Loss: 0.4763
2026/08/30 13:06:05 - __main__ - INFO - 162 - trainer - [39/190] Loss: 0.4320
2026/08/30 13:06:10 - __main__ - INFO - 162 - trainer - [78/190] Loss: 0.4666
2026/08/30 13:06:16 - __main__ - INFO - 162 - trainer - [117/190] Loss: 0.4301
2026/08/30 13:06:21 - __main__ - INFO - 162 - trainer - [156/190] Loss: 0.3846
2026/08/30 13:06:26 - __main__ - INFO - 167 - trainer - Average loss in epoch 379: 0.4183
2026/08/30 13:06:26 - __main__ - INFO - 117 - trainer - Epoch: 380
2026/08/30 13:06:26 - __main__ - INFO - 162 - trainer - [0/190] Loss: 0.4140
2026/08/30 13:06:32 - __main__ - INFO - 162 - trainer - [39/190] Loss: 0.4317
2026/08/30 13:06:37 - __main__ - INFO - 162 - trainer - [78/190] Loss: 0.4095
2026/08/30 13:06:43 - __main__ - INFO - 162 - trainer - [117/190] Loss: 0.3602
2026/08/30 13:06:48 - __main__ - INFO - 162 - trainer - [156/190] Loss: 0.4150
2026/08/30 13:06:52 - __main__ - INFO - 167 - trainer - Average loss in epoch 380: 0.4179
2026/08/30 13:06:52 - __main__ - INFO - 173 - trainer - start predicting: 2026-08-30 13:06:52.946303
2026/08/30 13:06:55 - __main__ - INFO - 210 - trainer - {'Best_HR@5': np.float64(2.6066), 'Best_HR@10': np.float64(4.9386), 'Best_HR@20': np.float64(8.6076), 'Best_NDCG@5': np.float64(1.7152), 'Best_NDCG@10': np.float64(2.4597), 'Best_NDCG@20': np.float64(3.366)}
2026/08/30 13:06:55 - __main__ - INFO - 211 - trainer - {'Best_epoch_HR@5': 280, 'Best_epoch_HR@10': 280, 'Best_epoch_HR@20': 100, 'Best_epoch_NDCG@5': 280, 'Best_epoch_NDCG@10': 280, 'Best_epoch_NDCG@20': 280}
2026/08/30 13:11:15 - __main__ - INFO - 268 - trainer - Train------------------------------------------------------
2026/08/30 13:11:15 - __main__ - INFO - 270 - trainer - {'HR@5': np.float64(2.5848), 'HR@10': np.float64(4.7126), 'HR@20': np.float64(8.7104), 'NDCG@5': np.float64(1.6051), 'NDCG@10': np.float64(2.2861), 'NDCG@20': np.float64(3.2867)}
2026/08/30 13:11:15 - __main__ - INFO - 274 - trainer - Test------------------------------------------------------
2026/08/30 13:11:15 - __main__ - INFO - 276 - trainer - {'HR@5': np.float64(0.873), 'HR@10': np.float64(2.857), 'HR@20': np.float64(6.3733), 'NDCG@5': np.float64(0.629), 'NDCG@10': np.float64(1.2572), 'NDCG@20': np.float64(2.1344)}
2026/08/30 13:11:15 - __main__ - INFO - 279 - trainer - Best Eval---------------------------------------------------------
2026/08/30 13:11:15 - __main__ - INFO - 282 - trainer - {'Best_HR@5': np.float64(2.6066), 'Best_HR@10': np.float64(4.9386), 'Best_HR@20': np.float64(8.6076), 'Best_NDCG@5': np.float64(1.7152), 'Best_NDCG@10': np.float64(2.4597), 'Best_NDCG@20': np.float64(3.366)}
2026/08/30 13:11:15 - __main__ - INFO - 283 - trainer - {'Best_epoch_HR@5': 280, 'Best_epoch_HR@10': 280, 'Best_epoch_HR@20': 100, 'Best_epoch_NDCG@5': 280, 'Best_epoch_NDCG@10': 280, 'Best_epoch_NDCG@20': 280}
