2026/09/02 14:07:07 - __main__ - INFO - 73 - main - Namespace(dataset='ml-100k', log_file='log/', random_seed=1997, max_len=50, device='cuda', num_gpu=1, batch_size=512, hidden_size=128, dropout=0.1, emb_dropout=0.3, hidden_act='gelu', num_blocks=4, epochs=500, decay_step=100, gamma=0.1, metric_ks=[5, 10, 20], optimizer='Adam', lr=0.001, weight_decay=0, momentum=None, lambda_uncertainty=0.001, eval_interval=20, patience=5, eps=0.001, sample_N=30, lambda_t=0.001, dropout_c=0.1, eps_reverse=0.001, m_logNorm=1.0, s_logNorm=0.6, s_modsamp=1.0, last=2, mask_ratio=1.0, sampling_method='uniform', Loss_Alpha=0.2, Loss_Beta=0.4)
2026/09/02 14:07:08 - __main__ - INFO - 117 - trainer - Epoch: 0
2026/09/02 14:07:09 - __main__ - INFO - 162 - trainer - [0/190] Loss: 13.2134
2026/09/02 14:07:14 - __main__ - INFO - 162 - trainer - [39/190] Loss: 6.7864
2026/09/02 14:07:20 - __main__ - INFO - 162 - trainer - [78/190] Loss: 5.9649
2026/09/02 14:07:25 - __main__ - INFO - 162 - trainer - [117/190] Loss: 5.2179
2026/09/02 14:07:30 - __main__ - INFO - 162 - trainer - [156/190] Loss: 4.9203
2026/09/02 14:07:35 - __main__ - INFO - 167 - trainer - Average loss in epoch 0: 5.9554
2026/09/02 14:07:35 - __main__ - INFO - 117 - trainer - Epoch: 1
2026/09/02 14:07:35 - __main__ - INFO - 162 - trainer - [0/190] Loss: 4.5551
2026/09/02 14:07:40 - __main__ - INFO - 162 - trainer - [39/190] Loss: 4.3884
2026/09/02 14:07:46 - __main__ - INFO - 162 - trainer - [78/190] Loss: 3.9961
2026/09/02 14:07:51 - __main__ - INFO - 162 - trainer - [117/190] Loss: 3.6752
2026/09/02 14:07:56 - __main__ - INFO - 162 - trainer - [156/190] Loss: 3.5242
2026/09/02 14:08:01 - __main__ - INFO - 167 - trainer - Average loss in epoch 1: 3.9101
2026/09/02 14:08:01 - __main__ - INFO - 117 - trainer - Epoch: 2
2026/09/02 14:08:01 - __main__ - INFO - 162 - trainer - [0/190] Loss: 3.2337
2026/09/02 14:08:07 - __main__ - INFO - 162 - trainer - [39/190] Loss: 3.0487
2026/09/02 14:08:12 - __main__ - INFO - 162 - trainer - [78/190] Loss: 2.7978
2026/09/02 14:08:17 - __main__ - INFO - 162 - trainer - [117/190] Loss: 2.5626
2026/09/02 14:08:23 - __main__ - INFO - 162 - trainer - [156/190] Loss: 2.4801
2026/09/02 14:08:27 - __main__ - INFO - 167 - trainer - Average loss in epoch 2: 2.7542
2026/09/02 14:08:27 - __main__ - INFO - 117 - trainer - Epoch: 3
2026/09/02 14:08:27 - __main__ - INFO - 162 - trainer - [0/190] Loss: 2.4291
2026/09/02 14:08:33 - __main__ - INFO - 162 - trainer - [39/190] Loss: 2.3936
2026/09/02 14:08:38 - __main__ - INFO - 162 - trainer - [78/190] Loss: 2.3579
2026/09/02 14:08:43 - __main__ - INFO - 162 - trainer - [117/190] Loss: 2.3222
2026/09/02 14:08:49 - __main__ - INFO - 162 - trainer - [156/190] Loss: 2.3240
2026/09/02 14:08:53 - __main__ - INFO - 167 - trainer - Average loss in epoch 3: 2.3643
2026/09/02 14:08:53 - __main__ - INFO - 117 - trainer - Epoch: 4
2026/09/02 14:08:53 - __main__ - INFO - 162 - trainer - [0/190] Loss: 2.2947
2026/09/02 14:08:59 - __main__ - INFO - 162 - trainer - [39/190] Loss: 2.2448
2026/09/02 14:09:04 - __main__ - INFO - 162 - trainer - [78/190] Loss: 2.2168
2026/09/02 14:09:10 - __main__ - INFO - 162 - trainer - [117/190] Loss: 2.2301
2026/09/02 14:09:15 - __main__ - INFO - 162 - trainer - [156/190] Loss: 2.2066
2026/09/02 14:09:20 - __main__ - INFO - 167 - trainer - Average loss in epoch 4: 2.2397
2026/09/02 14:09:20 - __main__ - INFO - 117 - trainer - Epoch: 5
2026/09/02 14:09:20 - __main__ - INFO - 162 - trainer - [0/190] Loss: 2.1767
2026/09/02 14:09:25 - __main__ - INFO - 162 - trainer - [39/190] Loss: 2.1584
2026/09/02 14:09:30 - __main__ - INFO - 162 - trainer - [78/190] Loss: 2.1744
2026/09/02 14:09:36 - __main__ - INFO - 162 - trainer - [117/190] Loss: 2.1089
2026/09/02 14:09:41 - __main__ - INFO - 162 - trainer - [156/190] Loss: 2.1076
2026/09/02 14:09:46 - __main__ - INFO - 167 - trainer - Average loss in epoch 5: 2.1384
2026/09/02 14:09:46 - __main__ - INFO - 117 - trainer - Epoch: 6
2026/09/02 14:09:46 - __main__ - INFO - 162 - trainer - [0/190] Loss: 2.0675
2026/09/02 14:09:51 - __main__ - INFO - 162 - trainer - [39/190] Loss: 2.0900
2026/09/02 14:09:56 - __main__ - INFO - 162 - trainer - [78/190] Loss: 2.0626
2026/09/02 14:10:02 - __main__ - INFO - 162 - trainer - [117/190] Loss: 2.0663
2026/09/02 14:10:07 - __main__ - INFO - 162 - trainer - [156/190] Loss: 2.0318
2026/09/02 14:10:12 - __main__ - INFO - 167 - trainer - Average loss in epoch 6: 2.0531
2026/09/02 14:10:12 - __main__ - INFO - 117 - trainer - Epoch: 7
2026/09/02 14:10:12 - __main__ - INFO - 162 - trainer - [0/190] Loss: 2.0161
2026/09/02 14:10:17 - __main__ - INFO - 162 - trainer - [39/190] Loss: 1.9870
2026/09/02 14:10:23 - __main__ - INFO - 162 - trainer - [78/190] Loss: 1.9649
2026/09/02 14:10:28 - __main__ - INFO - 162 - trainer - [117/190] Loss: 1.9389
2026/09/02 14:10:33 - __main__ - INFO - 162 - trainer - [156/190] Loss: 1.9600
2026/09/02 14:10:38 - __main__ - INFO - 167 - trainer - Average loss in epoch 7: 1.9765
2026/09/02 14:10:38 - __main__ - INFO - 117 - trainer - Epoch: 8
2026/09/02 14:10:38 - __main__ - INFO - 162 - trainer - [0/190] Loss: 1.9422
2026/09/02 14:10:43 - __main__ - INFO - 162 - trainer - [39/190] Loss: 1.9369
2026/09/02 14:10:48 - __main__ - INFO - 162 - trainer - [78/190] Loss: 1.9092
2026/09/02 14:10:54 - __main__ - INFO - 162 - trainer - [117/190] Loss: 1.8802
2026/09/02 14:10:59 - __main__ - INFO - 162 - trainer - [156/190] Loss: 1.9071
2026/09/02 14:11:04 - __main__ - INFO - 167 - trainer - Average loss in epoch 8: 1.9077
2026/09/02 14:11:04 - __main__ - INFO - 117 - trainer - Epoch: 9
2026/09/02 14:11:04 - __main__ - INFO - 162 - trainer - [0/190] Loss: 1.8842
2026/09/02 14:11:09 - __main__ - INFO - 162 - trainer - [39/190] Loss: 1.8475
2026/09/02 14:11:15 - __main__ - INFO - 162 - trainer - [78/190] Loss: 1.8264
2026/09/02 14:11:20 - __main__ - INFO - 162 - trainer - [117/190] Loss: 1.8372
2026/09/02 14:11:25 - __main__ - INFO - 162 - trainer - [156/190] Loss: 1.8448
2026/09/02 14:11:30 - __main__ - INFO - 167 - trainer - Average loss in epoch 9: 1.8458
2026/09/02 14:11:30 - __main__ - INFO - 117 - trainer - Epoch: 10
2026/09/02 14:11:30 - __main__ - INFO - 162 - trainer - [0/190] Loss: 1.7916
2026/09/02 14:11:35 - __main__ - INFO - 162 - trainer - [39/190] Loss: 1.8186
2026/09/02 14:11:41 - __main__ - INFO - 162 - trainer - [78/190] Loss: 1.7992
2026/09/02 14:11:46 - __main__ - INFO - 162 - trainer - [117/190] Loss: 1.7627
2026/09/02 14:11:51 - __main__ - INFO - 162 - trainer - [156/190] Loss: 1.7746
2026/09/02 14:11:56 - __main__ - INFO - 167 - trainer - Average loss in epoch 10: 1.7889
2026/09/02 14:11:56 - __main__ - INFO - 117 - trainer - Epoch: 11
2026/09/02 14:11:56 - __main__ - INFO - 162 - trainer - [0/190] Loss: 1.7501
2026/09/02 14:12:02 - __main__ - INFO - 162 - trainer - [39/190] Loss: 1.7572
2026/09/02 14:12:07 - __main__ - INFO - 162 - trainer - [78/190] Loss: 1.7431
2026/09/02 14:12:12 - __main__ - INFO - 162 - trainer - [117/190] Loss: 1.7213
2026/09/02 14:12:18 - __main__ - INFO - 162 - trainer - [156/190] Loss: 1.7362
2026/09/02 14:12:22 - __main__ - INFO - 167 - trainer - Average loss in epoch 11: 1.7357
2026/09/02 14:12:22 - __main__ - INFO - 117 - trainer - Epoch: 12
2026/09/02 14:12:22 - __main__ - INFO - 162 - trainer - [0/190] Loss: 1.7236
2026/09/02 14:12:28 - __main__ - INFO - 162 - trainer - [39/190] Loss: 1.6806
2026/09/02 14:12:33 - __main__ - INFO - 162 - trainer - [78/190] Loss: 1.7071
2026/09/02 14:12:39 - __main__ - INFO - 162 - trainer - [117/190] Loss: 1.6748
2026/09/02 14:12:44 - __main__ - INFO - 162 - trainer - [156/190] Loss: 1.6896
2026/09/02 14:12:49 - __main__ - INFO - 167 - trainer - Average loss in epoch 12: 1.6882
2026/09/02 14:12:49 - __main__ - INFO - 117 - trainer - Epoch: 13
2026/09/02 14:12:49 - __main__ - INFO - 162 - trainer - [0/190] Loss: 1.6902
2026/09/02 14:12:54 - __main__ - INFO - 162 - trainer - [39/190] Loss: 1.6526
2026/09/02 14:13:00 - __main__ - INFO - 162 - trainer - [78/190] Loss: 1.6040
2026/09/02 14:13:05 - __main__ - INFO - 162 - trainer - [117/190] Loss: 1.6320
2026/09/02 14:13:10 - __main__ - INFO - 162 - trainer - [156/190] Loss: 1.6417
2026/09/02 14:13:15 - __main__ - INFO - 167 - trainer - Average loss in epoch 13: 1.6430
2026/09/02 14:13:15 - __main__ - INFO - 117 - trainer - Epoch: 14
2026/09/02 14:13:15 - __main__ - INFO - 162 - trainer - [0/190] Loss: 1.6340
2026/09/02 14:13:21 - __main__ - INFO - 162 - trainer - [39/190] Loss: 1.6037
2026/09/02 14:13:26 - __main__ - INFO - 162 - trainer - [78/190] Loss: 1.6106
2026/09/02 14:13:31 - __main__ - INFO - 162 - trainer - [117/190] Loss: 1.5729
2026/09/02 14:13:36 - __main__ - INFO - 162 - trainer - [156/190] Loss: 1.6090
2026/09/02 14:13:41 - __main__ - INFO - 167 - trainer - Average loss in epoch 14: 1.6020
2026/09/02 14:13:41 - __main__ - INFO - 117 - trainer - Epoch: 15
2026/09/02 14:13:41 - __main__ - INFO - 162 - trainer - [0/190] Loss: 1.6119
2026/09/02 14:13:46 - __main__ - INFO - 162 - trainer - [39/190] Loss: 1.5648
2026/09/02 14:13:52 - __main__ - INFO - 162 - trainer - [78/190] Loss: 1.5846
2026/09/02 14:13:57 - __main__ - INFO - 162 - trainer - [117/190] Loss: 1.5607
2026/09/02 14:14:03 - __main__ - INFO - 162 - trainer - [156/190] Loss: 1.5556
2026/09/02 14:14:07 - __main__ - INFO - 167 - trainer - Average loss in epoch 15: 1.5645
2026/09/02 14:14:07 - __main__ - INFO - 117 - trainer - Epoch: 16
2026/09/02 14:14:08 - __main__ - INFO - 162 - trainer - [0/190] Loss: 1.5363
2026/09/02 14:14:13 - __main__ - INFO - 162 - trainer - [39/190] Loss: 1.5368
2026/09/02 14:14:18 - __main__ - INFO - 162 - trainer - [78/190] Loss: 1.5225
2026/09/02 14:14:24 - __main__ - INFO - 162 - trainer - [117/190] Loss: 1.4892
2026/09/02 14:14:29 - __main__ - INFO - 162 - trainer - [156/190] Loss: 1.5197
2026/09/02 14:14:33 - __main__ - INFO - 167 - trainer - Average loss in epoch 16: 1.5305
2026/09/02 14:14:33 - __main__ - INFO - 117 - trainer - Epoch: 17
2026/09/02 14:14:34 - __main__ - INFO - 162 - trainer - [0/190] Loss: 1.5032
2026/09/02 14:14:39 - __main__ - INFO - 162 - trainer - [39/190] Loss: 1.4732
2026/09/02 14:14:44 - __main__ - INFO - 162 - trainer - [78/190] Loss: 1.5217
2026/09/02 14:14:50 - __main__ - INFO - 162 - trainer - [117/190] Loss: 1.5044
2026/09/02 14:14:55 - __main__ - INFO - 162 - trainer - [156/190] Loss: 1.4710
2026/09/02 14:15:00 - __main__ - INFO - 167 - trainer - Average loss in epoch 17: 1.4986
2026/09/02 14:15:00 - __main__ - INFO - 117 - trainer - Epoch: 18
2026/09/02 14:15:00 - __main__ - INFO - 162 - trainer - [0/190] Loss: 1.4644
2026/09/02 14:15:05 - __main__ - INFO - 162 - trainer - [39/190] Loss: 1.4501
2026/09/02 14:15:11 - __main__ - INFO - 162 - trainer - [78/190] Loss: 1.4931
2026/09/02 14:15:16 - __main__ - INFO - 162 - trainer - [117/190] Loss: 1.4195
2026/09/02 14:15:21 - __main__ - INFO - 162 - trainer - [156/190] Loss: 1.4271
2026/09/02 14:15:26 - __main__ - INFO - 167 - trainer - Average loss in epoch 18: 1.4678
2026/09/02 14:15:26 - __main__ - INFO - 117 - trainer - Epoch: 19
2026/09/02 14:15:26 - __main__ - INFO - 162 - trainer - [0/190] Loss: 1.4709
2026/09/02 14:15:31 - __main__ - INFO - 162 - trainer - [39/190] Loss: 1.4274
2026/09/02 14:15:37 - __main__ - INFO - 162 - trainer - [78/190] Loss: 1.4325
2026/09/02 14:15:42 - __main__ - INFO - 162 - trainer - [117/190] Loss: 1.4107
2026/09/02 14:15:47 - __main__ - INFO - 162 - trainer - [156/190] Loss: 1.4276
2026/09/02 14:15:52 - __main__ - INFO - 167 - trainer - Average loss in epoch 19: 1.4415
2026/09/02 14:15:52 - __main__ - INFO - 117 - trainer - Epoch: 20
2026/09/02 14:15:52 - __main__ - INFO - 162 - trainer - [0/190] Loss: 1.4264
2026/09/02 14:15:58 - __main__ - INFO - 162 - trainer - [39/190] Loss: 1.4306
2026/09/02 14:16:03 - __main__ - INFO - 162 - trainer - [78/190] Loss: 1.4481
2026/09/02 14:16:08 - __main__ - INFO - 162 - trainer - [117/190] Loss: 1.4066
2026/09/02 14:16:14 - __main__ - INFO - 162 - trainer - [156/190] Loss: 1.4212
2026/09/02 14:16:18 - __main__ - INFO - 167 - trainer - Average loss in epoch 20: 1.4163
2026/09/02 14:16:18 - __main__ - INFO - 173 - trainer - start predicting: 2026-09-02 14:16:18.573149
2026/09/02 14:16:21 - __main__ - INFO - 203 - trainer - {'Best_HR@5': np.float64(6.6053), 'Best_HR@10': np.float64(12.1481), 'Best_HR@20': np.float64(20.2307), 'Best_NDCG@5': np.float64(4.0222), 'Best_NDCG@10': np.float64(5.8212), 'Best_NDCG@20': np.float64(7.8599)}
2026/09/02 14:16:21 - __main__ - INFO - 204 - trainer - {'Best_epoch_HR@5': 20, 'Best_epoch_HR@10': 20, 'Best_epoch_HR@20': 20, 'Best_epoch_NDCG@5': 20, 'Best_epoch_NDCG@10': 20, 'Best_epoch_NDCG@20': 20}
2026/09/02 14:16:21 - __main__ - INFO - 117 - trainer - Epoch: 21
2026/09/02 14:16:21 - __main__ - INFO - 162 - trainer - [0/190] Loss: 1.4039
2026/09/02 14:16:26 - __main__ - INFO - 162 - trainer - [39/190] Loss: 1.3912
2026/09/02 14:16:31 - __main__ - INFO - 162 - trainer - [78/190] Loss: 1.4150
2026/09/02 14:16:37 - __main__ - INFO - 162 - trainer - [117/190] Loss: 1.4032
2026/09/02 14:16:42 - __main__ - INFO - 162 - trainer - [156/190] Loss: 1.3405
2026/09/02 14:16:46 - __main__ - INFO - 167 - trainer - Average loss in epoch 21: 1.3939
2026/09/02 14:16:46 - __main__ - INFO - 117 - trainer - Epoch: 22
2026/09/02 14:16:46 - __main__ - INFO - 162 - trainer - [0/190] Loss: 1.3720
2026/09/02 14:16:51 - __main__ - INFO - 162 - trainer - [39/190] Loss: 1.3723
2026/09/02 14:16:57 - __main__ - INFO - 162 - trainer - [78/190] Loss: 1.3975
2026/09/02 14:17:02 - __main__ - INFO - 162 - trainer - [117/190] Loss: 1.3729
2026/09/02 14:17:07 - __main__ - INFO - 162 - trainer - [156/190] Loss: 1.3694
2026/09/02 14:17:12 - __main__ - INFO - 167 - trainer - Average loss in epoch 22: 1.3721
2026/09/02 14:17:12 - __main__ - INFO - 117 - trainer - Epoch: 23
2026/09/02 14:17:12 - __main__ - INFO - 162 - trainer - [0/190] Loss: 1.3723
2026/09/02 14:17:17 - __main__ - INFO - 162 - trainer - [39/190] Loss: 1.3709
2026/09/02 14:17:22 - __main__ - INFO - 162 - trainer - [78/190] Loss: 1.3526
2026/09/02 14:17:28 - __main__ - INFO - 162 - trainer - [117/190] Loss: 1.3121
2026/09/02 14:17:33 - __main__ - INFO - 162 - trainer - [156/190] Loss: 1.3146
2026/09/02 14:17:37 - __main__ - INFO - 167 - trainer - Average loss in epoch 23: 1.3534
2026/09/02 14:17:37 - __main__ - INFO - 117 - trainer - Epoch: 24
2026/09/02 14:17:37 - __main__ - INFO - 162 - trainer - [0/190] Loss: 1.3375
2026/09/02 14:17:42 - __main__ - INFO - 162 - trainer - [39/190] Loss: 1.3298
2026/09/02 14:17:48 - __main__ - INFO - 162 - trainer - [78/190] Loss: 1.3410
2026/09/02 14:17:53 - __main__ - INFO - 162 - trainer - [117/190] Loss: 1.3280
2026/09/02 14:17:58 - __main__ - INFO - 162 - trainer - [156/190] Loss: 1.3183
2026/09/02 14:18:03 - __main__ - INFO - 167 - trainer - Average loss in epoch 24: 1.3351
2026/09/02 14:18:03 - __main__ - INFO - 117 - trainer - Epoch: 25
2026/09/02 14:18:03 - __main__ - INFO - 162 - trainer - [0/190] Loss: 1.2909
2026/09/02 14:18:08 - __main__ - INFO - 162 - trainer - [39/190] Loss: 1.3353
2026/09/02 14:18:13 - __main__ - INFO - 162 - trainer - [78/190] Loss: 1.3393
2026/09/02 14:18:18 - __main__ - INFO - 162 - trainer - [117/190] Loss: 1.3379
2026/09/02 14:18:23 - __main__ - INFO - 162 - trainer - [156/190] Loss: 1.3269
2026/09/02 14:18:27 - __main__ - INFO - 167 - trainer - Average loss in epoch 25: 1.3192
2026/09/02 14:18:27 - __main__ - INFO - 117 - trainer - Epoch: 26
2026/09/02 14:18:27 - __main__ - INFO - 162 - trainer - [0/190] Loss: 1.2739
2026/09/02 14:18:33 - __main__ - INFO - 162 - trainer - [39/190] Loss: 1.3050
2026/09/02 14:18:38 - __main__ - INFO - 162 - trainer - [78/190] Loss: 1.3022
2026/09/02 14:18:43 - __main__ - INFO - 162 - trainer - [117/190] Loss: 1.3009
2026/09/02 14:18:48 - __main__ - INFO - 162 - trainer - [156/190] Loss: 1.3192
2026/09/02 14:18:53 - __main__ - INFO - 167 - trainer - Average loss in epoch 26: 1.3040
2026/09/02 14:18:53 - __main__ - INFO - 117 - trainer - Epoch: 27
2026/09/02 14:18:53 - __main__ - INFO - 162 - trainer - [0/190] Loss: 1.3009
2026/09/02 14:18:58 - __main__ - INFO - 162 - trainer - [39/190] Loss: 1.3231
2026/09/02 14:19:03 - __main__ - INFO - 162 - trainer - [78/190] Loss: 1.2667
2026/09/02 14:19:08 - __main__ - INFO - 162 - trainer - [117/190] Loss: 1.2756
2026/09/02 14:19:14 - __main__ - INFO - 162 - trainer - [156/190] Loss: 1.2977
2026/09/02 14:19:18 - __main__ - INFO - 167 - trainer - Average loss in epoch 27: 1.2915
2026/09/02 14:19:18 - __main__ - INFO - 117 - trainer - Epoch: 28
2026/09/02 14:19:18 - __main__ - INFO - 162 - trainer - [0/190] Loss: 1.2882
2026/09/02 14:19:23 - __main__ - INFO - 162 - trainer - [39/190] Loss: 1.2790
2026/09/02 14:19:28 - __main__ - INFO - 162 - trainer - [78/190] Loss: 1.2869
2026/09/02 14:19:33 - __main__ - INFO - 162 - trainer - [117/190] Loss: 1.2593
2026/09/02 14:19:39 - __main__ - INFO - 162 - trainer - [156/190] Loss: 1.2732
2026/09/02 14:19:43 - __main__ - INFO - 167 - trainer - Average loss in epoch 28: 1.2789
2026/09/02 14:19:43 - __main__ - INFO - 117 - trainer - Epoch: 29
2026/09/02 14:19:43 - __main__ - INFO - 162 - trainer - [0/190] Loss: 1.2627
2026/09/02 14:19:49 - __main__ - INFO - 162 - trainer - [39/190] Loss: 1.2698
2026/09/02 14:19:54 - __main__ - INFO - 162 - trainer - [78/190] Loss: 1.2686
2026/09/02 14:19:59 - __main__ - INFO - 162 - trainer - [117/190] Loss: 1.2628
2026/09/02 14:20:04 - __main__ - INFO - 162 - trainer - [156/190] Loss: 1.2798
2026/09/02 14:20:08 - __main__ - INFO - 167 - trainer - Average loss in epoch 29: 1.2672
2026/09/02 14:20:08 - __main__ - INFO - 117 - trainer - Epoch: 30
2026/09/02 14:20:09 - __main__ - INFO - 162 - trainer - [0/190] Loss: 1.2386
2026/09/02 14:20:14 - __main__ - INFO - 162 - trainer - [39/190] Loss: 1.2510
2026/09/02 14:20:19 - __main__ - INFO - 162 - trainer - [78/190] Loss: 1.2432
2026/09/02 14:20:24 - __main__ - INFO - 162 - trainer - [117/190] Loss: 1.2717
2026/09/02 14:20:29 - __main__ - INFO - 162 - trainer - [156/190] Loss: 1.2664
2026/09/02 14:20:34 - __main__ - INFO - 167 - trainer - Average loss in epoch 30: 1.2572
2026/09/02 14:20:34 - __main__ - INFO - 117 - trainer - Epoch: 31
2026/09/02 14:20:34 - __main__ - INFO - 162 - trainer - [0/190] Loss: 1.2543
2026/09/02 14:20:39 - __main__ - INFO - 162 - trainer - [39/190] Loss: 1.2349
2026/09/02 14:20:44 - __main__ - INFO - 162 - trainer - [78/190] Loss: 1.2256
2026/09/02 14:20:49 - __main__ - INFO - 162 - trainer - [117/190] Loss: 1.2475
2026/09/02 14:20:54 - __main__ - INFO - 162 - trainer - [156/190] Loss: 1.2413
2026/09/02 14:20:59 - __main__ - INFO - 167 - trainer - Average loss in epoch 31: 1.2481
2026/09/02 14:20:59 - __main__ - INFO - 117 - trainer - Epoch: 32
2026/09/02 14:20:59 - __main__ - INFO - 162 - trainer - [0/190] Loss: 1.2320
2026/09/02 14:21:04 - __main__ - INFO - 162 - trainer - [39/190] Loss: 1.2408
2026/09/02 14:21:09 - __main__ - INFO - 162 - trainer - [78/190] Loss: 1.2494
2026/09/02 14:21:14 - __main__ - INFO - 162 - trainer - [117/190] Loss: 1.2448
2026/09/02 14:21:19 - __main__ - INFO - 162 - trainer - [156/190] Loss: 1.2349
2026/09/02 14:21:24 - __main__ - INFO - 167 - trainer - Average loss in epoch 32: 1.2395
2026/09/02 14:21:24 - __main__ - INFO - 117 - trainer - Epoch: 33
2026/09/02 14:21:24 - __main__ - INFO - 162 - trainer - [0/190] Loss: 1.2596
2026/09/02 14:21:29 - __main__ - INFO - 162 - trainer - [39/190] Loss: 1.2384
2026/09/02 14:21:34 - __main__ - INFO - 162 - trainer - [78/190] Loss: 1.2339
2026/09/02 14:21:39 - __main__ - INFO - 162 - trainer - [117/190] Loss: 1.2108
2026/09/02 14:21:44 - __main__ - INFO - 162 - trainer - [156/190] Loss: 1.2430
2026/09/02 14:21:49 - __main__ - INFO - 167 - trainer - Average loss in epoch 33: 1.2321
2026/09/02 14:21:49 - __main__ - INFO - 117 - trainer - Epoch: 34
2026/09/02 14:21:49 - __main__ - INFO - 162 - trainer - [0/190] Loss: 1.2223
2026/09/02 14:21:54 - __main__ - INFO - 162 - trainer - [39/190] Loss: 1.2175
2026/09/02 14:21:59 - __main__ - INFO - 162 - trainer - [78/190] Loss: 1.2055
2026/09/02 14:22:04 - __main__ - INFO - 162 - trainer - [117/190] Loss: 1.2435
2026/09/02 14:22:10 - __main__ - INFO - 162 - trainer - [156/190] Loss: 1.2257
2026/09/02 14:22:14 - __main__ - INFO - 167 - trainer - Average loss in epoch 34: 1.2247
2026/09/02 14:22:14 - __main__ - INFO - 117 - trainer - Epoch: 35
2026/09/02 14:22:14 - __main__ - INFO - 162 - trainer - [0/190] Loss: 1.2156
2026/09/02 14:22:19 - __main__ - INFO - 162 - trainer - [39/190] Loss: 1.2140
2026/09/02 14:22:25 - __main__ - INFO - 162 - trainer - [78/190] Loss: 1.2186
2026/09/02 14:22:30 - __main__ - INFO - 162 - trainer - [117/190] Loss: 1.2252
2026/09/02 14:22:35 - __main__ - INFO - 162 - trainer - [156/190] Loss: 1.2225
2026/09/02 14:22:39 - __main__ - INFO - 167 - trainer - Average loss in epoch 35: 1.2178
2026/09/02 14:22:39 - __main__ - INFO - 117 - trainer - Epoch: 36
2026/09/02 14:22:39 - __main__ - INFO - 162 - trainer - [0/190] Loss: 1.2153
2026/09/02 14:22:45 - __main__ - INFO - 162 - trainer - [39/190] Loss: 1.1840
2026/09/02 14:22:50 - __main__ - INFO - 162 - trainer - [78/190] Loss: 1.2122
2026/09/02 14:22:55 - __main__ - INFO - 162 - trainer - [117/190] Loss: 1.2180
2026/09/02 14:23:00 - __main__ - INFO - 162 - trainer - [156/190] Loss: 1.2325
2026/09/02 14:23:04 - __main__ - INFO - 167 - trainer - Average loss in epoch 36: 1.2120
2026/09/02 14:23:04 - __main__ - INFO - 117 - trainer - Epoch: 37
2026/09/02 14:23:05 - __main__ - INFO - 162 - trainer - [0/190] Loss: 1.2273
2026/09/02 14:23:10 - __main__ - INFO - 162 - trainer - [39/190] Loss: 1.2009
2026/09/02 14:23:15 - __main__ - INFO - 162 - trainer - [78/190] Loss: 1.2017
2026/09/02 14:23:20 - __main__ - INFO - 162 - trainer - [117/190] Loss: 1.1993
2026/09/02 14:23:25 - __main__ - INFO - 162 - trainer - [156/190] Loss: 1.2187
2026/09/02 14:23:30 - __main__ - INFO - 167 - trainer - Average loss in epoch 37: 1.2063
2026/09/02 14:23:30 - __main__ - INFO - 117 - trainer - Epoch: 38
2026/09/02 14:23:30 - __main__ - INFO - 162 - trainer - [0/190] Loss: 1.1965
2026/09/02 14:23:35 - __main__ - INFO - 162 - trainer - [39/190] Loss: 1.1988
2026/09/02 14:23:40 - __main__ - INFO - 162 - trainer - [78/190] Loss: 1.2085
2026/09/02 14:23:45 - __main__ - INFO - 162 - trainer - [117/190] Loss: 1.2094
2026/09/02 14:23:50 - __main__ - INFO - 162 - trainer - [156/190] Loss: 1.2047
2026/09/02 14:23:54 - __main__ - INFO - 167 - trainer - Average loss in epoch 38: 1.2015
2026/09/02 14:23:54 - __main__ - INFO - 117 - trainer - Epoch: 39
2026/09/02 14:23:55 - __main__ - INFO - 162 - trainer - [0/190] Loss: 1.2048
2026/09/02 14:24:00 - __main__ - INFO - 162 - trainer - [39/190] Loss: 1.1894
2026/09/02 14:24:05 - __main__ - INFO - 162 - trainer - [78/190] Loss: 1.1778
2026/09/02 14:24:10 - __main__ - INFO - 162 - trainer - [117/190] Loss: 1.1966
2026/09/02 14:24:15 - __main__ - INFO - 162 - trainer - [156/190] Loss: 1.1911
2026/09/02 14:24:20 - __main__ - INFO - 167 - trainer - Average loss in epoch 39: 1.1960
2026/09/02 14:24:20 - __main__ - INFO - 117 - trainer - Epoch: 40
2026/09/02 14:24:20 - __main__ - INFO - 162 - trainer - [0/190] Loss: 1.1796
2026/09/02 14:24:25 - __main__ - INFO - 162 - trainer - [39/190] Loss: 1.1974
2026/09/02 14:24:30 - __main__ - INFO - 162 - trainer - [78/190] Loss: 1.2159
2026/09/02 14:24:36 - __main__ - INFO - 162 - trainer - [117/190] Loss: 1.1851
2026/09/02 14:24:41 - __main__ - INFO - 162 - trainer - [156/190] Loss: 1.1992
2026/09/02 14:24:45 - __main__ - INFO - 167 - trainer - Average loss in epoch 40: 1.1914
2026/09/02 14:24:45 - __main__ - INFO - 173 - trainer - start predicting: 2026-09-02 14:24:45.517602
2026/09/02 14:24:48 - __main__ - INFO - 203 - trainer - {'Best_HR@5': np.float64(8.0826), 'Best_HR@10': np.float64(13.9184), 'Best_HR@20': np.float64(25.261), 'Best_NDCG@5': np.float64(4.8545), 'Best_NDCG@10': np.float64(6.7076), 'Best_NDCG@20': np.float64(9.5646)}
2026/09/02 14:24:48 - __main__ - INFO - 204 - trainer - {'Best_epoch_HR@5': 40, 'Best_epoch_HR@10': 40, 'Best_epoch_HR@20': 40, 'Best_epoch_NDCG@5': 40, 'Best_epoch_NDCG@10': 40, 'Best_epoch_NDCG@20': 40}
2026/09/02 14:24:48 - __main__ - INFO - 117 - trainer - Epoch: 41
2026/09/02 14:24:48 - __main__ - INFO - 162 - trainer - [0/190] Loss: 1.1952
2026/09/02 14:24:53 - __main__ - INFO - 162 - trainer - [39/190] Loss: 1.1765
2026/09/02 14:24:58 - __main__ - INFO - 162 - trainer - [78/190] Loss: 1.2101
2026/09/02 14:25:04 - __main__ - INFO - 162 - trainer - [117/190] Loss: 1.1877
2026/09/02 14:25:09 - __main__ - INFO - 162 - trainer - [156/190] Loss: 1.2106
2026/09/02 14:25:13 - __main__ - INFO - 167 - trainer - Average loss in epoch 41: 1.1878
2026/09/02 14:25:13 - __main__ - INFO - 117 - trainer - Epoch: 42
2026/09/02 14:25:13 - __main__ - INFO - 162 - trainer - [0/190] Loss: 1.1771
2026/09/02 14:25:19 - __main__ - INFO - 162 - trainer - [39/190] Loss: 1.1934
2026/09/02 14:25:24 - __main__ - INFO - 162 - trainer - [78/190] Loss: 1.1814
2026/09/02 14:25:29 - __main__ - INFO - 162 - trainer - [117/190] Loss: 1.1830
2026/09/02 14:25:35 - __main__ - INFO - 162 - trainer - [156/190] Loss: 1.1894
2026/09/02 14:25:39 - __main__ - INFO - 167 - trainer - Average loss in epoch 42: 1.1835
2026/09/02 14:25:39 - __main__ - INFO - 117 - trainer - Epoch: 43
2026/09/02 14:25:39 - __main__ - INFO - 162 - trainer - [0/190] Loss: 1.1875
2026/09/02 14:25:45 - __main__ - INFO - 162 - trainer - [39/190] Loss: 1.1839
2026/09/02 14:25:50 - __main__ - INFO - 162 - trainer - [78/190] Loss: 1.1927
2026/09/02 14:25:55 - __main__ - INFO - 162 - trainer - [117/190] Loss: 1.1670
2026/09/02 14:26:01 - __main__ - INFO - 162 - trainer - [156/190] Loss: 1.1914
2026/09/02 14:26:05 - __main__ - INFO - 167 - trainer - Average loss in epoch 43: 1.1797
2026/09/02 14:26:05 - __main__ - INFO - 117 - trainer - Epoch: 44
2026/09/02 14:26:05 - __main__ - INFO - 162 - trainer - [0/190] Loss: 1.1735
2026/09/02 14:26:11 - __main__ - INFO - 162 - trainer - [39/190] Loss: 1.1707
2026/09/02 14:26:16 - __main__ - INFO - 162 - trainer - [78/190] Loss: 1.1520
2026/09/02 14:26:21 - __main__ - INFO - 162 - trainer - [117/190] Loss: 1.1906
2026/09/02 14:26:27 - __main__ - INFO - 162 - trainer - [156/190] Loss: 1.1898
2026/09/02 14:26:31 - __main__ - INFO - 167 - trainer - Average loss in epoch 44: 1.1757
2026/09/02 14:26:31 - __main__ - INFO - 117 - trainer - Epoch: 45
2026/09/02 14:26:31 - __main__ - INFO - 162 - trainer - [0/190] Loss: 1.1705
2026/09/02 14:26:37 - __main__ - INFO - 162 - trainer - [39/190] Loss: 1.1775
2026/09/02 14:26:42 - __main__ - INFO - 162 - trainer - [78/190] Loss: 1.1879
2026/09/02 14:26:47 - __main__ - INFO - 162 - trainer - [117/190] Loss: 1.1683
2026/09/02 14:26:53 - __main__ - INFO - 162 - trainer - [156/190] Loss: 1.1888
2026/09/02 14:26:57 - __main__ - INFO - 167 - trainer - Average loss in epoch 45: 1.1722
2026/09/02 14:26:57 - __main__ - INFO - 117 - trainer - Epoch: 46
2026/09/02 14:26:57 - __main__ - INFO - 162 - trainer - [0/190] Loss: 1.1677
2026/09/02 14:27:03 - __main__ - INFO - 162 - trainer - [39/190] Loss: 1.1724
2026/09/02 14:27:08 - __main__ - INFO - 162 - trainer - [78/190] Loss: 1.1781
2026/09/02 14:27:14 - __main__ - INFO - 162 - trainer - [117/190] Loss: 1.1660
2026/09/02 14:27:19 - __main__ - INFO - 162 - trainer - [156/190] Loss: 1.1783
2026/09/02 14:27:24 - __main__ - INFO - 167 - trainer - Average loss in epoch 46: 1.1697
2026/09/02 14:27:24 - __main__ - INFO - 117 - trainer - Epoch: 47
2026/09/02 14:27:24 - __main__ - INFO - 162 - trainer - [0/190] Loss: 1.1695
2026/09/02 14:27:29 - __main__ - INFO - 162 - trainer - [39/190] Loss: 1.1470
2026/09/02 14:27:34 - __main__ - INFO - 162 - trainer - [78/190] Loss: 1.1642
2026/09/02 14:27:40 - __main__ - INFO - 162 - trainer - [117/190] Loss: 1.1890
2026/09/02 14:27:45 - __main__ - INFO - 162 - trainer - [156/190] Loss: 1.1662
2026/09/02 14:27:49 - __main__ - INFO - 167 - trainer - Average loss in epoch 47: 1.1665
2026/09/02 14:27:49 - __main__ - INFO - 117 - trainer - Epoch: 48
2026/09/02 14:27:50 - __main__ - INFO - 162 - trainer - [0/190] Loss: 1.1548
2026/09/02 14:27:55 - __main__ - INFO - 162 - trainer - [39/190] Loss: 1.1679
2026/09/02 14:28:00 - __main__ - INFO - 162 - trainer - [78/190] Loss: 1.1745
2026/09/02 14:28:05 - __main__ - INFO - 162 - trainer - [117/190] Loss: 1.1721
2026/09/02 14:28:10 - __main__ - INFO - 162 - trainer - [156/190] Loss: 1.1657
2026/09/02 14:28:15 - __main__ - INFO - 167 - trainer - Average loss in epoch 48: 1.1632
2026/09/02 14:28:15 - __main__ - INFO - 117 - trainer - Epoch: 49
2026/09/02 14:28:15 - __main__ - INFO - 162 - trainer - [0/190] Loss: 1.1593
2026/09/02 14:28:20 - __main__ - INFO - 162 - trainer - [39/190] Loss: 1.1624
2026/09/02 14:28:26 - __main__ - INFO - 162 - trainer - [78/190] Loss: 1.1399
2026/09/02 14:28:31 - __main__ - INFO - 162 - trainer - [117/190] Loss: 1.1558
2026/09/02 14:28:36 - __main__ - INFO - 162 - trainer - [156/190] Loss: 1.1531
2026/09/02 14:28:41 - __main__ - INFO - 167 - trainer - Average loss in epoch 49: 1.1608
2026/09/02 14:28:41 - __main__ - INFO - 117 - trainer - Epoch: 50
2026/09/02 14:28:41 - __main__ - INFO - 162 - trainer - [0/190] Loss: 1.1514
2026/09/02 14:28:46 - __main__ - INFO - 162 - trainer - [39/190] Loss: 1.1376
2026/09/02 14:28:52 - __main__ - INFO - 162 - trainer - [78/190] Loss: 1.1465
2026/09/02 14:28:57 - __main__ - INFO - 162 - trainer - [117/190] Loss: 1.1791
2026/09/02 14:29:02 - __main__ - INFO - 162 - trainer - [156/190] Loss: 1.1383
2026/09/02 14:29:07 - __main__ - INFO - 167 - trainer - Average loss in epoch 50: 1.1585
2026/09/02 14:29:07 - __main__ - INFO - 117 - trainer - Epoch: 51
2026/09/02 14:29:07 - __main__ - INFO - 162 - trainer - [0/190] Loss: 1.1417
2026/09/02 14:29:12 - __main__ - INFO - 162 - trainer - [39/190] Loss: 1.1504
2026/09/02 14:29:18 - __main__ - INFO - 162 - trainer - [78/190] Loss: 1.1317
2026/09/02 14:29:23 - __main__ - INFO - 162 - trainer - [117/190] Loss: 1.1710
2026/09/02 14:29:29 - __main__ - INFO - 162 - trainer - [156/190] Loss: 1.1457
2026/09/02 14:29:33 - __main__ - INFO - 167 - trainer - Average loss in epoch 51: 1.1562
2026/09/02 14:29:33 - __main__ - INFO - 117 - trainer - Epoch: 52
2026/09/02 14:29:33 - __main__ - INFO - 162 - trainer - [0/190] Loss: 1.1483
2026/09/02 14:29:38 - __main__ - INFO - 162 - trainer - [39/190] Loss: 1.1462
2026/09/02 14:29:44 - __main__ - INFO - 162 - trainer - [78/190] Loss: 1.1471
2026/09/02 14:29:49 - __main__ - INFO - 162 - trainer - [117/190] Loss: 1.1422
2026/09/02 14:29:54 - __main__ - INFO - 162 - trainer - [156/190] Loss: 1.1434
2026/09/02 14:29:59 - __main__ - INFO - 167 - trainer - Average loss in epoch 52: 1.1540
2026/09/02 14:29:59 - __main__ - INFO - 117 - trainer - Epoch: 53
2026/09/02 14:29:59 - __main__ - INFO - 162 - trainer - [0/190] Loss: 1.1400
2026/09/02 14:30:04 - __main__ - INFO - 162 - trainer - [39/190] Loss: 1.1433
2026/09/02 14:30:09 - __main__ - INFO - 162 - trainer - [78/190] Loss: 1.1572
2026/09/02 14:30:15 - __main__ - INFO - 162 - trainer - [117/190] Loss: 1.1489
2026/09/02 14:30:20 - __main__ - INFO - 162 - trainer - [156/190] Loss: 1.1565
2026/09/02 14:30:24 - __main__ - INFO - 167 - trainer - Average loss in epoch 53: 1.1511
2026/09/02 14:30:24 - __main__ - INFO - 117 - trainer - Epoch: 54
2026/09/02 14:30:24 - __main__ - INFO - 162 - trainer - [0/190] Loss: 1.1548
2026/09/02 14:30:30 - __main__ - INFO - 162 - trainer - [39/190] Loss: 1.1500
2026/09/02 14:30:35 - __main__ - INFO - 162 - trainer - [78/190] Loss: 1.1482
2026/09/02 14:30:40 - __main__ - INFO - 162 - trainer - [117/190] Loss: 1.1647
2026/09/02 14:30:46 - __main__ - INFO - 162 - trainer - [156/190] Loss: 1.1566
2026/09/02 14:30:50 - __main__ - INFO - 167 - trainer - Average loss in epoch 54: 1.1489
2026/09/02 14:30:50 - __main__ - INFO - 117 - trainer - Epoch: 55
2026/09/02 14:30:50 - __main__ - INFO - 162 - trainer - [0/190] Loss: 1.1405
2026/09/02 14:30:55 - __main__ - INFO - 162 - trainer - [39/190] Loss: 1.1498
2026/09/02 14:31:01 - __main__ - INFO - 162 - trainer - [78/190] Loss: 1.1394
2026/09/02 14:31:06 - __main__ - INFO - 162 - trainer - [117/190] Loss: 1.1447
2026/09/02 14:31:12 - __main__ - INFO - 162 - trainer - [156/190] Loss: 1.1346
2026/09/02 14:31:16 - __main__ - INFO - 167 - trainer - Average loss in epoch 55: 1.1471
2026/09/02 14:31:16 - __main__ - INFO - 117 - trainer - Epoch: 56
2026/09/02 14:31:16 - __main__ - INFO - 162 - trainer - [0/190] Loss: 1.1229
2026/09/02 14:31:22 - __main__ - INFO - 162 - trainer - [39/190] Loss: 1.1651
2026/09/02 14:31:27 - __main__ - INFO - 162 - trainer - [78/190] Loss: 1.1480
2026/09/02 14:31:32 - __main__ - INFO - 162 - trainer - [117/190] Loss: 1.1159
2026/09/02 14:31:38 - __main__ - INFO - 162 - trainer - [156/190] Loss: 1.1547
2026/09/02 14:31:42 - __main__ - INFO - 167 - trainer - Average loss in epoch 56: 1.1453
2026/09/02 14:31:42 - __main__ - INFO - 117 - trainer - Epoch: 57
2026/09/02 14:31:42 - __main__ - INFO - 162 - trainer - [0/190] Loss: 1.1322
2026/09/02 14:31:48 - __main__ - INFO - 162 - trainer - [39/190] Loss: 1.1363
2026/09/02 14:31:53 - __main__ - INFO - 162 - trainer - [78/190] Loss: 1.1303
2026/09/02 14:31:58 - __main__ - INFO - 162 - trainer - [117/190] Loss: 1.1465
2026/09/02 14:32:04 - __main__ - INFO - 162 - trainer - [156/190] Loss: 1.1520
2026/09/02 14:32:08 - __main__ - INFO - 167 - trainer - Average loss in epoch 57: 1.1430
2026/09/02 14:32:08 - __main__ - INFO - 117 - trainer - Epoch: 58
2026/09/02 14:32:09 - __main__ - INFO - 162 - trainer - [0/190] Loss: 1.1376
2026/09/02 14:32:14 - __main__ - INFO - 162 - trainer - [39/190] Loss: 1.1495
2026/09/02 14:32:19 - __main__ - INFO - 162 - trainer - [78/190] Loss: 1.1443
2026/09/02 14:32:25 - __main__ - INFO - 162 - trainer - [117/190] Loss: 1.1229
2026/09/02 14:32:30 - __main__ - INFO - 162 - trainer - [156/190] Loss: 1.1629
2026/09/02 14:32:34 - __main__ - INFO - 167 - trainer - Average loss in epoch 58: 1.1406
2026/09/02 14:32:34 - __main__ - INFO - 117 - trainer - Epoch: 59
2026/09/02 14:32:35 - __main__ - INFO - 162 - trainer - [0/190] Loss: 1.1429
2026/09/02 14:32:40 - __main__ - INFO - 162 - trainer - [39/190] Loss: 1.1419
2026/09/02 14:32:45 - __main__ - INFO - 162 - trainer - [78/190] Loss: 1.1337
2026/09/02 14:32:51 - __main__ - INFO - 162 - trainer - [117/190] Loss: 1.1382
2026/09/02 14:32:56 - __main__ - INFO - 162 - trainer - [156/190] Loss: 1.1125
2026/09/02 14:33:01 - __main__ - INFO - 167 - trainer - Average loss in epoch 59: 1.1397
2026/09/02 14:33:01 - __main__ - INFO - 117 - trainer - Epoch: 60
2026/09/02 14:33:01 - __main__ - INFO - 162 - trainer - [0/190] Loss: 1.1325
2026/09/02 14:33:06 - __main__ - INFO - 162 - trainer - [39/190] Loss: 1.1347
2026/09/02 14:33:12 - __main__ - INFO - 162 - trainer - [78/190] Loss: 1.1380
2026/09/02 14:33:17 - __main__ - INFO - 162 - trainer - [117/190] Loss: 1.1468
2026/09/02 14:33:23 - __main__ - INFO - 162 - trainer - [156/190] Loss: 1.1398
2026/09/02 14:33:27 - __main__ - INFO - 167 - trainer - Average loss in epoch 60: 1.1381
2026/09/02 14:33:27 - __main__ - INFO - 173 - trainer - start predicting: 2026-09-02 14:33:27.555833
2026/09/02 14:33:29 - __main__ - INFO - 203 - trainer - {'Best_HR@5': np.float64(9.5048), 'Best_HR@10': np.float64(15.5851), 'Best_HR@20': np.float64(25.7192), 'Best_NDCG@5': np.float64(5.7618), 'Best_NDCG@10': np.float64(7.7143), 'Best_NDCG@20': np.float64(10.2408)}
2026/09/02 14:33:29 - __main__ - INFO - 204 - trainer - {'Best_epoch_HR@5': 60, 'Best_epoch_HR@10': 60, 'Best_epoch_HR@20': 60, 'Best_epoch_NDCG@5': 60, 'Best_epoch_NDCG@10': 60, 'Best_epoch_NDCG@20': 60}
2026/09/02 14:33:30 - __main__ - INFO - 117 - trainer - Epoch: 61
2026/09/02 14:33:30 - __main__ - INFO - 162 - trainer - [0/190] Loss: 1.1373
2026/09/02 14:33:35 - __main__ - INFO - 162 - trainer - [39/190] Loss: 1.1467
2026/09/02 14:33:40 - __main__ - INFO - 162 - trainer - [78/190] Loss: 1.1306
2026/09/02 14:33:45 - __main__ - INFO - 162 - trainer - [117/190] Loss: 1.1331
2026/09/02 14:33:49 - __main__ - INFO - 162 - trainer - [156/190] Loss: 1.1312
2026/09/02 14:33:54 - __main__ - INFO - 167 - trainer - Average loss in epoch 61: 1.1365
2026/09/02 14:33:54 - __main__ - INFO - 117 - trainer - Epoch: 62
2026/09/02 14:33:54 - __main__ - INFO - 162 - trainer - [0/190] Loss: 1.1377
2026/09/02 14:33:59 - __main__ - INFO - 162 - trainer - [39/190] Loss: 1.0907
2026/09/02 14:34:04 - __main__ - INFO - 162 - trainer - [78/190] Loss: 1.1379
2026/09/02 14:34:10 - __main__ - INFO - 162 - trainer - [117/190] Loss: 1.1502
2026/09/02 14:34:15 - __main__ - INFO - 162 - trainer - [156/190] Loss: 1.1415
2026/09/02 14:34:19 - __main__ - INFO - 167 - trainer - Average loss in epoch 62: 1.1348
2026/09/02 14:34:19 - __main__ - INFO - 117 - trainer - Epoch: 63
2026/09/02 14:34:20 - __main__ - INFO - 162 - trainer - [0/190] Loss: 1.1262
2026/09/02 14:34:25 - __main__ - INFO - 162 - trainer - [39/190] Loss: 1.1312
2026/09/02 14:34:30 - __main__ - INFO - 162 - trainer - [78/190] Loss: 1.1254
2026/09/02 14:34:36 - __main__ - INFO - 162 - trainer - [117/190] Loss: 1.1315
2026/09/02 14:34:41 - __main__ - INFO - 162 - trainer - [156/190] Loss: 1.1415
2026/09/02 14:34:45 - __main__ - INFO - 167 - trainer - Average loss in epoch 63: 1.1337
2026/09/02 14:34:45 - __main__ - INFO - 117 - trainer - Epoch: 64
2026/09/02 14:34:45 - __main__ - INFO - 162 - trainer - [0/190] Loss: 1.1121
2026/09/02 14:34:51 - __main__ - INFO - 162 - trainer - [39/190] Loss: 1.1253
2026/09/02 14:34:56 - __main__ - INFO - 162 - trainer - [78/190] Loss: 1.1396
2026/09/02 14:35:02 - __main__ - INFO - 162 - trainer - [117/190] Loss: 1.1565
2026/09/02 14:35:07 - __main__ - INFO - 162 - trainer - [156/190] Loss: 1.1297
2026/09/02 14:35:11 - __main__ - INFO - 167 - trainer - Average loss in epoch 64: 1.1311
2026/09/02 14:35:11 - __main__ - INFO - 117 - trainer - Epoch: 65
2026/09/02 14:35:12 - __main__ - INFO - 162 - trainer - [0/190] Loss: 1.1356
2026/09/02 14:35:17 - __main__ - INFO - 162 - trainer - [39/190] Loss: 1.1176
2026/09/02 14:35:22 - __main__ - INFO - 162 - trainer - [78/190] Loss: 1.1305
2026/09/02 14:35:27 - __main__ - INFO - 162 - trainer - [117/190] Loss: 1.1274
2026/09/02 14:35:33 - __main__ - INFO - 162 - trainer - [156/190] Loss: 1.1272
2026/09/02 14:35:37 - __main__ - INFO - 167 - trainer - Average loss in epoch 65: 1.1308
2026/09/02 14:35:37 - __main__ - INFO - 117 - trainer - Epoch: 66
2026/09/02 14:35:37 - __main__ - INFO - 162 - trainer - [0/190] Loss: 1.1318
2026/09/02 14:35:43 - __main__ - INFO - 162 - trainer - [39/190] Loss: 1.1298
2026/09/02 14:35:48 - __main__ - INFO - 162 - trainer - [78/190] Loss: 1.1383
2026/09/02 14:35:53 - __main__ - INFO - 162 - trainer - [117/190] Loss: 1.1303
2026/09/02 14:35:59 - __main__ - INFO - 162 - trainer - [156/190] Loss: 1.1258
2026/09/02 14:36:03 - __main__ - INFO - 167 - trainer - Average loss in epoch 66: 1.1291
2026/09/02 14:36:03 - __main__ - INFO - 117 - trainer - Epoch: 67
2026/09/02 14:36:03 - __main__ - INFO - 162 - trainer - [0/190] Loss: 1.1181
2026/09/02 14:36:09 - __main__ - INFO - 162 - trainer - [39/190] Loss: 1.1174
2026/09/02 14:36:14 - __main__ - INFO - 162 - trainer - [78/190] Loss: 1.1226
2026/09/02 14:36:19 - __main__ - INFO - 162 - trainer - [117/190] Loss: 1.1212
2026/09/02 14:36:25 - __main__ - INFO - 162 - trainer - [156/190] Loss: 1.1287
2026/09/02 14:36:29 - __main__ - INFO - 167 - trainer - Average loss in epoch 67: 1.1280
2026/09/02 14:36:29 - __main__ - INFO - 117 - trainer - Epoch: 68
2026/09/02 14:36:29 - __main__ - INFO - 162 - trainer - [0/190] Loss: 1.1143
2026/09/02 14:36:35 - __main__ - INFO - 162 - trainer - [39/190] Loss: 1.0974
2026/09/02 14:36:40 - __main__ - INFO - 162 - trainer - [78/190] Loss: 1.1284
2026/09/02 14:36:45 - __main__ - INFO - 162 - trainer - [117/190] Loss: 1.1162
2026/09/02 14:36:50 - __main__ - INFO - 162 - trainer - [156/190] Loss: 1.1227
2026/09/02 14:36:55 - __main__ - INFO - 167 - trainer - Average loss in epoch 68: 1.1261
2026/09/02 14:36:55 - __main__ - INFO - 117 - trainer - Epoch: 69
2026/09/02 14:36:55 - __main__ - INFO - 162 - trainer - [0/190] Loss: 1.1179
2026/09/02 14:37:00 - __main__ - INFO - 162 - trainer - [39/190] Loss: 1.1356
2026/09/02 14:37:05 - __main__ - INFO - 162 - trainer - [78/190] Loss: 1.1288
2026/09/02 14:37:11 - __main__ - INFO - 162 - trainer - [117/190] Loss: 1.1264
2026/09/02 14:37:16 - __main__ - INFO - 162 - trainer - [156/190] Loss: 1.1332
2026/09/02 14:37:20 - __main__ - INFO - 167 - trainer - Average loss in epoch 69: 1.1246
2026/09/02 14:37:20 - __main__ - INFO - 117 - trainer - Epoch: 70
2026/09/02 14:37:21 - __main__ - INFO - 162 - trainer - [0/190] Loss: 1.1091
2026/09/02 14:37:26 - __main__ - INFO - 162 - trainer - [39/190] Loss: 1.1090
2026/09/02 14:37:31 - __main__ - INFO - 162 - trainer - [78/190] Loss: 1.1380
2026/09/02 14:37:37 - __main__ - INFO - 162 - trainer - [117/190] Loss: 1.1199
2026/09/02 14:37:42 - __main__ - INFO - 162 - trainer - [156/190] Loss: 1.1309
2026/09/02 14:37:46 - __main__ - INFO - 167 - trainer - Average loss in epoch 70: 1.1241
2026/09/02 14:37:46 - __main__ - INFO - 117 - trainer - Epoch: 71
2026/09/02 14:37:47 - __main__ - INFO - 162 - trainer - [0/190] Loss: 1.1210
2026/09/02 14:37:52 - __main__ - INFO - 162 - trainer - [39/190] Loss: 1.1034
2026/09/02 14:37:57 - __main__ - INFO - 162 - trainer - [78/190] Loss: 1.1327
2026/09/02 14:38:03 - __main__ - INFO - 162 - trainer - [117/190] Loss: 1.1127
2026/09/02 14:38:08 - __main__ - INFO - 162 - trainer - [156/190] Loss: 1.1479
2026/09/02 14:38:12 - __main__ - INFO - 167 - trainer - Average loss in epoch 71: 1.1220
2026/09/02 14:38:12 - __main__ - INFO - 117 - trainer - Epoch: 72
2026/09/02 14:38:12 - __main__ - INFO - 162 - trainer - [0/190] Loss: 1.1119
2026/09/02 14:38:18 - __main__ - INFO - 162 - trainer - [39/190] Loss: 1.1165
2026/09/02 14:38:23 - __main__ - INFO - 162 - trainer - [78/190] Loss: 1.1266
2026/09/02 14:38:28 - __main__ - INFO - 162 - trainer - [117/190] Loss: 1.1129
2026/09/02 14:38:33 - __main__ - INFO - 162 - trainer - [156/190] Loss: 1.1242
2026/09/02 14:38:38 - __main__ - INFO - 167 - trainer - Average loss in epoch 72: 1.1217
2026/09/02 14:38:38 - __main__ - INFO - 117 - trainer - Epoch: 73
2026/09/02 14:38:38 - __main__ - INFO - 162 - trainer - [0/190] Loss: 1.1267
2026/09/02 14:38:43 - __main__ - INFO - 162 - trainer - [39/190] Loss: 1.1231
2026/09/02 14:38:49 - __main__ - INFO - 162 - trainer - [78/190] Loss: 1.1302
2026/09/02 14:38:54 - __main__ - INFO - 162 - trainer - [117/190] Loss: 1.1288
2026/09/02 14:39:00 - __main__ - INFO - 162 - trainer - [156/190] Loss: 1.1210
2026/09/02 14:39:04 - __main__ - INFO - 167 - trainer - Average loss in epoch 73: 1.1200
2026/09/02 14:39:04 - __main__ - INFO - 117 - trainer - Epoch: 74
2026/09/02 14:39:04 - __main__ - INFO - 162 - trainer - [0/190] Loss: 1.1134
2026/09/02 14:39:09 - __main__ - INFO - 162 - trainer - [39/190] Loss: 1.1113
2026/09/02 14:39:15 - __main__ - INFO - 162 - trainer - [78/190] Loss: 1.0948
2026/09/02 14:39:20 - __main__ - INFO - 162 - trainer - [117/190] Loss: 1.1326
2026/09/02 14:39:25 - __main__ - INFO - 162 - trainer - [156/190] Loss: 1.1260
2026/09/02 14:39:30 - __main__ - INFO - 167 - trainer - Average loss in epoch 74: 1.1189
2026/09/02 14:39:30 - __main__ - INFO - 117 - trainer - Epoch: 75
2026/09/02 14:39:30 - __main__ - INFO - 162 - trainer - [0/190] Loss: 1.1100
2026/09/02 14:39:35 - __main__ - INFO - 162 - trainer - [39/190] Loss: 1.1139
2026/09/02 14:39:41 - __main__ - INFO - 162 - trainer - [78/190] Loss: 1.1212
2026/09/02 14:39:46 - __main__ - INFO - 162 - trainer - [117/190] Loss: 1.1122
2026/09/02 14:39:52 - __main__ - INFO - 162 - trainer - [156/190] Loss: 1.1131
2026/09/02 14:39:56 - __main__ - INFO - 167 - trainer - Average loss in epoch 75: 1.1181
2026/09/02 14:39:56 - __main__ - INFO - 117 - trainer - Epoch: 76
2026/09/02 14:39:56 - __main__ - INFO - 162 - trainer - [0/190] Loss: 1.1266
2026/09/02 14:40:02 - __main__ - INFO - 162 - trainer - [39/190] Loss: 1.1076
2026/09/02 14:40:07 - __main__ - INFO - 162 - trainer - [78/190] Loss: 1.1299
2026/09/02 14:40:12 - __main__ - INFO - 162 - trainer - [117/190] Loss: 1.1236
2026/09/02 14:40:17 - __main__ - INFO - 162 - trainer - [156/190] Loss: 1.1113
2026/09/02 14:40:22 - __main__ - INFO - 167 - trainer - Average loss in epoch 76: 1.1168
2026/09/02 14:40:22 - __main__ - INFO - 117 - trainer - Epoch: 77
2026/09/02 14:40:22 - __main__ - INFO - 162 - trainer - [0/190] Loss: 1.0964
2026/09/02 14:40:27 - __main__ - INFO - 162 - trainer - [39/190] Loss: 1.1040
2026/09/02 14:40:33 - __main__ - INFO - 162 - trainer - [78/190] Loss: 1.1339
2026/09/02 14:40:38 - __main__ - INFO - 162 - trainer - [117/190] Loss: 1.0978
2026/09/02 14:40:43 - __main__ - INFO - 162 - trainer - [156/190] Loss: 1.1024
2026/09/02 14:40:48 - __main__ - INFO - 167 - trainer - Average loss in epoch 77: 1.1157
2026/09/02 14:40:48 - __main__ - INFO - 117 - trainer - Epoch: 78
2026/09/02 14:40:48 - __main__ - INFO - 162 - trainer - [0/190] Loss: 1.1252
2026/09/02 14:40:54 - __main__ - INFO - 162 - trainer - [39/190] Loss: 1.0903
2026/09/02 14:40:59 - __main__ - INFO - 162 - trainer - [78/190] Loss: 1.1064
2026/09/02 14:41:04 - __main__ - INFO - 162 - trainer - [117/190] Loss: 1.1246
2026/09/02 14:41:10 - __main__ - INFO - 162 - trainer - [156/190] Loss: 1.1235
2026/09/02 14:41:14 - __main__ - INFO - 167 - trainer - Average loss in epoch 78: 1.1144
2026/09/02 14:41:14 - __main__ - INFO - 117 - trainer - Epoch: 79
2026/09/02 14:41:14 - __main__ - INFO - 162 - trainer - [0/190] Loss: 1.1119
2026/09/02 14:41:20 - __main__ - INFO - 162 - trainer - [39/190] Loss: 1.0995
2026/09/02 14:41:25 - __main__ - INFO - 162 - trainer - [78/190] Loss: 1.1417
2026/09/02 14:41:31 - __main__ - INFO - 162 - trainer - [117/190] Loss: 1.1260
2026/09/02 14:41:36 - __main__ - INFO - 162 - trainer - [156/190] Loss: 1.1099
2026/09/02 14:41:40 - __main__ - INFO - 167 - trainer - Average loss in epoch 79: 1.1137
2026/09/02 14:41:40 - __main__ - INFO - 117 - trainer - Epoch: 80
2026/09/02 14:41:41 - __main__ - INFO - 162 - trainer - [0/190] Loss: 1.1023
2026/09/02 14:41:46 - __main__ - INFO - 162 - trainer - [39/190] Loss: 1.1190
2026/09/02 14:41:51 - __main__ - INFO - 162 - trainer - [78/190] Loss: 1.1109
2026/09/02 14:41:57 - __main__ - INFO - 162 - trainer - [117/190] Loss: 1.1044
2026/09/02 14:42:02 - __main__ - INFO - 162 - trainer - [156/190] Loss: 1.1190
2026/09/02 14:42:06 - __main__ - INFO - 167 - trainer - Average loss in epoch 80: 1.1119
2026/09/02 14:42:06 - __main__ - INFO - 173 - trainer - start predicting: 2026-09-02 14:42:06.969768
2026/09/02 14:42:09 - __main__ - INFO - 203 - trainer - {'Best_HR@5': np.float64(9.5048), 'Best_HR@10': np.float64(16.3054), 'Best_HR@20': np.float64(27.3), 'Best_NDCG@5': np.float64(5.7618), 'Best_NDCG@10': np.float64(7.7143), 'Best_NDCG@20': np.float64(10.4479)}
2026/09/02 14:42:09 - __main__ - INFO - 204 - trainer - {'Best_epoch_HR@5': 60, 'Best_epoch_HR@10': 80, 'Best_epoch_HR@20': 80, 'Best_epoch_NDCG@5': 60, 'Best_epoch_NDCG@10': 60, 'Best_epoch_NDCG@20': 80}
2026/09/02 14:42:09 - __main__ - INFO - 117 - trainer - Epoch: 81
2026/09/02 14:42:09 - __main__ - INFO - 162 - trainer - [0/190] Loss: 1.0957
2026/09/02 14:42:15 - __main__ - INFO - 162 - trainer - [39/190] Loss: 1.0886
2026/09/02 14:42:20 - __main__ - INFO - 162 - trainer - [78/190] Loss: 1.1228
2026/09/02 14:42:25 - __main__ - INFO - 162 - trainer - [117/190] Loss: 1.1132
2026/09/02 14:42:31 - __main__ - INFO - 162 - trainer - [156/190] Loss: 1.1022
2026/09/02 14:42:35 - __main__ - INFO - 167 - trainer - Average loss in epoch 81: 1.1119
2026/09/02 14:42:35 - __main__ - INFO - 117 - trainer - Epoch: 82
2026/09/02 14:42:35 - __main__ - INFO - 162 - trainer - [0/190] Loss: 1.0991
2026/09/02 14:42:41 - __main__ - INFO - 162 - trainer - [39/190] Loss: 1.1012
2026/09/02 14:42:46 - __main__ - INFO - 162 - trainer - [78/190] Loss: 1.1351
2026/09/02 14:42:52 - __main__ - INFO - 162 - trainer - [117/190] Loss: 1.1163
2026/09/02 14:42:57 - __main__ - INFO - 162 - trainer - [156/190] Loss: 1.1065
2026/09/02 14:43:01 - __main__ - INFO - 167 - trainer - Average loss in epoch 82: 1.1110
2026/09/02 14:43:01 - __main__ - INFO - 117 - trainer - Epoch: 83
2026/09/02 14:43:01 - __main__ - INFO - 162 - trainer - [0/190] Loss: 1.1069
2026/09/02 14:43:07 - __main__ - INFO - 162 - trainer - [39/190] Loss: 1.1051
2026/09/02 14:43:12 - __main__ - INFO - 162 - trainer - [78/190] Loss: 1.1021
2026/09/02 14:43:17 - __main__ - INFO - 162 - trainer - [117/190] Loss: 1.1008
2026/09/02 14:43:23 - __main__ - INFO - 162 - trainer - [156/190] Loss: 1.1085
2026/09/02 14:43:27 - __main__ - INFO - 167 - trainer - Average loss in epoch 83: 1.1098
2026/09/02 14:43:27 - __main__ - INFO - 117 - trainer - Epoch: 84
2026/09/02 14:43:27 - __main__ - INFO - 162 - trainer - [0/190] Loss: 1.1155
2026/09/02 14:43:33 - __main__ - INFO - 162 - trainer - [39/190] Loss: 1.1097
2026/09/02 14:43:39 - __main__ - INFO - 162 - trainer - [78/190] Loss: 1.1052
2026/09/02 14:43:44 - __main__ - INFO - 162 - trainer - [117/190] Loss: 1.1103
2026/09/02 14:43:50 - __main__ - INFO - 162 - trainer - [156/190] Loss: 1.1213
2026/09/02 14:43:55 - __main__ - INFO - 167 - trainer - Average loss in epoch 84: 1.1090
2026/09/02 14:43:55 - __main__ - INFO - 117 - trainer - Epoch: 85
2026/09/02 14:43:55 - __main__ - INFO - 162 - trainer - [0/190] Loss: 1.0843
2026/09/02 14:44:00 - __main__ - INFO - 162 - trainer - [39/190] Loss: 1.1268
2026/09/02 14:44:05 - __main__ - INFO - 162 - trainer - [78/190] Loss: 1.0982
2026/09/02 14:44:10 - __main__ - INFO - 162 - trainer - [117/190] Loss: 1.1189
2026/09/02 14:44:16 - __main__ - INFO - 162 - trainer - [156/190] Loss: 1.1301
2026/09/02 14:44:20 - __main__ - INFO - 167 - trainer - Average loss in epoch 85: 1.1076
2026/09/02 14:44:20 - __main__ - INFO - 117 - trainer - Epoch: 86
2026/09/02 14:44:20 - __main__ - INFO - 162 - trainer - [0/190] Loss: 1.0733
2026/09/02 14:44:26 - __main__ - INFO - 162 - trainer - [39/190] Loss: 1.1075
2026/09/02 14:44:31 - __main__ - INFO - 162 - trainer - [78/190] Loss: 1.1111
2026/09/02 14:44:37 - __main__ - INFO - 162 - trainer - [117/190] Loss: 1.0889
2026/09/02 14:44:43 - __main__ - INFO - 162 - trainer - [156/190] Loss: 1.1117
2026/09/02 14:44:48 - __main__ - INFO - 167 - trainer - Average loss in epoch 86: 1.1068
2026/09/02 14:44:48 - __main__ - INFO - 117 - trainer - Epoch: 87
2026/09/02 14:44:48 - __main__ - INFO - 162 - trainer - [0/190] Loss: 1.0974
2026/09/02 14:44:53 - __main__ - INFO - 162 - trainer - [39/190] Loss: 1.1223
2026/09/02 14:44:59 - __main__ - INFO - 162 - trainer - [78/190] Loss: 1.1054
2026/09/02 14:45:05 - __main__ - INFO - 162 - trainer - [117/190] Loss: 1.1228
2026/09/02 14:45:10 - __main__ - INFO - 162 - trainer - [156/190] Loss: 1.1017
2026/09/02 14:45:15 - __main__ - INFO - 167 - trainer - Average loss in epoch 87: 1.1061
2026/09/02 14:45:15 - __main__ - INFO - 117 - trainer - Epoch: 88
2026/09/02 14:45:15 - __main__ - INFO - 162 - trainer - [0/190] Loss: 1.0922
2026/09/02 14:45:21 - __main__ - INFO - 162 - trainer - [39/190] Loss: 1.0980
2026/09/02 14:45:26 - __main__ - INFO - 162 - trainer - [78/190] Loss: 1.1121
2026/09/02 14:45:32 - __main__ - INFO - 162 - trainer - [117/190] Loss: 1.1066
2026/09/02 14:45:37 - __main__ - INFO - 162 - trainer - [156/190] Loss: 1.1272
2026/09/02 14:45:42 - __main__ - INFO - 167 - trainer - Average loss in epoch 88: 1.1049
2026/09/02 14:45:42 - __main__ - INFO - 117 - trainer - Epoch: 89
2026/09/02 14:45:42 - __main__ - INFO - 162 - trainer - [0/190] Loss: 1.1028
2026/09/02 14:45:48 - __main__ - INFO - 162 - trainer - [39/190] Loss: 1.1174
2026/09/02 14:45:53 - __main__ - INFO - 162 - trainer - [78/190] Loss: 1.1008
2026/09/02 14:45:59 - __main__ - INFO - 162 - trainer - [117/190] Loss: 1.1072
2026/09/02 14:46:05 - __main__ - INFO - 162 - trainer - [156/190] Loss: 1.1152
2026/09/02 14:46:09 - __main__ - INFO - 167 - trainer - Average loss in epoch 89: 1.1036
2026/09/02 14:46:09 - __main__ - INFO - 117 - trainer - Epoch: 90
2026/09/02 14:46:09 - __main__ - INFO - 162 - trainer - [0/190] Loss: 1.1163
2026/09/02 14:46:15 - __main__ - INFO - 162 - trainer - [39/190] Loss: 1.1097
2026/09/02 14:46:20 - __main__ - INFO - 162 - trainer - [78/190] Loss: 1.0991
2026/09/02 14:46:25 - __main__ - INFO - 162 - trainer - [117/190] Loss: 1.1000
2026/09/02 14:46:31 - __main__ - INFO - 162 - trainer - [156/190] Loss: 1.1077
2026/09/02 14:46:35 - __main__ - INFO - 167 - trainer - Average loss in epoch 90: 1.1031
2026/09/02 14:46:35 - __main__ - INFO - 117 - trainer - Epoch: 91
2026/09/02 14:46:35 - __main__ - INFO - 162 - trainer - [0/190] Loss: 1.0976
2026/09/02 14:46:41 - __main__ - INFO - 162 - trainer - [39/190] Loss: 1.1037
2026/09/02 14:46:46 - __main__ - INFO - 162 - trainer - [78/190] Loss: 1.1055
2026/09/02 14:46:52 - __main__ - INFO - 162 - trainer - [117/190] Loss: 1.0881
2026/09/02 14:46:57 - __main__ - INFO - 162 - trainer - [156/190] Loss: 1.1242
2026/09/02 14:47:02 - __main__ - INFO - 167 - trainer - Average loss in epoch 91: 1.1018
2026/09/02 14:47:02 - __main__ - INFO - 117 - trainer - Epoch: 92
2026/09/02 14:47:02 - __main__ - INFO - 162 - trainer - [0/190] Loss: 1.0981
2026/09/02 14:47:07 - __main__ - INFO - 162 - trainer - [39/190] Loss: 1.0960
2026/09/02 14:47:13 - __main__ - INFO - 162 - trainer - [78/190] Loss: 1.1212
2026/09/02 14:47:18 - __main__ - INFO - 162 - trainer - [117/190] Loss: 1.1008
2026/09/02 14:47:23 - __main__ - INFO - 162 - trainer - [156/190] Loss: 1.1001
2026/09/02 14:47:28 - __main__ - INFO - 167 - trainer - Average loss in epoch 92: 1.1012
2026/09/02 14:47:28 - __main__ - INFO - 117 - trainer - Epoch: 93
2026/09/02 14:47:28 - __main__ - INFO - 162 - trainer - [0/190] Loss: 1.0809
2026/09/02 14:47:33 - __main__ - INFO - 162 - trainer - [39/190] Loss: 1.1138
2026/09/02 14:47:39 - __main__ - INFO - 162 - trainer - [78/190] Loss: 1.1154
2026/09/02 14:47:44 - __main__ - INFO - 162 - trainer - [117/190] Loss: 1.1130
2026/09/02 14:47:49 - __main__ - INFO - 162 - trainer - [156/190] Loss: 1.0950
2026/09/02 14:47:54 - __main__ - INFO - 167 - trainer - Average loss in epoch 93: 1.1009
2026/09/02 14:47:54 - __main__ - INFO - 117 - trainer - Epoch: 94
2026/09/02 14:47:54 - __main__ - INFO - 162 - trainer - [0/190] Loss: 1.1094
2026/09/02 14:47:59 - __main__ - INFO - 162 - trainer - [39/190] Loss: 1.0790
2026/09/02 14:48:05 - __main__ - INFO - 162 - trainer - [78/190] Loss: 1.0773
2026/09/02 14:48:10 - __main__ - INFO - 162 - trainer - [117/190] Loss: 1.1192
2026/09/02 14:48:16 - __main__ - INFO - 162 - trainer - [156/190] Loss: 1.1107
2026/09/02 14:48:20 - __main__ - INFO - 167 - trainer - Average loss in epoch 94: 1.0999
2026/09/02 14:48:20 - __main__ - INFO - 117 - trainer - Epoch: 95
2026/09/02 14:48:20 - __main__ - INFO - 162 - trainer - [0/190] Loss: 1.1011
2026/09/02 14:48:26 - __main__ - INFO - 162 - trainer - [39/190] Loss: 1.0727
2026/09/02 14:48:31 - __main__ - INFO - 162 - trainer - [78/190] Loss: 1.1299
2026/09/02 14:48:36 - __main__ - INFO - 162 - trainer - [117/190] Loss: 1.0934
2026/09/02 14:48:42 - __main__ - INFO - 162 - trainer - [156/190] Loss: 1.0933
2026/09/02 14:48:46 - __main__ - INFO - 167 - trainer - Average loss in epoch 95: 1.0985
2026/09/02 14:48:46 - __main__ - INFO - 117 - trainer - Epoch: 96
2026/09/02 14:48:46 - __main__ - INFO - 162 - trainer - [0/190] Loss: 1.0828
2026/09/02 14:48:52 - __main__ - INFO - 162 - trainer - [39/190] Loss: 1.0825
2026/09/02 14:48:58 - __main__ - INFO - 162 - trainer - [78/190] Loss: 1.0858
2026/09/02 14:49:03 - __main__ - INFO - 162 - trainer - [117/190] Loss: 1.1101
2026/09/02 14:49:09 - __main__ - INFO - 162 - trainer - [156/190] Loss: 1.1132
2026/09/02 14:49:14 - __main__ - INFO - 167 - trainer - Average loss in epoch 96: 1.0988
2026/09/02 14:49:14 - __main__ - INFO - 117 - trainer - Epoch: 97
2026/09/02 14:49:14 - __main__ - INFO - 162 - trainer - [0/190] Loss: 1.0769
2026/09/02 14:49:19 - __main__ - INFO - 162 - trainer - [39/190] Loss: 1.0758
2026/09/02 14:49:24 - __main__ - INFO - 162 - trainer - [78/190] Loss: 1.1166
2026/09/02 14:49:30 - __main__ - INFO - 162 - trainer - [117/190] Loss: 1.0918
2026/09/02 14:49:35 - __main__ - INFO - 162 - trainer - [156/190] Loss: 1.0889
2026/09/02 14:49:40 - __main__ - INFO - 167 - trainer - Average loss in epoch 97: 1.0976
2026/09/02 14:49:40 - __main__ - INFO - 117 - trainer - Epoch: 98
2026/09/02 14:49:40 - __main__ - INFO - 162 - trainer - [0/190] Loss: 1.0887
2026/09/02 14:49:45 - __main__ - INFO - 162 - trainer - [39/190] Loss: 1.1023
2026/09/02 14:49:51 - __main__ - INFO - 162 - trainer - [78/190] Loss: 1.0752
2026/09/02 14:49:56 - __main__ - INFO - 162 - trainer - [117/190] Loss: 1.0979
2026/09/02 14:50:01 - __main__ - INFO - 162 - trainer - [156/190] Loss: 1.0882
2026/09/02 14:50:06 - __main__ - INFO - 167 - trainer - Average loss in epoch 98: 1.0965
2026/09/02 14:50:06 - __main__ - INFO - 117 - trainer - Epoch: 99
2026/09/02 14:50:06 - __main__ - INFO - 162 - trainer - [0/190] Loss: 1.0928
2026/09/02 14:50:11 - __main__ - INFO - 162 - trainer - [39/190] Loss: 1.1018
2026/09/02 14:50:17 - __main__ - INFO - 162 - trainer - [78/190] Loss: 1.1021
2026/09/02 14:50:23 - __main__ - INFO - 162 - trainer - [117/190] Loss: 1.0743
2026/09/02 14:50:28 - __main__ - INFO - 162 - trainer - [156/190] Loss: 1.1050
2026/09/02 14:50:33 - __main__ - INFO - 167 - trainer - Average loss in epoch 99: 1.0960
2026/09/02 14:50:33 - __main__ - INFO - 117 - trainer - Epoch: 100
2026/09/02 14:50:33 - __main__ - INFO - 162 - trainer - [0/190] Loss: 1.0895
2026/09/02 14:50:39 - __main__ - INFO - 162 - trainer - [39/190] Loss: 1.0963
2026/09/02 14:50:44 - __main__ - INFO - 162 - trainer - [78/190] Loss: 1.0923
2026/09/02 14:50:49 - __main__ - INFO - 162 - trainer - [117/190] Loss: 1.1194
2026/09/02 14:50:55 - __main__ - INFO - 162 - trainer - [156/190] Loss: 1.0802
2026/09/02 14:50:59 - __main__ - INFO - 167 - trainer - Average loss in epoch 100: 1.0854
2026/09/02 14:50:59 - __main__ - INFO - 173 - trainer - start predicting: 2026-09-02 14:50:59.837170
2026/09/02 14:51:02 - __main__ - INFO - 203 - trainer - {'Best_HR@5': np.float64(9.5048), 'Best_HR@10': np.float64(16.4581), 'Best_HR@20': np.float64(27.9836), 'Best_NDCG@5': np.float64(5.7849), 'Best_NDCG@10': np.float64(8.0993), 'Best_NDCG@20': np.float64(10.9636)}
2026/09/02 14:51:02 - __main__ - INFO - 204 - trainer - {'Best_epoch_HR@5': 60, 'Best_epoch_HR@10': 100, 'Best_epoch_HR@20': 100, 'Best_epoch_NDCG@5': 100, 'Best_epoch_NDCG@10': 100, 'Best_epoch_NDCG@20': 100}
2026/09/02 14:51:02 - __main__ - INFO - 117 - trainer - Epoch: 101
2026/09/02 14:51:02 - __main__ - INFO - 162 - trainer - [0/190] Loss: 1.0742
2026/09/02 14:51:07 - __main__ - INFO - 162 - trainer - [39/190] Loss: 1.0963
2026/09/02 14:51:12 - __main__ - INFO - 162 - trainer - [78/190] Loss: 1.0870
2026/09/02 14:51:18 - __main__ - INFO - 162 - trainer - [117/190] Loss: 1.0952
2026/09/02 14:51:23 - __main__ - INFO - 162 - trainer - [156/190] Loss: 1.1018
2026/09/02 14:51:27 - __main__ - INFO - 167 - trainer - Average loss in epoch 101: 1.0833
2026/09/02 14:51:27 - __main__ - INFO - 117 - trainer - Epoch: 102
2026/09/02 14:51:27 - __main__ - INFO - 162 - trainer - [0/190] Loss: 1.0864
2026/09/02 14:51:32 - __main__ - INFO - 162 - trainer - [39/190] Loss: 1.0692
2026/09/02 14:51:37 - __main__ - INFO - 162 - trainer - [78/190] Loss: 1.0762
2026/09/02 14:51:43 - __main__ - INFO - 162 - trainer - [117/190] Loss: 1.0657
2026/09/02 14:51:48 - __main__ - INFO - 162 - trainer - [156/190] Loss: 1.1004
2026/09/02 14:51:52 - __main__ - INFO - 167 - trainer - Average loss in epoch 102: 1.0821
2026/09/02 14:51:52 - __main__ - INFO - 117 - trainer - Epoch: 103
2026/09/02 14:51:52 - __main__ - INFO - 162 - trainer - [0/190] Loss: 1.0617
2026/09/02 14:51:57 - __main__ - INFO - 162 - trainer - [39/190] Loss: 1.0810
2026/09/02 14:52:02 - __main__ - INFO - 162 - trainer - [78/190] Loss: 1.0843
2026/09/02 14:52:07 - __main__ - INFO - 162 - trainer - [117/190] Loss: 1.0936
2026/09/02 14:52:12 - __main__ - INFO - 162 - trainer - [156/190] Loss: 1.1057
2026/09/02 14:52:17 - __main__ - INFO - 167 - trainer - Average loss in epoch 103: 1.0810
2026/09/02 14:52:17 - __main__ - INFO - 117 - trainer - Epoch: 104
2026/09/02 14:52:17 - __main__ - INFO - 162 - trainer - [0/190] Loss: 1.0821
2026/09/02 14:52:22 - __main__ - INFO - 162 - trainer - [39/190] Loss: 1.0829
2026/09/02 14:52:27 - __main__ - INFO - 162 - trainer - [78/190] Loss: 1.0672
2026/09/02 14:52:32 - __main__ - INFO - 162 - trainer - [117/190] Loss: 1.0905
2026/09/02 14:52:37 - __main__ - INFO - 162 - trainer - [156/190] Loss: 1.0798
2026/09/02 14:52:42 - __main__ - INFO - 167 - trainer - Average loss in epoch 104: 1.0805
2026/09/02 14:52:42 - __main__ - INFO - 117 - trainer - Epoch: 105
2026/09/02 14:52:42 - __main__ - INFO - 162 - trainer - [0/190] Loss: 1.1128
2026/09/02 14:52:47 - __main__ - INFO - 162 - trainer - [39/190] Loss: 1.0868
2026/09/02 14:52:52 - __main__ - INFO - 162 - trainer - [78/190] Loss: 1.0523
2026/09/02 14:52:57 - __main__ - INFO - 162 - trainer - [117/190] Loss: 1.0885
2026/09/02 14:53:02 - __main__ - INFO - 162 - trainer - [156/190] Loss: 1.0885
2026/09/02 14:53:07 - __main__ - INFO - 167 - trainer - Average loss in epoch 105: 1.0803
2026/09/02 14:53:07 - __main__ - INFO - 117 - trainer - Epoch: 106
2026/09/02 14:53:07 - __main__ - INFO - 162 - trainer - [0/190] Loss: 1.0707
2026/09/02 14:53:12 - __main__ - INFO - 162 - trainer - [39/190] Loss: 1.0669
2026/09/02 14:53:17 - __main__ - INFO - 162 - trainer - [78/190] Loss: 1.0862
2026/09/02 14:53:22 - __main__ - INFO - 162 - trainer - [117/190] Loss: 1.0853
2026/09/02 14:53:27 - __main__ - INFO - 162 - trainer - [156/190] Loss: 1.0690
2026/09/02 14:53:32 - __main__ - INFO - 167 - trainer - Average loss in epoch 106: 1.0793
2026/09/02 14:53:32 - __main__ - INFO - 117 - trainer - Epoch: 107
2026/09/02 14:53:32 - __main__ - INFO - 162 - trainer - [0/190] Loss: 1.0842
2026/09/02 14:53:37 - __main__ - INFO - 162 - trainer - [39/190] Loss: 1.0799
2026/09/02 14:53:42 - __main__ - INFO - 162 - trainer - [78/190] Loss: 1.0777
2026/09/02 14:53:47 - __main__ - INFO - 162 - trainer - [117/190] Loss: 1.0892
2026/09/02 14:53:52 - __main__ - INFO - 162 - trainer - [156/190] Loss: 1.0761
2026/09/02 14:53:56 - __main__ - INFO - 167 - trainer - Average loss in epoch 107: 1.0790
2026/09/02 14:53:56 - __main__ - INFO - 117 - trainer - Epoch: 108
2026/09/02 14:53:57 - __main__ - INFO - 162 - trainer - [0/190] Loss: 1.0898
2026/09/02 14:54:02 - __main__ - INFO - 162 - trainer - [39/190] Loss: 1.0804
2026/09/02 14:54:07 - __main__ - INFO - 162 - trainer - [78/190] Loss: 1.0945
2026/09/02 14:54:13 - __main__ - INFO - 162 - trainer - [117/190] Loss: 1.1009
2026/09/02 14:54:18 - __main__ - INFO - 162 - trainer - [156/190] Loss: 1.0825
2026/09/02 14:54:23 - __main__ - INFO - 167 - trainer - Average loss in epoch 108: 1.0789
2026/09/02 14:54:23 - __main__ - INFO - 117 - trainer - Epoch: 109
2026/09/02 14:54:23 - __main__ - INFO - 162 - trainer - [0/190] Loss: 1.0668
2026/09/02 14:54:28 - __main__ - INFO - 162 - trainer - [39/190] Loss: 1.0804
2026/09/02 14:54:33 - __main__ - INFO - 162 - trainer - [78/190] Loss: 1.1014
2026/09/02 14:54:38 - __main__ - INFO - 162 - trainer - [117/190] Loss: 1.0687
2026/09/02 14:54:43 - __main__ - INFO - 162 - trainer - [156/190] Loss: 1.0808
2026/09/02 14:54:48 - __main__ - INFO - 167 - trainer - Average loss in epoch 109: 1.0784
2026/09/02 14:54:48 - __main__ - INFO - 117 - trainer - Epoch: 110
2026/09/02 14:54:48 - __main__ - INFO - 162 - trainer - [0/190] Loss: 1.0582
2026/09/02 14:54:53 - __main__ - INFO - 162 - trainer - [39/190] Loss: 1.0879
2026/09/02 14:54:58 - __main__ - INFO - 162 - trainer - [78/190] Loss: 1.0673
2026/09/02 14:55:03 - __main__ - INFO - 162 - trainer - [117/190] Loss: 1.0555
2026/09/02 14:55:08 - __main__ - INFO - 162 - trainer - [156/190] Loss: 1.0725
2026/09/02 14:55:13 - __main__ - INFO - 167 - trainer - Average loss in epoch 110: 1.0784
2026/09/02 14:55:13 - __main__ - INFO - 117 - trainer - Epoch: 111
2026/09/02 14:55:13 - __main__ - INFO - 162 - trainer - [0/190] Loss: 1.0751
2026/09/02 14:55:18 - __main__ - INFO - 162 - trainer - [39/190] Loss: 1.0739
2026/09/02 14:55:23 - __main__ - INFO - 162 - trainer - [78/190] Loss: 1.0727
2026/09/02 14:55:28 - __main__ - INFO - 162 - trainer - [117/190] Loss: 1.0861
2026/09/02 14:55:33 - __main__ - INFO - 162 - trainer - [156/190] Loss: 1.0933
2026/09/02 14:55:37 - __main__ - INFO - 167 - trainer - Average loss in epoch 111: 1.0780
2026/09/02 14:55:37 - __main__ - INFO - 117 - trainer - Epoch: 112
2026/09/02 14:55:38 - __main__ - INFO - 162 - trainer - [0/190] Loss: 1.0681
2026/09/02 14:55:43 - __main__ - INFO - 162 - trainer - [39/190] Loss: 1.0861
2026/09/02 14:55:48 - __main__ - INFO - 162 - trainer - [78/190] Loss: 1.0873
2026/09/02 14:55:53 - __main__ - INFO - 162 - trainer - [117/190] Loss: 1.0873
2026/09/02 14:55:58 - __main__ - INFO - 162 - trainer - [156/190] Loss: 1.0735
2026/09/02 14:56:02 - __main__ - INFO - 167 - trainer - Average loss in epoch 112: 1.0777
2026/09/02 14:56:02 - __main__ - INFO - 117 - trainer - Epoch: 113
2026/09/02 14:56:02 - __main__ - INFO - 162 - trainer - [0/190] Loss: 1.0899
2026/09/02 14:56:08 - __main__ - INFO - 162 - trainer - [39/190] Loss: 1.0824
2026/09/02 14:56:13 - __main__ - INFO - 162 - trainer - [78/190] Loss: 1.0722
2026/09/02 14:56:19 - __main__ - INFO - 162 - trainer - [117/190] Loss: 1.0853
2026/09/02 14:56:24 - __main__ - INFO - 162 - trainer - [156/190] Loss: 1.0893
2026/09/02 14:56:29 - __main__ - INFO - 167 - trainer - Average loss in epoch 113: 1.0777
2026/09/02 14:56:29 - __main__ - INFO - 117 - trainer - Epoch: 114
2026/09/02 14:56:29 - __main__ - INFO - 162 - trainer - [0/190] Loss: 1.1003
2026/09/02 14:56:34 - __main__ - INFO - 162 - trainer - [39/190] Loss: 1.0730
2026/09/02 14:56:39 - __main__ - INFO - 162 - trainer - [78/190] Loss: 1.0775
2026/09/02 14:56:44 - __main__ - INFO - 162 - trainer - [117/190] Loss: 1.0806
2026/09/02 14:56:49 - __main__ - INFO - 162 - trainer - [156/190] Loss: 1.0698
2026/09/02 14:56:54 - __main__ - INFO - 167 - trainer - Average loss in epoch 114: 1.0769
2026/09/02 14:56:54 - __main__ - INFO - 117 - trainer - Epoch: 115
2026/09/02 14:56:54 - __main__ - INFO - 162 - trainer - [0/190] Loss: 1.0732
2026/09/02 14:56:59 - __main__ - INFO - 162 - trainer - [39/190] Loss: 1.0954
2026/09/02 14:57:04 - __main__ - INFO - 162 - trainer - [78/190] Loss: 1.0613
2026/09/02 14:57:09 - __main__ - INFO - 162 - trainer - [117/190] Loss: 1.0758
2026/09/02 14:57:14 - __main__ - INFO - 162 - trainer - [156/190] Loss: 1.0617
2026/09/02 14:57:19 - __main__ - INFO - 167 - trainer - Average loss in epoch 115: 1.0768
2026/09/02 14:57:19 - __main__ - INFO - 117 - trainer - Epoch: 116
2026/09/02 14:57:19 - __main__ - INFO - 162 - trainer - [0/190] Loss: 1.0626
2026/09/02 14:57:24 - __main__ - INFO - 162 - trainer - [39/190] Loss: 1.0612
2026/09/02 14:57:29 - __main__ - INFO - 162 - trainer - [78/190] Loss: 1.0666
2026/09/02 14:57:34 - __main__ - INFO - 162 - trainer - [117/190] Loss: 1.0675
2026/09/02 14:57:39 - __main__ - INFO - 162 - trainer - [156/190] Loss: 1.0772
2026/09/02 14:57:44 - __main__ - INFO - 167 - trainer - Average loss in epoch 116: 1.0768
2026/09/02 14:57:44 - __main__ - INFO - 117 - trainer - Epoch: 117
2026/09/02 14:57:44 - __main__ - INFO - 162 - trainer - [0/190] Loss: 1.0741
2026/09/02 14:57:49 - __main__ - INFO - 162 - trainer - [39/190] Loss: 1.0810
2026/09/02 14:57:54 - __main__ - INFO - 162 - trainer - [78/190] Loss: 1.1044
2026/09/02 14:57:59 - __main__ - INFO - 162 - trainer - [117/190] Loss: 1.0948
2026/09/02 14:58:04 - __main__ - INFO - 162 - trainer - [156/190] Loss: 1.0985
2026/09/02 14:58:09 - __main__ - INFO - 167 - trainer - Average loss in epoch 117: 1.0759
2026/09/02 14:58:09 - __main__ - INFO - 117 - trainer - Epoch: 118
2026/09/02 14:58:09 - __main__ - INFO - 162 - trainer - [0/190] Loss: 1.0644
2026/09/02 14:58:15 - __main__ - INFO - 162 - trainer - [39/190] Loss: 1.0870
2026/09/02 14:58:20 - __main__ - INFO - 162 - trainer - [78/190] Loss: 1.0746
2026/09/02 14:58:25 - __main__ - INFO - 162 - trainer - [117/190] Loss: 1.0880
2026/09/02 14:58:31 - __main__ - INFO - 162 - trainer - [156/190] Loss: 1.0939
2026/09/02 14:58:35 - __main__ - INFO - 167 - trainer - Average loss in epoch 118: 1.0756
2026/09/02 14:58:35 - __main__ - INFO - 117 - trainer - Epoch: 119
2026/09/02 14:58:35 - __main__ - INFO - 162 - trainer - [0/190] Loss: 1.0978
2026/09/02 14:58:40 - __main__ - INFO - 162 - trainer - [39/190] Loss: 1.0645
2026/09/02 14:58:46 - __main__ - INFO - 162 - trainer - [78/190] Loss: 1.0414
2026/09/02 14:58:51 - __main__ - INFO - 162 - trainer - [117/190] Loss: 1.0770
2026/09/02 14:58:56 - __main__ - INFO - 162 - trainer - [156/190] Loss: 1.0683
2026/09/02 14:59:00 - __main__ - INFO - 167 - trainer - Average loss in epoch 119: 1.0753
2026/09/02 14:59:00 - __main__ - INFO - 117 - trainer - Epoch: 120
2026/09/02 14:59:00 - __main__ - INFO - 162 - trainer - [0/190] Loss: 1.0817
2026/09/02 14:59:05 - __main__ - INFO - 162 - trainer - [39/190] Loss: 1.0575
2026/09/02 14:59:11 - __main__ - INFO - 162 - trainer - [78/190] Loss: 1.0782
2026/09/02 14:59:16 - __main__ - INFO - 162 - trainer - [117/190] Loss: 1.0865
2026/09/02 14:59:22 - __main__ - INFO - 162 - trainer - [156/190] Loss: 1.0752
2026/09/02 14:59:26 - __main__ - INFO - 167 - trainer - Average loss in epoch 120: 1.0755
2026/09/02 14:59:26 - __main__ - INFO - 173 - trainer - start predicting: 2026-09-02 14:59:26.701684
2026/09/02 14:59:29 - __main__ - INFO - 203 - trainer - {'Best_HR@5': np.float64(9.5048), 'Best_HR@10': np.float64(16.525), 'Best_HR@20': np.float64(28.0996), 'Best_NDCG@5': np.float64(5.7849), 'Best_NDCG@10': np.float64(8.0993), 'Best_NDCG@20': np.float64(10.9636)}
2026/09/02 14:59:29 - __main__ - INFO - 204 - trainer - {'Best_epoch_HR@5': 60, 'Best_epoch_HR@10': 120, 'Best_epoch_HR@20': 120, 'Best_epoch_NDCG@5': 100, 'Best_epoch_NDCG@10': 100, 'Best_epoch_NDCG@20': 100}
2026/09/02 14:59:29 - __main__ - INFO - 117 - trainer - Epoch: 121
2026/09/02 14:59:29 - __main__ - INFO - 162 - trainer - [0/190] Loss: 1.0773
2026/09/02 14:59:34 - __main__ - INFO - 162 - trainer - [39/190] Loss: 1.0538
2026/09/02 14:59:39 - __main__ - INFO - 162 - trainer - [78/190] Loss: 1.0856
2026/09/02 14:59:44 - __main__ - INFO - 162 - trainer - [117/190] Loss: 1.0805
2026/09/02 14:59:48 - __main__ - INFO - 162 - trainer - [156/190] Loss: 1.0595
2026/09/02 14:59:53 - __main__ - INFO - 167 - trainer - Average loss in epoch 121: 1.0749
2026/09/02 14:59:53 - __main__ - INFO - 117 - trainer - Epoch: 122
2026/09/02 14:59:53 - __main__ - INFO - 162 - trainer - [0/190] Loss: 1.0739
2026/09/02 14:59:58 - __main__ - INFO - 162 - trainer - [39/190] Loss: 1.0854
2026/09/02 15:00:03 - __main__ - INFO - 162 - trainer - [78/190] Loss: 1.0630
2026/09/02 15:00:08 - __main__ - INFO - 162 - trainer - [117/190] Loss: 1.0596
2026/09/02 15:00:12 - __main__ - INFO - 162 - trainer - [156/190] Loss: 1.0815
2026/09/02 15:00:17 - __main__ - INFO - 167 - trainer - Average loss in epoch 122: 1.0752
2026/09/02 15:00:17 - __main__ - INFO - 117 - trainer - Epoch: 123
2026/09/02 15:00:17 - __main__ - INFO - 162 - trainer - [0/190] Loss: 1.0640
2026/09/02 15:00:22 - __main__ - INFO - 162 - trainer - [39/190] Loss: 1.0839
2026/09/02 15:00:28 - __main__ - INFO - 162 - trainer - [78/190] Loss: 1.0740
2026/09/02 15:00:33 - __main__ - INFO - 162 - trainer - [117/190] Loss: 1.0681
2026/09/02 15:00:38 - __main__ - INFO - 162 - trainer - [156/190] Loss: 1.0697
2026/09/02 15:00:43 - __main__ - INFO - 167 - trainer - Average loss in epoch 123: 1.0752
2026/09/02 15:00:43 - __main__ - INFO - 117 - trainer - Epoch: 124
2026/09/02 15:00:43 - __main__ - INFO - 162 - trainer - [0/190] Loss: 1.0614
2026/09/02 15:00:48 - __main__ - INFO - 162 - trainer - [39/190] Loss: 1.0938
2026/09/02 15:00:53 - __main__ - INFO - 162 - trainer - [78/190] Loss: 1.0779
2026/09/02 15:00:58 - __main__ - INFO - 162 - trainer - [117/190] Loss: 1.0747
2026/09/02 15:01:03 - __main__ - INFO - 162 - trainer - [156/190] Loss: 1.0616
2026/09/02 15:01:07 - __main__ - INFO - 167 - trainer - Average loss in epoch 124: 1.0750
2026/09/02 15:01:07 - __main__ - INFO - 117 - trainer - Epoch: 125
2026/09/02 15:01:07 - __main__ - INFO - 162 - trainer - [0/190] Loss: 1.0694
2026/09/02 15:01:12 - __main__ - INFO - 162 - trainer - [39/190] Loss: 1.0854
2026/09/02 15:01:17 - __main__ - INFO - 162 - trainer - [78/190] Loss: 1.0701
2026/09/02 15:01:22 - __main__ - INFO - 162 - trainer - [117/190] Loss: 1.0905
2026/09/02 15:01:27 - __main__ - INFO - 162 - trainer - [156/190] Loss: 1.0875
2026/09/02 15:01:31 - __main__ - INFO - 167 - trainer - Average loss in epoch 125: 1.0744
2026/09/02 15:01:31 - __main__ - INFO - 117 - trainer - Epoch: 126
2026/09/02 15:01:31 - __main__ - INFO - 162 - trainer - [0/190] Loss: 1.0708
2026/09/02 15:01:37 - __main__ - INFO - 162 - trainer - [39/190] Loss: 1.0750
2026/09/02 15:01:42 - __main__ - INFO - 162 - trainer - [78/190] Loss: 1.1136
2026/09/02 15:01:47 - __main__ - INFO - 162 - trainer - [117/190] Loss: 1.0723
2026/09/02 15:01:52 - __main__ - INFO - 162 - trainer - [156/190] Loss: 1.0762
2026/09/02 15:01:56 - __main__ - INFO - 167 - trainer - Average loss in epoch 126: 1.0742
2026/09/02 15:01:56 - __main__ - INFO - 117 - trainer - Epoch: 127
2026/09/02 15:01:56 - __main__ - INFO - 162 - trainer - [0/190] Loss: 1.0778
2026/09/02 15:02:02 - __main__ - INFO - 162 - trainer - [39/190] Loss: 1.0652
2026/09/02 15:02:07 - __main__ - INFO - 162 - trainer - [78/190] Loss: 1.0562
2026/09/02 15:02:12 - __main__ - INFO - 162 - trainer - [117/190] Loss: 1.0700
2026/09/02 15:02:17 - __main__ - INFO - 162 - trainer - [156/190] Loss: 1.0724
2026/09/02 15:02:21 - __main__ - INFO - 167 - trainer - Average loss in epoch 127: 1.0738
2026/09/02 15:02:21 - __main__ - INFO - 117 - trainer - Epoch: 128
2026/09/02 15:02:21 - __main__ - INFO - 162 - trainer - [0/190] Loss: 1.0750
2026/09/02 15:02:26 - __main__ - INFO - 162 - trainer - [39/190] Loss: 1.0566
2026/09/02 15:02:31 - __main__ - INFO - 162 - trainer - [78/190] Loss: 1.0682
2026/09/02 15:02:36 - __main__ - INFO - 162 - trainer - [117/190] Loss: 1.1078
2026/09/02 15:02:41 - __main__ - INFO - 162 - trainer - [156/190] Loss: 1.0700
2026/09/02 15:02:45 - __main__ - INFO - 167 - trainer - Average loss in epoch 128: 1.0736
2026/09/02 15:02:45 - __main__ - INFO - 117 - trainer - Epoch: 129
2026/09/02 15:02:45 - __main__ - INFO - 162 - trainer - [0/190] Loss: 1.0673
2026/09/02 15:02:50 - __main__ - INFO - 162 - trainer - [39/190] Loss: 1.0757
2026/09/02 15:02:55 - __main__ - INFO - 162 - trainer - [78/190] Loss: 1.1005
2026/09/02 15:03:00 - __main__ - INFO - 162 - trainer - [117/190] Loss: 1.1005
2026/09/02 15:03:05 - __main__ - INFO - 162 - trainer - [156/190] Loss: 1.0704
2026/09/02 15:03:10 - __main__ - INFO - 167 - trainer - Average loss in epoch 129: 1.0735
2026/09/02 15:03:10 - __main__ - INFO - 117 - trainer - Epoch: 130
2026/09/02 15:03:10 - __main__ - INFO - 162 - trainer - [0/190] Loss: 1.0886
2026/09/02 15:03:15 - __main__ - INFO - 162 - trainer - [39/190] Loss: 1.0813
2026/09/02 15:03:19 - __main__ - INFO - 162 - trainer - [78/190] Loss: 1.0640
2026/09/02 15:03:24 - __main__ - INFO - 162 - trainer - [117/190] Loss: 1.0762
2026/09/02 15:03:29 - __main__ - INFO - 162 - trainer - [156/190] Loss: 1.0780
2026/09/02 15:03:33 - __main__ - INFO - 167 - trainer - Average loss in epoch 130: 1.0732
2026/09/02 15:03:33 - __main__ - INFO - 117 - trainer - Epoch: 131
2026/09/02 15:03:34 - __main__ - INFO - 162 - trainer - [0/190] Loss: 1.0878
2026/09/02 15:03:38 - __main__ - INFO - 162 - trainer - [39/190] Loss: 1.0915
2026/09/02 15:03:43 - __main__ - INFO - 162 - trainer - [78/190] Loss: 1.0478
2026/09/02 15:03:48 - __main__ - INFO - 162 - trainer - [117/190] Loss: 1.0611
2026/09/02 15:03:53 - __main__ - INFO - 162 - trainer - [156/190] Loss: 1.0695
2026/09/02 15:03:58 - __main__ - INFO - 167 - trainer - Average loss in epoch 131: 1.0733
2026/09/02 15:03:58 - __main__ - INFO - 117 - trainer - Epoch: 132
2026/09/02 15:03:58 - __main__ - INFO - 162 - trainer - [0/190] Loss: 1.0702
2026/09/02 15:04:03 - __main__ - INFO - 162 - trainer - [39/190] Loss: 1.0718
2026/09/02 15:04:08 - __main__ - INFO - 162 - trainer - [78/190] Loss: 1.0725
2026/09/02 15:04:13 - __main__ - INFO - 162 - trainer - [117/190] Loss: 1.0641
2026/09/02 15:04:18 - __main__ - INFO - 162 - trainer - [156/190] Loss: 1.0915
2026/09/02 15:04:22 - __main__ - INFO - 167 - trainer - Average loss in epoch 132: 1.0729
2026/09/02 15:04:22 - __main__ - INFO - 117 - trainer - Epoch: 133
2026/09/02 15:04:22 - __main__ - INFO - 162 - trainer - [0/190] Loss: 1.0758
2026/09/02 15:04:27 - __main__ - INFO - 162 - trainer - [39/190] Loss: 1.0594
2026/09/02 15:04:32 - __main__ - INFO - 162 - trainer - [78/190] Loss: 1.0658
2026/09/02 15:04:36 - __main__ - INFO - 162 - trainer - [117/190] Loss: 1.0737
2026/09/02 15:04:41 - __main__ - INFO - 162 - trainer - [156/190] Loss: 1.0683
2026/09/02 15:04:46 - __main__ - INFO - 167 - trainer - Average loss in epoch 133: 1.0728
2026/09/02 15:04:46 - __main__ - INFO - 117 - trainer - Epoch: 134
2026/09/02 15:04:46 - __main__ - INFO - 162 - trainer - [0/190] Loss: 1.0830
2026/09/02 15:04:50 - __main__ - INFO - 162 - trainer - [39/190] Loss: 1.0911
2026/09/02 15:04:55 - __main__ - INFO - 162 - trainer - [78/190] Loss: 1.0872
2026/09/02 15:05:00 - __main__ - INFO - 162 - trainer - [117/190] Loss: 1.0840
2026/09/02 15:05:05 - __main__ - INFO - 162 - trainer - [156/190] Loss: 1.0858
2026/09/02 15:05:09 - __main__ - INFO - 167 - trainer - Average loss in epoch 134: 1.0721
2026/09/02 15:05:09 - __main__ - INFO - 117 - trainer - Epoch: 135
2026/09/02 15:05:09 - __main__ - INFO - 162 - trainer - [0/190] Loss: 1.0686
2026/09/02 15:05:14 - __main__ - INFO - 162 - trainer - [39/190] Loss: 1.0694
2026/09/02 15:05:19 - __main__ - INFO - 162 - trainer - [78/190] Loss: 1.0689
2026/09/02 15:05:24 - __main__ - INFO - 162 - trainer - [117/190] Loss: 1.0639
2026/09/02 15:05:29 - __main__ - INFO - 162 - trainer - [156/190] Loss: 1.0785
2026/09/02 15:05:33 - __main__ - INFO - 167 - trainer - Average loss in epoch 135: 1.0724
2026/09/02 15:05:33 - __main__ - INFO - 117 - trainer - Epoch: 136
2026/09/02 15:05:33 - __main__ - INFO - 162 - trainer - [0/190] Loss: 1.0402
2026/09/02 15:05:39 - __main__ - INFO - 162 - trainer - [39/190] Loss: 1.0528
2026/09/02 15:05:44 - __main__ - INFO - 162 - trainer - [78/190] Loss: 1.0751
2026/09/02 15:05:49 - __main__ - INFO - 162 - trainer - [117/190] Loss: 1.0836
2026/09/02 15:05:54 - __main__ - INFO - 162 - trainer - [156/190] Loss: 1.0603
2026/09/02 15:05:59 - __main__ - INFO - 167 - trainer - Average loss in epoch 136: 1.0722
2026/09/02 15:05:59 - __main__ - INFO - 117 - trainer - Epoch: 137
2026/09/02 15:05:59 - __main__ - INFO - 162 - trainer - [0/190] Loss: 1.0793
2026/09/02 15:06:04 - __main__ - INFO - 162 - trainer - [39/190] Loss: 1.0677
2026/09/02 15:06:09 - __main__ - INFO - 162 - trainer - [78/190] Loss: 1.0690
2026/09/02 15:06:15 - __main__ - INFO - 162 - trainer - [117/190] Loss: 1.0616
2026/09/02 15:06:20 - __main__ - INFO - 162 - trainer - [156/190] Loss: 1.0755
2026/09/02 15:06:25 - __main__ - INFO - 167 - trainer - Average loss in epoch 137: 1.0720
2026/09/02 15:06:25 - __main__ - INFO - 117 - trainer - Epoch: 138
2026/09/02 15:06:25 - __main__ - INFO - 162 - trainer - [0/190] Loss: 1.0642
2026/09/02 15:06:30 - __main__ - INFO - 162 - trainer - [39/190] Loss: 1.0823
2026/09/02 15:06:35 - __main__ - INFO - 162 - trainer - [78/190] Loss: 1.0754
2026/09/02 15:06:40 - __main__ - INFO - 162 - trainer - [117/190] Loss: 1.0652
2026/09/02 15:06:45 - __main__ - INFO - 162 - trainer - [156/190] Loss: 1.0542
2026/09/02 15:06:49 - __main__ - INFO - 167 - trainer - Average loss in epoch 138: 1.0725
2026/09/02 15:06:49 - __main__ - INFO - 117 - trainer - Epoch: 139
2026/09/02 15:06:49 - __main__ - INFO - 162 - trainer - [0/190] Loss: 1.0750
2026/09/02 15:06:54 - __main__ - INFO - 162 - trainer - [39/190] Loss: 1.0667
2026/09/02 15:06:59 - __main__ - INFO - 162 - trainer - [78/190] Loss: 1.0690
2026/09/02 15:07:03 - __main__ - INFO - 162 - trainer - [117/190] Loss: 1.0894
2026/09/02 15:07:08 - __main__ - INFO - 162 - trainer - [156/190] Loss: 1.0695
2026/09/02 15:07:12 - __main__ - INFO - 167 - trainer - Average loss in epoch 139: 1.0720
2026/09/02 15:07:12 - __main__ - INFO - 117 - trainer - Epoch: 140
2026/09/02 15:07:13 - __main__ - INFO - 162 - trainer - [0/190] Loss: 1.0807
2026/09/02 15:07:18 - __main__ - INFO - 162 - trainer - [39/190] Loss: 1.0697
2026/09/02 15:07:22 - __main__ - INFO - 162 - trainer - [78/190] Loss: 1.0502
2026/09/02 15:07:28 - __main__ - INFO - 162 - trainer - [117/190] Loss: 1.0791
2026/09/02 15:07:32 - __main__ - INFO - 162 - trainer - [156/190] Loss: 1.0827
2026/09/02 15:07:37 - __main__ - INFO - 167 - trainer - Average loss in epoch 140: 1.0714
2026/09/02 15:07:37 - __main__ - INFO - 173 - trainer - start predicting: 2026-09-02 15:07:37.027312
2026/09/02 15:07:39 - __main__ - INFO - 117 - trainer - Epoch: 141
2026/09/02 15:07:39 - __main__ - INFO - 162 - trainer - [0/190] Loss: 1.0745
2026/09/02 15:07:44 - __main__ - INFO - 162 - trainer - [39/190] Loss: 1.0747
2026/09/02 15:07:49 - __main__ - INFO - 162 - trainer - [78/190] Loss: 1.0694
2026/09/02 15:07:54 - __main__ - INFO - 162 - trainer - [117/190] Loss: 1.0703
2026/09/02 15:07:59 - __main__ - INFO - 162 - trainer - [156/190] Loss: 1.0674
2026/09/02 15:08:03 - __main__ - INFO - 167 - trainer - Average loss in epoch 141: 1.0712
2026/09/02 15:08:03 - __main__ - INFO - 117 - trainer - Epoch: 142
2026/09/02 15:08:03 - __main__ - INFO - 162 - trainer - [0/190] Loss: 1.0543
2026/09/02 15:08:08 - __main__ - INFO - 162 - trainer - [39/190] Loss: 1.0645
2026/09/02 15:08:13 - __main__ - INFO - 162 - trainer - [78/190] Loss: 1.0709
2026/09/02 15:08:19 - __main__ - INFO - 162 - trainer - [117/190] Loss: 1.0543
2026/09/02 15:08:24 - __main__ - INFO - 162 - trainer - [156/190] Loss: 1.0764
2026/09/02 15:08:28 - __main__ - INFO - 167 - trainer - Average loss in epoch 142: 1.0712
2026/09/02 15:08:28 - __main__ - INFO - 117 - trainer - Epoch: 143
2026/09/02 15:08:28 - __main__ - INFO - 162 - trainer - [0/190] Loss: 1.0679
2026/09/02 15:08:34 - __main__ - INFO - 162 - trainer - [39/190] Loss: 1.0817
2026/09/02 15:08:39 - __main__ - INFO - 162 - trainer - [78/190] Loss: 1.0803
2026/09/02 15:08:44 - __main__ - INFO - 162 - trainer - [117/190] Loss: 1.0737
2026/09/02 15:08:49 - __main__ - INFO - 162 - trainer - [156/190] Loss: 1.0775
2026/09/02 15:08:54 - __main__ - INFO - 167 - trainer - Average loss in epoch 143: 1.0715
2026/09/02 15:08:54 - __main__ - INFO - 117 - trainer - Epoch: 144
2026/09/02 15:08:54 - __main__ - INFO - 162 - trainer - [0/190] Loss: 1.0595
2026/09/02 15:08:59 - __main__ - INFO - 162 - trainer - [39/190] Loss: 1.0603
2026/09/02 15:09:04 - __main__ - INFO - 162 - trainer - [78/190] Loss: 1.0686
2026/09/02 15:09:09 - __main__ - INFO - 162 - trainer - [117/190] Loss: 1.0742
2026/09/02 15:09:13 - __main__ - INFO - 162 - trainer - [156/190] Loss: 1.0496
2026/09/02 15:09:18 - __main__ - INFO - 167 - trainer - Average loss in epoch 144: 1.0707
2026/09/02 15:09:18 - __main__ - INFO - 117 - trainer - Epoch: 145
2026/09/02 15:09:18 - __main__ - INFO - 162 - trainer - [0/190] Loss: 1.0631
2026/09/02 15:09:23 - __main__ - INFO - 162 - trainer - [39/190] Loss: 1.0902
2026/09/02 15:09:28 - __main__ - INFO - 162 - trainer - [78/190] Loss: 1.0917
2026/09/02 15:09:33 - __main__ - INFO - 162 - trainer - [117/190] Loss: 1.0585
2026/09/02 15:09:37 - __main__ - INFO - 162 - trainer - [156/190] Loss: 1.0503
2026/09/02 15:09:42 - __main__ - INFO - 167 - trainer - Average loss in epoch 145: 1.0708
2026/09/02 15:09:42 - __main__ - INFO - 117 - trainer - Epoch: 146
2026/09/02 15:09:42 - __main__ - INFO - 162 - trainer - [0/190] Loss: 1.0519
2026/09/02 15:09:47 - __main__ - INFO - 162 - trainer - [39/190] Loss: 1.0506
2026/09/02 15:09:52 - __main__ - INFO - 162 - trainer - [78/190] Loss: 1.0670
2026/09/02 15:09:57 - __main__ - INFO - 162 - trainer - [117/190] Loss: 1.0780
2026/09/02 15:10:01 - __main__ - INFO - 162 - trainer - [156/190] Loss: 1.0753
2026/09/02 15:10:06 - __main__ - INFO - 167 - trainer - Average loss in epoch 146: 1.0701
2026/09/02 15:10:06 - __main__ - INFO - 117 - trainer - Epoch: 147
2026/09/02 15:10:06 - __main__ - INFO - 162 - trainer - [0/190] Loss: 1.0823
2026/09/02 15:10:11 - __main__ - INFO - 162 - trainer - [39/190] Loss: 1.0801
2026/09/02 15:10:17 - __main__ - INFO - 162 - trainer - [78/190] Loss: 1.0627
2026/09/02 15:10:22 - __main__ - INFO - 162 - trainer - [117/190] Loss: 1.0637
2026/09/02 15:10:27 - __main__ - INFO - 162 - trainer - [156/190] Loss: 1.0785
2026/09/02 15:10:32 - __main__ - INFO - 167 - trainer - Average loss in epoch 147: 1.0708
2026/09/02 15:10:32 - __main__ - INFO - 117 - trainer - Epoch: 148
2026/09/02 15:10:32 - __main__ - INFO - 162 - trainer - [0/190] Loss: 1.0743
2026/09/02 15:10:37 - __main__ - INFO - 162 - trainer - [39/190] Loss: 1.0664
2026/09/02 15:10:42 - __main__ - INFO - 162 - trainer - [78/190] Loss: 1.0643
2026/09/02 15:10:47 - __main__ - INFO - 162 - trainer - [117/190] Loss: 1.0512
2026/09/02 15:10:52 - __main__ - INFO - 162 - trainer - [156/190] Loss: 1.0720
2026/09/02 15:10:56 - __main__ - INFO - 167 - trainer - Average loss in epoch 148: 1.0698
2026/09/02 15:10:56 - __main__ - INFO - 117 - trainer - Epoch: 149
2026/09/02 15:10:56 - __main__ - INFO - 162 - trainer - [0/190] Loss: 1.0693
2026/09/02 15:11:01 - __main__ - INFO - 162 - trainer - [39/190] Loss: 1.0694
2026/09/02 15:11:06 - __main__ - INFO - 162 - trainer - [78/190] Loss: 1.0625
2026/09/02 15:11:11 - __main__ - INFO - 162 - trainer - [117/190] Loss: 1.0516
2026/09/02 15:11:16 - __main__ - INFO - 162 - trainer - [156/190] Loss: 1.0588
2026/09/02 15:11:20 - __main__ - INFO - 167 - trainer - Average loss in epoch 149: 1.0705
2026/09/02 15:11:20 - __main__ - INFO - 117 - trainer - Epoch: 150
2026/09/02 15:11:20 - __main__ - INFO - 162 - trainer - [0/190] Loss: 1.0631
2026/09/02 15:11:25 - __main__ - INFO - 162 - trainer - [39/190] Loss: 1.0904
2026/09/02 15:11:31 - __main__ - INFO - 162 - trainer - [78/190] Loss: 1.0757
2026/09/02 15:11:36 - __main__ - INFO - 162 - trainer - [117/190] Loss: 1.0749
2026/09/02 15:11:42 - __main__ - INFO - 162 - trainer - [156/190] Loss: 1.0637
2026/09/02 15:11:46 - __main__ - INFO - 167 - trainer - Average loss in epoch 150: 1.0697
2026/09/02 15:11:46 - __main__ - INFO - 117 - trainer - Epoch: 151
2026/09/02 15:11:46 - __main__ - INFO - 162 - trainer - [0/190] Loss: 1.0831
2026/09/02 15:11:51 - __main__ - INFO - 162 - trainer - [39/190] Loss: 1.0678
2026/09/02 15:11:56 - __main__ - INFO - 162 - trainer - [78/190] Loss: 1.0779
2026/09/02 15:12:01 - __main__ - INFO - 162 - trainer - [117/190] Loss: 1.0698
2026/09/02 15:12:06 - __main__ - INFO - 162 - trainer - [156/190] Loss: 1.0653
2026/09/02 15:12:10 - __main__ - INFO - 167 - trainer - Average loss in epoch 151: 1.0697
2026/09/02 15:12:10 - __main__ - INFO - 117 - trainer - Epoch: 152
2026/09/02 15:12:10 - __main__ - INFO - 162 - trainer - [0/190] Loss: 1.0736
2026/09/02 15:12:15 - __main__ - INFO - 162 - trainer - [39/190] Loss: 1.0575
2026/09/02 15:12:20 - __main__ - INFO - 162 - trainer - [78/190] Loss: 1.0591
2026/09/02 15:12:25 - __main__ - INFO - 162 - trainer - [117/190] Loss: 1.0729
2026/09/02 15:12:30 - __main__ - INFO - 162 - trainer - [156/190] Loss: 1.0746
2026/09/02 15:12:34 - __main__ - INFO - 167 - trainer - Average loss in epoch 152: 1.0700
2026/09/02 15:12:34 - __main__ - INFO - 117 - trainer - Epoch: 153
2026/09/02 15:12:34 - __main__ - INFO - 162 - trainer - [0/190] Loss: 1.0808
2026/09/02 15:12:39 - __main__ - INFO - 162 - trainer - [39/190] Loss: 1.0634
2026/09/02 15:12:44 - __main__ - INFO - 162 - trainer - [78/190] Loss: 1.0831
2026/09/02 15:12:49 - __main__ - INFO - 162 - trainer - [117/190] Loss: 1.0716
2026/09/02 15:12:53 - __main__ - INFO - 162 - trainer - [156/190] Loss: 1.0780
2026/09/02 15:12:58 - __main__ - INFO - 167 - trainer - Average loss in epoch 153: 1.0692
2026/09/02 15:12:58 - __main__ - INFO - 117 - trainer - Epoch: 154
2026/09/02 15:12:58 - __main__ - INFO - 162 - trainer - [0/190] Loss: 1.0623
2026/09/02 15:13:03 - __main__ - INFO - 162 - trainer - [39/190] Loss: 1.0713
2026/09/02 15:13:08 - __main__ - INFO - 162 - trainer - [78/190] Loss: 1.0855
2026/09/02 15:13:12 - __main__ - INFO - 162 - trainer - [117/190] Loss: 1.0712
2026/09/02 15:13:17 - __main__ - INFO - 162 - trainer - [156/190] Loss: 1.0557
2026/09/02 15:13:21 - __main__ - INFO - 167 - trainer - Average loss in epoch 154: 1.0694
2026/09/02 15:13:21 - __main__ - INFO - 117 - trainer - Epoch: 155
2026/09/02 15:13:21 - __main__ - INFO - 162 - trainer - [0/190] Loss: 1.0479
2026/09/02 15:13:26 - __main__ - INFO - 162 - trainer - [39/190] Loss: 1.0807
2026/09/02 15:13:31 - __main__ - INFO - 162 - trainer - [78/190] Loss: 1.0602
2026/09/02 15:13:36 - __main__ - INFO - 162 - trainer - [117/190] Loss: 1.0509
2026/09/02 15:13:41 - __main__ - INFO - 162 - trainer - [156/190] Loss: 1.0746
2026/09/02 15:13:45 - __main__ - INFO - 167 - trainer - Average loss in epoch 155: 1.0692
2026/09/02 15:13:45 - __main__ - INFO - 117 - trainer - Epoch: 156
2026/09/02 15:13:45 - __main__ - INFO - 162 - trainer - [0/190] Loss: 1.0558
2026/09/02 15:13:51 - __main__ - INFO - 162 - trainer - [39/190] Loss: 1.0757
2026/09/02 15:13:56 - __main__ - INFO - 162 - trainer - [78/190] Loss: 1.0625
2026/09/02 15:14:02 - __main__ - INFO - 162 - trainer - [117/190] Loss: 1.0600
2026/09/02 15:14:07 - __main__ - INFO - 162 - trainer - [156/190] Loss: 1.0673
2026/09/02 15:14:12 - __main__ - INFO - 167 - trainer - Average loss in epoch 156: 1.0690
2026/09/02 15:14:12 - __main__ - INFO - 117 - trainer - Epoch: 157
2026/09/02 15:14:12 - __main__ - INFO - 162 - trainer - [0/190] Loss: 1.0645
2026/09/02 15:14:17 - __main__ - INFO - 162 - trainer - [39/190] Loss: 1.0738
2026/09/02 15:14:21 - __main__ - INFO - 162 - trainer - [78/190] Loss: 1.0780
2026/09/02 15:14:26 - __main__ - INFO - 162 - trainer - [117/190] Loss: 1.0631
2026/09/02 15:14:31 - __main__ - INFO - 162 - trainer - [156/190] Loss: 1.0793
2026/09/02 15:14:35 - __main__ - INFO - 167 - trainer - Average loss in epoch 157: 1.0685
2026/09/02 15:14:35 - __main__ - INFO - 117 - trainer - Epoch: 158
2026/09/02 15:14:35 - __main__ - INFO - 162 - trainer - [0/190] Loss: 1.0578
2026/09/02 15:14:40 - __main__ - INFO - 162 - trainer - [39/190] Loss: 1.0668
2026/09/02 15:14:45 - __main__ - INFO - 162 - trainer - [78/190] Loss: 1.0664
2026/09/02 15:14:50 - __main__ - INFO - 162 - trainer - [117/190] Loss: 1.0681
2026/09/02 15:14:55 - __main__ - INFO - 162 - trainer - [156/190] Loss: 1.0830
2026/09/02 15:14:59 - __main__ - INFO - 167 - trainer - Average loss in epoch 158: 1.0684
2026/09/02 15:14:59 - __main__ - INFO - 117 - trainer - Epoch: 159
2026/09/02 15:14:59 - __main__ - INFO - 162 - trainer - [0/190] Loss: 1.0582
2026/09/02 15:15:04 - __main__ - INFO - 162 - trainer - [39/190] Loss: 1.0809
2026/09/02 15:15:09 - __main__ - INFO - 162 - trainer - [78/190] Loss: 1.0700
2026/09/02 15:15:14 - __main__ - INFO - 162 - trainer - [117/190] Loss: 1.0672
2026/09/02 15:15:19 - __main__ - INFO - 162 - trainer - [156/190] Loss: 1.0554
2026/09/02 15:15:23 - __main__ - INFO - 167 - trainer - Average loss in epoch 159: 1.0685
2026/09/02 15:15:23 - __main__ - INFO - 117 - trainer - Epoch: 160
2026/09/02 15:15:24 - __main__ - INFO - 162 - trainer - [0/190] Loss: 1.0797
2026/09/02 15:15:29 - __main__ - INFO - 162 - trainer - [39/190] Loss: 1.0712
2026/09/02 15:15:34 - __main__ - INFO - 162 - trainer - [78/190] Loss: 1.0712
2026/09/02 15:15:39 - __main__ - INFO - 162 - trainer - [117/190] Loss: 1.0715
2026/09/02 15:15:44 - __main__ - INFO - 162 - trainer - [156/190] Loss: 1.0749
2026/09/02 15:15:48 - __main__ - INFO - 167 - trainer - Average loss in epoch 160: 1.0685
2026/09/02 15:15:48 - __main__ - INFO - 173 - trainer - start predicting: 2026-09-02 15:15:48.864445
2026/09/02 15:15:51 - __main__ - INFO - 117 - trainer - Epoch: 161
2026/09/02 15:15:51 - __main__ - INFO - 162 - trainer - [0/190] Loss: 1.0617
2026/09/02 15:15:56 - __main__ - INFO - 162 - trainer - [39/190] Loss: 1.0603
2026/09/02 15:16:01 - __main__ - INFO - 162 - trainer - [78/190] Loss: 1.0754
2026/09/02 15:16:06 - __main__ - INFO - 162 - trainer - [117/190] Loss: 1.0590
2026/09/02 15:16:11 - __main__ - INFO - 162 - trainer - [156/190] Loss: 1.0600
2026/09/02 15:16:15 - __main__ - INFO - 167 - trainer - Average loss in epoch 161: 1.0687
2026/09/02 15:16:15 - __main__ - INFO - 117 - trainer - Epoch: 162
2026/09/02 15:16:15 - __main__ - INFO - 162 - trainer - [0/190] Loss: 1.0857
2026/09/02 15:16:20 - __main__ - INFO - 162 - trainer - [39/190] Loss: 1.0599
2026/09/02 15:16:26 - __main__ - INFO - 162 - trainer - [78/190] Loss: 1.0424
2026/09/02 15:16:31 - __main__ - INFO - 162 - trainer - [117/190] Loss: 1.0526
2026/09/02 15:16:37 - __main__ - INFO - 162 - trainer - [156/190] Loss: 1.0743
2026/09/02 15:16:41 - __main__ - INFO - 167 - trainer - Average loss in epoch 162: 1.0685
2026/09/02 15:16:41 - __main__ - INFO - 117 - trainer - Epoch: 163
2026/09/02 15:16:41 - __main__ - INFO - 162 - trainer - [0/190] Loss: 1.0718
2026/09/02 15:16:47 - __main__ - INFO - 162 - trainer - [39/190] Loss: 1.0649
2026/09/02 15:16:52 - __main__ - INFO - 162 - trainer - [78/190] Loss: 1.0712
2026/09/02 15:16:58 - __main__ - INFO - 162 - trainer - [117/190] Loss: 1.0643
2026/09/02 15:17:03 - __main__ - INFO - 162 - trainer - [156/190] Loss: 1.0765
2026/09/02 15:17:08 - __main__ - INFO - 167 - trainer - Average loss in epoch 163: 1.0679
2026/09/02 15:17:08 - __main__ - INFO - 117 - trainer - Epoch: 164
2026/09/02 15:17:08 - __main__ - INFO - 162 - trainer - [0/190] Loss: 1.0819
2026/09/02 15:17:13 - __main__ - INFO - 162 - trainer - [39/190] Loss: 1.0642
2026/09/02 15:17:18 - __main__ - INFO - 162 - trainer - [78/190] Loss: 1.0710
2026/09/02 15:17:23 - __main__ - INFO - 162 - trainer - [117/190] Loss: 1.0503
2026/09/02 15:17:27 - __main__ - INFO - 162 - trainer - [156/190] Loss: 1.0575
2026/09/02 15:17:32 - __main__ - INFO - 167 - trainer - Average loss in epoch 164: 1.0679
2026/09/02 15:17:32 - __main__ - INFO - 117 - trainer - Epoch: 165
2026/09/02 15:17:32 - __main__ - INFO - 162 - trainer - [0/190] Loss: 1.0618
2026/09/02 15:17:37 - __main__ - INFO - 162 - trainer - [39/190] Loss: 1.0776
2026/09/02 15:17:43 - __main__ - INFO - 162 - trainer - [78/190] Loss: 1.0616
2026/09/02 15:17:48 - __main__ - INFO - 162 - trainer - [117/190] Loss: 1.0599
2026/09/02 15:17:53 - __main__ - INFO - 162 - trainer - [156/190] Loss: 1.0726
2026/09/02 15:17:58 - __main__ - INFO - 167 - trainer - Average loss in epoch 165: 1.0675
2026/09/02 15:17:58 - __main__ - INFO - 117 - trainer - Epoch: 166
2026/09/02 15:17:58 - __main__ - INFO - 162 - trainer - [0/190] Loss: 1.0878
2026/09/02 15:18:03 - __main__ - INFO - 162 - trainer - [39/190] Loss: 1.0650
2026/09/02 15:18:08 - __main__ - INFO - 162 - trainer - [78/190] Loss: 1.0658
2026/09/02 15:18:13 - __main__ - INFO - 162 - trainer - [117/190] Loss: 1.0522
2026/09/02 15:18:19 - __main__ - INFO - 162 - trainer - [156/190] Loss: 1.0755
2026/09/02 15:18:23 - __main__ - INFO - 167 - trainer - Average loss in epoch 166: 1.0677
2026/09/02 15:18:23 - __main__ - INFO - 117 - trainer - Epoch: 167
2026/09/02 15:18:23 - __main__ - INFO - 162 - trainer - [0/190] Loss: 1.0690
2026/09/02 15:18:29 - __main__ - INFO - 162 - trainer - [39/190] Loss: 1.0428
2026/09/02 15:18:34 - __main__ - INFO - 162 - trainer - [78/190] Loss: 1.0824
2026/09/02 15:18:40 - __main__ - INFO - 162 - trainer - [117/190] Loss: 1.0494
2026/09/02 15:18:45 - __main__ - INFO - 162 - trainer - [156/190] Loss: 1.0842
2026/09/02 15:18:50 - __main__ - INFO - 167 - trainer - Average loss in epoch 167: 1.0675
2026/09/02 15:18:50 - __main__ - INFO - 117 - trainer - Epoch: 168
2026/09/02 15:18:50 - __main__ - INFO - 162 - trainer - [0/190] Loss: 1.0870
2026/09/02 15:18:55 - __main__ - INFO - 162 - trainer - [39/190] Loss: 1.0631
2026/09/02 15:19:00 - __main__ - INFO - 162 - trainer - [78/190] Loss: 1.0547
2026/09/02 15:19:05 - __main__ - INFO - 162 - trainer - [117/190] Loss: 1.0578
2026/09/02 15:19:09 - __main__ - INFO - 162 - trainer - [156/190] Loss: 1.0471
2026/09/02 15:19:14 - __main__ - INFO - 167 - trainer - Average loss in epoch 168: 1.0674
2026/09/02 15:19:14 - __main__ - INFO - 117 - trainer - Epoch: 169
2026/09/02 15:19:14 - __main__ - INFO - 162 - trainer - [0/190] Loss: 1.0645
2026/09/02 15:19:19 - __main__ - INFO - 162 - trainer - [39/190] Loss: 1.0707
2026/09/02 15:19:23 - __main__ - INFO - 162 - trainer - [78/190] Loss: 1.0766
2026/09/02 15:19:28 - __main__ - INFO - 162 - trainer - [117/190] Loss: 1.0693
2026/09/02 15:19:33 - __main__ - INFO - 162 - trainer - [156/190] Loss: 1.0530
2026/09/02 15:19:38 - __main__ - INFO - 167 - trainer - Average loss in epoch 169: 1.0670
2026/09/02 15:19:38 - __main__ - INFO - 117 - trainer - Epoch: 170
2026/09/02 15:19:38 - __main__ - INFO - 162 - trainer - [0/190] Loss: 1.0707
2026/09/02 15:19:43 - __main__ - INFO - 162 - trainer - [39/190] Loss: 1.0724
2026/09/02 15:19:49 - __main__ - INFO - 162 - trainer - [78/190] Loss: 1.0628
2026/09/02 15:19:54 - __main__ - INFO - 162 - trainer - [117/190] Loss: 1.0539
2026/09/02 15:19:59 - __main__ - INFO - 162 - trainer - [156/190] Loss: 1.0563
2026/09/02 15:20:04 - __main__ - INFO - 167 - trainer - Average loss in epoch 170: 1.0669
2026/09/02 15:20:04 - __main__ - INFO - 117 - trainer - Epoch: 171
2026/09/02 15:20:04 - __main__ - INFO - 162 - trainer - [0/190] Loss: 1.0675
2026/09/02 15:20:09 - __main__ - INFO - 162 - trainer - [39/190] Loss: 1.0517
2026/09/02 15:20:14 - __main__ - INFO - 162 - trainer - [78/190] Loss: 1.0762
2026/09/02 15:20:19 - __main__ - INFO - 162 - trainer - [117/190] Loss: 1.0745
2026/09/02 15:20:24 - __main__ - INFO - 162 - trainer - [156/190] Loss: 1.0836
2026/09/02 15:20:28 - __main__ - INFO - 167 - trainer - Average loss in epoch 171: 1.0674
2026/09/02 15:20:28 - __main__ - INFO - 117 - trainer - Epoch: 172
2026/09/02 15:20:28 - __main__ - INFO - 162 - trainer - [0/190] Loss: 1.0562
2026/09/02 15:20:33 - __main__ - INFO - 162 - trainer - [39/190] Loss: 1.0854
2026/09/02 15:20:38 - __main__ - INFO - 162 - trainer - [78/190] Loss: 1.0584
2026/09/02 15:20:43 - __main__ - INFO - 162 - trainer - [117/190] Loss: 1.0357
2026/09/02 15:20:48 - __main__ - INFO - 162 - trainer - [156/190] Loss: 1.0616
2026/09/02 15:20:53 - __main__ - INFO - 167 - trainer - Average loss in epoch 172: 1.0667
2026/09/02 15:20:53 - __main__ - INFO - 117 - trainer - Epoch: 173
2026/09/02 15:20:53 - __main__ - INFO - 162 - trainer - [0/190] Loss: 1.0805
2026/09/02 15:20:58 - __main__ - INFO - 162 - trainer - [39/190] Loss: 1.0446
2026/09/02 15:21:03 - __main__ - INFO - 162 - trainer - [78/190] Loss: 1.0809
2026/09/02 15:21:07 - __main__ - INFO - 162 - trainer - [117/190] Loss: 1.0685
2026/09/02 15:21:12 - __main__ - INFO - 162 - trainer - [156/190] Loss: 1.0621
2026/09/02 15:21:17 - __main__ - INFO - 167 - trainer - Average loss in epoch 173: 1.0667
2026/09/02 15:21:17 - __main__ - INFO - 117 - trainer - Epoch: 174
2026/09/02 15:21:17 - __main__ - INFO - 162 - trainer - [0/190] Loss: 1.0527
2026/09/02 15:21:22 - __main__ - INFO - 162 - trainer - [39/190] Loss: 1.0656
2026/09/02 15:21:27 - __main__ - INFO - 162 - trainer - [78/190] Loss: 1.0820
2026/09/02 15:21:32 - __main__ - INFO - 162 - trainer - [117/190] Loss: 1.0615
2026/09/02 15:21:37 - __main__ - INFO - 162 - trainer - [156/190] Loss: 1.0769
2026/09/02 15:21:42 - __main__ - INFO - 167 - trainer - Average loss in epoch 174: 1.0667
2026/09/02 15:21:42 - __main__ - INFO - 117 - trainer - Epoch: 175
2026/09/02 15:21:42 - __main__ - INFO - 162 - trainer - [0/190] Loss: 1.0552
2026/09/02 15:21:47 - __main__ - INFO - 162 - trainer - [39/190] Loss: 1.0439
2026/09/02 15:21:52 - __main__ - INFO - 162 - trainer - [78/190] Loss: 1.0733
2026/09/02 15:21:57 - __main__ - INFO - 162 - trainer - [117/190] Loss: 1.0599
2026/09/02 15:22:01 - __main__ - INFO - 162 - trainer - [156/190] Loss: 1.0665
2026/09/02 15:22:06 - __main__ - INFO - 167 - trainer - Average loss in epoch 175: 1.0658
2026/09/02 15:22:06 - __main__ - INFO - 117 - trainer - Epoch: 176
2026/09/02 15:22:06 - __main__ - INFO - 162 - trainer - [0/190] Loss: 1.0439
2026/09/02 15:22:11 - __main__ - INFO - 162 - trainer - [39/190] Loss: 1.0600
2026/09/02 15:22:15 - __main__ - INFO - 162 - trainer - [78/190] Loss: 1.0716
2026/09/02 15:22:21 - __main__ - INFO - 162 - trainer - [117/190] Loss: 1.0519
2026/09/02 15:22:25 - __main__ - INFO - 162 - trainer - [156/190] Loss: 1.0466
2026/09/02 15:22:30 - __main__ - INFO - 167 - trainer - Average loss in epoch 176: 1.0663
2026/09/02 15:22:30 - __main__ - INFO - 117 - trainer - Epoch: 177
2026/09/02 15:22:30 - __main__ - INFO - 162 - trainer - [0/190] Loss: 1.0799
2026/09/02 15:22:35 - __main__ - INFO - 162 - trainer - [39/190] Loss: 1.0517
2026/09/02 15:22:40 - __main__ - INFO - 162 - trainer - [78/190] Loss: 1.0754
2026/09/02 15:22:46 - __main__ - INFO - 162 - trainer - [117/190] Loss: 1.0689
2026/09/02 15:22:51 - __main__ - INFO - 162 - trainer - [156/190] Loss: 1.0815
2026/09/02 15:22:56 - __main__ - INFO - 167 - trainer - Average loss in epoch 177: 1.0657
2026/09/02 15:22:56 - __main__ - INFO - 117 - trainer - Epoch: 178
2026/09/02 15:22:56 - __main__ - INFO - 162 - trainer - [0/190] Loss: 1.0518
2026/09/02 15:23:01 - __main__ - INFO - 162 - trainer - [39/190] Loss: 1.0686
2026/09/02 15:23:06 - __main__ - INFO - 162 - trainer - [78/190] Loss: 1.0669
2026/09/02 15:23:11 - __main__ - INFO - 162 - trainer - [117/190] Loss: 1.0638
2026/09/02 15:23:17 - __main__ - INFO - 162 - trainer - [156/190] Loss: 1.0717
2026/09/02 15:23:21 - __main__ - INFO - 167 - trainer - Average loss in epoch 178: 1.0663
2026/09/02 15:23:21 - __main__ - INFO - 117 - trainer - Epoch: 179
2026/09/02 15:23:21 - __main__ - INFO - 162 - trainer - [0/190] Loss: 1.0894
2026/09/02 15:23:26 - __main__ - INFO - 162 - trainer - [39/190] Loss: 1.0607
2026/09/02 15:23:31 - __main__ - INFO - 162 - trainer - [78/190] Loss: 1.0529
2026/09/02 15:23:36 - __main__ - INFO - 162 - trainer - [117/190] Loss: 1.0898
2026/09/02 15:23:41 - __main__ - INFO - 162 - trainer - [156/190] Loss: 1.0641
2026/09/02 15:23:45 - __main__ - INFO - 167 - trainer - Average loss in epoch 179: 1.0661
2026/09/02 15:23:45 - __main__ - INFO - 117 - trainer - Epoch: 180
2026/09/02 15:23:46 - __main__ - INFO - 162 - trainer - [0/190] Loss: 1.0650
2026/09/02 15:23:51 - __main__ - INFO - 162 - trainer - [39/190] Loss: 1.0453
2026/09/02 15:23:56 - __main__ - INFO - 162 - trainer - [78/190] Loss: 1.0716
2026/09/02 15:24:01 - __main__ - INFO - 162 - trainer - [117/190] Loss: 1.0506
2026/09/02 15:24:06 - __main__ - INFO - 162 - trainer - [156/190] Loss: 1.0714
2026/09/02 15:24:10 - __main__ - INFO - 167 - trainer - Average loss in epoch 180: 1.0657
2026/09/02 15:24:10 - __main__ - INFO - 173 - trainer - start predicting: 2026-09-02 15:24:10.664262
2026/09/02 15:24:13 - __main__ - INFO - 117 - trainer - Epoch: 181
2026/09/02 15:24:13 - __main__ - INFO - 162 - trainer - [0/190] Loss: 1.0714
2026/09/02 15:24:18 - __main__ - INFO - 162 - trainer - [39/190] Loss: 1.0497
2026/09/02 15:24:24 - __main__ - INFO - 162 - trainer - [78/190] Loss: 1.0492
2026/09/02 15:24:29 - __main__ - INFO - 162 - trainer - [117/190] Loss: 1.0574
2026/09/02 15:24:34 - __main__ - INFO - 162 - trainer - [156/190] Loss: 1.0752
2026/09/02 15:24:38 - __main__ - INFO - 167 - trainer - Average loss in epoch 181: 1.0656
2026/09/02 15:24:38 - __main__ - INFO - 117 - trainer - Epoch: 182
2026/09/02 15:24:38 - __main__ - INFO - 162 - trainer - [0/190] Loss: 1.0906
2026/09/02 15:24:44 - __main__ - INFO - 162 - trainer - [39/190] Loss: 1.0780
2026/09/02 15:24:48 - __main__ - INFO - 162 - trainer - [78/190] Loss: 1.0855
2026/09/02 15:24:53 - __main__ - INFO - 162 - trainer - [117/190] Loss: 1.0927
2026/09/02 15:24:58 - __main__ - INFO - 162 - trainer - [156/190] Loss: 1.0861
2026/09/02 15:25:02 - __main__ - INFO - 167 - trainer - Average loss in epoch 182: 1.0651
2026/09/02 15:25:02 - __main__ - INFO - 117 - trainer - Epoch: 183
2026/09/02 15:25:03 - __main__ - INFO - 162 - trainer - [0/190] Loss: 1.0654
2026/09/02 15:25:08 - __main__ - INFO - 162 - trainer - [39/190] Loss: 1.0786
2026/09/02 15:25:14 - __main__ - INFO - 162 - trainer - [78/190] Loss: 1.0614
2026/09/02 15:25:19 - __main__ - INFO - 162 - trainer - [117/190] Loss: 1.0822
2026/09/02 15:25:24 - __main__ - INFO - 162 - trainer - [156/190] Loss: 1.0567
2026/09/02 15:25:29 - __main__ - INFO - 167 - trainer - Average loss in epoch 183: 1.0655
2026/09/02 15:25:29 - __main__ - INFO - 117 - trainer - Epoch: 184
2026/09/02 15:25:29 - __main__ - INFO - 162 - trainer - [0/190] Loss: 1.0595
2026/09/02 15:25:34 - __main__ - INFO - 162 - trainer - [39/190] Loss: 1.0604
2026/09/02 15:25:39 - __main__ - INFO - 162 - trainer - [78/190] Loss: 1.0624
2026/09/02 15:25:44 - __main__ - INFO - 162 - trainer - [117/190] Loss: 1.0619
2026/09/02 15:25:49 - __main__ - INFO - 162 - trainer - [156/190] Loss: 1.0710
2026/09/02 15:25:53 - __main__ - INFO - 167 - trainer - Average loss in epoch 184: 1.0650
2026/09/02 15:25:53 - __main__ - INFO - 117 - trainer - Epoch: 185
2026/09/02 15:25:53 - __main__ - INFO - 162 - trainer - [0/190] Loss: 1.0776
2026/09/02 15:25:58 - __main__ - INFO - 162 - trainer - [39/190] Loss: 1.0410
2026/09/02 15:26:04 - __main__ - INFO - 162 - trainer - [78/190] Loss: 1.0530
2026/09/02 15:26:09 - __main__ - INFO - 162 - trainer - [117/190] Loss: 1.0730
2026/09/02 15:26:15 - __main__ - INFO - 162 - trainer - [156/190] Loss: 1.0768
2026/09/02 15:26:19 - __main__ - INFO - 167 - trainer - Average loss in epoch 185: 1.0647
2026/09/02 15:26:19 - __main__ - INFO - 117 - trainer - Epoch: 186
2026/09/02 15:26:19 - __main__ - INFO - 162 - trainer - [0/190] Loss: 1.0612
2026/09/02 15:26:24 - __main__ - INFO - 162 - trainer - [39/190] Loss: 1.0591
2026/09/02 15:26:29 - __main__ - INFO - 162 - trainer - [78/190] Loss: 1.0647
2026/09/02 15:26:34 - __main__ - INFO - 162 - trainer - [117/190] Loss: 1.0523
2026/09/02 15:26:39 - __main__ - INFO - 162 - trainer - [156/190] Loss: 1.0785
2026/09/02 15:26:43 - __main__ - INFO - 167 - trainer - Average loss in epoch 186: 1.0650
2026/09/02 15:26:43 - __main__ - INFO - 117 - trainer - Epoch: 187
2026/09/02 15:26:43 - __main__ - INFO - 162 - trainer - [0/190] Loss: 1.0680
2026/09/02 15:26:48 - __main__ - INFO - 162 - trainer - [39/190] Loss: 1.0941
2026/09/02 15:26:53 - __main__ - INFO - 162 - trainer - [78/190] Loss: 1.0681
2026/09/02 15:26:58 - __main__ - INFO - 162 - trainer - [117/190] Loss: 1.0735
2026/09/02 15:27:03 - __main__ - INFO - 162 - trainer - [156/190] Loss: 1.0617
2026/09/02 15:27:07 - __main__ - INFO - 167 - trainer - Average loss in epoch 187: 1.0650
2026/09/02 15:27:07 - __main__ - INFO - 117 - trainer - Epoch: 188
2026/09/02 15:27:07 - __main__ - INFO - 162 - trainer - [0/190] Loss: 1.0729
2026/09/02 15:27:12 - __main__ - INFO - 162 - trainer - [39/190] Loss: 1.0536
2026/09/02 15:27:17 - __main__ - INFO - 162 - trainer - [78/190] Loss: 1.0598
2026/09/02 15:27:21 - __main__ - INFO - 162 - trainer - [117/190] Loss: 1.0794
2026/09/02 15:27:26 - __main__ - INFO - 162 - trainer - [156/190] Loss: 1.0583
2026/09/02 15:27:30 - __main__ - INFO - 167 - trainer - Average loss in epoch 188: 1.0648
2026/09/02 15:27:30 - __main__ - INFO - 117 - trainer - Epoch: 189
2026/09/02 15:27:31 - __main__ - INFO - 162 - trainer - [0/190] Loss: 1.0810
2026/09/02 15:27:35 - __main__ - INFO - 162 - trainer - [39/190] Loss: 1.0704
2026/09/02 15:27:40 - __main__ - INFO - 162 - trainer - [78/190] Loss: 1.0777
2026/09/02 15:27:45 - __main__ - INFO - 162 - trainer - [117/190] Loss: 1.0531
2026/09/02 15:27:50 - __main__ - INFO - 162 - trainer - [156/190] Loss: 1.0843
2026/09/02 15:27:54 - __main__ - INFO - 167 - trainer - Average loss in epoch 189: 1.0644
2026/09/02 15:27:54 - __main__ - INFO - 117 - trainer - Epoch: 190
2026/09/02 15:27:55 - __main__ - INFO - 162 - trainer - [0/190] Loss: 1.0433
2026/09/02 15:28:00 - __main__ - INFO - 162 - trainer - [39/190] Loss: 1.0620
2026/09/02 15:28:04 - __main__ - INFO - 162 - trainer - [78/190] Loss: 1.0598
2026/09/02 15:28:09 - __main__ - INFO - 162 - trainer - [117/190] Loss: 1.0709
2026/09/02 15:28:14 - __main__ - INFO - 162 - trainer - [156/190] Loss: 1.0966
2026/09/02 15:28:18 - __main__ - INFO - 167 - trainer - Average loss in epoch 190: 1.0640
2026/09/02 15:28:18 - __main__ - INFO - 117 - trainer - Epoch: 191
2026/09/02 15:28:18 - __main__ - INFO - 162 - trainer - [0/190] Loss: 1.0708
2026/09/02 15:28:23 - __main__ - INFO - 162 - trainer - [39/190] Loss: 1.0658
2026/09/02 15:28:28 - __main__ - INFO - 162 - trainer - [78/190] Loss: 1.0639
2026/09/02 15:28:33 - __main__ - INFO - 162 - trainer - [117/190] Loss: 1.0622
2026/09/02 15:28:38 - __main__ - INFO - 162 - trainer - [156/190] Loss: 1.0781
2026/09/02 15:28:42 - __main__ - INFO - 167 - trainer - Average loss in epoch 191: 1.0648
2026/09/02 15:28:42 - __main__ - INFO - 117 - trainer - Epoch: 192
2026/09/02 15:28:42 - __main__ - INFO - 162 - trainer - [0/190] Loss: 1.0854
2026/09/02 15:28:47 - __main__ - INFO - 162 - trainer - [39/190] Loss: 1.0450
2026/09/02 15:28:52 - __main__ - INFO - 162 - trainer - [78/190] Loss: 1.0801
2026/09/02 15:28:57 - __main__ - INFO - 162 - trainer - [117/190] Loss: 1.0740
2026/09/02 15:29:02 - __main__ - INFO - 162 - trainer - [156/190] Loss: 1.0499
2026/09/02 15:29:06 - __main__ - INFO - 167 - trainer - Average loss in epoch 192: 1.0645
2026/09/02 15:29:06 - __main__ - INFO - 117 - trainer - Epoch: 193
2026/09/02 15:29:06 - __main__ - INFO - 162 - trainer - [0/190] Loss: 1.0579
2026/09/02 15:29:11 - __main__ - INFO - 162 - trainer - [39/190] Loss: 1.0616
2026/09/02 15:29:16 - __main__ - INFO - 162 - trainer - [78/190] Loss: 1.0625
2026/09/02 15:29:21 - __main__ - INFO - 162 - trainer - [117/190] Loss: 1.0688
2026/09/02 15:29:26 - __main__ - INFO - 162 - trainer - [156/190] Loss: 1.0755
2026/09/02 15:29:30 - __main__ - INFO - 167 - trainer - Average loss in epoch 193: 1.0639
2026/09/02 15:29:30 - __main__ - INFO - 117 - trainer - Epoch: 194
2026/09/02 15:29:30 - __main__ - INFO - 162 - trainer - [0/190] Loss: 1.0563
2026/09/02 15:29:35 - __main__ - INFO - 162 - trainer - [39/190] Loss: 1.0525
2026/09/02 15:29:40 - __main__ - INFO - 162 - trainer - [78/190] Loss: 1.0498
2026/09/02 15:29:45 - __main__ - INFO - 162 - trainer - [117/190] Loss: 1.0830
2026/09/02 15:29:50 - __main__ - INFO - 162 - trainer - [156/190] Loss: 1.0568
2026/09/02 15:29:54 - __main__ - INFO - 167 - trainer - Average loss in epoch 194: 1.0638
2026/09/02 15:29:54 - __main__ - INFO - 117 - trainer - Epoch: 195
2026/09/02 15:29:54 - __main__ - INFO - 162 - trainer - [0/190] Loss: 1.0673
2026/09/02 15:30:00 - __main__ - INFO - 162 - trainer - [39/190] Loss: 1.0473
2026/09/02 15:30:05 - __main__ - INFO - 162 - trainer - [78/190] Loss: 1.0775
2026/09/02 15:30:10 - __main__ - INFO - 162 - trainer - [117/190] Loss: 1.0534
2026/09/02 15:30:16 - __main__ - INFO - 162 - trainer - [156/190] Loss: 1.0598
2026/09/02 15:30:20 - __main__ - INFO - 167 - trainer - Average loss in epoch 195: 1.0634
2026/09/02 15:30:20 - __main__ - INFO - 117 - trainer - Epoch: 196
2026/09/02 15:30:21 - __main__ - INFO - 162 - trainer - [0/190] Loss: 1.0728
2026/09/02 15:30:26 - __main__ - INFO - 162 - trainer - [39/190] Loss: 1.0611
2026/09/02 15:30:31 - __main__ - INFO - 162 - trainer - [78/190] Loss: 1.0774
2026/09/02 15:30:36 - __main__ - INFO - 162 - trainer - [117/190] Loss: 1.0612
2026/09/02 15:30:41 - __main__ - INFO - 162 - trainer - [156/190] Loss: 1.0635
2026/09/02 15:30:46 - __main__ - INFO - 167 - trainer - Average loss in epoch 196: 1.0635
2026/09/02 15:30:46 - __main__ - INFO - 117 - trainer - Epoch: 197
2026/09/02 15:30:46 - __main__ - INFO - 162 - trainer - [0/190] Loss: 1.0606
2026/09/02 15:30:51 - __main__ - INFO - 162 - trainer - [39/190] Loss: 1.0611
2026/09/02 15:30:56 - __main__ - INFO - 162 - trainer - [78/190] Loss: 1.0572
2026/09/02 15:31:01 - __main__ - INFO - 162 - trainer - [117/190] Loss: 1.0571
2026/09/02 15:31:06 - __main__ - INFO - 162 - trainer - [156/190] Loss: 1.0706
2026/09/02 15:31:10 - __main__ - INFO - 167 - trainer - Average loss in epoch 197: 1.0633
2026/09/02 15:31:10 - __main__ - INFO - 117 - trainer - Epoch: 198
2026/09/02 15:31:10 - __main__ - INFO - 162 - trainer - [0/190] Loss: 1.0623
2026/09/02 15:31:15 - __main__ - INFO - 162 - trainer - [39/190] Loss: 1.0558
2026/09/02 15:31:21 - __main__ - INFO - 162 - trainer - [78/190] Loss: 1.0507
2026/09/02 15:31:26 - __main__ - INFO - 162 - trainer - [117/190] Loss: 1.0684
2026/09/02 15:31:32 - __main__ - INFO - 162 - trainer - [156/190] Loss: 1.0702
2026/09/02 15:31:37 - __main__ - INFO - 167 - trainer - Average loss in epoch 198: 1.0634
2026/09/02 15:31:37 - __main__ - INFO - 117 - trainer - Epoch: 199
2026/09/02 15:31:37 - __main__ - INFO - 162 - trainer - [0/190] Loss: 1.0395
2026/09/02 15:31:42 - __main__ - INFO - 162 - trainer - [39/190] Loss: 1.0778
2026/09/02 15:31:47 - __main__ - INFO - 162 - trainer - [78/190] Loss: 1.0753
2026/09/02 15:31:52 - __main__ - INFO - 162 - trainer - [117/190] Loss: 1.0458
2026/09/02 15:31:57 - __main__ - INFO - 162 - trainer - [156/190] Loss: 1.0595
2026/09/02 15:32:01 - __main__ - INFO - 167 - trainer - Average loss in epoch 199: 1.0635
2026/09/02 15:32:01 - __main__ - INFO - 117 - trainer - Epoch: 200
2026/09/02 15:32:01 - __main__ - INFO - 162 - trainer - [0/190] Loss: 1.0638
2026/09/02 15:32:06 - __main__ - INFO - 162 - trainer - [39/190] Loss: 1.0348
2026/09/02 15:32:11 - __main__ - INFO - 162 - trainer - [78/190] Loss: 1.0583
2026/09/02 15:32:16 - __main__ - INFO - 162 - trainer - [117/190] Loss: 1.0735
2026/09/02 15:32:21 - __main__ - INFO - 162 - trainer - [156/190] Loss: 1.0534
2026/09/02 15:32:25 - __main__ - INFO - 167 - trainer - Average loss in epoch 200: 1.0620
2026/09/02 15:32:25 - __main__ - INFO - 173 - trainer - start predicting: 2026-09-02 15:32:25.904447
2026/09/02 15:32:28 - __main__ - INFO - 117 - trainer - Epoch: 201
2026/09/02 15:32:28 - __main__ - INFO - 162 - trainer - [0/190] Loss: 1.0587
2026/09/02 15:32:34 - __main__ - INFO - 162 - trainer - [39/190] Loss: 1.0772
2026/09/02 15:32:39 - __main__ - INFO - 162 - trainer - [78/190] Loss: 1.0585
2026/09/02 15:32:45 - __main__ - INFO - 162 - trainer - [117/190] Loss: 1.0520
2026/09/02 15:32:50 - __main__ - INFO - 162 - trainer - [156/190] Loss: 1.0564
2026/09/02 15:32:55 - __main__ - INFO - 167 - trainer - Average loss in epoch 201: 1.0618
2026/09/02 15:32:55 - __main__ - INFO - 117 - trainer - Epoch: 202
2026/09/02 15:32:55 - __main__ - INFO - 162 - trainer - [0/190] Loss: 1.0363
2026/09/02 15:33:00 - __main__ - INFO - 162 - trainer - [39/190] Loss: 1.0448
2026/09/02 15:33:05 - __main__ - INFO - 162 - trainer - [78/190] Loss: 1.0879
2026/09/02 15:33:10 - __main__ - INFO - 162 - trainer - [117/190] Loss: 1.0571
2026/09/02 15:33:15 - __main__ - INFO - 162 - trainer - [156/190] Loss: 1.0802
2026/09/02 15:33:19 - __main__ - INFO - 167 - trainer - Average loss in epoch 202: 1.0616
2026/09/02 15:33:19 - __main__ - INFO - 117 - trainer - Epoch: 203
2026/09/02 15:33:19 - __main__ - INFO - 162 - trainer - [0/190] Loss: 1.0536
2026/09/02 15:33:24 - __main__ - INFO - 162 - trainer - [39/190] Loss: 1.0454
2026/09/02 15:33:29 - __main__ - INFO - 162 - trainer - [78/190] Loss: 1.0454
2026/09/02 15:33:34 - __main__ - INFO - 162 - trainer - [117/190] Loss: 1.0500
2026/09/02 15:33:39 - __main__ - INFO - 162 - trainer - [156/190] Loss: 1.0583
2026/09/02 15:33:43 - __main__ - INFO - 167 - trainer - Average loss in epoch 203: 1.0616
2026/09/02 15:33:43 - __main__ - INFO - 117 - trainer - Epoch: 204
2026/09/02 15:33:43 - __main__ - INFO - 162 - trainer - [0/190] Loss: 1.0842
2026/09/02 15:33:48 - __main__ - INFO - 162 - trainer - [39/190] Loss: 1.0782
2026/09/02 15:33:53 - __main__ - INFO - 162 - trainer - [78/190] Loss: 1.0679
2026/09/02 15:33:58 - __main__ - INFO - 162 - trainer - [117/190] Loss: 1.0672
2026/09/02 15:34:04 - __main__ - INFO - 162 - trainer - [156/190] Loss: 1.0825
2026/09/02 15:34:08 - __main__ - INFO - 167 - trainer - Average loss in epoch 204: 1.0618
2026/09/02 15:34:08 - __main__ - INFO - 117 - trainer - Epoch: 205
2026/09/02 15:34:08 - __main__ - INFO - 162 - trainer - [0/190] Loss: 1.0512
2026/09/02 15:34:13 - __main__ - INFO - 162 - trainer - [39/190] Loss: 1.0686
2026/09/02 15:34:18 - __main__ - INFO - 162 - trainer - [78/190] Loss: 1.0405
2026/09/02 15:34:23 - __main__ - INFO - 162 - trainer - [117/190] Loss: 1.0637
2026/09/02 15:34:28 - __main__ - INFO - 162 - trainer - [156/190] Loss: 1.0804
2026/09/02 15:34:32 - __main__ - INFO - 167 - trainer - Average loss in epoch 205: 1.0611
2026/09/02 15:34:32 - __main__ - INFO - 117 - trainer - Epoch: 206
2026/09/02 15:34:32 - __main__ - INFO - 162 - trainer - [0/190] Loss: 1.0640
2026/09/02 15:34:37 - __main__ - INFO - 162 - trainer - [39/190] Loss: 1.0663
2026/09/02 15:34:42 - __main__ - INFO - 162 - trainer - [78/190] Loss: 1.0449
2026/09/02 15:34:47 - __main__ - INFO - 162 - trainer - [117/190] Loss: 1.0694
2026/09/02 15:34:52 - __main__ - INFO - 162 - trainer - [156/190] Loss: 1.0533
2026/09/02 15:34:56 - __main__ - INFO - 167 - trainer - Average loss in epoch 206: 1.0615
2026/09/02 15:34:56 - __main__ - INFO - 117 - trainer - Epoch: 207
2026/09/02 15:34:56 - __main__ - INFO - 162 - trainer - [0/190] Loss: 1.0617
2026/09/02 15:35:01 - __main__ - INFO - 162 - trainer - [39/190] Loss: 1.0796
2026/09/02 15:35:06 - __main__ - INFO - 162 - trainer - [78/190] Loss: 1.0458
2026/09/02 15:35:11 - __main__ - INFO - 162 - trainer - [117/190] Loss: 1.0793
2026/09/02 15:35:16 - __main__ - INFO - 162 - trainer - [156/190] Loss: 1.0521
2026/09/02 15:35:20 - __main__ - INFO - 167 - trainer - Average loss in epoch 207: 1.0616
2026/09/02 15:35:20 - __main__ - INFO - 117 - trainer - Epoch: 208
2026/09/02 15:35:20 - __main__ - INFO - 162 - trainer - [0/190] Loss: 1.0727
2026/09/02 15:35:25 - __main__ - INFO - 162 - trainer - [39/190] Loss: 1.0672
2026/09/02 15:35:30 - __main__ - INFO - 162 - trainer - [78/190] Loss: 1.0483
2026/09/02 15:35:35 - __main__ - INFO - 162 - trainer - [117/190] Loss: 1.0687
2026/09/02 15:35:40 - __main__ - INFO - 162 - trainer - [156/190] Loss: 1.0875
2026/09/02 15:35:44 - __main__ - INFO - 167 - trainer - Average loss in epoch 208: 1.0612
2026/09/02 15:35:44 - __main__ - INFO - 117 - trainer - Epoch: 209
2026/09/02 15:35:44 - __main__ - INFO - 162 - trainer - [0/190] Loss: 1.0599
2026/09/02 15:35:49 - __main__ - INFO - 162 - trainer - [39/190] Loss: 1.0544
2026/09/02 15:35:54 - __main__ - INFO - 162 - trainer - [78/190] Loss: 1.0619
2026/09/02 15:36:00 - __main__ - INFO - 162 - trainer - [117/190] Loss: 1.0777
2026/09/02 15:36:05 - __main__ - INFO - 162 - trainer - [156/190] Loss: 1.0449
2026/09/02 15:36:09 - __main__ - INFO - 167 - trainer - Average loss in epoch 209: 1.0614
2026/09/02 15:36:09 - __main__ - INFO - 117 - trainer - Epoch: 210
2026/09/02 15:36:09 - __main__ - INFO - 162 - trainer - [0/190] Loss: 1.0594
2026/09/02 15:36:15 - __main__ - INFO - 162 - trainer - [39/190] Loss: 1.0616
2026/09/02 15:36:21 - __main__ - INFO - 162 - trainer - [78/190] Loss: 1.0564
2026/09/02 15:36:26 - __main__ - INFO - 162 - trainer - [117/190] Loss: 1.0509
2026/09/02 15:36:31 - __main__ - INFO - 162 - trainer - [156/190] Loss: 1.0739
2026/09/02 15:36:36 - __main__ - INFO - 167 - trainer - Average loss in epoch 210: 1.0610
2026/09/02 15:36:36 - __main__ - INFO - 117 - trainer - Epoch: 211
2026/09/02 15:36:36 - __main__ - INFO - 162 - trainer - [0/190] Loss: 1.0785
2026/09/02 15:36:41 - __main__ - INFO - 162 - trainer - [39/190] Loss: 1.0683
2026/09/02 15:36:46 - __main__ - INFO - 162 - trainer - [78/190] Loss: 1.0448
2026/09/02 15:36:51 - __main__ - INFO - 162 - trainer - [117/190] Loss: 1.0703
2026/09/02 15:36:56 - __main__ - INFO - 162 - trainer - [156/190] Loss: 1.0702
2026/09/02 15:37:00 - __main__ - INFO - 167 - trainer - Average loss in epoch 211: 1.0611
2026/09/02 15:37:00 - __main__ - INFO - 117 - trainer - Epoch: 212
2026/09/02 15:37:00 - __main__ - INFO - 162 - trainer - [0/190] Loss: 1.0567
2026/09/02 15:37:05 - __main__ - INFO - 162 - trainer - [39/190] Loss: 1.0752
2026/09/02 15:37:10 - __main__ - INFO - 162 - trainer - [78/190] Loss: 1.0634
2026/09/02 15:37:16 - __main__ - INFO - 162 - trainer - [117/190] Loss: 1.0544
2026/09/02 15:37:21 - __main__ - INFO - 162 - trainer - [156/190] Loss: 1.0550
2026/09/02 15:37:25 - __main__ - INFO - 167 - trainer - Average loss in epoch 212: 1.0613
2026/09/02 15:37:25 - __main__ - INFO - 117 - trainer - Epoch: 213
2026/09/02 15:37:25 - __main__ - INFO - 162 - trainer - [0/190] Loss: 1.0615
2026/09/02 15:37:30 - __main__ - INFO - 162 - trainer - [39/190] Loss: 1.0657
2026/09/02 15:37:35 - __main__ - INFO - 162 - trainer - [78/190] Loss: 1.0898
2026/09/02 15:37:40 - __main__ - INFO - 162 - trainer - [117/190] Loss: 1.0399
2026/09/02 15:37:45 - __main__ - INFO - 162 - trainer - [156/190] Loss: 1.0504
2026/09/02 15:37:49 - __main__ - INFO - 167 - trainer - Average loss in epoch 213: 1.0606
2026/09/02 15:37:49 - __main__ - INFO - 117 - trainer - Epoch: 214
2026/09/02 15:37:49 - __main__ - INFO - 162 - trainer - [0/190] Loss: 1.0614
2026/09/02 15:37:54 - __main__ - INFO - 162 - trainer - [39/190] Loss: 1.0573
2026/09/02 15:37:59 - __main__ - INFO - 162 - trainer - [78/190] Loss: 1.0784
2026/09/02 15:38:04 - __main__ - INFO - 162 - trainer - [117/190] Loss: 1.0576
2026/09/02 15:38:09 - __main__ - INFO - 162 - trainer - [156/190] Loss: 1.0675
2026/09/02 15:38:13 - __main__ - INFO - 167 - trainer - Average loss in epoch 214: 1.0614
2026/09/02 15:38:13 - __main__ - INFO - 117 - trainer - Epoch: 215
2026/09/02 15:38:13 - __main__ - INFO - 162 - trainer - [0/190] Loss: 1.0412
2026/09/02 15:38:18 - __main__ - INFO - 162 - trainer - [39/190] Loss: 1.0788
2026/09/02 15:38:23 - __main__ - INFO - 162 - trainer - [78/190] Loss: 1.0474
2026/09/02 15:38:28 - __main__ - INFO - 162 - trainer - [117/190] Loss: 1.0511
2026/09/02 15:38:33 - __main__ - INFO - 162 - trainer - [156/190] Loss: 1.0608
2026/09/02 15:38:37 - __main__ - INFO - 167 - trainer - Average loss in epoch 215: 1.0608
2026/09/02 15:38:37 - __main__ - INFO - 117 - trainer - Epoch: 216
2026/09/02 15:38:38 - __main__ - INFO - 162 - trainer - [0/190] Loss: 1.0771
2026/09/02 15:38:43 - __main__ - INFO - 162 - trainer - [39/190] Loss: 1.0501
2026/09/02 15:38:48 - __main__ - INFO - 162 - trainer - [78/190] Loss: 1.0436
2026/09/02 15:38:54 - __main__ - INFO - 162 - trainer - [117/190] Loss: 1.0564
2026/09/02 15:38:59 - __main__ - INFO - 162 - trainer - [156/190] Loss: 1.0519
2026/09/02 15:39:04 - __main__ - INFO - 167 - trainer - Average loss in epoch 216: 1.0616
2026/09/02 15:39:04 - __main__ - INFO - 117 - trainer - Epoch: 217
2026/09/02 15:39:04 - __main__ - INFO - 162 - trainer - [0/190] Loss: 1.0542
2026/09/02 15:39:09 - __main__ - INFO - 162 - trainer - [39/190] Loss: 1.0571
2026/09/02 15:39:15 - __main__ - INFO - 162 - trainer - [78/190] Loss: 1.0854
2026/09/02 15:39:20 - __main__ - INFO - 162 - trainer - [117/190] Loss: 1.0572
2026/09/02 15:39:25 - __main__ - INFO - 162 - trainer - [156/190] Loss: 1.0562
2026/09/02 15:39:29 - __main__ - INFO - 167 - trainer - Average loss in epoch 217: 1.0607
2026/09/02 15:39:29 - __main__ - INFO - 117 - trainer - Epoch: 218
2026/09/02 15:39:29 - __main__ - INFO - 162 - trainer - [0/190] Loss: 1.0466
2026/09/02 15:39:35 - __main__ - INFO - 162 - trainer - [39/190] Loss: 1.0595
2026/09/02 15:39:40 - __main__ - INFO - 162 - trainer - [78/190] Loss: 1.0531
2026/09/02 15:39:45 - __main__ - INFO - 162 - trainer - [117/190] Loss: 1.0648
2026/09/02 15:39:51 - __main__ - INFO - 162 - trainer - [156/190] Loss: 1.0580
2026/09/02 15:39:55 - __main__ - INFO - 167 - trainer - Average loss in epoch 218: 1.0613
2026/09/02 15:39:55 - __main__ - INFO - 117 - trainer - Epoch: 219
2026/09/02 15:39:55 - __main__ - INFO - 162 - trainer - [0/190] Loss: 1.0596
2026/09/02 15:40:01 - __main__ - INFO - 162 - trainer - [39/190] Loss: 1.0398
2026/09/02 15:40:05 - __main__ - INFO - 162 - trainer - [78/190] Loss: 1.0565
2026/09/02 15:40:10 - __main__ - INFO - 162 - trainer - [117/190] Loss: 1.0658
2026/09/02 15:40:15 - __main__ - INFO - 162 - trainer - [156/190] Loss: 1.0577
2026/09/02 15:40:19 - __main__ - INFO - 167 - trainer - Average loss in epoch 219: 1.0615
2026/09/02 15:40:19 - __main__ - INFO - 117 - trainer - Epoch: 220
2026/09/02 15:40:19 - __main__ - INFO - 162 - trainer - [0/190] Loss: 1.0558
2026/09/02 15:40:25 - __main__ - INFO - 162 - trainer - [39/190] Loss: 1.0562
2026/09/02 15:40:30 - __main__ - INFO - 162 - trainer - [78/190] Loss: 1.0702
2026/09/02 15:40:36 - __main__ - INFO - 162 - trainer - [117/190] Loss: 1.0638
2026/09/02 15:40:41 - __main__ - INFO - 162 - trainer - [156/190] Loss: 1.0574
2026/09/02 15:40:46 - __main__ - INFO - 167 - trainer - Average loss in epoch 220: 1.0607
2026/09/02 15:40:46 - __main__ - INFO - 173 - trainer - start predicting: 2026-09-02 15:40:46.295874
2026/09/02 15:40:48 - __main__ - INFO - 210 - trainer - {'Best_HR@5': np.float64(9.5048), 'Best_HR@10': np.float64(16.525), 'Best_HR@20': np.float64(28.0996), 'Best_NDCG@5': np.float64(5.7849), 'Best_NDCG@10': np.float64(8.0993), 'Best_NDCG@20': np.float64(10.9636)}
2026/09/02 15:40:48 - __main__ - INFO - 211 - trainer - {'Best_epoch_HR@5': 60, 'Best_epoch_HR@10': 120, 'Best_epoch_HR@20': 120, 'Best_epoch_NDCG@5': 100, 'Best_epoch_NDCG@10': 100, 'Best_epoch_NDCG@20': 100}
2026/09/02 15:44:59 - __main__ - INFO - 268 - trainer - Train------------------------------------------------------
2026/09/02 15:44:59 - __main__ - INFO - 270 - trainer - {'HR@5': np.float64(21.6197), 'HR@10': np.float64(32.248), 'HR@20': np.float64(46.0528), 'NDCG@5': np.float64(14.7707), 'NDCG@10': np.float64(18.1872), 'NDCG@20': np.float64(21.6662)}
2026/09/02 15:44:59 - __main__ - INFO - 274 - trainer - Test------------------------------------------------------
2026/09/02 15:44:59 - __main__ - INFO - 276 - trainer - {'HR@5': np.float64(7.7588), 'HR@10': np.float64(14.2848), 'HR@20': np.float64(25.6149), 'NDCG@5': np.float64(4.9685), 'NDCG@10': np.float64(7.0913), 'NDCG@20': np.float64(9.9466)}
2026/09/02 15:44:59 - __main__ - INFO - 279 - trainer - Best Eval---------------------------------------------------------
2026/09/02 15:44:59 - __main__ - INFO - 282 - trainer - {'Best_HR@5': np.float64(9.5048), 'Best_HR@10': np.float64(16.525), 'Best_HR@20': np.float64(28.0996), 'Best_NDCG@5': np.float64(5.7849), 'Best_NDCG@10': np.float64(8.0993), 'Best_NDCG@20': np.float64(10.9636)}
2026/09/02 15:44:59 - __main__ - INFO - 283 - trainer - {'Best_epoch_HR@5': 60, 'Best_epoch_HR@10': 120, 'Best_epoch_HR@20': 120, 'Best_epoch_NDCG@5': 100, 'Best_epoch_NDCG@10': 100, 'Best_epoch_NDCG@20': 100}
