2026/08/31 01:02:40 - __main__ - INFO - 73 - main - Namespace(dataset='ml-100k', log_file='log/', random_seed=42, max_len=50, device='cuda', num_gpu=1, batch_size=512, hidden_size=128, dropout=0.1, emb_dropout=0.3, hidden_act='gelu', num_blocks=4, epochs=500, decay_step=100, gamma=0.1, metric_ks=[5, 10, 20], optimizer='Adam', lr=0.001, weight_decay=0, momentum=None, lambda_uncertainty=0.01, eval_interval=20, patience=5, eps=0.001, sample_N=30, lambda_t=0.001, dropout_c=0.1, eps_reverse=0.001, m_logNorm=1.0, s_logNorm=0.6, s_modsamp=1.0, last=2, mask_ratio=1.0, sampling_method='mode', Loss_Alpha=0.2, Loss_Beta=0.4)
2026/08/31 01:02:41 - __main__ - INFO - 117 - trainer - Epoch: 0
2026/08/31 01:02:41 - __main__ - INFO - 162 - trainer - [0/190] Loss: 12.9551
2026/08/31 01:02:47 - __main__ - INFO - 162 - trainer - [39/190] Loss: 6.7297
2026/08/31 01:02:52 - __main__ - INFO - 162 - trainer - [78/190] Loss: 5.8976
2026/08/31 01:02:58 - __main__ - INFO - 162 - trainer - [117/190] Loss: 4.9929
2026/08/31 01:03:03 - __main__ - INFO - 162 - trainer - [156/190] Loss: 4.7597
2026/08/31 01:03:08 - __main__ - INFO - 167 - trainer - Average loss in epoch 0: 5.8888
2026/08/31 01:03:08 - __main__ - INFO - 117 - trainer - Epoch: 1
2026/08/31 01:03:08 - __main__ - INFO - 162 - trainer - [0/190] Loss: 4.5419
2026/08/31 01:03:14 - __main__ - INFO - 162 - trainer - [39/190] Loss: 4.1605
2026/08/31 01:03:19 - __main__ - INFO - 162 - trainer - [78/190] Loss: 3.9108
2026/08/31 01:03:25 - __main__ - INFO - 162 - trainer - [117/190] Loss: 3.5855
2026/08/31 01:03:30 - __main__ - INFO - 162 - trainer - [156/190] Loss: 3.4365
2026/08/31 01:03:35 - __main__ - INFO - 167 - trainer - Average loss in epoch 1: 3.7953
2026/08/31 01:03:35 - __main__ - INFO - 117 - trainer - Epoch: 2
2026/08/31 01:03:35 - __main__ - INFO - 162 - trainer - [0/190] Loss: 3.1646
2026/08/31 01:03:41 - __main__ - INFO - 162 - trainer - [39/190] Loss: 2.8598
2026/08/31 01:03:46 - __main__ - INFO - 162 - trainer - [78/190] Loss: 2.6856
2026/08/31 01:03:52 - __main__ - INFO - 162 - trainer - [117/190] Loss: 2.5575
2026/08/31 01:03:57 - __main__ - INFO - 162 - trainer - [156/190] Loss: 2.4608
2026/08/31 01:04:02 - __main__ - INFO - 167 - trainer - Average loss in epoch 2: 2.6733
2026/08/31 01:04:02 - __main__ - INFO - 117 - trainer - Epoch: 3
2026/08/31 01:04:02 - __main__ - INFO - 162 - trainer - [0/190] Loss: 2.3898
2026/08/31 01:04:07 - __main__ - INFO - 162 - trainer - [39/190] Loss: 2.3868
2026/08/31 01:04:13 - __main__ - INFO - 162 - trainer - [78/190] Loss: 2.3603
2026/08/31 01:04:18 - __main__ - INFO - 162 - trainer - [117/190] Loss: 2.2960
2026/08/31 01:04:24 - __main__ - INFO - 162 - trainer - [156/190] Loss: 2.2820
2026/08/31 01:04:28 - __main__ - INFO - 167 - trainer - Average loss in epoch 3: 2.3372
2026/08/31 01:04:28 - __main__ - INFO - 117 - trainer - Epoch: 4
2026/08/31 01:04:29 - __main__ - INFO - 162 - trainer - [0/190] Loss: 2.3003
2026/08/31 01:04:34 - __main__ - INFO - 162 - trainer - [39/190] Loss: 2.2349
2026/08/31 01:04:40 - __main__ - INFO - 162 - trainer - [78/190] Loss: 2.2047
2026/08/31 01:04:45 - __main__ - INFO - 162 - trainer - [117/190] Loss: 2.2075
2026/08/31 01:04:51 - __main__ - INFO - 162 - trainer - [156/190] Loss: 2.1955
2026/08/31 01:04:55 - __main__ - INFO - 167 - trainer - Average loss in epoch 4: 2.2254
2026/08/31 01:04:55 - __main__ - INFO - 117 - trainer - Epoch: 5
2026/08/31 01:04:55 - __main__ - INFO - 162 - trainer - [0/190] Loss: 2.1854
2026/08/31 01:05:01 - __main__ - INFO - 162 - trainer - [39/190] Loss: 2.1590
2026/08/31 01:05:06 - __main__ - INFO - 162 - trainer - [78/190] Loss: 2.1310
2026/08/31 01:05:12 - __main__ - INFO - 162 - trainer - [117/190] Loss: 2.1423
2026/08/31 01:05:17 - __main__ - INFO - 162 - trainer - [156/190] Loss: 2.1012
2026/08/31 01:05:22 - __main__ - INFO - 167 - trainer - Average loss in epoch 5: 2.1344
2026/08/31 01:05:22 - __main__ - INFO - 117 - trainer - Epoch: 6
2026/08/31 01:05:22 - __main__ - INFO - 162 - trainer - [0/190] Loss: 2.0970
2026/08/31 01:05:28 - __main__ - INFO - 162 - trainer - [39/190] Loss: 2.0829
2026/08/31 01:05:33 - __main__ - INFO - 162 - trainer - [78/190] Loss: 2.0560
2026/08/31 01:05:39 - __main__ - INFO - 162 - trainer - [117/190] Loss: 2.0771
2026/08/31 01:05:44 - __main__ - INFO - 162 - trainer - [156/190] Loss: 1.9934
2026/08/31 01:05:49 - __main__ - INFO - 167 - trainer - Average loss in epoch 6: 2.0539
2026/08/31 01:05:49 - __main__ - INFO - 117 - trainer - Epoch: 7
2026/08/31 01:05:49 - __main__ - INFO - 162 - trainer - [0/190] Loss: 2.0191
2026/08/31 01:05:54 - __main__ - INFO - 162 - trainer - [39/190] Loss: 1.9930
2026/08/31 01:06:00 - __main__ - INFO - 162 - trainer - [78/190] Loss: 1.9667
2026/08/31 01:06:05 - __main__ - INFO - 162 - trainer - [117/190] Loss: 2.0157
2026/08/31 01:06:11 - __main__ - INFO - 162 - trainer - [156/190] Loss: 1.9594
2026/08/31 01:06:15 - __main__ - INFO - 167 - trainer - Average loss in epoch 7: 1.9834
2026/08/31 01:06:15 - __main__ - INFO - 117 - trainer - Epoch: 8
2026/08/31 01:06:16 - __main__ - INFO - 162 - trainer - [0/190] Loss: 1.9518
2026/08/31 01:06:21 - __main__ - INFO - 162 - trainer - [39/190] Loss: 1.9290
2026/08/31 01:06:27 - __main__ - INFO - 162 - trainer - [78/190] Loss: 1.9299
2026/08/31 01:06:32 - __main__ - INFO - 162 - trainer - [117/190] Loss: 1.8988
2026/08/31 01:06:38 - __main__ - INFO - 162 - trainer - [156/190] Loss: 1.8960
2026/08/31 01:06:42 - __main__ - INFO - 167 - trainer - Average loss in epoch 8: 1.9183
2026/08/31 01:06:42 - __main__ - INFO - 117 - trainer - Epoch: 9
2026/08/31 01:06:43 - __main__ - INFO - 162 - trainer - [0/190] Loss: 1.8443
2026/08/31 01:06:48 - __main__ - INFO - 162 - trainer - [39/190] Loss: 1.8844
2026/08/31 01:06:54 - __main__ - INFO - 162 - trainer - [78/190] Loss: 1.8295
2026/08/31 01:06:59 - __main__ - INFO - 162 - trainer - [117/190] Loss: 1.8453
2026/08/31 01:07:05 - __main__ - INFO - 162 - trainer - [156/190] Loss: 1.8233
2026/08/31 01:07:09 - __main__ - INFO - 167 - trainer - Average loss in epoch 9: 1.8548
2026/08/31 01:07:09 - __main__ - INFO - 117 - trainer - Epoch: 10
2026/08/31 01:07:09 - __main__ - INFO - 162 - trainer - [0/190] Loss: 1.8118
2026/08/31 01:07:15 - __main__ - INFO - 162 - trainer - [39/190] Loss: 1.8411
2026/08/31 01:07:20 - __main__ - INFO - 162 - trainer - [78/190] Loss: 1.8162
2026/08/31 01:07:26 - __main__ - INFO - 162 - trainer - [117/190] Loss: 1.8132
2026/08/31 01:07:31 - __main__ - INFO - 162 - trainer - [156/190] Loss: 1.7509
2026/08/31 01:07:36 - __main__ - INFO - 167 - trainer - Average loss in epoch 10: 1.7968
2026/08/31 01:07:36 - __main__ - INFO - 117 - trainer - Epoch: 11
2026/08/31 01:07:36 - __main__ - INFO - 162 - trainer - [0/190] Loss: 1.7664
2026/08/31 01:07:42 - __main__ - INFO - 162 - trainer - [39/190] Loss: 1.7457
2026/08/31 01:07:47 - __main__ - INFO - 162 - trainer - [78/190] Loss: 1.7390
2026/08/31 01:07:53 - __main__ - INFO - 162 - trainer - [117/190] Loss: 1.7397
2026/08/31 01:07:58 - __main__ - INFO - 162 - trainer - [156/190] Loss: 1.7483
2026/08/31 01:08:03 - __main__ - INFO - 167 - trainer - Average loss in epoch 11: 1.7418
2026/08/31 01:08:03 - __main__ - INFO - 117 - trainer - Epoch: 12
2026/08/31 01:08:03 - __main__ - INFO - 162 - trainer - [0/190] Loss: 1.7283
2026/08/31 01:08:08 - __main__ - INFO - 162 - trainer - [39/190] Loss: 1.6906
2026/08/31 01:08:14 - __main__ - INFO - 162 - trainer - [78/190] Loss: 1.7217
2026/08/31 01:08:19 - __main__ - INFO - 162 - trainer - [117/190] Loss: 1.6680
2026/08/31 01:08:25 - __main__ - INFO - 162 - trainer - [156/190] Loss: 1.6701
2026/08/31 01:08:29 - __main__ - INFO - 167 - trainer - Average loss in epoch 12: 1.6916
2026/08/31 01:08:29 - __main__ - INFO - 117 - trainer - Epoch: 13
2026/08/31 01:08:30 - __main__ - INFO - 162 - trainer - [0/190] Loss: 1.6891
2026/08/31 01:08:35 - __main__ - INFO - 162 - trainer - [39/190] Loss: 1.6658
2026/08/31 01:08:41 - __main__ - INFO - 162 - trainer - [78/190] Loss: 1.6478
2026/08/31 01:08:46 - __main__ - INFO - 162 - trainer - [117/190] Loss: 1.6678
2026/08/31 01:08:52 - __main__ - INFO - 162 - trainer - [156/190] Loss: 1.6386
2026/08/31 01:08:56 - __main__ - INFO - 167 - trainer - Average loss in epoch 13: 1.6441
2026/08/31 01:08:56 - __main__ - INFO - 117 - trainer - Epoch: 14
2026/08/31 01:08:56 - __main__ - INFO - 162 - trainer - [0/190] Loss: 1.6219
2026/08/31 01:09:02 - __main__ - INFO - 162 - trainer - [39/190] Loss: 1.6487
2026/08/31 01:09:07 - __main__ - INFO - 162 - trainer - [78/190] Loss: 1.6015
2026/08/31 01:09:13 - __main__ - INFO - 162 - trainer - [117/190] Loss: 1.5754
2026/08/31 01:09:18 - __main__ - INFO - 162 - trainer - [156/190] Loss: 1.5818
2026/08/31 01:09:23 - __main__ - INFO - 167 - trainer - Average loss in epoch 14: 1.6020
2026/08/31 01:09:23 - __main__ - INFO - 117 - trainer - Epoch: 15
2026/08/31 01:09:23 - __main__ - INFO - 162 - trainer - [0/190] Loss: 1.5774
2026/08/31 01:09:29 - __main__ - INFO - 162 - trainer - [39/190] Loss: 1.5587
2026/08/31 01:09:34 - __main__ - INFO - 162 - trainer - [78/190] Loss: 1.5553
2026/08/31 01:09:40 - __main__ - INFO - 162 - trainer - [117/190] Loss: 1.5804
2026/08/31 01:09:45 - __main__ - INFO - 162 - trainer - [156/190] Loss: 1.5433
2026/08/31 01:09:50 - __main__ - INFO - 167 - trainer - Average loss in epoch 15: 1.5647
2026/08/31 01:09:50 - __main__ - INFO - 117 - trainer - Epoch: 16
2026/08/31 01:09:50 - __main__ - INFO - 162 - trainer - [0/190] Loss: 1.5626
2026/08/31 01:09:55 - __main__ - INFO - 162 - trainer - [39/190] Loss: 1.5233
2026/08/31 01:10:01 - __main__ - INFO - 162 - trainer - [78/190] Loss: 1.5318
2026/08/31 01:10:06 - __main__ - INFO - 162 - trainer - [117/190] Loss: 1.5325
2026/08/31 01:10:12 - __main__ - INFO - 162 - trainer - [156/190] Loss: 1.5327
2026/08/31 01:10:16 - __main__ - INFO - 167 - trainer - Average loss in epoch 16: 1.5281
2026/08/31 01:10:16 - __main__ - INFO - 117 - trainer - Epoch: 17
2026/08/31 01:10:16 - __main__ - INFO - 162 - trainer - [0/190] Loss: 1.5428
2026/08/31 01:10:22 - __main__ - INFO - 162 - trainer - [39/190] Loss: 1.5487
2026/08/31 01:10:27 - __main__ - INFO - 162 - trainer - [78/190] Loss: 1.5244
2026/08/31 01:10:33 - __main__ - INFO - 162 - trainer - [117/190] Loss: 1.4932
2026/08/31 01:10:38 - __main__ - INFO - 162 - trainer - [156/190] Loss: 1.4841
2026/08/31 01:10:43 - __main__ - INFO - 167 - trainer - Average loss in epoch 17: 1.4966
2026/08/31 01:10:43 - __main__ - INFO - 117 - trainer - Epoch: 18
2026/08/31 01:10:43 - __main__ - INFO - 162 - trainer - [0/190] Loss: 1.4470
2026/08/31 01:10:49 - __main__ - INFO - 162 - trainer - [39/190] Loss: 1.4777
2026/08/31 01:10:54 - __main__ - INFO - 162 - trainer - [78/190] Loss: 1.4884
2026/08/31 01:10:59 - __main__ - INFO - 162 - trainer - [117/190] Loss: 1.4491
2026/08/31 01:11:05 - __main__ - INFO - 162 - trainer - [156/190] Loss: 1.4448
2026/08/31 01:11:10 - __main__ - INFO - 167 - trainer - Average loss in epoch 18: 1.4673
2026/08/31 01:11:10 - __main__ - INFO - 117 - trainer - Epoch: 19
2026/08/31 01:11:10 - __main__ - INFO - 162 - trainer - [0/190] Loss: 1.4663
2026/08/31 01:11:15 - __main__ - INFO - 162 - trainer - [39/190] Loss: 1.4430
2026/08/31 01:11:21 - __main__ - INFO - 162 - trainer - [78/190] Loss: 1.4420
2026/08/31 01:11:26 - __main__ - INFO - 162 - trainer - [117/190] Loss: 1.4580
2026/08/31 01:11:32 - __main__ - INFO - 162 - trainer - [156/190] Loss: 1.4146
2026/08/31 01:11:36 - __main__ - INFO - 167 - trainer - Average loss in epoch 19: 1.4402
2026/08/31 01:11:36 - __main__ - INFO - 117 - trainer - Epoch: 20
2026/08/31 01:11:36 - __main__ - INFO - 162 - trainer - [0/190] Loss: 1.4549
2026/08/31 01:11:42 - __main__ - INFO - 162 - trainer - [39/190] Loss: 1.4007
2026/08/31 01:11:48 - __main__ - INFO - 162 - trainer - [78/190] Loss: 1.4212
2026/08/31 01:11:53 - __main__ - INFO - 162 - trainer - [117/190] Loss: 1.4068
2026/08/31 01:11:58 - __main__ - INFO - 162 - trainer - [156/190] Loss: 1.4034
2026/08/31 01:12:03 - __main__ - INFO - 167 - trainer - Average loss in epoch 20: 1.4153
2026/08/31 01:12:03 - __main__ - INFO - 173 - trainer - start predicting: 2026-08-31 01:12:03.600789
2026/08/31 01:12:06 - __main__ - INFO - 203 - trainer - {'Best_HR@5': np.float64(6.5017), 'Best_HR@10': np.float64(12.1789), 'Best_HR@20': np.float64(20.4994), 'Best_NDCG@5': np.float64(3.9472), 'Best_NDCG@10': np.float64(5.7675), 'Best_NDCG@20': np.float64(7.8371)}
2026/08/31 01:12:06 - __main__ - INFO - 204 - trainer - {'Best_epoch_HR@5': 20, 'Best_epoch_HR@10': 20, 'Best_epoch_HR@20': 20, 'Best_epoch_NDCG@5': 20, 'Best_epoch_NDCG@10': 20, 'Best_epoch_NDCG@20': 20}
2026/08/31 01:12:06 - __main__ - INFO - 117 - trainer - Epoch: 21
2026/08/31 01:12:06 - __main__ - INFO - 162 - trainer - [0/190] Loss: 1.3808
2026/08/31 01:12:11 - __main__ - INFO - 162 - trainer - [39/190] Loss: 1.3955
2026/08/31 01:12:17 - __main__ - INFO - 162 - trainer - [78/190] Loss: 1.3993
2026/08/31 01:12:22 - __main__ - INFO - 162 - trainer - [117/190] Loss: 1.3930
2026/08/31 01:12:28 - __main__ - INFO - 162 - trainer - [156/190] Loss: 1.3885
2026/08/31 01:12:32 - __main__ - INFO - 167 - trainer - Average loss in epoch 21: 1.3925
2026/08/31 01:12:32 - __main__ - INFO - 117 - trainer - Epoch: 22
2026/08/31 01:12:32 - __main__ - INFO - 162 - trainer - [0/190] Loss: 1.3709
2026/08/31 01:12:38 - __main__ - INFO - 162 - trainer - [39/190] Loss: 1.3572
2026/08/31 01:12:44 - __main__ - INFO - 162 - trainer - [78/190] Loss: 1.3608
2026/08/31 01:12:49 - __main__ - INFO - 162 - trainer - [117/190] Loss: 1.3726
2026/08/31 01:12:55 - __main__ - INFO - 162 - trainer - [156/190] Loss: 1.3469
2026/08/31 01:12:59 - __main__ - INFO - 167 - trainer - Average loss in epoch 22: 1.3715
2026/08/31 01:12:59 - __main__ - INFO - 117 - trainer - Epoch: 23
2026/08/31 01:12:59 - __main__ - INFO - 162 - trainer - [0/190] Loss: 1.3522
2026/08/31 01:13:05 - __main__ - INFO - 162 - trainer - [39/190] Loss: 1.3631
2026/08/31 01:13:11 - __main__ - INFO - 162 - trainer - [78/190] Loss: 1.3316
2026/08/31 01:13:16 - __main__ - INFO - 162 - trainer - [117/190] Loss: 1.3732
2026/08/31 01:13:22 - __main__ - INFO - 162 - trainer - [156/190] Loss: 1.3374
2026/08/31 01:13:26 - __main__ - INFO - 167 - trainer - Average loss in epoch 23: 1.3526
2026/08/31 01:13:26 - __main__ - INFO - 117 - trainer - Epoch: 24
2026/08/31 01:13:26 - __main__ - INFO - 162 - trainer - [0/190] Loss: 1.3415
2026/08/31 01:13:32 - __main__ - INFO - 162 - trainer - [39/190] Loss: 1.3349
2026/08/31 01:13:38 - __main__ - INFO - 162 - trainer - [78/190] Loss: 1.3095
2026/08/31 01:13:43 - __main__ - INFO - 162 - trainer - [117/190] Loss: 1.3390
2026/08/31 01:13:49 - __main__ - INFO - 162 - trainer - [156/190] Loss: 1.3515
2026/08/31 01:13:54 - __main__ - INFO - 167 - trainer - Average loss in epoch 24: 1.3345
2026/08/31 01:13:54 - __main__ - INFO - 117 - trainer - Epoch: 25
2026/08/31 01:13:54 - __main__ - INFO - 162 - trainer - [0/190] Loss: 1.3375
2026/08/31 01:13:59 - __main__ - INFO - 162 - trainer - [39/190] Loss: 1.3036
2026/08/31 01:14:05 - __main__ - INFO - 162 - trainer - [78/190] Loss: 1.3188
2026/08/31 01:14:10 - __main__ - INFO - 162 - trainer - [117/190] Loss: 1.2984
2026/08/31 01:14:16 - __main__ - INFO - 162 - trainer - [156/190] Loss: 1.3374
2026/08/31 01:14:20 - __main__ - INFO - 167 - trainer - Average loss in epoch 25: 1.3186
2026/08/31 01:14:20 - __main__ - INFO - 117 - trainer - Epoch: 26
2026/08/31 01:14:21 - __main__ - INFO - 162 - trainer - [0/190] Loss: 1.3137
2026/08/31 01:14:26 - __main__ - INFO - 162 - trainer - [39/190] Loss: 1.3411
2026/08/31 01:14:32 - __main__ - INFO - 162 - trainer - [78/190] Loss: 1.2713
2026/08/31 01:14:37 - __main__ - INFO - 162 - trainer - [117/190] Loss: 1.3071
2026/08/31 01:14:43 - __main__ - INFO - 162 - trainer - [156/190] Loss: 1.3109
2026/08/31 01:14:48 - __main__ - INFO - 167 - trainer - Average loss in epoch 26: 1.3039
2026/08/31 01:14:48 - __main__ - INFO - 117 - trainer - Epoch: 27
2026/08/31 01:14:48 - __main__ - INFO - 162 - trainer - [0/190] Loss: 1.3044
2026/08/31 01:14:53 - __main__ - INFO - 162 - trainer - [39/190] Loss: 1.2646
2026/08/31 01:14:59 - __main__ - INFO - 162 - trainer - [78/190] Loss: 1.2768
2026/08/31 01:15:04 - __main__ - INFO - 162 - trainer - [117/190] Loss: 1.2916
2026/08/31 01:15:10 - __main__ - INFO - 162 - trainer - [156/190] Loss: 1.3001
2026/08/31 01:15:15 - __main__ - INFO - 167 - trainer - Average loss in epoch 27: 1.2917
2026/08/31 01:15:15 - __main__ - INFO - 117 - trainer - Epoch: 28
2026/08/31 01:15:15 - __main__ - INFO - 162 - trainer - [0/190] Loss: 1.2934
2026/08/31 01:15:20 - __main__ - INFO - 162 - trainer - [39/190] Loss: 1.2990
2026/08/31 01:15:26 - __main__ - INFO - 162 - trainer - [78/190] Loss: 1.2785
2026/08/31 01:15:31 - __main__ - INFO - 162 - trainer - [117/190] Loss: 1.2546
2026/08/31 01:15:37 - __main__ - INFO - 162 - trainer - [156/190] Loss: 1.2623
2026/08/31 01:15:42 - __main__ - INFO - 167 - trainer - Average loss in epoch 28: 1.2787
2026/08/31 01:15:42 - __main__ - INFO - 117 - trainer - Epoch: 29
2026/08/31 01:15:42 - __main__ - INFO - 162 - trainer - [0/190] Loss: 1.2722
2026/08/31 01:15:47 - __main__ - INFO - 162 - trainer - [39/190] Loss: 1.2735
2026/08/31 01:15:53 - __main__ - INFO - 162 - trainer - [78/190] Loss: 1.2809
2026/08/31 01:15:58 - __main__ - INFO - 162 - trainer - [117/190] Loss: 1.2673
2026/08/31 01:16:04 - __main__ - INFO - 162 - trainer - [156/190] Loss: 1.2866
2026/08/31 01:16:08 - __main__ - INFO - 167 - trainer - Average loss in epoch 29: 1.2669
2026/08/31 01:16:08 - __main__ - INFO - 117 - trainer - Epoch: 30
2026/08/31 01:16:09 - __main__ - INFO - 162 - trainer - [0/190] Loss: 1.2689
2026/08/31 01:16:14 - __main__ - INFO - 162 - trainer - [39/190] Loss: 1.2676
2026/08/31 01:16:19 - __main__ - INFO - 162 - trainer - [78/190] Loss: 1.2857
2026/08/31 01:16:25 - __main__ - INFO - 162 - trainer - [117/190] Loss: 1.2682
2026/08/31 01:16:30 - __main__ - INFO - 162 - trainer - [156/190] Loss: 1.2568
2026/08/31 01:16:35 - __main__ - INFO - 167 - trainer - Average loss in epoch 30: 1.2568
2026/08/31 01:16:35 - __main__ - INFO - 117 - trainer - Epoch: 31
2026/08/31 01:16:35 - __main__ - INFO - 162 - trainer - [0/190] Loss: 1.2371
2026/08/31 01:16:41 - __main__ - INFO - 162 - trainer - [39/190] Loss: 1.2433
2026/08/31 01:16:46 - __main__ - INFO - 162 - trainer - [78/190] Loss: 1.2607
2026/08/31 01:16:52 - __main__ - INFO - 162 - trainer - [117/190] Loss: 1.2109
2026/08/31 01:16:57 - __main__ - INFO - 162 - trainer - [156/190] Loss: 1.2512
2026/08/31 01:17:02 - __main__ - INFO - 167 - trainer - Average loss in epoch 31: 1.2485
2026/08/31 01:17:02 - __main__ - INFO - 117 - trainer - Epoch: 32
2026/08/31 01:17:02 - __main__ - INFO - 162 - trainer - [0/190] Loss: 1.2416
2026/08/31 01:17:08 - __main__ - INFO - 162 - trainer - [39/190] Loss: 1.2386
2026/08/31 01:17:13 - __main__ - INFO - 162 - trainer - [78/190] Loss: 1.2519
2026/08/31 01:17:18 - __main__ - INFO - 162 - trainer - [117/190] Loss: 1.2222
2026/08/31 01:17:24 - __main__ - INFO - 162 - trainer - [156/190] Loss: 1.2616
2026/08/31 01:17:29 - __main__ - INFO - 167 - trainer - Average loss in epoch 32: 1.2399
2026/08/31 01:17:29 - __main__ - INFO - 117 - trainer - Epoch: 33
2026/08/31 01:17:29 - __main__ - INFO - 162 - trainer - [0/190] Loss: 1.2385
2026/08/31 01:17:34 - __main__ - INFO - 162 - trainer - [39/190] Loss: 1.2055
2026/08/31 01:17:40 - __main__ - INFO - 162 - trainer - [78/190] Loss: 1.2642
2026/08/31 01:17:45 - __main__ - INFO - 162 - trainer - [117/190] Loss: 1.2319
2026/08/31 01:17:51 - __main__ - INFO - 162 - trainer - [156/190] Loss: 1.2355
2026/08/31 01:17:56 - __main__ - INFO - 167 - trainer - Average loss in epoch 33: 1.2315
2026/08/31 01:17:56 - __main__ - INFO - 117 - trainer - Epoch: 34
2026/08/31 01:17:56 - __main__ - INFO - 162 - trainer - [0/190] Loss: 1.2388
2026/08/31 01:18:01 - __main__ - INFO - 162 - trainer - [39/190] Loss: 1.2338
2026/08/31 01:18:07 - __main__ - INFO - 162 - trainer - [78/190] Loss: 1.2097
2026/08/31 01:18:12 - __main__ - INFO - 162 - trainer - [117/190] Loss: 1.2336
2026/08/31 01:18:18 - __main__ - INFO - 162 - trainer - [156/190] Loss: 1.2247
2026/08/31 01:18:22 - __main__ - INFO - 167 - trainer - Average loss in epoch 34: 1.2241
2026/08/31 01:18:22 - __main__ - INFO - 117 - trainer - Epoch: 35
2026/08/31 01:18:22 - __main__ - INFO - 162 - trainer - [0/190] Loss: 1.1933
2026/08/31 01:18:28 - __main__ - INFO - 162 - trainer - [39/190] Loss: 1.2055
2026/08/31 01:18:33 - __main__ - INFO - 162 - trainer - [78/190] Loss: 1.2136
2026/08/31 01:18:39 - __main__ - INFO - 162 - trainer - [117/190] Loss: 1.2242
2026/08/31 01:18:45 - __main__ - INFO - 162 - trainer - [156/190] Loss: 1.2288
2026/08/31 01:18:49 - __main__ - INFO - 167 - trainer - Average loss in epoch 35: 1.2176
2026/08/31 01:18:49 - __main__ - INFO - 117 - trainer - Epoch: 36
2026/08/31 01:18:49 - __main__ - INFO - 162 - trainer - [0/190] Loss: 1.2024
2026/08/31 01:18:55 - __main__ - INFO - 162 - trainer - [39/190] Loss: 1.2159
2026/08/31 01:19:00 - __main__ - INFO - 162 - trainer - [78/190] Loss: 1.2200
2026/08/31 01:19:06 - __main__ - INFO - 162 - trainer - [117/190] Loss: 1.2185
2026/08/31 01:19:11 - __main__ - INFO - 162 - trainer - [156/190] Loss: 1.2077
2026/08/31 01:19:16 - __main__ - INFO - 167 - trainer - Average loss in epoch 36: 1.2115
2026/08/31 01:19:16 - __main__ - INFO - 117 - trainer - Epoch: 37
2026/08/31 01:19:16 - __main__ - INFO - 162 - trainer - [0/190] Loss: 1.2150
2026/08/31 01:19:22 - __main__ - INFO - 162 - trainer - [39/190] Loss: 1.2031
2026/08/31 01:19:27 - __main__ - INFO - 162 - trainer - [78/190] Loss: 1.2167
2026/08/31 01:19:33 - __main__ - INFO - 162 - trainer - [117/190] Loss: 1.2076
2026/08/31 01:19:38 - __main__ - INFO - 162 - trainer - [156/190] Loss: 1.2315
2026/08/31 01:19:43 - __main__ - INFO - 167 - trainer - Average loss in epoch 37: 1.2059
2026/08/31 01:19:43 - __main__ - INFO - 117 - trainer - Epoch: 38
2026/08/31 01:19:43 - __main__ - INFO - 162 - trainer - [0/190] Loss: 1.2008
2026/08/31 01:19:49 - __main__ - INFO - 162 - trainer - [39/190] Loss: 1.1914
2026/08/31 01:19:54 - __main__ - INFO - 162 - trainer - [78/190] Loss: 1.1901
2026/08/31 01:20:00 - __main__ - INFO - 162 - trainer - [117/190] Loss: 1.2130
2026/08/31 01:20:05 - __main__ - INFO - 162 - trainer - [156/190] Loss: 1.1964
2026/08/31 01:20:10 - __main__ - INFO - 167 - trainer - Average loss in epoch 38: 1.2007
2026/08/31 01:20:10 - __main__ - INFO - 117 - trainer - Epoch: 39
2026/08/31 01:20:10 - __main__ - INFO - 162 - trainer - [0/190] Loss: 1.2180
2026/08/31 01:20:15 - __main__ - INFO - 162 - trainer - [39/190] Loss: 1.1918
2026/08/31 01:20:21 - __main__ - INFO - 162 - trainer - [78/190] Loss: 1.1815
2026/08/31 01:20:26 - __main__ - INFO - 162 - trainer - [117/190] Loss: 1.2096
2026/08/31 01:20:32 - __main__ - INFO - 162 - trainer - [156/190] Loss: 1.1778
2026/08/31 01:20:37 - __main__ - INFO - 167 - trainer - Average loss in epoch 39: 1.1953
2026/08/31 01:20:37 - __main__ - INFO - 117 - trainer - Epoch: 40
2026/08/31 01:20:37 - __main__ - INFO - 162 - trainer - [0/190] Loss: 1.1940
2026/08/31 01:20:42 - __main__ - INFO - 162 - trainer - [39/190] Loss: 1.2105
2026/08/31 01:20:48 - __main__ - INFO - 162 - trainer - [78/190] Loss: 1.1847
2026/08/31 01:20:54 - __main__ - INFO - 162 - trainer - [117/190] Loss: 1.1900
2026/08/31 01:20:59 - __main__ - INFO - 162 - trainer - [156/190] Loss: 1.1980
2026/08/31 01:21:04 - __main__ - INFO - 167 - trainer - Average loss in epoch 40: 1.1910
2026/08/31 01:21:04 - __main__ - INFO - 173 - trainer - start predicting: 2026-08-31 01:21:04.238233
2026/08/31 01:21:06 - __main__ - INFO - 203 - trainer - {'Best_HR@5': np.float64(8.1435), 'Best_HR@10': np.float64(15.6277), 'Best_HR@20': np.float64(26.4454), 'Best_NDCG@5': np.float64(4.8488), 'Best_NDCG@10': np.float64(7.2599), 'Best_NDCG@20': np.float64(9.9543)}
2026/08/31 01:21:06 - __main__ - INFO - 204 - trainer - {'Best_epoch_HR@5': 40, 'Best_epoch_HR@10': 40, 'Best_epoch_HR@20': 40, 'Best_epoch_NDCG@5': 40, 'Best_epoch_NDCG@10': 40, 'Best_epoch_NDCG@20': 40}
2026/08/31 01:21:06 - __main__ - INFO - 117 - trainer - Epoch: 41
2026/08/31 01:21:06 - __main__ - INFO - 162 - trainer - [0/190] Loss: 1.1690
2026/08/31 01:21:12 - __main__ - INFO - 162 - trainer - [39/190] Loss: 1.1729
2026/08/31 01:21:17 - __main__ - INFO - 162 - trainer - [78/190] Loss: 1.1600
2026/08/31 01:21:23 - __main__ - INFO - 162 - trainer - [117/190] Loss: 1.1674
2026/08/31 01:21:28 - __main__ - INFO - 162 - trainer - [156/190] Loss: 1.2038
2026/08/31 01:21:33 - __main__ - INFO - 167 - trainer - Average loss in epoch 41: 1.1862
2026/08/31 01:21:33 - __main__ - INFO - 117 - trainer - Epoch: 42
2026/08/31 01:21:33 - __main__ - INFO - 162 - trainer - [0/190] Loss: 1.1733
2026/08/31 01:21:39 - __main__ - INFO - 162 - trainer - [39/190] Loss: 1.1704
2026/08/31 01:21:44 - __main__ - INFO - 162 - trainer - [78/190] Loss: 1.1614
2026/08/31 01:21:50 - __main__ - INFO - 162 - trainer - [117/190] Loss: 1.1861
2026/08/31 01:21:55 - __main__ - INFO - 162 - trainer - [156/190] Loss: 1.1926
2026/08/31 01:22:00 - __main__ - INFO - 167 - trainer - Average loss in epoch 42: 1.1825
2026/08/31 01:22:00 - __main__ - INFO - 117 - trainer - Epoch: 43
2026/08/31 01:22:00 - __main__ - INFO - 162 - trainer - [0/190] Loss: 1.1635
2026/08/31 01:22:06 - __main__ - INFO - 162 - trainer - [39/190] Loss: 1.1757
2026/08/31 01:22:11 - __main__ - INFO - 162 - trainer - [78/190] Loss: 1.1890
2026/08/31 01:22:17 - __main__ - INFO - 162 - trainer - [117/190] Loss: 1.2008
2026/08/31 01:22:22 - __main__ - INFO - 162 - trainer - [156/190] Loss: 1.1702
2026/08/31 01:22:27 - __main__ - INFO - 167 - trainer - Average loss in epoch 43: 1.1781
2026/08/31 01:22:27 - __main__ - INFO - 117 - trainer - Epoch: 44
2026/08/31 01:22:27 - __main__ - INFO - 162 - trainer - [0/190] Loss: 1.1529
2026/08/31 01:22:32 - __main__ - INFO - 162 - trainer - [39/190] Loss: 1.1825
2026/08/31 01:22:38 - __main__ - INFO - 162 - trainer - [78/190] Loss: 1.1848
2026/08/31 01:22:43 - __main__ - INFO - 162 - trainer - [117/190] Loss: 1.1715
2026/08/31 01:22:49 - __main__ - INFO - 162 - trainer - [156/190] Loss: 1.1696
2026/08/31 01:22:54 - __main__ - INFO - 167 - trainer - Average loss in epoch 44: 1.1747
2026/08/31 01:22:54 - __main__ - INFO - 117 - trainer - Epoch: 45
2026/08/31 01:22:54 - __main__ - INFO - 162 - trainer - [0/190] Loss: 1.1521
2026/08/31 01:22:59 - __main__ - INFO - 162 - trainer - [39/190] Loss: 1.1632
2026/08/31 01:23:05 - __main__ - INFO - 162 - trainer - [78/190] Loss: 1.1701
2026/08/31 01:23:10 - __main__ - INFO - 162 - trainer - [117/190] Loss: 1.1707
2026/08/31 01:23:16 - __main__ - INFO - 162 - trainer - [156/190] Loss: 1.1994
2026/08/31 01:23:21 - __main__ - INFO - 167 - trainer - Average loss in epoch 45: 1.1711
2026/08/31 01:23:21 - __main__ - INFO - 117 - trainer - Epoch: 46
2026/08/31 01:23:21 - __main__ - INFO - 162 - trainer - [0/190] Loss: 1.1577
2026/08/31 01:23:26 - __main__ - INFO - 162 - trainer - [39/190] Loss: 1.1608
2026/08/31 01:23:32 - __main__ - INFO - 162 - trainer - [78/190] Loss: 1.1435
2026/08/31 01:23:37 - __main__ - INFO - 162 - trainer - [117/190] Loss: 1.1890
2026/08/31 01:23:43 - __main__ - INFO - 162 - trainer - [156/190] Loss: 1.1699
2026/08/31 01:23:48 - __main__ - INFO - 167 - trainer - Average loss in epoch 46: 1.1675
2026/08/31 01:23:48 - __main__ - INFO - 117 - trainer - Epoch: 47
2026/08/31 01:23:48 - __main__ - INFO - 162 - trainer - [0/190] Loss: 1.1546
2026/08/31 01:23:53 - __main__ - INFO - 162 - trainer - [39/190] Loss: 1.1643
2026/08/31 01:23:59 - __main__ - INFO - 162 - trainer - [78/190] Loss: 1.1457
2026/08/31 01:24:05 - __main__ - INFO - 162 - trainer - [117/190] Loss: 1.1487
2026/08/31 01:24:10 - __main__ - INFO - 162 - trainer - [156/190] Loss: 1.1612
2026/08/31 01:24:15 - __main__ - INFO - 167 - trainer - Average loss in epoch 47: 1.1645
2026/08/31 01:24:15 - __main__ - INFO - 117 - trainer - Epoch: 48
2026/08/31 01:24:15 - __main__ - INFO - 162 - trainer - [0/190] Loss: 1.1588
2026/08/31 01:24:21 - __main__ - INFO - 162 - trainer - [39/190] Loss: 1.1784
2026/08/31 01:24:26 - __main__ - INFO - 162 - trainer - [78/190] Loss: 1.1645
2026/08/31 01:24:32 - __main__ - INFO - 162 - trainer - [117/190] Loss: 1.1548
2026/08/31 01:24:37 - __main__ - INFO - 162 - trainer - [156/190] Loss: 1.1497
2026/08/31 01:24:42 - __main__ - INFO - 167 - trainer - Average loss in epoch 48: 1.1620
2026/08/31 01:24:42 - __main__ - INFO - 117 - trainer - Epoch: 49
2026/08/31 01:24:42 - __main__ - INFO - 162 - trainer - [0/190] Loss: 1.1421
2026/08/31 01:24:48 - __main__ - INFO - 162 - trainer - [39/190] Loss: 1.1374
2026/08/31 01:24:53 - __main__ - INFO - 162 - trainer - [78/190] Loss: 1.1680
2026/08/31 01:24:59 - __main__ - INFO - 162 - trainer - [117/190] Loss: 1.1577
2026/08/31 01:25:04 - __main__ - INFO - 162 - trainer - [156/190] Loss: 1.1702
2026/08/31 01:25:09 - __main__ - INFO - 167 - trainer - Average loss in epoch 49: 1.1590
2026/08/31 01:25:09 - __main__ - INFO - 117 - trainer - Epoch: 50
2026/08/31 01:25:09 - __main__ - INFO - 162 - trainer - [0/190] Loss: 1.1574
2026/08/31 01:25:15 - __main__ - INFO - 162 - trainer - [39/190] Loss: 1.1442
2026/08/31 01:25:20 - __main__ - INFO - 162 - trainer - [78/190] Loss: 1.1469
2026/08/31 01:25:26 - __main__ - INFO - 162 - trainer - [117/190] Loss: 1.1906
2026/08/31 01:25:31 - __main__ - INFO - 162 - trainer - [156/190] Loss: 1.1730
2026/08/31 01:25:36 - __main__ - INFO - 167 - trainer - Average loss in epoch 50: 1.1565
2026/08/31 01:25:36 - __main__ - INFO - 117 - trainer - Epoch: 51
2026/08/31 01:25:36 - __main__ - INFO - 162 - trainer - [0/190] Loss: 1.1384
2026/08/31 01:25:42 - __main__ - INFO - 162 - trainer - [39/190] Loss: 1.1620
2026/08/31 01:25:47 - __main__ - INFO - 162 - trainer - [78/190] Loss: 1.1421
2026/08/31 01:25:53 - __main__ - INFO - 162 - trainer - [117/190] Loss: 1.1567
2026/08/31 01:25:59 - __main__ - INFO - 162 - trainer - [156/190] Loss: 1.1407
2026/08/31 01:26:03 - __main__ - INFO - 167 - trainer - Average loss in epoch 51: 1.1542
2026/08/31 01:26:03 - __main__ - INFO - 117 - trainer - Epoch: 52
2026/08/31 01:26:03 - __main__ - INFO - 162 - trainer - [0/190] Loss: 1.1757
2026/08/31 01:26:09 - __main__ - INFO - 162 - trainer - [39/190] Loss: 1.1401
2026/08/31 01:26:14 - __main__ - INFO - 162 - trainer - [78/190] Loss: 1.1512
2026/08/31 01:26:20 - __main__ - INFO - 162 - trainer - [117/190] Loss: 1.1563
2026/08/31 01:26:26 - __main__ - INFO - 162 - trainer - [156/190] Loss: 1.1429
2026/08/31 01:26:30 - __main__ - INFO - 167 - trainer - Average loss in epoch 52: 1.1519
2026/08/31 01:26:30 - __main__ - INFO - 117 - trainer - Epoch: 53
2026/08/31 01:26:30 - __main__ - INFO - 162 - trainer - [0/190] Loss: 1.1427
2026/08/31 01:26:36 - __main__ - INFO - 162 - trainer - [39/190] Loss: 1.1502
2026/08/31 01:26:42 - __main__ - INFO - 162 - trainer - [78/190] Loss: 1.1390
2026/08/31 01:26:47 - __main__ - INFO - 162 - trainer - [117/190] Loss: 1.1416
2026/08/31 01:26:53 - __main__ - INFO - 162 - trainer - [156/190] Loss: 1.1334
2026/08/31 01:26:58 - __main__ - INFO - 167 - trainer - Average loss in epoch 53: 1.1494
2026/08/31 01:26:58 - __main__ - INFO - 117 - trainer - Epoch: 54
2026/08/31 01:26:58 - __main__ - INFO - 162 - trainer - [0/190] Loss: 1.1539
2026/08/31 01:27:03 - __main__ - INFO - 162 - trainer - [39/190] Loss: 1.1427
2026/08/31 01:27:09 - __main__ - INFO - 162 - trainer - [78/190] Loss: 1.1312
2026/08/31 01:27:15 - __main__ - INFO - 162 - trainer - [117/190] Loss: 1.1478
2026/08/31 01:27:20 - __main__ - INFO - 162 - trainer - [156/190] Loss: 1.1635
2026/08/31 01:27:25 - __main__ - INFO - 167 - trainer - Average loss in epoch 54: 1.1473
2026/08/31 01:27:25 - __main__ - INFO - 117 - trainer - Epoch: 55
2026/08/31 01:27:25 - __main__ - INFO - 162 - trainer - [0/190] Loss: 1.1173
2026/08/31 01:27:30 - __main__ - INFO - 162 - trainer - [39/190] Loss: 1.1377
2026/08/31 01:27:36 - __main__ - INFO - 162 - trainer - [78/190] Loss: 1.1642
2026/08/31 01:27:42 - __main__ - INFO - 162 - trainer - [117/190] Loss: 1.1560
2026/08/31 01:27:48 - __main__ - INFO - 162 - trainer - [156/190] Loss: 1.1402
2026/08/31 01:27:52 - __main__ - INFO - 167 - trainer - Average loss in epoch 55: 1.1451
2026/08/31 01:27:52 - __main__ - INFO - 117 - trainer - Epoch: 56
2026/08/31 01:27:52 - __main__ - INFO - 162 - trainer - [0/190] Loss: 1.1542
2026/08/31 01:27:58 - __main__ - INFO - 162 - trainer - [39/190] Loss: 1.1282
2026/08/31 01:28:04 - __main__ - INFO - 162 - trainer - [78/190] Loss: 1.1327
2026/08/31 01:28:09 - __main__ - INFO - 162 - trainer - [117/190] Loss: 1.1573
2026/08/31 01:28:15 - __main__ - INFO - 162 - trainer - [156/190] Loss: 1.1347
2026/08/31 01:28:19 - __main__ - INFO - 167 - trainer - Average loss in epoch 56: 1.1433
2026/08/31 01:28:19 - __main__ - INFO - 117 - trainer - Epoch: 57
2026/08/31 01:28:20 - __main__ - INFO - 162 - trainer - [0/190] Loss: 1.1222
2026/08/31 01:28:25 - __main__ - INFO - 162 - trainer - [39/190] Loss: 1.1314
2026/08/31 01:28:31 - __main__ - INFO - 162 - trainer - [78/190] Loss: 1.1508
2026/08/31 01:28:36 - __main__ - INFO - 162 - trainer - [117/190] Loss: 1.1158
2026/08/31 01:28:42 - __main__ - INFO - 162 - trainer - [156/190] Loss: 1.1227
2026/08/31 01:28:47 - __main__ - INFO - 167 - trainer - Average loss in epoch 57: 1.1412
2026/08/31 01:28:47 - __main__ - INFO - 117 - trainer - Epoch: 58
2026/08/31 01:28:47 - __main__ - INFO - 162 - trainer - [0/190] Loss: 1.1282
2026/08/31 01:28:52 - __main__ - INFO - 162 - trainer - [39/190] Loss: 1.1460
2026/08/31 01:28:58 - __main__ - INFO - 162 - trainer - [78/190] Loss: 1.1478
2026/08/31 01:29:03 - __main__ - INFO - 162 - trainer - [117/190] Loss: 1.1036
2026/08/31 01:29:09 - __main__ - INFO - 162 - trainer - [156/190] Loss: 1.1363
2026/08/31 01:29:14 - __main__ - INFO - 167 - trainer - Average loss in epoch 58: 1.1394
2026/08/31 01:29:14 - __main__ - INFO - 117 - trainer - Epoch: 59
2026/08/31 01:29:14 - __main__ - INFO - 162 - trainer - [0/190] Loss: 1.1266
2026/08/31 01:29:19 - __main__ - INFO - 162 - trainer - [39/190] Loss: 1.1399
2026/08/31 01:29:25 - __main__ - INFO - 162 - trainer - [78/190] Loss: 1.1262
2026/08/31 01:29:30 - __main__ - INFO - 162 - trainer - [117/190] Loss: 1.1339
2026/08/31 01:29:36 - __main__ - INFO - 162 - trainer - [156/190] Loss: 1.1409
2026/08/31 01:29:41 - __main__ - INFO - 167 - trainer - Average loss in epoch 59: 1.1374
2026/08/31 01:29:41 - __main__ - INFO - 117 - trainer - Epoch: 60
2026/08/31 01:29:41 - __main__ - INFO - 162 - trainer - [0/190] Loss: 1.1061
2026/08/31 01:29:47 - __main__ - INFO - 162 - trainer - [39/190] Loss: 1.1451
2026/08/31 01:29:52 - __main__ - INFO - 162 - trainer - [78/190] Loss: 1.1570
2026/08/31 01:29:58 - __main__ - INFO - 162 - trainer - [117/190] Loss: 1.1282
2026/08/31 01:30:03 - __main__ - INFO - 162 - trainer - [156/190] Loss: 1.1500
2026/08/31 01:30:08 - __main__ - INFO - 167 - trainer - Average loss in epoch 60: 1.1359
2026/08/31 01:30:08 - __main__ - INFO - 173 - trainer - start predicting: 2026-08-31 01:30:08.455724
2026/08/31 01:30:10 - __main__ - INFO - 203 - trainer - {'Best_HR@5': np.float64(8.3388), 'Best_HR@10': np.float64(15.6277), 'Best_HR@20': np.float64(27.6113), 'Best_NDCG@5': np.float64(4.8683), 'Best_NDCG@10': np.float64(7.2599), 'Best_NDCG@20': np.float64(10.1927)}
2026/08/31 01:30:10 - __main__ - INFO - 204 - trainer - {'Best_epoch_HR@5': 60, 'Best_epoch_HR@10': 40, 'Best_epoch_HR@20': 60, 'Best_epoch_NDCG@5': 60, 'Best_epoch_NDCG@10': 40, 'Best_epoch_NDCG@20': 60}
2026/08/31 01:30:10 - __main__ - INFO - 117 - trainer - Epoch: 61
2026/08/31 01:30:11 - __main__ - INFO - 162 - trainer - [0/190] Loss: 1.1352
2026/08/31 01:30:16 - __main__ - INFO - 162 - trainer - [39/190] Loss: 1.1250
2026/08/31 01:30:22 - __main__ - INFO - 162 - trainer - [78/190] Loss: 1.1312
2026/08/31 01:30:27 - __main__ - INFO - 162 - trainer - [117/190] Loss: 1.1421
2026/08/31 01:30:33 - __main__ - INFO - 162 - trainer - [156/190] Loss: 1.1359
2026/08/31 01:30:38 - __main__ - INFO - 167 - trainer - Average loss in epoch 61: 1.1341
2026/08/31 01:30:38 - __main__ - INFO - 117 - trainer - Epoch: 62
2026/08/31 01:30:38 - __main__ - INFO - 162 - trainer - [0/190] Loss: 1.1211
2026/08/31 01:30:44 - __main__ - INFO - 162 - trainer - [39/190] Loss: 1.1518
2026/08/31 01:30:49 - __main__ - INFO - 162 - trainer - [78/190] Loss: 1.1477
2026/08/31 01:30:55 - __main__ - INFO - 162 - trainer - [117/190] Loss: 1.1474
2026/08/31 01:31:00 - __main__ - INFO - 162 - trainer - [156/190] Loss: 1.1590
2026/08/31 01:31:05 - __main__ - INFO - 167 - trainer - Average loss in epoch 62: 1.1325
2026/08/31 01:31:05 - __main__ - INFO - 117 - trainer - Epoch: 63
2026/08/31 01:31:05 - __main__ - INFO - 162 - trainer - [0/190] Loss: 1.1279
2026/08/31 01:31:11 - __main__ - INFO - 162 - trainer - [39/190] Loss: 1.1396
2026/08/31 01:31:17 - __main__ - INFO - 162 - trainer - [78/190] Loss: 1.1394
2026/08/31 01:31:22 - __main__ - INFO - 162 - trainer - [117/190] Loss: 1.1355
2026/08/31 01:31:28 - __main__ - INFO - 162 - trainer - [156/190] Loss: 1.1476
2026/08/31 01:31:32 - __main__ - INFO - 167 - trainer - Average loss in epoch 63: 1.1312
2026/08/31 01:31:32 - __main__ - INFO - 117 - trainer - Epoch: 64
2026/08/31 01:31:33 - __main__ - INFO - 162 - trainer - [0/190] Loss: 1.1349
2026/08/31 01:31:38 - __main__ - INFO - 162 - trainer - [39/190] Loss: 1.1221
2026/08/31 01:31:44 - __main__ - INFO - 162 - trainer - [78/190] Loss: 1.1133
2026/08/31 01:31:49 - __main__ - INFO - 162 - trainer - [117/190] Loss: 1.1347
2026/08/31 01:31:55 - __main__ - INFO - 162 - trainer - [156/190] Loss: 1.1311
2026/08/31 01:32:00 - __main__ - INFO - 167 - trainer - Average loss in epoch 64: 1.1295
2026/08/31 01:32:00 - __main__ - INFO - 117 - trainer - Epoch: 65
2026/08/31 01:32:00 - __main__ - INFO - 162 - trainer - [0/190] Loss: 1.1178
2026/08/31 01:32:05 - __main__ - INFO - 162 - trainer - [39/190] Loss: 1.1283
2026/08/31 01:32:11 - __main__ - INFO - 162 - trainer - [78/190] Loss: 1.1363
2026/08/31 01:32:17 - __main__ - INFO - 162 - trainer - [117/190] Loss: 1.1162
2026/08/31 01:32:22 - __main__ - INFO - 162 - trainer - [156/190] Loss: 1.1218
2026/08/31 01:32:27 - __main__ - INFO - 167 - trainer - Average loss in epoch 65: 1.1279
2026/08/31 01:32:27 - __main__ - INFO - 117 - trainer - Epoch: 66
2026/08/31 01:32:27 - __main__ - INFO - 162 - trainer - [0/190] Loss: 1.1270
2026/08/31 01:32:33 - __main__ - INFO - 162 - trainer - [39/190] Loss: 1.1363
2026/08/31 01:32:38 - __main__ - INFO - 162 - trainer - [78/190] Loss: 1.1268
2026/08/31 01:32:44 - __main__ - INFO - 162 - trainer - [117/190] Loss: 1.1368
2026/08/31 01:32:49 - __main__ - INFO - 162 - trainer - [156/190] Loss: 1.1376
2026/08/31 01:32:54 - __main__ - INFO - 167 - trainer - Average loss in epoch 66: 1.1267
2026/08/31 01:32:54 - __main__ - INFO - 117 - trainer - Epoch: 67
2026/08/31 01:32:54 - __main__ - INFO - 162 - trainer - [0/190] Loss: 1.1199
2026/08/31 01:33:00 - __main__ - INFO - 162 - trainer - [39/190] Loss: 1.1394
2026/08/31 01:33:06 - __main__ - INFO - 162 - trainer - [78/190] Loss: 1.1097
2026/08/31 01:33:11 - __main__ - INFO - 162 - trainer - [117/190] Loss: 1.1258
2026/08/31 01:33:17 - __main__ - INFO - 162 - trainer - [156/190] Loss: 1.1343
2026/08/31 01:33:21 - __main__ - INFO - 167 - trainer - Average loss in epoch 67: 1.1251
2026/08/31 01:33:21 - __main__ - INFO - 117 - trainer - Epoch: 68
2026/08/31 01:33:22 - __main__ - INFO - 162 - trainer - [0/190] Loss: 1.1148
2026/08/31 01:33:27 - __main__ - INFO - 162 - trainer - [39/190] Loss: 1.1179
2026/08/31 01:33:33 - __main__ - INFO - 162 - trainer - [78/190] Loss: 1.1196
2026/08/31 01:33:38 - __main__ - INFO - 162 - trainer - [117/190] Loss: 1.1191
2026/08/31 01:33:44 - __main__ - INFO - 162 - trainer - [156/190] Loss: 1.1213
2026/08/31 01:33:48 - __main__ - INFO - 167 - trainer - Average loss in epoch 68: 1.1241
2026/08/31 01:33:48 - __main__ - INFO - 117 - trainer - Epoch: 69
2026/08/31 01:33:49 - __main__ - INFO - 162 - trainer - [0/190] Loss: 1.1231
2026/08/31 01:33:54 - __main__ - INFO - 162 - trainer - [39/190] Loss: 1.1146
2026/08/31 01:34:00 - __main__ - INFO - 162 - trainer - [78/190] Loss: 1.1219
2026/08/31 01:34:06 - __main__ - INFO - 162 - trainer - [117/190] Loss: 1.1103
2026/08/31 01:34:11 - __main__ - INFO - 162 - trainer - [156/190] Loss: 1.1253
2026/08/31 01:34:16 - __main__ - INFO - 167 - trainer - Average loss in epoch 69: 1.1222
2026/08/31 01:34:16 - __main__ - INFO - 117 - trainer - Epoch: 70
2026/08/31 01:34:16 - __main__ - INFO - 162 - trainer - [0/190] Loss: 1.1107
2026/08/31 01:34:21 - __main__ - INFO - 162 - trainer - [39/190] Loss: 1.1091
2026/08/31 01:34:27 - __main__ - INFO - 162 - trainer - [78/190] Loss: 1.0798
2026/08/31 01:34:33 - __main__ - INFO - 162 - trainer - [117/190] Loss: 1.1246
2026/08/31 01:34:38 - __main__ - INFO - 162 - trainer - [156/190] Loss: 1.1090
2026/08/31 01:34:43 - __main__ - INFO - 167 - trainer - Average loss in epoch 70: 1.1221
2026/08/31 01:34:43 - __main__ - INFO - 117 - trainer - Epoch: 71
2026/08/31 01:34:43 - __main__ - INFO - 162 - trainer - [0/190] Loss: 1.1161
2026/08/31 01:34:49 - __main__ - INFO - 162 - trainer - [39/190] Loss: 1.1188
2026/08/31 01:34:54 - __main__ - INFO - 162 - trainer - [78/190] Loss: 1.1043
2026/08/31 01:35:00 - __main__ - INFO - 162 - trainer - [117/190] Loss: 1.1220
2026/08/31 01:35:05 - __main__ - INFO - 162 - trainer - [156/190] Loss: 1.1287
2026/08/31 01:35:10 - __main__ - INFO - 167 - trainer - Average loss in epoch 71: 1.1206
2026/08/31 01:35:10 - __main__ - INFO - 117 - trainer - Epoch: 72
2026/08/31 01:35:10 - __main__ - INFO - 162 - trainer - [0/190] Loss: 1.1042
2026/08/31 01:35:16 - __main__ - INFO - 162 - trainer - [39/190] Loss: 1.1079
2026/08/31 01:35:21 - __main__ - INFO - 162 - trainer - [78/190] Loss: 1.1064
2026/08/31 01:35:27 - __main__ - INFO - 162 - trainer - [117/190] Loss: 1.1284
2026/08/31 01:35:32 - __main__ - INFO - 162 - trainer - [156/190] Loss: 1.1055
2026/08/31 01:35:37 - __main__ - INFO - 167 - trainer - Average loss in epoch 72: 1.1186
2026/08/31 01:35:37 - __main__ - INFO - 117 - trainer - Epoch: 73
2026/08/31 01:35:37 - __main__ - INFO - 162 - trainer - [0/190] Loss: 1.1063
2026/08/31 01:35:43 - __main__ - INFO - 162 - trainer - [39/190] Loss: 1.1163
2026/08/31 01:35:48 - __main__ - INFO - 162 - trainer - [78/190] Loss: 1.1234
2026/08/31 01:35:54 - __main__ - INFO - 162 - trainer - [117/190] Loss: 1.1161
2026/08/31 01:36:00 - __main__ - INFO - 162 - trainer - [156/190] Loss: 1.1161
2026/08/31 01:36:05 - __main__ - INFO - 167 - trainer - Average loss in epoch 73: 1.1180
2026/08/31 01:36:05 - __main__ - INFO - 117 - trainer - Epoch: 74
2026/08/31 01:36:05 - __main__ - INFO - 162 - trainer - [0/190] Loss: 1.1293
2026/08/31 01:36:10 - __main__ - INFO - 162 - trainer - [39/190] Loss: 1.1055
2026/08/31 01:36:16 - __main__ - INFO - 162 - trainer - [78/190] Loss: 1.0723
2026/08/31 01:36:21 - __main__ - INFO - 162 - trainer - [117/190] Loss: 1.1342
2026/08/31 01:36:27 - __main__ - INFO - 162 - trainer - [156/190] Loss: 1.1095
2026/08/31 01:36:32 - __main__ - INFO - 167 - trainer - Average loss in epoch 74: 1.1164
2026/08/31 01:36:32 - __main__ - INFO - 117 - trainer - Epoch: 75
2026/08/31 01:36:32 - __main__ - INFO - 162 - trainer - [0/190] Loss: 1.1180
2026/08/31 01:36:37 - __main__ - INFO - 162 - trainer - [39/190] Loss: 1.1097
2026/08/31 01:36:43 - __main__ - INFO - 162 - trainer - [78/190] Loss: 1.1016
2026/08/31 01:36:48 - __main__ - INFO - 162 - trainer - [117/190] Loss: 1.1206
2026/08/31 01:36:54 - __main__ - INFO - 162 - trainer - [156/190] Loss: 1.1178
2026/08/31 01:36:59 - __main__ - INFO - 167 - trainer - Average loss in epoch 75: 1.1149
2026/08/31 01:36:59 - __main__ - INFO - 117 - trainer - Epoch: 76
2026/08/31 01:36:59 - __main__ - INFO - 162 - trainer - [0/190] Loss: 1.0864
2026/08/31 01:37:05 - __main__ - INFO - 162 - trainer - [39/190] Loss: 1.1235
2026/08/31 01:37:10 - __main__ - INFO - 162 - trainer - [78/190] Loss: 1.1053
2026/08/31 01:37:16 - __main__ - INFO - 162 - trainer - [117/190] Loss: 1.0975
2026/08/31 01:37:21 - __main__ - INFO - 162 - trainer - [156/190] Loss: 1.1267
2026/08/31 01:37:26 - __main__ - INFO - 167 - trainer - Average loss in epoch 76: 1.1147
2026/08/31 01:37:26 - __main__ - INFO - 117 - trainer - Epoch: 77
2026/08/31 01:37:26 - __main__ - INFO - 162 - trainer - [0/190] Loss: 1.0994
2026/08/31 01:37:31 - __main__ - INFO - 162 - trainer - [39/190] Loss: 1.1241
2026/08/31 01:37:37 - __main__ - INFO - 162 - trainer - [78/190] Loss: 1.1186
2026/08/31 01:37:43 - __main__ - INFO - 162 - trainer - [117/190] Loss: 1.1295
2026/08/31 01:37:48 - __main__ - INFO - 162 - trainer - [156/190] Loss: 1.1372
2026/08/31 01:37:53 - __main__ - INFO - 167 - trainer - Average loss in epoch 77: 1.1134
2026/08/31 01:37:53 - __main__ - INFO - 117 - trainer - Epoch: 78
2026/08/31 01:37:53 - __main__ - INFO - 162 - trainer - [0/190] Loss: 1.1194
2026/08/31 01:37:59 - __main__ - INFO - 162 - trainer - [39/190] Loss: 1.1134
2026/08/31 01:38:04 - __main__ - INFO - 162 - trainer - [78/190] Loss: 1.1141
2026/08/31 01:38:10 - __main__ - INFO - 162 - trainer - [117/190] Loss: 1.1075
2026/08/31 01:38:16 - __main__ - INFO - 162 - trainer - [156/190] Loss: 1.1630
2026/08/31 01:38:20 - __main__ - INFO - 167 - trainer - Average loss in epoch 78: 1.1121
2026/08/31 01:38:20 - __main__ - INFO - 117 - trainer - Epoch: 79
2026/08/31 01:38:20 - __main__ - INFO - 162 - trainer - [0/190] Loss: 1.1156
2026/08/31 01:38:26 - __main__ - INFO - 162 - trainer - [39/190] Loss: 1.1062
2026/08/31 01:38:31 - __main__ - INFO - 162 - trainer - [78/190] Loss: 1.1223
2026/08/31 01:38:37 - __main__ - INFO - 162 - trainer - [117/190] Loss: 1.1172
2026/08/31 01:38:42 - __main__ - INFO - 162 - trainer - [156/190] Loss: 1.1291
2026/08/31 01:38:47 - __main__ - INFO - 167 - trainer - Average loss in epoch 79: 1.1115
2026/08/31 01:38:47 - __main__ - INFO - 117 - trainer - Epoch: 80
2026/08/31 01:38:47 - __main__ - INFO - 162 - trainer - [0/190] Loss: 1.1085
2026/08/31 01:38:53 - __main__ - INFO - 162 - trainer - [39/190] Loss: 1.1137
2026/08/31 01:38:59 - __main__ - INFO - 162 - trainer - [78/190] Loss: 1.1337
2026/08/31 01:39:04 - __main__ - INFO - 162 - trainer - [117/190] Loss: 1.1280
2026/08/31 01:39:10 - __main__ - INFO - 162 - trainer - [156/190] Loss: 1.1004
2026/08/31 01:39:14 - __main__ - INFO - 167 - trainer - Average loss in epoch 80: 1.1100
2026/08/31 01:39:14 - __main__ - INFO - 173 - trainer - start predicting: 2026-08-31 01:39:14.999695
2026/08/31 01:39:17 - __main__ - INFO - 203 - trainer - {'Best_HR@5': np.float64(8.9372), 'Best_HR@10': np.float64(16.1468), 'Best_HR@20': np.float64(27.6113), 'Best_NDCG@5': np.float64(5.2132), 'Best_NDCG@10': np.float64(7.5356), 'Best_NDCG@20': np.float64(10.2722)}
2026/08/31 01:39:17 - __main__ - INFO - 204 - trainer - {'Best_epoch_HR@5': 80, 'Best_epoch_HR@10': 80, 'Best_epoch_HR@20': 60, 'Best_epoch_NDCG@5': 80, 'Best_epoch_NDCG@10': 80, 'Best_epoch_NDCG@20': 80}
2026/08/31 01:39:17 - __main__ - INFO - 117 - trainer - Epoch: 81
2026/08/31 01:39:17 - __main__ - INFO - 162 - trainer - [0/190] Loss: 1.1070
2026/08/31 01:39:23 - __main__ - INFO - 162 - trainer - [39/190] Loss: 1.1283
2026/08/31 01:39:28 - __main__ - INFO - 162 - trainer - [78/190] Loss: 1.1090
2026/08/31 01:39:34 - __main__ - INFO - 162 - trainer - [117/190] Loss: 1.1097
2026/08/31 01:39:40 - __main__ - INFO - 162 - trainer - [156/190] Loss: 1.1088
2026/08/31 01:39:45 - __main__ - INFO - 167 - trainer - Average loss in epoch 81: 1.1091
2026/08/31 01:39:45 - __main__ - INFO - 117 - trainer - Epoch: 82
2026/08/31 01:39:45 - __main__ - INFO - 162 - trainer - [0/190] Loss: 1.0933
2026/08/31 01:39:50 - __main__ - INFO - 162 - trainer - [39/190] Loss: 1.1192
2026/08/31 01:39:56 - __main__ - INFO - 162 - trainer - [78/190] Loss: 1.1168
2026/08/31 01:40:02 - __main__ - INFO - 162 - trainer - [117/190] Loss: 1.1156
2026/08/31 01:40:07 - __main__ - INFO - 162 - trainer - [156/190] Loss: 1.1192
2026/08/31 01:40:12 - __main__ - INFO - 167 - trainer - Average loss in epoch 82: 1.1084
2026/08/31 01:40:12 - __main__ - INFO - 117 - trainer - Epoch: 83
2026/08/31 01:40:12 - __main__ - INFO - 162 - trainer - [0/190] Loss: 1.1185
2026/08/31 01:40:18 - __main__ - INFO - 162 - trainer - [39/190] Loss: 1.1090
2026/08/31 01:40:23 - __main__ - INFO - 162 - trainer - [78/190] Loss: 1.1142
2026/08/31 01:40:29 - __main__ - INFO - 162 - trainer - [117/190] Loss: 1.1265
2026/08/31 01:40:34 - __main__ - INFO - 162 - trainer - [156/190] Loss: 1.1162
2026/08/31 01:40:39 - __main__ - INFO - 167 - trainer - Average loss in epoch 83: 1.1074
2026/08/31 01:40:39 - __main__ - INFO - 117 - trainer - Epoch: 84
2026/08/31 01:40:39 - __main__ - INFO - 162 - trainer - [0/190] Loss: 1.1137
2026/08/31 01:40:45 - __main__ - INFO - 162 - trainer - [39/190] Loss: 1.1332
2026/08/31 01:40:50 - __main__ - INFO - 162 - trainer - [78/190] Loss: 1.0977
2026/08/31 01:40:56 - __main__ - INFO - 162 - trainer - [117/190] Loss: 1.1109
2026/08/31 01:41:01 - __main__ - INFO - 162 - trainer - [156/190] Loss: 1.1012
2026/08/31 01:41:06 - __main__ - INFO - 167 - trainer - Average loss in epoch 84: 1.1055
2026/08/31 01:41:06 - __main__ - INFO - 117 - trainer - Epoch: 85
2026/08/31 01:41:06 - __main__ - INFO - 162 - trainer - [0/190] Loss: 1.0949
2026/08/31 01:41:11 - __main__ - INFO - 162 - trainer - [39/190] Loss: 1.0839
2026/08/31 01:41:17 - __main__ - INFO - 162 - trainer - [78/190] Loss: 1.0940
2026/08/31 01:41:23 - __main__ - INFO - 162 - trainer - [117/190] Loss: 1.1307
2026/08/31 01:41:28 - __main__ - INFO - 162 - trainer - [156/190] Loss: 1.1041
2026/08/31 01:41:33 - __main__ - INFO - 167 - trainer - Average loss in epoch 85: 1.1044
2026/08/31 01:41:33 - __main__ - INFO - 117 - trainer - Epoch: 86
2026/08/31 01:41:33 - __main__ - INFO - 162 - trainer - [0/190] Loss: 1.1236
2026/08/31 01:41:39 - __main__ - INFO - 162 - trainer - [39/190] Loss: 1.0981
2026/08/31 01:41:44 - __main__ - INFO - 162 - trainer - [78/190] Loss: 1.1017
2026/08/31 01:41:50 - __main__ - INFO - 162 - trainer - [117/190] Loss: 1.1033
2026/08/31 01:41:55 - __main__ - INFO - 162 - trainer - [156/190] Loss: 1.0770
2026/08/31 01:42:00 - __main__ - INFO - 167 - trainer - Average loss in epoch 86: 1.1039
2026/08/31 01:42:00 - __main__ - INFO - 117 - trainer - Epoch: 87
2026/08/31 01:42:00 - __main__ - INFO - 162 - trainer - [0/190] Loss: 1.0822
2026/08/31 01:42:06 - __main__ - INFO - 162 - trainer - [39/190] Loss: 1.0831
2026/08/31 01:42:12 - __main__ - INFO - 162 - trainer - [78/190] Loss: 1.0802
2026/08/31 01:42:17 - __main__ - INFO - 162 - trainer - [117/190] Loss: 1.1176
2026/08/31 01:42:23 - __main__ - INFO - 162 - trainer - [156/190] Loss: 1.1107
2026/08/31 01:42:27 - __main__ - INFO - 167 - trainer - Average loss in epoch 87: 1.1033
2026/08/31 01:42:27 - __main__ - INFO - 117 - trainer - Epoch: 88
2026/08/31 01:42:28 - __main__ - INFO - 162 - trainer - [0/190] Loss: 1.1009
2026/08/31 01:42:33 - __main__ - INFO - 162 - trainer - [39/190] Loss: 1.0790
2026/08/31 01:42:39 - __main__ - INFO - 162 - trainer - [78/190] Loss: 1.1020
2026/08/31 01:42:44 - __main__ - INFO - 162 - trainer - [117/190] Loss: 1.1047
2026/08/31 01:42:50 - __main__ - INFO - 162 - trainer - [156/190] Loss: 1.0910
2026/08/31 01:42:55 - __main__ - INFO - 167 - trainer - Average loss in epoch 88: 1.1022
2026/08/31 01:42:55 - __main__ - INFO - 117 - trainer - Epoch: 89
2026/08/31 01:42:55 - __main__ - INFO - 162 - trainer - [0/190] Loss: 1.0852
2026/08/31 01:43:00 - __main__ - INFO - 162 - trainer - [39/190] Loss: 1.1194
2026/08/31 01:43:06 - __main__ - INFO - 162 - trainer - [78/190] Loss: 1.1020
2026/08/31 01:43:12 - __main__ - INFO - 162 - trainer - [117/190] Loss: 1.0884
2026/08/31 01:43:17 - __main__ - INFO - 162 - trainer - [156/190] Loss: 1.1250
2026/08/31 01:43:22 - __main__ - INFO - 167 - trainer - Average loss in epoch 89: 1.1009
2026/08/31 01:43:22 - __main__ - INFO - 117 - trainer - Epoch: 90
2026/08/31 01:43:22 - __main__ - INFO - 162 - trainer - [0/190] Loss: 1.0970
2026/08/31 01:43:27 - __main__ - INFO - 162 - trainer - [39/190] Loss: 1.0928
2026/08/31 01:43:33 - __main__ - INFO - 162 - trainer - [78/190] Loss: 1.1185
2026/08/31 01:43:39 - __main__ - INFO - 162 - trainer - [117/190] Loss: 1.1031
2026/08/31 01:43:44 - __main__ - INFO - 162 - trainer - [156/190] Loss: 1.1025
2026/08/31 01:43:49 - __main__ - INFO - 167 - trainer - Average loss in epoch 90: 1.1006
2026/08/31 01:43:49 - __main__ - INFO - 117 - trainer - Epoch: 91
2026/08/31 01:43:49 - __main__ - INFO - 162 - trainer - [0/190] Loss: 1.0806
2026/08/31 01:43:55 - __main__ - INFO - 162 - trainer - [39/190] Loss: 1.0934
2026/08/31 01:44:00 - __main__ - INFO - 162 - trainer - [78/190] Loss: 1.0993
2026/08/31 01:44:06 - __main__ - INFO - 162 - trainer - [117/190] Loss: 1.0949
2026/08/31 01:44:11 - __main__ - INFO - 162 - trainer - [156/190] Loss: 1.0994
2026/08/31 01:44:16 - __main__ - INFO - 167 - trainer - Average loss in epoch 91: 1.0999
2026/08/31 01:44:16 - __main__ - INFO - 117 - trainer - Epoch: 92
2026/08/31 01:44:16 - __main__ - INFO - 162 - trainer - [0/190] Loss: 1.0839
2026/08/31 01:44:22 - __main__ - INFO - 162 - trainer - [39/190] Loss: 1.0794
2026/08/31 01:44:27 - __main__ - INFO - 162 - trainer - [78/190] Loss: 1.1163
2026/08/31 01:44:33 - __main__ - INFO - 162 - trainer - [117/190] Loss: 1.0910
2026/08/31 01:44:39 - __main__ - INFO - 162 - trainer - [156/190] Loss: 1.1147
2026/08/31 01:44:43 - __main__ - INFO - 167 - trainer - Average loss in epoch 92: 1.0994
2026/08/31 01:44:43 - __main__ - INFO - 117 - trainer - Epoch: 93
2026/08/31 01:44:43 - __main__ - INFO - 162 - trainer - [0/190] Loss: 1.0906
2026/08/31 01:44:49 - __main__ - INFO - 162 - trainer - [39/190] Loss: 1.0940
2026/08/31 01:44:54 - __main__ - INFO - 162 - trainer - [78/190] Loss: 1.0799
2026/08/31 01:45:00 - __main__ - INFO - 162 - trainer - [117/190] Loss: 1.1003
2026/08/31 01:45:06 - __main__ - INFO - 162 - trainer - [156/190] Loss: 1.1243
2026/08/31 01:45:10 - __main__ - INFO - 167 - trainer - Average loss in epoch 93: 1.0970
2026/08/31 01:45:10 - __main__ - INFO - 117 - trainer - Epoch: 94
2026/08/31 01:45:10 - __main__ - INFO - 162 - trainer - [0/190] Loss: 1.0895
2026/08/31 01:45:16 - __main__ - INFO - 162 - trainer - [39/190] Loss: 1.0936
2026/08/31 01:45:21 - __main__ - INFO - 162 - trainer - [78/190] Loss: 1.1163
2026/08/31 01:45:27 - __main__ - INFO - 162 - trainer - [117/190] Loss: 1.0961
2026/08/31 01:45:33 - __main__ - INFO - 162 - trainer - [156/190] Loss: 1.0985
2026/08/31 01:45:37 - __main__ - INFO - 167 - trainer - Average loss in epoch 94: 1.0976
2026/08/31 01:45:37 - __main__ - INFO - 117 - trainer - Epoch: 95
2026/08/31 01:45:37 - __main__ - INFO - 162 - trainer - [0/190] Loss: 1.0736
2026/08/31 01:45:43 - __main__ - INFO - 162 - trainer - [39/190] Loss: 1.0882
2026/08/31 01:45:49 - __main__ - INFO - 162 - trainer - [78/190] Loss: 1.1221
2026/08/31 01:45:54 - __main__ - INFO - 162 - trainer - [117/190] Loss: 1.1038
2026/08/31 01:46:00 - __main__ - INFO - 162 - trainer - [156/190] Loss: 1.0881
2026/08/31 01:46:05 - __main__ - INFO - 167 - trainer - Average loss in epoch 95: 1.0960
2026/08/31 01:46:05 - __main__ - INFO - 117 - trainer - Epoch: 96
2026/08/31 01:46:05 - __main__ - INFO - 162 - trainer - [0/190] Loss: 1.0898
2026/08/31 01:46:10 - __main__ - INFO - 162 - trainer - [39/190] Loss: 1.0754
2026/08/31 01:46:16 - __main__ - INFO - 162 - trainer - [78/190] Loss: 1.0780
2026/08/31 01:46:22 - __main__ - INFO - 162 - trainer - [117/190] Loss: 1.0935
2026/08/31 01:46:27 - __main__ - INFO - 162 - trainer - [156/190] Loss: 1.1050
2026/08/31 01:46:32 - __main__ - INFO - 167 - trainer - Average loss in epoch 96: 1.0950
2026/08/31 01:46:32 - __main__ - INFO - 117 - trainer - Epoch: 97
2026/08/31 01:46:32 - __main__ - INFO - 162 - trainer - [0/190] Loss: 1.0873
2026/08/31 01:46:38 - __main__ - INFO - 162 - trainer - [39/190] Loss: 1.0929
2026/08/31 01:46:43 - __main__ - INFO - 162 - trainer - [78/190] Loss: 1.0732
2026/08/31 01:46:49 - __main__ - INFO - 162 - trainer - [117/190] Loss: 1.1033
2026/08/31 01:46:54 - __main__ - INFO - 162 - trainer - [156/190] Loss: 1.1076
2026/08/31 01:46:59 - __main__ - INFO - 167 - trainer - Average loss in epoch 97: 1.0944
2026/08/31 01:46:59 - __main__ - INFO - 117 - trainer - Epoch: 98
2026/08/31 01:46:59 - __main__ - INFO - 162 - trainer - [0/190] Loss: 1.0841
2026/08/31 01:47:05 - __main__ - INFO - 162 - trainer - [39/190] Loss: 1.0940
2026/08/31 01:47:10 - __main__ - INFO - 162 - trainer - [78/190] Loss: 1.0989
2026/08/31 01:47:16 - __main__ - INFO - 162 - trainer - [117/190] Loss: 1.0835
2026/08/31 01:47:21 - __main__ - INFO - 162 - trainer - [156/190] Loss: 1.1004
2026/08/31 01:47:26 - __main__ - INFO - 167 - trainer - Average loss in epoch 98: 1.0937
2026/08/31 01:47:26 - __main__ - INFO - 117 - trainer - Epoch: 99
2026/08/31 01:47:26 - __main__ - INFO - 162 - trainer - [0/190] Loss: 1.0931
2026/08/31 01:47:32 - __main__ - INFO - 162 - trainer - [39/190] Loss: 1.0827
2026/08/31 01:47:37 - __main__ - INFO - 162 - trainer - [78/190] Loss: 1.0882
2026/08/31 01:47:43 - __main__ - INFO - 162 - trainer - [117/190] Loss: 1.0855
2026/08/31 01:47:48 - __main__ - INFO - 162 - trainer - [156/190] Loss: 1.0876
2026/08/31 01:47:53 - __main__ - INFO - 167 - trainer - Average loss in epoch 99: 1.0925
2026/08/31 01:47:53 - __main__ - INFO - 117 - trainer - Epoch: 100
2026/08/31 01:47:53 - __main__ - INFO - 162 - trainer - [0/190] Loss: 1.1029
2026/08/31 01:47:59 - __main__ - INFO - 162 - trainer - [39/190] Loss: 1.0694
2026/08/31 01:48:05 - __main__ - INFO - 162 - trainer - [78/190] Loss: 1.0915
2026/08/31 01:48:10 - __main__ - INFO - 162 - trainer - [117/190] Loss: 1.0787
2026/08/31 01:48:16 - __main__ - INFO - 162 - trainer - [156/190] Loss: 1.1026
2026/08/31 01:48:20 - __main__ - INFO - 167 - trainer - Average loss in epoch 100: 1.0825
2026/08/31 01:48:20 - __main__ - INFO - 173 - trainer - start predicting: 2026-08-31 01:48:20.937641
2026/08/31 01:48:23 - __main__ - INFO - 203 - trainer - {'Best_HR@5': np.float64(9.7001), 'Best_HR@10': np.float64(17.2577), 'Best_HR@20': np.float64(27.6113), 'Best_NDCG@5': np.float64(5.4012), 'Best_NDCG@10': np.float64(7.8253), 'Best_NDCG@20': np.float64(10.3929)}
2026/08/31 01:48:23 - __main__ - INFO - 204 - trainer - {'Best_epoch_HR@5': 100, 'Best_epoch_HR@10': 100, 'Best_epoch_HR@20': 60, 'Best_epoch_NDCG@5': 100, 'Best_epoch_NDCG@10': 100, 'Best_epoch_NDCG@20': 100}
2026/08/31 01:48:23 - __main__ - INFO - 117 - trainer - Epoch: 101
2026/08/31 01:48:23 - __main__ - INFO - 162 - trainer - [0/190] Loss: 1.1017
2026/08/31 01:48:29 - __main__ - INFO - 162 - trainer - [39/190] Loss: 1.0525
2026/08/31 01:48:34 - __main__ - INFO - 162 - trainer - [78/190] Loss: 1.0968
2026/08/31 01:48:40 - __main__ - INFO - 162 - trainer - [117/190] Loss: 1.0667
2026/08/31 01:48:45 - __main__ - INFO - 162 - trainer - [156/190] Loss: 1.0774
2026/08/31 01:48:50 - __main__ - INFO - 167 - trainer - Average loss in epoch 101: 1.0788
2026/08/31 01:48:50 - __main__ - INFO - 117 - trainer - Epoch: 102
2026/08/31 01:48:50 - __main__ - INFO - 162 - trainer - [0/190] Loss: 1.0778
2026/08/31 01:48:56 - __main__ - INFO - 162 - trainer - [39/190] Loss: 1.0773
2026/08/31 01:49:01 - __main__ - INFO - 162 - trainer - [78/190] Loss: 1.0637
2026/08/31 01:49:07 - __main__ - INFO - 162 - trainer - [117/190] Loss: 1.0751
2026/08/31 01:49:13 - __main__ - INFO - 162 - trainer - [156/190] Loss: 1.0745
2026/08/31 01:49:17 - __main__ - INFO - 167 - trainer - Average loss in epoch 102: 1.0782
2026/08/31 01:49:17 - __main__ - INFO - 117 - trainer - Epoch: 103
2026/08/31 01:49:17 - __main__ - INFO - 162 - trainer - [0/190] Loss: 1.0508
2026/08/31 01:49:23 - __main__ - INFO - 162 - trainer - [39/190] Loss: 1.0900
2026/08/31 01:49:29 - __main__ - INFO - 162 - trainer - [78/190] Loss: 1.0619
2026/08/31 01:49:34 - __main__ - INFO - 162 - trainer - [117/190] Loss: 1.0623
2026/08/31 01:49:40 - __main__ - INFO - 162 - trainer - [156/190] Loss: 1.0864
2026/08/31 01:49:44 - __main__ - INFO - 167 - trainer - Average loss in epoch 103: 1.0777
2026/08/31 01:49:44 - __main__ - INFO - 117 - trainer - Epoch: 104
2026/08/31 01:49:45 - __main__ - INFO - 162 - trainer - [0/190] Loss: 1.0787
2026/08/31 01:49:50 - __main__ - INFO - 162 - trainer - [39/190] Loss: 1.0860
2026/08/31 01:49:56 - __main__ - INFO - 162 - trainer - [78/190] Loss: 1.0656
2026/08/31 01:50:01 - __main__ - INFO - 162 - trainer - [117/190] Loss: 1.0671
2026/08/31 01:50:07 - __main__ - INFO - 162 - trainer - [156/190] Loss: 1.0766
2026/08/31 01:50:12 - __main__ - INFO - 167 - trainer - Average loss in epoch 104: 1.0774
2026/08/31 01:50:12 - __main__ - INFO - 117 - trainer - Epoch: 105
2026/08/31 01:50:12 - __main__ - INFO - 162 - trainer - [0/190] Loss: 1.0818
2026/08/31 01:50:17 - __main__ - INFO - 162 - trainer - [39/190] Loss: 1.0783
2026/08/31 01:50:23 - __main__ - INFO - 162 - trainer - [78/190] Loss: 1.0780
2026/08/31 01:50:28 - __main__ - INFO - 162 - trainer - [117/190] Loss: 1.0789
2026/08/31 01:50:34 - __main__ - INFO - 162 - trainer - [156/190] Loss: 1.1032
2026/08/31 01:50:39 - __main__ - INFO - 167 - trainer - Average loss in epoch 105: 1.0763
2026/08/31 01:50:39 - __main__ - INFO - 117 - trainer - Epoch: 106
2026/08/31 01:50:39 - __main__ - INFO - 162 - trainer - [0/190] Loss: 1.0842
2026/08/31 01:50:44 - __main__ - INFO - 162 - trainer - [39/190] Loss: 1.0685
2026/08/31 01:50:50 - __main__ - INFO - 162 - trainer - [78/190] Loss: 1.0628
2026/08/31 01:50:56 - __main__ - INFO - 162 - trainer - [117/190] Loss: 1.1006
2026/08/31 01:51:01 - __main__ - INFO - 162 - trainer - [156/190] Loss: 1.0771
2026/08/31 01:51:06 - __main__ - INFO - 167 - trainer - Average loss in epoch 106: 1.0760
2026/08/31 01:51:06 - __main__ - INFO - 117 - trainer - Epoch: 107
2026/08/31 01:51:06 - __main__ - INFO - 162 - trainer - [0/190] Loss: 1.0772
2026/08/31 01:51:12 - __main__ - INFO - 162 - trainer - [39/190] Loss: 1.0783
2026/08/31 01:51:17 - __main__ - INFO - 162 - trainer - [78/190] Loss: 1.0754
2026/08/31 01:51:23 - __main__ - INFO - 162 - trainer - [117/190] Loss: 1.0608
2026/08/31 01:51:28 - __main__ - INFO - 162 - trainer - [156/190] Loss: 1.0891
2026/08/31 01:51:33 - __main__ - INFO - 167 - trainer - Average loss in epoch 107: 1.0755
2026/08/31 01:51:33 - __main__ - INFO - 117 - trainer - Epoch: 108
2026/08/31 01:51:33 - __main__ - INFO - 162 - trainer - [0/190] Loss: 1.0880
2026/08/31 01:51:38 - __main__ - INFO - 162 - trainer - [39/190] Loss: 1.0568
2026/08/31 01:51:44 - __main__ - INFO - 162 - trainer - [78/190] Loss: 1.0993
2026/08/31 01:51:50 - __main__ - INFO - 162 - trainer - [117/190] Loss: 1.0572
2026/08/31 01:51:55 - __main__ - INFO - 162 - trainer - [156/190] Loss: 1.0451
2026/08/31 01:52:00 - __main__ - INFO - 167 - trainer - Average loss in epoch 108: 1.0754
2026/08/31 01:52:00 - __main__ - INFO - 117 - trainer - Epoch: 109
2026/08/31 01:52:00 - __main__ - INFO - 162 - trainer - [0/190] Loss: 1.0506
2026/08/31 01:52:05 - __main__ - INFO - 162 - trainer - [39/190] Loss: 1.0677
2026/08/31 01:52:11 - __main__ - INFO - 162 - trainer - [78/190] Loss: 1.0792
2026/08/31 01:52:17 - __main__ - INFO - 162 - trainer - [117/190] Loss: 1.0698
2026/08/31 01:52:22 - __main__ - INFO - 162 - trainer - [156/190] Loss: 1.0773
2026/08/31 01:52:27 - __main__ - INFO - 167 - trainer - Average loss in epoch 109: 1.0748
2026/08/31 01:52:27 - __main__ - INFO - 117 - trainer - Epoch: 110
2026/08/31 01:52:27 - __main__ - INFO - 162 - trainer - [0/190] Loss: 1.0813
2026/08/31 01:52:33 - __main__ - INFO - 162 - trainer - [39/190] Loss: 1.0840
2026/08/31 01:52:38 - __main__ - INFO - 162 - trainer - [78/190] Loss: 1.0682
2026/08/31 01:52:44 - __main__ - INFO - 162 - trainer - [117/190] Loss: 1.0644
2026/08/31 01:52:49 - __main__ - INFO - 162 - trainer - [156/190] Loss: 1.0779
2026/08/31 01:52:54 - __main__ - INFO - 167 - trainer - Average loss in epoch 110: 1.0737
2026/08/31 01:52:54 - __main__ - INFO - 117 - trainer - Epoch: 111
2026/08/31 01:52:54 - __main__ - INFO - 162 - trainer - [0/190] Loss: 1.0781
2026/08/31 01:53:00 - __main__ - INFO - 162 - trainer - [39/190] Loss: 1.0740
2026/08/31 01:53:05 - __main__ - INFO - 162 - trainer - [78/190] Loss: 1.0804
2026/08/31 01:53:11 - __main__ - INFO - 162 - trainer - [117/190] Loss: 1.0871
2026/08/31 01:53:17 - __main__ - INFO - 162 - trainer - [156/190] Loss: 1.0721
2026/08/31 01:53:21 - __main__ - INFO - 167 - trainer - Average loss in epoch 111: 1.0745
2026/08/31 01:53:21 - __main__ - INFO - 117 - trainer - Epoch: 112
2026/08/31 01:53:21 - __main__ - INFO - 162 - trainer - [0/190] Loss: 1.0837
2026/08/31 01:53:27 - __main__ - INFO - 162 - trainer - [39/190] Loss: 1.0879
2026/08/31 01:53:32 - __main__ - INFO - 162 - trainer - [78/190] Loss: 1.0765
2026/08/31 01:53:38 - __main__ - INFO - 162 - trainer - [117/190] Loss: 1.0773
2026/08/31 01:53:44 - __main__ - INFO - 162 - trainer - [156/190] Loss: 1.0726
2026/08/31 01:53:48 - __main__ - INFO - 167 - trainer - Average loss in epoch 112: 1.0738
2026/08/31 01:53:48 - __main__ - INFO - 117 - trainer - Epoch: 113
2026/08/31 01:53:48 - __main__ - INFO - 162 - trainer - [0/190] Loss: 1.0598
2026/08/31 01:53:54 - __main__ - INFO - 162 - trainer - [39/190] Loss: 1.0562
2026/08/31 01:53:59 - __main__ - INFO - 162 - trainer - [78/190] Loss: 1.0891
2026/08/31 01:54:05 - __main__ - INFO - 162 - trainer - [117/190] Loss: 1.0749
2026/08/31 01:54:11 - __main__ - INFO - 162 - trainer - [156/190] Loss: 1.0732
2026/08/31 01:54:15 - __main__ - INFO - 167 - trainer - Average loss in epoch 113: 1.0735
2026/08/31 01:54:15 - __main__ - INFO - 117 - trainer - Epoch: 114
2026/08/31 01:54:15 - __main__ - INFO - 162 - trainer - [0/190] Loss: 1.0789
2026/08/31 01:54:21 - __main__ - INFO - 162 - trainer - [39/190] Loss: 1.0575
2026/08/31 01:54:27 - __main__ - INFO - 162 - trainer - [78/190] Loss: 1.0617
2026/08/31 01:54:32 - __main__ - INFO - 162 - trainer - [117/190] Loss: 1.0836
2026/08/31 01:54:38 - __main__ - INFO - 162 - trainer - [156/190] Loss: 1.0528
2026/08/31 01:54:42 - __main__ - INFO - 167 - trainer - Average loss in epoch 114: 1.0724
2026/08/31 01:54:42 - __main__ - INFO - 117 - trainer - Epoch: 115
2026/08/31 01:54:42 - __main__ - INFO - 162 - trainer - [0/190] Loss: 1.0460
2026/08/31 01:54:48 - __main__ - INFO - 162 - trainer - [39/190] Loss: 1.0907
2026/08/31 01:54:53 - __main__ - INFO - 162 - trainer - [78/190] Loss: 1.0614
2026/08/31 01:54:59 - __main__ - INFO - 162 - trainer - [117/190] Loss: 1.0737
2026/08/31 01:55:05 - __main__ - INFO - 162 - trainer - [156/190] Loss: 1.0784
2026/08/31 01:55:09 - __main__ - INFO - 167 - trainer - Average loss in epoch 115: 1.0733
2026/08/31 01:55:09 - __main__ - INFO - 117 - trainer - Epoch: 116
2026/08/31 01:55:10 - __main__ - INFO - 162 - trainer - [0/190] Loss: 1.0584
2026/08/31 01:55:15 - __main__ - INFO - 162 - trainer - [39/190] Loss: 1.0520
2026/08/31 01:55:21 - __main__ - INFO - 162 - trainer - [78/190] Loss: 1.0824
2026/08/31 01:55:26 - __main__ - INFO - 162 - trainer - [117/190] Loss: 1.0641
2026/08/31 01:55:32 - __main__ - INFO - 162 - trainer - [156/190] Loss: 1.0801
2026/08/31 01:55:36 - __main__ - INFO - 167 - trainer - Average loss in epoch 116: 1.0725
2026/08/31 01:55:36 - __main__ - INFO - 117 - trainer - Epoch: 117
2026/08/31 01:55:36 - __main__ - INFO - 162 - trainer - [0/190] Loss: 1.0545
2026/08/31 01:55:42 - __main__ - INFO - 162 - trainer - [39/190] Loss: 1.0647
2026/08/31 01:55:47 - __main__ - INFO - 162 - trainer - [78/190] Loss: 1.0771
2026/08/31 01:55:53 - __main__ - INFO - 162 - trainer - [117/190] Loss: 1.0713
2026/08/31 01:55:59 - __main__ - INFO - 162 - trainer - [156/190] Loss: 1.0920
2026/08/31 01:56:03 - __main__ - INFO - 167 - trainer - Average loss in epoch 117: 1.0728
2026/08/31 01:56:03 - __main__ - INFO - 117 - trainer - Epoch: 118
2026/08/31 01:56:03 - __main__ - INFO - 162 - trainer - [0/190] Loss: 1.0581
2026/08/31 01:56:09 - __main__ - INFO - 162 - trainer - [39/190] Loss: 1.0803
2026/08/31 01:56:15 - __main__ - INFO - 162 - trainer - [78/190] Loss: 1.0682
2026/08/31 01:56:20 - __main__ - INFO - 162 - trainer - [117/190] Loss: 1.0422
2026/08/31 01:56:26 - __main__ - INFO - 162 - trainer - [156/190] Loss: 1.0901
2026/08/31 01:56:30 - __main__ - INFO - 167 - trainer - Average loss in epoch 118: 1.0722
2026/08/31 01:56:30 - __main__ - INFO - 117 - trainer - Epoch: 119
2026/08/31 01:56:31 - __main__ - INFO - 162 - trainer - [0/190] Loss: 1.0685
2026/08/31 01:56:36 - __main__ - INFO - 162 - trainer - [39/190] Loss: 1.0737
2026/08/31 01:56:42 - __main__ - INFO - 162 - trainer - [78/190] Loss: 1.0671
2026/08/31 01:56:47 - __main__ - INFO - 162 - trainer - [117/190] Loss: 1.0566
2026/08/31 01:56:53 - __main__ - INFO - 162 - trainer - [156/190] Loss: 1.0783
2026/08/31 01:56:58 - __main__ - INFO - 167 - trainer - Average loss in epoch 119: 1.0719
2026/08/31 01:56:58 - __main__ - INFO - 117 - trainer - Epoch: 120
2026/08/31 01:56:58 - __main__ - INFO - 162 - trainer - [0/190] Loss: 1.0649
2026/08/31 01:57:03 - __main__ - INFO - 162 - trainer - [39/190] Loss: 1.0794
2026/08/31 01:57:09 - __main__ - INFO - 162 - trainer - [78/190] Loss: 1.0874
2026/08/31 01:57:15 - __main__ - INFO - 162 - trainer - [117/190] Loss: 1.0610
2026/08/31 01:57:20 - __main__ - INFO - 162 - trainer - [156/190] Loss: 1.0609
2026/08/31 01:57:25 - __main__ - INFO - 167 - trainer - Average loss in epoch 120: 1.0717
2026/08/31 01:57:25 - __main__ - INFO - 173 - trainer - start predicting: 2026-08-31 01:57:25.424193
2026/08/31 01:57:27 - __main__ - INFO - 203 - trainer - {'Best_HR@5': np.float64(9.7001), 'Best_HR@10': np.float64(17.2577), 'Best_HR@20': np.float64(27.9227), 'Best_NDCG@5': np.float64(5.4012), 'Best_NDCG@10': np.float64(7.8253), 'Best_NDCG@20': np.float64(10.3974)}
2026/08/31 01:57:27 - __main__ - INFO - 204 - trainer - {'Best_epoch_HR@5': 100, 'Best_epoch_HR@10': 100, 'Best_epoch_HR@20': 120, 'Best_epoch_NDCG@5': 100, 'Best_epoch_NDCG@10': 100, 'Best_epoch_NDCG@20': 120}
2026/08/31 01:57:27 - __main__ - INFO - 117 - trainer - Epoch: 121
2026/08/31 01:57:28 - __main__ - INFO - 162 - trainer - [0/190] Loss: 1.0532
2026/08/31 01:57:33 - __main__ - INFO - 162 - trainer - [39/190] Loss: 1.0764
2026/08/31 01:57:39 - __main__ - INFO - 162 - trainer - [78/190] Loss: 1.0781
2026/08/31 01:57:44 - __main__ - INFO - 162 - trainer - [117/190] Loss: 1.0643
2026/08/31 01:57:50 - __main__ - INFO - 162 - trainer - [156/190] Loss: 1.0411
2026/08/31 01:57:55 - __main__ - INFO - 167 - trainer - Average loss in epoch 121: 1.0718
2026/08/31 01:57:55 - __main__ - INFO - 117 - trainer - Epoch: 122
2026/08/31 01:57:55 - __main__ - INFO - 162 - trainer - [0/190] Loss: 1.0596
2026/08/31 01:58:00 - __main__ - INFO - 162 - trainer - [39/190] Loss: 1.0688
2026/08/31 01:58:06 - __main__ - INFO - 162 - trainer - [78/190] Loss: 1.0833
2026/08/31 01:58:11 - __main__ - INFO - 162 - trainer - [117/190] Loss: 1.0881
2026/08/31 01:58:17 - __main__ - INFO - 162 - trainer - [156/190] Loss: 1.0704
2026/08/31 01:58:22 - __main__ - INFO - 167 - trainer - Average loss in epoch 122: 1.0711
2026/08/31 01:58:22 - __main__ - INFO - 117 - trainer - Epoch: 123
2026/08/31 01:58:22 - __main__ - INFO - 162 - trainer - [0/190] Loss: 1.0856
2026/08/31 01:58:27 - __main__ - INFO - 162 - trainer - [39/190] Loss: 1.0703
2026/08/31 01:58:33 - __main__ - INFO - 162 - trainer - [78/190] Loss: 1.0552
2026/08/31 01:58:38 - __main__ - INFO - 162 - trainer - [117/190] Loss: 1.0730
2026/08/31 01:58:44 - __main__ - INFO - 162 - trainer - [156/190] Loss: 1.0699
2026/08/31 01:58:49 - __main__ - INFO - 167 - trainer - Average loss in epoch 123: 1.0707
2026/08/31 01:58:49 - __main__ - INFO - 117 - trainer - Epoch: 124
2026/08/31 01:58:49 - __main__ - INFO - 162 - trainer - [0/190] Loss: 1.0962
2026/08/31 01:58:54 - __main__ - INFO - 162 - trainer - [39/190] Loss: 1.0734
2026/08/31 01:59:00 - __main__ - INFO - 162 - trainer - [78/190] Loss: 1.0739
2026/08/31 01:59:05 - __main__ - INFO - 162 - trainer - [117/190] Loss: 1.0864
2026/08/31 01:59:11 - __main__ - INFO - 162 - trainer - [156/190] Loss: 1.0888
2026/08/31 01:59:16 - __main__ - INFO - 167 - trainer - Average loss in epoch 124: 1.0711
2026/08/31 01:59:16 - __main__ - INFO - 117 - trainer - Epoch: 125
2026/08/31 01:59:16 - __main__ - INFO - 162 - trainer - [0/190] Loss: 1.0679
2026/08/31 01:59:21 - __main__ - INFO - 162 - trainer - [39/190] Loss: 1.0908
2026/08/31 01:59:27 - __main__ - INFO - 162 - trainer - [78/190] Loss: 1.0480
2026/08/31 01:59:32 - __main__ - INFO - 162 - trainer - [117/190] Loss: 1.0844
2026/08/31 01:59:38 - __main__ - INFO - 162 - trainer - [156/190] Loss: 1.0540
2026/08/31 01:59:43 - __main__ - INFO - 167 - trainer - Average loss in epoch 125: 1.0706
2026/08/31 01:59:43 - __main__ - INFO - 117 - trainer - Epoch: 126
2026/08/31 01:59:43 - __main__ - INFO - 162 - trainer - [0/190] Loss: 1.0598
2026/08/31 01:59:48 - __main__ - INFO - 162 - trainer - [39/190] Loss: 1.0697
2026/08/31 01:59:54 - __main__ - INFO - 162 - trainer - [78/190] Loss: 1.0681
2026/08/31 01:59:59 - __main__ - INFO - 162 - trainer - [117/190] Loss: 1.0681
2026/08/31 02:00:05 - __main__ - INFO - 162 - trainer - [156/190] Loss: 1.0934
2026/08/31 02:00:10 - __main__ - INFO - 167 - trainer - Average loss in epoch 126: 1.0705
2026/08/31 02:00:10 - __main__ - INFO - 117 - trainer - Epoch: 127
2026/08/31 02:00:10 - __main__ - INFO - 162 - trainer - [0/190] Loss: 1.0482
2026/08/31 02:00:16 - __main__ - INFO - 162 - trainer - [39/190] Loss: 1.0592
2026/08/31 02:00:21 - __main__ - INFO - 162 - trainer - [78/190] Loss: 1.0724
2026/08/31 02:00:27 - __main__ - INFO - 162 - trainer - [117/190] Loss: 1.0755
2026/08/31 02:00:32 - __main__ - INFO - 162 - trainer - [156/190] Loss: 1.0808
2026/08/31 02:00:37 - __main__ - INFO - 167 - trainer - Average loss in epoch 127: 1.0703
2026/08/31 02:00:37 - __main__ - INFO - 117 - trainer - Epoch: 128
2026/08/31 02:00:37 - __main__ - INFO - 162 - trainer - [0/190] Loss: 1.0535
2026/08/31 02:00:42 - __main__ - INFO - 162 - trainer - [39/190] Loss: 1.0630
2026/08/31 02:00:48 - __main__ - INFO - 162 - trainer - [78/190] Loss: 1.0703
2026/08/31 02:00:53 - __main__ - INFO - 162 - trainer - [117/190] Loss: 1.0751
2026/08/31 02:00:59 - __main__ - INFO - 162 - trainer - [156/190] Loss: 1.0795
2026/08/31 02:01:04 - __main__ - INFO - 167 - trainer - Average loss in epoch 128: 1.0699
2026/08/31 02:01:04 - __main__ - INFO - 117 - trainer - Epoch: 129
2026/08/31 02:01:04 - __main__ - INFO - 162 - trainer - [0/190] Loss: 1.0504
2026/08/31 02:01:09 - __main__ - INFO - 162 - trainer - [39/190] Loss: 1.0698
2026/08/31 02:01:15 - __main__ - INFO - 162 - trainer - [78/190] Loss: 1.0428
2026/08/31 02:01:21 - __main__ - INFO - 162 - trainer - [117/190] Loss: 1.0712
2026/08/31 02:01:26 - __main__ - INFO - 162 - trainer - [156/190] Loss: 1.0665
2026/08/31 02:01:31 - __main__ - INFO - 167 - trainer - Average loss in epoch 129: 1.0692
2026/08/31 02:01:31 - __main__ - INFO - 117 - trainer - Epoch: 130
2026/08/31 02:01:31 - __main__ - INFO - 162 - trainer - [0/190] Loss: 1.0596
2026/08/31 02:01:37 - __main__ - INFO - 162 - trainer - [39/190] Loss: 1.0578
2026/08/31 02:01:42 - __main__ - INFO - 162 - trainer - [78/190] Loss: 1.0732
2026/08/31 02:01:48 - __main__ - INFO - 162 - trainer - [117/190] Loss: 1.0719
2026/08/31 02:01:53 - __main__ - INFO - 162 - trainer - [156/190] Loss: 1.0882
2026/08/31 02:01:58 - __main__ - INFO - 167 - trainer - Average loss in epoch 130: 1.0696
2026/08/31 02:01:58 - __main__ - INFO - 117 - trainer - Epoch: 131
2026/08/31 02:01:58 - __main__ - INFO - 162 - trainer - [0/190] Loss: 1.0701
2026/08/31 02:02:04 - __main__ - INFO - 162 - trainer - [39/190] Loss: 1.0807
2026/08/31 02:02:09 - __main__ - INFO - 162 - trainer - [78/190] Loss: 1.0701
2026/08/31 02:02:15 - __main__ - INFO - 162 - trainer - [117/190] Loss: 1.0620
2026/08/31 02:02:21 - __main__ - INFO - 162 - trainer - [156/190] Loss: 1.0733
2026/08/31 02:02:25 - __main__ - INFO - 167 - trainer - Average loss in epoch 131: 1.0696
2026/08/31 02:02:25 - __main__ - INFO - 117 - trainer - Epoch: 132
2026/08/31 02:02:25 - __main__ - INFO - 162 - trainer - [0/190] Loss: 1.0597
2026/08/31 02:02:31 - __main__ - INFO - 162 - trainer - [39/190] Loss: 1.0563
2026/08/31 02:02:37 - __main__ - INFO - 162 - trainer - [78/190] Loss: 1.0550
2026/08/31 02:02:42 - __main__ - INFO - 162 - trainer - [117/190] Loss: 1.0711
2026/08/31 02:02:48 - __main__ - INFO - 162 - trainer - [156/190] Loss: 1.0754
2026/08/31 02:02:52 - __main__ - INFO - 167 - trainer - Average loss in epoch 132: 1.0695
2026/08/31 02:02:52 - __main__ - INFO - 117 - trainer - Epoch: 133
2026/08/31 02:02:53 - __main__ - INFO - 162 - trainer - [0/190] Loss: 1.0580
2026/08/31 02:02:58 - __main__ - INFO - 162 - trainer - [39/190] Loss: 1.0753
2026/08/31 02:03:04 - __main__ - INFO - 162 - trainer - [78/190] Loss: 1.0671
2026/08/31 02:03:09 - __main__ - INFO - 162 - trainer - [117/190] Loss: 1.0704
2026/08/31 02:03:15 - __main__ - INFO - 162 - trainer - [156/190] Loss: 1.0725
2026/08/31 02:03:20 - __main__ - INFO - 167 - trainer - Average loss in epoch 133: 1.0682
2026/08/31 02:03:20 - __main__ - INFO - 117 - trainer - Epoch: 134
2026/08/31 02:03:20 - __main__ - INFO - 162 - trainer - [0/190] Loss: 1.0678
2026/08/31 02:03:25 - __main__ - INFO - 162 - trainer - [39/190] Loss: 1.0658
2026/08/31 02:03:31 - __main__ - INFO - 162 - trainer - [78/190] Loss: 1.0876
2026/08/31 02:03:36 - __main__ - INFO - 162 - trainer - [117/190] Loss: 1.0488
2026/08/31 02:03:42 - __main__ - INFO - 162 - trainer - [156/190] Loss: 1.0732
2026/08/31 02:03:47 - __main__ - INFO - 167 - trainer - Average loss in epoch 134: 1.0691
2026/08/31 02:03:47 - __main__ - INFO - 117 - trainer - Epoch: 135
2026/08/31 02:03:47 - __main__ - INFO - 162 - trainer - [0/190] Loss: 1.0831
2026/08/31 02:03:52 - __main__ - INFO - 162 - trainer - [39/190] Loss: 1.0689
2026/08/31 02:03:58 - __main__ - INFO - 162 - trainer - [78/190] Loss: 1.0759
2026/08/31 02:04:03 - __main__ - INFO - 162 - trainer - [117/190] Loss: 1.0705
2026/08/31 02:04:09 - __main__ - INFO - 162 - trainer - [156/190] Loss: 1.0664
2026/08/31 02:04:13 - __main__ - INFO - 167 - trainer - Average loss in epoch 135: 1.0685
2026/08/31 02:04:13 - __main__ - INFO - 117 - trainer - Epoch: 136
2026/08/31 02:04:14 - __main__ - INFO - 162 - trainer - [0/190] Loss: 1.0712
2026/08/31 02:04:19 - __main__ - INFO - 162 - trainer - [39/190] Loss: 1.0528
2026/08/31 02:04:25 - __main__ - INFO - 162 - trainer - [78/190] Loss: 1.0569
2026/08/31 02:04:30 - __main__ - INFO - 162 - trainer - [117/190] Loss: 1.0479
2026/08/31 02:04:36 - __main__ - INFO - 162 - trainer - [156/190] Loss: 1.0722
2026/08/31 02:04:41 - __main__ - INFO - 167 - trainer - Average loss in epoch 136: 1.0684
2026/08/31 02:04:41 - __main__ - INFO - 117 - trainer - Epoch: 137
2026/08/31 02:04:41 - __main__ - INFO - 162 - trainer - [0/190] Loss: 1.0988
2026/08/31 02:04:46 - __main__ - INFO - 162 - trainer - [39/190] Loss: 1.0680
2026/08/31 02:04:52 - __main__ - INFO - 162 - trainer - [78/190] Loss: 1.0648
2026/08/31 02:04:57 - __main__ - INFO - 162 - trainer - [117/190] Loss: 1.0772
2026/08/31 02:05:03 - __main__ - INFO - 162 - trainer - [156/190] Loss: 1.0690
2026/08/31 02:05:08 - __main__ - INFO - 167 - trainer - Average loss in epoch 137: 1.0682
2026/08/31 02:05:08 - __main__ - INFO - 117 - trainer - Epoch: 138
2026/08/31 02:05:08 - __main__ - INFO - 162 - trainer - [0/190] Loss: 1.0790
2026/08/31 02:05:13 - __main__ - INFO - 162 - trainer - [39/190] Loss: 1.0609
2026/08/31 02:05:19 - __main__ - INFO - 162 - trainer - [78/190] Loss: 1.0698
2026/08/31 02:05:25 - __main__ - INFO - 162 - trainer - [117/190] Loss: 1.0498
2026/08/31 02:05:30 - __main__ - INFO - 162 - trainer - [156/190] Loss: 1.0648
2026/08/31 02:05:35 - __main__ - INFO - 167 - trainer - Average loss in epoch 138: 1.0679
2026/08/31 02:05:35 - __main__ - INFO - 117 - trainer - Epoch: 139
2026/08/31 02:05:35 - __main__ - INFO - 162 - trainer - [0/190] Loss: 1.0503
2026/08/31 02:05:41 - __main__ - INFO - 162 - trainer - [39/190] Loss: 1.0729
2026/08/31 02:05:46 - __main__ - INFO - 162 - trainer - [78/190] Loss: 1.0718
2026/08/31 02:05:52 - __main__ - INFO - 162 - trainer - [117/190] Loss: 1.0724
2026/08/31 02:05:57 - __main__ - INFO - 162 - trainer - [156/190] Loss: 1.0588
2026/08/31 02:06:02 - __main__ - INFO - 167 - trainer - Average loss in epoch 139: 1.0670
2026/08/31 02:06:02 - __main__ - INFO - 117 - trainer - Epoch: 140
2026/08/31 02:06:02 - __main__ - INFO - 162 - trainer - [0/190] Loss: 1.0584
2026/08/31 02:06:08 - __main__ - INFO - 162 - trainer - [39/190] Loss: 1.0485
2026/08/31 02:06:13 - __main__ - INFO - 162 - trainer - [78/190] Loss: 1.0384
2026/08/31 02:06:19 - __main__ - INFO - 162 - trainer - [117/190] Loss: 1.0657
2026/08/31 02:06:24 - __main__ - INFO - 162 - trainer - [156/190] Loss: 1.0729
2026/08/31 02:06:29 - __main__ - INFO - 167 - trainer - Average loss in epoch 140: 1.0681
2026/08/31 02:06:29 - __main__ - INFO - 173 - trainer - start predicting: 2026-08-31 02:06:29.439749
2026/08/31 02:06:31 - __main__ - INFO - 117 - trainer - Epoch: 141
2026/08/31 02:06:32 - __main__ - INFO - 162 - trainer - [0/190] Loss: 1.0392
2026/08/31 02:06:37 - __main__ - INFO - 162 - trainer - [39/190] Loss: 1.0578
2026/08/31 02:06:43 - __main__ - INFO - 162 - trainer - [78/190] Loss: 1.0618
2026/08/31 02:06:48 - __main__ - INFO - 162 - trainer - [117/190] Loss: 1.0717
2026/08/31 02:06:54 - __main__ - INFO - 162 - trainer - [156/190] Loss: 1.0782
2026/08/31 02:06:59 - __main__ - INFO - 167 - trainer - Average loss in epoch 141: 1.0669
2026/08/31 02:06:59 - __main__ - INFO - 117 - trainer - Epoch: 142
2026/08/31 02:06:59 - __main__ - INFO - 162 - trainer - [0/190] Loss: 1.0714
2026/08/31 02:07:04 - __main__ - INFO - 162 - trainer - [39/190] Loss: 1.0675
2026/08/31 02:07:10 - __main__ - INFO - 162 - trainer - [78/190] Loss: 1.0537
2026/08/31 02:07:15 - __main__ - INFO - 162 - trainer - [117/190] Loss: 1.0702
2026/08/31 02:07:21 - __main__ - INFO - 162 - trainer - [156/190] Loss: 1.0770
2026/08/31 02:07:26 - __main__ - INFO - 167 - trainer - Average loss in epoch 142: 1.0670
2026/08/31 02:07:26 - __main__ - INFO - 117 - trainer - Epoch: 143
2026/08/31 02:07:26 - __main__ - INFO - 162 - trainer - [0/190] Loss: 1.0683
2026/08/31 02:07:32 - __main__ - INFO - 162 - trainer - [39/190] Loss: 1.0636
2026/08/31 02:07:37 - __main__ - INFO - 162 - trainer - [78/190] Loss: 1.0438
2026/08/31 02:07:43 - __main__ - INFO - 162 - trainer - [117/190] Loss: 1.0567
2026/08/31 02:07:48 - __main__ - INFO - 162 - trainer - [156/190] Loss: 1.0627
2026/08/31 02:07:53 - __main__ - INFO - 167 - trainer - Average loss in epoch 143: 1.0662
2026/08/31 02:07:53 - __main__ - INFO - 117 - trainer - Epoch: 144
2026/08/31 02:07:53 - __main__ - INFO - 162 - trainer - [0/190] Loss: 1.0645
2026/08/31 02:07:59 - __main__ - INFO - 162 - trainer - [39/190] Loss: 1.0937
2026/08/31 02:08:04 - __main__ - INFO - 162 - trainer - [78/190] Loss: 1.0657
2026/08/31 02:08:10 - __main__ - INFO - 162 - trainer - [117/190] Loss: 1.0624
2026/08/31 02:08:15 - __main__ - INFO - 162 - trainer - [156/190] Loss: 1.0651
2026/08/31 02:08:20 - __main__ - INFO - 167 - trainer - Average loss in epoch 144: 1.0665
2026/08/31 02:08:20 - __main__ - INFO - 117 - trainer - Epoch: 145
2026/08/31 02:08:20 - __main__ - INFO - 162 - trainer - [0/190] Loss: 1.0395
2026/08/31 02:08:26 - __main__ - INFO - 162 - trainer - [39/190] Loss: 1.0562
2026/08/31 02:08:31 - __main__ - INFO - 162 - trainer - [78/190] Loss: 1.0859
2026/08/31 02:08:37 - __main__ - INFO - 162 - trainer - [117/190] Loss: 1.0736
2026/08/31 02:08:42 - __main__ - INFO - 162 - trainer - [156/190] Loss: 1.0746
2026/08/31 02:08:47 - __main__ - INFO - 167 - trainer - Average loss in epoch 145: 1.0663
2026/08/31 02:08:47 - __main__ - INFO - 117 - trainer - Epoch: 146
2026/08/31 02:08:47 - __main__ - INFO - 162 - trainer - [0/190] Loss: 1.0684
2026/08/31 02:08:53 - __main__ - INFO - 162 - trainer - [39/190] Loss: 1.0690
2026/08/31 02:08:58 - __main__ - INFO - 162 - trainer - [78/190] Loss: 1.0582
2026/08/31 02:09:04 - __main__ - INFO - 162 - trainer - [117/190] Loss: 1.0697
2026/08/31 02:09:09 - __main__ - INFO - 162 - trainer - [156/190] Loss: 1.0774
2026/08/31 02:09:14 - __main__ - INFO - 167 - trainer - Average loss in epoch 146: 1.0660
2026/08/31 02:09:14 - __main__ - INFO - 117 - trainer - Epoch: 147
2026/08/31 02:09:14 - __main__ - INFO - 162 - trainer - [0/190] Loss: 1.0441
2026/08/31 02:09:20 - __main__ - INFO - 162 - trainer - [39/190] Loss: 1.0566
2026/08/31 02:09:25 - __main__ - INFO - 162 - trainer - [78/190] Loss: 1.0545
2026/08/31 02:09:31 - __main__ - INFO - 162 - trainer - [117/190] Loss: 1.0682
2026/08/31 02:09:36 - __main__ - INFO - 162 - trainer - [156/190] Loss: 1.0620
2026/08/31 02:09:41 - __main__ - INFO - 167 - trainer - Average loss in epoch 147: 1.0662
2026/08/31 02:09:41 - __main__ - INFO - 117 - trainer - Epoch: 148
2026/08/31 02:09:41 - __main__ - INFO - 162 - trainer - [0/190] Loss: 1.0624
2026/08/31 02:09:47 - __main__ - INFO - 162 - trainer - [39/190] Loss: 1.0658
2026/08/31 02:09:52 - __main__ - INFO - 162 - trainer - [78/190] Loss: 1.0751
2026/08/31 02:09:58 - __main__ - INFO - 162 - trainer - [117/190] Loss: 1.0526
2026/08/31 02:10:03 - __main__ - INFO - 162 - trainer - [156/190] Loss: 1.0610
2026/08/31 02:10:08 - __main__ - INFO - 167 - trainer - Average loss in epoch 148: 1.0662
2026/08/31 02:10:08 - __main__ - INFO - 117 - trainer - Epoch: 149
2026/08/31 02:10:08 - __main__ - INFO - 162 - trainer - [0/190] Loss: 1.0596
2026/08/31 02:10:14 - __main__ - INFO - 162 - trainer - [39/190] Loss: 1.0656
2026/08/31 02:10:19 - __main__ - INFO - 162 - trainer - [78/190] Loss: 1.0586
2026/08/31 02:10:25 - __main__ - INFO - 162 - trainer - [117/190] Loss: 1.0674
2026/08/31 02:10:30 - __main__ - INFO - 162 - trainer - [156/190] Loss: 1.0610
2026/08/31 02:10:35 - __main__ - INFO - 167 - trainer - Average loss in epoch 149: 1.0659
2026/08/31 02:10:35 - __main__ - INFO - 117 - trainer - Epoch: 150
2026/08/31 02:10:35 - __main__ - INFO - 162 - trainer - [0/190] Loss: 1.0557
2026/08/31 02:10:41 - __main__ - INFO - 162 - trainer - [39/190] Loss: 1.0746
2026/08/31 02:10:46 - __main__ - INFO - 162 - trainer - [78/190] Loss: 1.0473
2026/08/31 02:10:52 - __main__ - INFO - 162 - trainer - [117/190] Loss: 1.0813
2026/08/31 02:10:58 - __main__ - INFO - 162 - trainer - [156/190] Loss: 1.0660
2026/08/31 02:11:02 - __main__ - INFO - 167 - trainer - Average loss in epoch 150: 1.0659
2026/08/31 02:11:02 - __main__ - INFO - 117 - trainer - Epoch: 151
2026/08/31 02:11:02 - __main__ - INFO - 162 - trainer - [0/190] Loss: 1.0699
2026/08/31 02:11:08 - __main__ - INFO - 162 - trainer - [39/190] Loss: 1.0456
2026/08/31 02:11:13 - __main__ - INFO - 162 - trainer - [78/190] Loss: 1.0793
2026/08/31 02:11:19 - __main__ - INFO - 162 - trainer - [117/190] Loss: 1.0702
2026/08/31 02:11:24 - __main__ - INFO - 162 - trainer - [156/190] Loss: 1.0513
2026/08/31 02:11:29 - __main__ - INFO - 167 - trainer - Average loss in epoch 151: 1.0656
2026/08/31 02:11:29 - __main__ - INFO - 117 - trainer - Epoch: 152
2026/08/31 02:11:29 - __main__ - INFO - 162 - trainer - [0/190] Loss: 1.0652
2026/08/31 02:11:35 - __main__ - INFO - 162 - trainer - [39/190] Loss: 1.0660
2026/08/31 02:11:40 - __main__ - INFO - 162 - trainer - [78/190] Loss: 1.0588
2026/08/31 02:11:46 - __main__ - INFO - 162 - trainer - [117/190] Loss: 1.0779
2026/08/31 02:11:51 - __main__ - INFO - 162 - trainer - [156/190] Loss: 1.0737
2026/08/31 02:11:56 - __main__ - INFO - 167 - trainer - Average loss in epoch 152: 1.0655
2026/08/31 02:11:56 - __main__ - INFO - 117 - trainer - Epoch: 153
2026/08/31 02:11:56 - __main__ - INFO - 162 - trainer - [0/190] Loss: 1.0677
2026/08/31 02:12:02 - __main__ - INFO - 162 - trainer - [39/190] Loss: 1.0453
2026/08/31 02:12:07 - __main__ - INFO - 162 - trainer - [78/190] Loss: 1.0517
2026/08/31 02:12:13 - __main__ - INFO - 162 - trainer - [117/190] Loss: 1.0588
2026/08/31 02:12:18 - __main__ - INFO - 162 - trainer - [156/190] Loss: 1.0577
2026/08/31 02:12:23 - __main__ - INFO - 167 - trainer - Average loss in epoch 153: 1.0655
2026/08/31 02:12:23 - __main__ - INFO - 117 - trainer - Epoch: 154
2026/08/31 02:12:23 - __main__ - INFO - 162 - trainer - [0/190] Loss: 1.0765
2026/08/31 02:12:29 - __main__ - INFO - 162 - trainer - [39/190] Loss: 1.0432
2026/08/31 02:12:34 - __main__ - INFO - 162 - trainer - [78/190] Loss: 1.0486
2026/08/31 02:12:40 - __main__ - INFO - 162 - trainer - [117/190] Loss: 1.0664
2026/08/31 02:12:45 - __main__ - INFO - 162 - trainer - [156/190] Loss: 1.0831
2026/08/31 02:12:50 - __main__ - INFO - 167 - trainer - Average loss in epoch 154: 1.0651
2026/08/31 02:12:50 - __main__ - INFO - 117 - trainer - Epoch: 155
2026/08/31 02:12:50 - __main__ - INFO - 162 - trainer - [0/190] Loss: 1.0660
2026/08/31 02:12:56 - __main__ - INFO - 162 - trainer - [39/190] Loss: 1.0665
2026/08/31 02:13:01 - __main__ - INFO - 162 - trainer - [78/190] Loss: 1.0514
2026/08/31 02:13:07 - __main__ - INFO - 162 - trainer - [117/190] Loss: 1.0896
2026/08/31 02:13:12 - __main__ - INFO - 162 - trainer - [156/190] Loss: 1.0602
2026/08/31 02:13:17 - __main__ - INFO - 167 - trainer - Average loss in epoch 155: 1.0646
2026/08/31 02:13:17 - __main__ - INFO - 117 - trainer - Epoch: 156
2026/08/31 02:13:17 - __main__ - INFO - 162 - trainer - [0/190] Loss: 1.0726
2026/08/31 02:13:22 - __main__ - INFO - 162 - trainer - [39/190] Loss: 1.0555
2026/08/31 02:13:28 - __main__ - INFO - 162 - trainer - [78/190] Loss: 1.0646
2026/08/31 02:13:34 - __main__ - INFO - 162 - trainer - [117/190] Loss: 1.0629
2026/08/31 02:13:39 - __main__ - INFO - 162 - trainer - [156/190] Loss: 1.0618
2026/08/31 02:13:44 - __main__ - INFO - 167 - trainer - Average loss in epoch 156: 1.0645
2026/08/31 02:13:44 - __main__ - INFO - 117 - trainer - Epoch: 157
2026/08/31 02:13:44 - __main__ - INFO - 162 - trainer - [0/190] Loss: 1.0720
2026/08/31 02:13:50 - __main__ - INFO - 162 - trainer - [39/190] Loss: 1.0573
2026/08/31 02:13:55 - __main__ - INFO - 162 - trainer - [78/190] Loss: 1.0599
2026/08/31 02:14:01 - __main__ - INFO - 162 - trainer - [117/190] Loss: 1.0776
2026/08/31 02:14:06 - __main__ - INFO - 162 - trainer - [156/190] Loss: 1.0829
2026/08/31 02:14:11 - __main__ - INFO - 167 - trainer - Average loss in epoch 157: 1.0649
2026/08/31 02:14:11 - __main__ - INFO - 117 - trainer - Epoch: 158
2026/08/31 02:14:11 - __main__ - INFO - 162 - trainer - [0/190] Loss: 1.0673
2026/08/31 02:14:17 - __main__ - INFO - 162 - trainer - [39/190] Loss: 1.0714
2026/08/31 02:14:22 - __main__ - INFO - 162 - trainer - [78/190] Loss: 1.0714
2026/08/31 02:14:28 - __main__ - INFO - 162 - trainer - [117/190] Loss: 1.0654
2026/08/31 02:14:33 - __main__ - INFO - 162 - trainer - [156/190] Loss: 1.0447
2026/08/31 02:14:38 - __main__ - INFO - 167 - trainer - Average loss in epoch 158: 1.0644
2026/08/31 02:14:38 - __main__ - INFO - 117 - trainer - Epoch: 159
2026/08/31 02:14:38 - __main__ - INFO - 162 - trainer - [0/190] Loss: 1.0664
2026/08/31 02:14:44 - __main__ - INFO - 162 - trainer - [39/190] Loss: 1.0514
2026/08/31 02:14:49 - __main__ - INFO - 162 - trainer - [78/190] Loss: 1.0569
2026/08/31 02:14:55 - __main__ - INFO - 162 - trainer - [117/190] Loss: 1.0554
2026/08/31 02:15:00 - __main__ - INFO - 162 - trainer - [156/190] Loss: 1.0587
2026/08/31 02:15:05 - __main__ - INFO - 167 - trainer - Average loss in epoch 159: 1.0645
2026/08/31 02:15:05 - __main__ - INFO - 117 - trainer - Epoch: 160
2026/08/31 02:15:05 - __main__ - INFO - 162 - trainer - [0/190] Loss: 1.0655
2026/08/31 02:15:11 - __main__ - INFO - 162 - trainer - [39/190] Loss: 1.0712
2026/08/31 02:15:16 - __main__ - INFO - 162 - trainer - [78/190] Loss: 1.0749
2026/08/31 02:15:22 - __main__ - INFO - 162 - trainer - [117/190] Loss: 1.0665
2026/08/31 02:15:27 - __main__ - INFO - 162 - trainer - [156/190] Loss: 1.0626
2026/08/31 02:15:32 - __main__ - INFO - 167 - trainer - Average loss in epoch 160: 1.0647
2026/08/31 02:15:32 - __main__ - INFO - 173 - trainer - start predicting: 2026-08-31 02:15:32.483194
2026/08/31 02:15:34 - __main__ - INFO - 203 - trainer - {'Best_HR@5': np.float64(9.7001), 'Best_HR@10': np.float64(17.2577), 'Best_HR@20': np.float64(27.9961), 'Best_NDCG@5': np.float64(5.4076), 'Best_NDCG@10': np.float64(7.8253), 'Best_NDCG@20': np.float64(10.6035)}
2026/08/31 02:15:34 - __main__ - INFO - 204 - trainer - {'Best_epoch_HR@5': 100, 'Best_epoch_HR@10': 100, 'Best_epoch_HR@20': 160, 'Best_epoch_NDCG@5': 160, 'Best_epoch_NDCG@10': 100, 'Best_epoch_NDCG@20': 160}
2026/08/31 02:15:34 - __main__ - INFO - 117 - trainer - Epoch: 161
2026/08/31 02:15:35 - __main__ - INFO - 162 - trainer - [0/190] Loss: 1.0579
2026/08/31 02:15:40 - __main__ - INFO - 162 - trainer - [39/190] Loss: 1.0800
2026/08/31 02:15:46 - __main__ - INFO - 162 - trainer - [78/190] Loss: 1.0749
2026/08/31 02:15:51 - __main__ - INFO - 162 - trainer - [117/190] Loss: 1.0505
2026/08/31 02:15:57 - __main__ - INFO - 162 - trainer - [156/190] Loss: 1.0795
2026/08/31 02:16:01 - __main__ - INFO - 167 - trainer - Average loss in epoch 161: 1.0638
2026/08/31 02:16:01 - __main__ - INFO - 117 - trainer - Epoch: 162
2026/08/31 02:16:02 - __main__ - INFO - 162 - trainer - [0/190] Loss: 1.0366
2026/08/31 02:16:07 - __main__ - INFO - 162 - trainer - [39/190] Loss: 1.0629
2026/08/31 02:16:13 - __main__ - INFO - 162 - trainer - [78/190] Loss: 1.0697
2026/08/31 02:16:18 - __main__ - INFO - 162 - trainer - [117/190] Loss: 1.0634
2026/08/31 02:16:24 - __main__ - INFO - 162 - trainer - [156/190] Loss: 1.0644
2026/08/31 02:16:28 - __main__ - INFO - 167 - trainer - Average loss in epoch 162: 1.0632
2026/08/31 02:16:28 - __main__ - INFO - 117 - trainer - Epoch: 163
2026/08/31 02:16:29 - __main__ - INFO - 162 - trainer - [0/190] Loss: 1.0779
2026/08/31 02:16:34 - __main__ - INFO - 162 - trainer - [39/190] Loss: 1.0607
2026/08/31 02:16:40 - __main__ - INFO - 162 - trainer - [78/190] Loss: 1.0511
2026/08/31 02:16:45 - __main__ - INFO - 162 - trainer - [117/190] Loss: 1.0693
2026/08/31 02:16:51 - __main__ - INFO - 162 - trainer - [156/190] Loss: 1.0622
2026/08/31 02:16:55 - __main__ - INFO - 167 - trainer - Average loss in epoch 163: 1.0641
2026/08/31 02:16:55 - __main__ - INFO - 117 - trainer - Epoch: 164
2026/08/31 02:16:56 - __main__ - INFO - 162 - trainer - [0/190] Loss: 1.0584
2026/08/31 02:17:01 - __main__ - INFO - 162 - trainer - [39/190] Loss: 1.0601
2026/08/31 02:17:07 - __main__ - INFO - 162 - trainer - [78/190] Loss: 1.0660
2026/08/31 02:17:12 - __main__ - INFO - 162 - trainer - [117/190] Loss: 1.0800
2026/08/31 02:17:18 - __main__ - INFO - 162 - trainer - [156/190] Loss: 1.0840
2026/08/31 02:17:22 - __main__ - INFO - 167 - trainer - Average loss in epoch 164: 1.0628
2026/08/31 02:17:22 - __main__ - INFO - 117 - trainer - Epoch: 165
2026/08/31 02:17:22 - __main__ - INFO - 162 - trainer - [0/190] Loss: 1.0695
2026/08/31 02:17:28 - __main__ - INFO - 162 - trainer - [39/190] Loss: 1.0713
2026/08/31 02:17:34 - __main__ - INFO - 162 - trainer - [78/190] Loss: 1.0743
2026/08/31 02:17:39 - __main__ - INFO - 162 - trainer - [117/190] Loss: 1.0366
2026/08/31 02:17:45 - __main__ - INFO - 162 - trainer - [156/190] Loss: 1.0779
2026/08/31 02:17:49 - __main__ - INFO - 167 - trainer - Average loss in epoch 165: 1.0638
2026/08/31 02:17:49 - __main__ - INFO - 117 - trainer - Epoch: 166
2026/08/31 02:17:50 - __main__ - INFO - 162 - trainer - [0/190] Loss: 1.0690
2026/08/31 02:17:55 - __main__ - INFO - 162 - trainer - [39/190] Loss: 1.0493
2026/08/31 02:18:01 - __main__ - INFO - 162 - trainer - [78/190] Loss: 1.0527
2026/08/31 02:18:06 - __main__ - INFO - 162 - trainer - [117/190] Loss: 1.0522
2026/08/31 02:18:12 - __main__ - INFO - 162 - trainer - [156/190] Loss: 1.0684
2026/08/31 02:18:16 - __main__ - INFO - 167 - trainer - Average loss in epoch 166: 1.0639
2026/08/31 02:18:16 - __main__ - INFO - 117 - trainer - Epoch: 167
2026/08/31 02:18:17 - __main__ - INFO - 162 - trainer - [0/190] Loss: 1.0835
2026/08/31 02:18:22 - __main__ - INFO - 162 - trainer - [39/190] Loss: 1.0667
2026/08/31 02:18:28 - __main__ - INFO - 162 - trainer - [78/190] Loss: 1.0673
2026/08/31 02:18:33 - __main__ - INFO - 162 - trainer - [117/190] Loss: 1.0618
2026/08/31 02:18:39 - __main__ - INFO - 162 - trainer - [156/190] Loss: 1.0730
2026/08/31 02:18:44 - __main__ - INFO - 167 - trainer - Average loss in epoch 167: 1.0632
2026/08/31 02:18:44 - __main__ - INFO - 117 - trainer - Epoch: 168
2026/08/31 02:18:44 - __main__ - INFO - 162 - trainer - [0/190] Loss: 1.0597
2026/08/31 02:18:49 - __main__ - INFO - 162 - trainer - [39/190] Loss: 1.0669
2026/08/31 02:18:55 - __main__ - INFO - 162 - trainer - [78/190] Loss: 1.0488
2026/08/31 02:19:00 - __main__ - INFO - 162 - trainer - [117/190] Loss: 1.0531
2026/08/31 02:19:06 - __main__ - INFO - 162 - trainer - [156/190] Loss: 1.0616
2026/08/31 02:19:11 - __main__ - INFO - 167 - trainer - Average loss in epoch 168: 1.0632
2026/08/31 02:19:11 - __main__ - INFO - 117 - trainer - Epoch: 169
2026/08/31 02:19:11 - __main__ - INFO - 162 - trainer - [0/190] Loss: 1.0499
2026/08/31 02:19:16 - __main__ - INFO - 162 - trainer - [39/190] Loss: 1.0398
2026/08/31 02:19:22 - __main__ - INFO - 162 - trainer - [78/190] Loss: 1.0535
2026/08/31 02:19:27 - __main__ - INFO - 162 - trainer - [117/190] Loss: 1.0632
2026/08/31 02:19:33 - __main__ - INFO - 162 - trainer - [156/190] Loss: 1.0638
2026/08/31 02:19:38 - __main__ - INFO - 167 - trainer - Average loss in epoch 169: 1.0631
2026/08/31 02:19:38 - __main__ - INFO - 117 - trainer - Epoch: 170
2026/08/31 02:19:38 - __main__ - INFO - 162 - trainer - [0/190] Loss: 1.0450
2026/08/31 02:19:44 - __main__ - INFO - 162 - trainer - [39/190] Loss: 1.0569
2026/08/31 02:19:49 - __main__ - INFO - 162 - trainer - [78/190] Loss: 1.0777
2026/08/31 02:19:55 - __main__ - INFO - 162 - trainer - [117/190] Loss: 1.0678
2026/08/31 02:20:00 - __main__ - INFO - 162 - trainer - [156/190] Loss: 1.0690
2026/08/31 02:20:05 - __main__ - INFO - 167 - trainer - Average loss in epoch 170: 1.0623
2026/08/31 02:20:05 - __main__ - INFO - 117 - trainer - Epoch: 171
2026/08/31 02:20:05 - __main__ - INFO - 162 - trainer - [0/190] Loss: 1.0745
2026/08/31 02:20:11 - __main__ - INFO - 162 - trainer - [39/190] Loss: 1.0649
2026/08/31 02:20:16 - __main__ - INFO - 162 - trainer - [78/190] Loss: 1.0436
2026/08/31 02:20:22 - __main__ - INFO - 162 - trainer - [117/190] Loss: 1.0754
2026/08/31 02:20:28 - __main__ - INFO - 162 - trainer - [156/190] Loss: 1.0689
2026/08/31 02:20:32 - __main__ - INFO - 167 - trainer - Average loss in epoch 171: 1.0625
2026/08/31 02:20:32 - __main__ - INFO - 117 - trainer - Epoch: 172
2026/08/31 02:20:33 - __main__ - INFO - 162 - trainer - [0/190] Loss: 1.0632
2026/08/31 02:20:38 - __main__ - INFO - 162 - trainer - [39/190] Loss: 1.0543
2026/08/31 02:20:44 - __main__ - INFO - 162 - trainer - [78/190] Loss: 1.0512
2026/08/31 02:20:49 - __main__ - INFO - 162 - trainer - [117/190] Loss: 1.0788
2026/08/31 02:20:55 - __main__ - INFO - 162 - trainer - [156/190] Loss: 1.0742
2026/08/31 02:21:00 - __main__ - INFO - 167 - trainer - Average loss in epoch 172: 1.0628
2026/08/31 02:21:00 - __main__ - INFO - 117 - trainer - Epoch: 173
2026/08/31 02:21:00 - __main__ - INFO - 162 - trainer - [0/190] Loss: 1.0608
2026/08/31 02:21:05 - __main__ - INFO - 162 - trainer - [39/190] Loss: 1.0437
2026/08/31 02:21:11 - __main__ - INFO - 162 - trainer - [78/190] Loss: 1.0663
2026/08/31 02:21:16 - __main__ - INFO - 162 - trainer - [117/190] Loss: 1.0804
2026/08/31 02:21:22 - __main__ - INFO - 162 - trainer - [156/190] Loss: 1.0586
2026/08/31 02:21:27 - __main__ - INFO - 167 - trainer - Average loss in epoch 173: 1.0623
2026/08/31 02:21:27 - __main__ - INFO - 117 - trainer - Epoch: 174
2026/08/31 02:21:27 - __main__ - INFO - 162 - trainer - [0/190] Loss: 1.0616
2026/08/31 02:21:32 - __main__ - INFO - 162 - trainer - [39/190] Loss: 1.0444
2026/08/31 02:21:38 - __main__ - INFO - 162 - trainer - [78/190] Loss: 1.0654
2026/08/31 02:21:44 - __main__ - INFO - 162 - trainer - [117/190] Loss: 1.0614
2026/08/31 02:21:49 - __main__ - INFO - 162 - trainer - [156/190] Loss: 1.0794
2026/08/31 02:21:54 - __main__ - INFO - 167 - trainer - Average loss in epoch 174: 1.0624
2026/08/31 02:21:54 - __main__ - INFO - 117 - trainer - Epoch: 175
2026/08/31 02:21:54 - __main__ - INFO - 162 - trainer - [0/190] Loss: 1.0753
2026/08/31 02:22:00 - __main__ - INFO - 162 - trainer - [39/190] Loss: 1.0574
2026/08/31 02:22:05 - __main__ - INFO - 162 - trainer - [78/190] Loss: 1.0890
2026/08/31 02:22:11 - __main__ - INFO - 162 - trainer - [117/190] Loss: 1.0687
2026/08/31 02:22:16 - __main__ - INFO - 162 - trainer - [156/190] Loss: 1.0673
2026/08/31 02:22:21 - __main__ - INFO - 167 - trainer - Average loss in epoch 175: 1.0619
2026/08/31 02:22:21 - __main__ - INFO - 117 - trainer - Epoch: 176
2026/08/31 02:22:21 - __main__ - INFO - 162 - trainer - [0/190] Loss: 1.0768
2026/08/31 02:22:26 - __main__ - INFO - 162 - trainer - [39/190] Loss: 1.0554
2026/08/31 02:22:32 - __main__ - INFO - 162 - trainer - [78/190] Loss: 1.0408
2026/08/31 02:22:38 - __main__ - INFO - 162 - trainer - [117/190] Loss: 1.0390
2026/08/31 02:22:43 - __main__ - INFO - 162 - trainer - [156/190] Loss: 1.0425
2026/08/31 02:22:48 - __main__ - INFO - 167 - trainer - Average loss in epoch 176: 1.0618
2026/08/31 02:22:48 - __main__ - INFO - 117 - trainer - Epoch: 177
2026/08/31 02:22:48 - __main__ - INFO - 162 - trainer - [0/190] Loss: 1.0728
2026/08/31 02:22:54 - __main__ - INFO - 162 - trainer - [39/190] Loss: 1.0482
2026/08/31 02:22:59 - __main__ - INFO - 162 - trainer - [78/190] Loss: 1.0466
2026/08/31 02:23:05 - __main__ - INFO - 162 - trainer - [117/190] Loss: 1.0554
2026/08/31 02:23:10 - __main__ - INFO - 162 - trainer - [156/190] Loss: 1.0534
2026/08/31 02:23:15 - __main__ - INFO - 167 - trainer - Average loss in epoch 177: 1.0615
2026/08/31 02:23:15 - __main__ - INFO - 117 - trainer - Epoch: 178
2026/08/31 02:23:15 - __main__ - INFO - 162 - trainer - [0/190] Loss: 1.0555
2026/08/31 02:23:21 - __main__ - INFO - 162 - trainer - [39/190] Loss: 1.0540
2026/08/31 02:23:26 - __main__ - INFO - 162 - trainer - [78/190] Loss: 1.0636
2026/08/31 02:23:32 - __main__ - INFO - 162 - trainer - [117/190] Loss: 1.0647
2026/08/31 02:23:38 - __main__ - INFO - 162 - trainer - [156/190] Loss: 1.0704
2026/08/31 02:23:42 - __main__ - INFO - 167 - trainer - Average loss in epoch 178: 1.0617
2026/08/31 02:23:42 - __main__ - INFO - 117 - trainer - Epoch: 179
2026/08/31 02:23:42 - __main__ - INFO - 162 - trainer - [0/190] Loss: 1.0600
2026/08/31 02:23:48 - __main__ - INFO - 162 - trainer - [39/190] Loss: 1.0608
2026/08/31 02:23:54 - __main__ - INFO - 162 - trainer - [78/190] Loss: 1.0821
2026/08/31 02:23:59 - __main__ - INFO - 162 - trainer - [117/190] Loss: 1.0593
2026/08/31 02:24:05 - __main__ - INFO - 162 - trainer - [156/190] Loss: 1.0666
2026/08/31 02:24:09 - __main__ - INFO - 167 - trainer - Average loss in epoch 179: 1.0613
2026/08/31 02:24:09 - __main__ - INFO - 117 - trainer - Epoch: 180
2026/08/31 02:24:09 - __main__ - INFO - 162 - trainer - [0/190] Loss: 1.0389
2026/08/31 02:24:15 - __main__ - INFO - 162 - trainer - [39/190] Loss: 1.0639
2026/08/31 02:24:21 - __main__ - INFO - 162 - trainer - [78/190] Loss: 1.0697
2026/08/31 02:24:26 - __main__ - INFO - 162 - trainer - [117/190] Loss: 1.0702
2026/08/31 02:24:32 - __main__ - INFO - 162 - trainer - [156/190] Loss: 1.0700
2026/08/31 02:24:37 - __main__ - INFO - 167 - trainer - Average loss in epoch 180: 1.0616
2026/08/31 02:24:37 - __main__ - INFO - 173 - trainer - start predicting: 2026-08-31 02:24:37.069902
2026/08/31 02:24:39 - __main__ - INFO - 203 - trainer - {'Best_HR@5': np.float64(9.7001), 'Best_HR@10': np.float64(17.2577), 'Best_HR@20': np.float64(28.1547), 'Best_NDCG@5': np.float64(5.6123), 'Best_NDCG@10': np.float64(7.9913), 'Best_NDCG@20': np.float64(10.7518)}
2026/08/31 02:24:39 - __main__ - INFO - 204 - trainer - {'Best_epoch_HR@5': 100, 'Best_epoch_HR@10': 100, 'Best_epoch_HR@20': 180, 'Best_epoch_NDCG@5': 180, 'Best_epoch_NDCG@10': 180, 'Best_epoch_NDCG@20': 180}
2026/08/31 02:24:39 - __main__ - INFO - 117 - trainer - Epoch: 181
2026/08/31 02:24:39 - __main__ - INFO - 162 - trainer - [0/190] Loss: 1.0486
2026/08/31 02:24:45 - __main__ - INFO - 162 - trainer - [39/190] Loss: 1.0415
2026/08/31 02:24:50 - __main__ - INFO - 162 - trainer - [78/190] Loss: 1.0368
2026/08/31 02:24:56 - __main__ - INFO - 162 - trainer - [117/190] Loss: 1.0757
2026/08/31 02:25:01 - __main__ - INFO - 162 - trainer - [156/190] Loss: 1.0554
2026/08/31 02:25:06 - __main__ - INFO - 167 - trainer - Average loss in epoch 181: 1.0611
2026/08/31 02:25:06 - __main__ - INFO - 117 - trainer - Epoch: 182
2026/08/31 02:25:06 - __main__ - INFO - 162 - trainer - [0/190] Loss: 1.0659
2026/08/31 02:25:12 - __main__ - INFO - 162 - trainer - [39/190] Loss: 1.0777
2026/08/31 02:25:17 - __main__ - INFO - 162 - trainer - [78/190] Loss: 1.0660
2026/08/31 02:25:23 - __main__ - INFO - 162 - trainer - [117/190] Loss: 1.0581
2026/08/31 02:25:28 - __main__ - INFO - 162 - trainer - [156/190] Loss: 1.0751
2026/08/31 02:25:33 - __main__ - INFO - 167 - trainer - Average loss in epoch 182: 1.0610
2026/08/31 02:25:33 - __main__ - INFO - 117 - trainer - Epoch: 183
2026/08/31 02:25:33 - __main__ - INFO - 162 - trainer - [0/190] Loss: 1.0726
2026/08/31 02:25:39 - __main__ - INFO - 162 - trainer - [39/190] Loss: 1.0394
2026/08/31 02:25:45 - __main__ - INFO - 162 - trainer - [78/190] Loss: 1.0666
2026/08/31 02:25:50 - __main__ - INFO - 162 - trainer - [117/190] Loss: 1.0788
2026/08/31 02:25:56 - __main__ - INFO - 162 - trainer - [156/190] Loss: 1.0626
2026/08/31 02:26:00 - __main__ - INFO - 167 - trainer - Average loss in epoch 183: 1.0601
2026/08/31 02:26:00 - __main__ - INFO - 117 - trainer - Epoch: 184
2026/08/31 02:26:01 - __main__ - INFO - 162 - trainer - [0/190] Loss: 1.0426
2026/08/31 02:26:06 - __main__ - INFO - 162 - trainer - [39/190] Loss: 1.0526
2026/08/31 02:26:12 - __main__ - INFO - 162 - trainer - [78/190] Loss: 1.0391
2026/08/31 02:26:17 - __main__ - INFO - 162 - trainer - [117/190] Loss: 1.0736
2026/08/31 02:26:23 - __main__ - INFO - 162 - trainer - [156/190] Loss: 1.0774
2026/08/31 02:26:27 - __main__ - INFO - 167 - trainer - Average loss in epoch 184: 1.0609
2026/08/31 02:26:27 - __main__ - INFO - 117 - trainer - Epoch: 185
2026/08/31 02:26:27 - __main__ - INFO - 162 - trainer - [0/190] Loss: 1.0450
2026/08/31 02:26:33 - __main__ - INFO - 162 - trainer - [39/190] Loss: 1.0498
2026/08/31 02:26:39 - __main__ - INFO - 162 - trainer - [78/190] Loss: 1.0650
2026/08/31 02:26:44 - __main__ - INFO - 162 - trainer - [117/190] Loss: 1.0434
2026/08/31 02:26:50 - __main__ - INFO - 162 - trainer - [156/190] Loss: 1.0408
2026/08/31 02:26:54 - __main__ - INFO - 167 - trainer - Average loss in epoch 185: 1.0611
2026/08/31 02:26:54 - __main__ - INFO - 117 - trainer - Epoch: 186
2026/08/31 02:26:54 - __main__ - INFO - 162 - trainer - [0/190] Loss: 1.0520
2026/08/31 02:27:00 - __main__ - INFO - 162 - trainer - [39/190] Loss: 1.0458
2026/08/31 02:27:05 - __main__ - INFO - 162 - trainer - [78/190] Loss: 1.0570
2026/08/31 02:27:11 - __main__ - INFO - 162 - trainer - [117/190] Loss: 1.0493
2026/08/31 02:27:16 - __main__ - INFO - 162 - trainer - [156/190] Loss: 1.0520
2026/08/31 02:27:21 - __main__ - INFO - 167 - trainer - Average loss in epoch 186: 1.0609
2026/08/31 02:27:21 - __main__ - INFO - 117 - trainer - Epoch: 187
2026/08/31 02:27:21 - __main__ - INFO - 162 - trainer - [0/190] Loss: 1.0512
2026/08/31 02:27:27 - __main__ - INFO - 162 - trainer - [39/190] Loss: 1.0586
2026/08/31 02:27:32 - __main__ - INFO - 162 - trainer - [78/190] Loss: 1.0722
2026/08/31 02:27:38 - __main__ - INFO - 162 - trainer - [117/190] Loss: 1.0602
2026/08/31 02:27:44 - __main__ - INFO - 162 - trainer - [156/190] Loss: 1.0750
2026/08/31 02:27:48 - __main__ - INFO - 167 - trainer - Average loss in epoch 187: 1.0602
2026/08/31 02:27:48 - __main__ - INFO - 117 - trainer - Epoch: 188
2026/08/31 02:27:49 - __main__ - INFO - 162 - trainer - [0/190] Loss: 1.0845
2026/08/31 02:27:54 - __main__ - INFO - 162 - trainer - [39/190] Loss: 1.0726
2026/08/31 02:28:00 - __main__ - INFO - 162 - trainer - [78/190] Loss: 1.0622
2026/08/31 02:28:05 - __main__ - INFO - 162 - trainer - [117/190] Loss: 1.0412
2026/08/31 02:28:11 - __main__ - INFO - 162 - trainer - [156/190] Loss: 1.0483
2026/08/31 02:28:16 - __main__ - INFO - 167 - trainer - Average loss in epoch 188: 1.0606
2026/08/31 02:28:16 - __main__ - INFO - 117 - trainer - Epoch: 189
2026/08/31 02:28:16 - __main__ - INFO - 162 - trainer - [0/190] Loss: 1.0297
2026/08/31 02:28:22 - __main__ - INFO - 162 - trainer - [39/190] Loss: 1.0710
2026/08/31 02:28:27 - __main__ - INFO - 162 - trainer - [78/190] Loss: 1.0297
2026/08/31 02:28:33 - __main__ - INFO - 162 - trainer - [117/190] Loss: 1.0483
2026/08/31 02:28:39 - __main__ - INFO - 162 - trainer - [156/190] Loss: 1.0464
2026/08/31 02:28:43 - __main__ - INFO - 167 - trainer - Average loss in epoch 189: 1.0596
2026/08/31 02:28:43 - __main__ - INFO - 117 - trainer - Epoch: 190
2026/08/31 02:28:43 - __main__ - INFO - 162 - trainer - [0/190] Loss: 1.0790
2026/08/31 02:28:49 - __main__ - INFO - 162 - trainer - [39/190] Loss: 1.0834
2026/08/31 02:28:55 - __main__ - INFO - 162 - trainer - [78/190] Loss: 1.0641
2026/08/31 02:29:00 - __main__ - INFO - 162 - trainer - [117/190] Loss: 1.0435
2026/08/31 02:29:06 - __main__ - INFO - 162 - trainer - [156/190] Loss: 1.0569
2026/08/31 02:29:10 - __main__ - INFO - 167 - trainer - Average loss in epoch 190: 1.0601
2026/08/31 02:29:10 - __main__ - INFO - 117 - trainer - Epoch: 191
2026/08/31 02:29:10 - __main__ - INFO - 162 - trainer - [0/190] Loss: 1.0386
2026/08/31 02:29:16 - __main__ - INFO - 162 - trainer - [39/190] Loss: 1.0916
2026/08/31 02:29:22 - __main__ - INFO - 162 - trainer - [78/190] Loss: 1.0537
2026/08/31 02:29:27 - __main__ - INFO - 162 - trainer - [117/190] Loss: 1.0757
2026/08/31 02:29:33 - __main__ - INFO - 162 - trainer - [156/190] Loss: 1.0611
2026/08/31 02:29:38 - __main__ - INFO - 167 - trainer - Average loss in epoch 191: 1.0593
2026/08/31 02:29:38 - __main__ - INFO - 117 - trainer - Epoch: 192
2026/08/31 02:29:38 - __main__ - INFO - 162 - trainer - [0/190] Loss: 1.0564
2026/08/31 02:29:43 - __main__ - INFO - 162 - trainer - [39/190] Loss: 1.0614
2026/08/31 02:29:49 - __main__ - INFO - 162 - trainer - [78/190] Loss: 1.0578
2026/08/31 02:29:54 - __main__ - INFO - 162 - trainer - [117/190] Loss: 1.0497
2026/08/31 02:30:00 - __main__ - INFO - 162 - trainer - [156/190] Loss: 1.0663
2026/08/31 02:30:05 - __main__ - INFO - 167 - trainer - Average loss in epoch 192: 1.0597
2026/08/31 02:30:05 - __main__ - INFO - 117 - trainer - Epoch: 193
2026/08/31 02:30:05 - __main__ - INFO - 162 - trainer - [0/190] Loss: 1.0392
2026/08/31 02:30:10 - __main__ - INFO - 162 - trainer - [39/190] Loss: 1.0658
2026/08/31 02:30:16 - __main__ - INFO - 162 - trainer - [78/190] Loss: 1.0571
2026/08/31 02:30:21 - __main__ - INFO - 162 - trainer - [117/190] Loss: 1.0448
2026/08/31 02:30:27 - __main__ - INFO - 162 - trainer - [156/190] Loss: 1.0768
2026/08/31 02:30:32 - __main__ - INFO - 167 - trainer - Average loss in epoch 193: 1.0600
2026/08/31 02:30:32 - __main__ - INFO - 117 - trainer - Epoch: 194
2026/08/31 02:30:32 - __main__ - INFO - 162 - trainer - [0/190] Loss: 1.0401
2026/08/31 02:30:37 - __main__ - INFO - 162 - trainer - [39/190] Loss: 1.0567
2026/08/31 02:30:43 - __main__ - INFO - 162 - trainer - [78/190] Loss: 1.0720
2026/08/31 02:30:49 - __main__ - INFO - 162 - trainer - [117/190] Loss: 1.0634
2026/08/31 02:30:54 - __main__ - INFO - 162 - trainer - [156/190] Loss: 1.0503
2026/08/31 02:30:59 - __main__ - INFO - 167 - trainer - Average loss in epoch 194: 1.0594
2026/08/31 02:30:59 - __main__ - INFO - 117 - trainer - Epoch: 195
2026/08/31 02:30:59 - __main__ - INFO - 162 - trainer - [0/190] Loss: 1.0512
2026/08/31 02:31:05 - __main__ - INFO - 162 - trainer - [39/190] Loss: 1.0550
2026/08/31 02:31:10 - __main__ - INFO - 162 - trainer - [78/190] Loss: 1.0308
2026/08/31 02:31:16 - __main__ - INFO - 162 - trainer - [117/190] Loss: 1.0538
2026/08/31 02:31:22 - __main__ - INFO - 162 - trainer - [156/190] Loss: 1.0493
2026/08/31 02:31:27 - __main__ - INFO - 167 - trainer - Average loss in epoch 195: 1.0590
2026/08/31 02:31:27 - __main__ - INFO - 117 - trainer - Epoch: 196
2026/08/31 02:31:27 - __main__ - INFO - 162 - trainer - [0/190] Loss: 1.0655
2026/08/31 02:31:32 - __main__ - INFO - 162 - trainer - [39/190] Loss: 1.0484
2026/08/31 02:31:38 - __main__ - INFO - 162 - trainer - [78/190] Loss: 1.0490
2026/08/31 02:31:44 - __main__ - INFO - 162 - trainer - [117/190] Loss: 1.0255
2026/08/31 02:31:49 - __main__ - INFO - 162 - trainer - [156/190] Loss: 1.0670
2026/08/31 02:31:54 - __main__ - INFO - 167 - trainer - Average loss in epoch 196: 1.0589
2026/08/31 02:31:54 - __main__ - INFO - 117 - trainer - Epoch: 197
2026/08/31 02:31:54 - __main__ - INFO - 162 - trainer - [0/190] Loss: 1.0635
2026/08/31 02:31:59 - __main__ - INFO - 162 - trainer - [39/190] Loss: 1.0495
2026/08/31 02:32:05 - __main__ - INFO - 162 - trainer - [78/190] Loss: 1.0537
2026/08/31 02:32:11 - __main__ - INFO - 162 - trainer - [117/190] Loss: 1.0590
2026/08/31 02:32:16 - __main__ - INFO - 162 - trainer - [156/190] Loss: 1.0401
2026/08/31 02:32:21 - __main__ - INFO - 167 - trainer - Average loss in epoch 197: 1.0588
2026/08/31 02:32:21 - __main__ - INFO - 117 - trainer - Epoch: 198
2026/08/31 02:32:21 - __main__ - INFO - 162 - trainer - [0/190] Loss: 1.0470
2026/08/31 02:32:27 - __main__ - INFO - 162 - trainer - [39/190] Loss: 1.0633
2026/08/31 02:32:32 - __main__ - INFO - 162 - trainer - [78/190] Loss: 1.0435
2026/08/31 02:32:38 - __main__ - INFO - 162 - trainer - [117/190] Loss: 1.0553
2026/08/31 02:32:43 - __main__ - INFO - 162 - trainer - [156/190] Loss: 1.0601
2026/08/31 02:32:48 - __main__ - INFO - 167 - trainer - Average loss in epoch 198: 1.0587
2026/08/31 02:32:48 - __main__ - INFO - 117 - trainer - Epoch: 199
2026/08/31 02:32:48 - __main__ - INFO - 162 - trainer - [0/190] Loss: 1.0743
2026/08/31 02:32:54 - __main__ - INFO - 162 - trainer - [39/190] Loss: 1.0422
2026/08/31 02:32:59 - __main__ - INFO - 162 - trainer - [78/190] Loss: 1.0629
2026/08/31 02:33:05 - __main__ - INFO - 162 - trainer - [117/190] Loss: 1.0530
2026/08/31 02:33:10 - __main__ - INFO - 162 - trainer - [156/190] Loss: 1.0608
2026/08/31 02:33:15 - __main__ - INFO - 167 - trainer - Average loss in epoch 199: 1.0588
2026/08/31 02:33:15 - __main__ - INFO - 117 - trainer - Epoch: 200
2026/08/31 02:33:15 - __main__ - INFO - 162 - trainer - [0/190] Loss: 1.0722
2026/08/31 02:33:21 - __main__ - INFO - 162 - trainer - [39/190] Loss: 1.0611
2026/08/31 02:33:26 - __main__ - INFO - 162 - trainer - [78/190] Loss: 1.0523
2026/08/31 02:33:32 - __main__ - INFO - 162 - trainer - [117/190] Loss: 1.0585
2026/08/31 02:33:37 - __main__ - INFO - 162 - trainer - [156/190] Loss: 1.0548
2026/08/31 02:33:42 - __main__ - INFO - 167 - trainer - Average loss in epoch 200: 1.0579
2026/08/31 02:33:42 - __main__ - INFO - 173 - trainer - start predicting: 2026-08-31 02:33:42.886298
2026/08/31 02:33:45 - __main__ - INFO - 203 - trainer - {'Best_HR@5': np.float64(9.8712), 'Best_HR@10': np.float64(17.2577), 'Best_HR@20': np.float64(28.1547), 'Best_NDCG@5': np.float64(5.6345), 'Best_NDCG@10': np.float64(7.9913), 'Best_NDCG@20': np.float64(10.7518)}
2026/08/31 02:33:45 - __main__ - INFO - 204 - trainer - {'Best_epoch_HR@5': 200, 'Best_epoch_HR@10': 100, 'Best_epoch_HR@20': 180, 'Best_epoch_NDCG@5': 200, 'Best_epoch_NDCG@10': 180, 'Best_epoch_NDCG@20': 180}
2026/08/31 02:33:45 - __main__ - INFO - 117 - trainer - Epoch: 201
2026/08/31 02:33:45 - __main__ - INFO - 162 - trainer - [0/190] Loss: 1.0711
2026/08/31 02:33:51 - __main__ - INFO - 162 - trainer - [39/190] Loss: 1.0547
2026/08/31 02:33:56 - __main__ - INFO - 162 - trainer - [78/190] Loss: 1.0433
2026/08/31 02:34:02 - __main__ - INFO - 162 - trainer - [117/190] Loss: 1.0609
2026/08/31 02:34:07 - __main__ - INFO - 162 - trainer - [156/190] Loss: 1.0596
2026/08/31 02:34:12 - __main__ - INFO - 167 - trainer - Average loss in epoch 201: 1.0568
2026/08/31 02:34:12 - __main__ - INFO - 117 - trainer - Epoch: 202
2026/08/31 02:34:12 - __main__ - INFO - 162 - trainer - [0/190] Loss: 1.0651
2026/08/31 02:34:18 - __main__ - INFO - 162 - trainer - [39/190] Loss: 1.0437
2026/08/31 02:34:23 - __main__ - INFO - 162 - trainer - [78/190] Loss: 1.0619
2026/08/31 02:34:29 - __main__ - INFO - 162 - trainer - [117/190] Loss: 1.0510
2026/08/31 02:34:34 - __main__ - INFO - 162 - trainer - [156/190] Loss: 1.0678
2026/08/31 02:34:39 - __main__ - INFO - 167 - trainer - Average loss in epoch 202: 1.0577
2026/08/31 02:34:39 - __main__ - INFO - 117 - trainer - Epoch: 203
2026/08/31 02:34:39 - __main__ - INFO - 162 - trainer - [0/190] Loss: 1.0557
2026/08/31 02:34:45 - __main__ - INFO - 162 - trainer - [39/190] Loss: 1.0517
2026/08/31 02:34:50 - __main__ - INFO - 162 - trainer - [78/190] Loss: 1.0775
2026/08/31 02:34:56 - __main__ - INFO - 162 - trainer - [117/190] Loss: 1.0492
2026/08/31 02:35:01 - __main__ - INFO - 162 - trainer - [156/190] Loss: 1.0701
2026/08/31 02:35:06 - __main__ - INFO - 167 - trainer - Average loss in epoch 203: 1.0569
2026/08/31 02:35:06 - __main__ - INFO - 117 - trainer - Epoch: 204
2026/08/31 02:35:06 - __main__ - INFO - 162 - trainer - [0/190] Loss: 1.0510
2026/08/31 02:35:11 - __main__ - INFO - 162 - trainer - [39/190] Loss: 1.0522
2026/08/31 02:35:17 - __main__ - INFO - 162 - trainer - [78/190] Loss: 1.0506
2026/08/31 02:35:22 - __main__ - INFO - 162 - trainer - [117/190] Loss: 1.0453
2026/08/31 02:35:28 - __main__ - INFO - 162 - trainer - [156/190] Loss: 1.0551
2026/08/31 02:35:33 - __main__ - INFO - 167 - trainer - Average loss in epoch 204: 1.0568
2026/08/31 02:35:33 - __main__ - INFO - 117 - trainer - Epoch: 205
2026/08/31 02:35:33 - __main__ - INFO - 162 - trainer - [0/190] Loss: 1.0391
2026/08/31 02:35:38 - __main__ - INFO - 162 - trainer - [39/190] Loss: 1.0398
2026/08/31 02:35:44 - __main__ - INFO - 162 - trainer - [78/190] Loss: 1.0499
2026/08/31 02:35:50 - __main__ - INFO - 162 - trainer - [117/190] Loss: 1.0612
2026/08/31 02:35:55 - __main__ - INFO - 162 - trainer - [156/190] Loss: 1.0546
2026/08/31 02:36:00 - __main__ - INFO - 167 - trainer - Average loss in epoch 205: 1.0569
2026/08/31 02:36:00 - __main__ - INFO - 117 - trainer - Epoch: 206
2026/08/31 02:36:00 - __main__ - INFO - 162 - trainer - [0/190] Loss: 1.0453
2026/08/31 02:36:06 - __main__ - INFO - 162 - trainer - [39/190] Loss: 1.0584
2026/08/31 02:36:11 - __main__ - INFO - 162 - trainer - [78/190] Loss: 1.0641
2026/08/31 02:36:17 - __main__ - INFO - 162 - trainer - [117/190] Loss: 1.0436
2026/08/31 02:36:22 - __main__ - INFO - 162 - trainer - [156/190] Loss: 1.0348
2026/08/31 02:36:27 - __main__ - INFO - 167 - trainer - Average loss in epoch 206: 1.0570
2026/08/31 02:36:27 - __main__ - INFO - 117 - trainer - Epoch: 207
2026/08/31 02:36:27 - __main__ - INFO - 162 - trainer - [0/190] Loss: 1.0621
2026/08/31 02:36:33 - __main__ - INFO - 162 - trainer - [39/190] Loss: 1.0710
2026/08/31 02:36:38 - __main__ - INFO - 162 - trainer - [78/190] Loss: 1.0540
2026/08/31 02:36:44 - __main__ - INFO - 162 - trainer - [117/190] Loss: 1.0543
2026/08/31 02:36:49 - __main__ - INFO - 162 - trainer - [156/190] Loss: 1.0428
2026/08/31 02:36:54 - __main__ - INFO - 167 - trainer - Average loss in epoch 207: 1.0564
2026/08/31 02:36:54 - __main__ - INFO - 117 - trainer - Epoch: 208
2026/08/31 02:36:54 - __main__ - INFO - 162 - trainer - [0/190] Loss: 1.0481
2026/08/31 02:37:00 - __main__ - INFO - 162 - trainer - [39/190] Loss: 1.0627
2026/08/31 02:37:05 - __main__ - INFO - 162 - trainer - [78/190] Loss: 1.0665
2026/08/31 02:37:11 - __main__ - INFO - 162 - trainer - [117/190] Loss: 1.0770
2026/08/31 02:37:17 - __main__ - INFO - 162 - trainer - [156/190] Loss: 1.0405
2026/08/31 02:37:21 - __main__ - INFO - 167 - trainer - Average loss in epoch 208: 1.0567
2026/08/31 02:37:21 - __main__ - INFO - 117 - trainer - Epoch: 209
2026/08/31 02:37:21 - __main__ - INFO - 162 - trainer - [0/190] Loss: 1.0632
2026/08/31 02:37:27 - __main__ - INFO - 162 - trainer - [39/190] Loss: 1.0460
2026/08/31 02:37:32 - __main__ - INFO - 162 - trainer - [78/190] Loss: 1.0568
2026/08/31 02:37:38 - __main__ - INFO - 162 - trainer - [117/190] Loss: 1.0454
2026/08/31 02:37:44 - __main__ - INFO - 162 - trainer - [156/190] Loss: 1.0379
2026/08/31 02:37:48 - __main__ - INFO - 167 - trainer - Average loss in epoch 209: 1.0566
2026/08/31 02:37:48 - __main__ - INFO - 117 - trainer - Epoch: 210
2026/08/31 02:37:49 - __main__ - INFO - 162 - trainer - [0/190] Loss: 1.0762
2026/08/31 02:37:54 - __main__ - INFO - 162 - trainer - [39/190] Loss: 1.0588
2026/08/31 02:38:00 - __main__ - INFO - 162 - trainer - [78/190] Loss: 1.0427
2026/08/31 02:38:05 - __main__ - INFO - 162 - trainer - [117/190] Loss: 1.0586
2026/08/31 02:38:11 - __main__ - INFO - 162 - trainer - [156/190] Loss: 1.0369
2026/08/31 02:38:16 - __main__ - INFO - 167 - trainer - Average loss in epoch 210: 1.0563
2026/08/31 02:38:16 - __main__ - INFO - 117 - trainer - Epoch: 211
2026/08/31 02:38:16 - __main__ - INFO - 162 - trainer - [0/190] Loss: 1.0614
2026/08/31 02:38:21 - __main__ - INFO - 162 - trainer - [39/190] Loss: 1.0476
2026/08/31 02:38:27 - __main__ - INFO - 162 - trainer - [78/190] Loss: 1.0881
2026/08/31 02:38:32 - __main__ - INFO - 162 - trainer - [117/190] Loss: 1.0474
2026/08/31 02:38:38 - __main__ - INFO - 162 - trainer - [156/190] Loss: 1.0630
2026/08/31 02:38:42 - __main__ - INFO - 167 - trainer - Average loss in epoch 211: 1.0560
2026/08/31 02:38:42 - __main__ - INFO - 117 - trainer - Epoch: 212
2026/08/31 02:38:43 - __main__ - INFO - 162 - trainer - [0/190] Loss: 1.0634
2026/08/31 02:38:48 - __main__ - INFO - 162 - trainer - [39/190] Loss: 1.0534
2026/08/31 02:38:54 - __main__ - INFO - 162 - trainer - [78/190] Loss: 1.0516
2026/08/31 02:39:00 - __main__ - INFO - 162 - trainer - [117/190] Loss: 1.0530
2026/08/31 02:39:05 - __main__ - INFO - 162 - trainer - [156/190] Loss: 1.0572
2026/08/31 02:39:10 - __main__ - INFO - 167 - trainer - Average loss in epoch 212: 1.0565
2026/08/31 02:39:10 - __main__ - INFO - 117 - trainer - Epoch: 213
2026/08/31 02:39:10 - __main__ - INFO - 162 - trainer - [0/190] Loss: 1.0618
2026/08/31 02:39:15 - __main__ - INFO - 162 - trainer - [39/190] Loss: 1.0784
2026/08/31 02:39:21 - __main__ - INFO - 162 - trainer - [78/190] Loss: 1.0561
2026/08/31 02:39:27 - __main__ - INFO - 162 - trainer - [117/190] Loss: 1.0628
2026/08/31 02:39:32 - __main__ - INFO - 162 - trainer - [156/190] Loss: 1.0576
2026/08/31 02:39:37 - __main__ - INFO - 167 - trainer - Average loss in epoch 213: 1.0568
2026/08/31 02:39:37 - __main__ - INFO - 117 - trainer - Epoch: 214
2026/08/31 02:39:37 - __main__ - INFO - 162 - trainer - [0/190] Loss: 1.0585
2026/08/31 02:39:43 - __main__ - INFO - 162 - trainer - [39/190] Loss: 1.0648
2026/08/31 02:39:48 - __main__ - INFO - 162 - trainer - [78/190] Loss: 1.0622
2026/08/31 02:39:54 - __main__ - INFO - 162 - trainer - [117/190] Loss: 1.0692
2026/08/31 02:39:59 - __main__ - INFO - 162 - trainer - [156/190] Loss: 1.0740
2026/08/31 02:40:04 - __main__ - INFO - 167 - trainer - Average loss in epoch 214: 1.0566
2026/08/31 02:40:04 - __main__ - INFO - 117 - trainer - Epoch: 215
2026/08/31 02:40:04 - __main__ - INFO - 162 - trainer - [0/190] Loss: 1.0460
2026/08/31 02:40:10 - __main__ - INFO - 162 - trainer - [39/190] Loss: 1.0499
2026/08/31 02:40:15 - __main__ - INFO - 162 - trainer - [78/190] Loss: 1.0524
2026/08/31 02:40:21 - __main__ - INFO - 162 - trainer - [117/190] Loss: 1.0577
2026/08/31 02:40:27 - __main__ - INFO - 162 - trainer - [156/190] Loss: 1.0449
2026/08/31 02:40:31 - __main__ - INFO - 167 - trainer - Average loss in epoch 215: 1.0566
2026/08/31 02:40:31 - __main__ - INFO - 117 - trainer - Epoch: 216
2026/08/31 02:40:31 - __main__ - INFO - 162 - trainer - [0/190] Loss: 1.0550
2026/08/31 02:40:37 - __main__ - INFO - 162 - trainer - [39/190] Loss: 1.0466
2026/08/31 02:40:42 - __main__ - INFO - 162 - trainer - [78/190] Loss: 1.0732
2026/08/31 02:40:48 - __main__ - INFO - 162 - trainer - [117/190] Loss: 1.0678
2026/08/31 02:40:54 - __main__ - INFO - 162 - trainer - [156/190] Loss: 1.0669
2026/08/31 02:40:58 - __main__ - INFO - 167 - trainer - Average loss in epoch 216: 1.0557
2026/08/31 02:40:58 - __main__ - INFO - 117 - trainer - Epoch: 217
2026/08/31 02:40:59 - __main__ - INFO - 162 - trainer - [0/190] Loss: 1.0398
2026/08/31 02:41:04 - __main__ - INFO - 162 - trainer - [39/190] Loss: 1.0566
2026/08/31 02:41:10 - __main__ - INFO - 162 - trainer - [78/190] Loss: 1.0699
2026/08/31 02:41:15 - __main__ - INFO - 162 - trainer - [117/190] Loss: 1.0595
2026/08/31 02:41:21 - __main__ - INFO - 162 - trainer - [156/190] Loss: 1.0603
2026/08/31 02:41:26 - __main__ - INFO - 167 - trainer - Average loss in epoch 217: 1.0567
2026/08/31 02:41:26 - __main__ - INFO - 117 - trainer - Epoch: 218
2026/08/31 02:41:26 - __main__ - INFO - 162 - trainer - [0/190] Loss: 1.0563
2026/08/31 02:41:31 - __main__ - INFO - 162 - trainer - [39/190] Loss: 1.0668
2026/08/31 02:41:37 - __main__ - INFO - 162 - trainer - [78/190] Loss: 1.0497
2026/08/31 02:41:42 - __main__ - INFO - 162 - trainer - [117/190] Loss: 1.0331
2026/08/31 02:41:48 - __main__ - INFO - 162 - trainer - [156/190] Loss: 1.0491
2026/08/31 02:41:53 - __main__ - INFO - 167 - trainer - Average loss in epoch 218: 1.0560
2026/08/31 02:41:53 - __main__ - INFO - 117 - trainer - Epoch: 219
2026/08/31 02:41:53 - __main__ - INFO - 162 - trainer - [0/190] Loss: 1.0631
2026/08/31 02:41:58 - __main__ - INFO - 162 - trainer - [39/190] Loss: 1.0669
2026/08/31 02:42:04 - __main__ - INFO - 162 - trainer - [78/190] Loss: 1.0374
2026/08/31 02:42:10 - __main__ - INFO - 162 - trainer - [117/190] Loss: 1.0604
2026/08/31 02:42:15 - __main__ - INFO - 162 - trainer - [156/190] Loss: 1.0676
2026/08/31 02:42:20 - __main__ - INFO - 167 - trainer - Average loss in epoch 219: 1.0568
2026/08/31 02:42:20 - __main__ - INFO - 117 - trainer - Epoch: 220
2026/08/31 02:42:20 - __main__ - INFO - 162 - trainer - [0/190] Loss: 1.0448
2026/08/31 02:42:25 - __main__ - INFO - 162 - trainer - [39/190] Loss: 1.0708
2026/08/31 02:42:31 - __main__ - INFO - 162 - trainer - [78/190] Loss: 1.0853
2026/08/31 02:42:36 - __main__ - INFO - 162 - trainer - [117/190] Loss: 1.0566
2026/08/31 02:42:42 - __main__ - INFO - 162 - trainer - [156/190] Loss: 1.0536
2026/08/31 02:42:47 - __main__ - INFO - 167 - trainer - Average loss in epoch 220: 1.0566
2026/08/31 02:42:47 - __main__ - INFO - 173 - trainer - start predicting: 2026-08-31 02:42:47.230591
2026/08/31 02:42:49 - __main__ - INFO - 203 - trainer - {'Best_HR@5': np.float64(9.8712), 'Best_HR@10': np.float64(17.2577), 'Best_HR@20': np.float64(28.1914), 'Best_NDCG@5': np.float64(5.6345), 'Best_NDCG@10': np.float64(7.9913), 'Best_NDCG@20': np.float64(10.7518)}
2026/08/31 02:42:49 - __main__ - INFO - 204 - trainer - {'Best_epoch_HR@5': 200, 'Best_epoch_HR@10': 100, 'Best_epoch_HR@20': 220, 'Best_epoch_NDCG@5': 200, 'Best_epoch_NDCG@10': 180, 'Best_epoch_NDCG@20': 180}
2026/08/31 02:42:49 - __main__ - INFO - 117 - trainer - Epoch: 221
2026/08/31 02:42:49 - __main__ - INFO - 162 - trainer - [0/190] Loss: 1.0819
2026/08/31 02:42:55 - __main__ - INFO - 162 - trainer - [39/190] Loss: 1.0700
2026/08/31 02:43:01 - __main__ - INFO - 162 - trainer - [78/190] Loss: 1.0933
2026/08/31 02:43:06 - __main__ - INFO - 162 - trainer - [117/190] Loss: 1.0569
2026/08/31 02:43:12 - __main__ - INFO - 162 - trainer - [156/190] Loss: 1.0499
2026/08/31 02:43:16 - __main__ - INFO - 167 - trainer - Average loss in epoch 221: 1.0569
2026/08/31 02:43:16 - __main__ - INFO - 117 - trainer - Epoch: 222
2026/08/31 02:43:17 - __main__ - INFO - 162 - trainer - [0/190] Loss: 1.0566
2026/08/31 02:43:22 - __main__ - INFO - 162 - trainer - [39/190] Loss: 1.0507
2026/08/31 02:43:28 - __main__ - INFO - 162 - trainer - [78/190] Loss: 1.0594
2026/08/31 02:43:33 - __main__ - INFO - 162 - trainer - [117/190] Loss: 1.0871
2026/08/31 02:43:39 - __main__ - INFO - 162 - trainer - [156/190] Loss: 1.0755
2026/08/31 02:43:44 - __main__ - INFO - 167 - trainer - Average loss in epoch 222: 1.0574
2026/08/31 02:43:44 - __main__ - INFO - 117 - trainer - Epoch: 223
2026/08/31 02:43:44 - __main__ - INFO - 162 - trainer - [0/190] Loss: 1.0523
2026/08/31 02:43:49 - __main__ - INFO - 162 - trainer - [39/190] Loss: 1.0497
2026/08/31 02:43:55 - __main__ - INFO - 162 - trainer - [78/190] Loss: 1.0721
2026/08/31 02:44:00 - __main__ - INFO - 162 - trainer - [117/190] Loss: 1.0691
2026/08/31 02:44:06 - __main__ - INFO - 162 - trainer - [156/190] Loss: 1.0482
2026/08/31 02:44:11 - __main__ - INFO - 167 - trainer - Average loss in epoch 223: 1.0561
2026/08/31 02:44:11 - __main__ - INFO - 117 - trainer - Epoch: 224
2026/08/31 02:44:11 - __main__ - INFO - 162 - trainer - [0/190] Loss: 1.0431
2026/08/31 02:44:16 - __main__ - INFO - 162 - trainer - [39/190] Loss: 1.0632
2026/08/31 02:44:22 - __main__ - INFO - 162 - trainer - [78/190] Loss: 1.0470
2026/08/31 02:44:27 - __main__ - INFO - 162 - trainer - [117/190] Loss: 1.0515
2026/08/31 02:44:33 - __main__ - INFO - 162 - trainer - [156/190] Loss: 1.0536
2026/08/31 02:44:38 - __main__ - INFO - 167 - trainer - Average loss in epoch 224: 1.0560
2026/08/31 02:44:38 - __main__ - INFO - 117 - trainer - Epoch: 225
2026/08/31 02:44:38 - __main__ - INFO - 162 - trainer - [0/190] Loss: 1.0431
2026/08/31 02:44:43 - __main__ - INFO - 162 - trainer - [39/190] Loss: 1.0548
2026/08/31 02:44:49 - __main__ - INFO - 162 - trainer - [78/190] Loss: 1.0381
2026/08/31 02:44:54 - __main__ - INFO - 162 - trainer - [117/190] Loss: 1.0373
2026/08/31 02:45:00 - __main__ - INFO - 162 - trainer - [156/190] Loss: 1.0512
2026/08/31 02:45:05 - __main__ - INFO - 167 - trainer - Average loss in epoch 225: 1.0560
2026/08/31 02:45:05 - __main__ - INFO - 117 - trainer - Epoch: 226
2026/08/31 02:45:05 - __main__ - INFO - 162 - trainer - [0/190] Loss: 1.0606
2026/08/31 02:45:10 - __main__ - INFO - 162 - trainer - [39/190] Loss: 1.0522
2026/08/31 02:45:16 - __main__ - INFO - 162 - trainer - [78/190] Loss: 1.0522
2026/08/31 02:45:21 - __main__ - INFO - 162 - trainer - [117/190] Loss: 1.0650
2026/08/31 02:45:27 - __main__ - INFO - 162 - trainer - [156/190] Loss: 1.0617
2026/08/31 02:45:31 - __main__ - INFO - 167 - trainer - Average loss in epoch 226: 1.0564
2026/08/31 02:45:31 - __main__ - INFO - 117 - trainer - Epoch: 227
2026/08/31 02:45:32 - __main__ - INFO - 162 - trainer - [0/190] Loss: 1.0728
2026/08/31 02:45:37 - __main__ - INFO - 162 - trainer - [39/190] Loss: 1.0551
2026/08/31 02:45:43 - __main__ - INFO - 162 - trainer - [78/190] Loss: 1.0639
2026/08/31 02:45:48 - __main__ - INFO - 162 - trainer - [117/190] Loss: 1.0379
2026/08/31 02:45:54 - __main__ - INFO - 162 - trainer - [156/190] Loss: 1.0731
2026/08/31 02:45:59 - __main__ - INFO - 167 - trainer - Average loss in epoch 227: 1.0559
2026/08/31 02:45:59 - __main__ - INFO - 117 - trainer - Epoch: 228
2026/08/31 02:45:59 - __main__ - INFO - 162 - trainer - [0/190] Loss: 1.0487
2026/08/31 02:46:04 - __main__ - INFO - 162 - trainer - [39/190] Loss: 1.0735
2026/08/31 02:46:10 - __main__ - INFO - 162 - trainer - [78/190] Loss: 1.0726
2026/08/31 02:46:15 - __main__ - INFO - 162 - trainer - [117/190] Loss: 1.0478
2026/08/31 02:46:21 - __main__ - INFO - 162 - trainer - [156/190] Loss: 1.0564
2026/08/31 02:46:26 - __main__ - INFO - 167 - trainer - Average loss in epoch 228: 1.0561
2026/08/31 02:46:26 - __main__ - INFO - 117 - trainer - Epoch: 229
2026/08/31 02:46:26 - __main__ - INFO - 162 - trainer - [0/190] Loss: 1.0422
2026/08/31 02:46:31 - __main__ - INFO - 162 - trainer - [39/190] Loss: 1.0510
2026/08/31 02:46:37 - __main__ - INFO - 162 - trainer - [78/190] Loss: 1.0532
2026/08/31 02:46:42 - __main__ - INFO - 162 - trainer - [117/190] Loss: 1.0460
2026/08/31 02:46:48 - __main__ - INFO - 162 - trainer - [156/190] Loss: 1.0549
2026/08/31 02:46:53 - __main__ - INFO - 167 - trainer - Average loss in epoch 229: 1.0563
2026/08/31 02:46:53 - __main__ - INFO - 117 - trainer - Epoch: 230
2026/08/31 02:46:53 - __main__ - INFO - 162 - trainer - [0/190] Loss: 1.0660
2026/08/31 02:46:59 - __main__ - INFO - 162 - trainer - [39/190] Loss: 1.0560
2026/08/31 02:47:04 - __main__ - INFO - 162 - trainer - [78/190] Loss: 1.0670
2026/08/31 02:47:10 - __main__ - INFO - 162 - trainer - [117/190] Loss: 1.0735
2026/08/31 02:47:15 - __main__ - INFO - 162 - trainer - [156/190] Loss: 1.0690
2026/08/31 02:47:20 - __main__ - INFO - 167 - trainer - Average loss in epoch 230: 1.0563
2026/08/31 02:47:20 - __main__ - INFO - 117 - trainer - Epoch: 231
2026/08/31 02:47:20 - __main__ - INFO - 162 - trainer - [0/190] Loss: 1.0531
2026/08/31 02:47:26 - __main__ - INFO - 162 - trainer - [39/190] Loss: 1.0458
2026/08/31 02:47:31 - __main__ - INFO - 162 - trainer - [78/190] Loss: 1.0799
2026/08/31 02:47:37 - __main__ - INFO - 162 - trainer - [117/190] Loss: 1.0500
2026/08/31 02:47:42 - __main__ - INFO - 162 - trainer - [156/190] Loss: 1.0533
2026/08/31 02:47:47 - __main__ - INFO - 167 - trainer - Average loss in epoch 231: 1.0563
2026/08/31 02:47:47 - __main__ - INFO - 117 - trainer - Epoch: 232
2026/08/31 02:47:47 - __main__ - INFO - 162 - trainer - [0/190] Loss: 1.0596
2026/08/31 02:47:53 - __main__ - INFO - 162 - trainer - [39/190] Loss: 1.0597
2026/08/31 02:47:59 - __main__ - INFO - 162 - trainer - [78/190] Loss: 1.0614
2026/08/31 02:48:04 - __main__ - INFO - 162 - trainer - [117/190] Loss: 1.0645
2026/08/31 02:48:10 - __main__ - INFO - 162 - trainer - [156/190] Loss: 1.0548
2026/08/31 02:48:14 - __main__ - INFO - 167 - trainer - Average loss in epoch 232: 1.0567
2026/08/31 02:48:14 - __main__ - INFO - 117 - trainer - Epoch: 233
2026/08/31 02:48:14 - __main__ - INFO - 162 - trainer - [0/190] Loss: 1.0716
2026/08/31 02:48:20 - __main__ - INFO - 162 - trainer - [39/190] Loss: 1.0633
2026/08/31 02:48:26 - __main__ - INFO - 162 - trainer - [78/190] Loss: 1.0572
2026/08/31 02:48:31 - __main__ - INFO - 162 - trainer - [117/190] Loss: 1.0520
2026/08/31 02:48:37 - __main__ - INFO - 162 - trainer - [156/190] Loss: 1.0445
2026/08/31 02:48:41 - __main__ - INFO - 167 - trainer - Average loss in epoch 233: 1.0564
2026/08/31 02:48:41 - __main__ - INFO - 117 - trainer - Epoch: 234
2026/08/31 02:48:41 - __main__ - INFO - 162 - trainer - [0/190] Loss: 1.0632
2026/08/31 02:48:47 - __main__ - INFO - 162 - trainer - [39/190] Loss: 1.0637
2026/08/31 02:48:53 - __main__ - INFO - 162 - trainer - [78/190] Loss: 1.0616
2026/08/31 02:48:58 - __main__ - INFO - 162 - trainer - [117/190] Loss: 1.0569
2026/08/31 02:49:04 - __main__ - INFO - 162 - trainer - [156/190] Loss: 1.0567
2026/08/31 02:49:09 - __main__ - INFO - 167 - trainer - Average loss in epoch 234: 1.0561
2026/08/31 02:49:09 - __main__ - INFO - 117 - trainer - Epoch: 235
2026/08/31 02:49:09 - __main__ - INFO - 162 - trainer - [0/190] Loss: 1.0552
2026/08/31 02:49:14 - __main__ - INFO - 162 - trainer - [39/190] Loss: 1.0371
2026/08/31 02:49:20 - __main__ - INFO - 162 - trainer - [78/190] Loss: 1.0558
2026/08/31 02:49:26 - __main__ - INFO - 162 - trainer - [117/190] Loss: 1.0691
2026/08/31 02:49:31 - __main__ - INFO - 162 - trainer - [156/190] Loss: 1.0496
2026/08/31 02:49:36 - __main__ - INFO - 167 - trainer - Average loss in epoch 235: 1.0562
2026/08/31 02:49:36 - __main__ - INFO - 117 - trainer - Epoch: 236
2026/08/31 02:49:36 - __main__ - INFO - 162 - trainer - [0/190] Loss: 1.0431
2026/08/31 02:49:41 - __main__ - INFO - 162 - trainer - [39/190] Loss: 1.0721
2026/08/31 02:49:47 - __main__ - INFO - 162 - trainer - [78/190] Loss: 1.0598
2026/08/31 02:49:52 - __main__ - INFO - 162 - trainer - [117/190] Loss: 1.0469
2026/08/31 02:49:58 - __main__ - INFO - 162 - trainer - [156/190] Loss: 1.0515
2026/08/31 02:50:03 - __main__ - INFO - 167 - trainer - Average loss in epoch 236: 1.0564
2026/08/31 02:50:03 - __main__ - INFO - 117 - trainer - Epoch: 237
2026/08/31 02:50:03 - __main__ - INFO - 162 - trainer - [0/190] Loss: 1.0634
2026/08/31 02:50:08 - __main__ - INFO - 162 - trainer - [39/190] Loss: 1.0676
2026/08/31 02:50:14 - __main__ - INFO - 162 - trainer - [78/190] Loss: 1.0499
2026/08/31 02:50:19 - __main__ - INFO - 162 - trainer - [117/190] Loss: 1.0531
2026/08/31 02:50:25 - __main__ - INFO - 162 - trainer - [156/190] Loss: 1.0402
2026/08/31 02:50:30 - __main__ - INFO - 167 - trainer - Average loss in epoch 237: 1.0561
2026/08/31 02:50:30 - __main__ - INFO - 117 - trainer - Epoch: 238
2026/08/31 02:50:30 - __main__ - INFO - 162 - trainer - [0/190] Loss: 1.0374
2026/08/31 02:50:35 - __main__ - INFO - 162 - trainer - [39/190] Loss: 1.0542
2026/08/31 02:50:41 - __main__ - INFO - 162 - trainer - [78/190] Loss: 1.0711
2026/08/31 02:50:46 - __main__ - INFO - 162 - trainer - [117/190] Loss: 1.0494
2026/08/31 02:50:52 - __main__ - INFO - 162 - trainer - [156/190] Loss: 1.0485
2026/08/31 02:50:57 - __main__ - INFO - 167 - trainer - Average loss in epoch 238: 1.0561
2026/08/31 02:50:57 - __main__ - INFO - 117 - trainer - Epoch: 239
2026/08/31 02:50:57 - __main__ - INFO - 162 - trainer - [0/190] Loss: 1.0434
2026/08/31 02:51:03 - __main__ - INFO - 162 - trainer - [39/190] Loss: 1.0679
2026/08/31 02:51:08 - __main__ - INFO - 162 - trainer - [78/190] Loss: 1.0746
2026/08/31 02:51:14 - __main__ - INFO - 162 - trainer - [117/190] Loss: 1.0570
2026/08/31 02:51:19 - __main__ - INFO - 162 - trainer - [156/190] Loss: 1.0519
2026/08/31 02:51:24 - __main__ - INFO - 167 - trainer - Average loss in epoch 239: 1.0562
2026/08/31 02:51:24 - __main__ - INFO - 117 - trainer - Epoch: 240
2026/08/31 02:51:24 - __main__ - INFO - 162 - trainer - [0/190] Loss: 1.0507
2026/08/31 02:51:30 - __main__ - INFO - 162 - trainer - [39/190] Loss: 1.0494
2026/08/31 02:51:35 - __main__ - INFO - 162 - trainer - [78/190] Loss: 1.0604
2026/08/31 02:51:41 - __main__ - INFO - 162 - trainer - [117/190] Loss: 1.0598
2026/08/31 02:51:46 - __main__ - INFO - 162 - trainer - [156/190] Loss: 1.0442
2026/08/31 02:51:51 - __main__ - INFO - 167 - trainer - Average loss in epoch 240: 1.0559
2026/08/31 02:51:51 - __main__ - INFO - 173 - trainer - start predicting: 2026-08-31 02:51:51.494077
2026/08/31 02:51:53 - __main__ - INFO - 117 - trainer - Epoch: 241
2026/08/31 02:51:54 - __main__ - INFO - 162 - trainer - [0/190] Loss: 1.0755
2026/08/31 02:51:59 - __main__ - INFO - 162 - trainer - [39/190] Loss: 1.0704
2026/08/31 02:52:05 - __main__ - INFO - 162 - trainer - [78/190] Loss: 1.0559
2026/08/31 02:52:10 - __main__ - INFO - 162 - trainer - [117/190] Loss: 1.0310
2026/08/31 02:52:16 - __main__ - INFO - 162 - trainer - [156/190] Loss: 1.0568
2026/08/31 02:52:21 - __main__ - INFO - 167 - trainer - Average loss in epoch 241: 1.0568
2026/08/31 02:52:21 - __main__ - INFO - 117 - trainer - Epoch: 242
2026/08/31 02:52:21 - __main__ - INFO - 162 - trainer - [0/190] Loss: 1.0595
2026/08/31 02:52:26 - __main__ - INFO - 162 - trainer - [39/190] Loss: 1.0619
2026/08/31 02:52:32 - __main__ - INFO - 162 - trainer - [78/190] Loss: 1.0554
2026/08/31 02:52:38 - __main__ - INFO - 162 - trainer - [117/190] Loss: 1.0509
2026/08/31 02:52:43 - __main__ - INFO - 162 - trainer - [156/190] Loss: 1.0571
2026/08/31 02:52:48 - __main__ - INFO - 167 - trainer - Average loss in epoch 242: 1.0556
2026/08/31 02:52:48 - __main__ - INFO - 117 - trainer - Epoch: 243
2026/08/31 02:52:48 - __main__ - INFO - 162 - trainer - [0/190] Loss: 1.0616
2026/08/31 02:52:54 - __main__ - INFO - 162 - trainer - [39/190] Loss: 1.0671
2026/08/31 02:52:59 - __main__ - INFO - 162 - trainer - [78/190] Loss: 1.0365
2026/08/31 02:53:05 - __main__ - INFO - 162 - trainer - [117/190] Loss: 1.0414
2026/08/31 02:53:10 - __main__ - INFO - 162 - trainer - [156/190] Loss: 1.0437
2026/08/31 02:53:15 - __main__ - INFO - 167 - trainer - Average loss in epoch 243: 1.0555
2026/08/31 02:53:15 - __main__ - INFO - 117 - trainer - Epoch: 244
2026/08/31 02:53:15 - __main__ - INFO - 162 - trainer - [0/190] Loss: 1.0451
2026/08/31 02:53:21 - __main__ - INFO - 162 - trainer - [39/190] Loss: 1.0473
2026/08/31 02:53:26 - __main__ - INFO - 162 - trainer - [78/190] Loss: 1.0700
2026/08/31 02:53:32 - __main__ - INFO - 162 - trainer - [117/190] Loss: 1.0455
2026/08/31 02:53:37 - __main__ - INFO - 162 - trainer - [156/190] Loss: 1.0487
2026/08/31 02:53:42 - __main__ - INFO - 167 - trainer - Average loss in epoch 244: 1.0558
2026/08/31 02:53:42 - __main__ - INFO - 117 - trainer - Epoch: 245
2026/08/31 02:53:42 - __main__ - INFO - 162 - trainer - [0/190] Loss: 1.0539
2026/08/31 02:53:48 - __main__ - INFO - 162 - trainer - [39/190] Loss: 1.0845
2026/08/31 02:53:53 - __main__ - INFO - 162 - trainer - [78/190] Loss: 1.0494
2026/08/31 02:53:59 - __main__ - INFO - 162 - trainer - [117/190] Loss: 1.0393
2026/08/31 02:54:04 - __main__ - INFO - 162 - trainer - [156/190] Loss: 1.0452
2026/08/31 02:54:09 - __main__ - INFO - 167 - trainer - Average loss in epoch 245: 1.0562
2026/08/31 02:54:09 - __main__ - INFO - 117 - trainer - Epoch: 246
2026/08/31 02:54:09 - __main__ - INFO - 162 - trainer - [0/190] Loss: 1.0499
2026/08/31 02:54:15 - __main__ - INFO - 162 - trainer - [39/190] Loss: 1.0734
2026/08/31 02:54:20 - __main__ - INFO - 162 - trainer - [78/190] Loss: 1.0643
2026/08/31 02:54:26 - __main__ - INFO - 162 - trainer - [117/190] Loss: 1.0727
2026/08/31 02:54:31 - __main__ - INFO - 162 - trainer - [156/190] Loss: 1.0403
2026/08/31 02:54:36 - __main__ - INFO - 167 - trainer - Average loss in epoch 246: 1.0557
2026/08/31 02:54:36 - __main__ - INFO - 117 - trainer - Epoch: 247
2026/08/31 02:54:36 - __main__ - INFO - 162 - trainer - [0/190] Loss: 1.0616
2026/08/31 02:54:42 - __main__ - INFO - 162 - trainer - [39/190] Loss: 1.0733
2026/08/31 02:54:47 - __main__ - INFO - 162 - trainer - [78/190] Loss: 1.0707
2026/08/31 02:54:53 - __main__ - INFO - 162 - trainer - [117/190] Loss: 1.0382
2026/08/31 02:54:58 - __main__ - INFO - 162 - trainer - [156/190] Loss: 1.0603
2026/08/31 02:55:03 - __main__ - INFO - 167 - trainer - Average loss in epoch 247: 1.0562
2026/08/31 02:55:03 - __main__ - INFO - 117 - trainer - Epoch: 248
2026/08/31 02:55:03 - __main__ - INFO - 162 - trainer - [0/190] Loss: 1.0374
2026/08/31 02:55:09 - __main__ - INFO - 162 - trainer - [39/190] Loss: 1.0541
2026/08/31 02:55:14 - __main__ - INFO - 162 - trainer - [78/190] Loss: 1.0554
2026/08/31 02:55:20 - __main__ - INFO - 162 - trainer - [117/190] Loss: 1.0373
2026/08/31 02:55:26 - __main__ - INFO - 162 - trainer - [156/190] Loss: 1.0687
2026/08/31 02:55:30 - __main__ - INFO - 167 - trainer - Average loss in epoch 248: 1.0557
2026/08/31 02:55:30 - __main__ - INFO - 117 - trainer - Epoch: 249
2026/08/31 02:55:30 - __main__ - INFO - 162 - trainer - [0/190] Loss: 1.0541
2026/08/31 02:55:36 - __main__ - INFO - 162 - trainer - [39/190] Loss: 1.0781
2026/08/31 02:55:41 - __main__ - INFO - 162 - trainer - [78/190] Loss: 1.0474
2026/08/31 02:55:47 - __main__ - INFO - 162 - trainer - [117/190] Loss: 1.0539
2026/08/31 02:55:52 - __main__ - INFO - 162 - trainer - [156/190] Loss: 1.0475
2026/08/31 02:55:57 - __main__ - INFO - 167 - trainer - Average loss in epoch 249: 1.0563
2026/08/31 02:55:57 - __main__ - INFO - 117 - trainer - Epoch: 250
2026/08/31 02:55:57 - __main__ - INFO - 162 - trainer - [0/190] Loss: 1.0578
2026/08/31 02:56:03 - __main__ - INFO - 162 - trainer - [39/190] Loss: 1.0522
2026/08/31 02:56:09 - __main__ - INFO - 162 - trainer - [78/190] Loss: 1.0418
2026/08/31 02:56:14 - __main__ - INFO - 162 - trainer - [117/190] Loss: 1.0640
2026/08/31 02:56:20 - __main__ - INFO - 162 - trainer - [156/190] Loss: 1.0798
2026/08/31 02:56:24 - __main__ - INFO - 167 - trainer - Average loss in epoch 250: 1.0560
2026/08/31 02:56:24 - __main__ - INFO - 117 - trainer - Epoch: 251
2026/08/31 02:56:25 - __main__ - INFO - 162 - trainer - [0/190] Loss: 1.0635
2026/08/31 02:56:30 - __main__ - INFO - 162 - trainer - [39/190] Loss: 1.0596
2026/08/31 02:56:36 - __main__ - INFO - 162 - trainer - [78/190] Loss: 1.0803
2026/08/31 02:56:41 - __main__ - INFO - 162 - trainer - [117/190] Loss: 1.0636
2026/08/31 02:56:47 - __main__ - INFO - 162 - trainer - [156/190] Loss: 1.0587
2026/08/31 02:56:52 - __main__ - INFO - 167 - trainer - Average loss in epoch 251: 1.0567
2026/08/31 02:56:52 - __main__ - INFO - 117 - trainer - Epoch: 252
2026/08/31 02:56:52 - __main__ - INFO - 162 - trainer - [0/190] Loss: 1.0601
2026/08/31 02:56:57 - __main__ - INFO - 162 - trainer - [39/190] Loss: 1.0702
2026/08/31 02:57:03 - __main__ - INFO - 162 - trainer - [78/190] Loss: 1.0581
2026/08/31 02:57:08 - __main__ - INFO - 162 - trainer - [117/190] Loss: 1.0462
2026/08/31 02:57:14 - __main__ - INFO - 162 - trainer - [156/190] Loss: 1.0534
2026/08/31 02:57:18 - __main__ - INFO - 167 - trainer - Average loss in epoch 252: 1.0561
2026/08/31 02:57:18 - __main__ - INFO - 117 - trainer - Epoch: 253
2026/08/31 02:57:19 - __main__ - INFO - 162 - trainer - [0/190] Loss: 1.0584
2026/08/31 02:57:24 - __main__ - INFO - 162 - trainer - [39/190] Loss: 1.0481
2026/08/31 02:57:30 - __main__ - INFO - 162 - trainer - [78/190] Loss: 1.0600
2026/08/31 02:57:35 - __main__ - INFO - 162 - trainer - [117/190] Loss: 1.0891
2026/08/31 02:57:41 - __main__ - INFO - 162 - trainer - [156/190] Loss: 1.0538
2026/08/31 02:57:45 - __main__ - INFO - 167 - trainer - Average loss in epoch 253: 1.0573
2026/08/31 02:57:45 - __main__ - INFO - 117 - trainer - Epoch: 254
2026/08/31 02:57:45 - __main__ - INFO - 162 - trainer - [0/190] Loss: 1.0744
2026/08/31 02:57:51 - __main__ - INFO - 162 - trainer - [39/190] Loss: 1.0410
2026/08/31 02:57:56 - __main__ - INFO - 162 - trainer - [78/190] Loss: 1.0403
2026/08/31 02:58:02 - __main__ - INFO - 162 - trainer - [117/190] Loss: 1.0628
2026/08/31 02:58:08 - __main__ - INFO - 162 - trainer - [156/190] Loss: 1.0666
2026/08/31 02:58:12 - __main__ - INFO - 167 - trainer - Average loss in epoch 254: 1.0554
2026/08/31 02:58:12 - __main__ - INFO - 117 - trainer - Epoch: 255
2026/08/31 02:58:13 - __main__ - INFO - 162 - trainer - [0/190] Loss: 1.0500
2026/08/31 02:58:18 - __main__ - INFO - 162 - trainer - [39/190] Loss: 1.0558
2026/08/31 02:58:24 - __main__ - INFO - 162 - trainer - [78/190] Loss: 1.0514
2026/08/31 02:58:29 - __main__ - INFO - 162 - trainer - [117/190] Loss: 1.0784
2026/08/31 02:58:35 - __main__ - INFO - 162 - trainer - [156/190] Loss: 1.0746
2026/08/31 02:58:40 - __main__ - INFO - 167 - trainer - Average loss in epoch 255: 1.0558
2026/08/31 02:58:40 - __main__ - INFO - 117 - trainer - Epoch: 256
2026/08/31 02:58:40 - __main__ - INFO - 162 - trainer - [0/190] Loss: 1.0561
2026/08/31 02:58:45 - __main__ - INFO - 162 - trainer - [39/190] Loss: 1.0710
2026/08/31 02:58:51 - __main__ - INFO - 162 - trainer - [78/190] Loss: 1.0554
2026/08/31 02:58:56 - __main__ - INFO - 162 - trainer - [117/190] Loss: 1.0624
2026/08/31 02:59:02 - __main__ - INFO - 162 - trainer - [156/190] Loss: 1.0690
2026/08/31 02:59:07 - __main__ - INFO - 167 - trainer - Average loss in epoch 256: 1.0563
2026/08/31 02:59:07 - __main__ - INFO - 117 - trainer - Epoch: 257
2026/08/31 02:59:07 - __main__ - INFO - 162 - trainer - [0/190] Loss: 1.0661
2026/08/31 02:59:13 - __main__ - INFO - 162 - trainer - [39/190] Loss: 1.0663
2026/08/31 02:59:18 - __main__ - INFO - 162 - trainer - [78/190] Loss: 1.0629
2026/08/31 02:59:24 - __main__ - INFO - 162 - trainer - [117/190] Loss: 1.0349
2026/08/31 02:59:29 - __main__ - INFO - 162 - trainer - [156/190] Loss: 1.0289
2026/08/31 02:59:34 - __main__ - INFO - 167 - trainer - Average loss in epoch 257: 1.0557
2026/08/31 02:59:34 - __main__ - INFO - 117 - trainer - Epoch: 258
2026/08/31 02:59:34 - __main__ - INFO - 162 - trainer - [0/190] Loss: 1.0688
2026/08/31 02:59:40 - __main__ - INFO - 162 - trainer - [39/190] Loss: 1.0578
2026/08/31 02:59:45 - __main__ - INFO - 162 - trainer - [78/190] Loss: 1.0403
2026/08/31 02:59:51 - __main__ - INFO - 162 - trainer - [117/190] Loss: 1.0568
2026/08/31 02:59:56 - __main__ - INFO - 162 - trainer - [156/190] Loss: 1.0565
2026/08/31 03:00:01 - __main__ - INFO - 167 - trainer - Average loss in epoch 258: 1.0563
2026/08/31 03:00:01 - __main__ - INFO - 117 - trainer - Epoch: 259
2026/08/31 03:00:01 - __main__ - INFO - 162 - trainer - [0/190] Loss: 1.0548
2026/08/31 03:00:07 - __main__ - INFO - 162 - trainer - [39/190] Loss: 1.0533
2026/08/31 03:00:12 - __main__ - INFO - 162 - trainer - [78/190] Loss: 1.0611
2026/08/31 03:00:18 - __main__ - INFO - 162 - trainer - [117/190] Loss: 1.0587
2026/08/31 03:00:23 - __main__ - INFO - 162 - trainer - [156/190] Loss: 1.0643
2026/08/31 03:00:28 - __main__ - INFO - 167 - trainer - Average loss in epoch 259: 1.0557
2026/08/31 03:00:28 - __main__ - INFO - 117 - trainer - Epoch: 260
2026/08/31 03:00:28 - __main__ - INFO - 162 - trainer - [0/190] Loss: 1.0660
2026/08/31 03:00:34 - __main__ - INFO - 162 - trainer - [39/190] Loss: 1.0647
2026/08/31 03:00:39 - __main__ - INFO - 162 - trainer - [78/190] Loss: 1.0458
2026/08/31 03:00:45 - __main__ - INFO - 162 - trainer - [117/190] Loss: 1.0543
2026/08/31 03:00:50 - __main__ - INFO - 162 - trainer - [156/190] Loss: 1.0729
2026/08/31 03:00:55 - __main__ - INFO - 167 - trainer - Average loss in epoch 260: 1.0554
2026/08/31 03:00:55 - __main__ - INFO - 173 - trainer - start predicting: 2026-08-31 03:00:55.296732
2026/08/31 03:00:57 - __main__ - INFO - 117 - trainer - Epoch: 261
2026/08/31 03:00:57 - __main__ - INFO - 162 - trainer - [0/190] Loss: 1.0536
2026/08/31 03:01:03 - __main__ - INFO - 162 - trainer - [39/190] Loss: 1.0478
2026/08/31 03:01:09 - __main__ - INFO - 162 - trainer - [78/190] Loss: 1.0377
2026/08/31 03:01:14 - __main__ - INFO - 162 - trainer - [117/190] Loss: 1.0479
2026/08/31 03:01:20 - __main__ - INFO - 162 - trainer - [156/190] Loss: 1.0615
2026/08/31 03:01:24 - __main__ - INFO - 167 - trainer - Average loss in epoch 261: 1.0559
2026/08/31 03:01:24 - __main__ - INFO - 117 - trainer - Epoch: 262
2026/08/31 03:01:24 - __main__ - INFO - 162 - trainer - [0/190] Loss: 1.0530
2026/08/31 03:01:30 - __main__ - INFO - 162 - trainer - [39/190] Loss: 1.0465
2026/08/31 03:01:35 - __main__ - INFO - 162 - trainer - [78/190] Loss: 1.0526
2026/08/31 03:01:41 - __main__ - INFO - 162 - trainer - [117/190] Loss: 1.0588
2026/08/31 03:01:47 - __main__ - INFO - 162 - trainer - [156/190] Loss: 1.0705
2026/08/31 03:01:51 - __main__ - INFO - 167 - trainer - Average loss in epoch 262: 1.0565
2026/08/31 03:01:51 - __main__ - INFO - 117 - trainer - Epoch: 263
2026/08/31 03:01:51 - __main__ - INFO - 162 - trainer - [0/190] Loss: 1.0667
2026/08/31 03:01:57 - __main__ - INFO - 162 - trainer - [39/190] Loss: 1.0480
2026/08/31 03:02:02 - __main__ - INFO - 162 - trainer - [78/190] Loss: 1.0546
2026/08/31 03:02:08 - __main__ - INFO - 162 - trainer - [117/190] Loss: 1.0635
2026/08/31 03:02:14 - __main__ - INFO - 162 - trainer - [156/190] Loss: 1.0510
2026/08/31 03:02:18 - __main__ - INFO - 167 - trainer - Average loss in epoch 263: 1.0554
2026/08/31 03:02:18 - __main__ - INFO - 117 - trainer - Epoch: 264
2026/08/31 03:02:18 - __main__ - INFO - 162 - trainer - [0/190] Loss: 1.0875
2026/08/31 03:02:24 - __main__ - INFO - 162 - trainer - [39/190] Loss: 1.0545
2026/08/31 03:02:29 - __main__ - INFO - 162 - trainer - [78/190] Loss: 1.0590
2026/08/31 03:02:35 - __main__ - INFO - 162 - trainer - [117/190] Loss: 1.0585
2026/08/31 03:02:41 - __main__ - INFO - 162 - trainer - [156/190] Loss: 1.0615
2026/08/31 03:02:45 - __main__ - INFO - 167 - trainer - Average loss in epoch 264: 1.0556
2026/08/31 03:02:45 - __main__ - INFO - 117 - trainer - Epoch: 265
2026/08/31 03:02:45 - __main__ - INFO - 162 - trainer - [0/190] Loss: 1.0550
2026/08/31 03:02:51 - __main__ - INFO - 162 - trainer - [39/190] Loss: 1.0422
2026/08/31 03:02:56 - __main__ - INFO - 162 - trainer - [78/190] Loss: 1.0538
2026/08/31 03:03:02 - __main__ - INFO - 162 - trainer - [117/190] Loss: 1.0635
2026/08/31 03:03:08 - __main__ - INFO - 162 - trainer - [156/190] Loss: 1.0603
2026/08/31 03:03:12 - __main__ - INFO - 167 - trainer - Average loss in epoch 265: 1.0562
2026/08/31 03:03:12 - __main__ - INFO - 117 - trainer - Epoch: 266
2026/08/31 03:03:12 - __main__ - INFO - 162 - trainer - [0/190] Loss: 1.0699
2026/08/31 03:03:18 - __main__ - INFO - 162 - trainer - [39/190] Loss: 1.0557
2026/08/31 03:03:23 - __main__ - INFO - 162 - trainer - [78/190] Loss: 1.0559
2026/08/31 03:03:29 - __main__ - INFO - 162 - trainer - [117/190] Loss: 1.0572
2026/08/31 03:03:34 - __main__ - INFO - 162 - trainer - [156/190] Loss: 1.0426
2026/08/31 03:03:39 - __main__ - INFO - 167 - trainer - Average loss in epoch 266: 1.0554
2026/08/31 03:03:39 - __main__ - INFO - 117 - trainer - Epoch: 267
2026/08/31 03:03:39 - __main__ - INFO - 162 - trainer - [0/190] Loss: 1.0674
2026/08/31 03:03:45 - __main__ - INFO - 162 - trainer - [39/190] Loss: 1.0534
2026/08/31 03:03:51 - __main__ - INFO - 162 - trainer - [78/190] Loss: 1.0630
2026/08/31 03:03:56 - __main__ - INFO - 162 - trainer - [117/190] Loss: 1.0566
2026/08/31 03:04:02 - __main__ - INFO - 162 - trainer - [156/190] Loss: 1.0584
2026/08/31 03:04:07 - __main__ - INFO - 167 - trainer - Average loss in epoch 267: 1.0555
2026/08/31 03:04:07 - __main__ - INFO - 117 - trainer - Epoch: 268
2026/08/31 03:04:07 - __main__ - INFO - 162 - trainer - [0/190] Loss: 1.0541
2026/08/31 03:04:12 - __main__ - INFO - 162 - trainer - [39/190] Loss: 1.0479
2026/08/31 03:04:18 - __main__ - INFO - 162 - trainer - [78/190] Loss: 1.0320
2026/08/31 03:04:24 - __main__ - INFO - 162 - trainer - [117/190] Loss: 1.0765
2026/08/31 03:04:29 - __main__ - INFO - 162 - trainer - [156/190] Loss: 1.0523
2026/08/31 03:04:34 - __main__ - INFO - 167 - trainer - Average loss in epoch 268: 1.0552
2026/08/31 03:04:34 - __main__ - INFO - 117 - trainer - Epoch: 269
2026/08/31 03:04:34 - __main__ - INFO - 162 - trainer - [0/190] Loss: 1.0478
2026/08/31 03:04:39 - __main__ - INFO - 162 - trainer - [39/190] Loss: 1.0496
2026/08/31 03:04:45 - __main__ - INFO - 162 - trainer - [78/190] Loss: 1.0474
2026/08/31 03:04:51 - __main__ - INFO - 162 - trainer - [117/190] Loss: 1.0491
2026/08/31 03:04:56 - __main__ - INFO - 162 - trainer - [156/190] Loss: 1.0613
2026/08/31 03:05:01 - __main__ - INFO - 167 - trainer - Average loss in epoch 269: 1.0559
2026/08/31 03:05:01 - __main__ - INFO - 117 - trainer - Epoch: 270
2026/08/31 03:05:01 - __main__ - INFO - 162 - trainer - [0/190] Loss: 1.0504
2026/08/31 03:05:06 - __main__ - INFO - 162 - trainer - [39/190] Loss: 1.0603
2026/08/31 03:05:12 - __main__ - INFO - 162 - trainer - [78/190] Loss: 1.0452
2026/08/31 03:05:18 - __main__ - INFO - 162 - trainer - [117/190] Loss: 1.0585
2026/08/31 03:05:23 - __main__ - INFO - 162 - trainer - [156/190] Loss: 1.0606
2026/08/31 03:05:28 - __main__ - INFO - 167 - trainer - Average loss in epoch 270: 1.0560
2026/08/31 03:05:28 - __main__ - INFO - 117 - trainer - Epoch: 271
2026/08/31 03:05:28 - __main__ - INFO - 162 - trainer - [0/190] Loss: 1.0435
2026/08/31 03:05:34 - __main__ - INFO - 162 - trainer - [39/190] Loss: 1.0372
2026/08/31 03:05:39 - __main__ - INFO - 162 - trainer - [78/190] Loss: 1.0712
2026/08/31 03:05:45 - __main__ - INFO - 162 - trainer - [117/190] Loss: 1.0666
2026/08/31 03:05:50 - __main__ - INFO - 162 - trainer - [156/190] Loss: 1.0629
2026/08/31 03:05:55 - __main__ - INFO - 167 - trainer - Average loss in epoch 271: 1.0558
2026/08/31 03:05:55 - __main__ - INFO - 117 - trainer - Epoch: 272
2026/08/31 03:05:55 - __main__ - INFO - 162 - trainer - [0/190] Loss: 1.0448
2026/08/31 03:06:00 - __main__ - INFO - 162 - trainer - [39/190] Loss: 1.0396
2026/08/31 03:06:06 - __main__ - INFO - 162 - trainer - [78/190] Loss: 1.0544
2026/08/31 03:06:12 - __main__ - INFO - 162 - trainer - [117/190] Loss: 1.0630
2026/08/31 03:06:17 - __main__ - INFO - 162 - trainer - [156/190] Loss: 1.0559
2026/08/31 03:06:22 - __main__ - INFO - 167 - trainer - Average loss in epoch 272: 1.0550
2026/08/31 03:06:22 - __main__ - INFO - 117 - trainer - Epoch: 273
2026/08/31 03:06:22 - __main__ - INFO - 162 - trainer - [0/190] Loss: 1.0717
2026/08/31 03:06:28 - __main__ - INFO - 162 - trainer - [39/190] Loss: 1.0396
2026/08/31 03:06:33 - __main__ - INFO - 162 - trainer - [78/190] Loss: 1.0531
2026/08/31 03:06:39 - __main__ - INFO - 162 - trainer - [117/190] Loss: 1.0284
2026/08/31 03:06:44 - __main__ - INFO - 162 - trainer - [156/190] Loss: 1.0555
2026/08/31 03:06:49 - __main__ - INFO - 167 - trainer - Average loss in epoch 273: 1.0550
2026/08/31 03:06:49 - __main__ - INFO - 117 - trainer - Epoch: 274
2026/08/31 03:06:49 - __main__ - INFO - 162 - trainer - [0/190] Loss: 1.0502
2026/08/31 03:06:55 - __main__ - INFO - 162 - trainer - [39/190] Loss: 1.0729
2026/08/31 03:07:00 - __main__ - INFO - 162 - trainer - [78/190] Loss: 1.0525
2026/08/31 03:07:06 - __main__ - INFO - 162 - trainer - [117/190] Loss: 1.0566
2026/08/31 03:07:11 - __main__ - INFO - 162 - trainer - [156/190] Loss: 1.0763
2026/08/31 03:07:16 - __main__ - INFO - 167 - trainer - Average loss in epoch 274: 1.0560
2026/08/31 03:07:16 - __main__ - INFO - 117 - trainer - Epoch: 275
2026/08/31 03:07:16 - __main__ - INFO - 162 - trainer - [0/190] Loss: 1.0611
2026/08/31 03:07:22 - __main__ - INFO - 162 - trainer - [39/190] Loss: 1.0752
2026/08/31 03:07:27 - __main__ - INFO - 162 - trainer - [78/190] Loss: 1.0603
2026/08/31 03:07:33 - __main__ - INFO - 162 - trainer - [117/190] Loss: 1.0762
2026/08/31 03:07:38 - __main__ - INFO - 162 - trainer - [156/190] Loss: 1.0645
2026/08/31 03:07:43 - __main__ - INFO - 167 - trainer - Average loss in epoch 275: 1.0559
2026/08/31 03:07:43 - __main__ - INFO - 117 - trainer - Epoch: 276
2026/08/31 03:07:43 - __main__ - INFO - 162 - trainer - [0/190] Loss: 1.0541
2026/08/31 03:07:48 - __main__ - INFO - 162 - trainer - [39/190] Loss: 1.0612
2026/08/31 03:07:54 - __main__ - INFO - 162 - trainer - [78/190] Loss: 1.0520
2026/08/31 03:07:59 - __main__ - INFO - 162 - trainer - [117/190] Loss: 1.0584
2026/08/31 03:08:05 - __main__ - INFO - 162 - trainer - [156/190] Loss: 1.0465
2026/08/31 03:08:10 - __main__ - INFO - 167 - trainer - Average loss in epoch 276: 1.0554
2026/08/31 03:08:10 - __main__ - INFO - 117 - trainer - Epoch: 277
2026/08/31 03:08:10 - __main__ - INFO - 162 - trainer - [0/190] Loss: 1.0588
2026/08/31 03:08:15 - __main__ - INFO - 162 - trainer - [39/190] Loss: 1.0598
2026/08/31 03:08:21 - __main__ - INFO - 162 - trainer - [78/190] Loss: 1.0674
2026/08/31 03:08:26 - __main__ - INFO - 162 - trainer - [117/190] Loss: 1.0594
2026/08/31 03:08:32 - __main__ - INFO - 162 - trainer - [156/190] Loss: 1.0459
2026/08/31 03:08:37 - __main__ - INFO - 167 - trainer - Average loss in epoch 277: 1.0558
2026/08/31 03:08:37 - __main__ - INFO - 117 - trainer - Epoch: 278
2026/08/31 03:08:37 - __main__ - INFO - 162 - trainer - [0/190] Loss: 1.0584
2026/08/31 03:08:42 - __main__ - INFO - 162 - trainer - [39/190] Loss: 1.0701
2026/08/31 03:08:48 - __main__ - INFO - 162 - trainer - [78/190] Loss: 1.0550
2026/08/31 03:08:53 - __main__ - INFO - 162 - trainer - [117/190] Loss: 1.0457
2026/08/31 03:08:59 - __main__ - INFO - 162 - trainer - [156/190] Loss: 1.0533
2026/08/31 03:09:03 - __main__ - INFO - 167 - trainer - Average loss in epoch 278: 1.0555
2026/08/31 03:09:03 - __main__ - INFO - 117 - trainer - Epoch: 279
2026/08/31 03:09:04 - __main__ - INFO - 162 - trainer - [0/190] Loss: 1.0642
2026/08/31 03:09:09 - __main__ - INFO - 162 - trainer - [39/190] Loss: 1.0626
2026/08/31 03:09:15 - __main__ - INFO - 162 - trainer - [78/190] Loss: 1.0561
2026/08/31 03:09:20 - __main__ - INFO - 162 - trainer - [117/190] Loss: 1.0591
2026/08/31 03:09:26 - __main__ - INFO - 162 - trainer - [156/190] Loss: 1.0683
2026/08/31 03:09:31 - __main__ - INFO - 167 - trainer - Average loss in epoch 279: 1.0557
2026/08/31 03:09:31 - __main__ - INFO - 117 - trainer - Epoch: 280
2026/08/31 03:09:31 - __main__ - INFO - 162 - trainer - [0/190] Loss: 1.0275
2026/08/31 03:09:36 - __main__ - INFO - 162 - trainer - [39/190] Loss: 1.0317
2026/08/31 03:09:42 - __main__ - INFO - 162 - trainer - [78/190] Loss: 1.0465
2026/08/31 03:09:47 - __main__ - INFO - 162 - trainer - [117/190] Loss: 1.0665
2026/08/31 03:09:53 - __main__ - INFO - 162 - trainer - [156/190] Loss: 1.0668
2026/08/31 03:09:58 - __main__ - INFO - 167 - trainer - Average loss in epoch 280: 1.0555
2026/08/31 03:09:58 - __main__ - INFO - 173 - trainer - start predicting: 2026-08-31 03:09:58.219610
2026/08/31 03:10:00 - __main__ - INFO - 203 - trainer - {'Best_HR@5': np.float64(10.0482), 'Best_HR@10': np.float64(17.2577), 'Best_HR@20': np.float64(28.1914), 'Best_NDCG@5': np.float64(5.6613), 'Best_NDCG@10': np.float64(7.9913), 'Best_NDCG@20': np.float64(10.7518)}
2026/08/31 03:10:00 - __main__ - INFO - 204 - trainer - {'Best_epoch_HR@5': 280, 'Best_epoch_HR@10': 100, 'Best_epoch_HR@20': 220, 'Best_epoch_NDCG@5': 280, 'Best_epoch_NDCG@10': 180, 'Best_epoch_NDCG@20': 180}
2026/08/31 03:10:00 - __main__ - INFO - 117 - trainer - Epoch: 281
2026/08/31 03:10:00 - __main__ - INFO - 162 - trainer - [0/190] Loss: 1.0852
2026/08/31 03:10:06 - __main__ - INFO - 162 - trainer - [39/190] Loss: 1.0530
2026/08/31 03:10:12 - __main__ - INFO - 162 - trainer - [78/190] Loss: 1.0676
2026/08/31 03:10:17 - __main__ - INFO - 162 - trainer - [117/190] Loss: 1.0554
2026/08/31 03:10:23 - __main__ - INFO - 162 - trainer - [156/190] Loss: 1.0595
2026/08/31 03:10:27 - __main__ - INFO - 167 - trainer - Average loss in epoch 281: 1.0546
2026/08/31 03:10:27 - __main__ - INFO - 117 - trainer - Epoch: 282
2026/08/31 03:10:28 - __main__ - INFO - 162 - trainer - [0/190] Loss: 1.0631
2026/08/31 03:10:33 - __main__ - INFO - 162 - trainer - [39/190] Loss: 1.0540
2026/08/31 03:10:39 - __main__ - INFO - 162 - trainer - [78/190] Loss: 1.0448
2026/08/31 03:10:44 - __main__ - INFO - 162 - trainer - [117/190] Loss: 1.0496
2026/08/31 03:10:50 - __main__ - INFO - 162 - trainer - [156/190] Loss: 1.0647
2026/08/31 03:10:54 - __main__ - INFO - 167 - trainer - Average loss in epoch 282: 1.0554
2026/08/31 03:10:54 - __main__ - INFO - 117 - trainer - Epoch: 283
2026/08/31 03:10:54 - __main__ - INFO - 162 - trainer - [0/190] Loss: 1.0752
2026/08/31 03:11:00 - __main__ - INFO - 162 - trainer - [39/190] Loss: 1.0561
2026/08/31 03:11:05 - __main__ - INFO - 162 - trainer - [78/190] Loss: 1.0615
2026/08/31 03:11:11 - __main__ - INFO - 162 - trainer - [117/190] Loss: 1.0563
2026/08/31 03:11:17 - __main__ - INFO - 162 - trainer - [156/190] Loss: 1.0548
2026/08/31 03:11:21 - __main__ - INFO - 167 - trainer - Average loss in epoch 283: 1.0553
2026/08/31 03:11:21 - __main__ - INFO - 117 - trainer - Epoch: 284
2026/08/31 03:11:21 - __main__ - INFO - 162 - trainer - [0/190] Loss: 1.0539
2026/08/31 03:11:27 - __main__ - INFO - 162 - trainer - [39/190] Loss: 1.0665
2026/08/31 03:11:32 - __main__ - INFO - 162 - trainer - [78/190] Loss: 1.0440
2026/08/31 03:11:38 - __main__ - INFO - 162 - trainer - [117/190] Loss: 1.0523
2026/08/31 03:11:44 - __main__ - INFO - 162 - trainer - [156/190] Loss: 1.0520
2026/08/31 03:11:48 - __main__ - INFO - 167 - trainer - Average loss in epoch 284: 1.0550
2026/08/31 03:11:48 - __main__ - INFO - 117 - trainer - Epoch: 285
2026/08/31 03:11:48 - __main__ - INFO - 162 - trainer - [0/190] Loss: 1.0450
2026/08/31 03:11:54 - __main__ - INFO - 162 - trainer - [39/190] Loss: 1.0439
2026/08/31 03:11:59 - __main__ - INFO - 162 - trainer - [78/190] Loss: 1.0487
2026/08/31 03:12:05 - __main__ - INFO - 162 - trainer - [117/190] Loss: 1.0486
2026/08/31 03:12:10 - __main__ - INFO - 162 - trainer - [156/190] Loss: 1.0593
2026/08/31 03:12:15 - __main__ - INFO - 167 - trainer - Average loss in epoch 285: 1.0556
2026/08/31 03:12:15 - __main__ - INFO - 117 - trainer - Epoch: 286
2026/08/31 03:12:15 - __main__ - INFO - 162 - trainer - [0/190] Loss: 1.0576
2026/08/31 03:12:21 - __main__ - INFO - 162 - trainer - [39/190] Loss: 1.0556
2026/08/31 03:12:26 - __main__ - INFO - 162 - trainer - [78/190] Loss: 1.0557
2026/08/31 03:12:31 - __main__ - INFO - 162 - trainer - [117/190] Loss: 1.0612
2026/08/31 03:12:37 - __main__ - INFO - 162 - trainer - [156/190] Loss: 1.0252
2026/08/31 03:12:41 - __main__ - INFO - 167 - trainer - Average loss in epoch 286: 1.0551
2026/08/31 03:12:41 - __main__ - INFO - 117 - trainer - Epoch: 287
2026/08/31 03:12:42 - __main__ - INFO - 162 - trainer - [0/190] Loss: 1.0598
2026/08/31 03:12:47 - __main__ - INFO - 162 - trainer - [39/190] Loss: 1.0485
2026/08/31 03:12:53 - __main__ - INFO - 162 - trainer - [78/190] Loss: 1.0520
2026/08/31 03:12:58 - __main__ - INFO - 162 - trainer - [117/190] Loss: 1.0685
2026/08/31 03:13:03 - __main__ - INFO - 162 - trainer - [156/190] Loss: 1.0714
2026/08/31 03:13:08 - __main__ - INFO - 167 - trainer - Average loss in epoch 287: 1.0549
2026/08/31 03:13:08 - __main__ - INFO - 117 - trainer - Epoch: 288
2026/08/31 03:13:08 - __main__ - INFO - 162 - trainer - [0/190] Loss: 1.0569
2026/08/31 03:13:14 - __main__ - INFO - 162 - trainer - [39/190] Loss: 1.0433
2026/08/31 03:13:20 - __main__ - INFO - 162 - trainer - [78/190] Loss: 1.0640
2026/08/31 03:13:25 - __main__ - INFO - 162 - trainer - [117/190] Loss: 1.0448
2026/08/31 03:13:31 - __main__ - INFO - 162 - trainer - [156/190] Loss: 1.0616
2026/08/31 03:13:35 - __main__ - INFO - 167 - trainer - Average loss in epoch 288: 1.0553
2026/08/31 03:13:35 - __main__ - INFO - 117 - trainer - Epoch: 289
2026/08/31 03:13:35 - __main__ - INFO - 162 - trainer - [0/190] Loss: 1.0683
2026/08/31 03:13:41 - __main__ - INFO - 162 - trainer - [39/190] Loss: 1.0363
2026/08/31 03:13:46 - __main__ - INFO - 162 - trainer - [78/190] Loss: 1.0595
2026/08/31 03:13:52 - __main__ - INFO - 162 - trainer - [117/190] Loss: 1.0493
2026/08/31 03:13:57 - __main__ - INFO - 162 - trainer - [156/190] Loss: 1.0390
2026/08/31 03:14:02 - __main__ - INFO - 167 - trainer - Average loss in epoch 289: 1.0549
2026/08/31 03:14:02 - __main__ - INFO - 117 - trainer - Epoch: 290
2026/08/31 03:14:02 - __main__ - INFO - 162 - trainer - [0/190] Loss: 1.0505
2026/08/31 03:14:08 - __main__ - INFO - 162 - trainer - [39/190] Loss: 1.0646
2026/08/31 03:14:13 - __main__ - INFO - 162 - trainer - [78/190] Loss: 1.0335
2026/08/31 03:14:19 - __main__ - INFO - 162 - trainer - [117/190] Loss: 1.0614
2026/08/31 03:14:24 - __main__ - INFO - 162 - trainer - [156/190] Loss: 1.0476
2026/08/31 03:14:29 - __main__ - INFO - 167 - trainer - Average loss in epoch 290: 1.0550
2026/08/31 03:14:29 - __main__ - INFO - 117 - trainer - Epoch: 291
2026/08/31 03:14:29 - __main__ - INFO - 162 - trainer - [0/190] Loss: 1.0406
2026/08/31 03:14:35 - __main__ - INFO - 162 - trainer - [39/190] Loss: 1.0539
2026/08/31 03:14:40 - __main__ - INFO - 162 - trainer - [78/190] Loss: 1.0673
2026/08/31 03:14:46 - __main__ - INFO - 162 - trainer - [117/190] Loss: 1.0781
2026/08/31 03:14:51 - __main__ - INFO - 162 - trainer - [156/190] Loss: 1.0732
2026/08/31 03:14:56 - __main__ - INFO - 167 - trainer - Average loss in epoch 291: 1.0552
2026/08/31 03:14:56 - __main__ - INFO - 117 - trainer - Epoch: 292
2026/08/31 03:14:56 - __main__ - INFO - 162 - trainer - [0/190] Loss: 1.0558
2026/08/31 03:15:02 - __main__ - INFO - 162 - trainer - [39/190] Loss: 1.0687
2026/08/31 03:15:07 - __main__ - INFO - 162 - trainer - [78/190] Loss: 1.0634
2026/08/31 03:15:13 - __main__ - INFO - 162 - trainer - [117/190] Loss: 1.0791
2026/08/31 03:15:19 - __main__ - INFO - 162 - trainer - [156/190] Loss: 1.0543
2026/08/31 03:15:23 - __main__ - INFO - 167 - trainer - Average loss in epoch 292: 1.0554
2026/08/31 03:15:23 - __main__ - INFO - 117 - trainer - Epoch: 293
2026/08/31 03:15:23 - __main__ - INFO - 162 - trainer - [0/190] Loss: 1.0548
2026/08/31 03:15:29 - __main__ - INFO - 162 - trainer - [39/190] Loss: 1.0723
2026/08/31 03:15:35 - __main__ - INFO - 162 - trainer - [78/190] Loss: 1.0421
2026/08/31 03:15:40 - __main__ - INFO - 162 - trainer - [117/190] Loss: 1.0857
2026/08/31 03:15:46 - __main__ - INFO - 162 - trainer - [156/190] Loss: 1.0860
2026/08/31 03:15:50 - __main__ - INFO - 167 - trainer - Average loss in epoch 293: 1.0548
2026/08/31 03:15:50 - __main__ - INFO - 117 - trainer - Epoch: 294
2026/08/31 03:15:50 - __main__ - INFO - 162 - trainer - [0/190] Loss: 1.0544
2026/08/31 03:15:56 - __main__ - INFO - 162 - trainer - [39/190] Loss: 1.0549
2026/08/31 03:16:01 - __main__ - INFO - 162 - trainer - [78/190] Loss: 1.0281
2026/08/31 03:16:07 - __main__ - INFO - 162 - trainer - [117/190] Loss: 1.0436
2026/08/31 03:16:13 - __main__ - INFO - 162 - trainer - [156/190] Loss: 1.0468
2026/08/31 03:16:17 - __main__ - INFO - 167 - trainer - Average loss in epoch 294: 1.0554
2026/08/31 03:16:17 - __main__ - INFO - 117 - trainer - Epoch: 295
2026/08/31 03:16:18 - __main__ - INFO - 162 - trainer - [0/190] Loss: 1.0667
2026/08/31 03:16:23 - __main__ - INFO - 162 - trainer - [39/190] Loss: 1.0708
2026/08/31 03:16:29 - __main__ - INFO - 162 - trainer - [78/190] Loss: 1.0908
2026/08/31 03:16:34 - __main__ - INFO - 162 - trainer - [117/190] Loss: 1.0624
2026/08/31 03:16:40 - __main__ - INFO - 162 - trainer - [156/190] Loss: 1.0716
2026/08/31 03:16:44 - __main__ - INFO - 167 - trainer - Average loss in epoch 295: 1.0551
2026/08/31 03:16:44 - __main__ - INFO - 117 - trainer - Epoch: 296
2026/08/31 03:16:44 - __main__ - INFO - 162 - trainer - [0/190] Loss: 1.0542
2026/08/31 03:16:50 - __main__ - INFO - 162 - trainer - [39/190] Loss: 1.0623
2026/08/31 03:16:56 - __main__ - INFO - 162 - trainer - [78/190] Loss: 1.0767
2026/08/31 03:17:01 - __main__ - INFO - 162 - trainer - [117/190] Loss: 1.0536
2026/08/31 03:17:07 - __main__ - INFO - 162 - trainer - [156/190] Loss: 1.0383
2026/08/31 03:17:11 - __main__ - INFO - 167 - trainer - Average loss in epoch 296: 1.0552
2026/08/31 03:17:11 - __main__ - INFO - 117 - trainer - Epoch: 297
2026/08/31 03:17:12 - __main__ - INFO - 162 - trainer - [0/190] Loss: 1.0488
2026/08/31 03:17:17 - __main__ - INFO - 162 - trainer - [39/190] Loss: 1.0427
2026/08/31 03:17:23 - __main__ - INFO - 162 - trainer - [78/190] Loss: 1.0595
2026/08/31 03:17:28 - __main__ - INFO - 162 - trainer - [117/190] Loss: 1.0522
2026/08/31 03:17:34 - __main__ - INFO - 162 - trainer - [156/190] Loss: 1.0660
2026/08/31 03:17:38 - __main__ - INFO - 167 - trainer - Average loss in epoch 297: 1.0547
2026/08/31 03:17:38 - __main__ - INFO - 117 - trainer - Epoch: 298
2026/08/31 03:17:39 - __main__ - INFO - 162 - trainer - [0/190] Loss: 1.0588
2026/08/31 03:17:44 - __main__ - INFO - 162 - trainer - [39/190] Loss: 1.0445
2026/08/31 03:17:50 - __main__ - INFO - 162 - trainer - [78/190] Loss: 1.0795
2026/08/31 03:17:55 - __main__ - INFO - 162 - trainer - [117/190] Loss: 1.0461
2026/08/31 03:18:01 - __main__ - INFO - 162 - trainer - [156/190] Loss: 1.0792
2026/08/31 03:18:05 - __main__ - INFO - 167 - trainer - Average loss in epoch 298: 1.0556
2026/08/31 03:18:05 - __main__ - INFO - 117 - trainer - Epoch: 299
2026/08/31 03:18:05 - __main__ - INFO - 162 - trainer - [0/190] Loss: 1.0525
2026/08/31 03:18:11 - __main__ - INFO - 162 - trainer - [39/190] Loss: 1.0436
2026/08/31 03:18:16 - __main__ - INFO - 162 - trainer - [78/190] Loss: 1.0544
2026/08/31 03:18:22 - __main__ - INFO - 162 - trainer - [117/190] Loss: 1.0368
2026/08/31 03:18:27 - __main__ - INFO - 162 - trainer - [156/190] Loss: 1.0430
2026/08/31 03:18:32 - __main__ - INFO - 167 - trainer - Average loss in epoch 299: 1.0546
2026/08/31 03:18:32 - __main__ - INFO - 117 - trainer - Epoch: 300
2026/08/31 03:18:32 - __main__ - INFO - 162 - trainer - [0/190] Loss: 1.0538
2026/08/31 03:18:38 - __main__ - INFO - 162 - trainer - [39/190] Loss: 1.0784
2026/08/31 03:18:43 - __main__ - INFO - 162 - trainer - [78/190] Loss: 1.0529
2026/08/31 03:18:49 - __main__ - INFO - 162 - trainer - [117/190] Loss: 1.0437
2026/08/31 03:18:54 - __main__ - INFO - 162 - trainer - [156/190] Loss: 1.0602
2026/08/31 03:18:59 - __main__ - INFO - 167 - trainer - Average loss in epoch 300: 1.0544
2026/08/31 03:18:59 - __main__ - INFO - 173 - trainer - start predicting: 2026-08-31 03:18:59.126102
2026/08/31 03:19:01 - __main__ - INFO - 117 - trainer - Epoch: 301
2026/08/31 03:19:01 - __main__ - INFO - 162 - trainer - [0/190] Loss: 1.0603
2026/08/31 03:19:07 - __main__ - INFO - 162 - trainer - [39/190] Loss: 1.0654
2026/08/31 03:19:12 - __main__ - INFO - 162 - trainer - [78/190] Loss: 1.0554
2026/08/31 03:19:18 - __main__ - INFO - 162 - trainer - [117/190] Loss: 1.0696
2026/08/31 03:19:24 - __main__ - INFO - 162 - trainer - [156/190] Loss: 1.0560
2026/08/31 03:19:28 - __main__ - INFO - 167 - trainer - Average loss in epoch 301: 1.0548
2026/08/31 03:19:28 - __main__ - INFO - 117 - trainer - Epoch: 302
2026/08/31 03:19:28 - __main__ - INFO - 162 - trainer - [0/190] Loss: 1.0372
2026/08/31 03:19:34 - __main__ - INFO - 162 - trainer - [39/190] Loss: 1.0584
2026/08/31 03:19:39 - __main__ - INFO - 162 - trainer - [78/190] Loss: 1.0347
2026/08/31 03:19:45 - __main__ - INFO - 162 - trainer - [117/190] Loss: 1.0703
2026/08/31 03:19:50 - __main__ - INFO - 162 - trainer - [156/190] Loss: 1.0503
2026/08/31 03:19:55 - __main__ - INFO - 167 - trainer - Average loss in epoch 302: 1.0550
2026/08/31 03:19:55 - __main__ - INFO - 117 - trainer - Epoch: 303
2026/08/31 03:19:55 - __main__ - INFO - 162 - trainer - [0/190] Loss: 1.0462
2026/08/31 03:20:01 - __main__ - INFO - 162 - trainer - [39/190] Loss: 1.0463
2026/08/31 03:20:06 - __main__ - INFO - 162 - trainer - [78/190] Loss: 1.0403
2026/08/31 03:20:12 - __main__ - INFO - 162 - trainer - [117/190] Loss: 1.0575
2026/08/31 03:20:17 - __main__ - INFO - 162 - trainer - [156/190] Loss: 1.0814
2026/08/31 03:20:22 - __main__ - INFO - 167 - trainer - Average loss in epoch 303: 1.0547
2026/08/31 03:20:22 - __main__ - INFO - 117 - trainer - Epoch: 304
2026/08/31 03:20:22 - __main__ - INFO - 162 - trainer - [0/190] Loss: 1.0787
2026/08/31 03:20:28 - __main__ - INFO - 162 - trainer - [39/190] Loss: 1.0333
2026/08/31 03:20:33 - __main__ - INFO - 162 - trainer - [78/190] Loss: 1.0639
2026/08/31 03:20:39 - __main__ - INFO - 162 - trainer - [117/190] Loss: 1.0557
2026/08/31 03:20:44 - __main__ - INFO - 162 - trainer - [156/190] Loss: 1.0598
2026/08/31 03:20:49 - __main__ - INFO - 167 - trainer - Average loss in epoch 304: 1.0551
2026/08/31 03:20:49 - __main__ - INFO - 117 - trainer - Epoch: 305
2026/08/31 03:20:49 - __main__ - INFO - 162 - trainer - [0/190] Loss: 1.0519
2026/08/31 03:20:54 - __main__ - INFO - 162 - trainer - [39/190] Loss: 1.0547
2026/08/31 03:21:00 - __main__ - INFO - 162 - trainer - [78/190] Loss: 1.0440
2026/08/31 03:21:06 - __main__ - INFO - 162 - trainer - [117/190] Loss: 1.0515
2026/08/31 03:21:11 - __main__ - INFO - 162 - trainer - [156/190] Loss: 1.0651
2026/08/31 03:21:16 - __main__ - INFO - 167 - trainer - Average loss in epoch 305: 1.0550
2026/08/31 03:21:16 - __main__ - INFO - 117 - trainer - Epoch: 306
2026/08/31 03:21:16 - __main__ - INFO - 162 - trainer - [0/190] Loss: 1.0364
2026/08/31 03:21:22 - __main__ - INFO - 162 - trainer - [39/190] Loss: 1.0489
2026/08/31 03:21:27 - __main__ - INFO - 162 - trainer - [78/190] Loss: 1.0483
2026/08/31 03:21:33 - __main__ - INFO - 162 - trainer - [117/190] Loss: 1.0540
2026/08/31 03:21:38 - __main__ - INFO - 162 - trainer - [156/190] Loss: 1.0767
2026/08/31 03:21:43 - __main__ - INFO - 167 - trainer - Average loss in epoch 306: 1.0544
2026/08/31 03:21:43 - __main__ - INFO - 117 - trainer - Epoch: 307
2026/08/31 03:21:43 - __main__ - INFO - 162 - trainer - [0/190] Loss: 1.0397
2026/08/31 03:21:49 - __main__ - INFO - 162 - trainer - [39/190] Loss: 1.0582
2026/08/31 03:21:54 - __main__ - INFO - 162 - trainer - [78/190] Loss: 1.0359
2026/08/31 03:22:00 - __main__ - INFO - 162 - trainer - [117/190] Loss: 1.0544
2026/08/31 03:22:05 - __main__ - INFO - 162 - trainer - [156/190] Loss: 1.0482
2026/08/31 03:22:10 - __main__ - INFO - 167 - trainer - Average loss in epoch 307: 1.0548
2026/08/31 03:22:10 - __main__ - INFO - 117 - trainer - Epoch: 308
2026/08/31 03:22:10 - __main__ - INFO - 162 - trainer - [0/190] Loss: 1.0837
2026/08/31 03:22:15 - __main__ - INFO - 162 - trainer - [39/190] Loss: 1.0495
2026/08/31 03:22:21 - __main__ - INFO - 162 - trainer - [78/190] Loss: 1.0796
2026/08/31 03:22:27 - __main__ - INFO - 162 - trainer - [117/190] Loss: 1.0596
2026/08/31 03:22:32 - __main__ - INFO - 162 - trainer - [156/190] Loss: 1.0527
2026/08/31 03:22:37 - __main__ - INFO - 167 - trainer - Average loss in epoch 308: 1.0550
2026/08/31 03:22:37 - __main__ - INFO - 117 - trainer - Epoch: 309
2026/08/31 03:22:37 - __main__ - INFO - 162 - trainer - [0/190] Loss: 1.0538
2026/08/31 03:22:43 - __main__ - INFO - 162 - trainer - [39/190] Loss: 1.0354
2026/08/31 03:22:48 - __main__ - INFO - 162 - trainer - [78/190] Loss: 1.0748
2026/08/31 03:22:54 - __main__ - INFO - 162 - trainer - [117/190] Loss: 1.0739
2026/08/31 03:22:59 - __main__ - INFO - 162 - trainer - [156/190] Loss: 1.0504
2026/08/31 03:23:04 - __main__ - INFO - 167 - trainer - Average loss in epoch 309: 1.0545
2026/08/31 03:23:04 - __main__ - INFO - 117 - trainer - Epoch: 310
2026/08/31 03:23:04 - __main__ - INFO - 162 - trainer - [0/190] Loss: 1.0558
2026/08/31 03:23:09 - __main__ - INFO - 162 - trainer - [39/190] Loss: 1.0595
2026/08/31 03:23:15 - __main__ - INFO - 162 - trainer - [78/190] Loss: 1.0516
2026/08/31 03:23:21 - __main__ - INFO - 162 - trainer - [117/190] Loss: 1.0852
2026/08/31 03:23:26 - __main__ - INFO - 162 - trainer - [156/190] Loss: 1.0637
2026/08/31 03:23:31 - __main__ - INFO - 167 - trainer - Average loss in epoch 310: 1.0551
2026/08/31 03:23:31 - __main__ - INFO - 117 - trainer - Epoch: 311
2026/08/31 03:23:31 - __main__ - INFO - 162 - trainer - [0/190] Loss: 1.0550
2026/08/31 03:23:37 - __main__ - INFO - 162 - trainer - [39/190] Loss: 1.0521
2026/08/31 03:23:42 - __main__ - INFO - 162 - trainer - [78/190] Loss: 1.0387
2026/08/31 03:23:48 - __main__ - INFO - 162 - trainer - [117/190] Loss: 1.0603
2026/08/31 03:23:53 - __main__ - INFO - 162 - trainer - [156/190] Loss: 1.0486
2026/08/31 03:23:58 - __main__ - INFO - 167 - trainer - Average loss in epoch 311: 1.0546
2026/08/31 03:23:58 - __main__ - INFO - 117 - trainer - Epoch: 312
2026/08/31 03:23:58 - __main__ - INFO - 162 - trainer - [0/190] Loss: 1.0702
2026/08/31 03:24:04 - __main__ - INFO - 162 - trainer - [39/190] Loss: 1.0632
2026/08/31 03:24:09 - __main__ - INFO - 162 - trainer - [78/190] Loss: 1.0492
2026/08/31 03:24:15 - __main__ - INFO - 162 - trainer - [117/190] Loss: 1.0937
2026/08/31 03:24:20 - __main__ - INFO - 162 - trainer - [156/190] Loss: 1.0623
2026/08/31 03:24:25 - __main__ - INFO - 167 - trainer - Average loss in epoch 312: 1.0543
2026/08/31 03:24:25 - __main__ - INFO - 117 - trainer - Epoch: 313
2026/08/31 03:24:25 - __main__ - INFO - 162 - trainer - [0/190] Loss: 1.0371
2026/08/31 03:24:31 - __main__ - INFO - 162 - trainer - [39/190] Loss: 1.0504
2026/08/31 03:24:36 - __main__ - INFO - 162 - trainer - [78/190] Loss: 1.0569
2026/08/31 03:24:42 - __main__ - INFO - 162 - trainer - [117/190] Loss: 1.0502
2026/08/31 03:24:47 - __main__ - INFO - 162 - trainer - [156/190] Loss: 1.0506
2026/08/31 03:24:52 - __main__ - INFO - 167 - trainer - Average loss in epoch 313: 1.0548
2026/08/31 03:24:52 - __main__ - INFO - 117 - trainer - Epoch: 314
2026/08/31 03:24:52 - __main__ - INFO - 162 - trainer - [0/190] Loss: 1.0584
2026/08/31 03:24:58 - __main__ - INFO - 162 - trainer - [39/190] Loss: 1.0501
2026/08/31 03:25:03 - __main__ - INFO - 162 - trainer - [78/190] Loss: 1.0610
2026/08/31 03:25:09 - __main__ - INFO - 162 - trainer - [117/190] Loss: 1.0334
2026/08/31 03:25:14 - __main__ - INFO - 162 - trainer - [156/190] Loss: 1.0666
2026/08/31 03:25:19 - __main__ - INFO - 167 - trainer - Average loss in epoch 314: 1.0549
2026/08/31 03:25:19 - __main__ - INFO - 117 - trainer - Epoch: 315
2026/08/31 03:25:19 - __main__ - INFO - 162 - trainer - [0/190] Loss: 1.0675
2026/08/31 03:25:25 - __main__ - INFO - 162 - trainer - [39/190] Loss: 1.0325
2026/08/31 03:25:30 - __main__ - INFO - 162 - trainer - [78/190] Loss: 1.0325
2026/08/31 03:25:36 - __main__ - INFO - 162 - trainer - [117/190] Loss: 1.0757
2026/08/31 03:25:41 - __main__ - INFO - 162 - trainer - [156/190] Loss: 1.0615
2026/08/31 03:25:46 - __main__ - INFO - 167 - trainer - Average loss in epoch 315: 1.0554
2026/08/31 03:25:46 - __main__ - INFO - 117 - trainer - Epoch: 316
2026/08/31 03:25:46 - __main__ - INFO - 162 - trainer - [0/190] Loss: 1.0547
2026/08/31 03:25:52 - __main__ - INFO - 162 - trainer - [39/190] Loss: 1.0444
2026/08/31 03:25:57 - __main__ - INFO - 162 - trainer - [78/190] Loss: 1.0593
2026/08/31 03:26:03 - __main__ - INFO - 162 - trainer - [117/190] Loss: 1.0476
2026/08/31 03:26:08 - __main__ - INFO - 162 - trainer - [156/190] Loss: 1.0268
2026/08/31 03:26:13 - __main__ - INFO - 167 - trainer - Average loss in epoch 316: 1.0549
2026/08/31 03:26:13 - __main__ - INFO - 117 - trainer - Epoch: 317
2026/08/31 03:26:13 - __main__ - INFO - 162 - trainer - [0/190] Loss: 1.0671
2026/08/31 03:26:18 - __main__ - INFO - 162 - trainer - [39/190] Loss: 1.0258
2026/08/31 03:26:24 - __main__ - INFO - 162 - trainer - [78/190] Loss: 1.0561
2026/08/31 03:26:30 - __main__ - INFO - 162 - trainer - [117/190] Loss: 1.0555
2026/08/31 03:26:35 - __main__ - INFO - 162 - trainer - [156/190] Loss: 1.0515
2026/08/31 03:26:40 - __main__ - INFO - 167 - trainer - Average loss in epoch 317: 1.0550
2026/08/31 03:26:40 - __main__ - INFO - 117 - trainer - Epoch: 318
2026/08/31 03:26:40 - __main__ - INFO - 162 - trainer - [0/190] Loss: 1.0632
2026/08/31 03:26:46 - __main__ - INFO - 162 - trainer - [39/190] Loss: 1.0466
2026/08/31 03:26:51 - __main__ - INFO - 162 - trainer - [78/190] Loss: 1.0430
2026/08/31 03:26:57 - __main__ - INFO - 162 - trainer - [117/190] Loss: 1.0620
2026/08/31 03:27:02 - __main__ - INFO - 162 - trainer - [156/190] Loss: 1.0395
2026/08/31 03:27:07 - __main__ - INFO - 167 - trainer - Average loss in epoch 318: 1.0546
2026/08/31 03:27:07 - __main__ - INFO - 117 - trainer - Epoch: 319
2026/08/31 03:27:07 - __main__ - INFO - 162 - trainer - [0/190] Loss: 1.0536
2026/08/31 03:27:12 - __main__ - INFO - 162 - trainer - [39/190] Loss: 1.0666
2026/08/31 03:27:18 - __main__ - INFO - 162 - trainer - [78/190] Loss: 1.0776
2026/08/31 03:27:23 - __main__ - INFO - 162 - trainer - [117/190] Loss: 1.0527
2026/08/31 03:27:29 - __main__ - INFO - 162 - trainer - [156/190] Loss: 1.0893
2026/08/31 03:27:34 - __main__ - INFO - 167 - trainer - Average loss in epoch 319: 1.0555
2026/08/31 03:27:34 - __main__ - INFO - 117 - trainer - Epoch: 320
2026/08/31 03:27:34 - __main__ - INFO - 162 - trainer - [0/190] Loss: 1.0298
2026/08/31 03:27:40 - __main__ - INFO - 162 - trainer - [39/190] Loss: 1.0272
2026/08/31 03:27:45 - __main__ - INFO - 162 - trainer - [78/190] Loss: 1.0591
2026/08/31 03:27:51 - __main__ - INFO - 162 - trainer - [117/190] Loss: 1.0716
2026/08/31 03:27:56 - __main__ - INFO - 162 - trainer - [156/190] Loss: 1.0505
2026/08/31 03:28:01 - __main__ - INFO - 167 - trainer - Average loss in epoch 320: 1.0546
2026/08/31 03:28:01 - __main__ - INFO - 173 - trainer - start predicting: 2026-08-31 03:28:01.323272
2026/08/31 03:28:03 - __main__ - INFO - 117 - trainer - Epoch: 321
2026/08/31 03:28:03 - __main__ - INFO - 162 - trainer - [0/190] Loss: 1.0719
2026/08/31 03:28:09 - __main__ - INFO - 162 - trainer - [39/190] Loss: 1.0464
2026/08/31 03:28:14 - __main__ - INFO - 162 - trainer - [78/190] Loss: 1.0487
2026/08/31 03:28:20 - __main__ - INFO - 162 - trainer - [117/190] Loss: 1.0380
2026/08/31 03:28:25 - __main__ - INFO - 162 - trainer - [156/190] Loss: 1.0506
2026/08/31 03:28:30 - __main__ - INFO - 167 - trainer - Average loss in epoch 321: 1.0547
2026/08/31 03:28:30 - __main__ - INFO - 117 - trainer - Epoch: 322
2026/08/31 03:28:30 - __main__ - INFO - 162 - trainer - [0/190] Loss: 1.0703
2026/08/31 03:28:36 - __main__ - INFO - 162 - trainer - [39/190] Loss: 1.0642
2026/08/31 03:28:42 - __main__ - INFO - 162 - trainer - [78/190] Loss: 1.0332
2026/08/31 03:28:47 - __main__ - INFO - 162 - trainer - [117/190] Loss: 1.0583
2026/08/31 03:28:53 - __main__ - INFO - 162 - trainer - [156/190] Loss: 1.0543
2026/08/31 03:28:57 - __main__ - INFO - 167 - trainer - Average loss in epoch 322: 1.0547
2026/08/31 03:28:57 - __main__ - INFO - 117 - trainer - Epoch: 323
2026/08/31 03:28:57 - __main__ - INFO - 162 - trainer - [0/190] Loss: 1.0720
2026/08/31 03:29:03 - __main__ - INFO - 162 - trainer - [39/190] Loss: 1.0537
2026/08/31 03:29:08 - __main__ - INFO - 162 - trainer - [78/190] Loss: 1.0781
2026/08/31 03:29:14 - __main__ - INFO - 162 - trainer - [117/190] Loss: 1.0599
2026/08/31 03:29:19 - __main__ - INFO - 162 - trainer - [156/190] Loss: 1.0658
2026/08/31 03:29:24 - __main__ - INFO - 167 - trainer - Average loss in epoch 323: 1.0559
2026/08/31 03:29:24 - __main__ - INFO - 117 - trainer - Epoch: 324
2026/08/31 03:29:24 - __main__ - INFO - 162 - trainer - [0/190] Loss: 1.0554
2026/08/31 03:29:30 - __main__ - INFO - 162 - trainer - [39/190] Loss: 1.0338
2026/08/31 03:29:35 - __main__ - INFO - 162 - trainer - [78/190] Loss: 1.0759
2026/08/31 03:29:41 - __main__ - INFO - 162 - trainer - [117/190] Loss: 1.0279
2026/08/31 03:29:46 - __main__ - INFO - 162 - trainer - [156/190] Loss: 1.0638
2026/08/31 03:29:51 - __main__ - INFO - 167 - trainer - Average loss in epoch 324: 1.0550
2026/08/31 03:29:51 - __main__ - INFO - 117 - trainer - Epoch: 325
2026/08/31 03:29:51 - __main__ - INFO - 162 - trainer - [0/190] Loss: 1.0418
2026/08/31 03:29:57 - __main__ - INFO - 162 - trainer - [39/190] Loss: 1.0762
2026/08/31 03:30:02 - __main__ - INFO - 162 - trainer - [78/190] Loss: 1.0459
2026/08/31 03:30:08 - __main__ - INFO - 162 - trainer - [117/190] Loss: 1.0598
2026/08/31 03:30:13 - __main__ - INFO - 162 - trainer - [156/190] Loss: 1.0592
2026/08/31 03:30:18 - __main__ - INFO - 167 - trainer - Average loss in epoch 325: 1.0546
2026/08/31 03:30:18 - __main__ - INFO - 117 - trainer - Epoch: 326
2026/08/31 03:30:18 - __main__ - INFO - 162 - trainer - [0/190] Loss: 1.0472
2026/08/31 03:30:23 - __main__ - INFO - 162 - trainer - [39/190] Loss: 1.0621
2026/08/31 03:30:29 - __main__ - INFO - 162 - trainer - [78/190] Loss: 1.0177
2026/08/31 03:30:35 - __main__ - INFO - 162 - trainer - [117/190] Loss: 1.0438
2026/08/31 03:30:40 - __main__ - INFO - 162 - trainer - [156/190] Loss: 1.0437
2026/08/31 03:30:45 - __main__ - INFO - 167 - trainer - Average loss in epoch 326: 1.0546
2026/08/31 03:30:45 - __main__ - INFO - 117 - trainer - Epoch: 327
2026/08/31 03:30:45 - __main__ - INFO - 162 - trainer - [0/190] Loss: 1.0499
2026/08/31 03:30:51 - __main__ - INFO - 162 - trainer - [39/190] Loss: 1.0449
2026/08/31 03:30:56 - __main__ - INFO - 162 - trainer - [78/190] Loss: 1.0763
2026/08/31 03:31:02 - __main__ - INFO - 162 - trainer - [117/190] Loss: 1.0899
2026/08/31 03:31:07 - __main__ - INFO - 162 - trainer - [156/190] Loss: 1.0767
2026/08/31 03:31:12 - __main__ - INFO - 167 - trainer - Average loss in epoch 327: 1.0552
2026/08/31 03:31:12 - __main__ - INFO - 117 - trainer - Epoch: 328
2026/08/31 03:31:12 - __main__ - INFO - 162 - trainer - [0/190] Loss: 1.0658
2026/08/31 03:31:17 - __main__ - INFO - 162 - trainer - [39/190] Loss: 1.0496
2026/08/31 03:31:23 - __main__ - INFO - 162 - trainer - [78/190] Loss: 1.0469
2026/08/31 03:31:28 - __main__ - INFO - 162 - trainer - [117/190] Loss: 1.0506
2026/08/31 03:31:34 - __main__ - INFO - 162 - trainer - [156/190] Loss: 1.0230
2026/08/31 03:31:39 - __main__ - INFO - 167 - trainer - Average loss in epoch 328: 1.0552
2026/08/31 03:31:39 - __main__ - INFO - 117 - trainer - Epoch: 329
2026/08/31 03:31:39 - __main__ - INFO - 162 - trainer - [0/190] Loss: 1.0464
2026/08/31 03:31:44 - __main__ - INFO - 162 - trainer - [39/190] Loss: 1.0303
2026/08/31 03:31:50 - __main__ - INFO - 162 - trainer - [78/190] Loss: 1.0744
2026/08/31 03:31:55 - __main__ - INFO - 162 - trainer - [117/190] Loss: 1.0516
2026/08/31 03:32:01 - __main__ - INFO - 162 - trainer - [156/190] Loss: 1.0622
2026/08/31 03:32:06 - __main__ - INFO - 167 - trainer - Average loss in epoch 329: 1.0548
2026/08/31 03:32:06 - __main__ - INFO - 117 - trainer - Epoch: 330
2026/08/31 03:32:06 - __main__ - INFO - 162 - trainer - [0/190] Loss: 1.0502
2026/08/31 03:32:11 - __main__ - INFO - 162 - trainer - [39/190] Loss: 1.0393
2026/08/31 03:32:17 - __main__ - INFO - 162 - trainer - [78/190] Loss: 1.0618
2026/08/31 03:32:22 - __main__ - INFO - 162 - trainer - [117/190] Loss: 1.0487
2026/08/31 03:32:28 - __main__ - INFO - 162 - trainer - [156/190] Loss: 1.0498
2026/08/31 03:32:32 - __main__ - INFO - 167 - trainer - Average loss in epoch 330: 1.0551
2026/08/31 03:32:32 - __main__ - INFO - 117 - trainer - Epoch: 331
2026/08/31 03:32:33 - __main__ - INFO - 162 - trainer - [0/190] Loss: 1.0471
2026/08/31 03:32:38 - __main__ - INFO - 162 - trainer - [39/190] Loss: 1.0472
2026/08/31 03:32:44 - __main__ - INFO - 162 - trainer - [78/190] Loss: 1.0521
2026/08/31 03:32:49 - __main__ - INFO - 162 - trainer - [117/190] Loss: 1.0571
2026/08/31 03:32:55 - __main__ - INFO - 162 - trainer - [156/190] Loss: 1.0574
2026/08/31 03:32:59 - __main__ - INFO - 167 - trainer - Average loss in epoch 331: 1.0544
2026/08/31 03:32:59 - __main__ - INFO - 117 - trainer - Epoch: 332
2026/08/31 03:32:59 - __main__ - INFO - 162 - trainer - [0/190] Loss: 1.0735
2026/08/31 03:33:05 - __main__ - INFO - 162 - trainer - [39/190] Loss: 1.0387
2026/08/31 03:33:11 - __main__ - INFO - 162 - trainer - [78/190] Loss: 1.0622
2026/08/31 03:33:16 - __main__ - INFO - 162 - trainer - [117/190] Loss: 1.0454
2026/08/31 03:33:22 - __main__ - INFO - 162 - trainer - [156/190] Loss: 1.0349
2026/08/31 03:33:26 - __main__ - INFO - 167 - trainer - Average loss in epoch 332: 1.0547
2026/08/31 03:33:26 - __main__ - INFO - 117 - trainer - Epoch: 333
2026/08/31 03:33:26 - __main__ - INFO - 162 - trainer - [0/190] Loss: 1.0641
2026/08/31 03:33:32 - __main__ - INFO - 162 - trainer - [39/190] Loss: 1.0600
2026/08/31 03:33:37 - __main__ - INFO - 162 - trainer - [78/190] Loss: 1.0500
2026/08/31 03:33:43 - __main__ - INFO - 162 - trainer - [117/190] Loss: 1.0814
2026/08/31 03:33:49 - __main__ - INFO - 162 - trainer - [156/190] Loss: 1.0489
2026/08/31 03:33:53 - __main__ - INFO - 167 - trainer - Average loss in epoch 333: 1.0551
2026/08/31 03:33:53 - __main__ - INFO - 117 - trainer - Epoch: 334
2026/08/31 03:33:53 - __main__ - INFO - 162 - trainer - [0/190] Loss: 1.0449
2026/08/31 03:33:59 - __main__ - INFO - 162 - trainer - [39/190] Loss: 1.0707
2026/08/31 03:34:05 - __main__ - INFO - 162 - trainer - [78/190] Loss: 1.0675
2026/08/31 03:34:10 - __main__ - INFO - 162 - trainer - [117/190] Loss: 1.0866
2026/08/31 03:34:16 - __main__ - INFO - 162 - trainer - [156/190] Loss: 1.0522
2026/08/31 03:34:20 - __main__ - INFO - 167 - trainer - Average loss in epoch 334: 1.0552
2026/08/31 03:34:20 - __main__ - INFO - 117 - trainer - Epoch: 335
2026/08/31 03:34:20 - __main__ - INFO - 162 - trainer - [0/190] Loss: 1.0648
2026/08/31 03:34:26 - __main__ - INFO - 162 - trainer - [39/190] Loss: 1.0333
2026/08/31 03:34:31 - __main__ - INFO - 162 - trainer - [78/190] Loss: 1.0353
2026/08/31 03:34:37 - __main__ - INFO - 162 - trainer - [117/190] Loss: 1.0615
2026/08/31 03:34:43 - __main__ - INFO - 162 - trainer - [156/190] Loss: 1.0563
2026/08/31 03:34:47 - __main__ - INFO - 167 - trainer - Average loss in epoch 335: 1.0549
2026/08/31 03:34:47 - __main__ - INFO - 117 - trainer - Epoch: 336
2026/08/31 03:34:48 - __main__ - INFO - 162 - trainer - [0/190] Loss: 1.0704
2026/08/31 03:34:53 - __main__ - INFO - 162 - trainer - [39/190] Loss: 1.0645
2026/08/31 03:34:59 - __main__ - INFO - 162 - trainer - [78/190] Loss: 1.0344
2026/08/31 03:35:04 - __main__ - INFO - 162 - trainer - [117/190] Loss: 1.0455
2026/08/31 03:35:10 - __main__ - INFO - 162 - trainer - [156/190] Loss: 1.0469
2026/08/31 03:35:14 - __main__ - INFO - 167 - trainer - Average loss in epoch 336: 1.0551
2026/08/31 03:35:14 - __main__ - INFO - 117 - trainer - Epoch: 337
2026/08/31 03:35:14 - __main__ - INFO - 162 - trainer - [0/190] Loss: 1.0408
2026/08/31 03:35:20 - __main__ - INFO - 162 - trainer - [39/190] Loss: 1.0577
2026/08/31 03:35:26 - __main__ - INFO - 162 - trainer - [78/190] Loss: 1.0328
2026/08/31 03:35:31 - __main__ - INFO - 162 - trainer - [117/190] Loss: 1.0532
2026/08/31 03:35:37 - __main__ - INFO - 162 - trainer - [156/190] Loss: 1.0267
2026/08/31 03:35:41 - __main__ - INFO - 167 - trainer - Average loss in epoch 337: 1.0548
2026/08/31 03:35:41 - __main__ - INFO - 117 - trainer - Epoch: 338
2026/08/31 03:35:41 - __main__ - INFO - 162 - trainer - [0/190] Loss: 1.0359
2026/08/31 03:35:47 - __main__ - INFO - 162 - trainer - [39/190] Loss: 1.0491
2026/08/31 03:35:53 - __main__ - INFO - 162 - trainer - [78/190] Loss: 1.0790
2026/08/31 03:35:58 - __main__ - INFO - 162 - trainer - [117/190] Loss: 1.0495
2026/08/31 03:36:04 - __main__ - INFO - 162 - trainer - [156/190] Loss: 1.0804
2026/08/31 03:36:09 - __main__ - INFO - 167 - trainer - Average loss in epoch 338: 1.0543
2026/08/31 03:36:09 - __main__ - INFO - 117 - trainer - Epoch: 339
2026/08/31 03:36:09 - __main__ - INFO - 162 - trainer - [0/190] Loss: 1.0684
2026/08/31 03:36:14 - __main__ - INFO - 162 - trainer - [39/190] Loss: 1.0703
2026/08/31 03:36:20 - __main__ - INFO - 162 - trainer - [78/190] Loss: 1.0699
2026/08/31 03:36:25 - __main__ - INFO - 162 - trainer - [117/190] Loss: 1.0559
2026/08/31 03:36:31 - __main__ - INFO - 162 - trainer - [156/190] Loss: 1.0414
2026/08/31 03:36:35 - __main__ - INFO - 167 - trainer - Average loss in epoch 339: 1.0551
2026/08/31 03:36:35 - __main__ - INFO - 117 - trainer - Epoch: 340
2026/08/31 03:36:35 - __main__ - INFO - 162 - trainer - [0/190] Loss: 1.0550
2026/08/31 03:36:41 - __main__ - INFO - 162 - trainer - [39/190] Loss: 1.0365
2026/08/31 03:36:47 - __main__ - INFO - 162 - trainer - [78/190] Loss: 1.0296
2026/08/31 03:36:52 - __main__ - INFO - 162 - trainer - [117/190] Loss: 1.0741
2026/08/31 03:36:58 - __main__ - INFO - 162 - trainer - [156/190] Loss: 1.0595
2026/08/31 03:37:02 - __main__ - INFO - 167 - trainer - Average loss in epoch 340: 1.0547
2026/08/31 03:37:02 - __main__ - INFO - 173 - trainer - start predicting: 2026-08-31 03:37:02.757095
2026/08/31 03:37:05 - __main__ - INFO - 203 - trainer - {'Best_HR@5': np.float64(10.0482), 'Best_HR@10': np.float64(17.4531), 'Best_HR@20': np.float64(28.1914), 'Best_NDCG@5': np.float64(5.6613), 'Best_NDCG@10': np.float64(8.0134), 'Best_NDCG@20': np.float64(10.7518)}
2026/08/31 03:37:05 - __main__ - INFO - 204 - trainer - {'Best_epoch_HR@5': 280, 'Best_epoch_HR@10': 340, 'Best_epoch_HR@20': 220, 'Best_epoch_NDCG@5': 280, 'Best_epoch_NDCG@10': 340, 'Best_epoch_NDCG@20': 180}
2026/08/31 03:37:05 - __main__ - INFO - 117 - trainer - Epoch: 341
2026/08/31 03:37:05 - __main__ - INFO - 162 - trainer - [0/190] Loss: 1.0508
2026/08/31 03:37:10 - __main__ - INFO - 162 - trainer - [39/190] Loss: 1.0441
2026/08/31 03:37:16 - __main__ - INFO - 162 - trainer - [78/190] Loss: 1.0495
2026/08/31 03:37:21 - __main__ - INFO - 162 - trainer - [117/190] Loss: 1.0629
2026/08/31 03:37:27 - __main__ - INFO - 162 - trainer - [156/190] Loss: 1.0712
2026/08/31 03:37:31 - __main__ - INFO - 167 - trainer - Average loss in epoch 341: 1.0541
2026/08/31 03:37:31 - __main__ - INFO - 117 - trainer - Epoch: 342
2026/08/31 03:37:32 - __main__ - INFO - 162 - trainer - [0/190] Loss: 1.0516
2026/08/31 03:37:37 - __main__ - INFO - 162 - trainer - [39/190] Loss: 1.0548
2026/08/31 03:37:43 - __main__ - INFO - 162 - trainer - [78/190] Loss: 1.0512
2026/08/31 03:37:48 - __main__ - INFO - 162 - trainer - [117/190] Loss: 1.0691
2026/08/31 03:37:54 - __main__ - INFO - 162 - trainer - [156/190] Loss: 1.0522
2026/08/31 03:37:58 - __main__ - INFO - 167 - trainer - Average loss in epoch 342: 1.0545
2026/08/31 03:37:58 - __main__ - INFO - 117 - trainer - Epoch: 343
2026/08/31 03:37:58 - __main__ - INFO - 162 - trainer - [0/190] Loss: 1.0575
2026/08/31 03:38:04 - __main__ - INFO - 162 - trainer - [39/190] Loss: 1.0655
2026/08/31 03:38:09 - __main__ - INFO - 162 - trainer - [78/190] Loss: 1.0465
2026/08/31 03:38:15 - __main__ - INFO - 162 - trainer - [117/190] Loss: 1.0666
2026/08/31 03:38:21 - __main__ - INFO - 162 - trainer - [156/190] Loss: 1.0626
2026/08/31 03:38:25 - __main__ - INFO - 167 - trainer - Average loss in epoch 343: 1.0552
2026/08/31 03:38:25 - __main__ - INFO - 117 - trainer - Epoch: 344
2026/08/31 03:38:25 - __main__ - INFO - 162 - trainer - [0/190] Loss: 1.0529
2026/08/31 03:38:31 - __main__ - INFO - 162 - trainer - [39/190] Loss: 1.0663
2026/08/31 03:38:37 - __main__ - INFO - 162 - trainer - [78/190] Loss: 1.0519
2026/08/31 03:38:42 - __main__ - INFO - 162 - trainer - [117/190] Loss: 1.0491
2026/08/31 03:38:48 - __main__ - INFO - 162 - trainer - [156/190] Loss: 1.0774
2026/08/31 03:38:52 - __main__ - INFO - 167 - trainer - Average loss in epoch 344: 1.0540
2026/08/31 03:38:52 - __main__ - INFO - 117 - trainer - Epoch: 345
2026/08/31 03:38:52 - __main__ - INFO - 162 - trainer - [0/190] Loss: 1.0553
2026/08/31 03:38:58 - __main__ - INFO - 162 - trainer - [39/190] Loss: 1.0737
2026/08/31 03:39:04 - __main__ - INFO - 162 - trainer - [78/190] Loss: 1.0559
2026/08/31 03:39:09 - __main__ - INFO - 162 - trainer - [117/190] Loss: 1.0632
2026/08/31 03:39:15 - __main__ - INFO - 162 - trainer - [156/190] Loss: 1.0474
2026/08/31 03:39:19 - __main__ - INFO - 167 - trainer - Average loss in epoch 345: 1.0540
2026/08/31 03:39:19 - __main__ - INFO - 117 - trainer - Epoch: 346
2026/08/31 03:39:20 - __main__ - INFO - 162 - trainer - [0/190] Loss: 1.0572
2026/08/31 03:39:25 - __main__ - INFO - 162 - trainer - [39/190] Loss: 1.0479
2026/08/31 03:39:31 - __main__ - INFO - 162 - trainer - [78/190] Loss: 1.0375
2026/08/31 03:39:36 - __main__ - INFO - 162 - trainer - [117/190] Loss: 1.0786
2026/08/31 03:39:42 - __main__ - INFO - 162 - trainer - [156/190] Loss: 1.0503
2026/08/31 03:39:46 - __main__ - INFO - 167 - trainer - Average loss in epoch 346: 1.0555
2026/08/31 03:39:46 - __main__ - INFO - 117 - trainer - Epoch: 347
2026/08/31 03:39:47 - __main__ - INFO - 162 - trainer - [0/190] Loss: 1.0655
2026/08/31 03:39:52 - __main__ - INFO - 162 - trainer - [39/190] Loss: 1.0567
2026/08/31 03:39:57 - __main__ - INFO - 162 - trainer - [78/190] Loss: 1.0582
2026/08/31 03:40:03 - __main__ - INFO - 162 - trainer - [117/190] Loss: 1.0601
2026/08/31 03:40:08 - __main__ - INFO - 162 - trainer - [156/190] Loss: 1.0581
2026/08/31 03:40:13 - __main__ - INFO - 167 - trainer - Average loss in epoch 347: 1.0544
2026/08/31 03:40:13 - __main__ - INFO - 117 - trainer - Epoch: 348
2026/08/31 03:40:13 - __main__ - INFO - 162 - trainer - [0/190] Loss: 1.0407
2026/08/31 03:40:19 - __main__ - INFO - 162 - trainer - [39/190] Loss: 1.0487
2026/08/31 03:40:24 - __main__ - INFO - 162 - trainer - [78/190] Loss: 1.0552
2026/08/31 03:40:30 - __main__ - INFO - 162 - trainer - [117/190] Loss: 1.0712
2026/08/31 03:40:35 - __main__ - INFO - 162 - trainer - [156/190] Loss: 1.0588
2026/08/31 03:40:40 - __main__ - INFO - 167 - trainer - Average loss in epoch 348: 1.0547
2026/08/31 03:40:40 - __main__ - INFO - 117 - trainer - Epoch: 349
2026/08/31 03:40:40 - __main__ - INFO - 162 - trainer - [0/190] Loss: 1.0665
2026/08/31 03:40:46 - __main__ - INFO - 162 - trainer - [39/190] Loss: 1.0583
2026/08/31 03:40:51 - __main__ - INFO - 162 - trainer - [78/190] Loss: 1.0580
2026/08/31 03:40:57 - __main__ - INFO - 162 - trainer - [117/190] Loss: 1.0588
2026/08/31 03:41:03 - __main__ - INFO - 162 - trainer - [156/190] Loss: 1.0588
2026/08/31 03:41:07 - __main__ - INFO - 167 - trainer - Average loss in epoch 349: 1.0543
2026/08/31 03:41:07 - __main__ - INFO - 117 - trainer - Epoch: 350
2026/08/31 03:41:07 - __main__ - INFO - 162 - trainer - [0/190] Loss: 1.0360
2026/08/31 03:41:13 - __main__ - INFO - 162 - trainer - [39/190] Loss: 1.0462
2026/08/31 03:41:18 - __main__ - INFO - 162 - trainer - [78/190] Loss: 1.0626
2026/08/31 03:41:24 - __main__ - INFO - 162 - trainer - [117/190] Loss: 1.0637
2026/08/31 03:41:29 - __main__ - INFO - 162 - trainer - [156/190] Loss: 1.0491
2026/08/31 03:41:34 - __main__ - INFO - 167 - trainer - Average loss in epoch 350: 1.0545
2026/08/31 03:41:34 - __main__ - INFO - 117 - trainer - Epoch: 351
2026/08/31 03:41:34 - __main__ - INFO - 162 - trainer - [0/190] Loss: 1.0544
2026/08/31 03:41:39 - __main__ - INFO - 162 - trainer - [39/190] Loss: 1.0501
2026/08/31 03:41:45 - __main__ - INFO - 162 - trainer - [78/190] Loss: 1.0377
2026/08/31 03:41:51 - __main__ - INFO - 162 - trainer - [117/190] Loss: 1.0927
2026/08/31 03:41:56 - __main__ - INFO - 162 - trainer - [156/190] Loss: 1.0513
2026/08/31 03:42:01 - __main__ - INFO - 167 - trainer - Average loss in epoch 351: 1.0553
2026/08/31 03:42:01 - __main__ - INFO - 117 - trainer - Epoch: 352
2026/08/31 03:42:01 - __main__ - INFO - 162 - trainer - [0/190] Loss: 1.0362
2026/08/31 03:42:06 - __main__ - INFO - 162 - trainer - [39/190] Loss: 1.0471
2026/08/31 03:42:12 - __main__ - INFO - 162 - trainer - [78/190] Loss: 1.0711
2026/08/31 03:42:17 - __main__ - INFO - 162 - trainer - [117/190] Loss: 1.0379
2026/08/31 03:42:23 - __main__ - INFO - 162 - trainer - [156/190] Loss: 1.0428
2026/08/31 03:42:27 - __main__ - INFO - 167 - trainer - Average loss in epoch 352: 1.0552
2026/08/31 03:42:27 - __main__ - INFO - 117 - trainer - Epoch: 353
2026/08/31 03:42:27 - __main__ - INFO - 162 - trainer - [0/190] Loss: 1.0613
2026/08/31 03:42:33 - __main__ - INFO - 162 - trainer - [39/190] Loss: 1.0402
2026/08/31 03:42:38 - __main__ - INFO - 162 - trainer - [78/190] Loss: 1.0396
2026/08/31 03:42:44 - __main__ - INFO - 162 - trainer - [117/190] Loss: 1.0482
2026/08/31 03:42:50 - __main__ - INFO - 162 - trainer - [156/190] Loss: 1.0329
2026/08/31 03:42:54 - __main__ - INFO - 167 - trainer - Average loss in epoch 353: 1.0546
2026/08/31 03:42:54 - __main__ - INFO - 117 - trainer - Epoch: 354
2026/08/31 03:42:54 - __main__ - INFO - 162 - trainer - [0/190] Loss: 1.0510
2026/08/31 03:43:00 - __main__ - INFO - 162 - trainer - [39/190] Loss: 1.0340
2026/08/31 03:43:06 - __main__ - INFO - 162 - trainer - [78/190] Loss: 1.0461
2026/08/31 03:43:11 - __main__ - INFO - 162 - trainer - [117/190] Loss: 1.0581
2026/08/31 03:43:17 - __main__ - INFO - 162 - trainer - [156/190] Loss: 1.0489
2026/08/31 03:43:21 - __main__ - INFO - 167 - trainer - Average loss in epoch 354: 1.0550
2026/08/31 03:43:21 - __main__ - INFO - 117 - trainer - Epoch: 355
2026/08/31 03:43:22 - __main__ - INFO - 162 - trainer - [0/190] Loss: 1.0350
2026/08/31 03:43:27 - __main__ - INFO - 162 - trainer - [39/190] Loss: 1.0653
2026/08/31 03:43:33 - __main__ - INFO - 162 - trainer - [78/190] Loss: 1.0513
2026/08/31 03:43:38 - __main__ - INFO - 162 - trainer - [117/190] Loss: 1.0531
2026/08/31 03:43:44 - __main__ - INFO - 162 - trainer - [156/190] Loss: 1.0479
2026/08/31 03:43:49 - __main__ - INFO - 167 - trainer - Average loss in epoch 355: 1.0549
2026/08/31 03:43:49 - __main__ - INFO - 117 - trainer - Epoch: 356
2026/08/31 03:43:49 - __main__ - INFO - 162 - trainer - [0/190] Loss: 1.0448
2026/08/31 03:43:54 - __main__ - INFO - 162 - trainer - [39/190] Loss: 1.0222
2026/08/31 03:44:00 - __main__ - INFO - 162 - trainer - [78/190] Loss: 1.0584
2026/08/31 03:44:06 - __main__ - INFO - 162 - trainer - [117/190] Loss: 1.0377
2026/08/31 03:44:11 - __main__ - INFO - 162 - trainer - [156/190] Loss: 1.0710
2026/08/31 03:44:16 - __main__ - INFO - 167 - trainer - Average loss in epoch 356: 1.0544
2026/08/31 03:44:16 - __main__ - INFO - 117 - trainer - Epoch: 357
2026/08/31 03:44:16 - __main__ - INFO - 162 - trainer - [0/190] Loss: 1.0425
2026/08/31 03:44:22 - __main__ - INFO - 162 - trainer - [39/190] Loss: 1.0732
2026/08/31 03:44:27 - __main__ - INFO - 162 - trainer - [78/190] Loss: 1.0522
2026/08/31 03:44:33 - __main__ - INFO - 162 - trainer - [117/190] Loss: 1.0564
2026/08/31 03:44:38 - __main__ - INFO - 162 - trainer - [156/190] Loss: 1.0664
2026/08/31 03:44:43 - __main__ - INFO - 167 - trainer - Average loss in epoch 357: 1.0550
2026/08/31 03:44:43 - __main__ - INFO - 117 - trainer - Epoch: 358
2026/08/31 03:44:43 - __main__ - INFO - 162 - trainer - [0/190] Loss: 1.0594
2026/08/31 03:44:49 - __main__ - INFO - 162 - trainer - [39/190] Loss: 1.0684
2026/08/31 03:44:54 - __main__ - INFO - 162 - trainer - [78/190] Loss: 1.0776
2026/08/31 03:45:00 - __main__ - INFO - 162 - trainer - [117/190] Loss: 1.0410
2026/08/31 03:45:05 - __main__ - INFO - 162 - trainer - [156/190] Loss: 1.0550
2026/08/31 03:45:10 - __main__ - INFO - 167 - trainer - Average loss in epoch 358: 1.0545
2026/08/31 03:45:10 - __main__ - INFO - 117 - trainer - Epoch: 359
2026/08/31 03:45:10 - __main__ - INFO - 162 - trainer - [0/190] Loss: 1.0602
2026/08/31 03:45:15 - __main__ - INFO - 162 - trainer - [39/190] Loss: 1.0436
2026/08/31 03:45:21 - __main__ - INFO - 162 - trainer - [78/190] Loss: 1.0536
2026/08/31 03:45:26 - __main__ - INFO - 162 - trainer - [117/190] Loss: 1.0784
2026/08/31 03:45:32 - __main__ - INFO - 162 - trainer - [156/190] Loss: 1.0600
2026/08/31 03:45:37 - __main__ - INFO - 167 - trainer - Average loss in epoch 359: 1.0545
2026/08/31 03:45:37 - __main__ - INFO - 117 - trainer - Epoch: 360
2026/08/31 03:45:37 - __main__ - INFO - 162 - trainer - [0/190] Loss: 1.0570
2026/08/31 03:45:42 - __main__ - INFO - 162 - trainer - [39/190] Loss: 1.0588
2026/08/31 03:45:48 - __main__ - INFO - 162 - trainer - [78/190] Loss: 1.0529
2026/08/31 03:45:54 - __main__ - INFO - 162 - trainer - [117/190] Loss: 1.0253
2026/08/31 03:45:59 - __main__ - INFO - 162 - trainer - [156/190] Loss: 1.0501
2026/08/31 03:46:04 - __main__ - INFO - 167 - trainer - Average loss in epoch 360: 1.0542
2026/08/31 03:46:04 - __main__ - INFO - 173 - trainer - start predicting: 2026-08-31 03:46:04.172589
2026/08/31 03:46:06 - __main__ - INFO - 117 - trainer - Epoch: 361
2026/08/31 03:46:06 - __main__ - INFO - 162 - trainer - [0/190] Loss: 1.0519
2026/08/31 03:46:12 - __main__ - INFO - 162 - trainer - [39/190] Loss: 1.0652
2026/08/31 03:46:17 - __main__ - INFO - 162 - trainer - [78/190] Loss: 1.0672
2026/08/31 03:46:23 - __main__ - INFO - 162 - trainer - [117/190] Loss: 1.0478
2026/08/31 03:46:28 - __main__ - INFO - 162 - trainer - [156/190] Loss: 1.0597
2026/08/31 03:46:33 - __main__ - INFO - 167 - trainer - Average loss in epoch 361: 1.0545
2026/08/31 03:46:33 - __main__ - INFO - 117 - trainer - Epoch: 362
2026/08/31 03:46:33 - __main__ - INFO - 162 - trainer - [0/190] Loss: 1.0676
2026/08/31 03:46:39 - __main__ - INFO - 162 - trainer - [39/190] Loss: 1.0567
2026/08/31 03:46:44 - __main__ - INFO - 162 - trainer - [78/190] Loss: 1.0782
2026/08/31 03:46:50 - __main__ - INFO - 162 - trainer - [117/190] Loss: 1.0538
2026/08/31 03:46:55 - __main__ - INFO - 162 - trainer - [156/190] Loss: 1.0575
2026/08/31 03:47:00 - __main__ - INFO - 167 - trainer - Average loss in epoch 362: 1.0554
2026/08/31 03:47:00 - __main__ - INFO - 117 - trainer - Epoch: 363
2026/08/31 03:47:00 - __main__ - INFO - 162 - trainer - [0/190] Loss: 1.0452
2026/08/31 03:47:06 - __main__ - INFO - 162 - trainer - [39/190] Loss: 1.0570
2026/08/31 03:47:11 - __main__ - INFO - 162 - trainer - [78/190] Loss: 1.0532
2026/08/31 03:47:17 - __main__ - INFO - 162 - trainer - [117/190] Loss: 1.0545
2026/08/31 03:47:22 - __main__ - INFO - 162 - trainer - [156/190] Loss: 1.0784
2026/08/31 03:47:27 - __main__ - INFO - 167 - trainer - Average loss in epoch 363: 1.0545
2026/08/31 03:47:27 - __main__ - INFO - 117 - trainer - Epoch: 364
2026/08/31 03:47:27 - __main__ - INFO - 162 - trainer - [0/190] Loss: 1.0733
2026/08/31 03:47:33 - __main__ - INFO - 162 - trainer - [39/190] Loss: 1.0512
2026/08/31 03:47:38 - __main__ - INFO - 162 - trainer - [78/190] Loss: 1.0699
2026/08/31 03:47:44 - __main__ - INFO - 162 - trainer - [117/190] Loss: 1.0885
2026/08/31 03:47:49 - __main__ - INFO - 162 - trainer - [156/190] Loss: 1.0611
2026/08/31 03:47:54 - __main__ - INFO - 167 - trainer - Average loss in epoch 364: 1.0547
2026/08/31 03:47:54 - __main__ - INFO - 117 - trainer - Epoch: 365
2026/08/31 03:47:54 - __main__ - INFO - 162 - trainer - [0/190] Loss: 1.0402
2026/08/31 03:48:00 - __main__ - INFO - 162 - trainer - [39/190] Loss: 1.0664
2026/08/31 03:48:05 - __main__ - INFO - 162 - trainer - [78/190] Loss: 1.0606
2026/08/31 03:48:11 - __main__ - INFO - 162 - trainer - [117/190] Loss: 1.0525
2026/08/31 03:48:16 - __main__ - INFO - 162 - trainer - [156/190] Loss: 1.0768
2026/08/31 03:48:21 - __main__ - INFO - 167 - trainer - Average loss in epoch 365: 1.0544
2026/08/31 03:48:21 - __main__ - INFO - 117 - trainer - Epoch: 366
2026/08/31 03:48:21 - __main__ - INFO - 162 - trainer - [0/190] Loss: 1.0390
2026/08/31 03:48:27 - __main__ - INFO - 162 - trainer - [39/190] Loss: 1.0645
2026/08/31 03:48:32 - __main__ - INFO - 162 - trainer - [78/190] Loss: 1.0561
2026/08/31 03:48:38 - __main__ - INFO - 162 - trainer - [117/190] Loss: 1.0600
2026/08/31 03:48:44 - __main__ - INFO - 162 - trainer - [156/190] Loss: 1.0571
2026/08/31 03:48:48 - __main__ - INFO - 167 - trainer - Average loss in epoch 366: 1.0542
2026/08/31 03:48:48 - __main__ - INFO - 117 - trainer - Epoch: 367
2026/08/31 03:48:48 - __main__ - INFO - 162 - trainer - [0/190] Loss: 1.0590
2026/08/31 03:48:54 - __main__ - INFO - 162 - trainer - [39/190] Loss: 1.0689
2026/08/31 03:48:59 - __main__ - INFO - 162 - trainer - [78/190] Loss: 1.0665
2026/08/31 03:49:05 - __main__ - INFO - 162 - trainer - [117/190] Loss: 1.0464
2026/08/31 03:49:10 - __main__ - INFO - 162 - trainer - [156/190] Loss: 1.0467
2026/08/31 03:49:15 - __main__ - INFO - 167 - trainer - Average loss in epoch 367: 1.0551
2026/08/31 03:49:15 - __main__ - INFO - 117 - trainer - Epoch: 368
2026/08/31 03:49:15 - __main__ - INFO - 162 - trainer - [0/190] Loss: 1.0325
2026/08/31 03:49:21 - __main__ - INFO - 162 - trainer - [39/190] Loss: 1.0464
2026/08/31 03:49:26 - __main__ - INFO - 162 - trainer - [78/190] Loss: 1.0800
2026/08/31 03:49:32 - __main__ - INFO - 162 - trainer - [117/190] Loss: 1.0679
2026/08/31 03:49:38 - __main__ - INFO - 162 - trainer - [156/190] Loss: 1.0639
2026/08/31 03:49:42 - __main__ - INFO - 167 - trainer - Average loss in epoch 368: 1.0548
2026/08/31 03:49:42 - __main__ - INFO - 117 - trainer - Epoch: 369
2026/08/31 03:49:42 - __main__ - INFO - 162 - trainer - [0/190] Loss: 1.0537
2026/08/31 03:49:48 - __main__ - INFO - 162 - trainer - [39/190] Loss: 1.0419
2026/08/31 03:49:54 - __main__ - INFO - 162 - trainer - [78/190] Loss: 1.0432
2026/08/31 03:49:59 - __main__ - INFO - 162 - trainer - [117/190] Loss: 1.0608
2026/08/31 03:50:05 - __main__ - INFO - 162 - trainer - [156/190] Loss: 1.0379
2026/08/31 03:50:09 - __main__ - INFO - 167 - trainer - Average loss in epoch 369: 1.0552
2026/08/31 03:50:09 - __main__ - INFO - 117 - trainer - Epoch: 370
2026/08/31 03:50:10 - __main__ - INFO - 162 - trainer - [0/190] Loss: 1.0723
2026/08/31 03:50:15 - __main__ - INFO - 162 - trainer - [39/190] Loss: 1.0533
2026/08/31 03:50:21 - __main__ - INFO - 162 - trainer - [78/190] Loss: 1.0547
2026/08/31 03:50:26 - __main__ - INFO - 162 - trainer - [117/190] Loss: 1.0393
2026/08/31 03:50:32 - __main__ - INFO - 162 - trainer - [156/190] Loss: 1.0760
2026/08/31 03:50:37 - __main__ - INFO - 167 - trainer - Average loss in epoch 370: 1.0540
2026/08/31 03:50:37 - __main__ - INFO - 117 - trainer - Epoch: 371
2026/08/31 03:50:37 - __main__ - INFO - 162 - trainer - [0/190] Loss: 1.0690
2026/08/31 03:50:42 - __main__ - INFO - 162 - trainer - [39/190] Loss: 1.0581
2026/08/31 03:50:48 - __main__ - INFO - 162 - trainer - [78/190] Loss: 1.0629
2026/08/31 03:50:53 - __main__ - INFO - 162 - trainer - [117/190] Loss: 1.0556
2026/08/31 03:50:59 - __main__ - INFO - 162 - trainer - [156/190] Loss: 1.0433
2026/08/31 03:51:04 - __main__ - INFO - 167 - trainer - Average loss in epoch 371: 1.0538
2026/08/31 03:51:04 - __main__ - INFO - 117 - trainer - Epoch: 372
2026/08/31 03:51:04 - __main__ - INFO - 162 - trainer - [0/190] Loss: 1.0393
2026/08/31 03:51:09 - __main__ - INFO - 162 - trainer - [39/190] Loss: 1.0441
2026/08/31 03:51:15 - __main__ - INFO - 162 - trainer - [78/190] Loss: 1.0662
2026/08/31 03:51:20 - __main__ - INFO - 162 - trainer - [117/190] Loss: 1.0612
2026/08/31 03:51:26 - __main__ - INFO - 162 - trainer - [156/190] Loss: 1.0581
2026/08/31 03:51:30 - __main__ - INFO - 167 - trainer - Average loss in epoch 372: 1.0552
2026/08/31 03:51:30 - __main__ - INFO - 117 - trainer - Epoch: 373
2026/08/31 03:51:30 - __main__ - INFO - 162 - trainer - [0/190] Loss: 1.0372
2026/08/31 03:51:36 - __main__ - INFO - 162 - trainer - [39/190] Loss: 1.0554
2026/08/31 03:51:42 - __main__ - INFO - 162 - trainer - [78/190] Loss: 1.0626
2026/08/31 03:51:47 - __main__ - INFO - 162 - trainer - [117/190] Loss: 1.0741
2026/08/31 03:51:53 - __main__ - INFO - 162 - trainer - [156/190] Loss: 1.0451
2026/08/31 03:51:57 - __main__ - INFO - 167 - trainer - Average loss in epoch 373: 1.0547
2026/08/31 03:51:57 - __main__ - INFO - 117 - trainer - Epoch: 374
2026/08/31 03:51:57 - __main__ - INFO - 162 - trainer - [0/190] Loss: 1.0679
2026/08/31 03:52:03 - __main__ - INFO - 162 - trainer - [39/190] Loss: 1.0355
2026/08/31 03:52:08 - __main__ - INFO - 162 - trainer - [78/190] Loss: 1.0418
2026/08/31 03:52:14 - __main__ - INFO - 162 - trainer - [117/190] Loss: 1.0750
2026/08/31 03:52:20 - __main__ - INFO - 162 - trainer - [156/190] Loss: 1.0574
2026/08/31 03:52:24 - __main__ - INFO - 167 - trainer - Average loss in epoch 374: 1.0548
2026/08/31 03:52:24 - __main__ - INFO - 117 - trainer - Epoch: 375
2026/08/31 03:52:24 - __main__ - INFO - 162 - trainer - [0/190] Loss: 1.0499
2026/08/31 03:52:30 - __main__ - INFO - 162 - trainer - [39/190] Loss: 1.0626
2026/08/31 03:52:35 - __main__ - INFO - 162 - trainer - [78/190] Loss: 1.0578
2026/08/31 03:52:41 - __main__ - INFO - 162 - trainer - [117/190] Loss: 1.0432
2026/08/31 03:52:47 - __main__ - INFO - 162 - trainer - [156/190] Loss: 1.0529
2026/08/31 03:52:51 - __main__ - INFO - 167 - trainer - Average loss in epoch 375: 1.0544
2026/08/31 03:52:51 - __main__ - INFO - 117 - trainer - Epoch: 376
2026/08/31 03:52:51 - __main__ - INFO - 162 - trainer - [0/190] Loss: 1.0395
2026/08/31 03:52:57 - __main__ - INFO - 162 - trainer - [39/190] Loss: 1.0615
2026/08/31 03:53:02 - __main__ - INFO - 162 - trainer - [78/190] Loss: 1.0440
2026/08/31 03:53:08 - __main__ - INFO - 162 - trainer - [117/190] Loss: 1.0467
2026/08/31 03:53:13 - __main__ - INFO - 162 - trainer - [156/190] Loss: 1.0470
2026/08/31 03:53:18 - __main__ - INFO - 167 - trainer - Average loss in epoch 376: 1.0544
2026/08/31 03:53:18 - __main__ - INFO - 117 - trainer - Epoch: 377
2026/08/31 03:53:18 - __main__ - INFO - 162 - trainer - [0/190] Loss: 1.0323
2026/08/31 03:53:24 - __main__ - INFO - 162 - trainer - [39/190] Loss: 1.0434
2026/08/31 03:53:29 - __main__ - INFO - 162 - trainer - [78/190] Loss: 1.0602
2026/08/31 03:53:35 - __main__ - INFO - 162 - trainer - [117/190] Loss: 1.0554
2026/08/31 03:53:41 - __main__ - INFO - 162 - trainer - [156/190] Loss: 1.0579
2026/08/31 03:53:45 - __main__ - INFO - 167 - trainer - Average loss in epoch 377: 1.0549
2026/08/31 03:53:45 - __main__ - INFO - 117 - trainer - Epoch: 378
2026/08/31 03:53:45 - __main__ - INFO - 162 - trainer - [0/190] Loss: 1.0400
2026/08/31 03:53:51 - __main__ - INFO - 162 - trainer - [39/190] Loss: 1.0658
2026/08/31 03:53:56 - __main__ - INFO - 162 - trainer - [78/190] Loss: 1.0400
2026/08/31 03:54:02 - __main__ - INFO - 162 - trainer - [117/190] Loss: 1.0740
2026/08/31 03:54:07 - __main__ - INFO - 162 - trainer - [156/190] Loss: 1.0652
2026/08/31 03:54:12 - __main__ - INFO - 167 - trainer - Average loss in epoch 378: 1.0546
2026/08/31 03:54:12 - __main__ - INFO - 117 - trainer - Epoch: 379
2026/08/31 03:54:12 - __main__ - INFO - 162 - trainer - [0/190] Loss: 1.0533
2026/08/31 03:54:18 - __main__ - INFO - 162 - trainer - [39/190] Loss: 1.0403
2026/08/31 03:54:23 - __main__ - INFO - 162 - trainer - [78/190] Loss: 1.0757
2026/08/31 03:54:29 - __main__ - INFO - 162 - trainer - [117/190] Loss: 1.0516
2026/08/31 03:54:34 - __main__ - INFO - 162 - trainer - [156/190] Loss: 1.0399
2026/08/31 03:54:39 - __main__ - INFO - 167 - trainer - Average loss in epoch 379: 1.0547
2026/08/31 03:54:39 - __main__ - INFO - 117 - trainer - Epoch: 380
2026/08/31 03:54:40 - __main__ - INFO - 162 - trainer - [0/190] Loss: 1.0474
2026/08/31 03:54:45 - __main__ - INFO - 162 - trainer - [39/190] Loss: 1.0405
2026/08/31 03:54:51 - __main__ - INFO - 162 - trainer - [78/190] Loss: 1.0355
2026/08/31 03:54:56 - __main__ - INFO - 162 - trainer - [117/190] Loss: 1.0644
2026/08/31 03:55:02 - __main__ - INFO - 162 - trainer - [156/190] Loss: 1.0719
2026/08/31 03:55:06 - __main__ - INFO - 167 - trainer - Average loss in epoch 380: 1.0555
2026/08/31 03:55:06 - __main__ - INFO - 173 - trainer - start predicting: 2026-08-31 03:55:06.863295
2026/08/31 03:55:09 - __main__ - INFO - 117 - trainer - Epoch: 381
2026/08/31 03:55:09 - __main__ - INFO - 162 - trainer - [0/190] Loss: 1.0871
2026/08/31 03:55:14 - __main__ - INFO - 162 - trainer - [39/190] Loss: 1.0570
2026/08/31 03:55:20 - __main__ - INFO - 162 - trainer - [78/190] Loss: 1.0399
2026/08/31 03:55:26 - __main__ - INFO - 162 - trainer - [117/190] Loss: 1.0590
2026/08/31 03:55:31 - __main__ - INFO - 162 - trainer - [156/190] Loss: 1.0548
2026/08/31 03:55:36 - __main__ - INFO - 167 - trainer - Average loss in epoch 381: 1.0551
2026/08/31 03:55:36 - __main__ - INFO - 117 - trainer - Epoch: 382
2026/08/31 03:55:36 - __main__ - INFO - 162 - trainer - [0/190] Loss: 1.0550
2026/08/31 03:55:41 - __main__ - INFO - 162 - trainer - [39/190] Loss: 1.0404
2026/08/31 03:55:47 - __main__ - INFO - 162 - trainer - [78/190] Loss: 1.0593
2026/08/31 03:55:53 - __main__ - INFO - 162 - trainer - [117/190] Loss: 1.0481
2026/08/31 03:55:58 - __main__ - INFO - 162 - trainer - [156/190] Loss: 1.0446
2026/08/31 03:56:03 - __main__ - INFO - 167 - trainer - Average loss in epoch 382: 1.0545
2026/08/31 03:56:03 - __main__ - INFO - 117 - trainer - Epoch: 383
2026/08/31 03:56:03 - __main__ - INFO - 162 - trainer - [0/190] Loss: 1.0605
2026/08/31 03:56:09 - __main__ - INFO - 162 - trainer - [39/190] Loss: 1.0484
2026/08/31 03:56:14 - __main__ - INFO - 162 - trainer - [78/190] Loss: 1.0566
2026/08/31 03:56:20 - __main__ - INFO - 162 - trainer - [117/190] Loss: 1.0695
2026/08/31 03:56:25 - __main__ - INFO - 162 - trainer - [156/190] Loss: 1.0680
2026/08/31 03:56:30 - __main__ - INFO - 167 - trainer - Average loss in epoch 383: 1.0543
2026/08/31 03:56:30 - __main__ - INFO - 117 - trainer - Epoch: 384
2026/08/31 03:56:30 - __main__ - INFO - 162 - trainer - [0/190] Loss: 1.0540
2026/08/31 03:56:36 - __main__ - INFO - 162 - trainer - [39/190] Loss: 1.0539
2026/08/31 03:56:41 - __main__ - INFO - 162 - trainer - [78/190] Loss: 1.0477
2026/08/31 03:56:47 - __main__ - INFO - 162 - trainer - [117/190] Loss: 1.0385
2026/08/31 03:56:52 - __main__ - INFO - 162 - trainer - [156/190] Loss: 1.0455
2026/08/31 03:56:57 - __main__ - INFO - 167 - trainer - Average loss in epoch 384: 1.0547
2026/08/31 03:56:57 - __main__ - INFO - 117 - trainer - Epoch: 385
2026/08/31 03:56:57 - __main__ - INFO - 162 - trainer - [0/190] Loss: 1.0628
2026/08/31 03:57:03 - __main__ - INFO - 162 - trainer - [39/190] Loss: 1.0255
2026/08/31 03:57:08 - __main__ - INFO - 162 - trainer - [78/190] Loss: 1.0439
2026/08/31 03:57:14 - __main__ - INFO - 162 - trainer - [117/190] Loss: 1.0657
2026/08/31 03:57:19 - __main__ - INFO - 162 - trainer - [156/190] Loss: 1.0619
2026/08/31 03:57:24 - __main__ - INFO - 167 - trainer - Average loss in epoch 385: 1.0543
2026/08/31 03:57:24 - __main__ - INFO - 117 - trainer - Epoch: 386
2026/08/31 03:57:24 - __main__ - INFO - 162 - trainer - [0/190] Loss: 1.0578
2026/08/31 03:57:30 - __main__ - INFO - 162 - trainer - [39/190] Loss: 1.0710
2026/08/31 03:57:36 - __main__ - INFO - 162 - trainer - [78/190] Loss: 1.0768
2026/08/31 03:57:41 - __main__ - INFO - 162 - trainer - [117/190] Loss: 1.0526
2026/08/31 03:57:47 - __main__ - INFO - 162 - trainer - [156/190] Loss: 1.0523
2026/08/31 03:57:51 - __main__ - INFO - 167 - trainer - Average loss in epoch 386: 1.0546
2026/08/31 03:57:51 - __main__ - INFO - 117 - trainer - Epoch: 387
2026/08/31 03:57:51 - __main__ - INFO - 162 - trainer - [0/190] Loss: 1.0548
2026/08/31 03:57:57 - __main__ - INFO - 162 - trainer - [39/190] Loss: 1.0506
2026/08/31 03:58:02 - __main__ - INFO - 162 - trainer - [78/190] Loss: 1.0518
2026/08/31 03:58:08 - __main__ - INFO - 162 - trainer - [117/190] Loss: 1.0641
2026/08/31 03:58:14 - __main__ - INFO - 162 - trainer - [156/190] Loss: 1.0569
2026/08/31 03:58:18 - __main__ - INFO - 167 - trainer - Average loss in epoch 387: 1.0544
2026/08/31 03:58:18 - __main__ - INFO - 117 - trainer - Epoch: 388
2026/08/31 03:58:18 - __main__ - INFO - 162 - trainer - [0/190] Loss: 1.0447
2026/08/31 03:58:24 - __main__ - INFO - 162 - trainer - [39/190] Loss: 1.0541
2026/08/31 03:58:29 - __main__ - INFO - 162 - trainer - [78/190] Loss: 1.0317
2026/08/31 03:58:35 - __main__ - INFO - 162 - trainer - [117/190] Loss: 1.0477
2026/08/31 03:58:41 - __main__ - INFO - 162 - trainer - [156/190] Loss: 1.0740
2026/08/31 03:58:46 - __main__ - INFO - 167 - trainer - Average loss in epoch 388: 1.0549
2026/08/31 03:58:46 - __main__ - INFO - 117 - trainer - Epoch: 389
2026/08/31 03:58:46 - __main__ - INFO - 162 - trainer - [0/190] Loss: 1.0431
2026/08/31 03:58:51 - __main__ - INFO - 162 - trainer - [39/190] Loss: 1.0507
2026/08/31 03:58:57 - __main__ - INFO - 162 - trainer - [78/190] Loss: 1.0337
2026/08/31 03:59:03 - __main__ - INFO - 162 - trainer - [117/190] Loss: 1.0767
2026/08/31 03:59:08 - __main__ - INFO - 162 - trainer - [156/190] Loss: 1.0440
2026/08/31 03:59:13 - __main__ - INFO - 167 - trainer - Average loss in epoch 389: 1.0542
2026/08/31 03:59:13 - __main__ - INFO - 117 - trainer - Epoch: 390
2026/08/31 03:59:13 - __main__ - INFO - 162 - trainer - [0/190] Loss: 1.0494
2026/08/31 03:59:19 - __main__ - INFO - 162 - trainer - [39/190] Loss: 1.0517
2026/08/31 03:59:24 - __main__ - INFO - 162 - trainer - [78/190] Loss: 1.0527
2026/08/31 03:59:30 - __main__ - INFO - 162 - trainer - [117/190] Loss: 1.0417
2026/08/31 03:59:36 - __main__ - INFO - 162 - trainer - [156/190] Loss: 1.0538
2026/08/31 03:59:40 - __main__ - INFO - 167 - trainer - Average loss in epoch 390: 1.0543
2026/08/31 03:59:40 - __main__ - INFO - 117 - trainer - Epoch: 391
2026/08/31 03:59:40 - __main__ - INFO - 162 - trainer - [0/190] Loss: 1.0549
2026/08/31 03:59:46 - __main__ - INFO - 162 - trainer - [39/190] Loss: 1.0676
2026/08/31 03:59:52 - __main__ - INFO - 162 - trainer - [78/190] Loss: 1.0604
2026/08/31 03:59:57 - __main__ - INFO - 162 - trainer - [117/190] Loss: 1.0729
2026/08/31 04:00:03 - __main__ - INFO - 162 - trainer - [156/190] Loss: 1.0372
2026/08/31 04:00:07 - __main__ - INFO - 167 - trainer - Average loss in epoch 391: 1.0551
2026/08/31 04:00:07 - __main__ - INFO - 117 - trainer - Epoch: 392
2026/08/31 04:00:08 - __main__ - INFO - 162 - trainer - [0/190] Loss: 1.0356
2026/08/31 04:00:13 - __main__ - INFO - 162 - trainer - [39/190] Loss: 1.0420
2026/08/31 04:00:19 - __main__ - INFO - 162 - trainer - [78/190] Loss: 1.0590
2026/08/31 04:00:24 - __main__ - INFO - 162 - trainer - [117/190] Loss: 1.0814
2026/08/31 04:00:30 - __main__ - INFO - 162 - trainer - [156/190] Loss: 1.0662
2026/08/31 04:00:35 - __main__ - INFO - 167 - trainer - Average loss in epoch 392: 1.0547
2026/08/31 04:00:35 - __main__ - INFO - 117 - trainer - Epoch: 393
2026/08/31 04:00:35 - __main__ - INFO - 162 - trainer - [0/190] Loss: 1.0569
2026/08/31 04:00:40 - __main__ - INFO - 162 - trainer - [39/190] Loss: 1.0389
2026/08/31 04:00:46 - __main__ - INFO - 162 - trainer - [78/190] Loss: 1.0552
2026/08/31 04:00:52 - __main__ - INFO - 162 - trainer - [117/190] Loss: 1.0562
2026/08/31 04:00:57 - __main__ - INFO - 162 - trainer - [156/190] Loss: 1.0610
2026/08/31 04:01:02 - __main__ - INFO - 167 - trainer - Average loss in epoch 393: 1.0547
2026/08/31 04:01:02 - __main__ - INFO - 117 - trainer - Epoch: 394
2026/08/31 04:01:02 - __main__ - INFO - 162 - trainer - [0/190] Loss: 1.0757
2026/08/31 04:01:07 - __main__ - INFO - 162 - trainer - [39/190] Loss: 1.0465
2026/08/31 04:01:13 - __main__ - INFO - 162 - trainer - [78/190] Loss: 1.0798
2026/08/31 04:01:18 - __main__ - INFO - 162 - trainer - [117/190] Loss: 1.0331
2026/08/31 04:01:24 - __main__ - INFO - 162 - trainer - [156/190] Loss: 1.0585
2026/08/31 04:01:29 - __main__ - INFO - 167 - trainer - Average loss in epoch 394: 1.0552
2026/08/31 04:01:29 - __main__ - INFO - 117 - trainer - Epoch: 395
2026/08/31 04:01:29 - __main__ - INFO - 162 - trainer - [0/190] Loss: 1.0603
2026/08/31 04:01:35 - __main__ - INFO - 162 - trainer - [39/190] Loss: 1.0442
2026/08/31 04:01:40 - __main__ - INFO - 162 - trainer - [78/190] Loss: 1.0423
2026/08/31 04:01:46 - __main__ - INFO - 162 - trainer - [117/190] Loss: 1.0675
2026/08/31 04:01:51 - __main__ - INFO - 162 - trainer - [156/190] Loss: 1.0622
2026/08/31 04:01:56 - __main__ - INFO - 167 - trainer - Average loss in epoch 395: 1.0548
2026/08/31 04:01:56 - __main__ - INFO - 117 - trainer - Epoch: 396
2026/08/31 04:01:56 - __main__ - INFO - 162 - trainer - [0/190] Loss: 1.0567
2026/08/31 04:02:02 - __main__ - INFO - 162 - trainer - [39/190] Loss: 1.0734
2026/08/31 04:02:07 - __main__ - INFO - 162 - trainer - [78/190] Loss: 1.0614
2026/08/31 04:02:13 - __main__ - INFO - 162 - trainer - [117/190] Loss: 1.0635
2026/08/31 04:02:18 - __main__ - INFO - 162 - trainer - [156/190] Loss: 1.0584
2026/08/31 04:02:23 - __main__ - INFO - 167 - trainer - Average loss in epoch 396: 1.0544
2026/08/31 04:02:23 - __main__ - INFO - 117 - trainer - Epoch: 397
2026/08/31 04:02:23 - __main__ - INFO - 162 - trainer - [0/190] Loss: 1.0737
2026/08/31 04:02:29 - __main__ - INFO - 162 - trainer - [39/190] Loss: 1.0741
2026/08/31 04:02:34 - __main__ - INFO - 162 - trainer - [78/190] Loss: 1.0642
2026/08/31 04:02:40 - __main__ - INFO - 162 - trainer - [117/190] Loss: 1.0373
2026/08/31 04:02:45 - __main__ - INFO - 162 - trainer - [156/190] Loss: 1.0384
2026/08/31 04:02:50 - __main__ - INFO - 167 - trainer - Average loss in epoch 397: 1.0546
2026/08/31 04:02:50 - __main__ - INFO - 117 - trainer - Epoch: 398
2026/08/31 04:02:50 - __main__ - INFO - 162 - trainer - [0/190] Loss: 1.0421
2026/08/31 04:02:56 - __main__ - INFO - 162 - trainer - [39/190] Loss: 1.0612
2026/08/31 04:03:01 - __main__ - INFO - 162 - trainer - [78/190] Loss: 1.0522
2026/08/31 04:03:07 - __main__ - INFO - 162 - trainer - [117/190] Loss: 1.0541
2026/08/31 04:03:12 - __main__ - INFO - 162 - trainer - [156/190] Loss: 1.0400
2026/08/31 04:03:17 - __main__ - INFO - 167 - trainer - Average loss in epoch 398: 1.0549
2026/08/31 04:03:17 - __main__ - INFO - 117 - trainer - Epoch: 399
2026/08/31 04:03:17 - __main__ - INFO - 162 - trainer - [0/190] Loss: 1.0541
2026/08/31 04:03:22 - __main__ - INFO - 162 - trainer - [39/190] Loss: 1.0625
2026/08/31 04:03:28 - __main__ - INFO - 162 - trainer - [78/190] Loss: 1.0544
2026/08/31 04:03:34 - __main__ - INFO - 162 - trainer - [117/190] Loss: 1.0529
2026/08/31 04:03:39 - __main__ - INFO - 162 - trainer - [156/190] Loss: 1.0614
2026/08/31 04:03:44 - __main__ - INFO - 167 - trainer - Average loss in epoch 399: 1.0549
2026/08/31 04:03:44 - __main__ - INFO - 117 - trainer - Epoch: 400
2026/08/31 04:03:44 - __main__ - INFO - 162 - trainer - [0/190] Loss: 1.0567
2026/08/31 04:03:49 - __main__ - INFO - 162 - trainer - [39/190] Loss: 1.0690
2026/08/31 04:03:55 - __main__ - INFO - 162 - trainer - [78/190] Loss: 1.0500
2026/08/31 04:04:00 - __main__ - INFO - 162 - trainer - [117/190] Loss: 1.0604
2026/08/31 04:04:06 - __main__ - INFO - 162 - trainer - [156/190] Loss: 1.0455
2026/08/31 04:04:10 - __main__ - INFO - 167 - trainer - Average loss in epoch 400: 1.0547
2026/08/31 04:04:10 - __main__ - INFO - 173 - trainer - start predicting: 2026-08-31 04:04:10.964318
2026/08/31 04:04:13 - __main__ - INFO - 117 - trainer - Epoch: 401
2026/08/31 04:04:13 - __main__ - INFO - 162 - trainer - [0/190] Loss: 1.0655
2026/08/31 04:04:19 - __main__ - INFO - 162 - trainer - [39/190] Loss: 1.0663
2026/08/31 04:04:24 - __main__ - INFO - 162 - trainer - [78/190] Loss: 1.0418
2026/08/31 04:04:30 - __main__ - INFO - 162 - trainer - [117/190] Loss: 1.0573
2026/08/31 04:04:35 - __main__ - INFO - 162 - trainer - [156/190] Loss: 1.0648
2026/08/31 04:04:40 - __main__ - INFO - 167 - trainer - Average loss in epoch 401: 1.0546
2026/08/31 04:04:40 - __main__ - INFO - 117 - trainer - Epoch: 402
2026/08/31 04:04:40 - __main__ - INFO - 162 - trainer - [0/190] Loss: 1.0468
2026/08/31 04:04:46 - __main__ - INFO - 162 - trainer - [39/190] Loss: 1.0639
2026/08/31 04:04:51 - __main__ - INFO - 162 - trainer - [78/190] Loss: 1.0564
2026/08/31 04:04:57 - __main__ - INFO - 162 - trainer - [117/190] Loss: 1.0590
2026/08/31 04:05:02 - __main__ - INFO - 162 - trainer - [156/190] Loss: 1.0547
2026/08/31 04:05:07 - __main__ - INFO - 167 - trainer - Average loss in epoch 402: 1.0544
2026/08/31 04:05:07 - __main__ - INFO - 117 - trainer - Epoch: 403
2026/08/31 04:05:07 - __main__ - INFO - 162 - trainer - [0/190] Loss: 1.0413
2026/08/31 04:05:13 - __main__ - INFO - 162 - trainer - [39/190] Loss: 1.0413
2026/08/31 04:05:18 - __main__ - INFO - 162 - trainer - [78/190] Loss: 1.0601
2026/08/31 04:05:24 - __main__ - INFO - 162 - trainer - [117/190] Loss: 1.0466
2026/08/31 04:05:30 - __main__ - INFO - 162 - trainer - [156/190] Loss: 1.0621
2026/08/31 04:05:34 - __main__ - INFO - 167 - trainer - Average loss in epoch 403: 1.0547
2026/08/31 04:05:34 - __main__ - INFO - 117 - trainer - Epoch: 404
2026/08/31 04:05:34 - __main__ - INFO - 162 - trainer - [0/190] Loss: 1.0777
2026/08/31 04:05:40 - __main__ - INFO - 162 - trainer - [39/190] Loss: 1.0375
2026/08/31 04:05:45 - __main__ - INFO - 162 - trainer - [78/190] Loss: 1.0574
2026/08/31 04:05:51 - __main__ - INFO - 162 - trainer - [117/190] Loss: 1.0358
2026/08/31 04:05:57 - __main__ - INFO - 162 - trainer - [156/190] Loss: 1.0225
2026/08/31 04:06:01 - __main__ - INFO - 167 - trainer - Average loss in epoch 404: 1.0543
2026/08/31 04:06:01 - __main__ - INFO - 117 - trainer - Epoch: 405
2026/08/31 04:06:01 - __main__ - INFO - 162 - trainer - [0/190] Loss: 1.0367
2026/08/31 04:06:07 - __main__ - INFO - 162 - trainer - [39/190] Loss: 1.0538
2026/08/31 04:06:12 - __main__ - INFO - 162 - trainer - [78/190] Loss: 1.0440
2026/08/31 04:06:18 - __main__ - INFO - 162 - trainer - [117/190] Loss: 1.0551
2026/08/31 04:06:23 - __main__ - INFO - 162 - trainer - [156/190] Loss: 1.0474
2026/08/31 04:06:28 - __main__ - INFO - 167 - trainer - Average loss in epoch 405: 1.0543
2026/08/31 04:06:28 - __main__ - INFO - 117 - trainer - Epoch: 406
2026/08/31 04:06:28 - __main__ - INFO - 162 - trainer - [0/190] Loss: 1.0563
2026/08/31 04:06:34 - __main__ - INFO - 162 - trainer - [39/190] Loss: 1.0412
2026/08/31 04:06:39 - __main__ - INFO - 162 - trainer - [78/190] Loss: 1.0218
2026/08/31 04:06:45 - __main__ - INFO - 162 - trainer - [117/190] Loss: 1.0740
2026/08/31 04:06:50 - __main__ - INFO - 162 - trainer - [156/190] Loss: 1.0802
2026/08/31 04:06:55 - __main__ - INFO - 167 - trainer - Average loss in epoch 406: 1.0546
2026/08/31 04:06:55 - __main__ - INFO - 117 - trainer - Epoch: 407
2026/08/31 04:06:55 - __main__ - INFO - 162 - trainer - [0/190] Loss: 1.0586
2026/08/31 04:07:01 - __main__ - INFO - 162 - trainer - [39/190] Loss: 1.0538
2026/08/31 04:07:06 - __main__ - INFO - 162 - trainer - [78/190] Loss: 1.0565
2026/08/31 04:07:12 - __main__ - INFO - 162 - trainer - [117/190] Loss: 1.0422
2026/08/31 04:07:17 - __main__ - INFO - 162 - trainer - [156/190] Loss: 1.0430
2026/08/31 04:07:22 - __main__ - INFO - 167 - trainer - Average loss in epoch 407: 1.0553
2026/08/31 04:07:22 - __main__ - INFO - 117 - trainer - Epoch: 408
2026/08/31 04:07:22 - __main__ - INFO - 162 - trainer - [0/190] Loss: 1.0682
2026/08/31 04:07:28 - __main__ - INFO - 162 - trainer - [39/190] Loss: 1.0568
2026/08/31 04:07:33 - __main__ - INFO - 162 - trainer - [78/190] Loss: 1.0704
2026/08/31 04:07:39 - __main__ - INFO - 162 - trainer - [117/190] Loss: 1.0291
2026/08/31 04:07:44 - __main__ - INFO - 162 - trainer - [156/190] Loss: 1.0717
2026/08/31 04:07:49 - __main__ - INFO - 167 - trainer - Average loss in epoch 408: 1.0548
2026/08/31 04:07:49 - __main__ - INFO - 117 - trainer - Epoch: 409
2026/08/31 04:07:49 - __main__ - INFO - 162 - trainer - [0/190] Loss: 1.0281
2026/08/31 04:07:55 - __main__ - INFO - 162 - trainer - [39/190] Loss: 1.0672
2026/08/31 04:08:00 - __main__ - INFO - 162 - trainer - [78/190] Loss: 1.0464
2026/08/31 04:08:06 - __main__ - INFO - 162 - trainer - [117/190] Loss: 1.0347
2026/08/31 04:08:12 - __main__ - INFO - 162 - trainer - [156/190] Loss: 1.0527
2026/08/31 04:08:16 - __main__ - INFO - 167 - trainer - Average loss in epoch 409: 1.0541
2026/08/31 04:08:16 - __main__ - INFO - 117 - trainer - Epoch: 410
2026/08/31 04:08:16 - __main__ - INFO - 162 - trainer - [0/190] Loss: 1.0650
2026/08/31 04:08:22 - __main__ - INFO - 162 - trainer - [39/190] Loss: 1.0531
2026/08/31 04:08:27 - __main__ - INFO - 162 - trainer - [78/190] Loss: 1.0402
2026/08/31 04:08:33 - __main__ - INFO - 162 - trainer - [117/190] Loss: 1.0513
2026/08/31 04:08:39 - __main__ - INFO - 162 - trainer - [156/190] Loss: 1.0588
2026/08/31 04:08:43 - __main__ - INFO - 167 - trainer - Average loss in epoch 410: 1.0541
2026/08/31 04:08:43 - __main__ - INFO - 117 - trainer - Epoch: 411
2026/08/31 04:08:44 - __main__ - INFO - 162 - trainer - [0/190] Loss: 1.0668
2026/08/31 04:08:49 - __main__ - INFO - 162 - trainer - [39/190] Loss: 1.0567
2026/08/31 04:08:55 - __main__ - INFO - 162 - trainer - [78/190] Loss: 1.0395
2026/08/31 04:09:00 - __main__ - INFO - 162 - trainer - [117/190] Loss: 1.0655
2026/08/31 04:09:06 - __main__ - INFO - 162 - trainer - [156/190] Loss: 1.0506
2026/08/31 04:09:10 - __main__ - INFO - 167 - trainer - Average loss in epoch 411: 1.0542
2026/08/31 04:09:10 - __main__ - INFO - 117 - trainer - Epoch: 412
2026/08/31 04:09:10 - __main__ - INFO - 162 - trainer - [0/190] Loss: 1.0428
2026/08/31 04:09:16 - __main__ - INFO - 162 - trainer - [39/190] Loss: 1.0503
2026/08/31 04:09:21 - __main__ - INFO - 162 - trainer - [78/190] Loss: 1.0503
2026/08/31 04:09:27 - __main__ - INFO - 162 - trainer - [117/190] Loss: 1.0505
2026/08/31 04:09:33 - __main__ - INFO - 162 - trainer - [156/190] Loss: 1.0395
2026/08/31 04:09:37 - __main__ - INFO - 167 - trainer - Average loss in epoch 412: 1.0550
2026/08/31 04:09:37 - __main__ - INFO - 117 - trainer - Epoch: 413
2026/08/31 04:09:37 - __main__ - INFO - 162 - trainer - [0/190] Loss: 1.0425
2026/08/31 04:09:43 - __main__ - INFO - 162 - trainer - [39/190] Loss: 1.0527
2026/08/31 04:09:48 - __main__ - INFO - 162 - trainer - [78/190] Loss: 1.0638
2026/08/31 04:09:54 - __main__ - INFO - 162 - trainer - [117/190] Loss: 1.0562
2026/08/31 04:09:59 - __main__ - INFO - 162 - trainer - [156/190] Loss: 1.0441
2026/08/31 04:10:04 - __main__ - INFO - 167 - trainer - Average loss in epoch 413: 1.0550
2026/08/31 04:10:04 - __main__ - INFO - 117 - trainer - Epoch: 414
2026/08/31 04:10:04 - __main__ - INFO - 162 - trainer - [0/190] Loss: 1.0631
2026/08/31 04:10:10 - __main__ - INFO - 162 - trainer - [39/190] Loss: 1.0366
2026/08/31 04:10:15 - __main__ - INFO - 162 - trainer - [78/190] Loss: 1.0615
2026/08/31 04:10:21 - __main__ - INFO - 162 - trainer - [117/190] Loss: 1.0750
2026/08/31 04:10:26 - __main__ - INFO - 162 - trainer - [156/190] Loss: 1.0513
2026/08/31 04:10:31 - __main__ - INFO - 167 - trainer - Average loss in epoch 414: 1.0543
2026/08/31 04:10:31 - __main__ - INFO - 117 - trainer - Epoch: 415
2026/08/31 04:10:31 - __main__ - INFO - 162 - trainer - [0/190] Loss: 1.0472
2026/08/31 04:10:37 - __main__ - INFO - 162 - trainer - [39/190] Loss: 1.0440
2026/08/31 04:10:43 - __main__ - INFO - 162 - trainer - [78/190] Loss: 1.0625
2026/08/31 04:10:48 - __main__ - INFO - 162 - trainer - [117/190] Loss: 1.0616
2026/08/31 04:10:54 - __main__ - INFO - 162 - trainer - [156/190] Loss: 1.0529
2026/08/31 04:10:58 - __main__ - INFO - 167 - trainer - Average loss in epoch 415: 1.0543
2026/08/31 04:10:58 - __main__ - INFO - 117 - trainer - Epoch: 416
2026/08/31 04:10:59 - __main__ - INFO - 162 - trainer - [0/190] Loss: 1.0759
2026/08/31 04:11:04 - __main__ - INFO - 162 - trainer - [39/190] Loss: 1.0490
2026/08/31 04:11:10 - __main__ - INFO - 162 - trainer - [78/190] Loss: 1.0496
2026/08/31 04:11:15 - __main__ - INFO - 162 - trainer - [117/190] Loss: 1.0418
2026/08/31 04:11:21 - __main__ - INFO - 162 - trainer - [156/190] Loss: 1.0564
2026/08/31 04:11:25 - __main__ - INFO - 167 - trainer - Average loss in epoch 416: 1.0548
2026/08/31 04:11:25 - __main__ - INFO - 117 - trainer - Epoch: 417
2026/08/31 04:11:26 - __main__ - INFO - 162 - trainer - [0/190] Loss: 1.0485
2026/08/31 04:11:31 - __main__ - INFO - 162 - trainer - [39/190] Loss: 1.0428
2026/08/31 04:11:37 - __main__ - INFO - 162 - trainer - [78/190] Loss: 1.0435
2026/08/31 04:11:42 - __main__ - INFO - 162 - trainer - [117/190] Loss: 1.0704
2026/08/31 04:11:48 - __main__ - INFO - 162 - trainer - [156/190] Loss: 1.0669
2026/08/31 04:11:53 - __main__ - INFO - 167 - trainer - Average loss in epoch 417: 1.0549
2026/08/31 04:11:53 - __main__ - INFO - 117 - trainer - Epoch: 418
2026/08/31 04:11:53 - __main__ - INFO - 162 - trainer - [0/190] Loss: 1.0643
2026/08/31 04:11:58 - __main__ - INFO - 162 - trainer - [39/190] Loss: 1.0731
2026/08/31 04:12:04 - __main__ - INFO - 162 - trainer - [78/190] Loss: 1.0592
2026/08/31 04:12:09 - __main__ - INFO - 162 - trainer - [117/190] Loss: 1.0602
2026/08/31 04:12:15 - __main__ - INFO - 162 - trainer - [156/190] Loss: 1.0388
2026/08/31 04:12:19 - __main__ - INFO - 167 - trainer - Average loss in epoch 418: 1.0550
2026/08/31 04:12:19 - __main__ - INFO - 117 - trainer - Epoch: 419
2026/08/31 04:12:20 - __main__ - INFO - 162 - trainer - [0/190] Loss: 1.0534
2026/08/31 04:12:25 - __main__ - INFO - 162 - trainer - [39/190] Loss: 1.0440
2026/08/31 04:12:31 - __main__ - INFO - 162 - trainer - [78/190] Loss: 1.0600
2026/08/31 04:12:36 - __main__ - INFO - 162 - trainer - [117/190] Loss: 1.0447
2026/08/31 04:12:42 - __main__ - INFO - 162 - trainer - [156/190] Loss: 1.0490
2026/08/31 04:12:47 - __main__ - INFO - 167 - trainer - Average loss in epoch 419: 1.0548
2026/08/31 04:12:47 - __main__ - INFO - 117 - trainer - Epoch: 420
2026/08/31 04:12:47 - __main__ - INFO - 162 - trainer - [0/190] Loss: 1.0457
2026/08/31 04:12:52 - __main__ - INFO - 162 - trainer - [39/190] Loss: 1.0568
2026/08/31 04:12:58 - __main__ - INFO - 162 - trainer - [78/190] Loss: 1.0450
2026/08/31 04:13:03 - __main__ - INFO - 162 - trainer - [117/190] Loss: 1.0679
2026/08/31 04:13:09 - __main__ - INFO - 162 - trainer - [156/190] Loss: 1.0590
2026/08/31 04:13:14 - __main__ - INFO - 167 - trainer - Average loss in epoch 420: 1.0544
2026/08/31 04:13:14 - __main__ - INFO - 173 - trainer - start predicting: 2026-08-31 04:13:14.208074
2026/08/31 04:13:16 - __main__ - INFO - 117 - trainer - Epoch: 421
2026/08/31 04:13:16 - __main__ - INFO - 162 - trainer - [0/190] Loss: 1.0550
2026/08/31 04:13:22 - __main__ - INFO - 162 - trainer - [39/190] Loss: 1.0293
2026/08/31 04:13:28 - __main__ - INFO - 162 - trainer - [78/190] Loss: 1.0563
2026/08/31 04:13:33 - __main__ - INFO - 162 - trainer - [117/190] Loss: 1.0655
2026/08/31 04:13:39 - __main__ - INFO - 162 - trainer - [156/190] Loss: 1.0442
2026/08/31 04:13:43 - __main__ - INFO - 167 - trainer - Average loss in epoch 421: 1.0548
2026/08/31 04:13:43 - __main__ - INFO - 117 - trainer - Epoch: 422
2026/08/31 04:13:44 - __main__ - INFO - 162 - trainer - [0/190] Loss: 1.0482
2026/08/31 04:13:49 - __main__ - INFO - 162 - trainer - [39/190] Loss: 1.0808
2026/08/31 04:13:55 - __main__ - INFO - 162 - trainer - [78/190] Loss: 1.0459
2026/08/31 04:14:00 - __main__ - INFO - 162 - trainer - [117/190] Loss: 1.0720
2026/08/31 04:14:06 - __main__ - INFO - 162 - trainer - [156/190] Loss: 1.0331
2026/08/31 04:14:10 - __main__ - INFO - 167 - trainer - Average loss in epoch 422: 1.0546
2026/08/31 04:14:10 - __main__ - INFO - 117 - trainer - Epoch: 423
2026/08/31 04:14:11 - __main__ - INFO - 162 - trainer - [0/190] Loss: 1.0422
2026/08/31 04:14:16 - __main__ - INFO - 162 - trainer - [39/190] Loss: 1.0378
2026/08/31 04:14:22 - __main__ - INFO - 162 - trainer - [78/190] Loss: 1.0647
2026/08/31 04:14:27 - __main__ - INFO - 162 - trainer - [117/190] Loss: 1.0517
2026/08/31 04:14:33 - __main__ - INFO - 162 - trainer - [156/190] Loss: 1.0682
2026/08/31 04:14:38 - __main__ - INFO - 167 - trainer - Average loss in epoch 423: 1.0546
2026/08/31 04:14:38 - __main__ - INFO - 117 - trainer - Epoch: 424
2026/08/31 04:14:38 - __main__ - INFO - 162 - trainer - [0/190] Loss: 1.0500
2026/08/31 04:14:43 - __main__ - INFO - 162 - trainer - [39/190] Loss: 1.0546
2026/08/31 04:14:49 - __main__ - INFO - 162 - trainer - [78/190] Loss: 1.0585
2026/08/31 04:14:54 - __main__ - INFO - 162 - trainer - [117/190] Loss: 1.0472
2026/08/31 04:15:00 - __main__ - INFO - 162 - trainer - [156/190] Loss: 1.0425
2026/08/31 04:15:05 - __main__ - INFO - 167 - trainer - Average loss in epoch 424: 1.0544
2026/08/31 04:15:05 - __main__ - INFO - 117 - trainer - Epoch: 425
2026/08/31 04:15:05 - __main__ - INFO - 162 - trainer - [0/190] Loss: 1.0481
2026/08/31 04:15:10 - __main__ - INFO - 162 - trainer - [39/190] Loss: 1.0430
2026/08/31 04:15:16 - __main__ - INFO - 162 - trainer - [78/190] Loss: 1.0542
2026/08/31 04:15:21 - __main__ - INFO - 162 - trainer - [117/190] Loss: 1.0566
2026/08/31 04:15:27 - __main__ - INFO - 162 - trainer - [156/190] Loss: 1.0611
2026/08/31 04:15:32 - __main__ - INFO - 167 - trainer - Average loss in epoch 425: 1.0549
2026/08/31 04:15:32 - __main__ - INFO - 117 - trainer - Epoch: 426
2026/08/31 04:15:32 - __main__ - INFO - 162 - trainer - [0/190] Loss: 1.0612
2026/08/31 04:15:37 - __main__ - INFO - 162 - trainer - [39/190] Loss: 1.0697
2026/08/31 04:15:43 - __main__ - INFO - 162 - trainer - [78/190] Loss: 1.0490
2026/08/31 04:15:49 - __main__ - INFO - 162 - trainer - [117/190] Loss: 1.0629
2026/08/31 04:15:54 - __main__ - INFO - 162 - trainer - [156/190] Loss: 1.0581
2026/08/31 04:15:59 - __main__ - INFO - 167 - trainer - Average loss in epoch 426: 1.0548
2026/08/31 04:15:59 - __main__ - INFO - 117 - trainer - Epoch: 427
2026/08/31 04:15:59 - __main__ - INFO - 162 - trainer - [0/190] Loss: 1.0565
2026/08/31 04:16:05 - __main__ - INFO - 162 - trainer - [39/190] Loss: 1.0320
2026/08/31 04:16:10 - __main__ - INFO - 162 - trainer - [78/190] Loss: 1.0605
2026/08/31 04:16:16 - __main__ - INFO - 162 - trainer - [117/190] Loss: 1.0577
2026/08/31 04:16:21 - __main__ - INFO - 162 - trainer - [156/190] Loss: 1.0527
2026/08/31 04:16:26 - __main__ - INFO - 167 - trainer - Average loss in epoch 427: 1.0548
2026/08/31 04:16:26 - __main__ - INFO - 117 - trainer - Epoch: 428
2026/08/31 04:16:26 - __main__ - INFO - 162 - trainer - [0/190] Loss: 1.0924
2026/08/31 04:16:32 - __main__ - INFO - 162 - trainer - [39/190] Loss: 1.0625
2026/08/31 04:16:37 - __main__ - INFO - 162 - trainer - [78/190] Loss: 1.0262
2026/08/31 04:16:43 - __main__ - INFO - 162 - trainer - [117/190] Loss: 1.0391
2026/08/31 04:16:48 - __main__ - INFO - 162 - trainer - [156/190] Loss: 1.0656
2026/08/31 04:16:53 - __main__ - INFO - 167 - trainer - Average loss in epoch 428: 1.0545
2026/08/31 04:16:53 - __main__ - INFO - 117 - trainer - Epoch: 429
2026/08/31 04:16:53 - __main__ - INFO - 162 - trainer - [0/190] Loss: 1.0518
2026/08/31 04:16:58 - __main__ - INFO - 162 - trainer - [39/190] Loss: 1.0404
2026/08/31 04:17:04 - __main__ - INFO - 162 - trainer - [78/190] Loss: 1.0475
2026/08/31 04:17:10 - __main__ - INFO - 162 - trainer - [117/190] Loss: 1.0633
2026/08/31 04:17:15 - __main__ - INFO - 162 - trainer - [156/190] Loss: 1.0454
2026/08/31 04:17:20 - __main__ - INFO - 167 - trainer - Average loss in epoch 429: 1.0548
2026/08/31 04:17:20 - __main__ - INFO - 117 - trainer - Epoch: 430
2026/08/31 04:17:20 - __main__ - INFO - 162 - trainer - [0/190] Loss: 1.0520
2026/08/31 04:17:26 - __main__ - INFO - 162 - trainer - [39/190] Loss: 1.0221
2026/08/31 04:17:31 - __main__ - INFO - 162 - trainer - [78/190] Loss: 1.0451
2026/08/31 04:17:37 - __main__ - INFO - 162 - trainer - [117/190] Loss: 1.0395
2026/08/31 04:17:42 - __main__ - INFO - 162 - trainer - [156/190] Loss: 1.0810
2026/08/31 04:17:47 - __main__ - INFO - 167 - trainer - Average loss in epoch 430: 1.0554
2026/08/31 04:17:47 - __main__ - INFO - 117 - trainer - Epoch: 431
2026/08/31 04:17:47 - __main__ - INFO - 162 - trainer - [0/190] Loss: 1.0508
2026/08/31 04:17:53 - __main__ - INFO - 162 - trainer - [39/190] Loss: 1.0760
2026/08/31 04:17:58 - __main__ - INFO - 162 - trainer - [78/190] Loss: 1.0437
2026/08/31 04:18:04 - __main__ - INFO - 162 - trainer - [117/190] Loss: 1.0711
2026/08/31 04:18:09 - __main__ - INFO - 162 - trainer - [156/190] Loss: 1.0676
2026/08/31 04:18:14 - __main__ - INFO - 167 - trainer - Average loss in epoch 431: 1.0539
2026/08/31 04:18:14 - __main__ - INFO - 117 - trainer - Epoch: 432
2026/08/31 04:18:14 - __main__ - INFO - 162 - trainer - [0/190] Loss: 1.0733
2026/08/31 04:18:19 - __main__ - INFO - 162 - trainer - [39/190] Loss: 1.0733
2026/08/31 04:18:25 - __main__ - INFO - 162 - trainer - [78/190] Loss: 1.0546
2026/08/31 04:18:31 - __main__ - INFO - 162 - trainer - [117/190] Loss: 1.0450
2026/08/31 04:18:36 - __main__ - INFO - 162 - trainer - [156/190] Loss: 1.0661
2026/08/31 04:18:41 - __main__ - INFO - 167 - trainer - Average loss in epoch 432: 1.0539
2026/08/31 04:18:41 - __main__ - INFO - 117 - trainer - Epoch: 433
2026/08/31 04:18:41 - __main__ - INFO - 162 - trainer - [0/190] Loss: 1.0441
2026/08/31 04:18:46 - __main__ - INFO - 162 - trainer - [39/190] Loss: 1.0728
2026/08/31 04:18:52 - __main__ - INFO - 162 - trainer - [78/190] Loss: 1.0545
2026/08/31 04:18:57 - __main__ - INFO - 162 - trainer - [117/190] Loss: 1.0468
2026/08/31 04:19:03 - __main__ - INFO - 162 - trainer - [156/190] Loss: 1.0736
2026/08/31 04:19:08 - __main__ - INFO - 167 - trainer - Average loss in epoch 433: 1.0539
2026/08/31 04:19:08 - __main__ - INFO - 117 - trainer - Epoch: 434
2026/08/31 04:19:08 - __main__ - INFO - 162 - trainer - [0/190] Loss: 1.0644
2026/08/31 04:19:13 - __main__ - INFO - 162 - trainer - [39/190] Loss: 1.0602
2026/08/31 04:19:19 - __main__ - INFO - 162 - trainer - [78/190] Loss: 1.0720
2026/08/31 04:19:24 - __main__ - INFO - 162 - trainer - [117/190] Loss: 1.0532
2026/08/31 04:19:30 - __main__ - INFO - 162 - trainer - [156/190] Loss: 1.0419
2026/08/31 04:19:35 - __main__ - INFO - 167 - trainer - Average loss in epoch 434: 1.0543
2026/08/31 04:19:35 - __main__ - INFO - 117 - trainer - Epoch: 435
2026/08/31 04:19:35 - __main__ - INFO - 162 - trainer - [0/190] Loss: 1.0592
2026/08/31 04:19:40 - __main__ - INFO - 162 - trainer - [39/190] Loss: 1.0545
2026/08/31 04:19:46 - __main__ - INFO - 162 - trainer - [78/190] Loss: 1.0584
2026/08/31 04:19:51 - __main__ - INFO - 162 - trainer - [117/190] Loss: 1.0449
2026/08/31 04:19:57 - __main__ - INFO - 162 - trainer - [156/190] Loss: 1.0403
2026/08/31 04:20:02 - __main__ - INFO - 167 - trainer - Average loss in epoch 435: 1.0544
2026/08/31 04:20:02 - __main__ - INFO - 117 - trainer - Epoch: 436
2026/08/31 04:20:02 - __main__ - INFO - 162 - trainer - [0/190] Loss: 1.0548
2026/08/31 04:20:07 - __main__ - INFO - 162 - trainer - [39/190] Loss: 1.0607
2026/08/31 04:20:13 - __main__ - INFO - 162 - trainer - [78/190] Loss: 1.0733
2026/08/31 04:20:18 - __main__ - INFO - 162 - trainer - [117/190] Loss: 1.0455
2026/08/31 04:20:24 - __main__ - INFO - 162 - trainer - [156/190] Loss: 1.0596
2026/08/31 04:20:29 - __main__ - INFO - 167 - trainer - Average loss in epoch 436: 1.0551
2026/08/31 04:20:29 - __main__ - INFO - 117 - trainer - Epoch: 437
2026/08/31 04:20:29 - __main__ - INFO - 162 - trainer - [0/190] Loss: 1.0783
2026/08/31 04:20:34 - __main__ - INFO - 162 - trainer - [39/190] Loss: 1.0464
2026/08/31 04:20:40 - __main__ - INFO - 162 - trainer - [78/190] Loss: 1.0364
2026/08/31 04:20:46 - __main__ - INFO - 162 - trainer - [117/190] Loss: 1.0640
2026/08/31 04:20:51 - __main__ - INFO - 162 - trainer - [156/190] Loss: 1.0447
2026/08/31 04:20:56 - __main__ - INFO - 167 - trainer - Average loss in epoch 437: 1.0538
2026/08/31 04:20:56 - __main__ - INFO - 117 - trainer - Epoch: 438
2026/08/31 04:20:56 - __main__ - INFO - 162 - trainer - [0/190] Loss: 1.0485
2026/08/31 04:21:01 - __main__ - INFO - 162 - trainer - [39/190] Loss: 1.0642
2026/08/31 04:21:07 - __main__ - INFO - 162 - trainer - [78/190] Loss: 1.0674
2026/08/31 04:21:12 - __main__ - INFO - 162 - trainer - [117/190] Loss: 1.0384
2026/08/31 04:21:18 - __main__ - INFO - 162 - trainer - [156/190] Loss: 1.0303
2026/08/31 04:21:23 - __main__ - INFO - 167 - trainer - Average loss in epoch 438: 1.0543
2026/08/31 04:21:23 - __main__ - INFO - 117 - trainer - Epoch: 439
2026/08/31 04:21:23 - __main__ - INFO - 162 - trainer - [0/190] Loss: 1.0531
2026/08/31 04:21:28 - __main__ - INFO - 162 - trainer - [39/190] Loss: 1.0505
2026/08/31 04:21:34 - __main__ - INFO - 162 - trainer - [78/190] Loss: 1.0756
2026/08/31 04:21:40 - __main__ - INFO - 162 - trainer - [117/190] Loss: 1.0735
2026/08/31 04:21:45 - __main__ - INFO - 162 - trainer - [156/190] Loss: 1.0537
2026/08/31 04:21:50 - __main__ - INFO - 167 - trainer - Average loss in epoch 439: 1.0536
2026/08/31 04:21:50 - __main__ - INFO - 117 - trainer - Epoch: 440
2026/08/31 04:21:50 - __main__ - INFO - 162 - trainer - [0/190] Loss: 1.0624
2026/08/31 04:21:56 - __main__ - INFO - 162 - trainer - [39/190] Loss: 1.0677
2026/08/31 04:22:01 - __main__ - INFO - 162 - trainer - [78/190] Loss: 1.0635
2026/08/31 04:22:07 - __main__ - INFO - 162 - trainer - [117/190] Loss: 1.0614
2026/08/31 04:22:12 - __main__ - INFO - 162 - trainer - [156/190] Loss: 1.0522
2026/08/31 04:22:17 - __main__ - INFO - 167 - trainer - Average loss in epoch 440: 1.0543
2026/08/31 04:22:17 - __main__ - INFO - 173 - trainer - start predicting: 2026-08-31 04:22:17.379089
2026/08/31 04:22:19 - __main__ - INFO - 210 - trainer - {'Best_HR@5': np.float64(10.0482), 'Best_HR@10': np.float64(17.4531), 'Best_HR@20': np.float64(28.1914), 'Best_NDCG@5': np.float64(5.6613), 'Best_NDCG@10': np.float64(8.0134), 'Best_NDCG@20': np.float64(10.7518)}
2026/08/31 04:22:19 - __main__ - INFO - 211 - trainer - {'Best_epoch_HR@5': 280, 'Best_epoch_HR@10': 340, 'Best_epoch_HR@20': 220, 'Best_epoch_NDCG@5': 280, 'Best_epoch_NDCG@10': 340, 'Best_epoch_NDCG@20': 180}
2026/08/31 04:26:43 - __main__ - INFO - 268 - trainer - Train------------------------------------------------------
2026/08/31 04:26:43 - __main__ - INFO - 270 - trainer - {'HR@5': np.float64(24.3035), 'HR@10': np.float64(35.5163), 'HR@20': np.float64(49.7873), 'NDCG@5': np.float64(16.7885), 'NDCG@10': np.float64(20.3961), 'NDCG@20': np.float64(23.9909)}
2026/08/31 04:26:43 - __main__ - INFO - 274 - trainer - Test------------------------------------------------------
2026/08/31 04:26:43 - __main__ - INFO - 276 - trainer - {'HR@5': np.float64(7.2279), 'HR@10': np.float64(12.7098), 'HR@20': np.float64(22.8373), 'NDCG@5': np.float64(4.7178), 'NDCG@10': np.float64(6.488), 'NDCG@20': np.float64(9.0218)}
2026/08/31 04:26:43 - __main__ - INFO - 279 - trainer - Best Eval---------------------------------------------------------
2026/08/31 04:26:43 - __main__ - INFO - 282 - trainer - {'Best_HR@5': np.float64(10.0482), 'Best_HR@10': np.float64(17.4531), 'Best_HR@20': np.float64(28.1914), 'Best_NDCG@5': np.float64(5.6613), 'Best_NDCG@10': np.float64(8.0134), 'Best_NDCG@20': np.float64(10.7518)}
2026/08/31 04:26:43 - __main__ - INFO - 283 - trainer - {'Best_epoch_HR@5': 280, 'Best_epoch_HR@10': 340, 'Best_epoch_HR@20': 220, 'Best_epoch_NDCG@5': 280, 'Best_epoch_NDCG@10': 340, 'Best_epoch_NDCG@20': 180}
