2026/08/26 19:30:04 - __main__ - INFO - 73 - main - Namespace(dataset='ml-100k', log_file='log/', random_seed=1997, max_len=50, device='cuda', num_gpu=1, batch_size=512, hidden_size=128, dropout=0.1, emb_dropout=0.3, hidden_act='gelu', num_blocks=4, epochs=500, decay_step=100, gamma=0.1, metric_ks=[5, 10, 20], optimizer='Adam', lr=0.001, weight_decay=0, momentum=None, lambda_uncertainty=0.001, eval_interval=20, patience=5, eps=0.001, sample_N=30, lambda_t=0.001, dropout_c=0.1, eps_reverse=0.001, m_logNorm=1.0, s_logNorm=0.6, s_modsamp=1.0, last=2, mask_ratio=1.0, sampling_method='mode', Loss_Alpha=0.2, Loss_Beta=0.4)
2026/08/26 19:30:05 - __main__ - INFO - 117 - trainer - Epoch: 0
2026/08/26 19:30:06 - __main__ - INFO - 162 - trainer - [0/190] Loss: 13.2132
2026/08/26 19:30:11 - __main__ - INFO - 162 - trainer - [39/190] Loss: 6.7864
2026/08/26 19:30:17 - __main__ - INFO - 162 - trainer - [78/190] Loss: 5.9648
2026/08/26 19:30:22 - __main__ - INFO - 162 - trainer - [117/190] Loss: 5.2179
2026/08/26 19:30:28 - __main__ - INFO - 162 - trainer - [156/190] Loss: 4.9202
2026/08/26 19:30:33 - __main__ - INFO - 167 - trainer - Average loss in epoch 0: 5.9553
2026/08/26 19:30:33 - __main__ - INFO - 117 - trainer - Epoch: 1
2026/08/26 19:30:33 - __main__ - INFO - 162 - trainer - [0/190] Loss: 4.5551
2026/08/26 19:30:38 - __main__ - INFO - 162 - trainer - [39/190] Loss: 4.3884
2026/08/26 19:30:44 - __main__ - INFO - 162 - trainer - [78/190] Loss: 3.9962
2026/08/26 19:30:50 - __main__ - INFO - 162 - trainer - [117/190] Loss: 3.6753
2026/08/26 19:30:55 - __main__ - INFO - 162 - trainer - [156/190] Loss: 3.5240
2026/08/26 19:31:00 - __main__ - INFO - 167 - trainer - Average loss in epoch 1: 3.9101
2026/08/26 19:31:00 - __main__ - INFO - 117 - trainer - Epoch: 2
2026/08/26 19:31:00 - __main__ - INFO - 162 - trainer - [0/190] Loss: 3.2335
2026/08/26 19:31:06 - __main__ - INFO - 162 - trainer - [39/190] Loss: 3.0484
2026/08/26 19:31:11 - __main__ - INFO - 162 - trainer - [78/190] Loss: 2.7976
2026/08/26 19:31:17 - __main__ - INFO - 162 - trainer - [117/190] Loss: 2.5630
2026/08/26 19:31:22 - __main__ - INFO - 162 - trainer - [156/190] Loss: 2.4806
2026/08/26 19:31:27 - __main__ - INFO - 167 - trainer - Average loss in epoch 2: 2.7542
2026/08/26 19:31:27 - __main__ - INFO - 117 - trainer - Epoch: 3
2026/08/26 19:31:27 - __main__ - INFO - 162 - trainer - [0/190] Loss: 2.4293
2026/08/26 19:31:33 - __main__ - INFO - 162 - trainer - [39/190] Loss: 2.3936
2026/08/26 19:31:38 - __main__ - INFO - 162 - trainer - [78/190] Loss: 2.3580
2026/08/26 19:31:44 - __main__ - INFO - 162 - trainer - [117/190] Loss: 2.3223
2026/08/26 19:31:49 - __main__ - INFO - 162 - trainer - [156/190] Loss: 2.3241
2026/08/26 19:31:54 - __main__ - INFO - 167 - trainer - Average loss in epoch 3: 2.3644
2026/08/26 19:31:54 - __main__ - INFO - 117 - trainer - Epoch: 4
2026/08/26 19:31:54 - __main__ - INFO - 162 - trainer - [0/190] Loss: 2.2948
2026/08/26 19:32:00 - __main__ - INFO - 162 - trainer - [39/190] Loss: 2.2448
2026/08/26 19:32:05 - __main__ - INFO - 162 - trainer - [78/190] Loss: 2.2168
2026/08/26 19:32:11 - __main__ - INFO - 162 - trainer - [117/190] Loss: 2.2302
2026/08/26 19:32:17 - __main__ - INFO - 162 - trainer - [156/190] Loss: 2.2066
2026/08/26 19:32:21 - __main__ - INFO - 167 - trainer - Average loss in epoch 4: 2.2397
2026/08/26 19:32:21 - __main__ - INFO - 117 - trainer - Epoch: 5
2026/08/26 19:32:22 - __main__ - INFO - 162 - trainer - [0/190] Loss: 2.1767
2026/08/26 19:32:27 - __main__ - INFO - 162 - trainer - [39/190] Loss: 2.1584
2026/08/26 19:32:33 - __main__ - INFO - 162 - trainer - [78/190] Loss: 2.1745
2026/08/26 19:32:38 - __main__ - INFO - 162 - trainer - [117/190] Loss: 2.1089
2026/08/26 19:32:44 - __main__ - INFO - 162 - trainer - [156/190] Loss: 2.1076
2026/08/26 19:32:49 - __main__ - INFO - 167 - trainer - Average loss in epoch 5: 2.1384
2026/08/26 19:32:49 - __main__ - INFO - 117 - trainer - Epoch: 6
2026/08/26 19:32:49 - __main__ - INFO - 162 - trainer - [0/190] Loss: 2.0675
2026/08/26 19:32:55 - __main__ - INFO - 162 - trainer - [39/190] Loss: 2.0899
2026/08/26 19:33:00 - __main__ - INFO - 162 - trainer - [78/190] Loss: 2.0626
2026/08/26 19:33:06 - __main__ - INFO - 162 - trainer - [117/190] Loss: 2.0663
2026/08/26 19:33:11 - __main__ - INFO - 162 - trainer - [156/190] Loss: 2.0317
2026/08/26 19:33:16 - __main__ - INFO - 167 - trainer - Average loss in epoch 6: 2.0531
2026/08/26 19:33:16 - __main__ - INFO - 117 - trainer - Epoch: 7
2026/08/26 19:33:16 - __main__ - INFO - 162 - trainer - [0/190] Loss: 2.0160
2026/08/26 19:33:22 - __main__ - INFO - 162 - trainer - [39/190] Loss: 1.9868
2026/08/26 19:33:27 - __main__ - INFO - 162 - trainer - [78/190] Loss: 1.9649
2026/08/26 19:33:33 - __main__ - INFO - 162 - trainer - [117/190] Loss: 1.9389
2026/08/26 19:33:38 - __main__ - INFO - 162 - trainer - [156/190] Loss: 1.9598
2026/08/26 19:33:43 - __main__ - INFO - 167 - trainer - Average loss in epoch 7: 1.9765
2026/08/26 19:33:43 - __main__ - INFO - 117 - trainer - Epoch: 8
2026/08/26 19:33:43 - __main__ - INFO - 162 - trainer - [0/190] Loss: 1.9421
2026/08/26 19:33:49 - __main__ - INFO - 162 - trainer - [39/190] Loss: 1.9370
2026/08/26 19:33:54 - __main__ - INFO - 162 - trainer - [78/190] Loss: 1.9092
2026/08/26 19:34:00 - __main__ - INFO - 162 - trainer - [117/190] Loss: 1.8803
2026/08/26 19:34:05 - __main__ - INFO - 162 - trainer - [156/190] Loss: 1.9073
2026/08/26 19:34:10 - __main__ - INFO - 167 - trainer - Average loss in epoch 8: 1.9078
2026/08/26 19:34:10 - __main__ - INFO - 117 - trainer - Epoch: 9
2026/08/26 19:34:10 - __main__ - INFO - 162 - trainer - [0/190] Loss: 1.8843
2026/08/26 19:34:16 - __main__ - INFO - 162 - trainer - [39/190] Loss: 1.8474
2026/08/26 19:34:21 - __main__ - INFO - 162 - trainer - [78/190] Loss: 1.8265
2026/08/26 19:34:27 - __main__ - INFO - 162 - trainer - [117/190] Loss: 1.8377
2026/08/26 19:34:32 - __main__ - INFO - 162 - trainer - [156/190] Loss: 1.8449
2026/08/26 19:34:37 - __main__ - INFO - 167 - trainer - Average loss in epoch 9: 1.8460
2026/08/26 19:34:37 - __main__ - INFO - 117 - trainer - Epoch: 10
2026/08/26 19:34:37 - __main__ - INFO - 162 - trainer - [0/190] Loss: 1.7916
2026/08/26 19:34:43 - __main__ - INFO - 162 - trainer - [39/190] Loss: 1.8191
2026/08/26 19:34:48 - __main__ - INFO - 162 - trainer - [78/190] Loss: 1.7993
2026/08/26 19:34:54 - __main__ - INFO - 162 - trainer - [117/190] Loss: 1.7633
2026/08/26 19:34:59 - __main__ - INFO - 162 - trainer - [156/190] Loss: 1.7750
2026/08/26 19:35:04 - __main__ - INFO - 167 - trainer - Average loss in epoch 10: 1.7893
2026/08/26 19:35:04 - __main__ - INFO - 117 - trainer - Epoch: 11
2026/08/26 19:35:04 - __main__ - INFO - 162 - trainer - [0/190] Loss: 1.7507
2026/08/26 19:35:10 - __main__ - INFO - 162 - trainer - [39/190] Loss: 1.7573
2026/08/26 19:35:15 - __main__ - INFO - 162 - trainer - [78/190] Loss: 1.7435
2026/08/26 19:35:21 - __main__ - INFO - 162 - trainer - [117/190] Loss: 1.7218
2026/08/26 19:35:26 - __main__ - INFO - 162 - trainer - [156/190] Loss: 1.7368
2026/08/26 19:35:31 - __main__ - INFO - 167 - trainer - Average loss in epoch 11: 1.7361
2026/08/26 19:35:31 - __main__ - INFO - 117 - trainer - Epoch: 12
2026/08/26 19:35:31 - __main__ - INFO - 162 - trainer - [0/190] Loss: 1.7239
2026/08/26 19:35:37 - __main__ - INFO - 162 - trainer - [39/190] Loss: 1.6805
2026/08/26 19:35:42 - __main__ - INFO - 162 - trainer - [78/190] Loss: 1.7067
2026/08/26 19:35:48 - __main__ - INFO - 162 - trainer - [117/190] Loss: 1.6748
2026/08/26 19:35:53 - __main__ - INFO - 162 - trainer - [156/190] Loss: 1.6896
2026/08/26 19:35:58 - __main__ - INFO - 167 - trainer - Average loss in epoch 12: 1.6885
2026/08/26 19:35:58 - __main__ - INFO - 117 - trainer - Epoch: 13
2026/08/26 19:35:58 - __main__ - INFO - 162 - trainer - [0/190] Loss: 1.6907
2026/08/26 19:36:04 - __main__ - INFO - 162 - trainer - [39/190] Loss: 1.6530
2026/08/26 19:36:10 - __main__ - INFO - 162 - trainer - [78/190] Loss: 1.6044
2026/08/26 19:36:15 - __main__ - INFO - 162 - trainer - [117/190] Loss: 1.6318
2026/08/26 19:36:21 - __main__ - INFO - 162 - trainer - [156/190] Loss: 1.6419
2026/08/26 19:36:25 - __main__ - INFO - 167 - trainer - Average loss in epoch 13: 1.6433
2026/08/26 19:36:25 - __main__ - INFO - 117 - trainer - Epoch: 14
2026/08/26 19:36:25 - __main__ - INFO - 162 - trainer - [0/190] Loss: 1.6345
2026/08/26 19:36:31 - __main__ - INFO - 162 - trainer - [39/190] Loss: 1.6033
2026/08/26 19:36:36 - __main__ - INFO - 162 - trainer - [78/190] Loss: 1.6106
2026/08/26 19:36:42 - __main__ - INFO - 162 - trainer - [117/190] Loss: 1.5728
2026/08/26 19:36:47 - __main__ - INFO - 162 - trainer - [156/190] Loss: 1.6097
2026/08/26 19:36:52 - __main__ - INFO - 167 - trainer - Average loss in epoch 14: 1.6022
2026/08/26 19:36:52 - __main__ - INFO - 117 - trainer - Epoch: 15
2026/08/26 19:36:52 - __main__ - INFO - 162 - trainer - [0/190] Loss: 1.6118
2026/08/26 19:36:58 - __main__ - INFO - 162 - trainer - [39/190] Loss: 1.5646
2026/08/26 19:37:03 - __main__ - INFO - 162 - trainer - [78/190] Loss: 1.5847
2026/08/26 19:37:09 - __main__ - INFO - 162 - trainer - [117/190] Loss: 1.5608
2026/08/26 19:37:15 - __main__ - INFO - 162 - trainer - [156/190] Loss: 1.5563
2026/08/26 19:37:19 - __main__ - INFO - 167 - trainer - Average loss in epoch 15: 1.5647
2026/08/26 19:37:19 - __main__ - INFO - 117 - trainer - Epoch: 16
2026/08/26 19:37:19 - __main__ - INFO - 162 - trainer - [0/190] Loss: 1.5364
2026/08/26 19:37:25 - __main__ - INFO - 162 - trainer - [39/190] Loss: 1.5368
2026/08/26 19:37:31 - __main__ - INFO - 162 - trainer - [78/190] Loss: 1.5227
2026/08/26 19:37:36 - __main__ - INFO - 162 - trainer - [117/190] Loss: 1.4892
2026/08/26 19:37:42 - __main__ - INFO - 162 - trainer - [156/190] Loss: 1.5202
2026/08/26 19:37:46 - __main__ - INFO - 167 - trainer - Average loss in epoch 16: 1.5307
2026/08/26 19:37:46 - __main__ - INFO - 117 - trainer - Epoch: 17
2026/08/26 19:37:46 - __main__ - INFO - 162 - trainer - [0/190] Loss: 1.5024
2026/08/26 19:37:52 - __main__ - INFO - 162 - trainer - [39/190] Loss: 1.4736
2026/08/26 19:37:58 - __main__ - INFO - 162 - trainer - [78/190] Loss: 1.5219
2026/08/26 19:38:03 - __main__ - INFO - 162 - trainer - [117/190] Loss: 1.5047
2026/08/26 19:38:09 - __main__ - INFO - 162 - trainer - [156/190] Loss: 1.4710
2026/08/26 19:38:13 - __main__ - INFO - 167 - trainer - Average loss in epoch 17: 1.4987
2026/08/26 19:38:13 - __main__ - INFO - 117 - trainer - Epoch: 18
2026/08/26 19:38:13 - __main__ - INFO - 162 - trainer - [0/190] Loss: 1.4646
2026/08/26 19:38:19 - __main__ - INFO - 162 - trainer - [39/190] Loss: 1.4508
2026/08/26 19:38:25 - __main__ - INFO - 162 - trainer - [78/190] Loss: 1.4936
2026/08/26 19:38:30 - __main__ - INFO - 162 - trainer - [117/190] Loss: 1.4202
2026/08/26 19:38:36 - __main__ - INFO - 162 - trainer - [156/190] Loss: 1.4271
2026/08/26 19:38:40 - __main__ - INFO - 167 - trainer - Average loss in epoch 18: 1.4679
2026/08/26 19:38:40 - __main__ - INFO - 117 - trainer - Epoch: 19
2026/08/26 19:38:41 - __main__ - INFO - 162 - trainer - [0/190] Loss: 1.4706
2026/08/26 19:38:46 - __main__ - INFO - 162 - trainer - [39/190] Loss: 1.4275
2026/08/26 19:38:52 - __main__ - INFO - 162 - trainer - [78/190] Loss: 1.4324
2026/08/26 19:38:57 - __main__ - INFO - 162 - trainer - [117/190] Loss: 1.4104
2026/08/26 19:39:03 - __main__ - INFO - 162 - trainer - [156/190] Loss: 1.4276
2026/08/26 19:39:07 - __main__ - INFO - 167 - trainer - Average loss in epoch 19: 1.4416
2026/08/26 19:39:07 - __main__ - INFO - 117 - trainer - Epoch: 20
2026/08/26 19:39:07 - __main__ - INFO - 162 - trainer - [0/190] Loss: 1.4263
2026/08/26 19:39:13 - __main__ - INFO - 162 - trainer - [39/190] Loss: 1.4305
2026/08/26 19:39:19 - __main__ - INFO - 162 - trainer - [78/190] Loss: 1.4490
2026/08/26 19:39:24 - __main__ - INFO - 162 - trainer - [117/190] Loss: 1.4065
2026/08/26 19:39:30 - __main__ - INFO - 162 - trainer - [156/190] Loss: 1.4206
2026/08/26 19:39:34 - __main__ - INFO - 167 - trainer - Average loss in epoch 20: 1.4163
2026/08/26 19:39:34 - __main__ - INFO - 173 - trainer - start predicting: 2026-08-26 19:39:34.889743
2026/08/26 19:39:37 - __main__ - INFO - 203 - trainer - {'Best_HR@5': np.float64(7.5392), 'Best_HR@10': np.float64(12.3434), 'Best_HR@20': np.float64(20.133), 'Best_NDCG@5': np.float64(4.4074), 'Best_NDCG@10': np.float64(5.9307), 'Best_NDCG@20': np.float64(7.8804)}
2026/08/26 19:39:37 - __main__ - INFO - 204 - trainer - {'Best_epoch_HR@5': 20, 'Best_epoch_HR@10': 20, 'Best_epoch_HR@20': 20, 'Best_epoch_NDCG@5': 20, 'Best_epoch_NDCG@10': 20, 'Best_epoch_NDCG@20': 20}
2026/08/26 19:39:37 - __main__ - INFO - 117 - trainer - Epoch: 21
2026/08/26 19:39:37 - __main__ - INFO - 162 - trainer - [0/190] Loss: 1.4047
2026/08/26 19:39:43 - __main__ - INFO - 162 - trainer - [39/190] Loss: 1.3908
2026/08/26 19:39:48 - __main__ - INFO - 162 - trainer - [78/190] Loss: 1.4147
2026/08/26 19:39:53 - __main__ - INFO - 162 - trainer - [117/190] Loss: 1.4027
2026/08/26 19:39:59 - __main__ - INFO - 162 - trainer - [156/190] Loss: 1.3409
2026/08/26 19:40:04 - __main__ - INFO - 167 - trainer - Average loss in epoch 21: 1.3940
2026/08/26 19:40:04 - __main__ - INFO - 117 - trainer - Epoch: 22
2026/08/26 19:40:04 - __main__ - INFO - 162 - trainer - [0/190] Loss: 1.3704
2026/08/26 19:40:09 - __main__ - INFO - 162 - trainer - [39/190] Loss: 1.3732
2026/08/26 19:40:15 - __main__ - INFO - 162 - trainer - [78/190] Loss: 1.3972
2026/08/26 19:40:21 - __main__ - INFO - 162 - trainer - [117/190] Loss: 1.3727
2026/08/26 19:40:26 - __main__ - INFO - 162 - trainer - [156/190] Loss: 1.3692
2026/08/26 19:40:31 - __main__ - INFO - 167 - trainer - Average loss in epoch 22: 1.3722
2026/08/26 19:40:31 - __main__ - INFO - 117 - trainer - Epoch: 23
2026/08/26 19:40:31 - __main__ - INFO - 162 - trainer - [0/190] Loss: 1.3730
2026/08/26 19:40:36 - __main__ - INFO - 162 - trainer - [39/190] Loss: 1.3705
2026/08/26 19:40:42 - __main__ - INFO - 162 - trainer - [78/190] Loss: 1.3531
2026/08/26 19:40:47 - __main__ - INFO - 162 - trainer - [117/190] Loss: 1.3120
2026/08/26 19:40:53 - __main__ - INFO - 162 - trainer - [156/190] Loss: 1.3141
2026/08/26 19:40:58 - __main__ - INFO - 167 - trainer - Average loss in epoch 23: 1.3535
2026/08/26 19:40:58 - __main__ - INFO - 117 - trainer - Epoch: 24
2026/08/26 19:40:58 - __main__ - INFO - 162 - trainer - [0/190] Loss: 1.3383
2026/08/26 19:41:03 - __main__ - INFO - 162 - trainer - [39/190] Loss: 1.3303
2026/08/26 19:41:09 - __main__ - INFO - 162 - trainer - [78/190] Loss: 1.3402
2026/08/26 19:41:14 - __main__ - INFO - 162 - trainer - [117/190] Loss: 1.3273
2026/08/26 19:41:20 - __main__ - INFO - 162 - trainer - [156/190] Loss: 1.3188
2026/08/26 19:41:25 - __main__ - INFO - 167 - trainer - Average loss in epoch 24: 1.3351
2026/08/26 19:41:25 - __main__ - INFO - 117 - trainer - Epoch: 25
2026/08/26 19:41:25 - __main__ - INFO - 162 - trainer - [0/190] Loss: 1.2905
2026/08/26 19:41:30 - __main__ - INFO - 162 - trainer - [39/190] Loss: 1.3338
2026/08/26 19:41:36 - __main__ - INFO - 162 - trainer - [78/190] Loss: 1.3375
2026/08/26 19:41:41 - __main__ - INFO - 162 - trainer - [117/190] Loss: 1.3370
2026/08/26 19:41:47 - __main__ - INFO - 162 - trainer - [156/190] Loss: 1.3275
2026/08/26 19:41:52 - __main__ - INFO - 167 - trainer - Average loss in epoch 25: 1.3193
2026/08/26 19:41:52 - __main__ - INFO - 117 - trainer - Epoch: 26
2026/08/26 19:41:52 - __main__ - INFO - 162 - trainer - [0/190] Loss: 1.2751
2026/08/26 19:41:57 - __main__ - INFO - 162 - trainer - [39/190] Loss: 1.3045
2026/08/26 19:42:03 - __main__ - INFO - 162 - trainer - [78/190] Loss: 1.3022
2026/08/26 19:42:08 - __main__ - INFO - 162 - trainer - [117/190] Loss: 1.2999
2026/08/26 19:42:14 - __main__ - INFO - 162 - trainer - [156/190] Loss: 1.3197
2026/08/26 19:42:19 - __main__ - INFO - 167 - trainer - Average loss in epoch 26: 1.3040
2026/08/26 19:42:19 - __main__ - INFO - 117 - trainer - Epoch: 27
2026/08/26 19:42:19 - __main__ - INFO - 162 - trainer - [0/190] Loss: 1.3006
2026/08/26 19:42:24 - __main__ - INFO - 162 - trainer - [39/190] Loss: 1.3225
2026/08/26 19:42:30 - __main__ - INFO - 162 - trainer - [78/190] Loss: 1.2662
2026/08/26 19:42:36 - __main__ - INFO - 162 - trainer - [117/190] Loss: 1.2765
2026/08/26 19:42:41 - __main__ - INFO - 162 - trainer - [156/190] Loss: 1.2982
2026/08/26 19:42:46 - __main__ - INFO - 167 - trainer - Average loss in epoch 27: 1.2915
2026/08/26 19:42:46 - __main__ - INFO - 117 - trainer - Epoch: 28
2026/08/26 19:42:46 - __main__ - INFO - 162 - trainer - [0/190] Loss: 1.2883
2026/08/26 19:42:52 - __main__ - INFO - 162 - trainer - [39/190] Loss: 1.2809
2026/08/26 19:42:57 - __main__ - INFO - 162 - trainer - [78/190] Loss: 1.2886
2026/08/26 19:43:03 - __main__ - INFO - 162 - trainer - [117/190] Loss: 1.2599
2026/08/26 19:43:08 - __main__ - INFO - 162 - trainer - [156/190] Loss: 1.2739
2026/08/26 19:43:13 - __main__ - INFO - 167 - trainer - Average loss in epoch 28: 1.2789
2026/08/26 19:43:13 - __main__ - INFO - 117 - trainer - Epoch: 29
2026/08/26 19:43:13 - __main__ - INFO - 162 - trainer - [0/190] Loss: 1.2631
2026/08/26 19:43:18 - __main__ - INFO - 162 - trainer - [39/190] Loss: 1.2685
2026/08/26 19:43:24 - __main__ - INFO - 162 - trainer - [78/190] Loss: 1.2690
2026/08/26 19:43:29 - __main__ - INFO - 162 - trainer - [117/190] Loss: 1.2618
2026/08/26 19:43:35 - __main__ - INFO - 162 - trainer - [156/190] Loss: 1.2812
2026/08/26 19:43:39 - __main__ - INFO - 167 - trainer - Average loss in epoch 29: 1.2673
2026/08/26 19:43:39 - __main__ - INFO - 117 - trainer - Epoch: 30
2026/08/26 19:43:40 - __main__ - INFO - 162 - trainer - [0/190] Loss: 1.2392
2026/08/26 19:43:45 - __main__ - INFO - 162 - trainer - [39/190] Loss: 1.2523
2026/08/26 19:43:50 - __main__ - INFO - 162 - trainer - [78/190] Loss: 1.2438
2026/08/26 19:43:56 - __main__ - INFO - 162 - trainer - [117/190] Loss: 1.2743
2026/08/26 19:44:01 - __main__ - INFO - 162 - trainer - [156/190] Loss: 1.2668
2026/08/26 19:44:06 - __main__ - INFO - 167 - trainer - Average loss in epoch 30: 1.2572
2026/08/26 19:44:06 - __main__ - INFO - 117 - trainer - Epoch: 31
2026/08/26 19:44:06 - __main__ - INFO - 162 - trainer - [0/190] Loss: 1.2525
2026/08/26 19:44:12 - __main__ - INFO - 162 - trainer - [39/190] Loss: 1.2343
2026/08/26 19:44:17 - __main__ - INFO - 162 - trainer - [78/190] Loss: 1.2262
2026/08/26 19:44:23 - __main__ - INFO - 162 - trainer - [117/190] Loss: 1.2498
2026/08/26 19:44:28 - __main__ - INFO - 162 - trainer - [156/190] Loss: 1.2420
2026/08/26 19:44:33 - __main__ - INFO - 167 - trainer - Average loss in epoch 31: 1.2482
2026/08/26 19:44:33 - __main__ - INFO - 117 - trainer - Epoch: 32
2026/08/26 19:44:33 - __main__ - INFO - 162 - trainer - [0/190] Loss: 1.2318
2026/08/26 19:44:38 - __main__ - INFO - 162 - trainer - [39/190] Loss: 1.2415
2026/08/26 19:44:44 - __main__ - INFO - 162 - trainer - [78/190] Loss: 1.2488
2026/08/26 19:44:49 - __main__ - INFO - 162 - trainer - [117/190] Loss: 1.2432
2026/08/26 19:44:55 - __main__ - INFO - 162 - trainer - [156/190] Loss: 1.2370
2026/08/26 19:44:59 - __main__ - INFO - 167 - trainer - Average loss in epoch 32: 1.2394
2026/08/26 19:44:59 - __main__ - INFO - 117 - trainer - Epoch: 33
2026/08/26 19:45:00 - __main__ - INFO - 162 - trainer - [0/190] Loss: 1.2600
2026/08/26 19:45:05 - __main__ - INFO - 162 - trainer - [39/190] Loss: 1.2380
2026/08/26 19:45:11 - __main__ - INFO - 162 - trainer - [78/190] Loss: 1.2316
2026/08/26 19:45:16 - __main__ - INFO - 162 - trainer - [117/190] Loss: 1.2120
2026/08/26 19:45:22 - __main__ - INFO - 162 - trainer - [156/190] Loss: 1.2430
2026/08/26 19:45:27 - __main__ - INFO - 167 - trainer - Average loss in epoch 33: 1.2320
2026/08/26 19:45:27 - __main__ - INFO - 117 - trainer - Epoch: 34
2026/08/26 19:45:27 - __main__ - INFO - 162 - trainer - [0/190] Loss: 1.2223
2026/08/26 19:45:32 - __main__ - INFO - 162 - trainer - [39/190] Loss: 1.2200
2026/08/26 19:45:38 - __main__ - INFO - 162 - trainer - [78/190] Loss: 1.2057
2026/08/26 19:45:43 - __main__ - INFO - 162 - trainer - [117/190] Loss: 1.2438
2026/08/26 19:45:49 - __main__ - INFO - 162 - trainer - [156/190] Loss: 1.2237
2026/08/26 19:45:53 - __main__ - INFO - 167 - trainer - Average loss in epoch 34: 1.2247
2026/08/26 19:45:53 - __main__ - INFO - 117 - trainer - Epoch: 35
2026/08/26 19:45:54 - __main__ - INFO - 162 - trainer - [0/190] Loss: 1.2144
2026/08/26 19:45:59 - __main__ - INFO - 162 - trainer - [39/190] Loss: 1.2145
2026/08/26 19:46:05 - __main__ - INFO - 162 - trainer - [78/190] Loss: 1.2167
2026/08/26 19:46:10 - __main__ - INFO - 162 - trainer - [117/190] Loss: 1.2255
2026/08/26 19:46:16 - __main__ - INFO - 162 - trainer - [156/190] Loss: 1.2215
2026/08/26 19:46:21 - __main__ - INFO - 167 - trainer - Average loss in epoch 35: 1.2179
2026/08/26 19:46:21 - __main__ - INFO - 117 - trainer - Epoch: 36
2026/08/26 19:46:21 - __main__ - INFO - 162 - trainer - [0/190] Loss: 1.2174
2026/08/26 19:46:26 - __main__ - INFO - 162 - trainer - [39/190] Loss: 1.1843
2026/08/26 19:46:32 - __main__ - INFO - 162 - trainer - [78/190] Loss: 1.2127
2026/08/26 19:46:37 - __main__ - INFO - 162 - trainer - [117/190] Loss: 1.2205
2026/08/26 19:46:42 - __main__ - INFO - 162 - trainer - [156/190] Loss: 1.2350
2026/08/26 19:46:47 - __main__ - INFO - 167 - trainer - Average loss in epoch 36: 1.2121
2026/08/26 19:46:47 - __main__ - INFO - 117 - trainer - Epoch: 37
2026/08/26 19:46:47 - __main__ - INFO - 162 - trainer - [0/190] Loss: 1.2280
2026/08/26 19:46:53 - __main__ - INFO - 162 - trainer - [39/190] Loss: 1.1996
2026/08/26 19:46:58 - __main__ - INFO - 162 - trainer - [78/190] Loss: 1.2031
2026/08/26 19:47:04 - __main__ - INFO - 162 - trainer - [117/190] Loss: 1.2014
2026/08/26 19:47:09 - __main__ - INFO - 162 - trainer - [156/190] Loss: 1.2179
2026/08/26 19:47:14 - __main__ - INFO - 167 - trainer - Average loss in epoch 37: 1.2064
2026/08/26 19:47:14 - __main__ - INFO - 117 - trainer - Epoch: 38
2026/08/26 19:47:14 - __main__ - INFO - 162 - trainer - [0/190] Loss: 1.1959
2026/08/26 19:47:20 - __main__ - INFO - 162 - trainer - [39/190] Loss: 1.1992
2026/08/26 19:47:25 - __main__ - INFO - 162 - trainer - [78/190] Loss: 1.2095
2026/08/26 19:47:31 - __main__ - INFO - 162 - trainer - [117/190] Loss: 1.2093
2026/08/26 19:47:37 - __main__ - INFO - 162 - trainer - [156/190] Loss: 1.2030
2026/08/26 19:47:41 - __main__ - INFO - 167 - trainer - Average loss in epoch 38: 1.2017
2026/08/26 19:47:41 - __main__ - INFO - 117 - trainer - Epoch: 39
2026/08/26 19:47:41 - __main__ - INFO - 162 - trainer - [0/190] Loss: 1.2061
2026/08/26 19:47:47 - __main__ - INFO - 162 - trainer - [39/190] Loss: 1.1910
2026/08/26 19:47:52 - __main__ - INFO - 162 - trainer - [78/190] Loss: 1.1779
2026/08/26 19:47:58 - __main__ - INFO - 162 - trainer - [117/190] Loss: 1.1971
2026/08/26 19:48:03 - __main__ - INFO - 162 - trainer - [156/190] Loss: 1.1928
2026/08/26 19:48:08 - __main__ - INFO - 167 - trainer - Average loss in epoch 39: 1.1961
2026/08/26 19:48:08 - __main__ - INFO - 117 - trainer - Epoch: 40
2026/08/26 19:48:08 - __main__ - INFO - 162 - trainer - [0/190] Loss: 1.1794
2026/08/26 19:48:13 - __main__ - INFO - 162 - trainer - [39/190] Loss: 1.1951
2026/08/26 19:48:19 - __main__ - INFO - 162 - trainer - [78/190] Loss: 1.2144
2026/08/26 19:48:24 - __main__ - INFO - 162 - trainer - [117/190] Loss: 1.1858
2026/08/26 19:48:30 - __main__ - INFO - 162 - trainer - [156/190] Loss: 1.1989
2026/08/26 19:48:34 - __main__ - INFO - 167 - trainer - Average loss in epoch 40: 1.1916
2026/08/26 19:48:34 - __main__ - INFO - 173 - trainer - start predicting: 2026-08-26 19:48:34.853704
2026/08/26 19:48:37 - __main__ - INFO - 203 - trainer - {'Best_HR@5': np.float64(7.8506), 'Best_HR@10': np.float64(14.95), 'Best_HR@20': np.float64(25.6149), 'Best_NDCG@5': np.float64(4.8428), 'Best_NDCG@10': np.float64(7.0951), 'Best_NDCG@20': np.float64(9.7756)}
2026/08/26 19:48:37 - __main__ - INFO - 204 - trainer - {'Best_epoch_HR@5': 40, 'Best_epoch_HR@10': 40, 'Best_epoch_HR@20': 40, 'Best_epoch_NDCG@5': 40, 'Best_epoch_NDCG@10': 40, 'Best_epoch_NDCG@20': 40}
2026/08/26 19:48:37 - __main__ - INFO - 117 - trainer - Epoch: 41
2026/08/26 19:48:37 - __main__ - INFO - 162 - trainer - [0/190] Loss: 1.1963
2026/08/26 19:48:42 - __main__ - INFO - 162 - trainer - [39/190] Loss: 1.1756
2026/08/26 19:48:48 - __main__ - INFO - 162 - trainer - [78/190] Loss: 1.2133
2026/08/26 19:48:53 - __main__ - INFO - 162 - trainer - [117/190] Loss: 1.1868
2026/08/26 19:48:59 - __main__ - INFO - 162 - trainer - [156/190] Loss: 1.2114
2026/08/26 19:49:03 - __main__ - INFO - 167 - trainer - Average loss in epoch 41: 1.1878
2026/08/26 19:49:03 - __main__ - INFO - 117 - trainer - Epoch: 42
2026/08/26 19:49:03 - __main__ - INFO - 162 - trainer - [0/190] Loss: 1.1757
2026/08/26 19:49:09 - __main__ - INFO - 162 - trainer - [39/190] Loss: 1.1935
2026/08/26 19:49:15 - __main__ - INFO - 162 - trainer - [78/190] Loss: 1.1797
2026/08/26 19:49:20 - __main__ - INFO - 162 - trainer - [117/190] Loss: 1.1853
2026/08/26 19:49:25 - __main__ - INFO - 162 - trainer - [156/190] Loss: 1.1877
2026/08/26 19:49:30 - __main__ - INFO - 167 - trainer - Average loss in epoch 42: 1.1834
2026/08/26 19:49:30 - __main__ - INFO - 117 - trainer - Epoch: 43
2026/08/26 19:49:30 - __main__ - INFO - 162 - trainer - [0/190] Loss: 1.1841
2026/08/26 19:49:36 - __main__ - INFO - 162 - trainer - [39/190] Loss: 1.1834
2026/08/26 19:49:41 - __main__ - INFO - 162 - trainer - [78/190] Loss: 1.1891
2026/08/26 19:49:47 - __main__ - INFO - 162 - trainer - [117/190] Loss: 1.1666
2026/08/26 19:49:52 - __main__ - INFO - 162 - trainer - [156/190] Loss: 1.1913
2026/08/26 19:49:57 - __main__ - INFO - 167 - trainer - Average loss in epoch 43: 1.1798
2026/08/26 19:49:57 - __main__ - INFO - 117 - trainer - Epoch: 44
2026/08/26 19:49:57 - __main__ - INFO - 162 - trainer - [0/190] Loss: 1.1736
2026/08/26 19:50:02 - __main__ - INFO - 162 - trainer - [39/190] Loss: 1.1698
2026/08/26 19:50:08 - __main__ - INFO - 162 - trainer - [78/190] Loss: 1.1514
2026/08/26 19:50:13 - __main__ - INFO - 162 - trainer - [117/190] Loss: 1.1911
2026/08/26 19:50:19 - __main__ - INFO - 162 - trainer - [156/190] Loss: 1.1894
2026/08/26 19:50:23 - __main__ - INFO - 167 - trainer - Average loss in epoch 44: 1.1758
2026/08/26 19:50:23 - __main__ - INFO - 117 - trainer - Epoch: 45
2026/08/26 19:50:23 - __main__ - INFO - 162 - trainer - [0/190] Loss: 1.1730
2026/08/26 19:50:29 - __main__ - INFO - 162 - trainer - [39/190] Loss: 1.1745
2026/08/26 19:50:34 - __main__ - INFO - 162 - trainer - [78/190] Loss: 1.1859
2026/08/26 19:50:40 - __main__ - INFO - 162 - trainer - [117/190] Loss: 1.1675
2026/08/26 19:50:45 - __main__ - INFO - 162 - trainer - [156/190] Loss: 1.1894
2026/08/26 19:50:50 - __main__ - INFO - 167 - trainer - Average loss in epoch 45: 1.1724
2026/08/26 19:50:50 - __main__ - INFO - 117 - trainer - Epoch: 46
2026/08/26 19:50:50 - __main__ - INFO - 162 - trainer - [0/190] Loss: 1.1669
2026/08/26 19:50:55 - __main__ - INFO - 162 - trainer - [39/190] Loss: 1.1733
2026/08/26 19:51:01 - __main__ - INFO - 162 - trainer - [78/190] Loss: 1.1778
2026/08/26 19:51:06 - __main__ - INFO - 162 - trainer - [117/190] Loss: 1.1663
2026/08/26 19:51:12 - __main__ - INFO - 162 - trainer - [156/190] Loss: 1.1812
2026/08/26 19:51:16 - __main__ - INFO - 167 - trainer - Average loss in epoch 46: 1.1698
2026/08/26 19:51:16 - __main__ - INFO - 117 - trainer - Epoch: 47
2026/08/26 19:51:16 - __main__ - INFO - 162 - trainer - [0/190] Loss: 1.1675
2026/08/26 19:51:22 - __main__ - INFO - 162 - trainer - [39/190] Loss: 1.1449
2026/08/26 19:51:27 - __main__ - INFO - 162 - trainer - [78/190] Loss: 1.1650
2026/08/26 19:51:33 - __main__ - INFO - 162 - trainer - [117/190] Loss: 1.1898
2026/08/26 19:51:38 - __main__ - INFO - 162 - trainer - [156/190] Loss: 1.1643
2026/08/26 19:51:43 - __main__ - INFO - 167 - trainer - Average loss in epoch 47: 1.1668
2026/08/26 19:51:43 - __main__ - INFO - 117 - trainer - Epoch: 48
2026/08/26 19:51:43 - __main__ - INFO - 162 - trainer - [0/190] Loss: 1.1562
2026/08/26 19:51:48 - __main__ - INFO - 162 - trainer - [39/190] Loss: 1.1708
2026/08/26 19:51:54 - __main__ - INFO - 162 - trainer - [78/190] Loss: 1.1746
2026/08/26 19:51:59 - __main__ - INFO - 162 - trainer - [117/190] Loss: 1.1727
2026/08/26 19:52:04 - __main__ - INFO - 162 - trainer - [156/190] Loss: 1.1647
2026/08/26 19:52:09 - __main__ - INFO - 167 - trainer - Average loss in epoch 48: 1.1633
2026/08/26 19:52:09 - __main__ - INFO - 117 - trainer - Epoch: 49
2026/08/26 19:52:09 - __main__ - INFO - 162 - trainer - [0/190] Loss: 1.1532
2026/08/26 19:52:15 - __main__ - INFO - 162 - trainer - [39/190] Loss: 1.1624
2026/08/26 19:52:20 - __main__ - INFO - 162 - trainer - [78/190] Loss: 1.1416
2026/08/26 19:52:26 - __main__ - INFO - 162 - trainer - [117/190] Loss: 1.1587
2026/08/26 19:52:31 - __main__ - INFO - 162 - trainer - [156/190] Loss: 1.1530
2026/08/26 19:52:36 - __main__ - INFO - 167 - trainer - Average loss in epoch 49: 1.1609
2026/08/26 19:52:36 - __main__ - INFO - 117 - trainer - Epoch: 50
2026/08/26 19:52:36 - __main__ - INFO - 162 - trainer - [0/190] Loss: 1.1519
2026/08/26 19:52:41 - __main__ - INFO - 162 - trainer - [39/190] Loss: 1.1374
2026/08/26 19:52:47 - __main__ - INFO - 162 - trainer - [78/190] Loss: 1.1522
2026/08/26 19:52:52 - __main__ - INFO - 162 - trainer - [117/190] Loss: 1.1797
2026/08/26 19:52:57 - __main__ - INFO - 162 - trainer - [156/190] Loss: 1.1387
2026/08/26 19:53:02 - __main__ - INFO - 167 - trainer - Average loss in epoch 50: 1.1588
2026/08/26 19:53:02 - __main__ - INFO - 117 - trainer - Epoch: 51
2026/08/26 19:53:02 - __main__ - INFO - 162 - trainer - [0/190] Loss: 1.1403
2026/08/26 19:53:08 - __main__ - INFO - 162 - trainer - [39/190] Loss: 1.1500
2026/08/26 19:53:13 - __main__ - INFO - 162 - trainer - [78/190] Loss: 1.1309
2026/08/26 19:53:19 - __main__ - INFO - 162 - trainer - [117/190] Loss: 1.1701
2026/08/26 19:53:24 - __main__ - INFO - 162 - trainer - [156/190] Loss: 1.1472
2026/08/26 19:53:29 - __main__ - INFO - 167 - trainer - Average loss in epoch 51: 1.1562
2026/08/26 19:53:29 - __main__ - INFO - 117 - trainer - Epoch: 52
2026/08/26 19:53:29 - __main__ - INFO - 162 - trainer - [0/190] Loss: 1.1501
2026/08/26 19:53:34 - __main__ - INFO - 162 - trainer - [39/190] Loss: 1.1460
2026/08/26 19:53:40 - __main__ - INFO - 162 - trainer - [78/190] Loss: 1.1480
2026/08/26 19:53:45 - __main__ - INFO - 162 - trainer - [117/190] Loss: 1.1428
2026/08/26 19:53:50 - __main__ - INFO - 162 - trainer - [156/190] Loss: 1.1445
2026/08/26 19:53:55 - __main__ - INFO - 167 - trainer - Average loss in epoch 52: 1.1540
2026/08/26 19:53:55 - __main__ - INFO - 117 - trainer - Epoch: 53
2026/08/26 19:53:55 - __main__ - INFO - 162 - trainer - [0/190] Loss: 1.1391
2026/08/26 19:54:01 - __main__ - INFO - 162 - trainer - [39/190] Loss: 1.1414
2026/08/26 19:54:06 - __main__ - INFO - 162 - trainer - [78/190] Loss: 1.1528
2026/08/26 19:54:12 - __main__ - INFO - 162 - trainer - [117/190] Loss: 1.1540
2026/08/26 19:54:17 - __main__ - INFO - 162 - trainer - [156/190] Loss: 1.1562
2026/08/26 19:54:22 - __main__ - INFO - 167 - trainer - Average loss in epoch 53: 1.1513
2026/08/26 19:54:22 - __main__ - INFO - 117 - trainer - Epoch: 54
2026/08/26 19:54:22 - __main__ - INFO - 162 - trainer - [0/190] Loss: 1.1521
2026/08/26 19:54:27 - __main__ - INFO - 162 - trainer - [39/190] Loss: 1.1540
2026/08/26 19:54:33 - __main__ - INFO - 162 - trainer - [78/190] Loss: 1.1491
2026/08/26 19:54:38 - __main__ - INFO - 162 - trainer - [117/190] Loss: 1.1619
2026/08/26 19:54:44 - __main__ - INFO - 162 - trainer - [156/190] Loss: 1.1554
2026/08/26 19:54:48 - __main__ - INFO - 167 - trainer - Average loss in epoch 54: 1.1491
2026/08/26 19:54:48 - __main__ - INFO - 117 - trainer - Epoch: 55
2026/08/26 19:54:48 - __main__ - INFO - 162 - trainer - [0/190] Loss: 1.1407
2026/08/26 19:54:54 - __main__ - INFO - 162 - trainer - [39/190] Loss: 1.1517
2026/08/26 19:54:59 - __main__ - INFO - 162 - trainer - [78/190] Loss: 1.1406
2026/08/26 19:55:04 - __main__ - INFO - 162 - trainer - [117/190] Loss: 1.1454
2026/08/26 19:55:10 - __main__ - INFO - 162 - trainer - [156/190] Loss: 1.1341
2026/08/26 19:55:15 - __main__ - INFO - 167 - trainer - Average loss in epoch 55: 1.1471
2026/08/26 19:55:15 - __main__ - INFO - 117 - trainer - Epoch: 56
2026/08/26 19:55:15 - __main__ - INFO - 162 - trainer - [0/190] Loss: 1.1202
2026/08/26 19:55:20 - __main__ - INFO - 162 - trainer - [39/190] Loss: 1.1660
2026/08/26 19:55:26 - __main__ - INFO - 162 - trainer - [78/190] Loss: 1.1481
2026/08/26 19:55:31 - __main__ - INFO - 162 - trainer - [117/190] Loss: 1.1183
2026/08/26 19:55:36 - __main__ - INFO - 162 - trainer - [156/190] Loss: 1.1562
2026/08/26 19:55:41 - __main__ - INFO - 167 - trainer - Average loss in epoch 56: 1.1454
2026/08/26 19:55:41 - __main__ - INFO - 117 - trainer - Epoch: 57
2026/08/26 19:55:41 - __main__ - INFO - 162 - trainer - [0/190] Loss: 1.1313
2026/08/26 19:55:46 - __main__ - INFO - 162 - trainer - [39/190] Loss: 1.1424
2026/08/26 19:55:52 - __main__ - INFO - 162 - trainer - [78/190] Loss: 1.1311
2026/08/26 19:55:57 - __main__ - INFO - 162 - trainer - [117/190] Loss: 1.1475
2026/08/26 19:56:03 - __main__ - INFO - 162 - trainer - [156/190] Loss: 1.1488
2026/08/26 19:56:07 - __main__ - INFO - 167 - trainer - Average loss in epoch 57: 1.1431
2026/08/26 19:56:07 - __main__ - INFO - 117 - trainer - Epoch: 58
2026/08/26 19:56:08 - __main__ - INFO - 162 - trainer - [0/190] Loss: 1.1375
2026/08/26 19:56:13 - __main__ - INFO - 162 - trainer - [39/190] Loss: 1.1529
2026/08/26 19:56:18 - __main__ - INFO - 162 - trainer - [78/190] Loss: 1.1457
2026/08/26 19:56:24 - __main__ - INFO - 162 - trainer - [117/190] Loss: 1.1202
2026/08/26 19:56:29 - __main__ - INFO - 162 - trainer - [156/190] Loss: 1.1656
2026/08/26 19:56:34 - __main__ - INFO - 167 - trainer - Average loss in epoch 58: 1.1406
2026/08/26 19:56:34 - __main__ - INFO - 117 - trainer - Epoch: 59
2026/08/26 19:56:34 - __main__ - INFO - 162 - trainer - [0/190] Loss: 1.1406
2026/08/26 19:56:39 - __main__ - INFO - 162 - trainer - [39/190] Loss: 1.1390
2026/08/26 19:56:45 - __main__ - INFO - 162 - trainer - [78/190] Loss: 1.1266
2026/08/26 19:56:50 - __main__ - INFO - 162 - trainer - [117/190] Loss: 1.1373
2026/08/26 19:56:56 - __main__ - INFO - 162 - trainer - [156/190] Loss: 1.1103
2026/08/26 19:57:00 - __main__ - INFO - 167 - trainer - Average loss in epoch 59: 1.1397
2026/08/26 19:57:00 - __main__ - INFO - 117 - trainer - Epoch: 60
2026/08/26 19:57:00 - __main__ - INFO - 162 - trainer - [0/190] Loss: 1.1336
2026/08/26 19:57:06 - __main__ - INFO - 162 - trainer - [39/190] Loss: 1.1368
2026/08/26 19:57:11 - __main__ - INFO - 162 - trainer - [78/190] Loss: 1.1346
2026/08/26 19:57:17 - __main__ - INFO - 162 - trainer - [117/190] Loss: 1.1474
2026/08/26 19:57:22 - __main__ - INFO - 162 - trainer - [156/190] Loss: 1.1394
2026/08/26 19:57:27 - __main__ - INFO - 167 - trainer - Average loss in epoch 60: 1.1381
2026/08/26 19:57:27 - __main__ - INFO - 173 - trainer - start predicting: 2026-08-26 19:57:27.268266
2026/08/26 19:57:29 - __main__ - INFO - 203 - trainer - {'Best_HR@5': np.float64(8.5709), 'Best_HR@10': np.float64(15.0234), 'Best_HR@20': np.float64(25.6333), 'Best_NDCG@5': np.float64(5.1846), 'Best_NDCG@10': np.float64(7.2507), 'Best_NDCG@20': np.float64(9.8843)}
2026/08/26 19:57:29 - __main__ - INFO - 204 - trainer - {'Best_epoch_HR@5': 60, 'Best_epoch_HR@10': 60, 'Best_epoch_HR@20': 60, 'Best_epoch_NDCG@5': 60, 'Best_epoch_NDCG@10': 60, 'Best_epoch_NDCG@20': 60}
2026/08/26 19:57:29 - __main__ - INFO - 117 - trainer - Epoch: 61
2026/08/26 19:57:30 - __main__ - INFO - 162 - trainer - [0/190] Loss: 1.1375
2026/08/26 19:57:35 - __main__ - INFO - 162 - trainer - [39/190] Loss: 1.1499
2026/08/26 19:57:41 - __main__ - INFO - 162 - trainer - [78/190] Loss: 1.1290
2026/08/26 19:57:46 - __main__ - INFO - 162 - trainer - [117/190] Loss: 1.1349
2026/08/26 19:57:51 - __main__ - INFO - 162 - trainer - [156/190] Loss: 1.1319
2026/08/26 19:57:56 - __main__ - INFO - 167 - trainer - Average loss in epoch 61: 1.1366
2026/08/26 19:57:56 - __main__ - INFO - 117 - trainer - Epoch: 62
2026/08/26 19:57:56 - __main__ - INFO - 162 - trainer - [0/190] Loss: 1.1383
2026/08/26 19:58:02 - __main__ - INFO - 162 - trainer - [39/190] Loss: 1.0927
2026/08/26 19:58:07 - __main__ - INFO - 162 - trainer - [78/190] Loss: 1.1405
2026/08/26 19:58:13 - __main__ - INFO - 162 - trainer - [117/190] Loss: 1.1544
2026/08/26 19:58:19 - __main__ - INFO - 162 - trainer - [156/190] Loss: 1.1390
2026/08/26 19:58:23 - __main__ - INFO - 167 - trainer - Average loss in epoch 62: 1.1350
2026/08/26 19:58:23 - __main__ - INFO - 117 - trainer - Epoch: 63
2026/08/26 19:58:23 - __main__ - INFO - 162 - trainer - [0/190] Loss: 1.1277
2026/08/26 19:58:29 - __main__ - INFO - 162 - trainer - [39/190] Loss: 1.1327
2026/08/26 19:58:34 - __main__ - INFO - 162 - trainer - [78/190] Loss: 1.1234
2026/08/26 19:58:40 - __main__ - INFO - 162 - trainer - [117/190] Loss: 1.1349
2026/08/26 19:58:45 - __main__ - INFO - 162 - trainer - [156/190] Loss: 1.1425
2026/08/26 19:58:50 - __main__ - INFO - 167 - trainer - Average loss in epoch 63: 1.1337
2026/08/26 19:58:50 - __main__ - INFO - 117 - trainer - Epoch: 64
2026/08/26 19:58:50 - __main__ - INFO - 162 - trainer - [0/190] Loss: 1.1112
2026/08/26 19:58:55 - __main__ - INFO - 162 - trainer - [39/190] Loss: 1.1239
2026/08/26 19:59:01 - __main__ - INFO - 162 - trainer - [78/190] Loss: 1.1397
2026/08/26 19:59:06 - __main__ - INFO - 162 - trainer - [117/190] Loss: 1.1537
2026/08/26 19:59:12 - __main__ - INFO - 162 - trainer - [156/190] Loss: 1.1298
2026/08/26 19:59:16 - __main__ - INFO - 167 - trainer - Average loss in epoch 64: 1.1314
2026/08/26 19:59:16 - __main__ - INFO - 117 - trainer - Epoch: 65
2026/08/26 19:59:16 - __main__ - INFO - 162 - trainer - [0/190] Loss: 1.1345
2026/08/26 19:59:22 - __main__ - INFO - 162 - trainer - [39/190] Loss: 1.1187
2026/08/26 19:59:27 - __main__ - INFO - 162 - trainer - [78/190] Loss: 1.1328
2026/08/26 19:59:33 - __main__ - INFO - 162 - trainer - [117/190] Loss: 1.1271
2026/08/26 19:59:38 - __main__ - INFO - 162 - trainer - [156/190] Loss: 1.1273
2026/08/26 19:59:43 - __main__ - INFO - 167 - trainer - Average loss in epoch 65: 1.1309
2026/08/26 19:59:43 - __main__ - INFO - 117 - trainer - Epoch: 66
2026/08/26 19:59:43 - __main__ - INFO - 162 - trainer - [0/190] Loss: 1.1270
2026/08/26 19:59:48 - __main__ - INFO - 162 - trainer - [39/190] Loss: 1.1307
2026/08/26 19:59:53 - __main__ - INFO - 162 - trainer - [78/190] Loss: 1.1362
2026/08/26 19:59:59 - __main__ - INFO - 162 - trainer - [117/190] Loss: 1.1309
2026/08/26 20:00:04 - __main__ - INFO - 162 - trainer - [156/190] Loss: 1.1279
2026/08/26 20:00:09 - __main__ - INFO - 167 - trainer - Average loss in epoch 66: 1.1290
2026/08/26 20:00:09 - __main__ - INFO - 117 - trainer - Epoch: 67
2026/08/26 20:00:09 - __main__ - INFO - 162 - trainer - [0/190] Loss: 1.1213
2026/08/26 20:00:15 - __main__ - INFO - 162 - trainer - [39/190] Loss: 1.1219
2026/08/26 20:00:20 - __main__ - INFO - 162 - trainer - [78/190] Loss: 1.1248
2026/08/26 20:00:25 - __main__ - INFO - 162 - trainer - [117/190] Loss: 1.1246
2026/08/26 20:00:31 - __main__ - INFO - 162 - trainer - [156/190] Loss: 1.1292
2026/08/26 20:00:35 - __main__ - INFO - 167 - trainer - Average loss in epoch 67: 1.1281
2026/08/26 20:00:35 - __main__ - INFO - 117 - trainer - Epoch: 68
2026/08/26 20:00:35 - __main__ - INFO - 162 - trainer - [0/190] Loss: 1.1185
2026/08/26 20:00:41 - __main__ - INFO - 162 - trainer - [39/190] Loss: 1.0954
2026/08/26 20:00:46 - __main__ - INFO - 162 - trainer - [78/190] Loss: 1.1262
2026/08/26 20:00:52 - __main__ - INFO - 162 - trainer - [117/190] Loss: 1.1148
2026/08/26 20:00:57 - __main__ - INFO - 162 - trainer - [156/190] Loss: 1.1266
2026/08/26 20:01:02 - __main__ - INFO - 167 - trainer - Average loss in epoch 68: 1.1261
2026/08/26 20:01:02 - __main__ - INFO - 117 - trainer - Epoch: 69
2026/08/26 20:01:02 - __main__ - INFO - 162 - trainer - [0/190] Loss: 1.1134
2026/08/26 20:01:07 - __main__ - INFO - 162 - trainer - [39/190] Loss: 1.1410
2026/08/26 20:01:13 - __main__ - INFO - 162 - trainer - [78/190] Loss: 1.1276
2026/08/26 20:01:18 - __main__ - INFO - 162 - trainer - [117/190] Loss: 1.1272
2026/08/26 20:01:24 - __main__ - INFO - 162 - trainer - [156/190] Loss: 1.1317
2026/08/26 20:01:28 - __main__ - INFO - 167 - trainer - Average loss in epoch 69: 1.1247
2026/08/26 20:01:28 - __main__ - INFO - 117 - trainer - Epoch: 70
2026/08/26 20:01:28 - __main__ - INFO - 162 - trainer - [0/190] Loss: 1.1138
2026/08/26 20:01:34 - __main__ - INFO - 162 - trainer - [39/190] Loss: 1.1116
2026/08/26 20:01:39 - __main__ - INFO - 162 - trainer - [78/190] Loss: 1.1360
2026/08/26 20:01:45 - __main__ - INFO - 162 - trainer - [117/190] Loss: 1.1199
2026/08/26 20:01:50 - __main__ - INFO - 162 - trainer - [156/190] Loss: 1.1240
2026/08/26 20:01:55 - __main__ - INFO - 167 - trainer - Average loss in epoch 70: 1.1242
2026/08/26 20:01:55 - __main__ - INFO - 117 - trainer - Epoch: 71
2026/08/26 20:01:55 - __main__ - INFO - 162 - trainer - [0/190] Loss: 1.1199
2026/08/26 20:02:00 - __main__ - INFO - 162 - trainer - [39/190] Loss: 1.1013
2026/08/26 20:02:06 - __main__ - INFO - 162 - trainer - [78/190] Loss: 1.1336
2026/08/26 20:02:12 - __main__ - INFO - 162 - trainer - [117/190] Loss: 1.1093
2026/08/26 20:02:17 - __main__ - INFO - 162 - trainer - [156/190] Loss: 1.1478
2026/08/26 20:02:21 - __main__ - INFO - 167 - trainer - Average loss in epoch 71: 1.1222
2026/08/26 20:02:21 - __main__ - INFO - 117 - trainer - Epoch: 72
2026/08/26 20:02:22 - __main__ - INFO - 162 - trainer - [0/190] Loss: 1.1150
2026/08/26 20:02:27 - __main__ - INFO - 162 - trainer - [39/190] Loss: 1.1217
2026/08/26 20:02:33 - __main__ - INFO - 162 - trainer - [78/190] Loss: 1.1238
2026/08/26 20:02:38 - __main__ - INFO - 162 - trainer - [117/190] Loss: 1.1055
2026/08/26 20:02:43 - __main__ - INFO - 162 - trainer - [156/190] Loss: 1.1226
2026/08/26 20:02:48 - __main__ - INFO - 167 - trainer - Average loss in epoch 72: 1.1219
2026/08/26 20:02:48 - __main__ - INFO - 117 - trainer - Epoch: 73
2026/08/26 20:02:48 - __main__ - INFO - 162 - trainer - [0/190] Loss: 1.1281
2026/08/26 20:02:53 - __main__ - INFO - 162 - trainer - [39/190] Loss: 1.1209
2026/08/26 20:02:59 - __main__ - INFO - 162 - trainer - [78/190] Loss: 1.1289
2026/08/26 20:03:04 - __main__ - INFO - 162 - trainer - [117/190] Loss: 1.1259
2026/08/26 20:03:10 - __main__ - INFO - 162 - trainer - [156/190] Loss: 1.1220
2026/08/26 20:03:15 - __main__ - INFO - 167 - trainer - Average loss in epoch 73: 1.1201
2026/08/26 20:03:15 - __main__ - INFO - 117 - trainer - Epoch: 74
2026/08/26 20:03:15 - __main__ - INFO - 162 - trainer - [0/190] Loss: 1.1137
2026/08/26 20:03:20 - __main__ - INFO - 162 - trainer - [39/190] Loss: 1.1105
2026/08/26 20:03:26 - __main__ - INFO - 162 - trainer - [78/190] Loss: 1.0979
2026/08/26 20:03:31 - __main__ - INFO - 162 - trainer - [117/190] Loss: 1.1326
2026/08/26 20:03:36 - __main__ - INFO - 162 - trainer - [156/190] Loss: 1.1235
2026/08/26 20:03:41 - __main__ - INFO - 167 - trainer - Average loss in epoch 74: 1.1189
2026/08/26 20:03:41 - __main__ - INFO - 117 - trainer - Epoch: 75
2026/08/26 20:03:41 - __main__ - INFO - 162 - trainer - [0/190] Loss: 1.1067
2026/08/26 20:03:46 - __main__ - INFO - 162 - trainer - [39/190] Loss: 1.1142
2026/08/26 20:03:52 - __main__ - INFO - 162 - trainer - [78/190] Loss: 1.1193
2026/08/26 20:03:57 - __main__ - INFO - 162 - trainer - [117/190] Loss: 1.1040
2026/08/26 20:04:03 - __main__ - INFO - 162 - trainer - [156/190] Loss: 1.1128
2026/08/26 20:04:07 - __main__ - INFO - 167 - trainer - Average loss in epoch 75: 1.1181
2026/08/26 20:04:07 - __main__ - INFO - 117 - trainer - Epoch: 76
2026/08/26 20:04:08 - __main__ - INFO - 162 - trainer - [0/190] Loss: 1.1235
2026/08/26 20:04:13 - __main__ - INFO - 162 - trainer - [39/190] Loss: 1.1169
2026/08/26 20:04:19 - __main__ - INFO - 162 - trainer - [78/190] Loss: 1.1266
2026/08/26 20:04:24 - __main__ - INFO - 162 - trainer - [117/190] Loss: 1.1226
2026/08/26 20:04:29 - __main__ - INFO - 162 - trainer - [156/190] Loss: 1.1054
2026/08/26 20:04:34 - __main__ - INFO - 167 - trainer - Average loss in epoch 76: 1.1170
2026/08/26 20:04:34 - __main__ - INFO - 117 - trainer - Epoch: 77
2026/08/26 20:04:34 - __main__ - INFO - 162 - trainer - [0/190] Loss: 1.0943
2026/08/26 20:04:40 - __main__ - INFO - 162 - trainer - [39/190] Loss: 1.1019
2026/08/26 20:04:45 - __main__ - INFO - 162 - trainer - [78/190] Loss: 1.1349
2026/08/26 20:04:50 - __main__ - INFO - 162 - trainer - [117/190] Loss: 1.0974
2026/08/26 20:04:56 - __main__ - INFO - 162 - trainer - [156/190] Loss: 1.1003
2026/08/26 20:05:00 - __main__ - INFO - 167 - trainer - Average loss in epoch 77: 1.1158
2026/08/26 20:05:00 - __main__ - INFO - 117 - trainer - Epoch: 78
2026/08/26 20:05:01 - __main__ - INFO - 162 - trainer - [0/190] Loss: 1.1241
2026/08/26 20:05:06 - __main__ - INFO - 162 - trainer - [39/190] Loss: 1.0923
2026/08/26 20:05:12 - __main__ - INFO - 162 - trainer - [78/190] Loss: 1.1008
2026/08/26 20:05:17 - __main__ - INFO - 162 - trainer - [117/190] Loss: 1.1265
2026/08/26 20:05:22 - __main__ - INFO - 162 - trainer - [156/190] Loss: 1.1246
2026/08/26 20:05:27 - __main__ - INFO - 167 - trainer - Average loss in epoch 78: 1.1144
2026/08/26 20:05:27 - __main__ - INFO - 117 - trainer - Epoch: 79
2026/08/26 20:05:27 - __main__ - INFO - 162 - trainer - [0/190] Loss: 1.1113
2026/08/26 20:05:32 - __main__ - INFO - 162 - trainer - [39/190] Loss: 1.1006
2026/08/26 20:05:38 - __main__ - INFO - 162 - trainer - [78/190] Loss: 1.1340
2026/08/26 20:05:43 - __main__ - INFO - 162 - trainer - [117/190] Loss: 1.1227
2026/08/26 20:05:49 - __main__ - INFO - 162 - trainer - [156/190] Loss: 1.1116
2026/08/26 20:05:53 - __main__ - INFO - 167 - trainer - Average loss in epoch 79: 1.1137
2026/08/26 20:05:53 - __main__ - INFO - 117 - trainer - Epoch: 80
2026/08/26 20:05:53 - __main__ - INFO - 162 - trainer - [0/190] Loss: 1.1034
2026/08/26 20:05:59 - __main__ - INFO - 162 - trainer - [39/190] Loss: 1.1217
2026/08/26 20:06:04 - __main__ - INFO - 162 - trainer - [78/190] Loss: 1.1070
2026/08/26 20:06:10 - __main__ - INFO - 162 - trainer - [117/190] Loss: 1.1076
2026/08/26 20:06:16 - __main__ - INFO - 162 - trainer - [156/190] Loss: 1.1215
2026/08/26 20:06:20 - __main__ - INFO - 167 - trainer - Average loss in epoch 80: 1.1123
2026/08/26 20:06:20 - __main__ - INFO - 173 - trainer - start predicting: 2026-08-26 20:06:20.695921
2026/08/26 20:06:23 - __main__ - INFO - 203 - trainer - {'Best_HR@5': np.float64(8.8822), 'Best_HR@10': np.float64(15.9148), 'Best_HR@20': np.float64(26.0423), 'Best_NDCG@5': np.float64(5.2137), 'Best_NDCG@10': np.float64(7.4776), 'Best_NDCG@20': np.float64(10.0279)}
2026/08/26 20:06:23 - __main__ - INFO - 204 - trainer - {'Best_epoch_HR@5': 80, 'Best_epoch_HR@10': 80, 'Best_epoch_HR@20': 80, 'Best_epoch_NDCG@5': 80, 'Best_epoch_NDCG@10': 80, 'Best_epoch_NDCG@20': 80}
2026/08/26 20:06:23 - __main__ - INFO - 117 - trainer - Epoch: 81
2026/08/26 20:06:23 - __main__ - INFO - 162 - trainer - [0/190] Loss: 1.0973
2026/08/26 20:06:28 - __main__ - INFO - 162 - trainer - [39/190] Loss: 1.0882
2026/08/26 20:06:34 - __main__ - INFO - 162 - trainer - [78/190] Loss: 1.1214
2026/08/26 20:06:39 - __main__ - INFO - 162 - trainer - [117/190] Loss: 1.1195
2026/08/26 20:06:45 - __main__ - INFO - 162 - trainer - [156/190] Loss: 1.1032
2026/08/26 20:06:49 - __main__ - INFO - 167 - trainer - Average loss in epoch 81: 1.1121
2026/08/26 20:06:49 - __main__ - INFO - 117 - trainer - Epoch: 82
2026/08/26 20:06:49 - __main__ - INFO - 162 - trainer - [0/190] Loss: 1.0999
2026/08/26 20:06:55 - __main__ - INFO - 162 - trainer - [39/190] Loss: 1.0981
2026/08/26 20:07:00 - __main__ - INFO - 162 - trainer - [78/190] Loss: 1.1295
2026/08/26 20:07:05 - __main__ - INFO - 162 - trainer - [117/190] Loss: 1.1182
2026/08/26 20:07:11 - __main__ - INFO - 162 - trainer - [156/190] Loss: 1.1097
2026/08/26 20:07:15 - __main__ - INFO - 167 - trainer - Average loss in epoch 82: 1.1111
2026/08/26 20:07:15 - __main__ - INFO - 117 - trainer - Epoch: 83
2026/08/26 20:07:15 - __main__ - INFO - 162 - trainer - [0/190] Loss: 1.1115
2026/08/26 20:07:21 - __main__ - INFO - 162 - trainer - [39/190] Loss: 1.0976
2026/08/26 20:07:26 - __main__ - INFO - 162 - trainer - [78/190] Loss: 1.1023
2026/08/26 20:07:31 - __main__ - INFO - 162 - trainer - [117/190] Loss: 1.0975
2026/08/26 20:07:37 - __main__ - INFO - 162 - trainer - [156/190] Loss: 1.1069
2026/08/26 20:07:42 - __main__ - INFO - 167 - trainer - Average loss in epoch 83: 1.1099
2026/08/26 20:07:42 - __main__ - INFO - 117 - trainer - Epoch: 84
2026/08/26 20:07:42 - __main__ - INFO - 162 - trainer - [0/190] Loss: 1.1093
2026/08/26 20:07:47 - __main__ - INFO - 162 - trainer - [39/190] Loss: 1.1172
2026/08/26 20:07:52 - __main__ - INFO - 162 - trainer - [78/190] Loss: 1.1036
2026/08/26 20:07:58 - __main__ - INFO - 162 - trainer - [117/190] Loss: 1.1110
2026/08/26 20:08:03 - __main__ - INFO - 162 - trainer - [156/190] Loss: 1.1170
2026/08/26 20:08:08 - __main__ - INFO - 167 - trainer - Average loss in epoch 84: 1.1090
2026/08/26 20:08:08 - __main__ - INFO - 117 - trainer - Epoch: 85
2026/08/26 20:08:08 - __main__ - INFO - 162 - trainer - [0/190] Loss: 1.0874
2026/08/26 20:08:13 - __main__ - INFO - 162 - trainer - [39/190] Loss: 1.1271
2026/08/26 20:08:19 - __main__ - INFO - 162 - trainer - [78/190] Loss: 1.0924
2026/08/26 20:08:24 - __main__ - INFO - 162 - trainer - [117/190] Loss: 1.1259
2026/08/26 20:08:30 - __main__ - INFO - 162 - trainer - [156/190] Loss: 1.1328
2026/08/26 20:08:34 - __main__ - INFO - 167 - trainer - Average loss in epoch 85: 1.1079
2026/08/26 20:08:34 - __main__ - INFO - 117 - trainer - Epoch: 86
2026/08/26 20:08:35 - __main__ - INFO - 162 - trainer - [0/190] Loss: 1.0764
2026/08/26 20:08:40 - __main__ - INFO - 162 - trainer - [39/190] Loss: 1.1076
2026/08/26 20:08:45 - __main__ - INFO - 162 - trainer - [78/190] Loss: 1.1099
2026/08/26 20:08:51 - __main__ - INFO - 162 - trainer - [117/190] Loss: 1.0928
2026/08/26 20:08:56 - __main__ - INFO - 162 - trainer - [156/190] Loss: 1.1112
2026/08/26 20:09:01 - __main__ - INFO - 167 - trainer - Average loss in epoch 86: 1.1069
2026/08/26 20:09:01 - __main__ - INFO - 117 - trainer - Epoch: 87
2026/08/26 20:09:01 - __main__ - INFO - 162 - trainer - [0/190] Loss: 1.0968
2026/08/26 20:09:07 - __main__ - INFO - 162 - trainer - [39/190] Loss: 1.1220
2026/08/26 20:09:12 - __main__ - INFO - 162 - trainer - [78/190] Loss: 1.1023
2026/08/26 20:09:18 - __main__ - INFO - 162 - trainer - [117/190] Loss: 1.1265
2026/08/26 20:09:23 - __main__ - INFO - 162 - trainer - [156/190] Loss: 1.1052
2026/08/26 20:09:28 - __main__ - INFO - 167 - trainer - Average loss in epoch 87: 1.1062
2026/08/26 20:09:28 - __main__ - INFO - 117 - trainer - Epoch: 88
2026/08/26 20:09:28 - __main__ - INFO - 162 - trainer - [0/190] Loss: 1.0884
2026/08/26 20:09:33 - __main__ - INFO - 162 - trainer - [39/190] Loss: 1.0969
2026/08/26 20:09:39 - __main__ - INFO - 162 - trainer - [78/190] Loss: 1.1102
2026/08/26 20:09:44 - __main__ - INFO - 162 - trainer - [117/190] Loss: 1.1088
2026/08/26 20:09:49 - __main__ - INFO - 162 - trainer - [156/190] Loss: 1.1271
2026/08/26 20:09:54 - __main__ - INFO - 167 - trainer - Average loss in epoch 88: 1.1051
2026/08/26 20:09:54 - __main__ - INFO - 117 - trainer - Epoch: 89
2026/08/26 20:09:54 - __main__ - INFO - 162 - trainer - [0/190] Loss: 1.1052
2026/08/26 20:09:59 - __main__ - INFO - 162 - trainer - [39/190] Loss: 1.1153
2026/08/26 20:10:05 - __main__ - INFO - 162 - trainer - [78/190] Loss: 1.1015
2026/08/26 20:10:10 - __main__ - INFO - 162 - trainer - [117/190] Loss: 1.1040
2026/08/26 20:10:15 - __main__ - INFO - 162 - trainer - [156/190] Loss: 1.1186
2026/08/26 20:10:20 - __main__ - INFO - 167 - trainer - Average loss in epoch 89: 1.1038
2026/08/26 20:10:20 - __main__ - INFO - 117 - trainer - Epoch: 90
2026/08/26 20:10:20 - __main__ - INFO - 162 - trainer - [0/190] Loss: 1.1150
2026/08/26 20:10:26 - __main__ - INFO - 162 - trainer - [39/190] Loss: 1.1013
2026/08/26 20:10:31 - __main__ - INFO - 162 - trainer - [78/190] Loss: 1.0973
2026/08/26 20:10:36 - __main__ - INFO - 162 - trainer - [117/190] Loss: 1.1024
2026/08/26 20:10:42 - __main__ - INFO - 162 - trainer - [156/190] Loss: 1.1132
2026/08/26 20:10:46 - __main__ - INFO - 167 - trainer - Average loss in epoch 90: 1.1033
2026/08/26 20:10:46 - __main__ - INFO - 117 - trainer - Epoch: 91
2026/08/26 20:10:47 - __main__ - INFO - 162 - trainer - [0/190] Loss: 1.0998
2026/08/26 20:10:52 - __main__ - INFO - 162 - trainer - [39/190] Loss: 1.1060
2026/08/26 20:10:57 - __main__ - INFO - 162 - trainer - [78/190] Loss: 1.1075
2026/08/26 20:11:03 - __main__ - INFO - 162 - trainer - [117/190] Loss: 1.0848
2026/08/26 20:11:08 - __main__ - INFO - 162 - trainer - [156/190] Loss: 1.1179
2026/08/26 20:11:13 - __main__ - INFO - 167 - trainer - Average loss in epoch 91: 1.1016
2026/08/26 20:11:13 - __main__ - INFO - 117 - trainer - Epoch: 92
2026/08/26 20:11:13 - __main__ - INFO - 162 - trainer - [0/190] Loss: 1.0982
2026/08/26 20:11:18 - __main__ - INFO - 162 - trainer - [39/190] Loss: 1.0906
2026/08/26 20:11:24 - __main__ - INFO - 162 - trainer - [78/190] Loss: 1.1177
2026/08/26 20:11:29 - __main__ - INFO - 162 - trainer - [117/190] Loss: 1.1000
2026/08/26 20:11:34 - __main__ - INFO - 162 - trainer - [156/190] Loss: 1.1043
2026/08/26 20:11:39 - __main__ - INFO - 167 - trainer - Average loss in epoch 92: 1.1014
2026/08/26 20:11:39 - __main__ - INFO - 117 - trainer - Epoch: 93
2026/08/26 20:11:39 - __main__ - INFO - 162 - trainer - [0/190] Loss: 1.0793
2026/08/26 20:11:44 - __main__ - INFO - 162 - trainer - [39/190] Loss: 1.1180
2026/08/26 20:11:50 - __main__ - INFO - 162 - trainer - [78/190] Loss: 1.1206
2026/08/26 20:11:55 - __main__ - INFO - 162 - trainer - [117/190] Loss: 1.1093
2026/08/26 20:12:01 - __main__ - INFO - 162 - trainer - [156/190] Loss: 1.0899
2026/08/26 20:12:05 - __main__ - INFO - 167 - trainer - Average loss in epoch 93: 1.1007
2026/08/26 20:12:05 - __main__ - INFO - 117 - trainer - Epoch: 94
2026/08/26 20:12:05 - __main__ - INFO - 162 - trainer - [0/190] Loss: 1.1082
2026/08/26 20:12:11 - __main__ - INFO - 162 - trainer - [39/190] Loss: 1.0825
2026/08/26 20:12:16 - __main__ - INFO - 162 - trainer - [78/190] Loss: 1.0815
2026/08/26 20:12:22 - __main__ - INFO - 162 - trainer - [117/190] Loss: 1.1139
2026/08/26 20:12:27 - __main__ - INFO - 162 - trainer - [156/190] Loss: 1.1139
2026/08/26 20:12:32 - __main__ - INFO - 167 - trainer - Average loss in epoch 94: 1.1000
2026/08/26 20:12:32 - __main__ - INFO - 117 - trainer - Epoch: 95
2026/08/26 20:12:32 - __main__ - INFO - 162 - trainer - [0/190] Loss: 1.0995
2026/08/26 20:12:37 - __main__ - INFO - 162 - trainer - [39/190] Loss: 1.0783
2026/08/26 20:12:43 - __main__ - INFO - 162 - trainer - [78/190] Loss: 1.1254
2026/08/26 20:12:48 - __main__ - INFO - 162 - trainer - [117/190] Loss: 1.0945
2026/08/26 20:12:53 - __main__ - INFO - 162 - trainer - [156/190] Loss: 1.0892
2026/08/26 20:12:58 - __main__ - INFO - 167 - trainer - Average loss in epoch 95: 1.0985
2026/08/26 20:12:58 - __main__ - INFO - 117 - trainer - Epoch: 96
2026/08/26 20:12:58 - __main__ - INFO - 162 - trainer - [0/190] Loss: 1.0771
2026/08/26 20:13:04 - __main__ - INFO - 162 - trainer - [39/190] Loss: 1.0865
2026/08/26 20:13:09 - __main__ - INFO - 162 - trainer - [78/190] Loss: 1.0840
2026/08/26 20:13:15 - __main__ - INFO - 162 - trainer - [117/190] Loss: 1.1115
2026/08/26 20:13:20 - __main__ - INFO - 162 - trainer - [156/190] Loss: 1.1114
2026/08/26 20:13:25 - __main__ - INFO - 167 - trainer - Average loss in epoch 96: 1.0984
2026/08/26 20:13:25 - __main__ - INFO - 117 - trainer - Epoch: 97
2026/08/26 20:13:25 - __main__ - INFO - 162 - trainer - [0/190] Loss: 1.0790
2026/08/26 20:13:30 - __main__ - INFO - 162 - trainer - [39/190] Loss: 1.0743
2026/08/26 20:13:35 - __main__ - INFO - 162 - trainer - [78/190] Loss: 1.1175
2026/08/26 20:13:41 - __main__ - INFO - 162 - trainer - [117/190] Loss: 1.0917
2026/08/26 20:13:46 - __main__ - INFO - 162 - trainer - [156/190] Loss: 1.0851
2026/08/26 20:13:51 - __main__ - INFO - 167 - trainer - Average loss in epoch 97: 1.0976
2026/08/26 20:13:51 - __main__ - INFO - 117 - trainer - Epoch: 98
2026/08/26 20:13:51 - __main__ - INFO - 162 - trainer - [0/190] Loss: 1.0913
2026/08/26 20:13:56 - __main__ - INFO - 162 - trainer - [39/190] Loss: 1.1058
2026/08/26 20:14:02 - __main__ - INFO - 162 - trainer - [78/190] Loss: 1.0752
2026/08/26 20:14:07 - __main__ - INFO - 162 - trainer - [117/190] Loss: 1.1017
2026/08/26 20:14:12 - __main__ - INFO - 162 - trainer - [156/190] Loss: 1.0910
2026/08/26 20:14:17 - __main__ - INFO - 167 - trainer - Average loss in epoch 98: 1.0968
2026/08/26 20:14:17 - __main__ - INFO - 117 - trainer - Epoch: 99
2026/08/26 20:14:17 - __main__ - INFO - 162 - trainer - [0/190] Loss: 1.0951
2026/08/26 20:14:23 - __main__ - INFO - 162 - trainer - [39/190] Loss: 1.1015
2026/08/26 20:14:28 - __main__ - INFO - 162 - trainer - [78/190] Loss: 1.0989
2026/08/26 20:14:33 - __main__ - INFO - 162 - trainer - [117/190] Loss: 1.0709
2026/08/26 20:14:39 - __main__ - INFO - 162 - trainer - [156/190] Loss: 1.1080
2026/08/26 20:14:43 - __main__ - INFO - 167 - trainer - Average loss in epoch 99: 1.0959
2026/08/26 20:14:43 - __main__ - INFO - 117 - trainer - Epoch: 100
2026/08/26 20:14:43 - __main__ - INFO - 162 - trainer - [0/190] Loss: 1.0843
2026/08/26 20:14:49 - __main__ - INFO - 162 - trainer - [39/190] Loss: 1.0950
2026/08/26 20:14:54 - __main__ - INFO - 162 - trainer - [78/190] Loss: 1.1006
2026/08/26 20:15:00 - __main__ - INFO - 162 - trainer - [117/190] Loss: 1.1163
2026/08/26 20:15:05 - __main__ - INFO - 162 - trainer - [156/190] Loss: 1.0849
2026/08/26 20:15:10 - __main__ - INFO - 167 - trainer - Average loss in epoch 100: 1.0857
2026/08/26 20:15:10 - __main__ - INFO - 173 - trainer - start predicting: 2026-08-26 20:15:10.121810
2026/08/26 20:15:12 - __main__ - INFO - 203 - trainer - {'Best_HR@5': np.float64(8.8822), 'Best_HR@10': np.float64(15.9148), 'Best_HR@20': np.float64(26.0423), 'Best_NDCG@5': np.float64(5.2137), 'Best_NDCG@10': np.float64(7.509), 'Best_NDCG@20': np.float64(10.048)}
2026/08/26 20:15:12 - __main__ - INFO - 204 - trainer - {'Best_epoch_HR@5': 80, 'Best_epoch_HR@10': 80, 'Best_epoch_HR@20': 80, 'Best_epoch_NDCG@5': 80, 'Best_epoch_NDCG@10': 100, 'Best_epoch_NDCG@20': 100}
2026/08/26 20:15:12 - __main__ - INFO - 117 - trainer - Epoch: 101
2026/08/26 20:15:12 - __main__ - INFO - 162 - trainer - [0/190] Loss: 1.0746
2026/08/26 20:15:18 - __main__ - INFO - 162 - trainer - [39/190] Loss: 1.0948
2026/08/26 20:15:23 - __main__ - INFO - 162 - trainer - [78/190] Loss: 1.0845
2026/08/26 20:15:29 - __main__ - INFO - 162 - trainer - [117/190] Loss: 1.0919
2026/08/26 20:15:34 - __main__ - INFO - 162 - trainer - [156/190] Loss: 1.0994
2026/08/26 20:15:39 - __main__ - INFO - 167 - trainer - Average loss in epoch 101: 1.0835
2026/08/26 20:15:39 - __main__ - INFO - 117 - trainer - Epoch: 102
2026/08/26 20:15:39 - __main__ - INFO - 162 - trainer - [0/190] Loss: 1.0843
2026/08/26 20:15:44 - __main__ - INFO - 162 - trainer - [39/190] Loss: 1.0729
2026/08/26 20:15:50 - __main__ - INFO - 162 - trainer - [78/190] Loss: 1.0805
2026/08/26 20:15:55 - __main__ - INFO - 162 - trainer - [117/190] Loss: 1.0721
2026/08/26 20:16:01 - __main__ - INFO - 162 - trainer - [156/190] Loss: 1.0980
2026/08/26 20:16:05 - __main__ - INFO - 167 - trainer - Average loss in epoch 102: 1.0823
2026/08/26 20:16:05 - __main__ - INFO - 117 - trainer - Epoch: 103
2026/08/26 20:16:06 - __main__ - INFO - 162 - trainer - [0/190] Loss: 1.0644
2026/08/26 20:16:11 - __main__ - INFO - 162 - trainer - [39/190] Loss: 1.0769
2026/08/26 20:16:16 - __main__ - INFO - 162 - trainer - [78/190] Loss: 1.0843
2026/08/26 20:16:22 - __main__ - INFO - 162 - trainer - [117/190] Loss: 1.0988
2026/08/26 20:16:27 - __main__ - INFO - 162 - trainer - [156/190] Loss: 1.1044
2026/08/26 20:16:32 - __main__ - INFO - 167 - trainer - Average loss in epoch 103: 1.0810
2026/08/26 20:16:32 - __main__ - INFO - 117 - trainer - Epoch: 104
2026/08/26 20:16:32 - __main__ - INFO - 162 - trainer - [0/190] Loss: 1.0829
2026/08/26 20:16:38 - __main__ - INFO - 162 - trainer - [39/190] Loss: 1.0828
2026/08/26 20:16:43 - __main__ - INFO - 162 - trainer - [78/190] Loss: 1.0737
2026/08/26 20:16:49 - __main__ - INFO - 162 - trainer - [117/190] Loss: 1.0913
2026/08/26 20:16:54 - __main__ - INFO - 162 - trainer - [156/190] Loss: 1.0784
2026/08/26 20:16:59 - __main__ - INFO - 167 - trainer - Average loss in epoch 104: 1.0810
2026/08/26 20:16:59 - __main__ - INFO - 117 - trainer - Epoch: 105
2026/08/26 20:16:59 - __main__ - INFO - 162 - trainer - [0/190] Loss: 1.1120
2026/08/26 20:17:05 - __main__ - INFO - 162 - trainer - [39/190] Loss: 1.0883
2026/08/26 20:17:10 - __main__ - INFO - 162 - trainer - [78/190] Loss: 1.0532
2026/08/26 20:17:16 - __main__ - INFO - 162 - trainer - [117/190] Loss: 1.0896
2026/08/26 20:17:21 - __main__ - INFO - 162 - trainer - [156/190] Loss: 1.0952
2026/08/26 20:17:26 - __main__ - INFO - 167 - trainer - Average loss in epoch 105: 1.0802
2026/08/26 20:17:26 - __main__ - INFO - 117 - trainer - Epoch: 106
2026/08/26 20:17:26 - __main__ - INFO - 162 - trainer - [0/190] Loss: 1.0712
2026/08/26 20:17:32 - __main__ - INFO - 162 - trainer - [39/190] Loss: 1.0615
2026/08/26 20:17:37 - __main__ - INFO - 162 - trainer - [78/190] Loss: 1.0860
2026/08/26 20:17:42 - __main__ - INFO - 162 - trainer - [117/190] Loss: 1.0884
2026/08/26 20:17:48 - __main__ - INFO - 162 - trainer - [156/190] Loss: 1.0732
2026/08/26 20:17:53 - __main__ - INFO - 167 - trainer - Average loss in epoch 106: 1.0788
2026/08/26 20:17:53 - __main__ - INFO - 117 - trainer - Epoch: 107
2026/08/26 20:17:53 - __main__ - INFO - 162 - trainer - [0/190] Loss: 1.0813
2026/08/26 20:17:58 - __main__ - INFO - 162 - trainer - [39/190] Loss: 1.0819
2026/08/26 20:18:04 - __main__ - INFO - 162 - trainer - [78/190] Loss: 1.0732
2026/08/26 20:18:09 - __main__ - INFO - 162 - trainer - [117/190] Loss: 1.0926
2026/08/26 20:18:15 - __main__ - INFO - 162 - trainer - [156/190] Loss: 1.0758
2026/08/26 20:18:19 - __main__ - INFO - 167 - trainer - Average loss in epoch 107: 1.0790
2026/08/26 20:18:19 - __main__ - INFO - 117 - trainer - Epoch: 108
2026/08/26 20:18:19 - __main__ - INFO - 162 - trainer - [0/190] Loss: 1.0877
2026/08/26 20:18:25 - __main__ - INFO - 162 - trainer - [39/190] Loss: 1.0740
2026/08/26 20:18:30 - __main__ - INFO - 162 - trainer - [78/190] Loss: 1.0924
2026/08/26 20:18:36 - __main__ - INFO - 162 - trainer - [117/190] Loss: 1.0982
2026/08/26 20:18:41 - __main__ - INFO - 162 - trainer - [156/190] Loss: 1.0784
2026/08/26 20:18:46 - __main__ - INFO - 167 - trainer - Average loss in epoch 108: 1.0790
2026/08/26 20:18:46 - __main__ - INFO - 117 - trainer - Epoch: 109
2026/08/26 20:18:46 - __main__ - INFO - 162 - trainer - [0/190] Loss: 1.0660
2026/08/26 20:18:52 - __main__ - INFO - 162 - trainer - [39/190] Loss: 1.0816
2026/08/26 20:18:57 - __main__ - INFO - 162 - trainer - [78/190] Loss: 1.0978
2026/08/26 20:19:03 - __main__ - INFO - 162 - trainer - [117/190] Loss: 1.0616
2026/08/26 20:19:08 - __main__ - INFO - 162 - trainer - [156/190] Loss: 1.0840
2026/08/26 20:19:13 - __main__ - INFO - 167 - trainer - Average loss in epoch 109: 1.0787
2026/08/26 20:19:13 - __main__ - INFO - 117 - trainer - Epoch: 110
2026/08/26 20:19:13 - __main__ - INFO - 162 - trainer - [0/190] Loss: 1.0607
2026/08/26 20:19:19 - __main__ - INFO - 162 - trainer - [39/190] Loss: 1.0914
2026/08/26 20:19:24 - __main__ - INFO - 162 - trainer - [78/190] Loss: 1.0714
2026/08/26 20:19:29 - __main__ - INFO - 162 - trainer - [117/190] Loss: 1.0548
2026/08/26 20:19:35 - __main__ - INFO - 162 - trainer - [156/190] Loss: 1.0694
2026/08/26 20:19:40 - __main__ - INFO - 167 - trainer - Average loss in epoch 110: 1.0788
2026/08/26 20:19:40 - __main__ - INFO - 117 - trainer - Epoch: 111
2026/08/26 20:19:40 - __main__ - INFO - 162 - trainer - [0/190] Loss: 1.0724
2026/08/26 20:19:45 - __main__ - INFO - 162 - trainer - [39/190] Loss: 1.0683
2026/08/26 20:19:51 - __main__ - INFO - 162 - trainer - [78/190] Loss: 1.0720
2026/08/26 20:19:56 - __main__ - INFO - 162 - trainer - [117/190] Loss: 1.0892
2026/08/26 20:20:02 - __main__ - INFO - 162 - trainer - [156/190] Loss: 1.0919
2026/08/26 20:20:06 - __main__ - INFO - 167 - trainer - Average loss in epoch 111: 1.0778
2026/08/26 20:20:06 - __main__ - INFO - 117 - trainer - Epoch: 112
2026/08/26 20:20:06 - __main__ - INFO - 162 - trainer - [0/190] Loss: 1.0659
2026/08/26 20:20:12 - __main__ - INFO - 162 - trainer - [39/190] Loss: 1.0857
2026/08/26 20:20:17 - __main__ - INFO - 162 - trainer - [78/190] Loss: 1.0810
2026/08/26 20:20:23 - __main__ - INFO - 162 - trainer - [117/190] Loss: 1.0895
2026/08/26 20:20:28 - __main__ - INFO - 162 - trainer - [156/190] Loss: 1.0789
2026/08/26 20:20:33 - __main__ - INFO - 167 - trainer - Average loss in epoch 112: 1.0781
2026/08/26 20:20:33 - __main__ - INFO - 117 - trainer - Epoch: 113
2026/08/26 20:20:33 - __main__ - INFO - 162 - trainer - [0/190] Loss: 1.0855
2026/08/26 20:20:39 - __main__ - INFO - 162 - trainer - [39/190] Loss: 1.0818
2026/08/26 20:20:44 - __main__ - INFO - 162 - trainer - [78/190] Loss: 1.0779
2026/08/26 20:20:50 - __main__ - INFO - 162 - trainer - [117/190] Loss: 1.0864
2026/08/26 20:20:55 - __main__ - INFO - 162 - trainer - [156/190] Loss: 1.0879
2026/08/26 20:21:00 - __main__ - INFO - 167 - trainer - Average loss in epoch 113: 1.0774
2026/08/26 20:21:00 - __main__ - INFO - 117 - trainer - Epoch: 114
2026/08/26 20:21:00 - __main__ - INFO - 162 - trainer - [0/190] Loss: 1.1015
2026/08/26 20:21:05 - __main__ - INFO - 162 - trainer - [39/190] Loss: 1.0771
2026/08/26 20:21:11 - __main__ - INFO - 162 - trainer - [78/190] Loss: 1.0810
2026/08/26 20:21:16 - __main__ - INFO - 162 - trainer - [117/190] Loss: 1.0821
2026/08/26 20:21:22 - __main__ - INFO - 162 - trainer - [156/190] Loss: 1.0651
2026/08/26 20:21:27 - __main__ - INFO - 167 - trainer - Average loss in epoch 114: 1.0770
2026/08/26 20:21:27 - __main__ - INFO - 117 - trainer - Epoch: 115
2026/08/26 20:21:27 - __main__ - INFO - 162 - trainer - [0/190] Loss: 1.0776
2026/08/26 20:21:32 - __main__ - INFO - 162 - trainer - [39/190] Loss: 1.1048
2026/08/26 20:21:38 - __main__ - INFO - 162 - trainer - [78/190] Loss: 1.0595
2026/08/26 20:21:43 - __main__ - INFO - 162 - trainer - [117/190] Loss: 1.0796
2026/08/26 20:21:49 - __main__ - INFO - 162 - trainer - [156/190] Loss: 1.0630
2026/08/26 20:21:54 - __main__ - INFO - 167 - trainer - Average loss in epoch 115: 1.0772
2026/08/26 20:21:54 - __main__ - INFO - 117 - trainer - Epoch: 116
2026/08/26 20:21:54 - __main__ - INFO - 162 - trainer - [0/190] Loss: 1.0614
2026/08/26 20:21:59 - __main__ - INFO - 162 - trainer - [39/190] Loss: 1.0622
2026/08/26 20:22:05 - __main__ - INFO - 162 - trainer - [78/190] Loss: 1.0661
2026/08/26 20:22:10 - __main__ - INFO - 162 - trainer - [117/190] Loss: 1.0655
2026/08/26 20:22:16 - __main__ - INFO - 162 - trainer - [156/190] Loss: 1.0782
2026/08/26 20:22:20 - __main__ - INFO - 167 - trainer - Average loss in epoch 116: 1.0769
2026/08/26 20:22:20 - __main__ - INFO - 117 - trainer - Epoch: 117
2026/08/26 20:22:20 - __main__ - INFO - 162 - trainer - [0/190] Loss: 1.0697
2026/08/26 20:22:26 - __main__ - INFO - 162 - trainer - [39/190] Loss: 1.0749
2026/08/26 20:22:31 - __main__ - INFO - 162 - trainer - [78/190] Loss: 1.1058
2026/08/26 20:22:37 - __main__ - INFO - 162 - trainer - [117/190] Loss: 1.0872
2026/08/26 20:22:42 - __main__ - INFO - 162 - trainer - [156/190] Loss: 1.0929
2026/08/26 20:22:47 - __main__ - INFO - 167 - trainer - Average loss in epoch 117: 1.0763
2026/08/26 20:22:47 - __main__ - INFO - 117 - trainer - Epoch: 118
2026/08/26 20:22:47 - __main__ - INFO - 162 - trainer - [0/190] Loss: 1.0676
2026/08/26 20:22:53 - __main__ - INFO - 162 - trainer - [39/190] Loss: 1.0900
2026/08/26 20:22:58 - __main__ - INFO - 162 - trainer - [78/190] Loss: 1.0677
2026/08/26 20:23:04 - __main__ - INFO - 162 - trainer - [117/190] Loss: 1.0817
2026/08/26 20:23:09 - __main__ - INFO - 162 - trainer - [156/190] Loss: 1.0894
2026/08/26 20:23:14 - __main__ - INFO - 167 - trainer - Average loss in epoch 118: 1.0758
2026/08/26 20:23:14 - __main__ - INFO - 117 - trainer - Epoch: 119
2026/08/26 20:23:14 - __main__ - INFO - 162 - trainer - [0/190] Loss: 1.0970
2026/08/26 20:23:20 - __main__ - INFO - 162 - trainer - [39/190] Loss: 1.0706
2026/08/26 20:23:25 - __main__ - INFO - 162 - trainer - [78/190] Loss: 1.0341
2026/08/26 20:23:31 - __main__ - INFO - 162 - trainer - [117/190] Loss: 1.0758
2026/08/26 20:23:36 - __main__ - INFO - 162 - trainer - [156/190] Loss: 1.0716
2026/08/26 20:23:41 - __main__ - INFO - 167 - trainer - Average loss in epoch 119: 1.0757
2026/08/26 20:23:41 - __main__ - INFO - 117 - trainer - Epoch: 120
2026/08/26 20:23:41 - __main__ - INFO - 162 - trainer - [0/190] Loss: 1.0842
2026/08/26 20:23:46 - __main__ - INFO - 162 - trainer - [39/190] Loss: 1.0641
2026/08/26 20:23:52 - __main__ - INFO - 162 - trainer - [78/190] Loss: 1.0822
2026/08/26 20:23:57 - __main__ - INFO - 162 - trainer - [117/190] Loss: 1.0930
2026/08/26 20:24:03 - __main__ - INFO - 162 - trainer - [156/190] Loss: 1.0710
2026/08/26 20:24:07 - __main__ - INFO - 167 - trainer - Average loss in epoch 120: 1.0757
2026/08/26 20:24:07 - __main__ - INFO - 173 - trainer - start predicting: 2026-08-26 20:24:07.648869
2026/08/26 20:24:10 - __main__ - INFO - 203 - trainer - {'Best_HR@5': np.float64(8.8822), 'Best_HR@10': np.float64(15.9331), 'Best_HR@20': np.float64(27.3243), 'Best_NDCG@5': np.float64(5.2137), 'Best_NDCG@10': np.float64(7.509), 'Best_NDCG@20': np.float64(10.2946)}
2026/08/26 20:24:10 - __main__ - INFO - 204 - trainer - {'Best_epoch_HR@5': 80, 'Best_epoch_HR@10': 120, 'Best_epoch_HR@20': 120, 'Best_epoch_NDCG@5': 80, 'Best_epoch_NDCG@10': 100, 'Best_epoch_NDCG@20': 120}
2026/08/26 20:24:10 - __main__ - INFO - 117 - trainer - Epoch: 121
2026/08/26 20:24:10 - __main__ - INFO - 162 - trainer - [0/190] Loss: 1.0808
2026/08/26 20:24:15 - __main__ - INFO - 162 - trainer - [39/190] Loss: 1.0541
2026/08/26 20:24:21 - __main__ - INFO - 162 - trainer - [78/190] Loss: 1.0807
2026/08/26 20:24:26 - __main__ - INFO - 162 - trainer - [117/190] Loss: 1.0795
2026/08/26 20:24:31 - __main__ - INFO - 162 - trainer - [156/190] Loss: 1.0563
2026/08/26 20:24:36 - __main__ - INFO - 167 - trainer - Average loss in epoch 121: 1.0754
2026/08/26 20:24:36 - __main__ - INFO - 117 - trainer - Epoch: 122
2026/08/26 20:24:36 - __main__ - INFO - 162 - trainer - [0/190] Loss: 1.0740
2026/08/26 20:24:41 - __main__ - INFO - 162 - trainer - [39/190] Loss: 1.0891
2026/08/26 20:24:47 - __main__ - INFO - 162 - trainer - [78/190] Loss: 1.0615
2026/08/26 20:24:52 - __main__ - INFO - 162 - trainer - [117/190] Loss: 1.0594
2026/08/26 20:24:58 - __main__ - INFO - 162 - trainer - [156/190] Loss: 1.0762
2026/08/26 20:25:02 - __main__ - INFO - 167 - trainer - Average loss in epoch 122: 1.0757
2026/08/26 20:25:02 - __main__ - INFO - 117 - trainer - Epoch: 123
2026/08/26 20:25:02 - __main__ - INFO - 162 - trainer - [0/190] Loss: 1.0652
2026/08/26 20:25:08 - __main__ - INFO - 162 - trainer - [39/190] Loss: 1.0799
2026/08/26 20:25:13 - __main__ - INFO - 162 - trainer - [78/190] Loss: 1.0686
2026/08/26 20:25:19 - __main__ - INFO - 162 - trainer - [117/190] Loss: 1.0728
2026/08/26 20:25:24 - __main__ - INFO - 162 - trainer - [156/190] Loss: 1.0630
2026/08/26 20:25:29 - __main__ - INFO - 167 - trainer - Average loss in epoch 123: 1.0751
2026/08/26 20:25:29 - __main__ - INFO - 117 - trainer - Epoch: 124
2026/08/26 20:25:29 - __main__ - INFO - 162 - trainer - [0/190] Loss: 1.0605
2026/08/26 20:25:34 - __main__ - INFO - 162 - trainer - [39/190] Loss: 1.0943
2026/08/26 20:25:40 - __main__ - INFO - 162 - trainer - [78/190] Loss: 1.0852
2026/08/26 20:25:45 - __main__ - INFO - 162 - trainer - [117/190] Loss: 1.0784
2026/08/26 20:25:50 - __main__ - INFO - 162 - trainer - [156/190] Loss: 1.0758
2026/08/26 20:25:55 - __main__ - INFO - 167 - trainer - Average loss in epoch 124: 1.0751
2026/08/26 20:25:55 - __main__ - INFO - 117 - trainer - Epoch: 125
2026/08/26 20:25:55 - __main__ - INFO - 162 - trainer - [0/190] Loss: 1.0743
2026/08/26 20:26:01 - __main__ - INFO - 162 - trainer - [39/190] Loss: 1.0874
2026/08/26 20:26:06 - __main__ - INFO - 162 - trainer - [78/190] Loss: 1.0751
2026/08/26 20:26:12 - __main__ - INFO - 162 - trainer - [117/190] Loss: 1.0860
2026/08/26 20:26:17 - __main__ - INFO - 162 - trainer - [156/190] Loss: 1.0798
2026/08/26 20:26:21 - __main__ - INFO - 167 - trainer - Average loss in epoch 125: 1.0748
2026/08/26 20:26:21 - __main__ - INFO - 117 - trainer - Epoch: 126
2026/08/26 20:26:22 - __main__ - INFO - 162 - trainer - [0/190] Loss: 1.0700
2026/08/26 20:26:27 - __main__ - INFO - 162 - trainer - [39/190] Loss: 1.0773
2026/08/26 20:26:32 - __main__ - INFO - 162 - trainer - [78/190] Loss: 1.1110
2026/08/26 20:26:38 - __main__ - INFO - 162 - trainer - [117/190] Loss: 1.0685
2026/08/26 20:26:43 - __main__ - INFO - 162 - trainer - [156/190] Loss: 1.0755
2026/08/26 20:26:48 - __main__ - INFO - 167 - trainer - Average loss in epoch 126: 1.0747
2026/08/26 20:26:48 - __main__ - INFO - 117 - trainer - Epoch: 127
2026/08/26 20:26:48 - __main__ - INFO - 162 - trainer - [0/190] Loss: 1.0706
2026/08/26 20:26:54 - __main__ - INFO - 162 - trainer - [39/190] Loss: 1.0682
2026/08/26 20:26:59 - __main__ - INFO - 162 - trainer - [78/190] Loss: 1.0604
2026/08/26 20:27:04 - __main__ - INFO - 162 - trainer - [117/190] Loss: 1.0652
2026/08/26 20:27:10 - __main__ - INFO - 162 - trainer - [156/190] Loss: 1.0722
2026/08/26 20:27:14 - __main__ - INFO - 167 - trainer - Average loss in epoch 127: 1.0739
2026/08/26 20:27:14 - __main__ - INFO - 117 - trainer - Epoch: 128
2026/08/26 20:27:14 - __main__ - INFO - 162 - trainer - [0/190] Loss: 1.0739
2026/08/26 20:27:20 - __main__ - INFO - 162 - trainer - [39/190] Loss: 1.0606
2026/08/26 20:27:25 - __main__ - INFO - 162 - trainer - [78/190] Loss: 1.0778
2026/08/26 20:27:31 - __main__ - INFO - 162 - trainer - [117/190] Loss: 1.1038
2026/08/26 20:27:36 - __main__ - INFO - 162 - trainer - [156/190] Loss: 1.0698
2026/08/26 20:27:41 - __main__ - INFO - 167 - trainer - Average loss in epoch 128: 1.0743
2026/08/26 20:27:41 - __main__ - INFO - 117 - trainer - Epoch: 129
2026/08/26 20:27:41 - __main__ - INFO - 162 - trainer - [0/190] Loss: 1.0669
2026/08/26 20:27:46 - __main__ - INFO - 162 - trainer - [39/190] Loss: 1.0741
2026/08/26 20:27:52 - __main__ - INFO - 162 - trainer - [78/190] Loss: 1.0995
2026/08/26 20:27:58 - __main__ - INFO - 162 - trainer - [117/190] Loss: 1.0956
2026/08/26 20:28:03 - __main__ - INFO - 162 - trainer - [156/190] Loss: 1.0710
2026/08/26 20:28:08 - __main__ - INFO - 167 - trainer - Average loss in epoch 129: 1.0738
2026/08/26 20:28:08 - __main__ - INFO - 117 - trainer - Epoch: 130
2026/08/26 20:28:08 - __main__ - INFO - 162 - trainer - [0/190] Loss: 1.0864
2026/08/26 20:28:13 - __main__ - INFO - 162 - trainer - [39/190] Loss: 1.0812
2026/08/26 20:28:19 - __main__ - INFO - 162 - trainer - [78/190] Loss: 1.0609
2026/08/26 20:28:25 - __main__ - INFO - 162 - trainer - [117/190] Loss: 1.0713
2026/08/26 20:28:30 - __main__ - INFO - 162 - trainer - [156/190] Loss: 1.0795
2026/08/26 20:28:35 - __main__ - INFO - 167 - trainer - Average loss in epoch 130: 1.0734
2026/08/26 20:28:35 - __main__ - INFO - 117 - trainer - Epoch: 131
2026/08/26 20:28:35 - __main__ - INFO - 162 - trainer - [0/190] Loss: 1.0887
2026/08/26 20:28:40 - __main__ - INFO - 162 - trainer - [39/190] Loss: 1.0861
2026/08/26 20:28:46 - __main__ - INFO - 162 - trainer - [78/190] Loss: 1.0541
2026/08/26 20:28:51 - __main__ - INFO - 162 - trainer - [117/190] Loss: 1.0545
2026/08/26 20:28:57 - __main__ - INFO - 162 - trainer - [156/190] Loss: 1.0688
2026/08/26 20:29:02 - __main__ - INFO - 167 - trainer - Average loss in epoch 131: 1.0736
2026/08/26 20:29:02 - __main__ - INFO - 117 - trainer - Epoch: 132
2026/08/26 20:29:02 - __main__ - INFO - 162 - trainer - [0/190] Loss: 1.0629
2026/08/26 20:29:07 - __main__ - INFO - 162 - trainer - [39/190] Loss: 1.0697
2026/08/26 20:29:13 - __main__ - INFO - 162 - trainer - [78/190] Loss: 1.0678
2026/08/26 20:29:18 - __main__ - INFO - 162 - trainer - [117/190] Loss: 1.0685
2026/08/26 20:29:24 - __main__ - INFO - 162 - trainer - [156/190] Loss: 1.0873
2026/08/26 20:29:28 - __main__ - INFO - 167 - trainer - Average loss in epoch 132: 1.0728
2026/08/26 20:29:28 - __main__ - INFO - 117 - trainer - Epoch: 133
2026/08/26 20:29:28 - __main__ - INFO - 162 - trainer - [0/190] Loss: 1.0695
2026/08/26 20:29:34 - __main__ - INFO - 162 - trainer - [39/190] Loss: 1.0698
2026/08/26 20:29:39 - __main__ - INFO - 162 - trainer - [78/190] Loss: 1.0663
2026/08/26 20:29:45 - __main__ - INFO - 162 - trainer - [117/190] Loss: 1.0768
2026/08/26 20:29:50 - __main__ - INFO - 162 - trainer - [156/190] Loss: 1.0764
2026/08/26 20:29:55 - __main__ - INFO - 167 - trainer - Average loss in epoch 133: 1.0728
2026/08/26 20:29:55 - __main__ - INFO - 117 - trainer - Epoch: 134
2026/08/26 20:29:55 - __main__ - INFO - 162 - trainer - [0/190] Loss: 1.0876
2026/08/26 20:30:00 - __main__ - INFO - 162 - trainer - [39/190] Loss: 1.0920
2026/08/26 20:30:06 - __main__ - INFO - 162 - trainer - [78/190] Loss: 1.0863
2026/08/26 20:30:11 - __main__ - INFO - 162 - trainer - [117/190] Loss: 1.0895
2026/08/26 20:30:16 - __main__ - INFO - 162 - trainer - [156/190] Loss: 1.0864
2026/08/26 20:30:21 - __main__ - INFO - 167 - trainer - Average loss in epoch 134: 1.0725
2026/08/26 20:30:21 - __main__ - INFO - 117 - trainer - Epoch: 135
2026/08/26 20:30:21 - __main__ - INFO - 162 - trainer - [0/190] Loss: 1.0713
2026/08/26 20:30:27 - __main__ - INFO - 162 - trainer - [39/190] Loss: 1.0685
2026/08/26 20:30:32 - __main__ - INFO - 162 - trainer - [78/190] Loss: 1.0672
2026/08/26 20:30:37 - __main__ - INFO - 162 - trainer - [117/190] Loss: 1.0598
2026/08/26 20:30:43 - __main__ - INFO - 162 - trainer - [156/190] Loss: 1.0822
2026/08/26 20:30:47 - __main__ - INFO - 167 - trainer - Average loss in epoch 135: 1.0734
2026/08/26 20:30:47 - __main__ - INFO - 117 - trainer - Epoch: 136
2026/08/26 20:30:48 - __main__ - INFO - 162 - trainer - [0/190] Loss: 1.0363
2026/08/26 20:30:53 - __main__ - INFO - 162 - trainer - [39/190] Loss: 1.0556
2026/08/26 20:30:59 - __main__ - INFO - 162 - trainer - [78/190] Loss: 1.0732
2026/08/26 20:31:04 - __main__ - INFO - 162 - trainer - [117/190] Loss: 1.0877
2026/08/26 20:31:10 - __main__ - INFO - 162 - trainer - [156/190] Loss: 1.0643
2026/08/26 20:31:15 - __main__ - INFO - 167 - trainer - Average loss in epoch 136: 1.0725
2026/08/26 20:31:15 - __main__ - INFO - 117 - trainer - Epoch: 137
2026/08/26 20:31:15 - __main__ - INFO - 162 - trainer - [0/190] Loss: 1.0779
2026/08/26 20:31:20 - __main__ - INFO - 162 - trainer - [39/190] Loss: 1.0719
2026/08/26 20:31:26 - __main__ - INFO - 162 - trainer - [78/190] Loss: 1.0700
2026/08/26 20:31:31 - __main__ - INFO - 162 - trainer - [117/190] Loss: 1.0580
2026/08/26 20:31:37 - __main__ - INFO - 162 - trainer - [156/190] Loss: 1.0752
2026/08/26 20:31:41 - __main__ - INFO - 167 - trainer - Average loss in epoch 137: 1.0722
2026/08/26 20:31:41 - __main__ - INFO - 117 - trainer - Epoch: 138
2026/08/26 20:31:42 - __main__ - INFO - 162 - trainer - [0/190] Loss: 1.0602
2026/08/26 20:31:47 - __main__ - INFO - 162 - trainer - [39/190] Loss: 1.0839
2026/08/26 20:31:53 - __main__ - INFO - 162 - trainer - [78/190] Loss: 1.0791
2026/08/26 20:31:58 - __main__ - INFO - 162 - trainer - [117/190] Loss: 1.0627
2026/08/26 20:32:04 - __main__ - INFO - 162 - trainer - [156/190] Loss: 1.0533
2026/08/26 20:32:09 - __main__ - INFO - 167 - trainer - Average loss in epoch 138: 1.0723
2026/08/26 20:32:09 - __main__ - INFO - 117 - trainer - Epoch: 139
2026/08/26 20:32:09 - __main__ - INFO - 162 - trainer - [0/190] Loss: 1.0755
2026/08/26 20:32:14 - __main__ - INFO - 162 - trainer - [39/190] Loss: 1.0688
2026/08/26 20:32:20 - __main__ - INFO - 162 - trainer - [78/190] Loss: 1.0668
2026/08/26 20:32:25 - __main__ - INFO - 162 - trainer - [117/190] Loss: 1.0894
2026/08/26 20:32:30 - __main__ - INFO - 162 - trainer - [156/190] Loss: 1.0648
2026/08/26 20:32:35 - __main__ - INFO - 167 - trainer - Average loss in epoch 139: 1.0723
2026/08/26 20:32:35 - __main__ - INFO - 117 - trainer - Epoch: 140
2026/08/26 20:32:35 - __main__ - INFO - 162 - trainer - [0/190] Loss: 1.0788
2026/08/26 20:32:40 - __main__ - INFO - 162 - trainer - [39/190] Loss: 1.0620
2026/08/26 20:32:46 - __main__ - INFO - 162 - trainer - [78/190] Loss: 1.0545
2026/08/26 20:32:51 - __main__ - INFO - 162 - trainer - [117/190] Loss: 1.0712
2026/08/26 20:32:57 - __main__ - INFO - 162 - trainer - [156/190] Loss: 1.0871
2026/08/26 20:33:01 - __main__ - INFO - 167 - trainer - Average loss in epoch 140: 1.0718
2026/08/26 20:33:01 - __main__ - INFO - 173 - trainer - start predicting: 2026-08-26 20:33:01.596708
2026/08/26 20:33:04 - __main__ - INFO - 117 - trainer - Epoch: 141
2026/08/26 20:33:04 - __main__ - INFO - 162 - trainer - [0/190] Loss: 1.0760
2026/08/26 20:33:09 - __main__ - INFO - 162 - trainer - [39/190] Loss: 1.0727
2026/08/26 20:33:15 - __main__ - INFO - 162 - trainer - [78/190] Loss: 1.0703
2026/08/26 20:33:20 - __main__ - INFO - 162 - trainer - [117/190] Loss: 1.0683
2026/08/26 20:33:25 - __main__ - INFO - 162 - trainer - [156/190] Loss: 1.0702
2026/08/26 20:33:30 - __main__ - INFO - 167 - trainer - Average loss in epoch 141: 1.0719
2026/08/26 20:33:30 - __main__ - INFO - 117 - trainer - Epoch: 142
2026/08/26 20:33:30 - __main__ - INFO - 162 - trainer - [0/190] Loss: 1.0544
2026/08/26 20:33:35 - __main__ - INFO - 162 - trainer - [39/190] Loss: 1.0596
2026/08/26 20:33:41 - __main__ - INFO - 162 - trainer - [78/190] Loss: 1.0724
2026/08/26 20:33:46 - __main__ - INFO - 162 - trainer - [117/190] Loss: 1.0517
2026/08/26 20:33:52 - __main__ - INFO - 162 - trainer - [156/190] Loss: 1.0821
2026/08/26 20:33:57 - __main__ - INFO - 167 - trainer - Average loss in epoch 142: 1.0713
2026/08/26 20:33:57 - __main__ - INFO - 117 - trainer - Epoch: 143
2026/08/26 20:33:57 - __main__ - INFO - 162 - trainer - [0/190] Loss: 1.0695
2026/08/26 20:34:02 - __main__ - INFO - 162 - trainer - [39/190] Loss: 1.0821
2026/08/26 20:34:08 - __main__ - INFO - 162 - trainer - [78/190] Loss: 1.0788
2026/08/26 20:34:13 - __main__ - INFO - 162 - trainer - [117/190] Loss: 1.0668
2026/08/26 20:34:19 - __main__ - INFO - 162 - trainer - [156/190] Loss: 1.0782
2026/08/26 20:34:23 - __main__ - INFO - 167 - trainer - Average loss in epoch 143: 1.0716
2026/08/26 20:34:23 - __main__ - INFO - 117 - trainer - Epoch: 144
2026/08/26 20:34:23 - __main__ - INFO - 162 - trainer - [0/190] Loss: 1.0617
2026/08/26 20:34:29 - __main__ - INFO - 162 - trainer - [39/190] Loss: 1.0623
2026/08/26 20:34:34 - __main__ - INFO - 162 - trainer - [78/190] Loss: 1.0732
2026/08/26 20:34:40 - __main__ - INFO - 162 - trainer - [117/190] Loss: 1.0712
2026/08/26 20:34:45 - __main__ - INFO - 162 - trainer - [156/190] Loss: 1.0579
2026/08/26 20:34:50 - __main__ - INFO - 167 - trainer - Average loss in epoch 144: 1.0713
2026/08/26 20:34:50 - __main__ - INFO - 117 - trainer - Epoch: 145
2026/08/26 20:34:50 - __main__ - INFO - 162 - trainer - [0/190] Loss: 1.0638
2026/08/26 20:34:56 - __main__ - INFO - 162 - trainer - [39/190] Loss: 1.0916
2026/08/26 20:35:01 - __main__ - INFO - 162 - trainer - [78/190] Loss: 1.0890
2026/08/26 20:35:07 - __main__ - INFO - 162 - trainer - [117/190] Loss: 1.0553
2026/08/26 20:35:12 - __main__ - INFO - 162 - trainer - [156/190] Loss: 1.0482
2026/08/26 20:35:17 - __main__ - INFO - 167 - trainer - Average loss in epoch 145: 1.0713
2026/08/26 20:35:17 - __main__ - INFO - 117 - trainer - Epoch: 146
2026/08/26 20:35:17 - __main__ - INFO - 162 - trainer - [0/190] Loss: 1.0557
2026/08/26 20:35:22 - __main__ - INFO - 162 - trainer - [39/190] Loss: 1.0524
2026/08/26 20:35:28 - __main__ - INFO - 162 - trainer - [78/190] Loss: 1.0654
2026/08/26 20:35:33 - __main__ - INFO - 162 - trainer - [117/190] Loss: 1.0781
2026/08/26 20:35:39 - __main__ - INFO - 162 - trainer - [156/190] Loss: 1.0827
2026/08/26 20:35:43 - __main__ - INFO - 167 - trainer - Average loss in epoch 146: 1.0707
2026/08/26 20:35:43 - __main__ - INFO - 117 - trainer - Epoch: 147
2026/08/26 20:35:43 - __main__ - INFO - 162 - trainer - [0/190] Loss: 1.0767
2026/08/26 20:35:49 - __main__ - INFO - 162 - trainer - [39/190] Loss: 1.0842
2026/08/26 20:35:54 - __main__ - INFO - 162 - trainer - [78/190] Loss: 1.0638
2026/08/26 20:36:00 - __main__ - INFO - 162 - trainer - [117/190] Loss: 1.0605
2026/08/26 20:36:05 - __main__ - INFO - 162 - trainer - [156/190] Loss: 1.0753
2026/08/26 20:36:10 - __main__ - INFO - 167 - trainer - Average loss in epoch 147: 1.0710
2026/08/26 20:36:10 - __main__ - INFO - 117 - trainer - Epoch: 148
2026/08/26 20:36:10 - __main__ - INFO - 162 - trainer - [0/190] Loss: 1.0759
2026/08/26 20:36:16 - __main__ - INFO - 162 - trainer - [39/190] Loss: 1.0742
2026/08/26 20:36:21 - __main__ - INFO - 162 - trainer - [78/190] Loss: 1.0637
2026/08/26 20:36:26 - __main__ - INFO - 162 - trainer - [117/190] Loss: 1.0457
2026/08/26 20:36:32 - __main__ - INFO - 162 - trainer - [156/190] Loss: 1.0723
2026/08/26 20:36:36 - __main__ - INFO - 167 - trainer - Average loss in epoch 148: 1.0697
2026/08/26 20:36:36 - __main__ - INFO - 117 - trainer - Epoch: 149
2026/08/26 20:36:36 - __main__ - INFO - 162 - trainer - [0/190] Loss: 1.0676
2026/08/26 20:36:42 - __main__ - INFO - 162 - trainer - [39/190] Loss: 1.0656
2026/08/26 20:36:47 - __main__ - INFO - 162 - trainer - [78/190] Loss: 1.0592
2026/08/26 20:36:53 - __main__ - INFO - 162 - trainer - [117/190] Loss: 1.0479
2026/08/26 20:36:58 - __main__ - INFO - 162 - trainer - [156/190] Loss: 1.0561
2026/08/26 20:37:03 - __main__ - INFO - 167 - trainer - Average loss in epoch 149: 1.0710
2026/08/26 20:37:03 - __main__ - INFO - 117 - trainer - Epoch: 150
2026/08/26 20:37:03 - __main__ - INFO - 162 - trainer - [0/190] Loss: 1.0695
2026/08/26 20:37:08 - __main__ - INFO - 162 - trainer - [39/190] Loss: 1.0829
2026/08/26 20:37:14 - __main__ - INFO - 162 - trainer - [78/190] Loss: 1.0721
2026/08/26 20:37:19 - __main__ - INFO - 162 - trainer - [117/190] Loss: 1.0805
2026/08/26 20:37:25 - __main__ - INFO - 162 - trainer - [156/190] Loss: 1.0630
2026/08/26 20:37:29 - __main__ - INFO - 167 - trainer - Average loss in epoch 150: 1.0700
2026/08/26 20:37:29 - __main__ - INFO - 117 - trainer - Epoch: 151
2026/08/26 20:37:29 - __main__ - INFO - 162 - trainer - [0/190] Loss: 1.0830
2026/08/26 20:37:35 - __main__ - INFO - 162 - trainer - [39/190] Loss: 1.0646
2026/08/26 20:37:40 - __main__ - INFO - 162 - trainer - [78/190] Loss: 1.0785
2026/08/26 20:37:46 - __main__ - INFO - 162 - trainer - [117/190] Loss: 1.0680
2026/08/26 20:37:51 - __main__ - INFO - 162 - trainer - [156/190] Loss: 1.0714
2026/08/26 20:37:56 - __main__ - INFO - 167 - trainer - Average loss in epoch 151: 1.0703
2026/08/26 20:37:56 - __main__ - INFO - 117 - trainer - Epoch: 152
2026/08/26 20:37:56 - __main__ - INFO - 162 - trainer - [0/190] Loss: 1.0766
2026/08/26 20:38:02 - __main__ - INFO - 162 - trainer - [39/190] Loss: 1.0579
2026/08/26 20:38:07 - __main__ - INFO - 162 - trainer - [78/190] Loss: 1.0616
2026/08/26 20:38:13 - __main__ - INFO - 162 - trainer - [117/190] Loss: 1.0695
2026/08/26 20:38:18 - __main__ - INFO - 162 - trainer - [156/190] Loss: 1.0746
2026/08/26 20:38:23 - __main__ - INFO - 167 - trainer - Average loss in epoch 152: 1.0699
2026/08/26 20:38:23 - __main__ - INFO - 117 - trainer - Epoch: 153
2026/08/26 20:38:23 - __main__ - INFO - 162 - trainer - [0/190] Loss: 1.0718
2026/08/26 20:38:28 - __main__ - INFO - 162 - trainer - [39/190] Loss: 1.0584
2026/08/26 20:38:34 - __main__ - INFO - 162 - trainer - [78/190] Loss: 1.0821
2026/08/26 20:38:39 - __main__ - INFO - 162 - trainer - [117/190] Loss: 1.0723
2026/08/26 20:38:45 - __main__ - INFO - 162 - trainer - [156/190] Loss: 1.0780
2026/08/26 20:38:49 - __main__ - INFO - 167 - trainer - Average loss in epoch 153: 1.0694
2026/08/26 20:38:49 - __main__ - INFO - 117 - trainer - Epoch: 154
2026/08/26 20:38:49 - __main__ - INFO - 162 - trainer - [0/190] Loss: 1.0648
2026/08/26 20:38:55 - __main__ - INFO - 162 - trainer - [39/190] Loss: 1.0791
2026/08/26 20:39:00 - __main__ - INFO - 162 - trainer - [78/190] Loss: 1.0830
2026/08/26 20:39:06 - __main__ - INFO - 162 - trainer - [117/190] Loss: 1.0705
2026/08/26 20:39:11 - __main__ - INFO - 162 - trainer - [156/190] Loss: 1.0550
2026/08/26 20:39:16 - __main__ - INFO - 167 - trainer - Average loss in epoch 154: 1.0698
2026/08/26 20:39:16 - __main__ - INFO - 117 - trainer - Epoch: 155
2026/08/26 20:39:16 - __main__ - INFO - 162 - trainer - [0/190] Loss: 1.0403
2026/08/26 20:39:21 - __main__ - INFO - 162 - trainer - [39/190] Loss: 1.0812
2026/08/26 20:39:27 - __main__ - INFO - 162 - trainer - [78/190] Loss: 1.0559
2026/08/26 20:39:32 - __main__ - INFO - 162 - trainer - [117/190] Loss: 1.0524
2026/08/26 20:39:38 - __main__ - INFO - 162 - trainer - [156/190] Loss: 1.0702
2026/08/26 20:39:43 - __main__ - INFO - 167 - trainer - Average loss in epoch 155: 1.0689
2026/08/26 20:39:43 - __main__ - INFO - 117 - trainer - Epoch: 156
2026/08/26 20:39:43 - __main__ - INFO - 162 - trainer - [0/190] Loss: 1.0592
2026/08/26 20:39:48 - __main__ - INFO - 162 - trainer - [39/190] Loss: 1.0708
2026/08/26 20:39:54 - __main__ - INFO - 162 - trainer - [78/190] Loss: 1.0686
2026/08/26 20:39:59 - __main__ - INFO - 162 - trainer - [117/190] Loss: 1.0536
2026/08/26 20:40:05 - __main__ - INFO - 162 - trainer - [156/190] Loss: 1.0691
2026/08/26 20:40:10 - __main__ - INFO - 167 - trainer - Average loss in epoch 156: 1.0691
2026/08/26 20:40:10 - __main__ - INFO - 117 - trainer - Epoch: 157
2026/08/26 20:40:10 - __main__ - INFO - 162 - trainer - [0/190] Loss: 1.0652
2026/08/26 20:40:15 - __main__ - INFO - 162 - trainer - [39/190] Loss: 1.0721
2026/08/26 20:40:21 - __main__ - INFO - 162 - trainer - [78/190] Loss: 1.0738
2026/08/26 20:40:26 - __main__ - INFO - 162 - trainer - [117/190] Loss: 1.0692
2026/08/26 20:40:32 - __main__ - INFO - 162 - trainer - [156/190] Loss: 1.0834
2026/08/26 20:40:36 - __main__ - INFO - 167 - trainer - Average loss in epoch 157: 1.0691
2026/08/26 20:40:36 - __main__ - INFO - 117 - trainer - Epoch: 158
2026/08/26 20:40:36 - __main__ - INFO - 162 - trainer - [0/190] Loss: 1.0497
2026/08/26 20:40:42 - __main__ - INFO - 162 - trainer - [39/190] Loss: 1.0718
2026/08/26 20:40:47 - __main__ - INFO - 162 - trainer - [78/190] Loss: 1.0651
2026/08/26 20:40:53 - __main__ - INFO - 162 - trainer - [117/190] Loss: 1.0643
2026/08/26 20:40:59 - __main__ - INFO - 162 - trainer - [156/190] Loss: 1.0772
2026/08/26 20:41:03 - __main__ - INFO - 167 - trainer - Average loss in epoch 158: 1.0688
2026/08/26 20:41:03 - __main__ - INFO - 117 - trainer - Epoch: 159
2026/08/26 20:41:03 - __main__ - INFO - 162 - trainer - [0/190] Loss: 1.0562
2026/08/26 20:41:09 - __main__ - INFO - 162 - trainer - [39/190] Loss: 1.0759
2026/08/26 20:41:14 - __main__ - INFO - 162 - trainer - [78/190] Loss: 1.0583
2026/08/26 20:41:20 - __main__ - INFO - 162 - trainer - [117/190] Loss: 1.0746
2026/08/26 20:41:25 - __main__ - INFO - 162 - trainer - [156/190] Loss: 1.0553
2026/08/26 20:41:30 - __main__ - INFO - 167 - trainer - Average loss in epoch 159: 1.0686
2026/08/26 20:41:30 - __main__ - INFO - 117 - trainer - Epoch: 160
2026/08/26 20:41:30 - __main__ - INFO - 162 - trainer - [0/190] Loss: 1.0747
2026/08/26 20:41:35 - __main__ - INFO - 162 - trainer - [39/190] Loss: 1.0770
2026/08/26 20:41:41 - __main__ - INFO - 162 - trainer - [78/190] Loss: 1.0640
2026/08/26 20:41:46 - __main__ - INFO - 162 - trainer - [117/190] Loss: 1.0737
2026/08/26 20:41:52 - __main__ - INFO - 162 - trainer - [156/190] Loss: 1.0714
2026/08/26 20:41:56 - __main__ - INFO - 167 - trainer - Average loss in epoch 160: 1.0687
2026/08/26 20:41:56 - __main__ - INFO - 173 - trainer - start predicting: 2026-08-26 20:41:56.988140
2026/08/26 20:41:59 - __main__ - INFO - 203 - trainer - {'Best_HR@5': np.float64(8.8822), 'Best_HR@10': np.float64(15.9331), 'Best_HR@20': np.float64(27.709), 'Best_NDCG@5': np.float64(5.2137), 'Best_NDCG@10': np.float64(7.509), 'Best_NDCG@20': np.float64(10.2946)}
2026/08/26 20:41:59 - __main__ - INFO - 204 - trainer - {'Best_epoch_HR@5': 80, 'Best_epoch_HR@10': 120, 'Best_epoch_HR@20': 160, 'Best_epoch_NDCG@5': 80, 'Best_epoch_NDCG@10': 100, 'Best_epoch_NDCG@20': 120}
2026/08/26 20:41:59 - __main__ - INFO - 117 - trainer - Epoch: 161
2026/08/26 20:41:59 - __main__ - INFO - 162 - trainer - [0/190] Loss: 1.0660
2026/08/26 20:42:05 - __main__ - INFO - 162 - trainer - [39/190] Loss: 1.0605
2026/08/26 20:42:11 - __main__ - INFO - 162 - trainer - [78/190] Loss: 1.0740
2026/08/26 20:42:16 - __main__ - INFO - 162 - trainer - [117/190] Loss: 1.0626
2026/08/26 20:42:21 - __main__ - INFO - 162 - trainer - [156/190] Loss: 1.0593
2026/08/26 20:42:26 - __main__ - INFO - 167 - trainer - Average loss in epoch 161: 1.0685
2026/08/26 20:42:26 - __main__ - INFO - 117 - trainer - Epoch: 162
2026/08/26 20:42:26 - __main__ - INFO - 162 - trainer - [0/190] Loss: 1.0860
2026/08/26 20:42:32 - __main__ - INFO - 162 - trainer - [39/190] Loss: 1.0619
2026/08/26 20:42:38 - __main__ - INFO - 162 - trainer - [78/190] Loss: 1.0403
2026/08/26 20:42:43 - __main__ - INFO - 162 - trainer - [117/190] Loss: 1.0527
2026/08/26 20:42:49 - __main__ - INFO - 162 - trainer - [156/190] Loss: 1.0783
2026/08/26 20:42:54 - __main__ - INFO - 167 - trainer - Average loss in epoch 162: 1.0684
2026/08/26 20:42:54 - __main__ - INFO - 117 - trainer - Epoch: 163
2026/08/26 20:42:54 - __main__ - INFO - 162 - trainer - [0/190] Loss: 1.0727
2026/08/26 20:42:59 - __main__ - INFO - 162 - trainer - [39/190] Loss: 1.0664
2026/08/26 20:43:05 - __main__ - INFO - 162 - trainer - [78/190] Loss: 1.0712
2026/08/26 20:43:11 - __main__ - INFO - 162 - trainer - [117/190] Loss: 1.0687
2026/08/26 20:43:16 - __main__ - INFO - 162 - trainer - [156/190] Loss: 1.0772
2026/08/26 20:43:21 - __main__ - INFO - 167 - trainer - Average loss in epoch 163: 1.0681
2026/08/26 20:43:21 - __main__ - INFO - 117 - trainer - Epoch: 164
2026/08/26 20:43:21 - __main__ - INFO - 162 - trainer - [0/190] Loss: 1.0754
2026/08/26 20:43:27 - __main__ - INFO - 162 - trainer - [39/190] Loss: 1.0689
2026/08/26 20:43:32 - __main__ - INFO - 162 - trainer - [78/190] Loss: 1.0716
2026/08/26 20:43:38 - __main__ - INFO - 162 - trainer - [117/190] Loss: 1.0476
2026/08/26 20:43:43 - __main__ - INFO - 162 - trainer - [156/190] Loss: 1.0576
2026/08/26 20:43:48 - __main__ - INFO - 167 - trainer - Average loss in epoch 164: 1.0680
2026/08/26 20:43:48 - __main__ - INFO - 117 - trainer - Epoch: 165
2026/08/26 20:43:48 - __main__ - INFO - 162 - trainer - [0/190] Loss: 1.0621
2026/08/26 20:43:54 - __main__ - INFO - 162 - trainer - [39/190] Loss: 1.0800
2026/08/26 20:43:59 - __main__ - INFO - 162 - trainer - [78/190] Loss: 1.0589
2026/08/26 20:44:05 - __main__ - INFO - 162 - trainer - [117/190] Loss: 1.0662
2026/08/26 20:44:10 - __main__ - INFO - 162 - trainer - [156/190] Loss: 1.0728
2026/08/26 20:44:15 - __main__ - INFO - 167 - trainer - Average loss in epoch 165: 1.0679
2026/08/26 20:44:15 - __main__ - INFO - 117 - trainer - Epoch: 166
2026/08/26 20:44:15 - __main__ - INFO - 162 - trainer - [0/190] Loss: 1.0841
2026/08/26 20:44:20 - __main__ - INFO - 162 - trainer - [39/190] Loss: 1.0616
2026/08/26 20:44:26 - __main__ - INFO - 162 - trainer - [78/190] Loss: 1.0678
2026/08/26 20:44:31 - __main__ - INFO - 162 - trainer - [117/190] Loss: 1.0550
2026/08/26 20:44:37 - __main__ - INFO - 162 - trainer - [156/190] Loss: 1.0758
2026/08/26 20:44:42 - __main__ - INFO - 167 - trainer - Average loss in epoch 166: 1.0682
2026/08/26 20:44:42 - __main__ - INFO - 117 - trainer - Epoch: 167
2026/08/26 20:44:42 - __main__ - INFO - 162 - trainer - [0/190] Loss: 1.0711
2026/08/26 20:44:47 - __main__ - INFO - 162 - trainer - [39/190] Loss: 1.0437
2026/08/26 20:44:53 - __main__ - INFO - 162 - trainer - [78/190] Loss: 1.0864
2026/08/26 20:44:58 - __main__ - INFO - 162 - trainer - [117/190] Loss: 1.0449
2026/08/26 20:45:04 - __main__ - INFO - 162 - trainer - [156/190] Loss: 1.0872
2026/08/26 20:45:08 - __main__ - INFO - 167 - trainer - Average loss in epoch 167: 1.0683
2026/08/26 20:45:08 - __main__ - INFO - 117 - trainer - Epoch: 168
2026/08/26 20:45:08 - __main__ - INFO - 162 - trainer - [0/190] Loss: 1.0834
2026/08/26 20:45:14 - __main__ - INFO - 162 - trainer - [39/190] Loss: 1.0677
2026/08/26 20:45:19 - __main__ - INFO - 162 - trainer - [78/190] Loss: 1.0599
2026/08/26 20:45:25 - __main__ - INFO - 162 - trainer - [117/190] Loss: 1.0503
2026/08/26 20:45:31 - __main__ - INFO - 162 - trainer - [156/190] Loss: 1.0492
2026/08/26 20:45:35 - __main__ - INFO - 167 - trainer - Average loss in epoch 168: 1.0681
2026/08/26 20:45:35 - __main__ - INFO - 117 - trainer - Epoch: 169
2026/08/26 20:45:36 - __main__ - INFO - 162 - trainer - [0/190] Loss: 1.0698
2026/08/26 20:45:41 - __main__ - INFO - 162 - trainer - [39/190] Loss: 1.0656
2026/08/26 20:45:47 - __main__ - INFO - 162 - trainer - [78/190] Loss: 1.0691
2026/08/26 20:45:52 - __main__ - INFO - 162 - trainer - [117/190] Loss: 1.0634
2026/08/26 20:45:58 - __main__ - INFO - 162 - trainer - [156/190] Loss: 1.0589
2026/08/26 20:46:03 - __main__ - INFO - 167 - trainer - Average loss in epoch 169: 1.0672
2026/08/26 20:46:03 - __main__ - INFO - 117 - trainer - Epoch: 170
2026/08/26 20:46:03 - __main__ - INFO - 162 - trainer - [0/190] Loss: 1.0749
2026/08/26 20:46:08 - __main__ - INFO - 162 - trainer - [39/190] Loss: 1.0784
2026/08/26 20:46:14 - __main__ - INFO - 162 - trainer - [78/190] Loss: 1.0679
2026/08/26 20:46:19 - __main__ - INFO - 162 - trainer - [117/190] Loss: 1.0497
2026/08/26 20:46:25 - __main__ - INFO - 162 - trainer - [156/190] Loss: 1.0598
2026/08/26 20:46:29 - __main__ - INFO - 167 - trainer - Average loss in epoch 170: 1.0669
2026/08/26 20:46:29 - __main__ - INFO - 117 - trainer - Epoch: 171
2026/08/26 20:46:29 - __main__ - INFO - 162 - trainer - [0/190] Loss: 1.0707
2026/08/26 20:46:35 - __main__ - INFO - 162 - trainer - [39/190] Loss: 1.0510
2026/08/26 20:46:41 - __main__ - INFO - 162 - trainer - [78/190] Loss: 1.0796
2026/08/26 20:46:46 - __main__ - INFO - 162 - trainer - [117/190] Loss: 1.0727
2026/08/26 20:46:52 - __main__ - INFO - 162 - trainer - [156/190] Loss: 1.0886
2026/08/26 20:46:56 - __main__ - INFO - 167 - trainer - Average loss in epoch 171: 1.0677
2026/08/26 20:46:56 - __main__ - INFO - 117 - trainer - Epoch: 172
2026/08/26 20:46:56 - __main__ - INFO - 162 - trainer - [0/190] Loss: 1.0549
2026/08/26 20:47:02 - __main__ - INFO - 162 - trainer - [39/190] Loss: 1.0802
2026/08/26 20:47:07 - __main__ - INFO - 162 - trainer - [78/190] Loss: 1.0571
2026/08/26 20:47:13 - __main__ - INFO - 162 - trainer - [117/190] Loss: 1.0339
2026/08/26 20:47:18 - __main__ - INFO - 162 - trainer - [156/190] Loss: 1.0723
2026/08/26 20:47:23 - __main__ - INFO - 167 - trainer - Average loss in epoch 172: 1.0667
2026/08/26 20:47:23 - __main__ - INFO - 117 - trainer - Epoch: 173
2026/08/26 20:47:23 - __main__ - INFO - 162 - trainer - [0/190] Loss: 1.0788
2026/08/26 20:47:29 - __main__ - INFO - 162 - trainer - [39/190] Loss: 1.0546
2026/08/26 20:47:34 - __main__ - INFO - 162 - trainer - [78/190] Loss: 1.0758
2026/08/26 20:47:39 - __main__ - INFO - 162 - trainer - [117/190] Loss: 1.0688
2026/08/26 20:47:45 - __main__ - INFO - 162 - trainer - [156/190] Loss: 1.0596
2026/08/26 20:47:50 - __main__ - INFO - 167 - trainer - Average loss in epoch 173: 1.0669
2026/08/26 20:47:50 - __main__ - INFO - 117 - trainer - Epoch: 174
2026/08/26 20:47:50 - __main__ - INFO - 162 - trainer - [0/190] Loss: 1.0433
2026/08/26 20:47:55 - __main__ - INFO - 162 - trainer - [39/190] Loss: 1.0678
2026/08/26 20:48:01 - __main__ - INFO - 162 - trainer - [78/190] Loss: 1.0814
2026/08/26 20:48:07 - __main__ - INFO - 162 - trainer - [117/190] Loss: 1.0575
2026/08/26 20:48:12 - __main__ - INFO - 162 - trainer - [156/190] Loss: 1.0773
2026/08/26 20:48:17 - __main__ - INFO - 167 - trainer - Average loss in epoch 174: 1.0676
2026/08/26 20:48:17 - __main__ - INFO - 117 - trainer - Epoch: 175
2026/08/26 20:48:17 - __main__ - INFO - 162 - trainer - [0/190] Loss: 1.0546
2026/08/26 20:48:23 - __main__ - INFO - 162 - trainer - [39/190] Loss: 1.0442
2026/08/26 20:48:28 - __main__ - INFO - 162 - trainer - [78/190] Loss: 1.0706
2026/08/26 20:48:34 - __main__ - INFO - 162 - trainer - [117/190] Loss: 1.0641
2026/08/26 20:48:39 - __main__ - INFO - 162 - trainer - [156/190] Loss: 1.0657
2026/08/26 20:48:44 - __main__ - INFO - 167 - trainer - Average loss in epoch 175: 1.0663
2026/08/26 20:48:44 - __main__ - INFO - 117 - trainer - Epoch: 176
2026/08/26 20:48:44 - __main__ - INFO - 162 - trainer - [0/190] Loss: 1.0472
2026/08/26 20:48:50 - __main__ - INFO - 162 - trainer - [39/190] Loss: 1.0512
2026/08/26 20:48:55 - __main__ - INFO - 162 - trainer - [78/190] Loss: 1.0705
2026/08/26 20:49:01 - __main__ - INFO - 162 - trainer - [117/190] Loss: 1.0582
2026/08/26 20:49:06 - __main__ - INFO - 162 - trainer - [156/190] Loss: 1.0485
2026/08/26 20:49:11 - __main__ - INFO - 167 - trainer - Average loss in epoch 176: 1.0672
2026/08/26 20:49:11 - __main__ - INFO - 117 - trainer - Epoch: 177
2026/08/26 20:49:11 - __main__ - INFO - 162 - trainer - [0/190] Loss: 1.0740
2026/08/26 20:49:16 - __main__ - INFO - 162 - trainer - [39/190] Loss: 1.0513
2026/08/26 20:49:22 - __main__ - INFO - 162 - trainer - [78/190] Loss: 1.0778
2026/08/26 20:49:28 - __main__ - INFO - 162 - trainer - [117/190] Loss: 1.0655
2026/08/26 20:49:33 - __main__ - INFO - 162 - trainer - [156/190] Loss: 1.0883
2026/08/26 20:49:38 - __main__ - INFO - 167 - trainer - Average loss in epoch 177: 1.0659
2026/08/26 20:49:38 - __main__ - INFO - 117 - trainer - Epoch: 178
2026/08/26 20:49:38 - __main__ - INFO - 162 - trainer - [0/190] Loss: 1.0522
2026/08/26 20:49:43 - __main__ - INFO - 162 - trainer - [39/190] Loss: 1.0696
2026/08/26 20:49:49 - __main__ - INFO - 162 - trainer - [78/190] Loss: 1.0660
2026/08/26 20:49:55 - __main__ - INFO - 162 - trainer - [117/190] Loss: 1.0582
2026/08/26 20:50:00 - __main__ - INFO - 162 - trainer - [156/190] Loss: 1.0670
2026/08/26 20:50:05 - __main__ - INFO - 167 - trainer - Average loss in epoch 178: 1.0669
2026/08/26 20:50:05 - __main__ - INFO - 117 - trainer - Epoch: 179
2026/08/26 20:50:05 - __main__ - INFO - 162 - trainer - [0/190] Loss: 1.0910
2026/08/26 20:50:10 - __main__ - INFO - 162 - trainer - [39/190] Loss: 1.0615
2026/08/26 20:50:16 - __main__ - INFO - 162 - trainer - [78/190] Loss: 1.0494
2026/08/26 20:50:21 - __main__ - INFO - 162 - trainer - [117/190] Loss: 1.0752
2026/08/26 20:50:27 - __main__ - INFO - 162 - trainer - [156/190] Loss: 1.0606
2026/08/26 20:50:31 - __main__ - INFO - 167 - trainer - Average loss in epoch 179: 1.0661
2026/08/26 20:50:31 - __main__ - INFO - 117 - trainer - Epoch: 180
2026/08/26 20:50:32 - __main__ - INFO - 162 - trainer - [0/190] Loss: 1.0643
2026/08/26 20:50:37 - __main__ - INFO - 162 - trainer - [39/190] Loss: 1.0426
2026/08/26 20:50:42 - __main__ - INFO - 162 - trainer - [78/190] Loss: 1.0732
2026/08/26 20:50:48 - __main__ - INFO - 162 - trainer - [117/190] Loss: 1.0532
2026/08/26 20:50:53 - __main__ - INFO - 162 - trainer - [156/190] Loss: 1.0710
2026/08/26 20:50:58 - __main__ - INFO - 167 - trainer - Average loss in epoch 180: 1.0658
2026/08/26 20:50:58 - __main__ - INFO - 173 - trainer - start predicting: 2026-08-26 20:50:58.411791
2026/08/26 20:51:00 - __main__ - INFO - 117 - trainer - Epoch: 181
2026/08/26 20:51:01 - __main__ - INFO - 162 - trainer - [0/190] Loss: 1.0710
2026/08/26 20:51:06 - __main__ - INFO - 162 - trainer - [39/190] Loss: 1.0442
2026/08/26 20:51:12 - __main__ - INFO - 162 - trainer - [78/190] Loss: 1.0500
2026/08/26 20:51:17 - __main__ - INFO - 162 - trainer - [117/190] Loss: 1.0533
2026/08/26 20:51:22 - __main__ - INFO - 162 - trainer - [156/190] Loss: 1.0709
2026/08/26 20:51:27 - __main__ - INFO - 167 - trainer - Average loss in epoch 181: 1.0662
2026/08/26 20:51:27 - __main__ - INFO - 117 - trainer - Epoch: 182
2026/08/26 20:51:27 - __main__ - INFO - 162 - trainer - [0/190] Loss: 1.0821
2026/08/26 20:51:33 - __main__ - INFO - 162 - trainer - [39/190] Loss: 1.0783
2026/08/26 20:51:38 - __main__ - INFO - 162 - trainer - [78/190] Loss: 1.0862
2026/08/26 20:51:43 - __main__ - INFO - 162 - trainer - [117/190] Loss: 1.0969
2026/08/26 20:51:49 - __main__ - INFO - 162 - trainer - [156/190] Loss: 1.0936
2026/08/26 20:51:54 - __main__ - INFO - 167 - trainer - Average loss in epoch 182: 1.0655
2026/08/26 20:51:54 - __main__ - INFO - 117 - trainer - Epoch: 183
2026/08/26 20:51:54 - __main__ - INFO - 162 - trainer - [0/190] Loss: 1.0656
2026/08/26 20:52:00 - __main__ - INFO - 162 - trainer - [39/190] Loss: 1.0766
2026/08/26 20:52:05 - __main__ - INFO - 162 - trainer - [78/190] Loss: 1.0589
2026/08/26 20:52:11 - __main__ - INFO - 162 - trainer - [117/190] Loss: 1.0723
2026/08/26 20:52:16 - __main__ - INFO - 162 - trainer - [156/190] Loss: 1.0558
2026/08/26 20:52:21 - __main__ - INFO - 167 - trainer - Average loss in epoch 183: 1.0657
2026/08/26 20:52:21 - __main__ - INFO - 117 - trainer - Epoch: 184
2026/08/26 20:52:21 - __main__ - INFO - 162 - trainer - [0/190] Loss: 1.0610
2026/08/26 20:52:26 - __main__ - INFO - 162 - trainer - [39/190] Loss: 1.0623
2026/08/26 20:52:32 - __main__ - INFO - 162 - trainer - [78/190] Loss: 1.0566
2026/08/26 20:52:38 - __main__ - INFO - 162 - trainer - [117/190] Loss: 1.0610
2026/08/26 20:52:43 - __main__ - INFO - 162 - trainer - [156/190] Loss: 1.0740
2026/08/26 20:52:48 - __main__ - INFO - 167 - trainer - Average loss in epoch 184: 1.0651
2026/08/26 20:52:48 - __main__ - INFO - 117 - trainer - Epoch: 185
2026/08/26 20:52:48 - __main__ - INFO - 162 - trainer - [0/190] Loss: 1.0807
2026/08/26 20:52:53 - __main__ - INFO - 162 - trainer - [39/190] Loss: 1.0378
2026/08/26 20:52:59 - __main__ - INFO - 162 - trainer - [78/190] Loss: 1.0539
2026/08/26 20:53:05 - __main__ - INFO - 162 - trainer - [117/190] Loss: 1.0738
2026/08/26 20:53:10 - __main__ - INFO - 162 - trainer - [156/190] Loss: 1.0701
2026/08/26 20:53:15 - __main__ - INFO - 167 - trainer - Average loss in epoch 185: 1.0652
2026/08/26 20:53:15 - __main__ - INFO - 117 - trainer - Epoch: 186
2026/08/26 20:53:15 - __main__ - INFO - 162 - trainer - [0/190] Loss: 1.0637
2026/08/26 20:53:20 - __main__ - INFO - 162 - trainer - [39/190] Loss: 1.0570
2026/08/26 20:53:26 - __main__ - INFO - 162 - trainer - [78/190] Loss: 1.0698
2026/08/26 20:53:32 - __main__ - INFO - 162 - trainer - [117/190] Loss: 1.0588
2026/08/26 20:53:37 - __main__ - INFO - 162 - trainer - [156/190] Loss: 1.0730
2026/08/26 20:53:42 - __main__ - INFO - 167 - trainer - Average loss in epoch 186: 1.0645
2026/08/26 20:53:42 - __main__ - INFO - 117 - trainer - Epoch: 187
2026/08/26 20:53:42 - __main__ - INFO - 162 - trainer - [0/190] Loss: 1.0569
2026/08/26 20:53:47 - __main__ - INFO - 162 - trainer - [39/190] Loss: 1.0909
2026/08/26 20:53:53 - __main__ - INFO - 162 - trainer - [78/190] Loss: 1.0623
2026/08/26 20:53:59 - __main__ - INFO - 162 - trainer - [117/190] Loss: 1.0738
2026/08/26 20:54:04 - __main__ - INFO - 162 - trainer - [156/190] Loss: 1.0686
2026/08/26 20:54:09 - __main__ - INFO - 167 - trainer - Average loss in epoch 187: 1.0650
2026/08/26 20:54:09 - __main__ - INFO - 117 - trainer - Epoch: 188
2026/08/26 20:54:09 - __main__ - INFO - 162 - trainer - [0/190] Loss: 1.0681
2026/08/26 20:54:15 - __main__ - INFO - 162 - trainer - [39/190] Loss: 1.0497
2026/08/26 20:54:20 - __main__ - INFO - 162 - trainer - [78/190] Loss: 1.0575
2026/08/26 20:54:26 - __main__ - INFO - 162 - trainer - [117/190] Loss: 1.0842
2026/08/26 20:54:31 - __main__ - INFO - 162 - trainer - [156/190] Loss: 1.0639
2026/08/26 20:54:36 - __main__ - INFO - 167 - trainer - Average loss in epoch 188: 1.0649
2026/08/26 20:54:36 - __main__ - INFO - 117 - trainer - Epoch: 189
2026/08/26 20:54:36 - __main__ - INFO - 162 - trainer - [0/190] Loss: 1.0806
2026/08/26 20:54:42 - __main__ - INFO - 162 - trainer - [39/190] Loss: 1.0680
2026/08/26 20:54:47 - __main__ - INFO - 162 - trainer - [78/190] Loss: 1.0711
2026/08/26 20:54:53 - __main__ - INFO - 162 - trainer - [117/190] Loss: 1.0557
2026/08/26 20:54:58 - __main__ - INFO - 162 - trainer - [156/190] Loss: 1.0812
2026/08/26 20:55:03 - __main__ - INFO - 167 - trainer - Average loss in epoch 189: 1.0644
2026/08/26 20:55:03 - __main__ - INFO - 117 - trainer - Epoch: 190
2026/08/26 20:55:03 - __main__ - INFO - 162 - trainer - [0/190] Loss: 1.0454
2026/08/26 20:55:09 - __main__ - INFO - 162 - trainer - [39/190] Loss: 1.0522
2026/08/26 20:55:14 - __main__ - INFO - 162 - trainer - [78/190] Loss: 1.0598
2026/08/26 20:55:20 - __main__ - INFO - 162 - trainer - [117/190] Loss: 1.0710
2026/08/26 20:55:25 - __main__ - INFO - 162 - trainer - [156/190] Loss: 1.0860
2026/08/26 20:55:30 - __main__ - INFO - 167 - trainer - Average loss in epoch 190: 1.0647
2026/08/26 20:55:30 - __main__ - INFO - 117 - trainer - Epoch: 191
2026/08/26 20:55:30 - __main__ - INFO - 162 - trainer - [0/190] Loss: 1.0679
2026/08/26 20:55:36 - __main__ - INFO - 162 - trainer - [39/190] Loss: 1.0773
2026/08/26 20:55:41 - __main__ - INFO - 162 - trainer - [78/190] Loss: 1.0648
2026/08/26 20:55:47 - __main__ - INFO - 162 - trainer - [117/190] Loss: 1.0688
2026/08/26 20:55:52 - __main__ - INFO - 162 - trainer - [156/190] Loss: 1.0803
2026/08/26 20:55:57 - __main__ - INFO - 167 - trainer - Average loss in epoch 191: 1.0649
2026/08/26 20:55:57 - __main__ - INFO - 117 - trainer - Epoch: 192
2026/08/26 20:55:57 - __main__ - INFO - 162 - trainer - [0/190] Loss: 1.0818
2026/08/26 20:56:03 - __main__ - INFO - 162 - trainer - [39/190] Loss: 1.0493
2026/08/26 20:56:08 - __main__ - INFO - 162 - trainer - [78/190] Loss: 1.0777
2026/08/26 20:56:14 - __main__ - INFO - 162 - trainer - [117/190] Loss: 1.0730
2026/08/26 20:56:19 - __main__ - INFO - 162 - trainer - [156/190] Loss: 1.0552
2026/08/26 20:56:24 - __main__ - INFO - 167 - trainer - Average loss in epoch 192: 1.0647
2026/08/26 20:56:24 - __main__ - INFO - 117 - trainer - Epoch: 193
2026/08/26 20:56:24 - __main__ - INFO - 162 - trainer - [0/190] Loss: 1.0727
2026/08/26 20:56:30 - __main__ - INFO - 162 - trainer - [39/190] Loss: 1.0614
2026/08/26 20:56:35 - __main__ - INFO - 162 - trainer - [78/190] Loss: 1.0601
2026/08/26 20:56:41 - __main__ - INFO - 162 - trainer - [117/190] Loss: 1.0732
2026/08/26 20:56:46 - __main__ - INFO - 162 - trainer - [156/190] Loss: 1.0750
2026/08/26 20:56:51 - __main__ - INFO - 167 - trainer - Average loss in epoch 193: 1.0642
2026/08/26 20:56:51 - __main__ - INFO - 117 - trainer - Epoch: 194
2026/08/26 20:56:51 - __main__ - INFO - 162 - trainer - [0/190] Loss: 1.0656
2026/08/26 20:56:57 - __main__ - INFO - 162 - trainer - [39/190] Loss: 1.0525
2026/08/26 20:57:02 - __main__ - INFO - 162 - trainer - [78/190] Loss: 1.0565
2026/08/26 20:57:08 - __main__ - INFO - 162 - trainer - [117/190] Loss: 1.0892
2026/08/26 20:57:13 - __main__ - INFO - 162 - trainer - [156/190] Loss: 1.0620
2026/08/26 20:57:18 - __main__ - INFO - 167 - trainer - Average loss in epoch 194: 1.0645
2026/08/26 20:57:18 - __main__ - INFO - 117 - trainer - Epoch: 195
2026/08/26 20:57:18 - __main__ - INFO - 162 - trainer - [0/190] Loss: 1.0705
2026/08/26 20:57:24 - __main__ - INFO - 162 - trainer - [39/190] Loss: 1.0524
2026/08/26 20:57:29 - __main__ - INFO - 162 - trainer - [78/190] Loss: 1.0834
2026/08/26 20:57:35 - __main__ - INFO - 162 - trainer - [117/190] Loss: 1.0501
2026/08/26 20:57:40 - __main__ - INFO - 162 - trainer - [156/190] Loss: 1.0627
2026/08/26 20:57:45 - __main__ - INFO - 167 - trainer - Average loss in epoch 195: 1.0638
2026/08/26 20:57:45 - __main__ - INFO - 117 - trainer - Epoch: 196
2026/08/26 20:57:45 - __main__ - INFO - 162 - trainer - [0/190] Loss: 1.0726
2026/08/26 20:57:51 - __main__ - INFO - 162 - trainer - [39/190] Loss: 1.0633
2026/08/26 20:57:56 - __main__ - INFO - 162 - trainer - [78/190] Loss: 1.0795
2026/08/26 20:58:02 - __main__ - INFO - 162 - trainer - [117/190] Loss: 1.0614
2026/08/26 20:58:07 - __main__ - INFO - 162 - trainer - [156/190] Loss: 1.0725
2026/08/26 20:58:12 - __main__ - INFO - 167 - trainer - Average loss in epoch 196: 1.0637
2026/08/26 20:58:12 - __main__ - INFO - 117 - trainer - Epoch: 197
2026/08/26 20:58:12 - __main__ - INFO - 162 - trainer - [0/190] Loss: 1.0585
2026/08/26 20:58:18 - __main__ - INFO - 162 - trainer - [39/190] Loss: 1.0632
2026/08/26 20:58:23 - __main__ - INFO - 162 - trainer - [78/190] Loss: 1.0594
2026/08/26 20:58:29 - __main__ - INFO - 162 - trainer - [117/190] Loss: 1.0552
2026/08/26 20:58:34 - __main__ - INFO - 162 - trainer - [156/190] Loss: 1.0686
2026/08/26 20:58:39 - __main__ - INFO - 167 - trainer - Average loss in epoch 197: 1.0639
2026/08/26 20:58:39 - __main__ - INFO - 117 - trainer - Epoch: 198
2026/08/26 20:58:39 - __main__ - INFO - 162 - trainer - [0/190] Loss: 1.0538
2026/08/26 20:58:44 - __main__ - INFO - 162 - trainer - [39/190] Loss: 1.0572
2026/08/26 20:58:50 - __main__ - INFO - 162 - trainer - [78/190] Loss: 1.0496
2026/08/26 20:58:55 - __main__ - INFO - 162 - trainer - [117/190] Loss: 1.0700
2026/08/26 20:59:01 - __main__ - INFO - 162 - trainer - [156/190] Loss: 1.0700
2026/08/26 20:59:06 - __main__ - INFO - 167 - trainer - Average loss in epoch 198: 1.0635
2026/08/26 20:59:06 - __main__ - INFO - 117 - trainer - Epoch: 199
2026/08/26 20:59:06 - __main__ - INFO - 162 - trainer - [0/190] Loss: 1.0457
2026/08/26 20:59:11 - __main__ - INFO - 162 - trainer - [39/190] Loss: 1.0738
2026/08/26 20:59:17 - __main__ - INFO - 162 - trainer - [78/190] Loss: 1.0791
2026/08/26 20:59:22 - __main__ - INFO - 162 - trainer - [117/190] Loss: 1.0443
2026/08/26 20:59:28 - __main__ - INFO - 162 - trainer - [156/190] Loss: 1.0572
2026/08/26 20:59:33 - __main__ - INFO - 167 - trainer - Average loss in epoch 199: 1.0636
2026/08/26 20:59:33 - __main__ - INFO - 117 - trainer - Epoch: 200
2026/08/26 20:59:33 - __main__ - INFO - 162 - trainer - [0/190] Loss: 1.0635
2026/08/26 20:59:38 - __main__ - INFO - 162 - trainer - [39/190] Loss: 1.0345
2026/08/26 20:59:44 - __main__ - INFO - 162 - trainer - [78/190] Loss: 1.0596
2026/08/26 20:59:49 - __main__ - INFO - 162 - trainer - [117/190] Loss: 1.0756
2026/08/26 20:59:55 - __main__ - INFO - 162 - trainer - [156/190] Loss: 1.0557
2026/08/26 21:00:00 - __main__ - INFO - 167 - trainer - Average loss in epoch 200: 1.0626
2026/08/26 21:00:00 - __main__ - INFO - 173 - trainer - start predicting: 2026-08-26 21:00:00.333816
2026/08/26 21:00:02 - __main__ - INFO - 117 - trainer - Epoch: 201
2026/08/26 21:00:02 - __main__ - INFO - 162 - trainer - [0/190] Loss: 1.0596
2026/08/26 21:00:08 - __main__ - INFO - 162 - trainer - [39/190] Loss: 1.0777
2026/08/26 21:00:13 - __main__ - INFO - 162 - trainer - [78/190] Loss: 1.0463
2026/08/26 21:00:19 - __main__ - INFO - 162 - trainer - [117/190] Loss: 1.0543
2026/08/26 21:00:24 - __main__ - INFO - 162 - trainer - [156/190] Loss: 1.0600
2026/08/26 21:00:29 - __main__ - INFO - 167 - trainer - Average loss in epoch 201: 1.0617
2026/08/26 21:00:29 - __main__ - INFO - 117 - trainer - Epoch: 202
2026/08/26 21:00:29 - __main__ - INFO - 162 - trainer - [0/190] Loss: 1.0447
2026/08/26 21:00:35 - __main__ - INFO - 162 - trainer - [39/190] Loss: 1.0434
2026/08/26 21:00:40 - __main__ - INFO - 162 - trainer - [78/190] Loss: 1.0836
2026/08/26 21:00:46 - __main__ - INFO - 162 - trainer - [117/190] Loss: 1.0535
2026/08/26 21:00:51 - __main__ - INFO - 162 - trainer - [156/190] Loss: 1.0866
2026/08/26 21:00:56 - __main__ - INFO - 167 - trainer - Average loss in epoch 202: 1.0623
2026/08/26 21:00:56 - __main__ - INFO - 117 - trainer - Epoch: 203
2026/08/26 21:00:56 - __main__ - INFO - 162 - trainer - [0/190] Loss: 1.0549
2026/08/26 21:01:02 - __main__ - INFO - 162 - trainer - [39/190] Loss: 1.0395
2026/08/26 21:01:07 - __main__ - INFO - 162 - trainer - [78/190] Loss: 1.0448
2026/08/26 21:01:13 - __main__ - INFO - 162 - trainer - [117/190] Loss: 1.0441
2026/08/26 21:01:18 - __main__ - INFO - 162 - trainer - [156/190] Loss: 1.0572
2026/08/26 21:01:23 - __main__ - INFO - 167 - trainer - Average loss in epoch 203: 1.0616
2026/08/26 21:01:23 - __main__ - INFO - 117 - trainer - Epoch: 204
2026/08/26 21:01:23 - __main__ - INFO - 162 - trainer - [0/190] Loss: 1.0843
2026/08/26 21:01:29 - __main__ - INFO - 162 - trainer - [39/190] Loss: 1.0831
2026/08/26 21:01:34 - __main__ - INFO - 162 - trainer - [78/190] Loss: 1.0672
2026/08/26 21:01:40 - __main__ - INFO - 162 - trainer - [117/190] Loss: 1.0642
2026/08/26 21:01:45 - __main__ - INFO - 162 - trainer - [156/190] Loss: 1.0885
2026/08/26 21:01:50 - __main__ - INFO - 167 - trainer - Average loss in epoch 204: 1.0621
2026/08/26 21:01:50 - __main__ - INFO - 117 - trainer - Epoch: 205
2026/08/26 21:01:50 - __main__ - INFO - 162 - trainer - [0/190] Loss: 1.0506
2026/08/26 21:01:55 - __main__ - INFO - 162 - trainer - [39/190] Loss: 1.0575
2026/08/26 21:02:01 - __main__ - INFO - 162 - trainer - [78/190] Loss: 1.0355
2026/08/26 21:02:07 - __main__ - INFO - 162 - trainer - [117/190] Loss: 1.0659
2026/08/26 21:02:12 - __main__ - INFO - 162 - trainer - [156/190] Loss: 1.0721
2026/08/26 21:02:17 - __main__ - INFO - 167 - trainer - Average loss in epoch 205: 1.0617
2026/08/26 21:02:17 - __main__ - INFO - 117 - trainer - Epoch: 206
2026/08/26 21:02:17 - __main__ - INFO - 162 - trainer - [0/190] Loss: 1.0660
2026/08/26 21:02:23 - __main__ - INFO - 162 - trainer - [39/190] Loss: 1.0680
2026/08/26 21:02:28 - __main__ - INFO - 162 - trainer - [78/190] Loss: 1.0481
2026/08/26 21:02:34 - __main__ - INFO - 162 - trainer - [117/190] Loss: 1.0622
2026/08/26 21:02:39 - __main__ - INFO - 162 - trainer - [156/190] Loss: 1.0499
2026/08/26 21:02:44 - __main__ - INFO - 167 - trainer - Average loss in epoch 206: 1.0625
2026/08/26 21:02:44 - __main__ - INFO - 117 - trainer - Epoch: 207
2026/08/26 21:02:44 - __main__ - INFO - 162 - trainer - [0/190] Loss: 1.0614
2026/08/26 21:02:50 - __main__ - INFO - 162 - trainer - [39/190] Loss: 1.0725
2026/08/26 21:02:56 - __main__ - INFO - 162 - trainer - [78/190] Loss: 1.0548
2026/08/26 21:03:01 - __main__ - INFO - 162 - trainer - [117/190] Loss: 1.0774
2026/08/26 21:03:07 - __main__ - INFO - 162 - trainer - [156/190] Loss: 1.0521
2026/08/26 21:03:11 - __main__ - INFO - 167 - trainer - Average loss in epoch 207: 1.0624
2026/08/26 21:03:11 - __main__ - INFO - 117 - trainer - Epoch: 208
2026/08/26 21:03:12 - __main__ - INFO - 162 - trainer - [0/190] Loss: 1.0664
2026/08/26 21:03:17 - __main__ - INFO - 162 - trainer - [39/190] Loss: 1.0674
2026/08/26 21:03:22 - __main__ - INFO - 162 - trainer - [78/190] Loss: 1.0447
2026/08/26 21:03:28 - __main__ - INFO - 162 - trainer - [117/190] Loss: 1.0730
2026/08/26 21:03:34 - __main__ - INFO - 162 - trainer - [156/190] Loss: 1.0821
2026/08/26 21:03:38 - __main__ - INFO - 167 - trainer - Average loss in epoch 208: 1.0615
2026/08/26 21:03:38 - __main__ - INFO - 117 - trainer - Epoch: 209
2026/08/26 21:03:38 - __main__ - INFO - 162 - trainer - [0/190] Loss: 1.0634
2026/08/26 21:03:44 - __main__ - INFO - 162 - trainer - [39/190] Loss: 1.0552
2026/08/26 21:03:49 - __main__ - INFO - 162 - trainer - [78/190] Loss: 1.0643
2026/08/26 21:03:55 - __main__ - INFO - 162 - trainer - [117/190] Loss: 1.0724
2026/08/26 21:04:00 - __main__ - INFO - 162 - trainer - [156/190] Loss: 1.0376
2026/08/26 21:04:05 - __main__ - INFO - 167 - trainer - Average loss in epoch 209: 1.0618
2026/08/26 21:04:05 - __main__ - INFO - 117 - trainer - Epoch: 210
2026/08/26 21:04:05 - __main__ - INFO - 162 - trainer - [0/190] Loss: 1.0570
2026/08/26 21:04:11 - __main__ - INFO - 162 - trainer - [39/190] Loss: 1.0665
2026/08/26 21:04:16 - __main__ - INFO - 162 - trainer - [78/190] Loss: 1.0554
2026/08/26 21:04:22 - __main__ - INFO - 162 - trainer - [117/190] Loss: 1.0484
2026/08/26 21:04:27 - __main__ - INFO - 162 - trainer - [156/190] Loss: 1.0768
2026/08/26 21:04:32 - __main__ - INFO - 167 - trainer - Average loss in epoch 210: 1.0615
2026/08/26 21:04:32 - __main__ - INFO - 117 - trainer - Epoch: 211
2026/08/26 21:04:32 - __main__ - INFO - 162 - trainer - [0/190] Loss: 1.0780
2026/08/26 21:04:38 - __main__ - INFO - 162 - trainer - [39/190] Loss: 1.0638
2026/08/26 21:04:43 - __main__ - INFO - 162 - trainer - [78/190] Loss: 1.0408
2026/08/26 21:04:49 - __main__ - INFO - 162 - trainer - [117/190] Loss: 1.0720
2026/08/26 21:04:54 - __main__ - INFO - 162 - trainer - [156/190] Loss: 1.0740
2026/08/26 21:04:59 - __main__ - INFO - 167 - trainer - Average loss in epoch 211: 1.0619
2026/08/26 21:04:59 - __main__ - INFO - 117 - trainer - Epoch: 212
2026/08/26 21:04:59 - __main__ - INFO - 162 - trainer - [0/190] Loss: 1.0559
2026/08/26 21:05:05 - __main__ - INFO - 162 - trainer - [39/190] Loss: 1.0702
2026/08/26 21:05:10 - __main__ - INFO - 162 - trainer - [78/190] Loss: 1.0610
2026/08/26 21:05:16 - __main__ - INFO - 162 - trainer - [117/190] Loss: 1.0459
2026/08/26 21:05:22 - __main__ - INFO - 162 - trainer - [156/190] Loss: 1.0512
2026/08/26 21:05:26 - __main__ - INFO - 167 - trainer - Average loss in epoch 212: 1.0615
2026/08/26 21:05:26 - __main__ - INFO - 117 - trainer - Epoch: 213
2026/08/26 21:05:26 - __main__ - INFO - 162 - trainer - [0/190] Loss: 1.0563
2026/08/26 21:05:32 - __main__ - INFO - 162 - trainer - [39/190] Loss: 1.0648
2026/08/26 21:05:38 - __main__ - INFO - 162 - trainer - [78/190] Loss: 1.0927
2026/08/26 21:05:43 - __main__ - INFO - 162 - trainer - [117/190] Loss: 1.0464
2026/08/26 21:05:49 - __main__ - INFO - 162 - trainer - [156/190] Loss: 1.0516
2026/08/26 21:05:53 - __main__ - INFO - 167 - trainer - Average loss in epoch 213: 1.0610
2026/08/26 21:05:53 - __main__ - INFO - 117 - trainer - Epoch: 214
2026/08/26 21:05:54 - __main__ - INFO - 162 - trainer - [0/190] Loss: 1.0613
2026/08/26 21:05:59 - __main__ - INFO - 162 - trainer - [39/190] Loss: 1.0603
2026/08/26 21:06:05 - __main__ - INFO - 162 - trainer - [78/190] Loss: 1.0735
2026/08/26 21:06:10 - __main__ - INFO - 162 - trainer - [117/190] Loss: 1.0600
2026/08/26 21:06:16 - __main__ - INFO - 162 - trainer - [156/190] Loss: 1.0642
2026/08/26 21:06:21 - __main__ - INFO - 167 - trainer - Average loss in epoch 214: 1.0618
2026/08/26 21:06:21 - __main__ - INFO - 117 - trainer - Epoch: 215
2026/08/26 21:06:21 - __main__ - INFO - 162 - trainer - [0/190] Loss: 1.0382
2026/08/26 21:06:27 - __main__ - INFO - 162 - trainer - [39/190] Loss: 1.0849
2026/08/26 21:06:32 - __main__ - INFO - 162 - trainer - [78/190] Loss: 1.0523
2026/08/26 21:06:38 - __main__ - INFO - 162 - trainer - [117/190] Loss: 1.0556
2026/08/26 21:06:43 - __main__ - INFO - 162 - trainer - [156/190] Loss: 1.0658
2026/08/26 21:06:48 - __main__ - INFO - 167 - trainer - Average loss in epoch 215: 1.0613
2026/08/26 21:06:48 - __main__ - INFO - 117 - trainer - Epoch: 216
2026/08/26 21:06:48 - __main__ - INFO - 162 - trainer - [0/190] Loss: 1.0739
2026/08/26 21:06:53 - __main__ - INFO - 162 - trainer - [39/190] Loss: 1.0504
2026/08/26 21:06:59 - __main__ - INFO - 162 - trainer - [78/190] Loss: 1.0475
2026/08/26 21:07:05 - __main__ - INFO - 162 - trainer - [117/190] Loss: 1.0584
2026/08/26 21:07:10 - __main__ - INFO - 162 - trainer - [156/190] Loss: 1.0487
2026/08/26 21:07:15 - __main__ - INFO - 167 - trainer - Average loss in epoch 216: 1.0618
2026/08/26 21:07:15 - __main__ - INFO - 117 - trainer - Epoch: 217
2026/08/26 21:07:15 - __main__ - INFO - 162 - trainer - [0/190] Loss: 1.0558
2026/08/26 21:07:21 - __main__ - INFO - 162 - trainer - [39/190] Loss: 1.0589
2026/08/26 21:07:26 - __main__ - INFO - 162 - trainer - [78/190] Loss: 1.0895
2026/08/26 21:07:32 - __main__ - INFO - 162 - trainer - [117/190] Loss: 1.0591
2026/08/26 21:07:37 - __main__ - INFO - 162 - trainer - [156/190] Loss: 1.0575
2026/08/26 21:07:42 - __main__ - INFO - 167 - trainer - Average loss in epoch 217: 1.0616
2026/08/26 21:07:42 - __main__ - INFO - 117 - trainer - Epoch: 218
2026/08/26 21:07:42 - __main__ - INFO - 162 - trainer - [0/190] Loss: 1.0446
2026/08/26 21:07:48 - __main__ - INFO - 162 - trainer - [39/190] Loss: 1.0662
2026/08/26 21:07:53 - __main__ - INFO - 162 - trainer - [78/190] Loss: 1.0610
2026/08/26 21:07:59 - __main__ - INFO - 162 - trainer - [117/190] Loss: 1.0530
2026/08/26 21:08:05 - __main__ - INFO - 162 - trainer - [156/190] Loss: 1.0578
2026/08/26 21:08:09 - __main__ - INFO - 167 - trainer - Average loss in epoch 218: 1.0617
2026/08/26 21:08:09 - __main__ - INFO - 117 - trainer - Epoch: 219
2026/08/26 21:08:10 - __main__ - INFO - 162 - trainer - [0/190] Loss: 1.0625
2026/08/26 21:08:15 - __main__ - INFO - 162 - trainer - [39/190] Loss: 1.0384
2026/08/26 21:08:21 - __main__ - INFO - 162 - trainer - [78/190] Loss: 1.0550
2026/08/26 21:08:27 - __main__ - INFO - 162 - trainer - [117/190] Loss: 1.0739
2026/08/26 21:08:32 - __main__ - INFO - 162 - trainer - [156/190] Loss: 1.0620
2026/08/26 21:08:37 - __main__ - INFO - 167 - trainer - Average loss in epoch 219: 1.0620
2026/08/26 21:08:37 - __main__ - INFO - 117 - trainer - Epoch: 220
2026/08/26 21:08:37 - __main__ - INFO - 162 - trainer - [0/190] Loss: 1.0631
2026/08/26 21:08:42 - __main__ - INFO - 162 - trainer - [39/190] Loss: 1.0549
2026/08/26 21:08:48 - __main__ - INFO - 162 - trainer - [78/190] Loss: 1.0687
2026/08/26 21:08:53 - __main__ - INFO - 162 - trainer - [117/190] Loss: 1.0680
2026/08/26 21:08:59 - __main__ - INFO - 162 - trainer - [156/190] Loss: 1.0623
2026/08/26 21:09:04 - __main__ - INFO - 167 - trainer - Average loss in epoch 220: 1.0610
2026/08/26 21:09:04 - __main__ - INFO - 173 - trainer - start predicting: 2026-08-26 21:09:04.034935
2026/08/26 21:09:06 - __main__ - INFO - 117 - trainer - Epoch: 221
2026/08/26 21:09:07 - __main__ - INFO - 162 - trainer - [0/190] Loss: 1.0690
2026/08/26 21:09:12 - __main__ - INFO - 162 - trainer - [39/190] Loss: 1.0595
2026/08/26 21:09:18 - __main__ - INFO - 162 - trainer - [78/190] Loss: 1.0667
2026/08/26 21:09:23 - __main__ - INFO - 162 - trainer - [117/190] Loss: 1.0503
2026/08/26 21:09:29 - __main__ - INFO - 162 - trainer - [156/190] Loss: 1.0605
2026/08/26 21:09:34 - __main__ - INFO - 167 - trainer - Average loss in epoch 221: 1.0622
2026/08/26 21:09:34 - __main__ - INFO - 117 - trainer - Epoch: 222
2026/08/26 21:09:34 - __main__ - INFO - 162 - trainer - [0/190] Loss: 1.0617
2026/08/26 21:09:39 - __main__ - INFO - 162 - trainer - [39/190] Loss: 1.0485
2026/08/26 21:09:44 - __main__ - INFO - 162 - trainer - [78/190] Loss: 1.0591
2026/08/26 21:09:50 - __main__ - INFO - 162 - trainer - [117/190] Loss: 1.0516
2026/08/26 21:09:56 - __main__ - INFO - 162 - trainer - [156/190] Loss: 1.0281
2026/08/26 21:10:00 - __main__ - INFO - 167 - trainer - Average loss in epoch 222: 1.0605
2026/08/26 21:10:00 - __main__ - INFO - 117 - trainer - Epoch: 223
2026/08/26 21:10:00 - __main__ - INFO - 162 - trainer - [0/190] Loss: 1.0833
2026/08/26 21:10:06 - __main__ - INFO - 162 - trainer - [39/190] Loss: 1.0535
2026/08/26 21:10:12 - __main__ - INFO - 162 - trainer - [78/190] Loss: 1.0626
2026/08/26 21:10:17 - __main__ - INFO - 162 - trainer - [117/190] Loss: 1.0586
2026/08/26 21:10:23 - __main__ - INFO - 162 - trainer - [156/190] Loss: 1.0621
2026/08/26 21:10:27 - __main__ - INFO - 167 - trainer - Average loss in epoch 223: 1.0605
2026/08/26 21:10:27 - __main__ - INFO - 117 - trainer - Epoch: 224
2026/08/26 21:10:28 - __main__ - INFO - 162 - trainer - [0/190] Loss: 1.0637
2026/08/26 21:10:33 - __main__ - INFO - 162 - trainer - [39/190] Loss: 1.0518
2026/08/26 21:10:39 - __main__ - INFO - 162 - trainer - [78/190] Loss: 1.0520
2026/08/26 21:10:44 - __main__ - INFO - 162 - trainer - [117/190] Loss: 1.0666
2026/08/26 21:10:50 - __main__ - INFO - 162 - trainer - [156/190] Loss: 1.0547
2026/08/26 21:10:54 - __main__ - INFO - 167 - trainer - Average loss in epoch 224: 1.0611
2026/08/26 21:10:54 - __main__ - INFO - 117 - trainer - Epoch: 225
2026/08/26 21:10:54 - __main__ - INFO - 162 - trainer - [0/190] Loss: 1.0550
2026/08/26 21:11:00 - __main__ - INFO - 162 - trainer - [39/190] Loss: 1.0988
2026/08/26 21:11:05 - __main__ - INFO - 162 - trainer - [78/190] Loss: 1.0586
2026/08/26 21:11:11 - __main__ - INFO - 162 - trainer - [117/190] Loss: 1.0721
2026/08/26 21:11:16 - __main__ - INFO - 162 - trainer - [156/190] Loss: 1.0784
2026/08/26 21:11:21 - __main__ - INFO - 167 - trainer - Average loss in epoch 225: 1.0610
2026/08/26 21:11:21 - __main__ - INFO - 117 - trainer - Epoch: 226
2026/08/26 21:11:21 - __main__ - INFO - 162 - trainer - [0/190] Loss: 1.0501
2026/08/26 21:11:27 - __main__ - INFO - 162 - trainer - [39/190] Loss: 1.0554
2026/08/26 21:11:32 - __main__ - INFO - 162 - trainer - [78/190] Loss: 1.0487
2026/08/26 21:11:38 - __main__ - INFO - 162 - trainer - [117/190] Loss: 1.0537
2026/08/26 21:11:44 - __main__ - INFO - 162 - trainer - [156/190] Loss: 1.0667
2026/08/26 21:11:48 - __main__ - INFO - 167 - trainer - Average loss in epoch 226: 1.0609
2026/08/26 21:11:48 - __main__ - INFO - 117 - trainer - Epoch: 227
2026/08/26 21:11:48 - __main__ - INFO - 162 - trainer - [0/190] Loss: 1.0425
2026/08/26 21:11:54 - __main__ - INFO - 162 - trainer - [39/190] Loss: 1.0466
2026/08/26 21:11:59 - __main__ - INFO - 162 - trainer - [78/190] Loss: 1.0645
2026/08/26 21:12:05 - __main__ - INFO - 162 - trainer - [117/190] Loss: 1.0573
2026/08/26 21:12:11 - __main__ - INFO - 162 - trainer - [156/190] Loss: 1.0814
2026/08/26 21:12:15 - __main__ - INFO - 167 - trainer - Average loss in epoch 227: 1.0614
2026/08/26 21:12:15 - __main__ - INFO - 117 - trainer - Epoch: 228
2026/08/26 21:12:16 - __main__ - INFO - 162 - trainer - [0/190] Loss: 1.0652
2026/08/26 21:12:21 - __main__ - INFO - 162 - trainer - [39/190] Loss: 1.0727
2026/08/26 21:12:27 - __main__ - INFO - 162 - trainer - [78/190] Loss: 1.0632
2026/08/26 21:12:32 - __main__ - INFO - 162 - trainer - [117/190] Loss: 1.0500
2026/08/26 21:12:38 - __main__ - INFO - 162 - trainer - [156/190] Loss: 1.0672
2026/08/26 21:12:43 - __main__ - INFO - 167 - trainer - Average loss in epoch 228: 1.0613
2026/08/26 21:12:43 - __main__ - INFO - 117 - trainer - Epoch: 229
2026/08/26 21:12:43 - __main__ - INFO - 162 - trainer - [0/190] Loss: 1.0779
2026/08/26 21:12:48 - __main__ - INFO - 162 - trainer - [39/190] Loss: 1.0377
2026/08/26 21:12:54 - __main__ - INFO - 162 - trainer - [78/190] Loss: 1.0947
2026/08/26 21:12:59 - __main__ - INFO - 162 - trainer - [117/190] Loss: 1.0557
2026/08/26 21:13:05 - __main__ - INFO - 162 - trainer - [156/190] Loss: 1.0669
2026/08/26 21:13:10 - __main__ - INFO - 167 - trainer - Average loss in epoch 229: 1.0609
2026/08/26 21:13:10 - __main__ - INFO - 117 - trainer - Epoch: 230
2026/08/26 21:13:10 - __main__ - INFO - 162 - trainer - [0/190] Loss: 1.0625
2026/08/26 21:13:16 - __main__ - INFO - 162 - trainer - [39/190] Loss: 1.0429
2026/08/26 21:13:21 - __main__ - INFO - 162 - trainer - [78/190] Loss: 1.0721
2026/08/26 21:13:27 - __main__ - INFO - 162 - trainer - [117/190] Loss: 1.0450
2026/08/26 21:13:32 - __main__ - INFO - 162 - trainer - [156/190] Loss: 1.0529
2026/08/26 21:13:37 - __main__ - INFO - 167 - trainer - Average loss in epoch 230: 1.0609
2026/08/26 21:13:37 - __main__ - INFO - 117 - trainer - Epoch: 231
2026/08/26 21:13:37 - __main__ - INFO - 162 - trainer - [0/190] Loss: 1.0394
2026/08/26 21:13:42 - __main__ - INFO - 162 - trainer - [39/190] Loss: 1.0531
2026/08/26 21:13:48 - __main__ - INFO - 162 - trainer - [78/190] Loss: 1.0581
2026/08/26 21:13:53 - __main__ - INFO - 162 - trainer - [117/190] Loss: 1.0669
2026/08/26 21:13:59 - __main__ - INFO - 162 - trainer - [156/190] Loss: 1.0609
2026/08/26 21:14:04 - __main__ - INFO - 167 - trainer - Average loss in epoch 231: 1.0611
2026/08/26 21:14:04 - __main__ - INFO - 117 - trainer - Epoch: 232
2026/08/26 21:14:04 - __main__ - INFO - 162 - trainer - [0/190] Loss: 1.0584
2026/08/26 21:14:09 - __main__ - INFO - 162 - trainer - [39/190] Loss: 1.0751
2026/08/26 21:14:15 - __main__ - INFO - 162 - trainer - [78/190] Loss: 1.0644
2026/08/26 21:14:20 - __main__ - INFO - 162 - trainer - [117/190] Loss: 1.0644
2026/08/26 21:14:26 - __main__ - INFO - 162 - trainer - [156/190] Loss: 1.0436
2026/08/26 21:14:31 - __main__ - INFO - 167 - trainer - Average loss in epoch 232: 1.0609
2026/08/26 21:14:31 - __main__ - INFO - 117 - trainer - Epoch: 233
2026/08/26 21:14:31 - __main__ - INFO - 162 - trainer - [0/190] Loss: 1.0776
2026/08/26 21:14:36 - __main__ - INFO - 162 - trainer - [39/190] Loss: 1.0537
2026/08/26 21:14:42 - __main__ - INFO - 162 - trainer - [78/190] Loss: 1.0804
2026/08/26 21:14:47 - __main__ - INFO - 162 - trainer - [117/190] Loss: 1.0706
2026/08/26 21:14:53 - __main__ - INFO - 162 - trainer - [156/190] Loss: 1.0563
2026/08/26 21:14:57 - __main__ - INFO - 167 - trainer - Average loss in epoch 233: 1.0608
2026/08/26 21:14:57 - __main__ - INFO - 117 - trainer - Epoch: 234
2026/08/26 21:14:58 - __main__ - INFO - 162 - trainer - [0/190] Loss: 1.0753
2026/08/26 21:15:03 - __main__ - INFO - 162 - trainer - [39/190] Loss: 1.0408
2026/08/26 21:15:09 - __main__ - INFO - 162 - trainer - [78/190] Loss: 1.0585
2026/08/26 21:15:15 - __main__ - INFO - 162 - trainer - [117/190] Loss: 1.0470
2026/08/26 21:15:20 - __main__ - INFO - 162 - trainer - [156/190] Loss: 1.0618
2026/08/26 21:15:25 - __main__ - INFO - 167 - trainer - Average loss in epoch 234: 1.0612
2026/08/26 21:15:25 - __main__ - INFO - 117 - trainer - Epoch: 235
2026/08/26 21:15:25 - __main__ - INFO - 162 - trainer - [0/190] Loss: 1.0463
2026/08/26 21:15:30 - __main__ - INFO - 162 - trainer - [39/190] Loss: 1.0692
2026/08/26 21:15:36 - __main__ - INFO - 162 - trainer - [78/190] Loss: 1.0633
2026/08/26 21:15:41 - __main__ - INFO - 162 - trainer - [117/190] Loss: 1.0689
2026/08/26 21:15:47 - __main__ - INFO - 162 - trainer - [156/190] Loss: 1.0684
2026/08/26 21:15:52 - __main__ - INFO - 167 - trainer - Average loss in epoch 235: 1.0605
2026/08/26 21:15:52 - __main__ - INFO - 117 - trainer - Epoch: 236
2026/08/26 21:15:52 - __main__ - INFO - 162 - trainer - [0/190] Loss: 1.0611
2026/08/26 21:15:57 - __main__ - INFO - 162 - trainer - [39/190] Loss: 1.0674
2026/08/26 21:16:03 - __main__ - INFO - 162 - trainer - [78/190] Loss: 1.0488
2026/08/26 21:16:08 - __main__ - INFO - 162 - trainer - [117/190] Loss: 1.0604
2026/08/26 21:16:14 - __main__ - INFO - 162 - trainer - [156/190] Loss: 1.0423
2026/08/26 21:16:19 - __main__ - INFO - 167 - trainer - Average loss in epoch 236: 1.0609
2026/08/26 21:16:19 - __main__ - INFO - 117 - trainer - Epoch: 237
2026/08/26 21:16:19 - __main__ - INFO - 162 - trainer - [0/190] Loss: 1.0611
2026/08/26 21:16:24 - __main__ - INFO - 162 - trainer - [39/190] Loss: 1.0401
2026/08/26 21:16:30 - __main__ - INFO - 162 - trainer - [78/190] Loss: 1.0616
2026/08/26 21:16:35 - __main__ - INFO - 162 - trainer - [117/190] Loss: 1.0644
2026/08/26 21:16:41 - __main__ - INFO - 162 - trainer - [156/190] Loss: 1.0368
2026/08/26 21:16:45 - __main__ - INFO - 167 - trainer - Average loss in epoch 237: 1.0612
2026/08/26 21:16:45 - __main__ - INFO - 117 - trainer - Epoch: 238
2026/08/26 21:16:46 - __main__ - INFO - 162 - trainer - [0/190] Loss: 1.0616
2026/08/26 21:16:51 - __main__ - INFO - 162 - trainer - [39/190] Loss: 1.0484
2026/08/26 21:16:56 - __main__ - INFO - 162 - trainer - [78/190] Loss: 1.0467
2026/08/26 21:17:02 - __main__ - INFO - 162 - trainer - [117/190] Loss: 1.0560
2026/08/26 21:17:07 - __main__ - INFO - 162 - trainer - [156/190] Loss: 1.0789
2026/08/26 21:17:12 - __main__ - INFO - 167 - trainer - Average loss in epoch 238: 1.0611
2026/08/26 21:17:12 - __main__ - INFO - 117 - trainer - Epoch: 239
2026/08/26 21:17:12 - __main__ - INFO - 162 - trainer - [0/190] Loss: 1.0491
2026/08/26 21:17:18 - __main__ - INFO - 162 - trainer - [39/190] Loss: 1.0405
2026/08/26 21:17:23 - __main__ - INFO - 162 - trainer - [78/190] Loss: 1.0568
2026/08/26 21:17:29 - __main__ - INFO - 162 - trainer - [117/190] Loss: 1.0641
2026/08/26 21:17:35 - __main__ - INFO - 162 - trainer - [156/190] Loss: 1.0537
2026/08/26 21:17:39 - __main__ - INFO - 167 - trainer - Average loss in epoch 239: 1.0604
2026/08/26 21:17:39 - __main__ - INFO - 117 - trainer - Epoch: 240
2026/08/26 21:17:39 - __main__ - INFO - 162 - trainer - [0/190] Loss: 1.0543
2026/08/26 21:17:45 - __main__ - INFO - 162 - trainer - [39/190] Loss: 1.0673
2026/08/26 21:17:51 - __main__ - INFO - 162 - trainer - [78/190] Loss: 1.0479
2026/08/26 21:17:56 - __main__ - INFO - 162 - trainer - [117/190] Loss: 1.0684
2026/08/26 21:18:02 - __main__ - INFO - 162 - trainer - [156/190] Loss: 1.0800
2026/08/26 21:18:06 - __main__ - INFO - 167 - trainer - Average loss in epoch 240: 1.0606
2026/08/26 21:18:06 - __main__ - INFO - 173 - trainer - start predicting: 2026-08-26 21:18:06.659305
2026/08/26 21:18:09 - __main__ - INFO - 117 - trainer - Epoch: 241
2026/08/26 21:18:09 - __main__ - INFO - 162 - trainer - [0/190] Loss: 1.0523
2026/08/26 21:18:14 - __main__ - INFO - 162 - trainer - [39/190] Loss: 1.0523
2026/08/26 21:18:20 - __main__ - INFO - 162 - trainer - [78/190] Loss: 1.0527
2026/08/26 21:18:26 - __main__ - INFO - 162 - trainer - [117/190] Loss: 1.0635
2026/08/26 21:18:31 - __main__ - INFO - 162 - trainer - [156/190] Loss: 1.0749
2026/08/26 21:18:36 - __main__ - INFO - 167 - trainer - Average loss in epoch 241: 1.0606
2026/08/26 21:18:36 - __main__ - INFO - 117 - trainer - Epoch: 242
2026/08/26 21:18:36 - __main__ - INFO - 162 - trainer - [0/190] Loss: 1.0591
2026/08/26 21:18:42 - __main__ - INFO - 162 - trainer - [39/190] Loss: 1.0439
2026/08/26 21:18:47 - __main__ - INFO - 162 - trainer - [78/190] Loss: 1.0750
2026/08/26 21:18:53 - __main__ - INFO - 162 - trainer - [117/190] Loss: 1.0716
2026/08/26 21:18:58 - __main__ - INFO - 162 - trainer - [156/190] Loss: 1.0490
2026/08/26 21:19:03 - __main__ - INFO - 167 - trainer - Average loss in epoch 242: 1.0605
2026/08/26 21:19:03 - __main__ - INFO - 117 - trainer - Epoch: 243
2026/08/26 21:19:03 - __main__ - INFO - 162 - trainer - [0/190] Loss: 1.0663
2026/08/26 21:19:09 - __main__ - INFO - 162 - trainer - [39/190] Loss: 1.0503
2026/08/26 21:19:14 - __main__ - INFO - 162 - trainer - [78/190] Loss: 1.0502
2026/08/26 21:19:20 - __main__ - INFO - 162 - trainer - [117/190] Loss: 1.0660
2026/08/26 21:19:26 - __main__ - INFO - 162 - trainer - [156/190] Loss: 1.0556
2026/08/26 21:19:30 - __main__ - INFO - 167 - trainer - Average loss in epoch 243: 1.0608
2026/08/26 21:19:30 - __main__ - INFO - 117 - trainer - Epoch: 244
2026/08/26 21:19:31 - __main__ - INFO - 162 - trainer - [0/190] Loss: 1.0691
2026/08/26 21:19:36 - __main__ - INFO - 162 - trainer - [39/190] Loss: 1.0678
2026/08/26 21:19:42 - __main__ - INFO - 162 - trainer - [78/190] Loss: 1.0423
2026/08/26 21:19:47 - __main__ - INFO - 162 - trainer - [117/190] Loss: 1.0583
2026/08/26 21:19:53 - __main__ - INFO - 162 - trainer - [156/190] Loss: 1.0801
2026/08/26 21:19:57 - __main__ - INFO - 167 - trainer - Average loss in epoch 244: 1.0603
2026/08/26 21:19:57 - __main__ - INFO - 117 - trainer - Epoch: 245
2026/08/26 21:19:58 - __main__ - INFO - 162 - trainer - [0/190] Loss: 1.0604
2026/08/26 21:20:03 - __main__ - INFO - 162 - trainer - [39/190] Loss: 1.0438
2026/08/26 21:20:09 - __main__ - INFO - 162 - trainer - [78/190] Loss: 1.0532
2026/08/26 21:20:14 - __main__ - INFO - 162 - trainer - [117/190] Loss: 1.0582
2026/08/26 21:20:20 - __main__ - INFO - 162 - trainer - [156/190] Loss: 1.0440
2026/08/26 21:20:25 - __main__ - INFO - 167 - trainer - Average loss in epoch 245: 1.0607
2026/08/26 21:20:25 - __main__ - INFO - 117 - trainer - Epoch: 246
2026/08/26 21:20:25 - __main__ - INFO - 162 - trainer - [0/190] Loss: 1.0536
2026/08/26 21:20:30 - __main__ - INFO - 162 - trainer - [39/190] Loss: 1.0655
2026/08/26 21:20:36 - __main__ - INFO - 162 - trainer - [78/190] Loss: 1.0627
2026/08/26 21:20:41 - __main__ - INFO - 162 - trainer - [117/190] Loss: 1.0604
2026/08/26 21:20:47 - __main__ - INFO - 162 - trainer - [156/190] Loss: 1.0612
2026/08/26 21:20:51 - __main__ - INFO - 167 - trainer - Average loss in epoch 246: 1.0607
2026/08/26 21:20:51 - __main__ - INFO - 117 - trainer - Epoch: 247
2026/08/26 21:20:52 - __main__ - INFO - 162 - trainer - [0/190] Loss: 1.0620
2026/08/26 21:20:57 - __main__ - INFO - 162 - trainer - [39/190] Loss: 1.0518
2026/08/26 21:21:03 - __main__ - INFO - 162 - trainer - [78/190] Loss: 1.0465
2026/08/26 21:21:08 - __main__ - INFO - 162 - trainer - [117/190] Loss: 1.0552
2026/08/26 21:21:14 - __main__ - INFO - 162 - trainer - [156/190] Loss: 1.0850
2026/08/26 21:21:19 - __main__ - INFO - 167 - trainer - Average loss in epoch 247: 1.0608
2026/08/26 21:21:19 - __main__ - INFO - 117 - trainer - Epoch: 248
2026/08/26 21:21:19 - __main__ - INFO - 162 - trainer - [0/190] Loss: 1.0456
2026/08/26 21:21:24 - __main__ - INFO - 162 - trainer - [39/190] Loss: 1.0877
2026/08/26 21:21:30 - __main__ - INFO - 162 - trainer - [78/190] Loss: 1.0575
2026/08/26 21:21:35 - __main__ - INFO - 162 - trainer - [117/190] Loss: 1.0565
2026/08/26 21:21:41 - __main__ - INFO - 162 - trainer - [156/190] Loss: 1.0499
2026/08/26 21:21:46 - __main__ - INFO - 167 - trainer - Average loss in epoch 248: 1.0599
2026/08/26 21:21:46 - __main__ - INFO - 117 - trainer - Epoch: 249
2026/08/26 21:21:46 - __main__ - INFO - 162 - trainer - [0/190] Loss: 1.0794
2026/08/26 21:21:51 - __main__ - INFO - 162 - trainer - [39/190] Loss: 1.0799
2026/08/26 21:21:57 - __main__ - INFO - 162 - trainer - [78/190] Loss: 1.0792
2026/08/26 21:22:02 - __main__ - INFO - 162 - trainer - [117/190] Loss: 1.0553
2026/08/26 21:22:08 - __main__ - INFO - 162 - trainer - [156/190] Loss: 1.0732
2026/08/26 21:22:13 - __main__ - INFO - 167 - trainer - Average loss in epoch 249: 1.0607
2026/08/26 21:22:13 - __main__ - INFO - 117 - trainer - Epoch: 250
2026/08/26 21:22:13 - __main__ - INFO - 162 - trainer - [0/190] Loss: 1.0559
2026/08/26 21:22:19 - __main__ - INFO - 162 - trainer - [39/190] Loss: 1.0582
2026/08/26 21:22:24 - __main__ - INFO - 162 - trainer - [78/190] Loss: 1.0666
2026/08/26 21:22:30 - __main__ - INFO - 162 - trainer - [117/190] Loss: 1.0717
2026/08/26 21:22:35 - __main__ - INFO - 162 - trainer - [156/190] Loss: 1.0414
2026/08/26 21:22:40 - __main__ - INFO - 167 - trainer - Average loss in epoch 250: 1.0609
2026/08/26 21:22:40 - __main__ - INFO - 117 - trainer - Epoch: 251
2026/08/26 21:22:40 - __main__ - INFO - 162 - trainer - [0/190] Loss: 1.0797
2026/08/26 21:22:46 - __main__ - INFO - 162 - trainer - [39/190] Loss: 1.0435
2026/08/26 21:22:51 - __main__ - INFO - 162 - trainer - [78/190] Loss: 1.0466
2026/08/26 21:22:57 - __main__ - INFO - 162 - trainer - [117/190] Loss: 1.0522
2026/08/26 21:23:02 - __main__ - INFO - 162 - trainer - [156/190] Loss: 1.0520
2026/08/26 21:23:07 - __main__ - INFO - 167 - trainer - Average loss in epoch 251: 1.0613
2026/08/26 21:23:07 - __main__ - INFO - 117 - trainer - Epoch: 252
2026/08/26 21:23:07 - __main__ - INFO - 162 - trainer - [0/190] Loss: 1.0908
2026/08/26 21:23:13 - __main__ - INFO - 162 - trainer - [39/190] Loss: 1.0767
2026/08/26 21:23:18 - __main__ - INFO - 162 - trainer - [78/190] Loss: 1.0628
2026/08/26 21:23:24 - __main__ - INFO - 162 - trainer - [117/190] Loss: 1.0499
2026/08/26 21:23:30 - __main__ - INFO - 162 - trainer - [156/190] Loss: 1.0510
2026/08/26 21:23:34 - __main__ - INFO - 167 - trainer - Average loss in epoch 252: 1.0603
2026/08/26 21:23:34 - __main__ - INFO - 117 - trainer - Epoch: 253
2026/08/26 21:23:34 - __main__ - INFO - 162 - trainer - [0/190] Loss: 1.0610
2026/08/26 21:23:40 - __main__ - INFO - 162 - trainer - [39/190] Loss: 1.0462
2026/08/26 21:23:45 - __main__ - INFO - 162 - trainer - [78/190] Loss: 1.0478
2026/08/26 21:23:51 - __main__ - INFO - 162 - trainer - [117/190] Loss: 1.0716
2026/08/26 21:23:57 - __main__ - INFO - 162 - trainer - [156/190] Loss: 1.0481
2026/08/26 21:24:01 - __main__ - INFO - 167 - trainer - Average loss in epoch 253: 1.0603
2026/08/26 21:24:01 - __main__ - INFO - 117 - trainer - Epoch: 254
2026/08/26 21:24:01 - __main__ - INFO - 162 - trainer - [0/190] Loss: 1.0758
2026/08/26 21:24:07 - __main__ - INFO - 162 - trainer - [39/190] Loss: 1.0749
2026/08/26 21:24:12 - __main__ - INFO - 162 - trainer - [78/190] Loss: 1.0697
2026/08/26 21:24:18 - __main__ - INFO - 162 - trainer - [117/190] Loss: 1.0622
2026/08/26 21:24:24 - __main__ - INFO - 162 - trainer - [156/190] Loss: 1.0676
2026/08/26 21:24:28 - __main__ - INFO - 167 - trainer - Average loss in epoch 254: 1.0605
2026/08/26 21:24:28 - __main__ - INFO - 117 - trainer - Epoch: 255
2026/08/26 21:24:29 - __main__ - INFO - 162 - trainer - [0/190] Loss: 1.0411
2026/08/26 21:24:34 - __main__ - INFO - 162 - trainer - [39/190] Loss: 1.0630
2026/08/26 21:24:40 - __main__ - INFO - 162 - trainer - [78/190] Loss: 1.0770
2026/08/26 21:24:45 - __main__ - INFO - 162 - trainer - [117/190] Loss: 1.0601
2026/08/26 21:24:51 - __main__ - INFO - 162 - trainer - [156/190] Loss: 1.0608
2026/08/26 21:24:56 - __main__ - INFO - 167 - trainer - Average loss in epoch 255: 1.0605
2026/08/26 21:24:56 - __main__ - INFO - 117 - trainer - Epoch: 256
2026/08/26 21:24:56 - __main__ - INFO - 162 - trainer - [0/190] Loss: 1.0661
2026/08/26 21:25:01 - __main__ - INFO - 162 - trainer - [39/190] Loss: 1.0578
2026/08/26 21:25:07 - __main__ - INFO - 162 - trainer - [78/190] Loss: 1.0530
2026/08/26 21:25:12 - __main__ - INFO - 162 - trainer - [117/190] Loss: 1.0689
2026/08/26 21:25:18 - __main__ - INFO - 162 - trainer - [156/190] Loss: 1.0605
2026/08/26 21:25:23 - __main__ - INFO - 167 - trainer - Average loss in epoch 256: 1.0604
2026/08/26 21:25:23 - __main__ - INFO - 117 - trainer - Epoch: 257
2026/08/26 21:25:23 - __main__ - INFO - 162 - trainer - [0/190] Loss: 1.0743
2026/08/26 21:25:29 - __main__ - INFO - 162 - trainer - [39/190] Loss: 1.0630
2026/08/26 21:25:34 - __main__ - INFO - 162 - trainer - [78/190] Loss: 1.0610
2026/08/26 21:25:40 - __main__ - INFO - 162 - trainer - [117/190] Loss: 1.0809
2026/08/26 21:25:45 - __main__ - INFO - 162 - trainer - [156/190] Loss: 1.0379
2026/08/26 21:25:50 - __main__ - INFO - 167 - trainer - Average loss in epoch 257: 1.0601
2026/08/26 21:25:50 - __main__ - INFO - 117 - trainer - Epoch: 258
2026/08/26 21:25:50 - __main__ - INFO - 162 - trainer - [0/190] Loss: 1.0705
2026/08/26 21:25:55 - __main__ - INFO - 162 - trainer - [39/190] Loss: 1.0616
2026/08/26 21:26:01 - __main__ - INFO - 162 - trainer - [78/190] Loss: 1.0717
2026/08/26 21:26:06 - __main__ - INFO - 162 - trainer - [117/190] Loss: 1.0565
2026/08/26 21:26:12 - __main__ - INFO - 162 - trainer - [156/190] Loss: 1.0449
2026/08/26 21:26:17 - __main__ - INFO - 167 - trainer - Average loss in epoch 258: 1.0611
2026/08/26 21:26:17 - __main__ - INFO - 117 - trainer - Epoch: 259
2026/08/26 21:26:17 - __main__ - INFO - 162 - trainer - [0/190] Loss: 1.0740
2026/08/26 21:26:23 - __main__ - INFO - 162 - trainer - [39/190] Loss: 1.0536
2026/08/26 21:26:28 - __main__ - INFO - 162 - trainer - [78/190] Loss: 1.0410
2026/08/26 21:26:34 - __main__ - INFO - 162 - trainer - [117/190] Loss: 1.0812
2026/08/26 21:26:39 - __main__ - INFO - 162 - trainer - [156/190] Loss: 1.0813
2026/08/26 21:26:44 - __main__ - INFO - 167 - trainer - Average loss in epoch 259: 1.0606
2026/08/26 21:26:44 - __main__ - INFO - 117 - trainer - Epoch: 260
2026/08/26 21:26:44 - __main__ - INFO - 162 - trainer - [0/190] Loss: 1.0495
2026/08/26 21:26:50 - __main__ - INFO - 162 - trainer - [39/190] Loss: 1.0594
2026/08/26 21:26:55 - __main__ - INFO - 162 - trainer - [78/190] Loss: 1.0759
2026/08/26 21:27:01 - __main__ - INFO - 162 - trainer - [117/190] Loss: 1.0502
2026/08/26 21:27:06 - __main__ - INFO - 162 - trainer - [156/190] Loss: 1.0605
2026/08/26 21:27:11 - __main__ - INFO - 167 - trainer - Average loss in epoch 260: 1.0597
2026/08/26 21:27:11 - __main__ - INFO - 173 - trainer - start predicting: 2026-08-26 21:27:11.431640
2026/08/26 21:27:14 - __main__ - INFO - 210 - trainer - {'Best_HR@5': np.float64(8.8822), 'Best_HR@10': np.float64(15.9331), 'Best_HR@20': np.float64(27.709), 'Best_NDCG@5': np.float64(5.2137), 'Best_NDCG@10': np.float64(7.509), 'Best_NDCG@20': np.float64(10.2946)}
2026/08/26 21:27:14 - __main__ - INFO - 211 - trainer - {'Best_epoch_HR@5': 80, 'Best_epoch_HR@10': 120, 'Best_epoch_HR@20': 160, 'Best_epoch_NDCG@5': 80, 'Best_epoch_NDCG@10': 100, 'Best_epoch_NDCG@20': 120}
2026/08/26 21:31:37 - __main__ - INFO - 268 - trainer - Train------------------------------------------------------
2026/08/26 21:31:37 - __main__ - INFO - 270 - trainer - {'HR@5': np.float64(22.7057), 'HR@10': np.float64(33.4756), 'HR@20': np.float64(47.3935), 'NDCG@5': np.float64(15.5985), 'NDCG@10': np.float64(19.0606), 'NDCG@20': np.float64(22.568)}
2026/08/26 21:31:37 - __main__ - INFO - 274 - trainer - Test------------------------------------------------------
2026/08/26 21:31:37 - __main__ - INFO - 276 - trainer - {'HR@5': np.float64(7.5635), 'HR@10': np.float64(13.8332), 'HR@20': np.float64(24.1259), 'NDCG@5': np.float64(4.6919), 'NDCG@10': np.float64(6.6793), 'NDCG@20': np.float64(9.2478)}
2026/08/26 21:31:37 - __main__ - INFO - 279 - trainer - Best Eval---------------------------------------------------------
2026/08/26 21:31:37 - __main__ - INFO - 282 - trainer - {'Best_HR@5': np.float64(8.8822), 'Best_HR@10': np.float64(15.9331), 'Best_HR@20': np.float64(27.709), 'Best_NDCG@5': np.float64(5.2137), 'Best_NDCG@10': np.float64(7.509), 'Best_NDCG@20': np.float64(10.2946)}
2026/08/26 21:31:37 - __main__ - INFO - 283 - trainer - {'Best_epoch_HR@5': 80, 'Best_epoch_HR@10': 120, 'Best_epoch_HR@20': 160, 'Best_epoch_NDCG@5': 80, 'Best_epoch_NDCG@10': 100, 'Best_epoch_NDCG@20': 120}
