2026/08/30 22:02:44 - __main__ - INFO - 73 - main - Namespace(dataset='ml-100k', log_file='log/', random_seed=2024, max_len=50, device='cuda', num_gpu=1, batch_size=512, hidden_size=128, dropout=0.1, emb_dropout=0.3, hidden_act='gelu', num_blocks=4, epochs=500, decay_step=100, gamma=0.1, metric_ks=[5, 10, 20], optimizer='Adam', lr=0.001, weight_decay=0, momentum=None, lambda_uncertainty=0.001, eval_interval=20, patience=5, eps=0.001, sample_N=30, lambda_t=0.001, dropout_c=0.1, eps_reverse=0.001, m_logNorm=1.0, s_logNorm=0.6, s_modsamp=1.0, last=2, mask_ratio=1.0, sampling_method='mode', Loss_Alpha=0.2, Loss_Beta=0.4)
2026/08/30 22:02:45 - __main__ - INFO - 117 - trainer - Epoch: 0
2026/08/30 22:02:46 - __main__ - INFO - 162 - trainer - [0/190] Loss: 13.0248
2026/08/30 22:02:51 - __main__ - INFO - 162 - trainer - [39/190] Loss: 6.8632
2026/08/30 22:02:57 - __main__ - INFO - 162 - trainer - [78/190] Loss: 5.8608
2026/08/30 22:03:02 - __main__ - INFO - 162 - trainer - [117/190] Loss: 5.3055
2026/08/30 22:03:08 - __main__ - INFO - 162 - trainer - [156/190] Loss: 4.9066
2026/08/30 22:03:12 - __main__ - INFO - 167 - trainer - Average loss in epoch 0: 5.9492
2026/08/30 22:03:12 - __main__ - INFO - 117 - trainer - Epoch: 1
2026/08/30 22:03:12 - __main__ - INFO - 162 - trainer - [0/190] Loss: 4.5603
2026/08/30 22:03:18 - __main__ - INFO - 162 - trainer - [39/190] Loss: 4.2044
2026/08/30 22:03:24 - __main__ - INFO - 162 - trainer - [78/190] Loss: 3.8766
2026/08/30 22:03:29 - __main__ - INFO - 162 - trainer - [117/190] Loss: 3.5928
2026/08/30 22:03:35 - __main__ - INFO - 162 - trainer - [156/190] Loss: 3.4127
2026/08/30 22:03:39 - __main__ - INFO - 167 - trainer - Average loss in epoch 1: 3.8273
2026/08/30 22:03:39 - __main__ - INFO - 117 - trainer - Epoch: 2
2026/08/30 22:03:39 - __main__ - INFO - 162 - trainer - [0/190] Loss: 3.2313
2026/08/30 22:03:45 - __main__ - INFO - 162 - trainer - [39/190] Loss: 3.0774
2026/08/30 22:03:50 - __main__ - INFO - 162 - trainer - [78/190] Loss: 2.7950
2026/08/30 22:03:56 - __main__ - INFO - 162 - trainer - [117/190] Loss: 2.7418
2026/08/30 22:04:01 - __main__ - INFO - 162 - trainer - [156/190] Loss: 2.5695
2026/08/30 22:04:06 - __main__ - INFO - 167 - trainer - Average loss in epoch 2: 2.8049
2026/08/30 22:04:06 - __main__ - INFO - 117 - trainer - Epoch: 3
2026/08/30 22:04:06 - __main__ - INFO - 162 - trainer - [0/190] Loss: 2.4745
2026/08/30 22:04:12 - __main__ - INFO - 162 - trainer - [39/190] Loss: 2.4512
2026/08/30 22:04:17 - __main__ - INFO - 162 - trainer - [78/190] Loss: 2.4098
2026/08/30 22:04:22 - __main__ - INFO - 162 - trainer - [117/190] Loss: 2.4005
2026/08/30 22:04:28 - __main__ - INFO - 162 - trainer - [156/190] Loss: 2.3511
2026/08/30 22:04:32 - __main__ - INFO - 167 - trainer - Average loss in epoch 3: 2.4026
2026/08/30 22:04:32 - __main__ - INFO - 117 - trainer - Epoch: 4
2026/08/30 22:04:32 - __main__ - INFO - 162 - trainer - [0/190] Loss: 2.3104
2026/08/30 22:04:38 - __main__ - INFO - 162 - trainer - [39/190] Loss: 2.2799
2026/08/30 22:04:43 - __main__ - INFO - 162 - trainer - [78/190] Loss: 2.2782
2026/08/30 22:04:49 - __main__ - INFO - 162 - trainer - [117/190] Loss: 2.2664
2026/08/30 22:04:54 - __main__ - INFO - 162 - trainer - [156/190] Loss: 2.2114
2026/08/30 22:04:59 - __main__ - INFO - 167 - trainer - Average loss in epoch 4: 2.2653
2026/08/30 22:04:59 - __main__ - INFO - 117 - trainer - Epoch: 5
2026/08/30 22:04:59 - __main__ - INFO - 162 - trainer - [0/190] Loss: 2.2167
2026/08/30 22:05:04 - __main__ - INFO - 162 - trainer - [39/190] Loss: 2.1692
2026/08/30 22:05:10 - __main__ - INFO - 162 - trainer - [78/190] Loss: 2.1661
2026/08/30 22:05:15 - __main__ - INFO - 162 - trainer - [117/190] Loss: 2.1389
2026/08/30 22:05:20 - __main__ - INFO - 162 - trainer - [156/190] Loss: 2.1520
2026/08/30 22:05:25 - __main__ - INFO - 167 - trainer - Average loss in epoch 5: 2.1574
2026/08/30 22:05:25 - __main__ - INFO - 117 - trainer - Epoch: 6
2026/08/30 22:05:25 - __main__ - INFO - 162 - trainer - [0/190] Loss: 2.1151
2026/08/30 22:05:30 - __main__ - INFO - 162 - trainer - [39/190] Loss: 2.1043
2026/08/30 22:05:36 - __main__ - INFO - 162 - trainer - [78/190] Loss: 2.0589
2026/08/30 22:05:41 - __main__ - INFO - 162 - trainer - [117/190] Loss: 2.0149
2026/08/30 22:05:47 - __main__ - INFO - 162 - trainer - [156/190] Loss: 2.0580
2026/08/30 22:05:51 - __main__ - INFO - 167 - trainer - Average loss in epoch 6: 2.0680
2026/08/30 22:05:51 - __main__ - INFO - 117 - trainer - Epoch: 7
2026/08/30 22:05:52 - __main__ - INFO - 162 - trainer - [0/190] Loss: 2.0474
2026/08/30 22:05:57 - __main__ - INFO - 162 - trainer - [39/190] Loss: 2.0006
2026/08/30 22:06:03 - __main__ - INFO - 162 - trainer - [78/190] Loss: 1.9865
2026/08/30 22:06:08 - __main__ - INFO - 162 - trainer - [117/190] Loss: 1.9891
2026/08/30 22:06:13 - __main__ - INFO - 162 - trainer - [156/190] Loss: 1.9540
2026/08/30 22:06:18 - __main__ - INFO - 167 - trainer - Average loss in epoch 7: 1.9926
2026/08/30 22:06:18 - __main__ - INFO - 117 - trainer - Epoch: 8
2026/08/30 22:06:18 - __main__ - INFO - 162 - trainer - [0/190] Loss: 1.9751
2026/08/30 22:06:24 - __main__ - INFO - 162 - trainer - [39/190] Loss: 1.9147
2026/08/30 22:06:29 - __main__ - INFO - 162 - trainer - [78/190] Loss: 1.9252
2026/08/30 22:06:35 - __main__ - INFO - 162 - trainer - [117/190] Loss: 1.9412
2026/08/30 22:06:40 - __main__ - INFO - 162 - trainer - [156/190] Loss: 1.8941
2026/08/30 22:06:45 - __main__ - INFO - 167 - trainer - Average loss in epoch 8: 1.9224
2026/08/30 22:06:45 - __main__ - INFO - 117 - trainer - Epoch: 9
2026/08/30 22:06:45 - __main__ - INFO - 162 - trainer - [0/190] Loss: 1.9015
2026/08/30 22:06:51 - __main__ - INFO - 162 - trainer - [39/190] Loss: 1.8627
2026/08/30 22:06:56 - __main__ - INFO - 162 - trainer - [78/190] Loss: 1.9103
2026/08/30 22:07:01 - __main__ - INFO - 162 - trainer - [117/190] Loss: 1.8503
2026/08/30 22:07:07 - __main__ - INFO - 162 - trainer - [156/190] Loss: 1.8522
2026/08/30 22:07:11 - __main__ - INFO - 167 - trainer - Average loss in epoch 9: 1.8582
2026/08/30 22:07:11 - __main__ - INFO - 117 - trainer - Epoch: 10
2026/08/30 22:07:11 - __main__ - INFO - 162 - trainer - [0/190] Loss: 1.8306
2026/08/30 22:07:17 - __main__ - INFO - 162 - trainer - [39/190] Loss: 1.8134
2026/08/30 22:07:22 - __main__ - INFO - 162 - trainer - [78/190] Loss: 1.8010
2026/08/30 22:07:28 - __main__ - INFO - 162 - trainer - [117/190] Loss: 1.7956
2026/08/30 22:07:33 - __main__ - INFO - 162 - trainer - [156/190] Loss: 1.8012
2026/08/30 22:07:38 - __main__ - INFO - 167 - trainer - Average loss in epoch 10: 1.7999
2026/08/30 22:07:38 - __main__ - INFO - 117 - trainer - Epoch: 11
2026/08/30 22:07:38 - __main__ - INFO - 162 - trainer - [0/190] Loss: 1.7509
2026/08/30 22:07:44 - __main__ - INFO - 162 - trainer - [39/190] Loss: 1.7474
2026/08/30 22:07:49 - __main__ - INFO - 162 - trainer - [78/190] Loss: 1.7567
2026/08/30 22:07:54 - __main__ - INFO - 162 - trainer - [117/190] Loss: 1.7518
2026/08/30 22:08:00 - __main__ - INFO - 162 - trainer - [156/190] Loss: 1.7368
2026/08/30 22:08:04 - __main__ - INFO - 167 - trainer - Average loss in epoch 11: 1.7446
2026/08/30 22:08:04 - __main__ - INFO - 117 - trainer - Epoch: 12
2026/08/30 22:08:04 - __main__ - INFO - 162 - trainer - [0/190] Loss: 1.7123
2026/08/30 22:08:10 - __main__ - INFO - 162 - trainer - [39/190] Loss: 1.6825
2026/08/30 22:08:15 - __main__ - INFO - 162 - trainer - [78/190] Loss: 1.7106
2026/08/30 22:08:21 - __main__ - INFO - 162 - trainer - [117/190] Loss: 1.7024
2026/08/30 22:08:26 - __main__ - INFO - 162 - trainer - [156/190] Loss: 1.6744
2026/08/30 22:08:31 - __main__ - INFO - 167 - trainer - Average loss in epoch 12: 1.6932
2026/08/30 22:08:31 - __main__ - INFO - 117 - trainer - Epoch: 13
2026/08/30 22:08:31 - __main__ - INFO - 162 - trainer - [0/190] Loss: 1.6883
2026/08/30 22:08:37 - __main__ - INFO - 162 - trainer - [39/190] Loss: 1.6478
2026/08/30 22:08:42 - __main__ - INFO - 162 - trainer - [78/190] Loss: 1.6361
2026/08/30 22:08:48 - __main__ - INFO - 162 - trainer - [117/190] Loss: 1.6423
2026/08/30 22:08:53 - __main__ - INFO - 162 - trainer - [156/190] Loss: 1.6401
2026/08/30 22:08:58 - __main__ - INFO - 167 - trainer - Average loss in epoch 13: 1.6461
2026/08/30 22:08:58 - __main__ - INFO - 117 - trainer - Epoch: 14
2026/08/30 22:08:58 - __main__ - INFO - 162 - trainer - [0/190] Loss: 1.6338
2026/08/30 22:09:03 - __main__ - INFO - 162 - trainer - [39/190] Loss: 1.6105
2026/08/30 22:09:09 - __main__ - INFO - 162 - trainer - [78/190] Loss: 1.6244
2026/08/30 22:09:14 - __main__ - INFO - 162 - trainer - [117/190] Loss: 1.6024
2026/08/30 22:09:20 - __main__ - INFO - 162 - trainer - [156/190] Loss: 1.5883
2026/08/30 22:09:24 - __main__ - INFO - 167 - trainer - Average loss in epoch 14: 1.6035
2026/08/30 22:09:24 - __main__ - INFO - 117 - trainer - Epoch: 15
2026/08/30 22:09:24 - __main__ - INFO - 162 - trainer - [0/190] Loss: 1.6378
2026/08/30 22:09:30 - __main__ - INFO - 162 - trainer - [39/190] Loss: 1.5769
2026/08/30 22:09:35 - __main__ - INFO - 162 - trainer - [78/190] Loss: 1.5687
2026/08/30 22:09:41 - __main__ - INFO - 162 - trainer - [117/190] Loss: 1.5333
2026/08/30 22:09:46 - __main__ - INFO - 162 - trainer - [156/190] Loss: 1.5697
2026/08/30 22:09:51 - __main__ - INFO - 167 - trainer - Average loss in epoch 15: 1.5639
2026/08/30 22:09:51 - __main__ - INFO - 117 - trainer - Epoch: 16
2026/08/30 22:09:51 - __main__ - INFO - 162 - trainer - [0/190] Loss: 1.5772
2026/08/30 22:09:56 - __main__ - INFO - 162 - trainer - [39/190] Loss: 1.5365
2026/08/30 22:10:02 - __main__ - INFO - 162 - trainer - [78/190] Loss: 1.5364
2026/08/30 22:10:07 - __main__ - INFO - 162 - trainer - [117/190] Loss: 1.5032
2026/08/30 22:10:13 - __main__ - INFO - 162 - trainer - [156/190] Loss: 1.5047
2026/08/30 22:10:17 - __main__ - INFO - 167 - trainer - Average loss in epoch 16: 1.5287
2026/08/30 22:10:17 - __main__ - INFO - 117 - trainer - Epoch: 17
2026/08/30 22:10:17 - __main__ - INFO - 162 - trainer - [0/190] Loss: 1.5291
2026/08/30 22:10:23 - __main__ - INFO - 162 - trainer - [39/190] Loss: 1.4998
2026/08/30 22:10:28 - __main__ - INFO - 162 - trainer - [78/190] Loss: 1.4961
2026/08/30 22:10:34 - __main__ - INFO - 162 - trainer - [117/190] Loss: 1.4862
2026/08/30 22:10:39 - __main__ - INFO - 162 - trainer - [156/190] Loss: 1.5060
2026/08/30 22:10:44 - __main__ - INFO - 167 - trainer - Average loss in epoch 17: 1.4958
2026/08/30 22:10:44 - __main__ - INFO - 117 - trainer - Epoch: 18
2026/08/30 22:10:44 - __main__ - INFO - 162 - trainer - [0/190] Loss: 1.4737
2026/08/30 22:10:50 - __main__ - INFO - 162 - trainer - [39/190] Loss: 1.5209
2026/08/30 22:10:55 - __main__ - INFO - 162 - trainer - [78/190] Loss: 1.4896
2026/08/30 22:11:01 - __main__ - INFO - 162 - trainer - [117/190] Loss: 1.4233
2026/08/30 22:11:06 - __main__ - INFO - 162 - trainer - [156/190] Loss: 1.4614
2026/08/30 22:11:11 - __main__ - INFO - 167 - trainer - Average loss in epoch 18: 1.4666
2026/08/30 22:11:11 - __main__ - INFO - 117 - trainer - Epoch: 19
2026/08/30 22:11:11 - __main__ - INFO - 162 - trainer - [0/190] Loss: 1.4573
2026/08/30 22:11:16 - __main__ - INFO - 162 - trainer - [39/190] Loss: 1.4588
2026/08/30 22:11:22 - __main__ - INFO - 162 - trainer - [78/190] Loss: 1.4603
2026/08/30 22:11:27 - __main__ - INFO - 162 - trainer - [117/190] Loss: 1.4438
2026/08/30 22:11:32 - __main__ - INFO - 162 - trainer - [156/190] Loss: 1.4636
2026/08/30 22:11:37 - __main__ - INFO - 167 - trainer - Average loss in epoch 19: 1.4397
2026/08/30 22:11:37 - __main__ - INFO - 117 - trainer - Epoch: 20
2026/08/30 22:11:37 - __main__ - INFO - 162 - trainer - [0/190] Loss: 1.4149
2026/08/30 22:11:43 - __main__ - INFO - 162 - trainer - [39/190] Loss: 1.4216
2026/08/30 22:11:48 - __main__ - INFO - 162 - trainer - [78/190] Loss: 1.4212
2026/08/30 22:11:54 - __main__ - INFO - 162 - trainer - [117/190] Loss: 1.4216
2026/08/30 22:11:59 - __main__ - INFO - 162 - trainer - [156/190] Loss: 1.4035
2026/08/30 22:12:04 - __main__ - INFO - 167 - trainer - Average loss in epoch 20: 1.4146
2026/08/30 22:12:04 - __main__ - INFO - 173 - trainer - start predicting: 2026-08-30 22:12:04.366093
2026/08/30 22:12:07 - __main__ - INFO - 203 - trainer - {'Best_HR@5': np.float64(7.8748), 'Best_HR@10': np.float64(12.0872), 'Best_HR@20': np.float64(22.4591), 'Best_NDCG@5': np.float64(4.5952), 'Best_NDCG@10': np.float64(5.9655), 'Best_NDCG@20': np.float64(8.5573)}
2026/08/30 22:12:07 - __main__ - INFO - 204 - trainer - {'Best_epoch_HR@5': 20, 'Best_epoch_HR@10': 20, 'Best_epoch_HR@20': 20, 'Best_epoch_NDCG@5': 20, 'Best_epoch_NDCG@10': 20, 'Best_epoch_NDCG@20': 20}
2026/08/30 22:12:07 - __main__ - INFO - 117 - trainer - Epoch: 21
2026/08/30 22:12:07 - __main__ - INFO - 162 - trainer - [0/190] Loss: 1.4057
2026/08/30 22:12:12 - __main__ - INFO - 162 - trainer - [39/190] Loss: 1.3936
2026/08/30 22:12:18 - __main__ - INFO - 162 - trainer - [78/190] Loss: 1.3854
2026/08/30 22:12:23 - __main__ - INFO - 162 - trainer - [117/190] Loss: 1.3700
2026/08/30 22:12:29 - __main__ - INFO - 162 - trainer - [156/190] Loss: 1.3955
2026/08/30 22:12:34 - __main__ - INFO - 167 - trainer - Average loss in epoch 21: 1.3918
2026/08/30 22:12:34 - __main__ - INFO - 117 - trainer - Epoch: 22
2026/08/30 22:12:34 - __main__ - INFO - 162 - trainer - [0/190] Loss: 1.3995
2026/08/30 22:12:39 - __main__ - INFO - 162 - trainer - [39/190] Loss: 1.3654
2026/08/30 22:12:45 - __main__ - INFO - 162 - trainer - [78/190] Loss: 1.3786
2026/08/30 22:12:50 - __main__ - INFO - 162 - trainer - [117/190] Loss: 1.3304
2026/08/30 22:12:56 - __main__ - INFO - 162 - trainer - [156/190] Loss: 1.3677
2026/08/30 22:13:00 - __main__ - INFO - 167 - trainer - Average loss in epoch 22: 1.3703
2026/08/30 22:13:00 - __main__ - INFO - 117 - trainer - Epoch: 23
2026/08/30 22:13:00 - __main__ - INFO - 162 - trainer - [0/190] Loss: 1.3640
2026/08/30 22:13:06 - __main__ - INFO - 162 - trainer - [39/190] Loss: 1.3772
2026/08/30 22:13:11 - __main__ - INFO - 162 - trainer - [78/190] Loss: 1.3530
2026/08/30 22:13:17 - __main__ - INFO - 162 - trainer - [117/190] Loss: 1.3452
2026/08/30 22:13:22 - __main__ - INFO - 162 - trainer - [156/190] Loss: 1.3445
2026/08/30 22:13:27 - __main__ - INFO - 167 - trainer - Average loss in epoch 23: 1.3519
2026/08/30 22:13:27 - __main__ - INFO - 117 - trainer - Epoch: 24
2026/08/30 22:13:27 - __main__ - INFO - 162 - trainer - [0/190] Loss: 1.3354
2026/08/30 22:13:32 - __main__ - INFO - 162 - trainer - [39/190] Loss: 1.3366
2026/08/30 22:13:38 - __main__ - INFO - 162 - trainer - [78/190] Loss: 1.3413
2026/08/30 22:13:43 - __main__ - INFO - 162 - trainer - [117/190] Loss: 1.3228
2026/08/30 22:13:49 - __main__ - INFO - 162 - trainer - [156/190] Loss: 1.3476
2026/08/30 22:13:53 - __main__ - INFO - 167 - trainer - Average loss in epoch 24: 1.3348
2026/08/30 22:13:53 - __main__ - INFO - 117 - trainer - Epoch: 25
2026/08/30 22:13:54 - __main__ - INFO - 162 - trainer - [0/190] Loss: 1.3206
2026/08/30 22:13:59 - __main__ - INFO - 162 - trainer - [39/190] Loss: 1.3012
2026/08/30 22:14:04 - __main__ - INFO - 162 - trainer - [78/190] Loss: 1.3440
2026/08/30 22:14:10 - __main__ - INFO - 162 - trainer - [117/190] Loss: 1.3219
2026/08/30 22:14:15 - __main__ - INFO - 162 - trainer - [156/190] Loss: 1.3144
2026/08/30 22:14:20 - __main__ - INFO - 167 - trainer - Average loss in epoch 25: 1.3190
2026/08/30 22:14:20 - __main__ - INFO - 117 - trainer - Epoch: 26
2026/08/30 22:14:20 - __main__ - INFO - 162 - trainer - [0/190] Loss: 1.2830
2026/08/30 22:14:26 - __main__ - INFO - 162 - trainer - [39/190] Loss: 1.2981
2026/08/30 22:14:31 - __main__ - INFO - 162 - trainer - [78/190] Loss: 1.3176
2026/08/30 22:14:37 - __main__ - INFO - 162 - trainer - [117/190] Loss: 1.2943
2026/08/30 22:14:42 - __main__ - INFO - 162 - trainer - [156/190] Loss: 1.2688
2026/08/30 22:14:47 - __main__ - INFO - 167 - trainer - Average loss in epoch 26: 1.3038
2026/08/30 22:14:47 - __main__ - INFO - 117 - trainer - Epoch: 27
2026/08/30 22:14:47 - __main__ - INFO - 162 - trainer - [0/190] Loss: 1.2987
2026/08/30 22:14:52 - __main__ - INFO - 162 - trainer - [39/190] Loss: 1.3024
2026/08/30 22:14:58 - __main__ - INFO - 162 - trainer - [78/190] Loss: 1.2983
2026/08/30 22:15:03 - __main__ - INFO - 162 - trainer - [117/190] Loss: 1.3092
2026/08/30 22:15:09 - __main__ - INFO - 162 - trainer - [156/190] Loss: 1.2907
2026/08/30 22:15:13 - __main__ - INFO - 167 - trainer - Average loss in epoch 27: 1.2910
2026/08/30 22:15:13 - __main__ - INFO - 117 - trainer - Epoch: 28
2026/08/30 22:15:13 - __main__ - INFO - 162 - trainer - [0/190] Loss: 1.2861
2026/08/30 22:15:19 - __main__ - INFO - 162 - trainer - [39/190] Loss: 1.2586
2026/08/30 22:15:24 - __main__ - INFO - 162 - trainer - [78/190] Loss: 1.2909
2026/08/30 22:15:30 - __main__ - INFO - 162 - trainer - [117/190] Loss: 1.2531
2026/08/30 22:15:35 - __main__ - INFO - 162 - trainer - [156/190] Loss: 1.2954
2026/08/30 22:15:40 - __main__ - INFO - 167 - trainer - Average loss in epoch 28: 1.2794
2026/08/30 22:15:40 - __main__ - INFO - 117 - trainer - Epoch: 29
2026/08/30 22:15:40 - __main__ - INFO - 162 - trainer - [0/190] Loss: 1.2655
2026/08/30 22:15:46 - __main__ - INFO - 162 - trainer - [39/190] Loss: 1.2733
2026/08/30 22:15:51 - __main__ - INFO - 162 - trainer - [78/190] Loss: 1.2891
2026/08/30 22:15:57 - __main__ - INFO - 162 - trainer - [117/190] Loss: 1.2749
2026/08/30 22:16:02 - __main__ - INFO - 162 - trainer - [156/190] Loss: 1.2642
2026/08/30 22:16:07 - __main__ - INFO - 167 - trainer - Average loss in epoch 29: 1.2682
2026/08/30 22:16:07 - __main__ - INFO - 117 - trainer - Epoch: 30
2026/08/30 22:16:07 - __main__ - INFO - 162 - trainer - [0/190] Loss: 1.2393
2026/08/30 22:16:12 - __main__ - INFO - 162 - trainer - [39/190] Loss: 1.2607
2026/08/30 22:16:18 - __main__ - INFO - 162 - trainer - [78/190] Loss: 1.2629
2026/08/30 22:16:23 - __main__ - INFO - 162 - trainer - [117/190] Loss: 1.2726
2026/08/30 22:16:28 - __main__ - INFO - 162 - trainer - [156/190] Loss: 1.2304
2026/08/30 22:16:33 - __main__ - INFO - 167 - trainer - Average loss in epoch 30: 1.2583
2026/08/30 22:16:33 - __main__ - INFO - 117 - trainer - Epoch: 31
2026/08/30 22:16:33 - __main__ - INFO - 162 - trainer - [0/190] Loss: 1.2604
2026/08/30 22:16:39 - __main__ - INFO - 162 - trainer - [39/190] Loss: 1.2668
2026/08/30 22:16:44 - __main__ - INFO - 162 - trainer - [78/190] Loss: 1.2651
2026/08/30 22:16:49 - __main__ - INFO - 162 - trainer - [117/190] Loss: 1.2353
2026/08/30 22:16:55 - __main__ - INFO - 162 - trainer - [156/190] Loss: 1.2435
2026/08/30 22:16:59 - __main__ - INFO - 167 - trainer - Average loss in epoch 31: 1.2496
2026/08/30 22:16:59 - __main__ - INFO - 117 - trainer - Epoch: 32
2026/08/30 22:17:00 - __main__ - INFO - 162 - trainer - [0/190] Loss: 1.2310
2026/08/30 22:17:05 - __main__ - INFO - 162 - trainer - [39/190] Loss: 1.2384
2026/08/30 22:17:10 - __main__ - INFO - 162 - trainer - [78/190] Loss: 1.2501
2026/08/30 22:17:16 - __main__ - INFO - 162 - trainer - [117/190] Loss: 1.2504
2026/08/30 22:17:21 - __main__ - INFO - 162 - trainer - [156/190] Loss: 1.2393
2026/08/30 22:17:26 - __main__ - INFO - 167 - trainer - Average loss in epoch 32: 1.2410
2026/08/30 22:17:26 - __main__ - INFO - 117 - trainer - Epoch: 33
2026/08/30 22:17:26 - __main__ - INFO - 162 - trainer - [0/190] Loss: 1.2435
2026/08/30 22:17:31 - __main__ - INFO - 162 - trainer - [39/190] Loss: 1.2490
2026/08/30 22:17:37 - __main__ - INFO - 162 - trainer - [78/190] Loss: 1.2419
2026/08/30 22:17:42 - __main__ - INFO - 162 - trainer - [117/190] Loss: 1.2360
2026/08/30 22:17:48 - __main__ - INFO - 162 - trainer - [156/190] Loss: 1.2267
2026/08/30 22:17:52 - __main__ - INFO - 167 - trainer - Average loss in epoch 33: 1.2335
2026/08/30 22:17:52 - __main__ - INFO - 117 - trainer - Epoch: 34
2026/08/30 22:17:53 - __main__ - INFO - 162 - trainer - [0/190] Loss: 1.2305
2026/08/30 22:17:58 - __main__ - INFO - 162 - trainer - [39/190] Loss: 1.2300
2026/08/30 22:18:03 - __main__ - INFO - 162 - trainer - [78/190] Loss: 1.2385
2026/08/30 22:18:09 - __main__ - INFO - 162 - trainer - [117/190] Loss: 1.2407
2026/08/30 22:18:14 - __main__ - INFO - 162 - trainer - [156/190] Loss: 1.2289
2026/08/30 22:18:19 - __main__ - INFO - 167 - trainer - Average loss in epoch 34: 1.2264
2026/08/30 22:18:19 - __main__ - INFO - 117 - trainer - Epoch: 35
2026/08/30 22:18:19 - __main__ - INFO - 162 - trainer - [0/190] Loss: 1.2066
2026/08/30 22:18:25 - __main__ - INFO - 162 - trainer - [39/190] Loss: 1.2242
2026/08/30 22:18:30 - __main__ - INFO - 162 - trainer - [78/190] Loss: 1.2214
2026/08/30 22:18:35 - __main__ - INFO - 162 - trainer - [117/190] Loss: 1.2003
2026/08/30 22:18:41 - __main__ - INFO - 162 - trainer - [156/190] Loss: 1.2141
2026/08/30 22:18:45 - __main__ - INFO - 167 - trainer - Average loss in epoch 35: 1.2195
2026/08/30 22:18:45 - __main__ - INFO - 117 - trainer - Epoch: 36
2026/08/30 22:18:46 - __main__ - INFO - 162 - trainer - [0/190] Loss: 1.2188
2026/08/30 22:18:51 - __main__ - INFO - 162 - trainer - [39/190] Loss: 1.2004
2026/08/30 22:18:56 - __main__ - INFO - 162 - trainer - [78/190] Loss: 1.2128
2026/08/30 22:19:02 - __main__ - INFO - 162 - trainer - [117/190] Loss: 1.1975
2026/08/30 22:19:07 - __main__ - INFO - 162 - trainer - [156/190] Loss: 1.2252
2026/08/30 22:19:12 - __main__ - INFO - 167 - trainer - Average loss in epoch 36: 1.2139
2026/08/30 22:19:12 - __main__ - INFO - 117 - trainer - Epoch: 37
2026/08/30 22:19:12 - __main__ - INFO - 162 - trainer - [0/190] Loss: 1.2443
2026/08/30 22:19:17 - __main__ - INFO - 162 - trainer - [39/190] Loss: 1.2241
2026/08/30 22:19:23 - __main__ - INFO - 162 - trainer - [78/190] Loss: 1.1831
2026/08/30 22:19:28 - __main__ - INFO - 162 - trainer - [117/190] Loss: 1.2227
2026/08/30 22:19:34 - __main__ - INFO - 162 - trainer - [156/190] Loss: 1.2015
2026/08/30 22:19:38 - __main__ - INFO - 167 - trainer - Average loss in epoch 37: 1.2081
2026/08/30 22:19:38 - __main__ - INFO - 117 - trainer - Epoch: 38
2026/08/30 22:19:38 - __main__ - INFO - 162 - trainer - [0/190] Loss: 1.1917
2026/08/30 22:19:44 - __main__ - INFO - 162 - trainer - [39/190] Loss: 1.1898
2026/08/30 22:19:49 - __main__ - INFO - 162 - trainer - [78/190] Loss: 1.1723
2026/08/30 22:19:55 - __main__ - INFO - 162 - trainer - [117/190] Loss: 1.2178
2026/08/30 22:20:00 - __main__ - INFO - 162 - trainer - [156/190] Loss: 1.2295
2026/08/30 22:20:05 - __main__ - INFO - 167 - trainer - Average loss in epoch 38: 1.2033
2026/08/30 22:20:05 - __main__ - INFO - 117 - trainer - Epoch: 39
2026/08/30 22:20:05 - __main__ - INFO - 162 - trainer - [0/190] Loss: 1.2054
2026/08/30 22:20:10 - __main__ - INFO - 162 - trainer - [39/190] Loss: 1.2184
2026/08/30 22:20:16 - __main__ - INFO - 162 - trainer - [78/190] Loss: 1.2038
2026/08/30 22:20:21 - __main__ - INFO - 162 - trainer - [117/190] Loss: 1.2229
2026/08/30 22:20:26 - __main__ - INFO - 162 - trainer - [156/190] Loss: 1.1942
2026/08/30 22:20:31 - __main__ - INFO - 167 - trainer - Average loss in epoch 39: 1.1984
2026/08/30 22:20:31 - __main__ - INFO - 117 - trainer - Epoch: 40
2026/08/30 22:20:31 - __main__ - INFO - 162 - trainer - [0/190] Loss: 1.1943
2026/08/30 22:20:37 - __main__ - INFO - 162 - trainer - [39/190] Loss: 1.1879
2026/08/30 22:20:42 - __main__ - INFO - 162 - trainer - [78/190] Loss: 1.1857
2026/08/30 22:20:47 - __main__ - INFO - 162 - trainer - [117/190] Loss: 1.2014
2026/08/30 22:20:53 - __main__ - INFO - 162 - trainer - [156/190] Loss: 1.2053
2026/08/30 22:20:57 - __main__ - INFO - 167 - trainer - Average loss in epoch 40: 1.1931
2026/08/30 22:20:57 - __main__ - INFO - 173 - trainer - start predicting: 2026-08-30 22:20:57.766028
2026/08/30 22:20:59 - __main__ - INFO - 203 - trainer - {'Best_HR@5': np.float64(8.1311), 'Best_HR@10': np.float64(14.1321), 'Best_HR@20': np.float64(23.808), 'Best_NDCG@5': np.float64(4.9524), 'Best_NDCG@10': np.float64(6.8808), 'Best_NDCG@20': np.float64(9.3084)}
2026/08/30 22:20:59 - __main__ - INFO - 204 - trainer - {'Best_epoch_HR@5': 40, 'Best_epoch_HR@10': 40, 'Best_epoch_HR@20': 40, 'Best_epoch_NDCG@5': 40, 'Best_epoch_NDCG@10': 40, 'Best_epoch_NDCG@20': 40}
2026/08/30 22:20:59 - __main__ - INFO - 117 - trainer - Epoch: 41
2026/08/30 22:21:00 - __main__ - INFO - 162 - trainer - [0/190] Loss: 1.1655
2026/08/30 22:21:05 - __main__ - INFO - 162 - trainer - [39/190] Loss: 1.1728
2026/08/30 22:21:10 - __main__ - INFO - 162 - trainer - [78/190] Loss: 1.2065
2026/08/30 22:21:16 - __main__ - INFO - 162 - trainer - [117/190] Loss: 1.1939
2026/08/30 22:21:22 - __main__ - INFO - 162 - trainer - [156/190] Loss: 1.1883
2026/08/30 22:21:26 - __main__ - INFO - 167 - trainer - Average loss in epoch 41: 1.1892
2026/08/30 22:21:26 - __main__ - INFO - 117 - trainer - Epoch: 42
2026/08/30 22:21:26 - __main__ - INFO - 162 - trainer - [0/190] Loss: 1.1890
2026/08/30 22:21:32 - __main__ - INFO - 162 - trainer - [39/190] Loss: 1.1682
2026/08/30 22:21:38 - __main__ - INFO - 162 - trainer - [78/190] Loss: 1.1679
2026/08/30 22:21:43 - __main__ - INFO - 162 - trainer - [117/190] Loss: 1.2226
2026/08/30 22:21:48 - __main__ - INFO - 162 - trainer - [156/190] Loss: 1.1526
2026/08/30 22:21:53 - __main__ - INFO - 167 - trainer - Average loss in epoch 42: 1.1850
2026/08/30 22:21:53 - __main__ - INFO - 117 - trainer - Epoch: 43
2026/08/30 22:21:53 - __main__ - INFO - 162 - trainer - [0/190] Loss: 1.1778
2026/08/30 22:21:59 - __main__ - INFO - 162 - trainer - [39/190] Loss: 1.1816
2026/08/30 22:22:04 - __main__ - INFO - 162 - trainer - [78/190] Loss: 1.2116
2026/08/30 22:22:09 - __main__ - INFO - 162 - trainer - [117/190] Loss: 1.1676
2026/08/30 22:22:15 - __main__ - INFO - 162 - trainer - [156/190] Loss: 1.2103
2026/08/30 22:22:19 - __main__ - INFO - 167 - trainer - Average loss in epoch 43: 1.1818
2026/08/30 22:22:19 - __main__ - INFO - 117 - trainer - Epoch: 44
2026/08/30 22:22:19 - __main__ - INFO - 162 - trainer - [0/190] Loss: 1.1983
2026/08/30 22:22:25 - __main__ - INFO - 162 - trainer - [39/190] Loss: 1.1712
2026/08/30 22:22:30 - __main__ - INFO - 162 - trainer - [78/190] Loss: 1.1826
2026/08/30 22:22:36 - __main__ - INFO - 162 - trainer - [117/190] Loss: 1.1672
2026/08/30 22:22:41 - __main__ - INFO - 162 - trainer - [156/190] Loss: 1.1945
2026/08/30 22:22:46 - __main__ - INFO - 167 - trainer - Average loss in epoch 44: 1.1778
2026/08/30 22:22:46 - __main__ - INFO - 117 - trainer - Epoch: 45
2026/08/30 22:22:46 - __main__ - INFO - 162 - trainer - [0/190] Loss: 1.1781
2026/08/30 22:22:51 - __main__ - INFO - 162 - trainer - [39/190] Loss: 1.1663
2026/08/30 22:22:57 - __main__ - INFO - 162 - trainer - [78/190] Loss: 1.1698
2026/08/30 22:23:02 - __main__ - INFO - 162 - trainer - [117/190] Loss: 1.2057
2026/08/30 22:23:07 - __main__ - INFO - 162 - trainer - [156/190] Loss: 1.1983
2026/08/30 22:23:12 - __main__ - INFO - 167 - trainer - Average loss in epoch 45: 1.1745
2026/08/30 22:23:12 - __main__ - INFO - 117 - trainer - Epoch: 46
2026/08/30 22:23:12 - __main__ - INFO - 162 - trainer - [0/190] Loss: 1.1669
2026/08/30 22:23:18 - __main__ - INFO - 162 - trainer - [39/190] Loss: 1.1725
2026/08/30 22:23:23 - __main__ - INFO - 162 - trainer - [78/190] Loss: 1.1749
2026/08/30 22:23:28 - __main__ - INFO - 162 - trainer - [117/190] Loss: 1.1963
2026/08/30 22:23:34 - __main__ - INFO - 162 - trainer - [156/190] Loss: 1.1686
2026/08/30 22:23:39 - __main__ - INFO - 167 - trainer - Average loss in epoch 46: 1.1716
2026/08/30 22:23:39 - __main__ - INFO - 117 - trainer - Epoch: 47
2026/08/30 22:23:39 - __main__ - INFO - 162 - trainer - [0/190] Loss: 1.1594
2026/08/30 22:23:44 - __main__ - INFO - 162 - trainer - [39/190] Loss: 1.1657
2026/08/30 22:23:50 - __main__ - INFO - 162 - trainer - [78/190] Loss: 1.1648
2026/08/30 22:23:55 - __main__ - INFO - 162 - trainer - [117/190] Loss: 1.1668
2026/08/30 22:24:00 - __main__ - INFO - 162 - trainer - [156/190] Loss: 1.1590
2026/08/30 22:24:05 - __main__ - INFO - 167 - trainer - Average loss in epoch 47: 1.1682
2026/08/30 22:24:05 - __main__ - INFO - 117 - trainer - Epoch: 48
2026/08/30 22:24:05 - __main__ - INFO - 162 - trainer - [0/190] Loss: 1.1625
2026/08/30 22:24:11 - __main__ - INFO - 162 - trainer - [39/190] Loss: 1.1660
2026/08/30 22:24:16 - __main__ - INFO - 162 - trainer - [78/190] Loss: 1.1592
2026/08/30 22:24:21 - __main__ - INFO - 162 - trainer - [117/190] Loss: 1.1886
2026/08/30 22:24:27 - __main__ - INFO - 162 - trainer - [156/190] Loss: 1.1711
2026/08/30 22:24:31 - __main__ - INFO - 167 - trainer - Average loss in epoch 48: 1.1650
2026/08/30 22:24:31 - __main__ - INFO - 117 - trainer - Epoch: 49
2026/08/30 22:24:31 - __main__ - INFO - 162 - trainer - [0/190] Loss: 1.1717
2026/08/30 22:24:37 - __main__ - INFO - 162 - trainer - [39/190] Loss: 1.1636
2026/08/30 22:24:43 - __main__ - INFO - 162 - trainer - [78/190] Loss: 1.1467
2026/08/30 22:24:48 - __main__ - INFO - 162 - trainer - [117/190] Loss: 1.1608
2026/08/30 22:24:54 - __main__ - INFO - 162 - trainer - [156/190] Loss: 1.1373
2026/08/30 22:24:58 - __main__ - INFO - 167 - trainer - Average loss in epoch 49: 1.1628
2026/08/30 22:24:58 - __main__ - INFO - 117 - trainer - Epoch: 50
2026/08/30 22:24:58 - __main__ - INFO - 162 - trainer - [0/190] Loss: 1.1379
2026/08/30 22:25:04 - __main__ - INFO - 162 - trainer - [39/190] Loss: 1.1621
2026/08/30 22:25:09 - __main__ - INFO - 162 - trainer - [78/190] Loss: 1.1487
2026/08/30 22:25:14 - __main__ - INFO - 162 - trainer - [117/190] Loss: 1.1468
2026/08/30 22:25:20 - __main__ - INFO - 162 - trainer - [156/190] Loss: 1.2010
2026/08/30 22:25:24 - __main__ - INFO - 167 - trainer - Average loss in epoch 50: 1.1600
2026/08/30 22:25:24 - __main__ - INFO - 117 - trainer - Epoch: 51
2026/08/30 22:25:24 - __main__ - INFO - 162 - trainer - [0/190] Loss: 1.1434
2026/08/30 22:25:30 - __main__ - INFO - 162 - trainer - [39/190] Loss: 1.1408
2026/08/30 22:25:35 - __main__ - INFO - 162 - trainer - [78/190] Loss: 1.1417
2026/08/30 22:25:40 - __main__ - INFO - 162 - trainer - [117/190] Loss: 1.1503
2026/08/30 22:25:46 - __main__ - INFO - 162 - trainer - [156/190] Loss: 1.1614
2026/08/30 22:25:50 - __main__ - INFO - 167 - trainer - Average loss in epoch 51: 1.1580
2026/08/30 22:25:50 - __main__ - INFO - 117 - trainer - Epoch: 52
2026/08/30 22:25:51 - __main__ - INFO - 162 - trainer - [0/190] Loss: 1.1528
2026/08/30 22:25:56 - __main__ - INFO - 162 - trainer - [39/190] Loss: 1.1633
2026/08/30 22:26:01 - __main__ - INFO - 162 - trainer - [78/190] Loss: 1.1601
2026/08/30 22:26:07 - __main__ - INFO - 162 - trainer - [117/190] Loss: 1.1755
2026/08/30 22:26:12 - __main__ - INFO - 162 - trainer - [156/190] Loss: 1.1304
2026/08/30 22:26:16 - __main__ - INFO - 167 - trainer - Average loss in epoch 52: 1.1546
2026/08/30 22:26:16 - __main__ - INFO - 117 - trainer - Epoch: 53
2026/08/30 22:26:17 - __main__ - INFO - 162 - trainer - [0/190] Loss: 1.1548
2026/08/30 22:26:22 - __main__ - INFO - 162 - trainer - [39/190] Loss: 1.1286
2026/08/30 22:26:27 - __main__ - INFO - 162 - trainer - [78/190] Loss: 1.1529
2026/08/30 22:26:32 - __main__ - INFO - 162 - trainer - [117/190] Loss: 1.1653
2026/08/30 22:26:37 - __main__ - INFO - 162 - trainer - [156/190] Loss: 1.1461
2026/08/30 22:26:41 - __main__ - INFO - 167 - trainer - Average loss in epoch 53: 1.1525
2026/08/30 22:26:41 - __main__ - INFO - 117 - trainer - Epoch: 54
2026/08/30 22:26:42 - __main__ - INFO - 162 - trainer - [0/190] Loss: 1.1301
2026/08/30 22:26:47 - __main__ - INFO - 162 - trainer - [39/190] Loss: 1.1416
2026/08/30 22:26:52 - __main__ - INFO - 162 - trainer - [78/190] Loss: 1.1582
2026/08/30 22:26:58 - __main__ - INFO - 162 - trainer - [117/190] Loss: 1.1533
2026/08/30 22:27:03 - __main__ - INFO - 162 - trainer - [156/190] Loss: 1.1567
2026/08/30 22:27:07 - __main__ - INFO - 167 - trainer - Average loss in epoch 54: 1.1505
2026/08/30 22:27:07 - __main__ - INFO - 117 - trainer - Epoch: 55
2026/08/30 22:27:08 - __main__ - INFO - 162 - trainer - [0/190] Loss: 1.1295
2026/08/30 22:27:13 - __main__ - INFO - 162 - trainer - [39/190] Loss: 1.1491
2026/08/30 22:27:18 - __main__ - INFO - 162 - trainer - [78/190] Loss: 1.1453
2026/08/30 22:27:24 - __main__ - INFO - 162 - trainer - [117/190] Loss: 1.1611
2026/08/30 22:27:29 - __main__ - INFO - 162 - trainer - [156/190] Loss: 1.1487
2026/08/30 22:27:33 - __main__ - INFO - 167 - trainer - Average loss in epoch 55: 1.1485
2026/08/30 22:27:33 - __main__ - INFO - 117 - trainer - Epoch: 56
2026/08/30 22:27:33 - __main__ - INFO - 162 - trainer - [0/190] Loss: 1.1268
2026/08/30 22:27:38 - __main__ - INFO - 162 - trainer - [39/190] Loss: 1.1381
2026/08/30 22:27:43 - __main__ - INFO - 162 - trainer - [78/190] Loss: 1.1392
2026/08/30 22:27:49 - __main__ - INFO - 162 - trainer - [117/190] Loss: 1.1281
2026/08/30 22:27:54 - __main__ - INFO - 162 - trainer - [156/190] Loss: 1.1635
2026/08/30 22:27:58 - __main__ - INFO - 167 - trainer - Average loss in epoch 56: 1.1464
2026/08/30 22:27:58 - __main__ - INFO - 117 - trainer - Epoch: 57
2026/08/30 22:27:58 - __main__ - INFO - 162 - trainer - [0/190] Loss: 1.1537
2026/08/30 22:28:03 - __main__ - INFO - 162 - trainer - [39/190] Loss: 1.1234
2026/08/30 22:28:09 - __main__ - INFO - 162 - trainer - [78/190] Loss: 1.1420
2026/08/30 22:28:14 - __main__ - INFO - 162 - trainer - [117/190] Loss: 1.1288
2026/08/30 22:28:20 - __main__ - INFO - 162 - trainer - [156/190] Loss: 1.1416
2026/08/30 22:28:24 - __main__ - INFO - 167 - trainer - Average loss in epoch 57: 1.1440
2026/08/30 22:28:24 - __main__ - INFO - 117 - trainer - Epoch: 58
2026/08/30 22:28:25 - __main__ - INFO - 162 - trainer - [0/190] Loss: 1.1298
2026/08/30 22:28:30 - __main__ - INFO - 162 - trainer - [39/190] Loss: 1.1177
2026/08/30 22:28:35 - __main__ - INFO - 162 - trainer - [78/190] Loss: 1.1007
2026/08/30 22:28:40 - __main__ - INFO - 162 - trainer - [117/190] Loss: 1.1327
2026/08/30 22:28:46 - __main__ - INFO - 162 - trainer - [156/190] Loss: 1.1431
2026/08/30 22:28:50 - __main__ - INFO - 167 - trainer - Average loss in epoch 58: 1.1425
2026/08/30 22:28:50 - __main__ - INFO - 117 - trainer - Epoch: 59
2026/08/30 22:28:51 - __main__ - INFO - 162 - trainer - [0/190] Loss: 1.1481
2026/08/30 22:28:56 - __main__ - INFO - 162 - trainer - [39/190] Loss: 1.1514
2026/08/30 22:29:01 - __main__ - INFO - 162 - trainer - [78/190] Loss: 1.1204
2026/08/30 22:29:07 - __main__ - INFO - 162 - trainer - [117/190] Loss: 1.1468
2026/08/30 22:29:12 - __main__ - INFO - 162 - trainer - [156/190] Loss: 1.1336
2026/08/30 22:29:16 - __main__ - INFO - 167 - trainer - Average loss in epoch 59: 1.1408
2026/08/30 22:29:16 - __main__ - INFO - 117 - trainer - Epoch: 60
2026/08/30 22:29:17 - __main__ - INFO - 162 - trainer - [0/190] Loss: 1.1277
2026/08/30 22:29:22 - __main__ - INFO - 162 - trainer - [39/190] Loss: 1.1474
2026/08/30 22:29:27 - __main__ - INFO - 162 - trainer - [78/190] Loss: 1.1337
2026/08/30 22:29:32 - __main__ - INFO - 162 - trainer - [117/190] Loss: 1.1266
2026/08/30 22:29:37 - __main__ - INFO - 162 - trainer - [156/190] Loss: 1.1378
2026/08/30 22:29:41 - __main__ - INFO - 167 - trainer - Average loss in epoch 60: 1.1388
2026/08/30 22:29:41 - __main__ - INFO - 173 - trainer - start predicting: 2026-08-30 22:29:41.695056
2026/08/30 22:29:44 - __main__ - INFO - 203 - trainer - {'Best_HR@5': np.float64(9.3888), 'Best_HR@10': np.float64(15.6277), 'Best_HR@20': np.float64(25.963), 'Best_NDCG@5': np.float64(5.6763), 'Best_NDCG@10': np.float64(7.7192), 'Best_NDCG@20': np.float64(10.3419)}
2026/08/30 22:29:44 - __main__ - INFO - 204 - trainer - {'Best_epoch_HR@5': 60, 'Best_epoch_HR@10': 60, 'Best_epoch_HR@20': 60, 'Best_epoch_NDCG@5': 60, 'Best_epoch_NDCG@10': 60, 'Best_epoch_NDCG@20': 60}
2026/08/30 22:29:44 - __main__ - INFO - 117 - trainer - Epoch: 61
2026/08/30 22:29:44 - __main__ - INFO - 162 - trainer - [0/190] Loss: 1.1439
2026/08/30 22:29:49 - __main__ - INFO - 162 - trainer - [39/190] Loss: 1.1332
2026/08/30 22:29:54 - __main__ - INFO - 162 - trainer - [78/190] Loss: 1.1551
2026/08/30 22:29:59 - __main__ - INFO - 162 - trainer - [117/190] Loss: 1.1442
2026/08/30 22:30:04 - __main__ - INFO - 162 - trainer - [156/190] Loss: 1.1446
2026/08/30 22:30:08 - __main__ - INFO - 167 - trainer - Average loss in epoch 61: 1.1378
2026/08/30 22:30:08 - __main__ - INFO - 117 - trainer - Epoch: 62
2026/08/30 22:30:08 - __main__ - INFO - 162 - trainer - [0/190] Loss: 1.1447
2026/08/30 22:30:13 - __main__ - INFO - 162 - trainer - [39/190] Loss: 1.1630
2026/08/30 22:30:18 - __main__ - INFO - 162 - trainer - [78/190] Loss: 1.1560
2026/08/30 22:30:24 - __main__ - INFO - 162 - trainer - [117/190] Loss: 1.1485
2026/08/30 22:30:29 - __main__ - INFO - 162 - trainer - [156/190] Loss: 1.1474
2026/08/30 22:30:33 - __main__ - INFO - 167 - trainer - Average loss in epoch 62: 1.1359
2026/08/30 22:30:33 - __main__ - INFO - 117 - trainer - Epoch: 63
2026/08/30 22:30:33 - __main__ - INFO - 162 - trainer - [0/190] Loss: 1.1636
2026/08/30 22:30:38 - __main__ - INFO - 162 - trainer - [39/190] Loss: 1.1211
2026/08/30 22:30:43 - __main__ - INFO - 162 - trainer - [78/190] Loss: 1.1072
2026/08/30 22:30:48 - __main__ - INFO - 162 - trainer - [117/190] Loss: 1.1335
2026/08/30 22:30:53 - __main__ - INFO - 162 - trainer - [156/190] Loss: 1.1369
2026/08/30 22:30:57 - __main__ - INFO - 167 - trainer - Average loss in epoch 63: 1.1340
2026/08/30 22:30:57 - __main__ - INFO - 117 - trainer - Epoch: 64
2026/08/30 22:30:57 - __main__ - INFO - 162 - trainer - [0/190] Loss: 1.1160
2026/08/30 22:31:02 - __main__ - INFO - 162 - trainer - [39/190] Loss: 1.1652
2026/08/30 22:31:07 - __main__ - INFO - 162 - trainer - [78/190] Loss: 1.1248
2026/08/30 22:31:13 - __main__ - INFO - 162 - trainer - [117/190] Loss: 1.1099
2026/08/30 22:31:18 - __main__ - INFO - 162 - trainer - [156/190] Loss: 1.1341
2026/08/30 22:31:22 - __main__ - INFO - 167 - trainer - Average loss in epoch 64: 1.1326
2026/08/30 22:31:22 - __main__ - INFO - 117 - trainer - Epoch: 65
2026/08/30 22:31:22 - __main__ - INFO - 162 - trainer - [0/190] Loss: 1.1375
2026/08/30 22:31:27 - __main__ - INFO - 162 - trainer - [39/190] Loss: 1.1279
2026/08/30 22:31:32 - __main__ - INFO - 162 - trainer - [78/190] Loss: 1.1239
2026/08/30 22:31:37 - __main__ - INFO - 162 - trainer - [117/190] Loss: 1.1409
2026/08/30 22:31:42 - __main__ - INFO - 162 - trainer - [156/190] Loss: 1.1484
2026/08/30 22:31:46 - __main__ - INFO - 167 - trainer - Average loss in epoch 65: 1.1309
2026/08/30 22:31:46 - __main__ - INFO - 117 - trainer - Epoch: 66
2026/08/30 22:31:47 - __main__ - INFO - 162 - trainer - [0/190] Loss: 1.1252
2026/08/30 22:31:52 - __main__ - INFO - 162 - trainer - [39/190] Loss: 1.1127
2026/08/30 22:31:57 - __main__ - INFO - 162 - trainer - [78/190] Loss: 1.1115
2026/08/30 22:32:02 - __main__ - INFO - 162 - trainer - [117/190] Loss: 1.1327
2026/08/30 22:32:07 - __main__ - INFO - 162 - trainer - [156/190] Loss: 1.1374
2026/08/30 22:32:11 - __main__ - INFO - 167 - trainer - Average loss in epoch 66: 1.1298
2026/08/30 22:32:11 - __main__ - INFO - 117 - trainer - Epoch: 67
2026/08/30 22:32:11 - __main__ - INFO - 162 - trainer - [0/190] Loss: 1.1096
2026/08/30 22:32:16 - __main__ - INFO - 162 - trainer - [39/190] Loss: 1.1154
2026/08/30 22:32:21 - __main__ - INFO - 162 - trainer - [78/190] Loss: 1.1324
2026/08/30 22:32:26 - __main__ - INFO - 162 - trainer - [117/190] Loss: 1.1243
2026/08/30 22:32:31 - __main__ - INFO - 162 - trainer - [156/190] Loss: 1.1279
2026/08/30 22:32:36 - __main__ - INFO - 167 - trainer - Average loss in epoch 67: 1.1288
2026/08/30 22:32:36 - __main__ - INFO - 117 - trainer - Epoch: 68
2026/08/30 22:32:36 - __main__ - INFO - 162 - trainer - [0/190] Loss: 1.1069
2026/08/30 22:32:41 - __main__ - INFO - 162 - trainer - [39/190] Loss: 1.1339
2026/08/30 22:32:46 - __main__ - INFO - 162 - trainer - [78/190] Loss: 1.1228
2026/08/30 22:32:51 - __main__ - INFO - 162 - trainer - [117/190] Loss: 1.1435
2026/08/30 22:32:56 - __main__ - INFO - 162 - trainer - [156/190] Loss: 1.1060
2026/08/30 22:33:00 - __main__ - INFO - 167 - trainer - Average loss in epoch 68: 1.1274
2026/08/30 22:33:00 - __main__ - INFO - 117 - trainer - Epoch: 69
2026/08/30 22:33:00 - __main__ - INFO - 162 - trainer - [0/190] Loss: 1.0951
2026/08/30 22:33:05 - __main__ - INFO - 162 - trainer - [39/190] Loss: 1.1350
2026/08/30 22:33:10 - __main__ - INFO - 162 - trainer - [78/190] Loss: 1.1191
2026/08/30 22:33:15 - __main__ - INFO - 162 - trainer - [117/190] Loss: 1.1129
2026/08/30 22:33:20 - __main__ - INFO - 162 - trainer - [156/190] Loss: 1.1362
2026/08/30 22:33:25 - __main__ - INFO - 167 - trainer - Average loss in epoch 69: 1.1259
2026/08/30 22:33:25 - __main__ - INFO - 117 - trainer - Epoch: 70
2026/08/30 22:33:25 - __main__ - INFO - 162 - trainer - [0/190] Loss: 1.1016
2026/08/30 22:33:30 - __main__ - INFO - 162 - trainer - [39/190] Loss: 1.1063
2026/08/30 22:33:35 - __main__ - INFO - 162 - trainer - [78/190] Loss: 1.1373
2026/08/30 22:33:40 - __main__ - INFO - 162 - trainer - [117/190] Loss: 1.1356
2026/08/30 22:33:45 - __main__ - INFO - 162 - trainer - [156/190] Loss: 1.1369
2026/08/30 22:33:49 - __main__ - INFO - 167 - trainer - Average loss in epoch 70: 1.1249
2026/08/30 22:33:49 - __main__ - INFO - 117 - trainer - Epoch: 71
2026/08/30 22:33:49 - __main__ - INFO - 162 - trainer - [0/190] Loss: 1.1335
2026/08/30 22:33:54 - __main__ - INFO - 162 - trainer - [39/190] Loss: 1.1308
2026/08/30 22:33:59 - __main__ - INFO - 162 - trainer - [78/190] Loss: 1.1282
2026/08/30 22:34:04 - __main__ - INFO - 162 - trainer - [117/190] Loss: 1.1163
2026/08/30 22:34:09 - __main__ - INFO - 162 - trainer - [156/190] Loss: 1.1156
2026/08/30 22:34:14 - __main__ - INFO - 167 - trainer - Average loss in epoch 71: 1.1230
2026/08/30 22:34:14 - __main__ - INFO - 117 - trainer - Epoch: 72
2026/08/30 22:34:14 - __main__ - INFO - 162 - trainer - [0/190] Loss: 1.1194
2026/08/30 22:34:19 - __main__ - INFO - 162 - trainer - [39/190] Loss: 1.0967
2026/08/30 22:34:24 - __main__ - INFO - 162 - trainer - [78/190] Loss: 1.1231
2026/08/30 22:34:29 - __main__ - INFO - 162 - trainer - [117/190] Loss: 1.1259
2026/08/30 22:34:34 - __main__ - INFO - 162 - trainer - [156/190] Loss: 1.1449
2026/08/30 22:34:38 - __main__ - INFO - 167 - trainer - Average loss in epoch 72: 1.1219
2026/08/30 22:34:38 - __main__ - INFO - 117 - trainer - Epoch: 73
2026/08/30 22:34:38 - __main__ - INFO - 162 - trainer - [0/190] Loss: 1.1282
2026/08/30 22:34:43 - __main__ - INFO - 162 - trainer - [39/190] Loss: 1.1051
2026/08/30 22:34:48 - __main__ - INFO - 162 - trainer - [78/190] Loss: 1.1095
2026/08/30 22:34:53 - __main__ - INFO - 162 - trainer - [117/190] Loss: 1.1178
2026/08/30 22:34:59 - __main__ - INFO - 162 - trainer - [156/190] Loss: 1.1304
2026/08/30 22:35:03 - __main__ - INFO - 167 - trainer - Average loss in epoch 73: 1.1209
2026/08/30 22:35:03 - __main__ - INFO - 117 - trainer - Epoch: 74
2026/08/30 22:35:03 - __main__ - INFO - 162 - trainer - [0/190] Loss: 1.1223
2026/08/30 22:35:08 - __main__ - INFO - 162 - trainer - [39/190] Loss: 1.1098
2026/08/30 22:35:13 - __main__ - INFO - 162 - trainer - [78/190] Loss: 1.1288
2026/08/30 22:35:18 - __main__ - INFO - 162 - trainer - [117/190] Loss: 1.1083
2026/08/30 22:35:23 - __main__ - INFO - 162 - trainer - [156/190] Loss: 1.1039
2026/08/30 22:35:27 - __main__ - INFO - 167 - trainer - Average loss in epoch 74: 1.1197
2026/08/30 22:35:27 - __main__ - INFO - 117 - trainer - Epoch: 75
2026/08/30 22:35:28 - __main__ - INFO - 162 - trainer - [0/190] Loss: 1.0973
2026/08/30 22:35:33 - __main__ - INFO - 162 - trainer - [39/190] Loss: 1.1320
2026/08/30 22:35:37 - __main__ - INFO - 162 - trainer - [78/190] Loss: 1.1284
2026/08/30 22:35:42 - __main__ - INFO - 162 - trainer - [117/190] Loss: 1.1315
2026/08/30 22:35:47 - __main__ - INFO - 162 - trainer - [156/190] Loss: 1.1116
2026/08/30 22:35:52 - __main__ - INFO - 167 - trainer - Average loss in epoch 75: 1.1184
2026/08/30 22:35:52 - __main__ - INFO - 117 - trainer - Epoch: 76
2026/08/30 22:35:52 - __main__ - INFO - 162 - trainer - [0/190] Loss: 1.0985
2026/08/30 22:35:57 - __main__ - INFO - 162 - trainer - [39/190] Loss: 1.1275
2026/08/30 22:36:02 - __main__ - INFO - 162 - trainer - [78/190] Loss: 1.1029
2026/08/30 22:36:07 - __main__ - INFO - 162 - trainer - [117/190] Loss: 1.1079
2026/08/30 22:36:12 - __main__ - INFO - 162 - trainer - [156/190] Loss: 1.1256
2026/08/30 22:36:16 - __main__ - INFO - 167 - trainer - Average loss in epoch 76: 1.1177
2026/08/30 22:36:16 - __main__ - INFO - 117 - trainer - Epoch: 77
2026/08/30 22:36:16 - __main__ - INFO - 162 - trainer - [0/190] Loss: 1.1334
2026/08/30 22:36:21 - __main__ - INFO - 162 - trainer - [39/190] Loss: 1.1178
2026/08/30 22:36:26 - __main__ - INFO - 162 - trainer - [78/190] Loss: 1.1168
2026/08/30 22:36:31 - __main__ - INFO - 162 - trainer - [117/190] Loss: 1.1161
2026/08/30 22:36:37 - __main__ - INFO - 162 - trainer - [156/190] Loss: 1.1235
2026/08/30 22:36:41 - __main__ - INFO - 167 - trainer - Average loss in epoch 77: 1.1165
2026/08/30 22:36:41 - __main__ - INFO - 117 - trainer - Epoch: 78
2026/08/30 22:36:41 - __main__ - INFO - 162 - trainer - [0/190] Loss: 1.1197
2026/08/30 22:36:46 - __main__ - INFO - 162 - trainer - [39/190] Loss: 1.1246
2026/08/30 22:36:51 - __main__ - INFO - 162 - trainer - [78/190] Loss: 1.1299
2026/08/30 22:36:56 - __main__ - INFO - 162 - trainer - [117/190] Loss: 1.1283
2026/08/30 22:37:01 - __main__ - INFO - 162 - trainer - [156/190] Loss: 1.1108
2026/08/30 22:37:05 - __main__ - INFO - 167 - trainer - Average loss in epoch 78: 1.1160
2026/08/30 22:37:05 - __main__ - INFO - 117 - trainer - Epoch: 79
2026/08/30 22:37:06 - __main__ - INFO - 162 - trainer - [0/190] Loss: 1.1374
2026/08/30 22:37:11 - __main__ - INFO - 162 - trainer - [39/190] Loss: 1.1138
2026/08/30 22:37:16 - __main__ - INFO - 162 - trainer - [78/190] Loss: 1.1345
2026/08/30 22:37:21 - __main__ - INFO - 162 - trainer - [117/190] Loss: 1.0946
2026/08/30 22:37:26 - __main__ - INFO - 162 - trainer - [156/190] Loss: 1.1322
2026/08/30 22:37:30 - __main__ - INFO - 167 - trainer - Average loss in epoch 79: 1.1145
2026/08/30 22:37:30 - __main__ - INFO - 117 - trainer - Epoch: 80
2026/08/30 22:37:30 - __main__ - INFO - 162 - trainer - [0/190] Loss: 1.1004
2026/08/30 22:37:35 - __main__ - INFO - 162 - trainer - [39/190] Loss: 1.1115
2026/08/30 22:37:40 - __main__ - INFO - 162 - trainer - [78/190] Loss: 1.1101
2026/08/30 22:37:45 - __main__ - INFO - 162 - trainer - [117/190] Loss: 1.1216
2026/08/30 22:37:50 - __main__ - INFO - 162 - trainer - [156/190] Loss: 1.1299
2026/08/30 22:37:54 - __main__ - INFO - 167 - trainer - Average loss in epoch 80: 1.1129
2026/08/30 22:37:54 - __main__ - INFO - 173 - trainer - start predicting: 2026-08-30 22:37:54.863205
2026/08/30 22:37:56 - __main__ - INFO - 203 - trainer - {'Best_HR@5': np.float64(9.6575), 'Best_HR@10': np.float64(16.464), 'Best_HR@20': np.float64(26.2376), 'Best_NDCG@5': np.float64(5.7933), 'Best_NDCG@10': np.float64(7.9544), 'Best_NDCG@20': np.float64(10.3985)}
2026/08/30 22:37:56 - __main__ - INFO - 204 - trainer - {'Best_epoch_HR@5': 80, 'Best_epoch_HR@10': 80, 'Best_epoch_HR@20': 80, 'Best_epoch_NDCG@5': 80, 'Best_epoch_NDCG@10': 80, 'Best_epoch_NDCG@20': 80}
2026/08/30 22:37:56 - __main__ - INFO - 117 - trainer - Epoch: 81
2026/08/30 22:37:56 - __main__ - INFO - 162 - trainer - [0/190] Loss: 1.1015
2026/08/30 22:38:02 - __main__ - INFO - 162 - trainer - [39/190] Loss: 1.0866
2026/08/30 22:38:08 - __main__ - INFO - 162 - trainer - [78/190] Loss: 1.0994
2026/08/30 22:38:13 - __main__ - INFO - 162 - trainer - [117/190] Loss: 1.1237
2026/08/30 22:38:19 - __main__ - INFO - 162 - trainer - [156/190] Loss: 1.1172
2026/08/30 22:38:23 - __main__ - INFO - 167 - trainer - Average loss in epoch 81: 1.1128
2026/08/30 22:38:23 - __main__ - INFO - 117 - trainer - Epoch: 82
2026/08/30 22:38:23 - __main__ - INFO - 162 - trainer - [0/190] Loss: 1.1079
2026/08/30 22:38:29 - __main__ - INFO - 162 - trainer - [39/190] Loss: 1.1228
2026/08/30 22:38:34 - __main__ - INFO - 162 - trainer - [78/190] Loss: 1.1079
2026/08/30 22:38:40 - __main__ - INFO - 162 - trainer - [117/190] Loss: 1.0999
2026/08/30 22:38:45 - __main__ - INFO - 162 - trainer - [156/190] Loss: 1.1033
2026/08/30 22:38:49 - __main__ - INFO - 167 - trainer - Average loss in epoch 82: 1.1110
2026/08/30 22:38:49 - __main__ - INFO - 117 - trainer - Epoch: 83
2026/08/30 22:38:50 - __main__ - INFO - 162 - trainer - [0/190] Loss: 1.1063
2026/08/30 22:38:55 - __main__ - INFO - 162 - trainer - [39/190] Loss: 1.1188
2026/08/30 22:39:00 - __main__ - INFO - 162 - trainer - [78/190] Loss: 1.0947
2026/08/30 22:39:06 - __main__ - INFO - 162 - trainer - [117/190] Loss: 1.0947
2026/08/30 22:39:11 - __main__ - INFO - 162 - trainer - [156/190] Loss: 1.1049
2026/08/30 22:39:15 - __main__ - INFO - 167 - trainer - Average loss in epoch 83: 1.1095
2026/08/30 22:39:15 - __main__ - INFO - 117 - trainer - Epoch: 84
2026/08/30 22:39:16 - __main__ - INFO - 162 - trainer - [0/190] Loss: 1.1124
2026/08/30 22:39:21 - __main__ - INFO - 162 - trainer - [39/190] Loss: 1.0956
2026/08/30 22:39:26 - __main__ - INFO - 162 - trainer - [78/190] Loss: 1.0918
2026/08/30 22:39:32 - __main__ - INFO - 162 - trainer - [117/190] Loss: 1.1169
2026/08/30 22:39:37 - __main__ - INFO - 162 - trainer - [156/190] Loss: 1.1081
2026/08/30 22:39:42 - __main__ - INFO - 167 - trainer - Average loss in epoch 84: 1.1091
2026/08/30 22:39:42 - __main__ - INFO - 117 - trainer - Epoch: 85
2026/08/30 22:39:42 - __main__ - INFO - 162 - trainer - [0/190] Loss: 1.0863
2026/08/30 22:39:47 - __main__ - INFO - 162 - trainer - [39/190] Loss: 1.1234
2026/08/30 22:39:53 - __main__ - INFO - 162 - trainer - [78/190] Loss: 1.1102
2026/08/30 22:39:58 - __main__ - INFO - 162 - trainer - [117/190] Loss: 1.1106
2026/08/30 22:40:03 - __main__ - INFO - 162 - trainer - [156/190] Loss: 1.0999
2026/08/30 22:40:08 - __main__ - INFO - 167 - trainer - Average loss in epoch 85: 1.1089
2026/08/30 22:40:08 - __main__ - INFO - 117 - trainer - Epoch: 86
2026/08/30 22:40:08 - __main__ - INFO - 162 - trainer - [0/190] Loss: 1.1081
2026/08/30 22:40:13 - __main__ - INFO - 162 - trainer - [39/190] Loss: 1.0748
2026/08/30 22:40:19 - __main__ - INFO - 162 - trainer - [78/190] Loss: 1.1189
2026/08/30 22:40:24 - __main__ - INFO - 162 - trainer - [117/190] Loss: 1.1056
2026/08/30 22:40:29 - __main__ - INFO - 162 - trainer - [156/190] Loss: 1.0990
2026/08/30 22:40:34 - __main__ - INFO - 167 - trainer - Average loss in epoch 86: 1.1073
2026/08/30 22:40:34 - __main__ - INFO - 117 - trainer - Epoch: 87
2026/08/30 22:40:34 - __main__ - INFO - 162 - trainer - [0/190] Loss: 1.0854
2026/08/30 22:40:39 - __main__ - INFO - 162 - trainer - [39/190] Loss: 1.1120
2026/08/30 22:40:45 - __main__ - INFO - 162 - trainer - [78/190] Loss: 1.0848
2026/08/30 22:40:50 - __main__ - INFO - 162 - trainer - [117/190] Loss: 1.0944
2026/08/30 22:40:55 - __main__ - INFO - 162 - trainer - [156/190] Loss: 1.1274
2026/08/30 22:41:00 - __main__ - INFO - 167 - trainer - Average loss in epoch 87: 1.1063
2026/08/30 22:41:00 - __main__ - INFO - 117 - trainer - Epoch: 88
2026/08/30 22:41:00 - __main__ - INFO - 162 - trainer - [0/190] Loss: 1.1055
2026/08/30 22:41:05 - __main__ - INFO - 162 - trainer - [39/190] Loss: 1.1117
2026/08/30 22:41:10 - __main__ - INFO - 162 - trainer - [78/190] Loss: 1.1075
2026/08/30 22:41:16 - __main__ - INFO - 162 - trainer - [117/190] Loss: 1.1221
2026/08/30 22:41:21 - __main__ - INFO - 162 - trainer - [156/190] Loss: 1.1141
2026/08/30 22:41:25 - __main__ - INFO - 167 - trainer - Average loss in epoch 88: 1.1053
2026/08/30 22:41:25 - __main__ - INFO - 117 - trainer - Epoch: 89
2026/08/30 22:41:25 - __main__ - INFO - 162 - trainer - [0/190] Loss: 1.0910
2026/08/30 22:41:31 - __main__ - INFO - 162 - trainer - [39/190] Loss: 1.1264
2026/08/30 22:41:36 - __main__ - INFO - 162 - trainer - [78/190] Loss: 1.1100
2026/08/30 22:41:41 - __main__ - INFO - 162 - trainer - [117/190] Loss: 1.1333
2026/08/30 22:41:47 - __main__ - INFO - 162 - trainer - [156/190] Loss: 1.0952
2026/08/30 22:41:51 - __main__ - INFO - 167 - trainer - Average loss in epoch 89: 1.1047
2026/08/30 22:41:51 - __main__ - INFO - 117 - trainer - Epoch: 90
2026/08/30 22:41:51 - __main__ - INFO - 162 - trainer - [0/190] Loss: 1.1107
2026/08/30 22:41:57 - __main__ - INFO - 162 - trainer - [39/190] Loss: 1.1252
2026/08/30 22:42:02 - __main__ - INFO - 162 - trainer - [78/190] Loss: 1.1258
2026/08/30 22:42:08 - __main__ - INFO - 162 - trainer - [117/190] Loss: 1.0989
2026/08/30 22:42:13 - __main__ - INFO - 162 - trainer - [156/190] Loss: 1.1057
2026/08/30 22:42:18 - __main__ - INFO - 167 - trainer - Average loss in epoch 90: 1.1037
2026/08/30 22:42:18 - __main__ - INFO - 117 - trainer - Epoch: 91
2026/08/30 22:42:18 - __main__ - INFO - 162 - trainer - [0/190] Loss: 1.1010
2026/08/30 22:42:23 - __main__ - INFO - 162 - trainer - [39/190] Loss: 1.1095
2026/08/30 22:42:29 - __main__ - INFO - 162 - trainer - [78/190] Loss: 1.0778
2026/08/30 22:42:34 - __main__ - INFO - 162 - trainer - [117/190] Loss: 1.1258
2026/08/30 22:42:40 - __main__ - INFO - 162 - trainer - [156/190] Loss: 1.1190
2026/08/30 22:42:44 - __main__ - INFO - 167 - trainer - Average loss in epoch 91: 1.1030
2026/08/30 22:42:44 - __main__ - INFO - 117 - trainer - Epoch: 92
2026/08/30 22:42:44 - __main__ - INFO - 162 - trainer - [0/190] Loss: 1.1022
2026/08/30 22:42:50 - __main__ - INFO - 162 - trainer - [39/190] Loss: 1.0998
2026/08/30 22:42:55 - __main__ - INFO - 162 - trainer - [78/190] Loss: 1.0996
2026/08/30 22:43:01 - __main__ - INFO - 162 - trainer - [117/190] Loss: 1.1323
2026/08/30 22:43:06 - __main__ - INFO - 162 - trainer - [156/190] Loss: 1.1195
2026/08/30 22:43:10 - __main__ - INFO - 167 - trainer - Average loss in epoch 92: 1.1021
2026/08/30 22:43:10 - __main__ - INFO - 117 - trainer - Epoch: 93
2026/08/30 22:43:11 - __main__ - INFO - 162 - trainer - [0/190] Loss: 1.0878
2026/08/30 22:43:16 - __main__ - INFO - 162 - trainer - [39/190] Loss: 1.0846
2026/08/30 22:43:22 - __main__ - INFO - 162 - trainer - [78/190] Loss: 1.1075
2026/08/30 22:43:27 - __main__ - INFO - 162 - trainer - [117/190] Loss: 1.1212
2026/08/30 22:43:33 - __main__ - INFO - 162 - trainer - [156/190] Loss: 1.0920
2026/08/30 22:43:37 - __main__ - INFO - 167 - trainer - Average loss in epoch 93: 1.1010
2026/08/30 22:43:37 - __main__ - INFO - 117 - trainer - Epoch: 94
2026/08/30 22:43:38 - __main__ - INFO - 162 - trainer - [0/190] Loss: 1.1105
2026/08/30 22:43:43 - __main__ - INFO - 162 - trainer - [39/190] Loss: 1.0933
2026/08/30 22:43:48 - __main__ - INFO - 162 - trainer - [78/190] Loss: 1.0942
2026/08/30 22:43:53 - __main__ - INFO - 162 - trainer - [117/190] Loss: 1.1018
2026/08/30 22:43:59 - __main__ - INFO - 162 - trainer - [156/190] Loss: 1.0977
2026/08/30 22:44:03 - __main__ - INFO - 167 - trainer - Average loss in epoch 94: 1.0997
2026/08/30 22:44:03 - __main__ - INFO - 117 - trainer - Epoch: 95
2026/08/30 22:44:03 - __main__ - INFO - 162 - trainer - [0/190] Loss: 1.0903
2026/08/30 22:44:09 - __main__ - INFO - 162 - trainer - [39/190] Loss: 1.0961
2026/08/30 22:44:14 - __main__ - INFO - 162 - trainer - [78/190] Loss: 1.1079
2026/08/30 22:44:19 - __main__ - INFO - 162 - trainer - [117/190] Loss: 1.1091
2026/08/30 22:44:25 - __main__ - INFO - 162 - trainer - [156/190] Loss: 1.1009
2026/08/30 22:44:30 - __main__ - INFO - 167 - trainer - Average loss in epoch 95: 1.0998
2026/08/30 22:44:30 - __main__ - INFO - 117 - trainer - Epoch: 96
2026/08/30 22:44:30 - __main__ - INFO - 162 - trainer - [0/190] Loss: 1.1085
2026/08/30 22:44:35 - __main__ - INFO - 162 - trainer - [39/190] Loss: 1.0905
2026/08/30 22:44:41 - __main__ - INFO - 162 - trainer - [78/190] Loss: 1.0995
2026/08/30 22:44:46 - __main__ - INFO - 162 - trainer - [117/190] Loss: 1.0892
2026/08/30 22:44:51 - __main__ - INFO - 162 - trainer - [156/190] Loss: 1.0988
2026/08/30 22:44:56 - __main__ - INFO - 167 - trainer - Average loss in epoch 96: 1.0992
2026/08/30 22:44:56 - __main__ - INFO - 117 - trainer - Epoch: 97
2026/08/30 22:44:56 - __main__ - INFO - 162 - trainer - [0/190] Loss: 1.0906
2026/08/30 22:45:01 - __main__ - INFO - 162 - trainer - [39/190] Loss: 1.0902
2026/08/30 22:45:07 - __main__ - INFO - 162 - trainer - [78/190] Loss: 1.0924
2026/08/30 22:45:12 - __main__ - INFO - 162 - trainer - [117/190] Loss: 1.0947
2026/08/30 22:45:18 - __main__ - INFO - 162 - trainer - [156/190] Loss: 1.1059
2026/08/30 22:45:22 - __main__ - INFO - 167 - trainer - Average loss in epoch 97: 1.0975
2026/08/30 22:45:22 - __main__ - INFO - 117 - trainer - Epoch: 98
2026/08/30 22:45:23 - __main__ - INFO - 162 - trainer - [0/190] Loss: 1.1084
2026/08/30 22:45:28 - __main__ - INFO - 162 - trainer - [39/190] Loss: 1.1027
2026/08/30 22:45:34 - __main__ - INFO - 162 - trainer - [78/190] Loss: 1.0780
2026/08/30 22:45:39 - __main__ - INFO - 162 - trainer - [117/190] Loss: 1.1048
2026/08/30 22:45:44 - __main__ - INFO - 162 - trainer - [156/190] Loss: 1.1050
2026/08/30 22:45:49 - __main__ - INFO - 167 - trainer - Average loss in epoch 98: 1.0970
2026/08/30 22:45:49 - __main__ - INFO - 117 - trainer - Epoch: 99
2026/08/30 22:45:49 - __main__ - INFO - 162 - trainer - [0/190] Loss: 1.0812
2026/08/30 22:45:55 - __main__ - INFO - 162 - trainer - [39/190] Loss: 1.0930
2026/08/30 22:46:00 - __main__ - INFO - 162 - trainer - [78/190] Loss: 1.1337
2026/08/30 22:46:05 - __main__ - INFO - 162 - trainer - [117/190] Loss: 1.1110
2026/08/30 22:46:10 - __main__ - INFO - 162 - trainer - [156/190] Loss: 1.0885
2026/08/30 22:46:15 - __main__ - INFO - 167 - trainer - Average loss in epoch 99: 1.0963
2026/08/30 22:46:15 - __main__ - INFO - 117 - trainer - Epoch: 100
2026/08/30 22:46:15 - __main__ - INFO - 162 - trainer - [0/190] Loss: 1.0882
2026/08/30 22:46:20 - __main__ - INFO - 162 - trainer - [39/190] Loss: 1.0774
2026/08/30 22:46:26 - __main__ - INFO - 162 - trainer - [78/190] Loss: 1.0936
2026/08/30 22:46:31 - __main__ - INFO - 162 - trainer - [117/190] Loss: 1.0803
2026/08/30 22:46:37 - __main__ - INFO - 162 - trainer - [156/190] Loss: 1.0618
2026/08/30 22:46:41 - __main__ - INFO - 167 - trainer - Average loss in epoch 100: 1.0858
2026/08/30 22:46:41 - __main__ - INFO - 173 - trainer - start predicting: 2026-08-30 22:46:41.560745
2026/08/30 22:46:44 - __main__ - INFO - 203 - trainer - {'Best_HR@5': np.float64(9.9446), 'Best_HR@10': np.float64(16.464), 'Best_HR@20': np.float64(26.2376), 'Best_NDCG@5': np.float64(5.9372), 'Best_NDCG@10': np.float64(7.9544), 'Best_NDCG@20': np.float64(10.3985)}
2026/08/30 22:46:44 - __main__ - INFO - 204 - trainer - {'Best_epoch_HR@5': 100, 'Best_epoch_HR@10': 80, 'Best_epoch_HR@20': 80, 'Best_epoch_NDCG@5': 100, 'Best_epoch_NDCG@10': 80, 'Best_epoch_NDCG@20': 80}
2026/08/30 22:46:44 - __main__ - INFO - 117 - trainer - Epoch: 101
2026/08/30 22:46:44 - __main__ - INFO - 162 - trainer - [0/190] Loss: 1.0611
2026/08/30 22:46:49 - __main__ - INFO - 162 - trainer - [39/190] Loss: 1.0783
2026/08/30 22:46:54 - __main__ - INFO - 162 - trainer - [78/190] Loss: 1.0817
2026/08/30 22:46:59 - __main__ - INFO - 162 - trainer - [117/190] Loss: 1.0846
2026/08/30 22:47:04 - __main__ - INFO - 162 - trainer - [156/190] Loss: 1.0811
2026/08/30 22:47:09 - __main__ - INFO - 167 - trainer - Average loss in epoch 101: 1.0834
2026/08/30 22:47:09 - __main__ - INFO - 117 - trainer - Epoch: 102
2026/08/30 22:47:09 - __main__ - INFO - 162 - trainer - [0/190] Loss: 1.0794
2026/08/30 22:47:14 - __main__ - INFO - 162 - trainer - [39/190] Loss: 1.0768
2026/08/30 22:47:19 - __main__ - INFO - 162 - trainer - [78/190] Loss: 1.0691
2026/08/30 22:47:25 - __main__ - INFO - 162 - trainer - [117/190] Loss: 1.0659
2026/08/30 22:47:30 - __main__ - INFO - 162 - trainer - [156/190] Loss: 1.1054
2026/08/30 22:47:34 - __main__ - INFO - 167 - trainer - Average loss in epoch 102: 1.0826
2026/08/30 22:47:34 - __main__ - INFO - 117 - trainer - Epoch: 103
2026/08/30 22:47:34 - __main__ - INFO - 162 - trainer - [0/190] Loss: 1.0901
2026/08/30 22:47:39 - __main__ - INFO - 162 - trainer - [39/190] Loss: 1.0755
2026/08/30 22:47:45 - __main__ - INFO - 162 - trainer - [78/190] Loss: 1.1030
2026/08/30 22:47:50 - __main__ - INFO - 162 - trainer - [117/190] Loss: 1.0801
2026/08/30 22:47:56 - __main__ - INFO - 162 - trainer - [156/190] Loss: 1.0823
2026/08/30 22:48:00 - __main__ - INFO - 167 - trainer - Average loss in epoch 103: 1.0819
2026/08/30 22:48:00 - __main__ - INFO - 117 - trainer - Epoch: 104
2026/08/30 22:48:00 - __main__ - INFO - 162 - trainer - [0/190] Loss: 1.0766
2026/08/30 22:48:05 - __main__ - INFO - 162 - trainer - [39/190] Loss: 1.0804
2026/08/30 22:48:10 - __main__ - INFO - 162 - trainer - [78/190] Loss: 1.0926
2026/08/30 22:48:16 - __main__ - INFO - 162 - trainer - [117/190] Loss: 1.0961
2026/08/30 22:48:21 - __main__ - INFO - 162 - trainer - [156/190] Loss: 1.0785
2026/08/30 22:48:25 - __main__ - INFO - 167 - trainer - Average loss in epoch 104: 1.0806
2026/08/30 22:48:25 - __main__ - INFO - 117 - trainer - Epoch: 105
2026/08/30 22:48:26 - __main__ - INFO - 162 - trainer - [0/190] Loss: 1.0694
2026/08/30 22:48:31 - __main__ - INFO - 162 - trainer - [39/190] Loss: 1.0744
2026/08/30 22:48:36 - __main__ - INFO - 162 - trainer - [78/190] Loss: 1.0861
2026/08/30 22:48:41 - __main__ - INFO - 162 - trainer - [117/190] Loss: 1.1075
2026/08/30 22:48:46 - __main__ - INFO - 162 - trainer - [156/190] Loss: 1.0836
2026/08/30 22:48:51 - __main__ - INFO - 167 - trainer - Average loss in epoch 105: 1.0803
2026/08/30 22:48:51 - __main__ - INFO - 117 - trainer - Epoch: 106
2026/08/30 22:48:51 - __main__ - INFO - 162 - trainer - [0/190] Loss: 1.0755
2026/08/30 22:48:56 - __main__ - INFO - 162 - trainer - [39/190] Loss: 1.0844
2026/08/30 22:49:01 - __main__ - INFO - 162 - trainer - [78/190] Loss: 1.0913
2026/08/30 22:49:06 - __main__ - INFO - 162 - trainer - [117/190] Loss: 1.0780
2026/08/30 22:49:12 - __main__ - INFO - 162 - trainer - [156/190] Loss: 1.0663
2026/08/30 22:49:16 - __main__ - INFO - 167 - trainer - Average loss in epoch 106: 1.0799
2026/08/30 22:49:16 - __main__ - INFO - 117 - trainer - Epoch: 107
2026/08/30 22:49:16 - __main__ - INFO - 162 - trainer - [0/190] Loss: 1.0838
2026/08/30 22:49:22 - __main__ - INFO - 162 - trainer - [39/190] Loss: 1.0712
2026/08/30 22:49:27 - __main__ - INFO - 162 - trainer - [78/190] Loss: 1.0917
2026/08/30 22:49:32 - __main__ - INFO - 162 - trainer - [117/190] Loss: 1.0744
2026/08/30 22:49:37 - __main__ - INFO - 162 - trainer - [156/190] Loss: 1.0694
2026/08/30 22:49:42 - __main__ - INFO - 167 - trainer - Average loss in epoch 107: 1.0802
2026/08/30 22:49:42 - __main__ - INFO - 117 - trainer - Epoch: 108
2026/08/30 22:49:42 - __main__ - INFO - 162 - trainer - [0/190] Loss: 1.0680
2026/08/30 22:49:47 - __main__ - INFO - 162 - trainer - [39/190] Loss: 1.0549
2026/08/30 22:49:52 - __main__ - INFO - 162 - trainer - [78/190] Loss: 1.0791
2026/08/30 22:49:57 - __main__ - INFO - 162 - trainer - [117/190] Loss: 1.0834
2026/08/30 22:50:03 - __main__ - INFO - 162 - trainer - [156/190] Loss: 1.0588
2026/08/30 22:50:07 - __main__ - INFO - 167 - trainer - Average loss in epoch 108: 1.0791
2026/08/30 22:50:07 - __main__ - INFO - 117 - trainer - Epoch: 109
2026/08/30 22:50:07 - __main__ - INFO - 162 - trainer - [0/190] Loss: 1.0909
2026/08/30 22:50:12 - __main__ - INFO - 162 - trainer - [39/190] Loss: 1.0899
2026/08/30 22:50:17 - __main__ - INFO - 162 - trainer - [78/190] Loss: 1.0610
2026/08/30 22:50:23 - __main__ - INFO - 162 - trainer - [117/190] Loss: 1.0862
2026/08/30 22:50:28 - __main__ - INFO - 162 - trainer - [156/190] Loss: 1.0965
2026/08/30 22:50:32 - __main__ - INFO - 167 - trainer - Average loss in epoch 109: 1.0793
2026/08/30 22:50:32 - __main__ - INFO - 117 - trainer - Epoch: 110
2026/08/30 22:50:32 - __main__ - INFO - 162 - trainer - [0/190] Loss: 1.0778
2026/08/30 22:50:37 - __main__ - INFO - 162 - trainer - [39/190] Loss: 1.0814
2026/08/30 22:50:42 - __main__ - INFO - 162 - trainer - [78/190] Loss: 1.0932
2026/08/30 22:50:48 - __main__ - INFO - 162 - trainer - [117/190] Loss: 1.0823
2026/08/30 22:50:53 - __main__ - INFO - 162 - trainer - [156/190] Loss: 1.0694
2026/08/30 22:50:57 - __main__ - INFO - 167 - trainer - Average loss in epoch 110: 1.0789
2026/08/30 22:50:57 - __main__ - INFO - 117 - trainer - Epoch: 111
2026/08/30 22:50:57 - __main__ - INFO - 162 - trainer - [0/190] Loss: 1.0584
2026/08/30 22:51:02 - __main__ - INFO - 162 - trainer - [39/190] Loss: 1.0828
2026/08/30 22:51:08 - __main__ - INFO - 162 - trainer - [78/190] Loss: 1.0643
2026/08/30 22:51:13 - __main__ - INFO - 162 - trainer - [117/190] Loss: 1.0640
2026/08/30 22:51:18 - __main__ - INFO - 162 - trainer - [156/190] Loss: 1.0774
2026/08/30 22:51:22 - __main__ - INFO - 167 - trainer - Average loss in epoch 111: 1.0782
2026/08/30 22:51:22 - __main__ - INFO - 117 - trainer - Epoch: 112
2026/08/30 22:51:23 - __main__ - INFO - 162 - trainer - [0/190] Loss: 1.1099
2026/08/30 22:51:28 - __main__ - INFO - 162 - trainer - [39/190] Loss: 1.0725
2026/08/30 22:51:33 - __main__ - INFO - 162 - trainer - [78/190] Loss: 1.0692
2026/08/30 22:51:38 - __main__ - INFO - 162 - trainer - [117/190] Loss: 1.0894
2026/08/30 22:51:43 - __main__ - INFO - 162 - trainer - [156/190] Loss: 1.0815
2026/08/30 22:51:48 - __main__ - INFO - 167 - trainer - Average loss in epoch 112: 1.0775
2026/08/30 22:51:48 - __main__ - INFO - 117 - trainer - Epoch: 113
2026/08/30 22:51:48 - __main__ - INFO - 162 - trainer - [0/190] Loss: 1.0839
2026/08/30 22:51:53 - __main__ - INFO - 162 - trainer - [39/190] Loss: 1.0859
2026/08/30 22:51:58 - __main__ - INFO - 162 - trainer - [78/190] Loss: 1.0786
2026/08/30 22:52:03 - __main__ - INFO - 162 - trainer - [117/190] Loss: 1.0861
2026/08/30 22:52:09 - __main__ - INFO - 162 - trainer - [156/190] Loss: 1.0805
2026/08/30 22:52:13 - __main__ - INFO - 167 - trainer - Average loss in epoch 113: 1.0784
2026/08/30 22:52:13 - __main__ - INFO - 117 - trainer - Epoch: 114
2026/08/30 22:52:13 - __main__ - INFO - 162 - trainer - [0/190] Loss: 1.0681
2026/08/30 22:52:18 - __main__ - INFO - 162 - trainer - [39/190] Loss: 1.0816
2026/08/30 22:52:24 - __main__ - INFO - 162 - trainer - [78/190] Loss: 1.0849
2026/08/30 22:52:29 - __main__ - INFO - 162 - trainer - [117/190] Loss: 1.0786
2026/08/30 22:52:34 - __main__ - INFO - 162 - trainer - [156/190] Loss: 1.0686
2026/08/30 22:52:38 - __main__ - INFO - 167 - trainer - Average loss in epoch 114: 1.0777
2026/08/30 22:52:38 - __main__ - INFO - 117 - trainer - Epoch: 115
2026/08/30 22:52:38 - __main__ - INFO - 162 - trainer - [0/190] Loss: 1.0984
2026/08/30 22:52:43 - __main__ - INFO - 162 - trainer - [39/190] Loss: 1.0613
2026/08/30 22:52:49 - __main__ - INFO - 162 - trainer - [78/190] Loss: 1.0620
2026/08/30 22:52:54 - __main__ - INFO - 162 - trainer - [117/190] Loss: 1.0775
2026/08/30 22:52:59 - __main__ - INFO - 162 - trainer - [156/190] Loss: 1.0663
2026/08/30 22:53:03 - __main__ - INFO - 167 - trainer - Average loss in epoch 115: 1.0776
2026/08/30 22:53:03 - __main__ - INFO - 117 - trainer - Epoch: 116
2026/08/30 22:53:04 - __main__ - INFO - 162 - trainer - [0/190] Loss: 1.0710
2026/08/30 22:53:09 - __main__ - INFO - 162 - trainer - [39/190] Loss: 1.0916
2026/08/30 22:53:14 - __main__ - INFO - 162 - trainer - [78/190] Loss: 1.0842
2026/08/30 22:53:19 - __main__ - INFO - 162 - trainer - [117/190] Loss: 1.0786
2026/08/30 22:53:24 - __main__ - INFO - 162 - trainer - [156/190] Loss: 1.0796
2026/08/30 22:53:29 - __main__ - INFO - 167 - trainer - Average loss in epoch 116: 1.0771
2026/08/30 22:53:29 - __main__ - INFO - 117 - trainer - Epoch: 117
2026/08/30 22:53:29 - __main__ - INFO - 162 - trainer - [0/190] Loss: 1.0767
2026/08/30 22:53:34 - __main__ - INFO - 162 - trainer - [39/190] Loss: 1.0836
2026/08/30 22:53:39 - __main__ - INFO - 162 - trainer - [78/190] Loss: 1.0855
2026/08/30 22:53:45 - __main__ - INFO - 162 - trainer - [117/190] Loss: 1.0907
2026/08/30 22:53:50 - __main__ - INFO - 162 - trainer - [156/190] Loss: 1.0935
2026/08/30 22:53:54 - __main__ - INFO - 167 - trainer - Average loss in epoch 117: 1.0766
2026/08/30 22:53:54 - __main__ - INFO - 117 - trainer - Epoch: 118
2026/08/30 22:53:54 - __main__ - INFO - 162 - trainer - [0/190] Loss: 1.0765
2026/08/30 22:54:00 - __main__ - INFO - 162 - trainer - [39/190] Loss: 1.0855
2026/08/30 22:54:05 - __main__ - INFO - 162 - trainer - [78/190] Loss: 1.0653
2026/08/30 22:54:10 - __main__ - INFO - 162 - trainer - [117/190] Loss: 1.0710
2026/08/30 22:54:15 - __main__ - INFO - 162 - trainer - [156/190] Loss: 1.0735
2026/08/30 22:54:20 - __main__ - INFO - 167 - trainer - Average loss in epoch 118: 1.0764
2026/08/30 22:54:20 - __main__ - INFO - 117 - trainer - Epoch: 119
2026/08/30 22:54:20 - __main__ - INFO - 162 - trainer - [0/190] Loss: 1.1047
2026/08/30 22:54:25 - __main__ - INFO - 162 - trainer - [39/190] Loss: 1.0716
2026/08/30 22:54:30 - __main__ - INFO - 162 - trainer - [78/190] Loss: 1.0878
2026/08/30 22:54:36 - __main__ - INFO - 162 - trainer - [117/190] Loss: 1.0630
2026/08/30 22:54:41 - __main__ - INFO - 162 - trainer - [156/190] Loss: 1.0904
2026/08/30 22:54:45 - __main__ - INFO - 167 - trainer - Average loss in epoch 119: 1.0766
2026/08/30 22:54:45 - __main__ - INFO - 117 - trainer - Epoch: 120
2026/08/30 22:54:45 - __main__ - INFO - 162 - trainer - [0/190] Loss: 1.0760
2026/08/30 22:54:50 - __main__ - INFO - 162 - trainer - [39/190] Loss: 1.0705
2026/08/30 22:54:56 - __main__ - INFO - 162 - trainer - [78/190] Loss: 1.0877
2026/08/30 22:55:01 - __main__ - INFO - 162 - trainer - [117/190] Loss: 1.0570
2026/08/30 22:55:06 - __main__ - INFO - 162 - trainer - [156/190] Loss: 1.0786
2026/08/30 22:55:10 - __main__ - INFO - 167 - trainer - Average loss in epoch 120: 1.0758
2026/08/30 22:55:10 - __main__ - INFO - 173 - trainer - start predicting: 2026-08-30 22:55:10.972921
2026/08/30 22:55:13 - __main__ - INFO - 117 - trainer - Epoch: 121
2026/08/30 22:55:13 - __main__ - INFO - 162 - trainer - [0/190] Loss: 1.1105
2026/08/30 22:55:18 - __main__ - INFO - 162 - trainer - [39/190] Loss: 1.0707
2026/08/30 22:55:23 - __main__ - INFO - 162 - trainer - [78/190] Loss: 1.0679
2026/08/30 22:55:28 - __main__ - INFO - 162 - trainer - [117/190] Loss: 1.0762
2026/08/30 22:55:33 - __main__ - INFO - 162 - trainer - [156/190] Loss: 1.0615
2026/08/30 22:55:38 - __main__ - INFO - 167 - trainer - Average loss in epoch 121: 1.0751
2026/08/30 22:55:38 - __main__ - INFO - 117 - trainer - Epoch: 122
2026/08/30 22:55:38 - __main__ - INFO - 162 - trainer - [0/190] Loss: 1.0699
2026/08/30 22:55:43 - __main__ - INFO - 162 - trainer - [39/190] Loss: 1.0445
2026/08/30 22:55:48 - __main__ - INFO - 162 - trainer - [78/190] Loss: 1.0880
2026/08/30 22:55:53 - __main__ - INFO - 162 - trainer - [117/190] Loss: 1.0754
2026/08/30 22:55:58 - __main__ - INFO - 162 - trainer - [156/190] Loss: 1.0755
2026/08/30 22:56:03 - __main__ - INFO - 167 - trainer - Average loss in epoch 122: 1.0752
2026/08/30 22:56:03 - __main__ - INFO - 117 - trainer - Epoch: 123
2026/08/30 22:56:03 - __main__ - INFO - 162 - trainer - [0/190] Loss: 1.0554
2026/08/30 22:56:08 - __main__ - INFO - 162 - trainer - [39/190] Loss: 1.0808
2026/08/30 22:56:13 - __main__ - INFO - 162 - trainer - [78/190] Loss: 1.0769
2026/08/30 22:56:18 - __main__ - INFO - 162 - trainer - [117/190] Loss: 1.0884
2026/08/30 22:56:23 - __main__ - INFO - 162 - trainer - [156/190] Loss: 1.0603
2026/08/30 22:56:28 - __main__ - INFO - 167 - trainer - Average loss in epoch 123: 1.0752
2026/08/30 22:56:28 - __main__ - INFO - 117 - trainer - Epoch: 124
2026/08/30 22:56:28 - __main__ - INFO - 162 - trainer - [0/190] Loss: 1.0935
2026/08/30 22:56:33 - __main__ - INFO - 162 - trainer - [39/190] Loss: 1.0437
2026/08/30 22:56:39 - __main__ - INFO - 162 - trainer - [78/190] Loss: 1.0662
2026/08/30 22:56:44 - __main__ - INFO - 162 - trainer - [117/190] Loss: 1.0660
2026/08/30 22:56:49 - __main__ - INFO - 162 - trainer - [156/190] Loss: 1.0946
2026/08/30 22:56:54 - __main__ - INFO - 167 - trainer - Average loss in epoch 124: 1.0752
2026/08/30 22:56:54 - __main__ - INFO - 117 - trainer - Epoch: 125
2026/08/30 22:56:54 - __main__ - INFO - 162 - trainer - [0/190] Loss: 1.0804
2026/08/30 22:56:59 - __main__ - INFO - 162 - trainer - [39/190] Loss: 1.0703
2026/08/30 22:57:04 - __main__ - INFO - 162 - trainer - [78/190] Loss: 1.0707
2026/08/30 22:57:09 - __main__ - INFO - 162 - trainer - [117/190] Loss: 1.0516
2026/08/30 22:57:14 - __main__ - INFO - 162 - trainer - [156/190] Loss: 1.0832
2026/08/30 22:57:19 - __main__ - INFO - 167 - trainer - Average loss in epoch 125: 1.0754
2026/08/30 22:57:19 - __main__ - INFO - 117 - trainer - Epoch: 126
2026/08/30 22:57:19 - __main__ - INFO - 162 - trainer - [0/190] Loss: 1.0852
2026/08/30 22:57:24 - __main__ - INFO - 162 - trainer - [39/190] Loss: 1.0820
2026/08/30 22:57:29 - __main__ - INFO - 162 - trainer - [78/190] Loss: 1.0639
2026/08/30 22:57:34 - __main__ - INFO - 162 - trainer - [117/190] Loss: 1.0698
2026/08/30 22:57:40 - __main__ - INFO - 162 - trainer - [156/190] Loss: 1.0904
2026/08/30 22:57:44 - __main__ - INFO - 167 - trainer - Average loss in epoch 126: 1.0749
2026/08/30 22:57:44 - __main__ - INFO - 117 - trainer - Epoch: 127
2026/08/30 22:57:44 - __main__ - INFO - 162 - trainer - [0/190] Loss: 1.0727
2026/08/30 22:57:49 - __main__ - INFO - 162 - trainer - [39/190] Loss: 1.0769
2026/08/30 22:57:54 - __main__ - INFO - 162 - trainer - [78/190] Loss: 1.0831
2026/08/30 22:58:00 - __main__ - INFO - 162 - trainer - [117/190] Loss: 1.0536
2026/08/30 22:58:05 - __main__ - INFO - 162 - trainer - [156/190] Loss: 1.0774
2026/08/30 22:58:09 - __main__ - INFO - 167 - trainer - Average loss in epoch 127: 1.0745
2026/08/30 22:58:09 - __main__ - INFO - 117 - trainer - Epoch: 128
2026/08/30 22:58:09 - __main__ - INFO - 162 - trainer - [0/190] Loss: 1.0772
2026/08/30 22:58:15 - __main__ - INFO - 162 - trainer - [39/190] Loss: 1.0522
2026/08/30 22:58:20 - __main__ - INFO - 162 - trainer - [78/190] Loss: 1.0705
2026/08/30 22:58:25 - __main__ - INFO - 162 - trainer - [117/190] Loss: 1.0634
2026/08/30 22:58:30 - __main__ - INFO - 162 - trainer - [156/190] Loss: 1.0819
2026/08/30 22:58:35 - __main__ - INFO - 167 - trainer - Average loss in epoch 128: 1.0743
2026/08/30 22:58:35 - __main__ - INFO - 117 - trainer - Epoch: 129
2026/08/30 22:58:35 - __main__ - INFO - 162 - trainer - [0/190] Loss: 1.0942
2026/08/30 22:58:40 - __main__ - INFO - 162 - trainer - [39/190] Loss: 1.0880
2026/08/30 22:58:45 - __main__ - INFO - 162 - trainer - [78/190] Loss: 1.0806
2026/08/30 22:58:50 - __main__ - INFO - 162 - trainer - [117/190] Loss: 1.0646
2026/08/30 22:58:55 - __main__ - INFO - 162 - trainer - [156/190] Loss: 1.0565
2026/08/30 22:58:59 - __main__ - INFO - 167 - trainer - Average loss in epoch 129: 1.0743
2026/08/30 22:58:59 - __main__ - INFO - 117 - trainer - Epoch: 130
2026/08/30 22:59:00 - __main__ - INFO - 162 - trainer - [0/190] Loss: 1.0724
2026/08/30 22:59:05 - __main__ - INFO - 162 - trainer - [39/190] Loss: 1.0564
2026/08/30 22:59:10 - __main__ - INFO - 162 - trainer - [78/190] Loss: 1.0893
2026/08/30 22:59:15 - __main__ - INFO - 162 - trainer - [117/190] Loss: 1.0531
2026/08/30 22:59:20 - __main__ - INFO - 162 - trainer - [156/190] Loss: 1.0664
2026/08/30 22:59:25 - __main__ - INFO - 167 - trainer - Average loss in epoch 130: 1.0740
2026/08/30 22:59:25 - __main__ - INFO - 117 - trainer - Epoch: 131
2026/08/30 22:59:25 - __main__ - INFO - 162 - trainer - [0/190] Loss: 1.0647
2026/08/30 22:59:30 - __main__ - INFO - 162 - trainer - [39/190] Loss: 1.0863
2026/08/30 22:59:35 - __main__ - INFO - 162 - trainer - [78/190] Loss: 1.0628
2026/08/30 22:59:40 - __main__ - INFO - 162 - trainer - [117/190] Loss: 1.0797
2026/08/30 22:59:45 - __main__ - INFO - 162 - trainer - [156/190] Loss: 1.0657
2026/08/30 22:59:50 - __main__ - INFO - 167 - trainer - Average loss in epoch 131: 1.0741
2026/08/30 22:59:50 - __main__ - INFO - 117 - trainer - Epoch: 132
2026/08/30 22:59:50 - __main__ - INFO - 162 - trainer - [0/190] Loss: 1.0748
2026/08/30 22:59:55 - __main__ - INFO - 162 - trainer - [39/190] Loss: 1.0873
2026/08/30 23:00:00 - __main__ - INFO - 162 - trainer - [78/190] Loss: 1.0725
2026/08/30 23:00:06 - __main__ - INFO - 162 - trainer - [117/190] Loss: 1.0704
2026/08/30 23:00:11 - __main__ - INFO - 162 - trainer - [156/190] Loss: 1.0876
2026/08/30 23:00:15 - __main__ - INFO - 167 - trainer - Average loss in epoch 132: 1.0736
2026/08/30 23:00:15 - __main__ - INFO - 117 - trainer - Epoch: 133
2026/08/30 23:00:15 - __main__ - INFO - 162 - trainer - [0/190] Loss: 1.0658
2026/08/30 23:00:21 - __main__ - INFO - 162 - trainer - [39/190] Loss: 1.0576
2026/08/30 23:00:26 - __main__ - INFO - 162 - trainer - [78/190] Loss: 1.0517
2026/08/30 23:00:32 - __main__ - INFO - 162 - trainer - [117/190] Loss: 1.0686
2026/08/30 23:00:37 - __main__ - INFO - 162 - trainer - [156/190] Loss: 1.0584
2026/08/30 23:00:42 - __main__ - INFO - 167 - trainer - Average loss in epoch 133: 1.0728
2026/08/30 23:00:42 - __main__ - INFO - 117 - trainer - Epoch: 134
2026/08/30 23:00:42 - __main__ - INFO - 162 - trainer - [0/190] Loss: 1.0706
2026/08/30 23:00:47 - __main__ - INFO - 162 - trainer - [39/190] Loss: 1.0621
2026/08/30 23:00:53 - __main__ - INFO - 162 - trainer - [78/190] Loss: 1.0686
2026/08/30 23:00:58 - __main__ - INFO - 162 - trainer - [117/190] Loss: 1.0638
2026/08/30 23:01:03 - __main__ - INFO - 162 - trainer - [156/190] Loss: 1.0782
2026/08/30 23:01:08 - __main__ - INFO - 167 - trainer - Average loss in epoch 134: 1.0729
2026/08/30 23:01:08 - __main__ - INFO - 117 - trainer - Epoch: 135
2026/08/30 23:01:08 - __main__ - INFO - 162 - trainer - [0/190] Loss: 1.0719
2026/08/30 23:01:13 - __main__ - INFO - 162 - trainer - [39/190] Loss: 1.0771
2026/08/30 23:01:18 - __main__ - INFO - 162 - trainer - [78/190] Loss: 1.0595
2026/08/30 23:01:24 - __main__ - INFO - 162 - trainer - [117/190] Loss: 1.0549
2026/08/30 23:01:29 - __main__ - INFO - 162 - trainer - [156/190] Loss: 1.0858
2026/08/30 23:01:33 - __main__ - INFO - 167 - trainer - Average loss in epoch 135: 1.0728
2026/08/30 23:01:33 - __main__ - INFO - 117 - trainer - Epoch: 136
2026/08/30 23:01:33 - __main__ - INFO - 162 - trainer - [0/190] Loss: 1.0673
2026/08/30 23:01:39 - __main__ - INFO - 162 - trainer - [39/190] Loss: 1.0770
2026/08/30 23:01:44 - __main__ - INFO - 162 - trainer - [78/190] Loss: 1.0757
2026/08/30 23:01:49 - __main__ - INFO - 162 - trainer - [117/190] Loss: 1.0748
2026/08/30 23:01:54 - __main__ - INFO - 162 - trainer - [156/190] Loss: 1.0641
2026/08/30 23:01:58 - __main__ - INFO - 167 - trainer - Average loss in epoch 136: 1.0734
2026/08/30 23:01:58 - __main__ - INFO - 117 - trainer - Epoch: 137
2026/08/30 23:01:58 - __main__ - INFO - 162 - trainer - [0/190] Loss: 1.0464
2026/08/30 23:02:04 - __main__ - INFO - 162 - trainer - [39/190] Loss: 1.0864
2026/08/30 23:02:09 - __main__ - INFO - 162 - trainer - [78/190] Loss: 1.0720
2026/08/30 23:02:14 - __main__ - INFO - 162 - trainer - [117/190] Loss: 1.0949
2026/08/30 23:02:19 - __main__ - INFO - 162 - trainer - [156/190] Loss: 1.0653
2026/08/30 23:02:24 - __main__ - INFO - 167 - trainer - Average loss in epoch 137: 1.0727
2026/08/30 23:02:24 - __main__ - INFO - 117 - trainer - Epoch: 138
2026/08/30 23:02:24 - __main__ - INFO - 162 - trainer - [0/190] Loss: 1.0824
2026/08/30 23:02:29 - __main__ - INFO - 162 - trainer - [39/190] Loss: 1.0463
2026/08/30 23:02:34 - __main__ - INFO - 162 - trainer - [78/190] Loss: 1.0674
2026/08/30 23:02:39 - __main__ - INFO - 162 - trainer - [117/190] Loss: 1.0464
2026/08/30 23:02:44 - __main__ - INFO - 162 - trainer - [156/190] Loss: 1.0743
2026/08/30 23:02:48 - __main__ - INFO - 167 - trainer - Average loss in epoch 138: 1.0722
2026/08/30 23:02:48 - __main__ - INFO - 117 - trainer - Epoch: 139
2026/08/30 23:02:48 - __main__ - INFO - 162 - trainer - [0/190] Loss: 1.0783
2026/08/30 23:02:53 - __main__ - INFO - 162 - trainer - [39/190] Loss: 1.0608
2026/08/30 23:02:59 - __main__ - INFO - 162 - trainer - [78/190] Loss: 1.0655
2026/08/30 23:03:04 - __main__ - INFO - 162 - trainer - [117/190] Loss: 1.0874
2026/08/30 23:03:09 - __main__ - INFO - 162 - trainer - [156/190] Loss: 1.0750
2026/08/30 23:03:13 - __main__ - INFO - 167 - trainer - Average loss in epoch 139: 1.0728
2026/08/30 23:03:13 - __main__ - INFO - 117 - trainer - Epoch: 140
2026/08/30 23:03:14 - __main__ - INFO - 162 - trainer - [0/190] Loss: 1.0752
2026/08/30 23:03:19 - __main__ - INFO - 162 - trainer - [39/190] Loss: 1.0731
2026/08/30 23:03:24 - __main__ - INFO - 162 - trainer - [78/190] Loss: 1.0625
2026/08/30 23:03:29 - __main__ - INFO - 162 - trainer - [117/190] Loss: 1.0729
2026/08/30 23:03:35 - __main__ - INFO - 162 - trainer - [156/190] Loss: 1.0844
2026/08/30 23:03:39 - __main__ - INFO - 167 - trainer - Average loss in epoch 140: 1.0719
2026/08/30 23:03:39 - __main__ - INFO - 173 - trainer - start predicting: 2026-08-30 23:03:39.424827
2026/08/30 23:03:42 - __main__ - INFO - 117 - trainer - Epoch: 141
2026/08/30 23:03:42 - __main__ - INFO - 162 - trainer - [0/190] Loss: 1.0725
2026/08/30 23:03:47 - __main__ - INFO - 162 - trainer - [39/190] Loss: 1.0611
2026/08/30 23:03:52 - __main__ - INFO - 162 - trainer - [78/190] Loss: 1.0672
2026/08/30 23:03:58 - __main__ - INFO - 162 - trainer - [117/190] Loss: 1.0766
2026/08/30 23:04:03 - __main__ - INFO - 162 - trainer - [156/190] Loss: 1.0599
2026/08/30 23:04:08 - __main__ - INFO - 167 - trainer - Average loss in epoch 141: 1.0716
2026/08/30 23:04:08 - __main__ - INFO - 117 - trainer - Epoch: 142
2026/08/30 23:04:08 - __main__ - INFO - 162 - trainer - [0/190] Loss: 1.0693
2026/08/30 23:04:13 - __main__ - INFO - 162 - trainer - [39/190] Loss: 1.0580
2026/08/30 23:04:18 - __main__ - INFO - 162 - trainer - [78/190] Loss: 1.0464
2026/08/30 23:04:23 - __main__ - INFO - 162 - trainer - [117/190] Loss: 1.0642
2026/08/30 23:04:29 - __main__ - INFO - 162 - trainer - [156/190] Loss: 1.0820
2026/08/30 23:04:33 - __main__ - INFO - 167 - trainer - Average loss in epoch 142: 1.0711
2026/08/30 23:04:33 - __main__ - INFO - 117 - trainer - Epoch: 143
2026/08/30 23:04:33 - __main__ - INFO - 162 - trainer - [0/190] Loss: 1.0559
2026/08/30 23:04:38 - __main__ - INFO - 162 - trainer - [39/190] Loss: 1.0848
2026/08/30 23:04:44 - __main__ - INFO - 162 - trainer - [78/190] Loss: 1.0696
2026/08/30 23:04:49 - __main__ - INFO - 162 - trainer - [117/190] Loss: 1.0812
2026/08/30 23:04:55 - __main__ - INFO - 162 - trainer - [156/190] Loss: 1.0824
2026/08/30 23:04:59 - __main__ - INFO - 167 - trainer - Average loss in epoch 143: 1.0717
2026/08/30 23:04:59 - __main__ - INFO - 117 - trainer - Epoch: 144
2026/08/30 23:04:59 - __main__ - INFO - 162 - trainer - [0/190] Loss: 1.0739
2026/08/30 23:05:05 - __main__ - INFO - 162 - trainer - [39/190] Loss: 1.0684
2026/08/30 23:05:10 - __main__ - INFO - 162 - trainer - [78/190] Loss: 1.1062
2026/08/30 23:05:15 - __main__ - INFO - 162 - trainer - [117/190] Loss: 1.0623
2026/08/30 23:05:20 - __main__ - INFO - 162 - trainer - [156/190] Loss: 1.0681
2026/08/30 23:05:25 - __main__ - INFO - 167 - trainer - Average loss in epoch 144: 1.0720
2026/08/30 23:05:25 - __main__ - INFO - 117 - trainer - Epoch: 145
2026/08/30 23:05:25 - __main__ - INFO - 162 - trainer - [0/190] Loss: 1.0562
2026/08/30 23:05:30 - __main__ - INFO - 162 - trainer - [39/190] Loss: 1.0747
2026/08/30 23:05:35 - __main__ - INFO - 162 - trainer - [78/190] Loss: 1.0726
2026/08/30 23:05:41 - __main__ - INFO - 162 - trainer - [117/190] Loss: 1.0818
2026/08/30 23:05:46 - __main__ - INFO - 162 - trainer - [156/190] Loss: 1.0807
2026/08/30 23:05:50 - __main__ - INFO - 167 - trainer - Average loss in epoch 145: 1.0713
2026/08/30 23:05:50 - __main__ - INFO - 117 - trainer - Epoch: 146
2026/08/30 23:05:50 - __main__ - INFO - 162 - trainer - [0/190] Loss: 1.0794
2026/08/30 23:05:56 - __main__ - INFO - 162 - trainer - [39/190] Loss: 1.0655
2026/08/30 23:06:01 - __main__ - INFO - 162 - trainer - [78/190] Loss: 1.0775
2026/08/30 23:06:06 - __main__ - INFO - 162 - trainer - [117/190] Loss: 1.0776
2026/08/30 23:06:11 - __main__ - INFO - 162 - trainer - [156/190] Loss: 1.0650
2026/08/30 23:06:16 - __main__ - INFO - 167 - trainer - Average loss in epoch 146: 1.0711
2026/08/30 23:06:16 - __main__ - INFO - 117 - trainer - Epoch: 147
2026/08/30 23:06:16 - __main__ - INFO - 162 - trainer - [0/190] Loss: 1.0812
2026/08/30 23:06:21 - __main__ - INFO - 162 - trainer - [39/190] Loss: 1.0788
2026/08/30 23:06:26 - __main__ - INFO - 162 - trainer - [78/190] Loss: 1.0804
2026/08/30 23:06:32 - __main__ - INFO - 162 - trainer - [117/190] Loss: 1.0476
2026/08/30 23:06:37 - __main__ - INFO - 162 - trainer - [156/190] Loss: 1.0582
2026/08/30 23:06:41 - __main__ - INFO - 167 - trainer - Average loss in epoch 147: 1.0715
2026/08/30 23:06:41 - __main__ - INFO - 117 - trainer - Epoch: 148
2026/08/30 23:06:41 - __main__ - INFO - 162 - trainer - [0/190] Loss: 1.0879
2026/08/30 23:06:47 - __main__ - INFO - 162 - trainer - [39/190] Loss: 1.0880
2026/08/30 23:06:52 - __main__ - INFO - 162 - trainer - [78/190] Loss: 1.0919
2026/08/30 23:06:57 - __main__ - INFO - 162 - trainer - [117/190] Loss: 1.0608
2026/08/30 23:07:02 - __main__ - INFO - 162 - trainer - [156/190] Loss: 1.0663
2026/08/30 23:07:07 - __main__ - INFO - 167 - trainer - Average loss in epoch 148: 1.0713
2026/08/30 23:07:07 - __main__ - INFO - 117 - trainer - Epoch: 149
2026/08/30 23:07:07 - __main__ - INFO - 162 - trainer - [0/190] Loss: 1.0806
2026/08/30 23:07:12 - __main__ - INFO - 162 - trainer - [39/190] Loss: 1.0632
2026/08/30 23:07:17 - __main__ - INFO - 162 - trainer - [78/190] Loss: 1.0567
2026/08/30 23:07:22 - __main__ - INFO - 162 - trainer - [117/190] Loss: 1.0802
2026/08/30 23:07:28 - __main__ - INFO - 162 - trainer - [156/190] Loss: 1.0748
2026/08/30 23:07:32 - __main__ - INFO - 167 - trainer - Average loss in epoch 149: 1.0710
2026/08/30 23:07:32 - __main__ - INFO - 117 - trainer - Epoch: 150
2026/08/30 23:07:32 - __main__ - INFO - 162 - trainer - [0/190] Loss: 1.0691
2026/08/30 23:07:37 - __main__ - INFO - 162 - trainer - [39/190] Loss: 1.0684
2026/08/30 23:07:42 - __main__ - INFO - 162 - trainer - [78/190] Loss: 1.0682
2026/08/30 23:07:48 - __main__ - INFO - 162 - trainer - [117/190] Loss: 1.0531
2026/08/30 23:07:53 - __main__ - INFO - 162 - trainer - [156/190] Loss: 1.0707
2026/08/30 23:07:57 - __main__ - INFO - 167 - trainer - Average loss in epoch 150: 1.0709
2026/08/30 23:07:57 - __main__ - INFO - 117 - trainer - Epoch: 151
2026/08/30 23:07:57 - __main__ - INFO - 162 - trainer - [0/190] Loss: 1.0744
2026/08/30 23:08:03 - __main__ - INFO - 162 - trainer - [39/190] Loss: 1.0570
2026/08/30 23:08:08 - __main__ - INFO - 162 - trainer - [78/190] Loss: 1.0865
2026/08/30 23:08:13 - __main__ - INFO - 162 - trainer - [117/190] Loss: 1.0768
2026/08/30 23:08:18 - __main__ - INFO - 162 - trainer - [156/190] Loss: 1.0643
2026/08/30 23:08:22 - __main__ - INFO - 167 - trainer - Average loss in epoch 151: 1.0707
2026/08/30 23:08:22 - __main__ - INFO - 117 - trainer - Epoch: 152
2026/08/30 23:08:23 - __main__ - INFO - 162 - trainer - [0/190] Loss: 1.0618
2026/08/30 23:08:28 - __main__ - INFO - 162 - trainer - [39/190] Loss: 1.0973
2026/08/30 23:08:33 - __main__ - INFO - 162 - trainer - [78/190] Loss: 1.0755
2026/08/30 23:08:38 - __main__ - INFO - 162 - trainer - [117/190] Loss: 1.0523
2026/08/30 23:08:44 - __main__ - INFO - 162 - trainer - [156/190] Loss: 1.0649
2026/08/30 23:08:48 - __main__ - INFO - 167 - trainer - Average loss in epoch 152: 1.0703
2026/08/30 23:08:48 - __main__ - INFO - 117 - trainer - Epoch: 153
2026/08/30 23:08:48 - __main__ - INFO - 162 - trainer - [0/190] Loss: 1.0685
2026/08/30 23:08:54 - __main__ - INFO - 162 - trainer - [39/190] Loss: 1.0958
2026/08/30 23:08:59 - __main__ - INFO - 162 - trainer - [78/190] Loss: 1.0749
2026/08/30 23:09:04 - __main__ - INFO - 162 - trainer - [117/190] Loss: 1.0800
2026/08/30 23:09:09 - __main__ - INFO - 162 - trainer - [156/190] Loss: 1.0896
2026/08/30 23:09:13 - __main__ - INFO - 167 - trainer - Average loss in epoch 153: 1.0701
2026/08/30 23:09:13 - __main__ - INFO - 117 - trainer - Epoch: 154
2026/08/30 23:09:14 - __main__ - INFO - 162 - trainer - [0/190] Loss: 1.0731
2026/08/30 23:09:19 - __main__ - INFO - 162 - trainer - [39/190] Loss: 1.0857
2026/08/30 23:09:24 - __main__ - INFO - 162 - trainer - [78/190] Loss: 1.0565
2026/08/30 23:09:29 - __main__ - INFO - 162 - trainer - [117/190] Loss: 1.0637
2026/08/30 23:09:34 - __main__ - INFO - 162 - trainer - [156/190] Loss: 1.0929
2026/08/30 23:09:39 - __main__ - INFO - 167 - trainer - Average loss in epoch 154: 1.0705
2026/08/30 23:09:39 - __main__ - INFO - 117 - trainer - Epoch: 155
2026/08/30 23:09:39 - __main__ - INFO - 162 - trainer - [0/190] Loss: 1.0742
2026/08/30 23:09:44 - __main__ - INFO - 162 - trainer - [39/190] Loss: 1.0741
2026/08/30 23:09:49 - __main__ - INFO - 162 - trainer - [78/190] Loss: 1.0725
2026/08/30 23:09:54 - __main__ - INFO - 162 - trainer - [117/190] Loss: 1.0695
2026/08/30 23:10:00 - __main__ - INFO - 162 - trainer - [156/190] Loss: 1.0749
2026/08/30 23:10:04 - __main__ - INFO - 167 - trainer - Average loss in epoch 155: 1.0700
2026/08/30 23:10:04 - __main__ - INFO - 117 - trainer - Epoch: 156
2026/08/30 23:10:04 - __main__ - INFO - 162 - trainer - [0/190] Loss: 1.0794
2026/08/30 23:10:09 - __main__ - INFO - 162 - trainer - [39/190] Loss: 1.0455
2026/08/30 23:10:15 - __main__ - INFO - 162 - trainer - [78/190] Loss: 1.0954
2026/08/30 23:10:20 - __main__ - INFO - 162 - trainer - [117/190] Loss: 1.0436
2026/08/30 23:10:25 - __main__ - INFO - 162 - trainer - [156/190] Loss: 1.0717
2026/08/30 23:10:29 - __main__ - INFO - 167 - trainer - Average loss in epoch 156: 1.0699
2026/08/30 23:10:29 - __main__ - INFO - 117 - trainer - Epoch: 157
2026/08/30 23:10:29 - __main__ - INFO - 162 - trainer - [0/190] Loss: 1.0839
2026/08/30 23:10:35 - __main__ - INFO - 162 - trainer - [39/190] Loss: 1.0632
2026/08/30 23:10:40 - __main__ - INFO - 162 - trainer - [78/190] Loss: 1.0806
2026/08/30 23:10:45 - __main__ - INFO - 162 - trainer - [117/190] Loss: 1.0769
2026/08/30 23:10:50 - __main__ - INFO - 162 - trainer - [156/190] Loss: 1.0878
2026/08/30 23:10:55 - __main__ - INFO - 167 - trainer - Average loss in epoch 157: 1.0695
2026/08/30 23:10:55 - __main__ - INFO - 117 - trainer - Epoch: 158
2026/08/30 23:10:55 - __main__ - INFO - 162 - trainer - [0/190] Loss: 1.0784
2026/08/30 23:11:00 - __main__ - INFO - 162 - trainer - [39/190] Loss: 1.1000
2026/08/30 23:11:05 - __main__ - INFO - 162 - trainer - [78/190] Loss: 1.0738
2026/08/30 23:11:10 - __main__ - INFO - 162 - trainer - [117/190] Loss: 1.0773
2026/08/30 23:11:16 - __main__ - INFO - 162 - trainer - [156/190] Loss: 1.0678
2026/08/30 23:11:20 - __main__ - INFO - 167 - trainer - Average loss in epoch 158: 1.0690
2026/08/30 23:11:20 - __main__ - INFO - 117 - trainer - Epoch: 159
2026/08/30 23:11:20 - __main__ - INFO - 162 - trainer - [0/190] Loss: 1.0637
2026/08/30 23:11:25 - __main__ - INFO - 162 - trainer - [39/190] Loss: 1.0840
2026/08/30 23:11:30 - __main__ - INFO - 162 - trainer - [78/190] Loss: 1.0673
2026/08/30 23:11:35 - __main__ - INFO - 162 - trainer - [117/190] Loss: 1.0748
2026/08/30 23:11:41 - __main__ - INFO - 162 - trainer - [156/190] Loss: 1.0439
2026/08/30 23:11:45 - __main__ - INFO - 167 - trainer - Average loss in epoch 159: 1.0692
2026/08/30 23:11:45 - __main__ - INFO - 117 - trainer - Epoch: 160
2026/08/30 23:11:45 - __main__ - INFO - 162 - trainer - [0/190] Loss: 1.0800
2026/08/30 23:11:51 - __main__ - INFO - 162 - trainer - [39/190] Loss: 1.0621
2026/08/30 23:11:56 - __main__ - INFO - 162 - trainer - [78/190] Loss: 1.0725
2026/08/30 23:12:01 - __main__ - INFO - 162 - trainer - [117/190] Loss: 1.0725
2026/08/30 23:12:06 - __main__ - INFO - 162 - trainer - [156/190] Loss: 1.0530
2026/08/30 23:12:11 - __main__ - INFO - 167 - trainer - Average loss in epoch 160: 1.0690
2026/08/30 23:12:11 - __main__ - INFO - 173 - trainer - start predicting: 2026-08-30 23:12:11.034315
2026/08/30 23:12:13 - __main__ - INFO - 117 - trainer - Epoch: 161
2026/08/30 23:12:14 - __main__ - INFO - 162 - trainer - [0/190] Loss: 1.0419
2026/08/30 23:12:19 - __main__ - INFO - 162 - trainer - [39/190] Loss: 1.0700
2026/08/30 23:12:24 - __main__ - INFO - 162 - trainer - [78/190] Loss: 1.0665
2026/08/30 23:12:29 - __main__ - INFO - 162 - trainer - [117/190] Loss: 1.0774
2026/08/30 23:12:34 - __main__ - INFO - 162 - trainer - [156/190] Loss: 1.0815
2026/08/30 23:12:39 - __main__ - INFO - 167 - trainer - Average loss in epoch 161: 1.0683
2026/08/30 23:12:39 - __main__ - INFO - 117 - trainer - Epoch: 162
2026/08/30 23:12:39 - __main__ - INFO - 162 - trainer - [0/190] Loss: 1.0578
2026/08/30 23:12:44 - __main__ - INFO - 162 - trainer - [39/190] Loss: 1.0632
2026/08/30 23:12:49 - __main__ - INFO - 162 - trainer - [78/190] Loss: 1.0781
2026/08/30 23:12:54 - __main__ - INFO - 162 - trainer - [117/190] Loss: 1.0700
2026/08/30 23:13:00 - __main__ - INFO - 162 - trainer - [156/190] Loss: 1.0746
2026/08/30 23:13:04 - __main__ - INFO - 167 - trainer - Average loss in epoch 162: 1.0688
2026/08/30 23:13:04 - __main__ - INFO - 117 - trainer - Epoch: 163
2026/08/30 23:13:04 - __main__ - INFO - 162 - trainer - [0/190] Loss: 1.0549
2026/08/30 23:13:09 - __main__ - INFO - 162 - trainer - [39/190] Loss: 1.0449
2026/08/30 23:13:15 - __main__ - INFO - 162 - trainer - [78/190] Loss: 1.0545
2026/08/30 23:13:20 - __main__ - INFO - 162 - trainer - [117/190] Loss: 1.0877
2026/08/30 23:13:25 - __main__ - INFO - 162 - trainer - [156/190] Loss: 1.0480
2026/08/30 23:13:30 - __main__ - INFO - 167 - trainer - Average loss in epoch 163: 1.0684
2026/08/30 23:13:30 - __main__ - INFO - 117 - trainer - Epoch: 164
2026/08/30 23:13:30 - __main__ - INFO - 162 - trainer - [0/190] Loss: 1.0755
2026/08/30 23:13:35 - __main__ - INFO - 162 - trainer - [39/190] Loss: 1.0507
2026/08/30 23:13:40 - __main__ - INFO - 162 - trainer - [78/190] Loss: 1.0756
2026/08/30 23:13:45 - __main__ - INFO - 162 - trainer - [117/190] Loss: 1.0725
2026/08/30 23:13:50 - __main__ - INFO - 162 - trainer - [156/190] Loss: 1.0739
2026/08/30 23:13:55 - __main__ - INFO - 167 - trainer - Average loss in epoch 164: 1.0690
2026/08/30 23:13:55 - __main__ - INFO - 117 - trainer - Epoch: 165
2026/08/30 23:13:55 - __main__ - INFO - 162 - trainer - [0/190] Loss: 1.0681
2026/08/30 23:14:00 - __main__ - INFO - 162 - trainer - [39/190] Loss: 1.0646
2026/08/30 23:14:05 - __main__ - INFO - 162 - trainer - [78/190] Loss: 1.0597
2026/08/30 23:14:10 - __main__ - INFO - 162 - trainer - [117/190] Loss: 1.0817
2026/08/30 23:14:15 - __main__ - INFO - 162 - trainer - [156/190] Loss: 1.0743
2026/08/30 23:14:20 - __main__ - INFO - 167 - trainer - Average loss in epoch 165: 1.0688
2026/08/30 23:14:20 - __main__ - INFO - 117 - trainer - Epoch: 166
2026/08/30 23:14:20 - __main__ - INFO - 162 - trainer - [0/190] Loss: 1.0682
2026/08/30 23:14:25 - __main__ - INFO - 162 - trainer - [39/190] Loss: 1.0849
2026/08/30 23:14:31 - __main__ - INFO - 162 - trainer - [78/190] Loss: 1.0846
2026/08/30 23:14:36 - __main__ - INFO - 162 - trainer - [117/190] Loss: 1.0728
2026/08/30 23:14:41 - __main__ - INFO - 162 - trainer - [156/190] Loss: 1.0716
2026/08/30 23:14:45 - __main__ - INFO - 167 - trainer - Average loss in epoch 166: 1.0686
2026/08/30 23:14:45 - __main__ - INFO - 117 - trainer - Epoch: 167
2026/08/30 23:14:46 - __main__ - INFO - 162 - trainer - [0/190] Loss: 1.0571
2026/08/30 23:14:51 - __main__ - INFO - 162 - trainer - [39/190] Loss: 1.0670
2026/08/30 23:14:56 - __main__ - INFO - 162 - trainer - [78/190] Loss: 1.0711
2026/08/30 23:15:01 - __main__ - INFO - 162 - trainer - [117/190] Loss: 1.0753
2026/08/30 23:15:06 - __main__ - INFO - 162 - trainer - [156/190] Loss: 1.0576
2026/08/30 23:15:10 - __main__ - INFO - 167 - trainer - Average loss in epoch 167: 1.0679
2026/08/30 23:15:10 - __main__ - INFO - 117 - trainer - Epoch: 168
2026/08/30 23:15:11 - __main__ - INFO - 162 - trainer - [0/190] Loss: 1.0831
2026/08/30 23:15:16 - __main__ - INFO - 162 - trainer - [39/190] Loss: 1.0383
2026/08/30 23:15:21 - __main__ - INFO - 162 - trainer - [78/190] Loss: 1.0781
2026/08/30 23:15:26 - __main__ - INFO - 162 - trainer - [117/190] Loss: 1.0643
2026/08/30 23:15:31 - __main__ - INFO - 162 - trainer - [156/190] Loss: 1.0660
2026/08/30 23:15:36 - __main__ - INFO - 167 - trainer - Average loss in epoch 168: 1.0685
2026/08/30 23:15:36 - __main__ - INFO - 117 - trainer - Epoch: 169
2026/08/30 23:15:36 - __main__ - INFO - 162 - trainer - [0/190] Loss: 1.0608
2026/08/30 23:15:41 - __main__ - INFO - 162 - trainer - [39/190] Loss: 1.0758
2026/08/30 23:15:46 - __main__ - INFO - 162 - trainer - [78/190] Loss: 1.0823
2026/08/30 23:15:51 - __main__ - INFO - 162 - trainer - [117/190] Loss: 1.0753
2026/08/30 23:15:57 - __main__ - INFO - 162 - trainer - [156/190] Loss: 1.0874
2026/08/30 23:16:01 - __main__ - INFO - 167 - trainer - Average loss in epoch 169: 1.0682
2026/08/30 23:16:01 - __main__ - INFO - 117 - trainer - Epoch: 170
2026/08/30 23:16:01 - __main__ - INFO - 162 - trainer - [0/190] Loss: 1.0723
2026/08/30 23:16:07 - __main__ - INFO - 162 - trainer - [39/190] Loss: 1.0689
2026/08/30 23:16:12 - __main__ - INFO - 162 - trainer - [78/190] Loss: 1.0590
2026/08/30 23:16:17 - __main__ - INFO - 162 - trainer - [117/190] Loss: 1.0747
2026/08/30 23:16:22 - __main__ - INFO - 162 - trainer - [156/190] Loss: 1.0853
2026/08/30 23:16:27 - __main__ - INFO - 167 - trainer - Average loss in epoch 170: 1.0674
2026/08/30 23:16:27 - __main__ - INFO - 117 - trainer - Epoch: 171
2026/08/30 23:16:27 - __main__ - INFO - 162 - trainer - [0/190] Loss: 1.0641
2026/08/30 23:16:32 - __main__ - INFO - 162 - trainer - [39/190] Loss: 1.0659
2026/08/30 23:16:37 - __main__ - INFO - 162 - trainer - [78/190] Loss: 1.0451
2026/08/30 23:16:42 - __main__ - INFO - 162 - trainer - [117/190] Loss: 1.0766
2026/08/30 23:16:48 - __main__ - INFO - 162 - trainer - [156/190] Loss: 1.0813
2026/08/30 23:16:52 - __main__ - INFO - 167 - trainer - Average loss in epoch 171: 1.0678
2026/08/30 23:16:52 - __main__ - INFO - 117 - trainer - Epoch: 172
2026/08/30 23:16:52 - __main__ - INFO - 162 - trainer - [0/190] Loss: 1.0865
2026/08/30 23:16:58 - __main__ - INFO - 162 - trainer - [39/190] Loss: 1.0696
2026/08/30 23:17:03 - __main__ - INFO - 162 - trainer - [78/190] Loss: 1.0767
2026/08/30 23:17:08 - __main__ - INFO - 162 - trainer - [117/190] Loss: 1.0626
2026/08/30 23:17:14 - __main__ - INFO - 162 - trainer - [156/190] Loss: 1.0641
2026/08/30 23:17:18 - __main__ - INFO - 167 - trainer - Average loss in epoch 172: 1.0666
2026/08/30 23:17:18 - __main__ - INFO - 117 - trainer - Epoch: 173
2026/08/30 23:17:18 - __main__ - INFO - 162 - trainer - [0/190] Loss: 1.0571
2026/08/30 23:17:24 - __main__ - INFO - 162 - trainer - [39/190] Loss: 1.0801
2026/08/30 23:17:29 - __main__ - INFO - 162 - trainer - [78/190] Loss: 1.0791
2026/08/30 23:17:34 - __main__ - INFO - 162 - trainer - [117/190] Loss: 1.0779
2026/08/30 23:17:39 - __main__ - INFO - 162 - trainer - [156/190] Loss: 1.0631
2026/08/30 23:17:44 - __main__ - INFO - 167 - trainer - Average loss in epoch 173: 1.0671
2026/08/30 23:17:44 - __main__ - INFO - 117 - trainer - Epoch: 174
2026/08/30 23:17:44 - __main__ - INFO - 162 - trainer - [0/190] Loss: 1.0705
2026/08/30 23:17:49 - __main__ - INFO - 162 - trainer - [39/190] Loss: 1.0623
2026/08/30 23:17:54 - __main__ - INFO - 162 - trainer - [78/190] Loss: 1.0591
2026/08/30 23:17:59 - __main__ - INFO - 162 - trainer - [117/190] Loss: 1.0873
2026/08/30 23:18:04 - __main__ - INFO - 162 - trainer - [156/190] Loss: 1.0615
2026/08/30 23:18:08 - __main__ - INFO - 167 - trainer - Average loss in epoch 174: 1.0665
2026/08/30 23:18:08 - __main__ - INFO - 117 - trainer - Epoch: 175
2026/08/30 23:18:08 - __main__ - INFO - 162 - trainer - [0/190] Loss: 1.0602
2026/08/30 23:18:14 - __main__ - INFO - 162 - trainer - [39/190] Loss: 1.0566
2026/08/30 23:18:19 - __main__ - INFO - 162 - trainer - [78/190] Loss: 1.0682
2026/08/30 23:18:24 - __main__ - INFO - 162 - trainer - [117/190] Loss: 1.0745
2026/08/30 23:18:30 - __main__ - INFO - 162 - trainer - [156/190] Loss: 1.0520
2026/08/30 23:18:34 - __main__ - INFO - 167 - trainer - Average loss in epoch 175: 1.0669
2026/08/30 23:18:34 - __main__ - INFO - 117 - trainer - Epoch: 176
2026/08/30 23:18:35 - __main__ - INFO - 162 - trainer - [0/190] Loss: 1.0953
2026/08/30 23:18:40 - __main__ - INFO - 162 - trainer - [39/190] Loss: 1.0684
2026/08/30 23:18:45 - __main__ - INFO - 162 - trainer - [78/190] Loss: 1.0765
2026/08/30 23:18:50 - __main__ - INFO - 162 - trainer - [117/190] Loss: 1.0580
2026/08/30 23:18:55 - __main__ - INFO - 162 - trainer - [156/190] Loss: 1.0554
2026/08/30 23:19:00 - __main__ - INFO - 167 - trainer - Average loss in epoch 176: 1.0672
2026/08/30 23:19:00 - __main__ - INFO - 117 - trainer - Epoch: 177
2026/08/30 23:19:00 - __main__ - INFO - 162 - trainer - [0/190] Loss: 1.0678
2026/08/30 23:19:05 - __main__ - INFO - 162 - trainer - [39/190] Loss: 1.0695
2026/08/30 23:19:10 - __main__ - INFO - 162 - trainer - [78/190] Loss: 1.0703
2026/08/30 23:19:16 - __main__ - INFO - 162 - trainer - [117/190] Loss: 1.0770
2026/08/30 23:19:21 - __main__ - INFO - 162 - trainer - [156/190] Loss: 1.0628
2026/08/30 23:19:25 - __main__ - INFO - 167 - trainer - Average loss in epoch 177: 1.0668
2026/08/30 23:19:25 - __main__ - INFO - 117 - trainer - Epoch: 178
2026/08/30 23:19:25 - __main__ - INFO - 162 - trainer - [0/190] Loss: 1.0546
2026/08/30 23:19:30 - __main__ - INFO - 162 - trainer - [39/190] Loss: 1.0758
2026/08/30 23:19:35 - __main__ - INFO - 162 - trainer - [78/190] Loss: 1.0702
2026/08/30 23:19:41 - __main__ - INFO - 162 - trainer - [117/190] Loss: 1.0573
2026/08/30 23:19:46 - __main__ - INFO - 162 - trainer - [156/190] Loss: 1.0631
2026/08/30 23:19:51 - __main__ - INFO - 167 - trainer - Average loss in epoch 178: 1.0661
2026/08/30 23:19:51 - __main__ - INFO - 117 - trainer - Epoch: 179
2026/08/30 23:19:51 - __main__ - INFO - 162 - trainer - [0/190] Loss: 1.0764
2026/08/30 23:19:56 - __main__ - INFO - 162 - trainer - [39/190] Loss: 1.0585
2026/08/30 23:20:01 - __main__ - INFO - 162 - trainer - [78/190] Loss: 1.0853
2026/08/30 23:20:07 - __main__ - INFO - 162 - trainer - [117/190] Loss: 1.0863
2026/08/30 23:20:12 - __main__ - INFO - 162 - trainer - [156/190] Loss: 1.0415
2026/08/30 23:20:16 - __main__ - INFO - 167 - trainer - Average loss in epoch 179: 1.0661
2026/08/30 23:20:16 - __main__ - INFO - 117 - trainer - Epoch: 180
2026/08/30 23:20:16 - __main__ - INFO - 162 - trainer - [0/190] Loss: 1.0625
2026/08/30 23:20:21 - __main__ - INFO - 162 - trainer - [39/190] Loss: 1.0583
2026/08/30 23:20:27 - __main__ - INFO - 162 - trainer - [78/190] Loss: 1.0689
2026/08/30 23:20:32 - __main__ - INFO - 162 - trainer - [117/190] Loss: 1.0614
2026/08/30 23:20:37 - __main__ - INFO - 162 - trainer - [156/190] Loss: 1.0545
2026/08/30 23:20:41 - __main__ - INFO - 167 - trainer - Average loss in epoch 180: 1.0670
2026/08/30 23:20:41 - __main__ - INFO - 173 - trainer - start predicting: 2026-08-30 23:20:41.793614
2026/08/30 23:20:44 - __main__ - INFO - 203 - trainer - {'Best_HR@5': np.float64(9.9446), 'Best_HR@10': np.float64(16.5007), 'Best_HR@20': np.float64(26.2376), 'Best_NDCG@5': np.float64(5.9372), 'Best_NDCG@10': np.float64(7.9544), 'Best_NDCG@20': np.float64(10.3985)}
2026/08/30 23:20:44 - __main__ - INFO - 204 - trainer - {'Best_epoch_HR@5': 100, 'Best_epoch_HR@10': 180, 'Best_epoch_HR@20': 80, 'Best_epoch_NDCG@5': 100, 'Best_epoch_NDCG@10': 80, 'Best_epoch_NDCG@20': 80}
2026/08/30 23:20:44 - __main__ - INFO - 117 - trainer - Epoch: 181
2026/08/30 23:20:44 - __main__ - INFO - 162 - trainer - [0/190] Loss: 1.0742
2026/08/30 23:20:50 - __main__ - INFO - 162 - trainer - [39/190] Loss: 1.0755
2026/08/30 23:20:55 - __main__ - INFO - 162 - trainer - [78/190] Loss: 1.0804
2026/08/30 23:21:00 - __main__ - INFO - 162 - trainer - [117/190] Loss: 1.0501
2026/08/30 23:21:06 - __main__ - INFO - 162 - trainer - [156/190] Loss: 1.0730
2026/08/30 23:21:11 - __main__ - INFO - 167 - trainer - Average loss in epoch 181: 1.0662
2026/08/30 23:21:11 - __main__ - INFO - 117 - trainer - Epoch: 182
2026/08/30 23:21:11 - __main__ - INFO - 162 - trainer - [0/190] Loss: 1.0543
2026/08/30 23:21:16 - __main__ - INFO - 162 - trainer - [39/190] Loss: 1.0712
2026/08/30 23:21:22 - __main__ - INFO - 162 - trainer - [78/190] Loss: 1.0630
2026/08/30 23:21:27 - __main__ - INFO - 162 - trainer - [117/190] Loss: 1.0508
2026/08/30 23:21:32 - __main__ - INFO - 162 - trainer - [156/190] Loss: 1.0626
2026/08/30 23:21:37 - __main__ - INFO - 167 - trainer - Average loss in epoch 182: 1.0665
2026/08/30 23:21:37 - __main__ - INFO - 117 - trainer - Epoch: 183
2026/08/30 23:21:37 - __main__ - INFO - 162 - trainer - [0/190] Loss: 1.0652
2026/08/30 23:21:42 - __main__ - INFO - 162 - trainer - [39/190] Loss: 1.0632
2026/08/30 23:21:48 - __main__ - INFO - 162 - trainer - [78/190] Loss: 1.0632
2026/08/30 23:21:53 - __main__ - INFO - 162 - trainer - [117/190] Loss: 1.0792
2026/08/30 23:21:59 - __main__ - INFO - 162 - trainer - [156/190] Loss: 1.0852
2026/08/30 23:22:03 - __main__ - INFO - 167 - trainer - Average loss in epoch 183: 1.0664
2026/08/30 23:22:03 - __main__ - INFO - 117 - trainer - Epoch: 184
2026/08/30 23:22:04 - __main__ - INFO - 162 - trainer - [0/190] Loss: 1.0622
2026/08/30 23:22:09 - __main__ - INFO - 162 - trainer - [39/190] Loss: 1.0721
2026/08/30 23:22:15 - __main__ - INFO - 162 - trainer - [78/190] Loss: 1.0645
2026/08/30 23:22:20 - __main__ - INFO - 162 - trainer - [117/190] Loss: 1.0502
2026/08/30 23:22:25 - __main__ - INFO - 162 - trainer - [156/190] Loss: 1.0792
2026/08/30 23:22:30 - __main__ - INFO - 167 - trainer - Average loss in epoch 184: 1.0660
2026/08/30 23:22:30 - __main__ - INFO - 117 - trainer - Epoch: 185
2026/08/30 23:22:30 - __main__ - INFO - 162 - trainer - [0/190] Loss: 1.0654
2026/08/30 23:22:36 - __main__ - INFO - 162 - trainer - [39/190] Loss: 1.0609
2026/08/30 23:22:41 - __main__ - INFO - 162 - trainer - [78/190] Loss: 1.0478
2026/08/30 23:22:47 - __main__ - INFO - 162 - trainer - [117/190] Loss: 1.0625
2026/08/30 23:22:52 - __main__ - INFO - 162 - trainer - [156/190] Loss: 1.0622
2026/08/30 23:22:57 - __main__ - INFO - 167 - trainer - Average loss in epoch 185: 1.0653
2026/08/30 23:22:57 - __main__ - INFO - 117 - trainer - Epoch: 186
2026/08/30 23:22:57 - __main__ - INFO - 162 - trainer - [0/190] Loss: 1.0500
2026/08/30 23:23:03 - __main__ - INFO - 162 - trainer - [39/190] Loss: 1.0562
2026/08/30 23:23:08 - __main__ - INFO - 162 - trainer - [78/190] Loss: 1.0536
2026/08/30 23:23:13 - __main__ - INFO - 162 - trainer - [117/190] Loss: 1.0756
2026/08/30 23:23:19 - __main__ - INFO - 162 - trainer - [156/190] Loss: 1.0540
2026/08/30 23:23:23 - __main__ - INFO - 167 - trainer - Average loss in epoch 186: 1.0645
2026/08/30 23:23:23 - __main__ - INFO - 117 - trainer - Epoch: 187
2026/08/30 23:23:23 - __main__ - INFO - 162 - trainer - [0/190] Loss: 1.0720
2026/08/30 23:23:29 - __main__ - INFO - 162 - trainer - [39/190] Loss: 1.0573
2026/08/30 23:23:34 - __main__ - INFO - 162 - trainer - [78/190] Loss: 1.0758
2026/08/30 23:23:40 - __main__ - INFO - 162 - trainer - [117/190] Loss: 1.0605
2026/08/30 23:23:45 - __main__ - INFO - 162 - trainer - [156/190] Loss: 1.0667
2026/08/30 23:23:50 - __main__ - INFO - 167 - trainer - Average loss in epoch 187: 1.0657
2026/08/30 23:23:50 - __main__ - INFO - 117 - trainer - Epoch: 188
2026/08/30 23:23:50 - __main__ - INFO - 162 - trainer - [0/190] Loss: 1.0549
2026/08/30 23:23:55 - __main__ - INFO - 162 - trainer - [39/190] Loss: 1.0512
2026/08/30 23:24:01 - __main__ - INFO - 162 - trainer - [78/190] Loss: 1.0490
2026/08/30 23:24:06 - __main__ - INFO - 162 - trainer - [117/190] Loss: 1.0650
2026/08/30 23:24:12 - __main__ - INFO - 162 - trainer - [156/190] Loss: 1.0781
2026/08/30 23:24:16 - __main__ - INFO - 167 - trainer - Average loss in epoch 188: 1.0654
2026/08/30 23:24:16 - __main__ - INFO - 117 - trainer - Epoch: 189
2026/08/30 23:24:16 - __main__ - INFO - 162 - trainer - [0/190] Loss: 1.0633
2026/08/30 23:24:22 - __main__ - INFO - 162 - trainer - [39/190] Loss: 1.0441
2026/08/30 23:24:27 - __main__ - INFO - 162 - trainer - [78/190] Loss: 1.0814
2026/08/30 23:24:33 - __main__ - INFO - 162 - trainer - [117/190] Loss: 1.0592
2026/08/30 23:24:38 - __main__ - INFO - 162 - trainer - [156/190] Loss: 1.0812
2026/08/30 23:24:43 - __main__ - INFO - 167 - trainer - Average loss in epoch 189: 1.0648
2026/08/30 23:24:43 - __main__ - INFO - 117 - trainer - Epoch: 190
2026/08/30 23:24:43 - __main__ - INFO - 162 - trainer - [0/190] Loss: 1.0458
2026/08/30 23:24:48 - __main__ - INFO - 162 - trainer - [39/190] Loss: 1.0506
2026/08/30 23:24:53 - __main__ - INFO - 162 - trainer - [78/190] Loss: 1.0547
2026/08/30 23:24:58 - __main__ - INFO - 162 - trainer - [117/190] Loss: 1.0654
2026/08/30 23:25:03 - __main__ - INFO - 162 - trainer - [156/190] Loss: 1.0615
2026/08/30 23:25:08 - __main__ - INFO - 167 - trainer - Average loss in epoch 190: 1.0656
2026/08/30 23:25:08 - __main__ - INFO - 117 - trainer - Epoch: 191
2026/08/30 23:25:08 - __main__ - INFO - 162 - trainer - [0/190] Loss: 1.0650
2026/08/30 23:25:13 - __main__ - INFO - 162 - trainer - [39/190] Loss: 1.0679
2026/08/30 23:25:19 - __main__ - INFO - 162 - trainer - [78/190] Loss: 1.0735
2026/08/30 23:25:24 - __main__ - INFO - 162 - trainer - [117/190] Loss: 1.0567
2026/08/30 23:25:30 - __main__ - INFO - 162 - trainer - [156/190] Loss: 1.0603
2026/08/30 23:25:34 - __main__ - INFO - 167 - trainer - Average loss in epoch 191: 1.0648
2026/08/30 23:25:34 - __main__ - INFO - 117 - trainer - Epoch: 192
2026/08/30 23:25:35 - __main__ - INFO - 162 - trainer - [0/190] Loss: 1.0576
2026/08/30 23:25:40 - __main__ - INFO - 162 - trainer - [39/190] Loss: 1.0479
2026/08/30 23:25:45 - __main__ - INFO - 162 - trainer - [78/190] Loss: 1.0738
2026/08/30 23:25:51 - __main__ - INFO - 162 - trainer - [117/190] Loss: 1.0657
2026/08/30 23:25:57 - __main__ - INFO - 162 - trainer - [156/190] Loss: 1.0670
2026/08/30 23:26:01 - __main__ - INFO - 167 - trainer - Average loss in epoch 192: 1.0649
2026/08/30 23:26:01 - __main__ - INFO - 117 - trainer - Epoch: 193
2026/08/30 23:26:02 - __main__ - INFO - 162 - trainer - [0/190] Loss: 1.0582
2026/08/30 23:26:07 - __main__ - INFO - 162 - trainer - [39/190] Loss: 1.0852
2026/08/30 23:26:12 - __main__ - INFO - 162 - trainer - [78/190] Loss: 1.0432
2026/08/30 23:26:18 - __main__ - INFO - 162 - trainer - [117/190] Loss: 1.0628
2026/08/30 23:26:23 - __main__ - INFO - 162 - trainer - [156/190] Loss: 1.0634
2026/08/30 23:26:28 - __main__ - INFO - 167 - trainer - Average loss in epoch 193: 1.0649
2026/08/30 23:26:28 - __main__ - INFO - 117 - trainer - Epoch: 194
2026/08/30 23:26:28 - __main__ - INFO - 162 - trainer - [0/190] Loss: 1.0637
2026/08/30 23:26:34 - __main__ - INFO - 162 - trainer - [39/190] Loss: 1.0794
2026/08/30 23:26:39 - __main__ - INFO - 162 - trainer - [78/190] Loss: 1.0510
2026/08/30 23:26:44 - __main__ - INFO - 162 - trainer - [117/190] Loss: 1.0587
2026/08/30 23:26:50 - __main__ - INFO - 162 - trainer - [156/190] Loss: 1.0463
2026/08/30 23:26:55 - __main__ - INFO - 167 - trainer - Average loss in epoch 194: 1.0643
2026/08/30 23:26:55 - __main__ - INFO - 117 - trainer - Epoch: 195
2026/08/30 23:26:55 - __main__ - INFO - 162 - trainer - [0/190] Loss: 1.0657
2026/08/30 23:27:01 - __main__ - INFO - 162 - trainer - [39/190] Loss: 1.0640
2026/08/30 23:27:06 - __main__ - INFO - 162 - trainer - [78/190] Loss: 1.0754
2026/08/30 23:27:12 - __main__ - INFO - 162 - trainer - [117/190] Loss: 1.0548
2026/08/30 23:27:17 - __main__ - INFO - 162 - trainer - [156/190] Loss: 1.0710
2026/08/30 23:27:22 - __main__ - INFO - 167 - trainer - Average loss in epoch 195: 1.0647
2026/08/30 23:27:22 - __main__ - INFO - 117 - trainer - Epoch: 196
2026/08/30 23:27:22 - __main__ - INFO - 162 - trainer - [0/190] Loss: 1.0718
2026/08/30 23:27:28 - __main__ - INFO - 162 - trainer - [39/190] Loss: 1.0640
2026/08/30 23:27:33 - __main__ - INFO - 162 - trainer - [78/190] Loss: 1.0422
2026/08/30 23:27:39 - __main__ - INFO - 162 - trainer - [117/190] Loss: 1.0398
2026/08/30 23:27:44 - __main__ - INFO - 162 - trainer - [156/190] Loss: 1.0692
2026/08/30 23:27:49 - __main__ - INFO - 167 - trainer - Average loss in epoch 196: 1.0639
2026/08/30 23:27:49 - __main__ - INFO - 117 - trainer - Epoch: 197
2026/08/30 23:27:49 - __main__ - INFO - 162 - trainer - [0/190] Loss: 1.0669
2026/08/30 23:27:55 - __main__ - INFO - 162 - trainer - [39/190] Loss: 1.0503
2026/08/30 23:28:00 - __main__ - INFO - 162 - trainer - [78/190] Loss: 1.0703
2026/08/30 23:28:06 - __main__ - INFO - 162 - trainer - [117/190] Loss: 1.0791
2026/08/30 23:28:11 - __main__ - INFO - 162 - trainer - [156/190] Loss: 1.0485
2026/08/30 23:28:16 - __main__ - INFO - 167 - trainer - Average loss in epoch 197: 1.0642
2026/08/30 23:28:16 - __main__ - INFO - 117 - trainer - Epoch: 198
2026/08/30 23:28:16 - __main__ - INFO - 162 - trainer - [0/190] Loss: 1.0447
2026/08/30 23:28:22 - __main__ - INFO - 162 - trainer - [39/190] Loss: 1.0622
2026/08/30 23:28:27 - __main__ - INFO - 162 - trainer - [78/190] Loss: 1.0880
2026/08/30 23:28:32 - __main__ - INFO - 162 - trainer - [117/190] Loss: 1.0288
2026/08/30 23:28:38 - __main__ - INFO - 162 - trainer - [156/190] Loss: 1.0598
2026/08/30 23:28:42 - __main__ - INFO - 167 - trainer - Average loss in epoch 198: 1.0635
2026/08/30 23:28:42 - __main__ - INFO - 117 - trainer - Epoch: 199
2026/08/30 23:28:43 - __main__ - INFO - 162 - trainer - [0/190] Loss: 1.0466
2026/08/30 23:28:48 - __main__ - INFO - 162 - trainer - [39/190] Loss: 1.0489
2026/08/30 23:28:54 - __main__ - INFO - 162 - trainer - [78/190] Loss: 1.0551
2026/08/30 23:28:59 - __main__ - INFO - 162 - trainer - [117/190] Loss: 1.0522
2026/08/30 23:29:05 - __main__ - INFO - 162 - trainer - [156/190] Loss: 1.0748
2026/08/30 23:29:09 - __main__ - INFO - 167 - trainer - Average loss in epoch 199: 1.0637
2026/08/30 23:29:09 - __main__ - INFO - 117 - trainer - Epoch: 200
2026/08/30 23:29:09 - __main__ - INFO - 162 - trainer - [0/190] Loss: 1.0306
2026/08/30 23:29:15 - __main__ - INFO - 162 - trainer - [39/190] Loss: 1.0506
2026/08/30 23:29:20 - __main__ - INFO - 162 - trainer - [78/190] Loss: 1.0823
2026/08/30 23:29:26 - __main__ - INFO - 162 - trainer - [117/190] Loss: 1.0680
2026/08/30 23:29:31 - __main__ - INFO - 162 - trainer - [156/190] Loss: 1.0618
2026/08/30 23:29:36 - __main__ - INFO - 167 - trainer - Average loss in epoch 200: 1.0627
2026/08/30 23:29:36 - __main__ - INFO - 173 - trainer - start predicting: 2026-08-30 23:29:36.216050
2026/08/30 23:29:38 - __main__ - INFO - 203 - trainer - {'Best_HR@5': np.float64(9.9446), 'Best_HR@10': np.float64(16.5558), 'Best_HR@20': np.float64(26.2376), 'Best_NDCG@5': np.float64(5.9372), 'Best_NDCG@10': np.float64(7.9544), 'Best_NDCG@20': np.float64(10.3985)}
2026/08/30 23:29:38 - __main__ - INFO - 204 - trainer - {'Best_epoch_HR@5': 100, 'Best_epoch_HR@10': 200, 'Best_epoch_HR@20': 80, 'Best_epoch_NDCG@5': 100, 'Best_epoch_NDCG@10': 80, 'Best_epoch_NDCG@20': 80}
2026/08/30 23:29:38 - __main__ - INFO - 117 - trainer - Epoch: 201
2026/08/30 23:29:38 - __main__ - INFO - 162 - trainer - [0/190] Loss: 1.0610
2026/08/30 23:29:44 - __main__ - INFO - 162 - trainer - [39/190] Loss: 1.0742
2026/08/30 23:29:49 - __main__ - INFO - 162 - trainer - [78/190] Loss: 1.0633
2026/08/30 23:29:54 - __main__ - INFO - 162 - trainer - [117/190] Loss: 1.0406
2026/08/30 23:29:59 - __main__ - INFO - 162 - trainer - [156/190] Loss: 1.0700
2026/08/30 23:30:04 - __main__ - INFO - 167 - trainer - Average loss in epoch 201: 1.0615
2026/08/30 23:30:04 - __main__ - INFO - 117 - trainer - Epoch: 202
2026/08/30 23:30:04 - __main__ - INFO - 162 - trainer - [0/190] Loss: 1.0796
2026/08/30 23:30:09 - __main__ - INFO - 162 - trainer - [39/190] Loss: 1.0614
2026/08/30 23:30:15 - __main__ - INFO - 162 - trainer - [78/190] Loss: 1.0564
2026/08/30 23:30:20 - __main__ - INFO - 162 - trainer - [117/190] Loss: 1.0811
2026/08/30 23:30:26 - __main__ - INFO - 162 - trainer - [156/190] Loss: 1.0487
2026/08/30 23:30:30 - __main__ - INFO - 167 - trainer - Average loss in epoch 202: 1.0622
2026/08/30 23:30:30 - __main__ - INFO - 117 - trainer - Epoch: 203
2026/08/30 23:30:30 - __main__ - INFO - 162 - trainer - [0/190] Loss: 1.0504
2026/08/30 23:30:36 - __main__ - INFO - 162 - trainer - [39/190] Loss: 1.0649
2026/08/30 23:30:41 - __main__ - INFO - 162 - trainer - [78/190] Loss: 1.0766
2026/08/30 23:30:47 - __main__ - INFO - 162 - trainer - [117/190] Loss: 1.0654
2026/08/30 23:30:52 - __main__ - INFO - 162 - trainer - [156/190] Loss: 1.0602
2026/08/30 23:30:57 - __main__ - INFO - 167 - trainer - Average loss in epoch 203: 1.0614
2026/08/30 23:30:57 - __main__ - INFO - 117 - trainer - Epoch: 204
2026/08/30 23:30:57 - __main__ - INFO - 162 - trainer - [0/190] Loss: 1.0417
2026/08/30 23:31:03 - __main__ - INFO - 162 - trainer - [39/190] Loss: 1.0717
2026/08/30 23:31:08 - __main__ - INFO - 162 - trainer - [78/190] Loss: 1.0567
2026/08/30 23:31:14 - __main__ - INFO - 162 - trainer - [117/190] Loss: 1.0545
2026/08/30 23:31:19 - __main__ - INFO - 162 - trainer - [156/190] Loss: 1.0682
2026/08/30 23:31:24 - __main__ - INFO - 167 - trainer - Average loss in epoch 204: 1.0614
2026/08/30 23:31:24 - __main__ - INFO - 117 - trainer - Epoch: 205
2026/08/30 23:31:24 - __main__ - INFO - 162 - trainer - [0/190] Loss: 1.0744
2026/08/30 23:31:29 - __main__ - INFO - 162 - trainer - [39/190] Loss: 1.0699
2026/08/30 23:31:34 - __main__ - INFO - 162 - trainer - [78/190] Loss: 1.0512
2026/08/30 23:31:39 - __main__ - INFO - 162 - trainer - [117/190] Loss: 1.0809
2026/08/30 23:31:44 - __main__ - INFO - 162 - trainer - [156/190] Loss: 1.0595
2026/08/30 23:31:49 - __main__ - INFO - 167 - trainer - Average loss in epoch 205: 1.0622
2026/08/30 23:31:49 - __main__ - INFO - 117 - trainer - Epoch: 206
2026/08/30 23:31:49 - __main__ - INFO - 162 - trainer - [0/190] Loss: 1.0490
2026/08/30 23:31:54 - __main__ - INFO - 162 - trainer - [39/190] Loss: 1.0515
2026/08/30 23:32:00 - __main__ - INFO - 162 - trainer - [78/190] Loss: 1.0607
2026/08/30 23:32:06 - __main__ - INFO - 162 - trainer - [117/190] Loss: 1.0622
2026/08/30 23:32:11 - __main__ - INFO - 162 - trainer - [156/190] Loss: 1.0683
2026/08/30 23:32:16 - __main__ - INFO - 167 - trainer - Average loss in epoch 206: 1.0613
2026/08/30 23:32:16 - __main__ - INFO - 117 - trainer - Epoch: 207
2026/08/30 23:32:16 - __main__ - INFO - 162 - trainer - [0/190] Loss: 1.0509
2026/08/30 23:32:21 - __main__ - INFO - 162 - trainer - [39/190] Loss: 1.0460
2026/08/30 23:32:27 - __main__ - INFO - 162 - trainer - [78/190] Loss: 1.0583
2026/08/30 23:32:32 - __main__ - INFO - 162 - trainer - [117/190] Loss: 1.0590
2026/08/30 23:32:38 - __main__ - INFO - 162 - trainer - [156/190] Loss: 1.0515
2026/08/30 23:32:42 - __main__ - INFO - 167 - trainer - Average loss in epoch 207: 1.0616
2026/08/30 23:32:42 - __main__ - INFO - 117 - trainer - Epoch: 208
2026/08/30 23:32:42 - __main__ - INFO - 162 - trainer - [0/190] Loss: 1.0724
2026/08/30 23:32:48 - __main__ - INFO - 162 - trainer - [39/190] Loss: 1.0737
2026/08/30 23:32:53 - __main__ - INFO - 162 - trainer - [78/190] Loss: 1.0861
2026/08/30 23:32:59 - __main__ - INFO - 162 - trainer - [117/190] Loss: 1.0818
2026/08/30 23:33:04 - __main__ - INFO - 162 - trainer - [156/190] Loss: 1.0750
2026/08/30 23:33:09 - __main__ - INFO - 167 - trainer - Average loss in epoch 208: 1.0619
2026/08/30 23:33:09 - __main__ - INFO - 117 - trainer - Epoch: 209
2026/08/30 23:33:09 - __main__ - INFO - 162 - trainer - [0/190] Loss: 1.0540
2026/08/30 23:33:15 - __main__ - INFO - 162 - trainer - [39/190] Loss: 1.0570
2026/08/30 23:33:20 - __main__ - INFO - 162 - trainer - [78/190] Loss: 1.0647
2026/08/30 23:33:26 - __main__ - INFO - 162 - trainer - [117/190] Loss: 1.0434
2026/08/30 23:33:31 - __main__ - INFO - 162 - trainer - [156/190] Loss: 1.0646
2026/08/30 23:33:35 - __main__ - INFO - 167 - trainer - Average loss in epoch 209: 1.0618
2026/08/30 23:33:35 - __main__ - INFO - 117 - trainer - Epoch: 210
2026/08/30 23:33:36 - __main__ - INFO - 162 - trainer - [0/190] Loss: 1.0659
2026/08/30 23:33:41 - __main__ - INFO - 162 - trainer - [39/190] Loss: 1.0635
2026/08/30 23:33:47 - __main__ - INFO - 162 - trainer - [78/190] Loss: 1.0578
2026/08/30 23:33:52 - __main__ - INFO - 162 - trainer - [117/190] Loss: 1.0381
2026/08/30 23:33:58 - __main__ - INFO - 162 - trainer - [156/190] Loss: 1.0504
2026/08/30 23:34:02 - __main__ - INFO - 167 - trainer - Average loss in epoch 210: 1.0618
2026/08/30 23:34:02 - __main__ - INFO - 117 - trainer - Epoch: 211
2026/08/30 23:34:02 - __main__ - INFO - 162 - trainer - [0/190] Loss: 1.0576
2026/08/30 23:34:08 - __main__ - INFO - 162 - trainer - [39/190] Loss: 1.0706
2026/08/30 23:34:13 - __main__ - INFO - 162 - trainer - [78/190] Loss: 1.0614
2026/08/30 23:34:19 - __main__ - INFO - 162 - trainer - [117/190] Loss: 1.0760
2026/08/30 23:34:24 - __main__ - INFO - 162 - trainer - [156/190] Loss: 1.0527
2026/08/30 23:34:29 - __main__ - INFO - 167 - trainer - Average loss in epoch 211: 1.0617
2026/08/30 23:34:29 - __main__ - INFO - 117 - trainer - Epoch: 212
2026/08/30 23:34:29 - __main__ - INFO - 162 - trainer - [0/190] Loss: 1.0766
2026/08/30 23:34:35 - __main__ - INFO - 162 - trainer - [39/190] Loss: 1.0471
2026/08/30 23:34:40 - __main__ - INFO - 162 - trainer - [78/190] Loss: 1.0693
2026/08/30 23:34:45 - __main__ - INFO - 162 - trainer - [117/190] Loss: 1.0901
2026/08/30 23:34:51 - __main__ - INFO - 162 - trainer - [156/190] Loss: 1.0599
2026/08/30 23:34:56 - __main__ - INFO - 167 - trainer - Average loss in epoch 212: 1.0617
2026/08/30 23:34:56 - __main__ - INFO - 117 - trainer - Epoch: 213
2026/08/30 23:34:56 - __main__ - INFO - 162 - trainer - [0/190] Loss: 1.0709
2026/08/30 23:35:01 - __main__ - INFO - 162 - trainer - [39/190] Loss: 1.0598
2026/08/30 23:35:06 - __main__ - INFO - 162 - trainer - [78/190] Loss: 1.0748
2026/08/30 23:35:11 - __main__ - INFO - 162 - trainer - [117/190] Loss: 1.0434
2026/08/30 23:35:16 - __main__ - INFO - 162 - trainer - [156/190] Loss: 1.0940
2026/08/30 23:35:20 - __main__ - INFO - 167 - trainer - Average loss in epoch 213: 1.0616
2026/08/30 23:35:20 - __main__ - INFO - 117 - trainer - Epoch: 214
2026/08/30 23:35:21 - __main__ - INFO - 162 - trainer - [0/190] Loss: 1.0700
2026/08/30 23:35:26 - __main__ - INFO - 162 - trainer - [39/190] Loss: 1.0782
2026/08/30 23:35:31 - __main__ - INFO - 162 - trainer - [78/190] Loss: 1.0437
2026/08/30 23:35:37 - __main__ - INFO - 162 - trainer - [117/190] Loss: 1.0522
2026/08/30 23:35:42 - __main__ - INFO - 162 - trainer - [156/190] Loss: 1.0536
2026/08/30 23:35:47 - __main__ - INFO - 167 - trainer - Average loss in epoch 214: 1.0624
2026/08/30 23:35:47 - __main__ - INFO - 117 - trainer - Epoch: 215
2026/08/30 23:35:47 - __main__ - INFO - 162 - trainer - [0/190] Loss: 1.0577
2026/08/30 23:35:53 - __main__ - INFO - 162 - trainer - [39/190] Loss: 1.0762
2026/08/30 23:35:58 - __main__ - INFO - 162 - trainer - [78/190] Loss: 1.0605
2026/08/30 23:36:04 - __main__ - INFO - 162 - trainer - [117/190] Loss: 1.0653
2026/08/30 23:36:09 - __main__ - INFO - 162 - trainer - [156/190] Loss: 1.0448
2026/08/30 23:36:14 - __main__ - INFO - 167 - trainer - Average loss in epoch 215: 1.0613
2026/08/30 23:36:14 - __main__ - INFO - 117 - trainer - Epoch: 216
2026/08/30 23:36:14 - __main__ - INFO - 162 - trainer - [0/190] Loss: 1.0525
2026/08/30 23:36:19 - __main__ - INFO - 162 - trainer - [39/190] Loss: 1.0732
2026/08/30 23:36:25 - __main__ - INFO - 162 - trainer - [78/190] Loss: 1.0593
2026/08/30 23:36:30 - __main__ - INFO - 162 - trainer - [117/190] Loss: 1.0571
2026/08/30 23:36:36 - __main__ - INFO - 162 - trainer - [156/190] Loss: 1.0555
2026/08/30 23:36:40 - __main__ - INFO - 167 - trainer - Average loss in epoch 216: 1.0614
2026/08/30 23:36:40 - __main__ - INFO - 117 - trainer - Epoch: 217
2026/08/30 23:36:40 - __main__ - INFO - 162 - trainer - [0/190] Loss: 1.0653
2026/08/30 23:36:46 - __main__ - INFO - 162 - trainer - [39/190] Loss: 1.0722
2026/08/30 23:36:51 - __main__ - INFO - 162 - trainer - [78/190] Loss: 1.0512
2026/08/30 23:36:57 - __main__ - INFO - 162 - trainer - [117/190] Loss: 1.0670
2026/08/30 23:37:03 - __main__ - INFO - 162 - trainer - [156/190] Loss: 1.0398
2026/08/30 23:37:07 - __main__ - INFO - 167 - trainer - Average loss in epoch 217: 1.0616
2026/08/30 23:37:07 - __main__ - INFO - 117 - trainer - Epoch: 218
2026/08/30 23:37:07 - __main__ - INFO - 162 - trainer - [0/190] Loss: 1.0516
2026/08/30 23:37:13 - __main__ - INFO - 162 - trainer - [39/190] Loss: 1.0596
2026/08/30 23:37:18 - __main__ - INFO - 162 - trainer - [78/190] Loss: 1.0456
2026/08/30 23:37:24 - __main__ - INFO - 162 - trainer - [117/190] Loss: 1.0810
2026/08/30 23:37:29 - __main__ - INFO - 162 - trainer - [156/190] Loss: 1.0451
2026/08/30 23:37:34 - __main__ - INFO - 167 - trainer - Average loss in epoch 218: 1.0611
2026/08/30 23:37:34 - __main__ - INFO - 117 - trainer - Epoch: 219
2026/08/30 23:37:34 - __main__ - INFO - 162 - trainer - [0/190] Loss: 1.0491
2026/08/30 23:37:39 - __main__ - INFO - 162 - trainer - [39/190] Loss: 1.0572
2026/08/30 23:37:45 - __main__ - INFO - 162 - trainer - [78/190] Loss: 1.0727
2026/08/30 23:37:50 - __main__ - INFO - 162 - trainer - [117/190] Loss: 1.0465
2026/08/30 23:37:56 - __main__ - INFO - 162 - trainer - [156/190] Loss: 1.0654
2026/08/30 23:38:00 - __main__ - INFO - 167 - trainer - Average loss in epoch 219: 1.0613
2026/08/30 23:38:00 - __main__ - INFO - 117 - trainer - Epoch: 220
2026/08/30 23:38:01 - __main__ - INFO - 162 - trainer - [0/190] Loss: 1.0531
2026/08/30 23:38:06 - __main__ - INFO - 162 - trainer - [39/190] Loss: 1.0493
2026/08/30 23:38:12 - __main__ - INFO - 162 - trainer - [78/190] Loss: 1.0511
2026/08/30 23:38:17 - __main__ - INFO - 162 - trainer - [117/190] Loss: 1.0835
2026/08/30 23:38:23 - __main__ - INFO - 162 - trainer - [156/190] Loss: 1.0506
2026/08/30 23:38:27 - __main__ - INFO - 167 - trainer - Average loss in epoch 220: 1.0612
2026/08/30 23:38:27 - __main__ - INFO - 173 - trainer - start predicting: 2026-08-30 23:38:27.668369
2026/08/30 23:38:30 - __main__ - INFO - 203 - trainer - {'Best_HR@5': np.float64(9.9446), 'Best_HR@10': np.float64(16.6534), 'Best_HR@20': np.float64(26.2376), 'Best_NDCG@5': np.float64(5.9372), 'Best_NDCG@10': np.float64(7.9544), 'Best_NDCG@20': np.float64(10.3985)}
2026/08/30 23:38:30 - __main__ - INFO - 204 - trainer - {'Best_epoch_HR@5': 100, 'Best_epoch_HR@10': 220, 'Best_epoch_HR@20': 80, 'Best_epoch_NDCG@5': 100, 'Best_epoch_NDCG@10': 80, 'Best_epoch_NDCG@20': 80}
2026/08/30 23:38:30 - __main__ - INFO - 117 - trainer - Epoch: 221
2026/08/30 23:38:30 - __main__ - INFO - 162 - trainer - [0/190] Loss: 1.0756
2026/08/30 23:38:35 - __main__ - INFO - 162 - trainer - [39/190] Loss: 1.0582
2026/08/30 23:38:41 - __main__ - INFO - 162 - trainer - [78/190] Loss: 1.0732
2026/08/30 23:38:46 - __main__ - INFO - 162 - trainer - [117/190] Loss: 1.0875
2026/08/30 23:38:52 - __main__ - INFO - 162 - trainer - [156/190] Loss: 1.0698
2026/08/30 23:38:56 - __main__ - INFO - 167 - trainer - Average loss in epoch 221: 1.0615
2026/08/30 23:38:56 - __main__ - INFO - 117 - trainer - Epoch: 222
2026/08/30 23:38:56 - __main__ - INFO - 162 - trainer - [0/190] Loss: 1.0731
2026/08/30 23:39:02 - __main__ - INFO - 162 - trainer - [39/190] Loss: 1.0603
2026/08/30 23:39:08 - __main__ - INFO - 162 - trainer - [78/190] Loss: 1.0315
2026/08/30 23:39:13 - __main__ - INFO - 162 - trainer - [117/190] Loss: 1.0613
2026/08/30 23:39:19 - __main__ - INFO - 162 - trainer - [156/190] Loss: 1.0688
2026/08/30 23:39:23 - __main__ - INFO - 167 - trainer - Average loss in epoch 222: 1.0618
2026/08/30 23:39:23 - __main__ - INFO - 117 - trainer - Epoch: 223
2026/08/30 23:39:23 - __main__ - INFO - 162 - trainer - [0/190] Loss: 1.0748
2026/08/30 23:39:28 - __main__ - INFO - 162 - trainer - [39/190] Loss: 1.0569
2026/08/30 23:39:33 - __main__ - INFO - 162 - trainer - [78/190] Loss: 1.0713
2026/08/30 23:39:39 - __main__ - INFO - 162 - trainer - [117/190] Loss: 1.0746
2026/08/30 23:39:44 - __main__ - INFO - 162 - trainer - [156/190] Loss: 1.0723
2026/08/30 23:39:48 - __main__ - INFO - 167 - trainer - Average loss in epoch 223: 1.0612
2026/08/30 23:39:48 - __main__ - INFO - 117 - trainer - Epoch: 224
2026/08/30 23:39:48 - __main__ - INFO - 162 - trainer - [0/190] Loss: 1.0466
2026/08/30 23:39:54 - __main__ - INFO - 162 - trainer - [39/190] Loss: 1.0602
2026/08/30 23:39:59 - __main__ - INFO - 162 - trainer - [78/190] Loss: 1.0524
2026/08/30 23:40:05 - __main__ - INFO - 162 - trainer - [117/190] Loss: 1.0700
2026/08/30 23:40:10 - __main__ - INFO - 162 - trainer - [156/190] Loss: 1.0592
2026/08/30 23:40:15 - __main__ - INFO - 167 - trainer - Average loss in epoch 224: 1.0616
2026/08/30 23:40:15 - __main__ - INFO - 117 - trainer - Epoch: 225
2026/08/30 23:40:15 - __main__ - INFO - 162 - trainer - [0/190] Loss: 1.0807
2026/08/30 23:40:21 - __main__ - INFO - 162 - trainer - [39/190] Loss: 1.0756
2026/08/30 23:40:26 - __main__ - INFO - 162 - trainer - [78/190] Loss: 1.0701
2026/08/30 23:40:32 - __main__ - INFO - 162 - trainer - [117/190] Loss: 1.0554
2026/08/30 23:40:37 - __main__ - INFO - 162 - trainer - [156/190] Loss: 1.0631
2026/08/30 23:40:42 - __main__ - INFO - 167 - trainer - Average loss in epoch 225: 1.0614
2026/08/30 23:40:42 - __main__ - INFO - 117 - trainer - Epoch: 226
2026/08/30 23:40:42 - __main__ - INFO - 162 - trainer - [0/190] Loss: 1.0767
2026/08/30 23:40:47 - __main__ - INFO - 162 - trainer - [39/190] Loss: 1.0374
2026/08/30 23:40:53 - __main__ - INFO - 162 - trainer - [78/190] Loss: 1.0509
2026/08/30 23:40:59 - __main__ - INFO - 162 - trainer - [117/190] Loss: 1.0477
2026/08/30 23:41:04 - __main__ - INFO - 162 - trainer - [156/190] Loss: 1.0582
2026/08/30 23:41:09 - __main__ - INFO - 167 - trainer - Average loss in epoch 226: 1.0622
2026/08/30 23:41:09 - __main__ - INFO - 117 - trainer - Epoch: 227
2026/08/30 23:41:09 - __main__ - INFO - 162 - trainer - [0/190] Loss: 1.0746
2026/08/30 23:41:15 - __main__ - INFO - 162 - trainer - [39/190] Loss: 1.0550
2026/08/30 23:41:20 - __main__ - INFO - 162 - trainer - [78/190] Loss: 1.0667
2026/08/30 23:41:26 - __main__ - INFO - 162 - trainer - [117/190] Loss: 1.0642
2026/08/30 23:41:31 - __main__ - INFO - 162 - trainer - [156/190] Loss: 1.0516
2026/08/30 23:41:36 - __main__ - INFO - 167 - trainer - Average loss in epoch 227: 1.0614
2026/08/30 23:41:36 - __main__ - INFO - 117 - trainer - Epoch: 228
2026/08/30 23:41:36 - __main__ - INFO - 162 - trainer - [0/190] Loss: 1.0489
2026/08/30 23:41:42 - __main__ - INFO - 162 - trainer - [39/190] Loss: 1.0631
2026/08/30 23:41:47 - __main__ - INFO - 162 - trainer - [78/190] Loss: 1.0694
2026/08/30 23:41:53 - __main__ - INFO - 162 - trainer - [117/190] Loss: 1.0651
2026/08/30 23:41:58 - __main__ - INFO - 162 - trainer - [156/190] Loss: 1.0588
2026/08/30 23:42:03 - __main__ - INFO - 167 - trainer - Average loss in epoch 228: 1.0604
2026/08/30 23:42:03 - __main__ - INFO - 117 - trainer - Epoch: 229
2026/08/30 23:42:03 - __main__ - INFO - 162 - trainer - [0/190] Loss: 1.0359
2026/08/30 23:42:09 - __main__ - INFO - 162 - trainer - [39/190] Loss: 1.0802
2026/08/30 23:42:14 - __main__ - INFO - 162 - trainer - [78/190] Loss: 1.0472
2026/08/30 23:42:20 - __main__ - INFO - 162 - trainer - [117/190] Loss: 1.0650
2026/08/30 23:42:25 - __main__ - INFO - 162 - trainer - [156/190] Loss: 1.0599
2026/08/30 23:42:30 - __main__ - INFO - 167 - trainer - Average loss in epoch 229: 1.0612
2026/08/30 23:42:30 - __main__ - INFO - 117 - trainer - Epoch: 230
2026/08/30 23:42:30 - __main__ - INFO - 162 - trainer - [0/190] Loss: 1.0552
2026/08/30 23:42:35 - __main__ - INFO - 162 - trainer - [39/190] Loss: 1.0562
2026/08/30 23:42:41 - __main__ - INFO - 162 - trainer - [78/190] Loss: 1.0671
2026/08/30 23:42:46 - __main__ - INFO - 162 - trainer - [117/190] Loss: 1.0484
2026/08/30 23:42:52 - __main__ - INFO - 162 - trainer - [156/190] Loss: 1.0555
2026/08/30 23:42:57 - __main__ - INFO - 167 - trainer - Average loss in epoch 230: 1.0615
2026/08/30 23:42:57 - __main__ - INFO - 117 - trainer - Epoch: 231
2026/08/30 23:42:57 - __main__ - INFO - 162 - trainer - [0/190] Loss: 1.0701
2026/08/30 23:43:03 - __main__ - INFO - 162 - trainer - [39/190] Loss: 1.0665
2026/08/30 23:43:08 - __main__ - INFO - 162 - trainer - [78/190] Loss: 1.0817
2026/08/30 23:43:13 - __main__ - INFO - 162 - trainer - [117/190] Loss: 1.0594
2026/08/30 23:43:19 - __main__ - INFO - 162 - trainer - [156/190] Loss: 1.0735
2026/08/30 23:43:24 - __main__ - INFO - 167 - trainer - Average loss in epoch 231: 1.0615
2026/08/30 23:43:24 - __main__ - INFO - 117 - trainer - Epoch: 232
2026/08/30 23:43:24 - __main__ - INFO - 162 - trainer - [0/190] Loss: 1.0720
2026/08/30 23:43:29 - __main__ - INFO - 162 - trainer - [39/190] Loss: 1.0713
2026/08/30 23:43:35 - __main__ - INFO - 162 - trainer - [78/190] Loss: 1.0719
2026/08/30 23:43:40 - __main__ - INFO - 162 - trainer - [117/190] Loss: 1.0697
2026/08/30 23:43:46 - __main__ - INFO - 162 - trainer - [156/190] Loss: 1.0769
2026/08/30 23:43:51 - __main__ - INFO - 167 - trainer - Average loss in epoch 232: 1.0616
2026/08/30 23:43:51 - __main__ - INFO - 117 - trainer - Epoch: 233
2026/08/30 23:43:51 - __main__ - INFO - 162 - trainer - [0/190] Loss: 1.0660
2026/08/30 23:43:56 - __main__ - INFO - 162 - trainer - [39/190] Loss: 1.0645
2026/08/30 23:44:01 - __main__ - INFO - 162 - trainer - [78/190] Loss: 1.0686
2026/08/30 23:44:07 - __main__ - INFO - 162 - trainer - [117/190] Loss: 1.0699
2026/08/30 23:44:12 - __main__ - INFO - 162 - trainer - [156/190] Loss: 1.0662
2026/08/30 23:44:17 - __main__ - INFO - 167 - trainer - Average loss in epoch 233: 1.0618
2026/08/30 23:44:17 - __main__ - INFO - 117 - trainer - Epoch: 234
2026/08/30 23:44:17 - __main__ - INFO - 162 - trainer - [0/190] Loss: 1.0670
2026/08/30 23:44:22 - __main__ - INFO - 162 - trainer - [39/190] Loss: 1.0656
2026/08/30 23:44:28 - __main__ - INFO - 162 - trainer - [78/190] Loss: 1.0559
2026/08/30 23:44:33 - __main__ - INFO - 162 - trainer - [117/190] Loss: 1.0748
2026/08/30 23:44:39 - __main__ - INFO - 162 - trainer - [156/190] Loss: 1.0700
2026/08/30 23:44:44 - __main__ - INFO - 167 - trainer - Average loss in epoch 234: 1.0620
2026/08/30 23:44:44 - __main__ - INFO - 117 - trainer - Epoch: 235
2026/08/30 23:44:44 - __main__ - INFO - 162 - trainer - [0/190] Loss: 1.0592
2026/08/30 23:44:49 - __main__ - INFO - 162 - trainer - [39/190] Loss: 1.0814
2026/08/30 23:44:55 - __main__ - INFO - 162 - trainer - [78/190] Loss: 1.0614
2026/08/30 23:45:00 - __main__ - INFO - 162 - trainer - [117/190] Loss: 1.0837
2026/08/30 23:45:05 - __main__ - INFO - 162 - trainer - [156/190] Loss: 1.0581
2026/08/30 23:45:10 - __main__ - INFO - 167 - trainer - Average loss in epoch 235: 1.0607
2026/08/30 23:45:10 - __main__ - INFO - 117 - trainer - Epoch: 236
2026/08/30 23:45:10 - __main__ - INFO - 162 - trainer - [0/190] Loss: 1.0608
2026/08/30 23:45:15 - __main__ - INFO - 162 - trainer - [39/190] Loss: 1.0608
2026/08/30 23:45:21 - __main__ - INFO - 162 - trainer - [78/190] Loss: 1.0418
2026/08/30 23:45:26 - __main__ - INFO - 162 - trainer - [117/190] Loss: 1.0633
2026/08/30 23:45:32 - __main__ - INFO - 162 - trainer - [156/190] Loss: 1.0728
2026/08/30 23:45:36 - __main__ - INFO - 167 - trainer - Average loss in epoch 236: 1.0611
2026/08/30 23:45:36 - __main__ - INFO - 117 - trainer - Epoch: 237
2026/08/30 23:45:36 - __main__ - INFO - 162 - trainer - [0/190] Loss: 1.0692
2026/08/30 23:45:42 - __main__ - INFO - 162 - trainer - [39/190] Loss: 1.0571
2026/08/30 23:45:47 - __main__ - INFO - 162 - trainer - [78/190] Loss: 1.0963
2026/08/30 23:45:53 - __main__ - INFO - 162 - trainer - [117/190] Loss: 1.0595
2026/08/30 23:45:58 - __main__ - INFO - 162 - trainer - [156/190] Loss: 1.0586
2026/08/30 23:46:02 - __main__ - INFO - 167 - trainer - Average loss in epoch 237: 1.0614
2026/08/30 23:46:02 - __main__ - INFO - 117 - trainer - Epoch: 238
2026/08/30 23:46:03 - __main__ - INFO - 162 - trainer - [0/190] Loss: 1.0684
2026/08/30 23:46:08 - __main__ - INFO - 162 - trainer - [39/190] Loss: 1.0513
2026/08/30 23:46:13 - __main__ - INFO - 162 - trainer - [78/190] Loss: 1.0507
2026/08/30 23:46:19 - __main__ - INFO - 162 - trainer - [117/190] Loss: 1.0605
2026/08/30 23:46:24 - __main__ - INFO - 162 - trainer - [156/190] Loss: 1.0438
2026/08/30 23:46:29 - __main__ - INFO - 167 - trainer - Average loss in epoch 238: 1.0615
2026/08/30 23:46:29 - __main__ - INFO - 117 - trainer - Epoch: 239
2026/08/30 23:46:29 - __main__ - INFO - 162 - trainer - [0/190] Loss: 1.0555
2026/08/30 23:46:34 - __main__ - INFO - 162 - trainer - [39/190] Loss: 1.0771
2026/08/30 23:46:39 - __main__ - INFO - 162 - trainer - [78/190] Loss: 1.0685
2026/08/30 23:46:45 - __main__ - INFO - 162 - trainer - [117/190] Loss: 1.0637
2026/08/30 23:46:50 - __main__ - INFO - 162 - trainer - [156/190] Loss: 1.0574
2026/08/30 23:46:55 - __main__ - INFO - 167 - trainer - Average loss in epoch 239: 1.0616
2026/08/30 23:46:55 - __main__ - INFO - 117 - trainer - Epoch: 240
2026/08/30 23:46:55 - __main__ - INFO - 162 - trainer - [0/190] Loss: 1.0398
2026/08/30 23:47:00 - __main__ - INFO - 162 - trainer - [39/190] Loss: 1.0609
2026/08/30 23:47:06 - __main__ - INFO - 162 - trainer - [78/190] Loss: 1.0673
2026/08/30 23:47:11 - __main__ - INFO - 162 - trainer - [117/190] Loss: 1.0567
2026/08/30 23:47:17 - __main__ - INFO - 162 - trainer - [156/190] Loss: 1.0622
2026/08/30 23:47:21 - __main__ - INFO - 167 - trainer - Average loss in epoch 240: 1.0619
2026/08/30 23:47:21 - __main__ - INFO - 173 - trainer - start predicting: 2026-08-30 23:47:21.827209
2026/08/30 23:47:24 - __main__ - INFO - 117 - trainer - Epoch: 241
2026/08/30 23:47:24 - __main__ - INFO - 162 - trainer - [0/190] Loss: 1.0584
2026/08/30 23:47:29 - __main__ - INFO - 162 - trainer - [39/190] Loss: 1.0569
2026/08/30 23:47:34 - __main__ - INFO - 162 - trainer - [78/190] Loss: 1.0717
2026/08/30 23:47:39 - __main__ - INFO - 162 - trainer - [117/190] Loss: 1.0636
2026/08/30 23:47:44 - __main__ - INFO - 162 - trainer - [156/190] Loss: 1.0665
2026/08/30 23:47:49 - __main__ - INFO - 167 - trainer - Average loss in epoch 241: 1.0611
2026/08/30 23:47:49 - __main__ - INFO - 117 - trainer - Epoch: 242
2026/08/30 23:47:49 - __main__ - INFO - 162 - trainer - [0/190] Loss: 1.0657
2026/08/30 23:47:54 - __main__ - INFO - 162 - trainer - [39/190] Loss: 1.0700
2026/08/30 23:47:59 - __main__ - INFO - 162 - trainer - [78/190] Loss: 1.0468
2026/08/30 23:48:04 - __main__ - INFO - 162 - trainer - [117/190] Loss: 1.0674
2026/08/30 23:48:09 - __main__ - INFO - 162 - trainer - [156/190] Loss: 1.0704
2026/08/30 23:48:14 - __main__ - INFO - 167 - trainer - Average loss in epoch 242: 1.0610
2026/08/30 23:48:14 - __main__ - INFO - 117 - trainer - Epoch: 243
2026/08/30 23:48:14 - __main__ - INFO - 162 - trainer - [0/190] Loss: 1.0537
2026/08/30 23:48:19 - __main__ - INFO - 162 - trainer - [39/190] Loss: 1.0747
2026/08/30 23:48:25 - __main__ - INFO - 162 - trainer - [78/190] Loss: 1.0669
2026/08/30 23:48:30 - __main__ - INFO - 162 - trainer - [117/190] Loss: 1.0524
2026/08/30 23:48:36 - __main__ - INFO - 162 - trainer - [156/190] Loss: 1.0541
2026/08/30 23:48:40 - __main__ - INFO - 167 - trainer - Average loss in epoch 243: 1.0609
2026/08/30 23:48:40 - __main__ - INFO - 117 - trainer - Epoch: 244
2026/08/30 23:48:41 - __main__ - INFO - 162 - trainer - [0/190] Loss: 1.0708
2026/08/30 23:48:46 - __main__ - INFO - 162 - trainer - [39/190] Loss: 1.0603
2026/08/30 23:48:52 - __main__ - INFO - 162 - trainer - [78/190] Loss: 1.0643
2026/08/30 23:48:57 - __main__ - INFO - 162 - trainer - [117/190] Loss: 1.0661
2026/08/30 23:49:03 - __main__ - INFO - 162 - trainer - [156/190] Loss: 1.0703
2026/08/30 23:49:07 - __main__ - INFO - 167 - trainer - Average loss in epoch 244: 1.0614
2026/08/30 23:49:07 - __main__ - INFO - 117 - trainer - Epoch: 245
2026/08/30 23:49:08 - __main__ - INFO - 162 - trainer - [0/190] Loss: 1.0630
2026/08/30 23:49:13 - __main__ - INFO - 162 - trainer - [39/190] Loss: 1.0539
2026/08/30 23:49:18 - __main__ - INFO - 162 - trainer - [78/190] Loss: 1.0474
2026/08/30 23:49:23 - __main__ - INFO - 162 - trainer - [117/190] Loss: 1.0565
2026/08/30 23:49:28 - __main__ - INFO - 162 - trainer - [156/190] Loss: 1.0458
2026/08/30 23:49:32 - __main__ - INFO - 167 - trainer - Average loss in epoch 245: 1.0610
2026/08/30 23:49:32 - __main__ - INFO - 117 - trainer - Epoch: 246
2026/08/30 23:49:32 - __main__ - INFO - 162 - trainer - [0/190] Loss: 1.0820
2026/08/30 23:49:37 - __main__ - INFO - 162 - trainer - [39/190] Loss: 1.0564
2026/08/30 23:49:42 - __main__ - INFO - 162 - trainer - [78/190] Loss: 1.0699
2026/08/30 23:49:47 - __main__ - INFO - 162 - trainer - [117/190] Loss: 1.0629
2026/08/30 23:49:52 - __main__ - INFO - 162 - trainer - [156/190] Loss: 1.0466
2026/08/30 23:49:56 - __main__ - INFO - 167 - trainer - Average loss in epoch 246: 1.0610
2026/08/30 23:49:56 - __main__ - INFO - 117 - trainer - Epoch: 247
2026/08/30 23:49:57 - __main__ - INFO - 162 - trainer - [0/190] Loss: 1.0605
2026/08/30 23:50:02 - __main__ - INFO - 162 - trainer - [39/190] Loss: 1.0576
2026/08/30 23:50:08 - __main__ - INFO - 162 - trainer - [78/190] Loss: 1.0657
2026/08/30 23:50:13 - __main__ - INFO - 162 - trainer - [117/190] Loss: 1.0446
2026/08/30 23:50:18 - __main__ - INFO - 162 - trainer - [156/190] Loss: 1.0543
2026/08/30 23:50:23 - __main__ - INFO - 167 - trainer - Average loss in epoch 247: 1.0613
2026/08/30 23:50:23 - __main__ - INFO - 117 - trainer - Epoch: 248
2026/08/30 23:50:23 - __main__ - INFO - 162 - trainer - [0/190] Loss: 1.0638
2026/08/30 23:50:29 - __main__ - INFO - 162 - trainer - [39/190] Loss: 1.0844
2026/08/30 23:50:35 - __main__ - INFO - 162 - trainer - [78/190] Loss: 1.0690
2026/08/30 23:50:40 - __main__ - INFO - 162 - trainer - [117/190] Loss: 1.0468
2026/08/30 23:50:46 - __main__ - INFO - 162 - trainer - [156/190] Loss: 1.0575
2026/08/30 23:50:50 - __main__ - INFO - 167 - trainer - Average loss in epoch 248: 1.0610
2026/08/30 23:50:50 - __main__ - INFO - 117 - trainer - Epoch: 249
2026/08/30 23:50:51 - __main__ - INFO - 162 - trainer - [0/190] Loss: 1.0916
2026/08/30 23:50:56 - __main__ - INFO - 162 - trainer - [39/190] Loss: 1.0519
2026/08/30 23:51:01 - __main__ - INFO - 162 - trainer - [78/190] Loss: 1.0670
2026/08/30 23:51:06 - __main__ - INFO - 162 - trainer - [117/190] Loss: 1.0579
2026/08/30 23:51:11 - __main__ - INFO - 162 - trainer - [156/190] Loss: 1.0801
2026/08/30 23:51:15 - __main__ - INFO - 167 - trainer - Average loss in epoch 249: 1.0609
2026/08/30 23:51:15 - __main__ - INFO - 117 - trainer - Epoch: 250
2026/08/30 23:51:15 - __main__ - INFO - 162 - trainer - [0/190] Loss: 1.0391
2026/08/30 23:51:21 - __main__ - INFO - 162 - trainer - [39/190] Loss: 1.0582
2026/08/30 23:51:27 - __main__ - INFO - 162 - trainer - [78/190] Loss: 1.0690
2026/08/30 23:51:32 - __main__ - INFO - 162 - trainer - [117/190] Loss: 1.0721
2026/08/30 23:51:38 - __main__ - INFO - 162 - trainer - [156/190] Loss: 1.0462
2026/08/30 23:51:42 - __main__ - INFO - 167 - trainer - Average loss in epoch 250: 1.0608
2026/08/30 23:51:42 - __main__ - INFO - 117 - trainer - Epoch: 251
2026/08/30 23:51:42 - __main__ - INFO - 162 - trainer - [0/190] Loss: 1.0809
2026/08/30 23:51:48 - __main__ - INFO - 162 - trainer - [39/190] Loss: 1.0670
2026/08/30 23:51:54 - __main__ - INFO - 162 - trainer - [78/190] Loss: 1.0594
2026/08/30 23:51:59 - __main__ - INFO - 162 - trainer - [117/190] Loss: 1.0423
2026/08/30 23:52:05 - __main__ - INFO - 162 - trainer - [156/190] Loss: 1.0724
2026/08/30 23:52:10 - __main__ - INFO - 167 - trainer - Average loss in epoch 251: 1.0607
2026/08/30 23:52:10 - __main__ - INFO - 117 - trainer - Epoch: 252
2026/08/30 23:52:10 - __main__ - INFO - 162 - trainer - [0/190] Loss: 1.0798
2026/08/30 23:52:15 - __main__ - INFO - 162 - trainer - [39/190] Loss: 1.0705
2026/08/30 23:52:20 - __main__ - INFO - 162 - trainer - [78/190] Loss: 1.0355
2026/08/30 23:52:25 - __main__ - INFO - 162 - trainer - [117/190] Loss: 1.0474
2026/08/30 23:52:31 - __main__ - INFO - 162 - trainer - [156/190] Loss: 1.0821
2026/08/30 23:52:35 - __main__ - INFO - 167 - trainer - Average loss in epoch 252: 1.0614
2026/08/30 23:52:35 - __main__ - INFO - 117 - trainer - Epoch: 253
2026/08/30 23:52:35 - __main__ - INFO - 162 - trainer - [0/190] Loss: 1.0818
2026/08/30 23:52:41 - __main__ - INFO - 162 - trainer - [39/190] Loss: 1.0576
2026/08/30 23:52:46 - __main__ - INFO - 162 - trainer - [78/190] Loss: 1.0576
2026/08/30 23:52:51 - __main__ - INFO - 162 - trainer - [117/190] Loss: 1.0515
2026/08/30 23:52:57 - __main__ - INFO - 162 - trainer - [156/190] Loss: 1.0474
2026/08/30 23:53:02 - __main__ - INFO - 167 - trainer - Average loss in epoch 253: 1.0611
2026/08/30 23:53:02 - __main__ - INFO - 117 - trainer - Epoch: 254
2026/08/30 23:53:02 - __main__ - INFO - 162 - trainer - [0/190] Loss: 1.0532
2026/08/30 23:53:07 - __main__ - INFO - 162 - trainer - [39/190] Loss: 1.0747
2026/08/30 23:53:13 - __main__ - INFO - 162 - trainer - [78/190] Loss: 1.0568
2026/08/30 23:53:19 - __main__ - INFO - 162 - trainer - [117/190] Loss: 1.0357
2026/08/30 23:53:24 - __main__ - INFO - 162 - trainer - [156/190] Loss: 1.0841
2026/08/30 23:53:29 - __main__ - INFO - 167 - trainer - Average loss in epoch 254: 1.0609
2026/08/30 23:53:29 - __main__ - INFO - 117 - trainer - Epoch: 255
2026/08/30 23:53:29 - __main__ - INFO - 162 - trainer - [0/190] Loss: 1.0552
2026/08/30 23:53:35 - __main__ - INFO - 162 - trainer - [39/190] Loss: 1.0713
2026/08/30 23:53:40 - __main__ - INFO - 162 - trainer - [78/190] Loss: 1.0718
2026/08/30 23:53:46 - __main__ - INFO - 162 - trainer - [117/190] Loss: 1.0564
2026/08/30 23:53:52 - __main__ - INFO - 162 - trainer - [156/190] Loss: 1.0748
2026/08/30 23:53:56 - __main__ - INFO - 167 - trainer - Average loss in epoch 255: 1.0611
2026/08/30 23:53:56 - __main__ - INFO - 117 - trainer - Epoch: 256
2026/08/30 23:53:57 - __main__ - INFO - 162 - trainer - [0/190] Loss: 1.0626
2026/08/30 23:54:02 - __main__ - INFO - 162 - trainer - [39/190] Loss: 1.0600
2026/08/30 23:54:07 - __main__ - INFO - 162 - trainer - [78/190] Loss: 1.0534
2026/08/30 23:54:12 - __main__ - INFO - 162 - trainer - [117/190] Loss: 1.0544
2026/08/30 23:54:17 - __main__ - INFO - 162 - trainer - [156/190] Loss: 1.0620
2026/08/30 23:54:21 - __main__ - INFO - 167 - trainer - Average loss in epoch 256: 1.0608
2026/08/30 23:54:21 - __main__ - INFO - 117 - trainer - Epoch: 257
2026/08/30 23:54:21 - __main__ - INFO - 162 - trainer - [0/190] Loss: 1.0680
2026/08/30 23:54:26 - __main__ - INFO - 162 - trainer - [39/190] Loss: 1.0564
2026/08/30 23:54:31 - __main__ - INFO - 162 - trainer - [78/190] Loss: 1.0544
2026/08/30 23:54:36 - __main__ - INFO - 162 - trainer - [117/190] Loss: 1.0572
2026/08/30 23:54:41 - __main__ - INFO - 162 - trainer - [156/190] Loss: 1.0766
2026/08/30 23:54:46 - __main__ - INFO - 167 - trainer - Average loss in epoch 257: 1.0620
2026/08/30 23:54:46 - __main__ - INFO - 117 - trainer - Epoch: 258
2026/08/30 23:54:46 - __main__ - INFO - 162 - trainer - [0/190] Loss: 1.0433
2026/08/30 23:54:51 - __main__ - INFO - 162 - trainer - [39/190] Loss: 1.0616
2026/08/30 23:54:57 - __main__ - INFO - 162 - trainer - [78/190] Loss: 1.0428
2026/08/30 23:55:02 - __main__ - INFO - 162 - trainer - [117/190] Loss: 1.0637
2026/08/30 23:55:08 - __main__ - INFO - 162 - trainer - [156/190] Loss: 1.0494
2026/08/30 23:55:12 - __main__ - INFO - 167 - trainer - Average loss in epoch 258: 1.0602
2026/08/30 23:55:12 - __main__ - INFO - 117 - trainer - Epoch: 259
2026/08/30 23:55:12 - __main__ - INFO - 162 - trainer - [0/190] Loss: 1.0648
2026/08/30 23:55:18 - __main__ - INFO - 162 - trainer - [39/190] Loss: 1.0675
2026/08/30 23:55:23 - __main__ - INFO - 162 - trainer - [78/190] Loss: 1.0692
2026/08/30 23:55:28 - __main__ - INFO - 162 - trainer - [117/190] Loss: 1.0562
2026/08/30 23:55:33 - __main__ - INFO - 162 - trainer - [156/190] Loss: 1.0610
2026/08/30 23:55:37 - __main__ - INFO - 167 - trainer - Average loss in epoch 259: 1.0611
2026/08/30 23:55:37 - __main__ - INFO - 117 - trainer - Epoch: 260
2026/08/30 23:55:38 - __main__ - INFO - 162 - trainer - [0/190] Loss: 1.0549
2026/08/30 23:55:43 - __main__ - INFO - 162 - trainer - [39/190] Loss: 1.0686
2026/08/30 23:55:49 - __main__ - INFO - 162 - trainer - [78/190] Loss: 1.0681
2026/08/30 23:55:54 - __main__ - INFO - 162 - trainer - [117/190] Loss: 1.0539
2026/08/30 23:56:00 - __main__ - INFO - 162 - trainer - [156/190] Loss: 1.0497
2026/08/30 23:56:05 - __main__ - INFO - 167 - trainer - Average loss in epoch 260: 1.0605
2026/08/30 23:56:05 - __main__ - INFO - 173 - trainer - start predicting: 2026-08-30 23:56:05.264650
2026/08/30 23:56:07 - __main__ - INFO - 203 - trainer - {'Best_HR@5': np.float64(9.9446), 'Best_HR@10': np.float64(16.6718), 'Best_HR@20': np.float64(26.2376), 'Best_NDCG@5': np.float64(5.9372), 'Best_NDCG@10': np.float64(7.9544), 'Best_NDCG@20': np.float64(10.3985)}
2026/08/30 23:56:07 - __main__ - INFO - 204 - trainer - {'Best_epoch_HR@5': 100, 'Best_epoch_HR@10': 260, 'Best_epoch_HR@20': 80, 'Best_epoch_NDCG@5': 100, 'Best_epoch_NDCG@10': 80, 'Best_epoch_NDCG@20': 80}
2026/08/30 23:56:07 - __main__ - INFO - 117 - trainer - Epoch: 261
2026/08/30 23:56:07 - __main__ - INFO - 162 - trainer - [0/190] Loss: 1.0634
2026/08/30 23:56:13 - __main__ - INFO - 162 - trainer - [39/190] Loss: 1.0549
2026/08/30 23:56:18 - __main__ - INFO - 162 - trainer - [78/190] Loss: 1.0684
2026/08/30 23:56:23 - __main__ - INFO - 162 - trainer - [117/190] Loss: 1.0379
2026/08/30 23:56:28 - __main__ - INFO - 162 - trainer - [156/190] Loss: 1.0657
2026/08/30 23:56:32 - __main__ - INFO - 167 - trainer - Average loss in epoch 261: 1.0614
2026/08/30 23:56:32 - __main__ - INFO - 117 - trainer - Epoch: 262
2026/08/30 23:56:32 - __main__ - INFO - 162 - trainer - [0/190] Loss: 1.0725
2026/08/30 23:56:38 - __main__ - INFO - 162 - trainer - [39/190] Loss: 1.0724
2026/08/30 23:56:43 - __main__ - INFO - 162 - trainer - [78/190] Loss: 1.0527
2026/08/30 23:56:49 - __main__ - INFO - 162 - trainer - [117/190] Loss: 1.0493
2026/08/30 23:56:54 - __main__ - INFO - 162 - trainer - [156/190] Loss: 1.0820
2026/08/30 23:56:59 - __main__ - INFO - 167 - trainer - Average loss in epoch 262: 1.0607
2026/08/30 23:56:59 - __main__ - INFO - 117 - trainer - Epoch: 263
2026/08/30 23:56:59 - __main__ - INFO - 162 - trainer - [0/190] Loss: 1.0677
2026/08/30 23:57:04 - __main__ - INFO - 162 - trainer - [39/190] Loss: 1.0500
2026/08/30 23:57:10 - __main__ - INFO - 162 - trainer - [78/190] Loss: 1.0644
2026/08/30 23:57:15 - __main__ - INFO - 162 - trainer - [117/190] Loss: 1.0428
2026/08/30 23:57:21 - __main__ - INFO - 162 - trainer - [156/190] Loss: 1.0550
2026/08/30 23:57:25 - __main__ - INFO - 167 - trainer - Average loss in epoch 263: 1.0611
2026/08/30 23:57:25 - __main__ - INFO - 117 - trainer - Epoch: 264
2026/08/30 23:57:25 - __main__ - INFO - 162 - trainer - [0/190] Loss: 1.0551
2026/08/30 23:57:31 - __main__ - INFO - 162 - trainer - [39/190] Loss: 1.0630
2026/08/30 23:57:36 - __main__ - INFO - 162 - trainer - [78/190] Loss: 1.0646
2026/08/30 23:57:41 - __main__ - INFO - 162 - trainer - [117/190] Loss: 1.0540
2026/08/30 23:57:47 - __main__ - INFO - 162 - trainer - [156/190] Loss: 1.0422
2026/08/30 23:57:52 - __main__ - INFO - 167 - trainer - Average loss in epoch 264: 1.0604
2026/08/30 23:57:52 - __main__ - INFO - 117 - trainer - Epoch: 265
2026/08/30 23:57:52 - __main__ - INFO - 162 - trainer - [0/190] Loss: 1.0605
2026/08/30 23:57:57 - __main__ - INFO - 162 - trainer - [39/190] Loss: 1.0611
2026/08/30 23:58:03 - __main__ - INFO - 162 - trainer - [78/190] Loss: 1.0746
2026/08/30 23:58:08 - __main__ - INFO - 162 - trainer - [117/190] Loss: 1.0777
2026/08/30 23:58:14 - __main__ - INFO - 162 - trainer - [156/190] Loss: 1.0693
2026/08/30 23:58:18 - __main__ - INFO - 167 - trainer - Average loss in epoch 265: 1.0612
2026/08/30 23:58:18 - __main__ - INFO - 117 - trainer - Epoch: 266
2026/08/30 23:58:18 - __main__ - INFO - 162 - trainer - [0/190] Loss: 1.0577
2026/08/30 23:58:24 - __main__ - INFO - 162 - trainer - [39/190] Loss: 1.0494
2026/08/30 23:58:29 - __main__ - INFO - 162 - trainer - [78/190] Loss: 1.0699
2026/08/30 23:58:35 - __main__ - INFO - 162 - trainer - [117/190] Loss: 1.0699
2026/08/30 23:58:40 - __main__ - INFO - 162 - trainer - [156/190] Loss: 1.0618
2026/08/30 23:58:45 - __main__ - INFO - 167 - trainer - Average loss in epoch 266: 1.0607
2026/08/30 23:58:45 - __main__ - INFO - 117 - trainer - Epoch: 267
2026/08/30 23:58:45 - __main__ - INFO - 162 - trainer - [0/190] Loss: 1.0597
2026/08/30 23:58:50 - __main__ - INFO - 162 - trainer - [39/190] Loss: 1.0514
2026/08/30 23:58:56 - __main__ - INFO - 162 - trainer - [78/190] Loss: 1.0501
2026/08/30 23:59:01 - __main__ - INFO - 162 - trainer - [117/190] Loss: 1.0976
2026/08/30 23:59:07 - __main__ - INFO - 162 - trainer - [156/190] Loss: 1.0458
2026/08/30 23:59:11 - __main__ - INFO - 167 - trainer - Average loss in epoch 267: 1.0604
2026/08/30 23:59:11 - __main__ - INFO - 117 - trainer - Epoch: 268
2026/08/30 23:59:11 - __main__ - INFO - 162 - trainer - [0/190] Loss: 1.0508
2026/08/30 23:59:17 - __main__ - INFO - 162 - trainer - [39/190] Loss: 1.0548
2026/08/30 23:59:22 - __main__ - INFO - 162 - trainer - [78/190] Loss: 1.0537
2026/08/30 23:59:27 - __main__ - INFO - 162 - trainer - [117/190] Loss: 1.0550
2026/08/30 23:59:33 - __main__ - INFO - 162 - trainer - [156/190] Loss: 1.0638
2026/08/30 23:59:37 - __main__ - INFO - 167 - trainer - Average loss in epoch 268: 1.0609
2026/08/30 23:59:37 - __main__ - INFO - 117 - trainer - Epoch: 269
2026/08/30 23:59:37 - __main__ - INFO - 162 - trainer - [0/190] Loss: 1.0471
2026/08/30 23:59:43 - __main__ - INFO - 162 - trainer - [39/190] Loss: 1.0576
2026/08/30 23:59:49 - __main__ - INFO - 162 - trainer - [78/190] Loss: 1.0721
2026/08/30 23:59:54 - __main__ - INFO - 162 - trainer - [117/190] Loss: 1.0464
2026/08/30 23:59:59 - __main__ - INFO - 162 - trainer - [156/190] Loss: 1.0754
2026/08/31 00:00:04 - __main__ - INFO - 167 - trainer - Average loss in epoch 269: 1.0604
2026/08/31 00:00:04 - __main__ - INFO - 117 - trainer - Epoch: 270
2026/08/31 00:00:04 - __main__ - INFO - 162 - trainer - [0/190] Loss: 1.0605
2026/08/31 00:00:09 - __main__ - INFO - 162 - trainer - [39/190] Loss: 1.0602
2026/08/31 00:00:15 - __main__ - INFO - 162 - trainer - [78/190] Loss: 1.0349
2026/08/31 00:00:20 - __main__ - INFO - 162 - trainer - [117/190] Loss: 1.0444
2026/08/31 00:00:26 - __main__ - INFO - 162 - trainer - [156/190] Loss: 1.0575
2026/08/31 00:00:30 - __main__ - INFO - 167 - trainer - Average loss in epoch 270: 1.0606
2026/08/31 00:00:30 - __main__ - INFO - 117 - trainer - Epoch: 271
2026/08/31 00:00:30 - __main__ - INFO - 162 - trainer - [0/190] Loss: 1.0520
2026/08/31 00:00:36 - __main__ - INFO - 162 - trainer - [39/190] Loss: 1.0710
2026/08/31 00:00:41 - __main__ - INFO - 162 - trainer - [78/190] Loss: 1.0634
2026/08/31 00:00:47 - __main__ - INFO - 162 - trainer - [117/190] Loss: 1.0637
2026/08/31 00:00:52 - __main__ - INFO - 162 - trainer - [156/190] Loss: 1.0518
2026/08/31 00:00:56 - __main__ - INFO - 167 - trainer - Average loss in epoch 271: 1.0610
2026/08/31 00:00:56 - __main__ - INFO - 117 - trainer - Epoch: 272
2026/08/31 00:00:56 - __main__ - INFO - 162 - trainer - [0/190] Loss: 1.0594
2026/08/31 00:01:02 - __main__ - INFO - 162 - trainer - [39/190] Loss: 1.0657
2026/08/31 00:01:07 - __main__ - INFO - 162 - trainer - [78/190] Loss: 1.0594
2026/08/31 00:01:12 - __main__ - INFO - 162 - trainer - [117/190] Loss: 1.0705
2026/08/31 00:01:18 - __main__ - INFO - 162 - trainer - [156/190] Loss: 1.0746
2026/08/31 00:01:22 - __main__ - INFO - 167 - trainer - Average loss in epoch 272: 1.0600
2026/08/31 00:01:22 - __main__ - INFO - 117 - trainer - Epoch: 273
2026/08/31 00:01:23 - __main__ - INFO - 162 - trainer - [0/190] Loss: 1.0702
2026/08/31 00:01:28 - __main__ - INFO - 162 - trainer - [39/190] Loss: 1.0544
2026/08/31 00:01:33 - __main__ - INFO - 162 - trainer - [78/190] Loss: 1.0683
2026/08/31 00:01:38 - __main__ - INFO - 162 - trainer - [117/190] Loss: 1.0646
2026/08/31 00:01:44 - __main__ - INFO - 162 - trainer - [156/190] Loss: 1.0636
2026/08/31 00:01:49 - __main__ - INFO - 167 - trainer - Average loss in epoch 273: 1.0612
2026/08/31 00:01:49 - __main__ - INFO - 117 - trainer - Epoch: 274
2026/08/31 00:01:49 - __main__ - INFO - 162 - trainer - [0/190] Loss: 1.0668
2026/08/31 00:01:54 - __main__ - INFO - 162 - trainer - [39/190] Loss: 1.0636
2026/08/31 00:01:59 - __main__ - INFO - 162 - trainer - [78/190] Loss: 1.0573
2026/08/31 00:02:05 - __main__ - INFO - 162 - trainer - [117/190] Loss: 1.0737
2026/08/31 00:02:10 - __main__ - INFO - 162 - trainer - [156/190] Loss: 1.0577
2026/08/31 00:02:15 - __main__ - INFO - 167 - trainer - Average loss in epoch 274: 1.0603
2026/08/31 00:02:15 - __main__ - INFO - 117 - trainer - Epoch: 275
2026/08/31 00:02:15 - __main__ - INFO - 162 - trainer - [0/190] Loss: 1.0522
2026/08/31 00:02:20 - __main__ - INFO - 162 - trainer - [39/190] Loss: 1.0638
2026/08/31 00:02:26 - __main__ - INFO - 162 - trainer - [78/190] Loss: 1.0372
2026/08/31 00:02:31 - __main__ - INFO - 162 - trainer - [117/190] Loss: 1.0588
2026/08/31 00:02:37 - __main__ - INFO - 162 - trainer - [156/190] Loss: 1.0675
2026/08/31 00:02:41 - __main__ - INFO - 167 - trainer - Average loss in epoch 275: 1.0604
2026/08/31 00:02:41 - __main__ - INFO - 117 - trainer - Epoch: 276
2026/08/31 00:02:41 - __main__ - INFO - 162 - trainer - [0/190] Loss: 1.0662
2026/08/31 00:02:47 - __main__ - INFO - 162 - trainer - [39/190] Loss: 1.0570
2026/08/31 00:02:52 - __main__ - INFO - 162 - trainer - [78/190] Loss: 1.0562
2026/08/31 00:02:58 - __main__ - INFO - 162 - trainer - [117/190] Loss: 1.0496
2026/08/31 00:03:03 - __main__ - INFO - 162 - trainer - [156/190] Loss: 1.0617
2026/08/31 00:03:08 - __main__ - INFO - 167 - trainer - Average loss in epoch 276: 1.0607
2026/08/31 00:03:08 - __main__ - INFO - 117 - trainer - Epoch: 277
2026/08/31 00:03:08 - __main__ - INFO - 162 - trainer - [0/190] Loss: 1.0783
2026/08/31 00:03:13 - __main__ - INFO - 162 - trainer - [39/190] Loss: 1.0512
2026/08/31 00:03:18 - __main__ - INFO - 162 - trainer - [78/190] Loss: 1.0704
2026/08/31 00:03:24 - __main__ - INFO - 162 - trainer - [117/190] Loss: 1.0631
2026/08/31 00:03:29 - __main__ - INFO - 162 - trainer - [156/190] Loss: 1.0508
2026/08/31 00:03:34 - __main__ - INFO - 167 - trainer - Average loss in epoch 277: 1.0609
2026/08/31 00:03:34 - __main__ - INFO - 117 - trainer - Epoch: 278
2026/08/31 00:03:34 - __main__ - INFO - 162 - trainer - [0/190] Loss: 1.0423
2026/08/31 00:03:39 - __main__ - INFO - 162 - trainer - [39/190] Loss: 1.0520
2026/08/31 00:03:45 - __main__ - INFO - 162 - trainer - [78/190] Loss: 1.0676
2026/08/31 00:03:50 - __main__ - INFO - 162 - trainer - [117/190] Loss: 1.0501
2026/08/31 00:03:55 - __main__ - INFO - 162 - trainer - [156/190] Loss: 1.0467
2026/08/31 00:04:00 - __main__ - INFO - 167 - trainer - Average loss in epoch 278: 1.0604
2026/08/31 00:04:00 - __main__ - INFO - 117 - trainer - Epoch: 279
2026/08/31 00:04:00 - __main__ - INFO - 162 - trainer - [0/190] Loss: 1.0791
2026/08/31 00:04:05 - __main__ - INFO - 162 - trainer - [39/190] Loss: 1.0740
2026/08/31 00:04:11 - __main__ - INFO - 162 - trainer - [78/190] Loss: 1.0462
2026/08/31 00:04:16 - __main__ - INFO - 162 - trainer - [117/190] Loss: 1.0739
2026/08/31 00:04:21 - __main__ - INFO - 162 - trainer - [156/190] Loss: 1.0751
2026/08/31 00:04:26 - __main__ - INFO - 167 - trainer - Average loss in epoch 279: 1.0610
2026/08/31 00:04:26 - __main__ - INFO - 117 - trainer - Epoch: 280
2026/08/31 00:04:26 - __main__ - INFO - 162 - trainer - [0/190] Loss: 1.0685
2026/08/31 00:04:31 - __main__ - INFO - 162 - trainer - [39/190] Loss: 1.0534
2026/08/31 00:04:37 - __main__ - INFO - 162 - trainer - [78/190] Loss: 1.0487
2026/08/31 00:04:42 - __main__ - INFO - 162 - trainer - [117/190] Loss: 1.0613
2026/08/31 00:04:48 - __main__ - INFO - 162 - trainer - [156/190] Loss: 1.0833
2026/08/31 00:04:52 - __main__ - INFO - 167 - trainer - Average loss in epoch 280: 1.0603
2026/08/31 00:04:52 - __main__ - INFO - 173 - trainer - start predicting: 2026-08-31 00:04:52.692809
2026/08/31 00:04:55 - __main__ - INFO - 203 - trainer - {'Best_HR@5': np.float64(9.9446), 'Best_HR@10': np.float64(16.7695), 'Best_HR@20': np.float64(26.2376), 'Best_NDCG@5': np.float64(5.9372), 'Best_NDCG@10': np.float64(7.9544), 'Best_NDCG@20': np.float64(10.3985)}
2026/08/31 00:04:55 - __main__ - INFO - 204 - trainer - {'Best_epoch_HR@5': 100, 'Best_epoch_HR@10': 280, 'Best_epoch_HR@20': 80, 'Best_epoch_NDCG@5': 100, 'Best_epoch_NDCG@10': 80, 'Best_epoch_NDCG@20': 80}
2026/08/31 00:04:55 - __main__ - INFO - 117 - trainer - Epoch: 281
2026/08/31 00:04:55 - __main__ - INFO - 162 - trainer - [0/190] Loss: 1.0560
2026/08/31 00:05:00 - __main__ - INFO - 162 - trainer - [39/190] Loss: 1.0604
2026/08/31 00:05:06 - __main__ - INFO - 162 - trainer - [78/190] Loss: 1.0576
2026/08/31 00:05:11 - __main__ - INFO - 162 - trainer - [117/190] Loss: 1.0630
2026/08/31 00:05:17 - __main__ - INFO - 162 - trainer - [156/190] Loss: 1.0722
2026/08/31 00:05:21 - __main__ - INFO - 167 - trainer - Average loss in epoch 281: 1.0606
2026/08/31 00:05:21 - __main__ - INFO - 117 - trainer - Epoch: 282
2026/08/31 00:05:21 - __main__ - INFO - 162 - trainer - [0/190] Loss: 1.0507
2026/08/31 00:05:27 - __main__ - INFO - 162 - trainer - [39/190] Loss: 1.0410
2026/08/31 00:05:32 - __main__ - INFO - 162 - trainer - [78/190] Loss: 1.0504
2026/08/31 00:05:37 - __main__ - INFO - 162 - trainer - [117/190] Loss: 1.0510
2026/08/31 00:05:43 - __main__ - INFO - 162 - trainer - [156/190] Loss: 1.0675
2026/08/31 00:05:47 - __main__ - INFO - 167 - trainer - Average loss in epoch 282: 1.0607
2026/08/31 00:05:47 - __main__ - INFO - 117 - trainer - Epoch: 283
2026/08/31 00:05:48 - __main__ - INFO - 162 - trainer - [0/190] Loss: 1.0698
2026/08/31 00:05:53 - __main__ - INFO - 162 - trainer - [39/190] Loss: 1.0618
2026/08/31 00:05:58 - __main__ - INFO - 162 - trainer - [78/190] Loss: 1.0707
2026/08/31 00:06:04 - __main__ - INFO - 162 - trainer - [117/190] Loss: 1.0561
2026/08/31 00:06:09 - __main__ - INFO - 162 - trainer - [156/190] Loss: 1.0522
2026/08/31 00:06:14 - __main__ - INFO - 167 - trainer - Average loss in epoch 283: 1.0609
2026/08/31 00:06:14 - __main__ - INFO - 117 - trainer - Epoch: 284
2026/08/31 00:06:14 - __main__ - INFO - 162 - trainer - [0/190] Loss: 1.0700
2026/08/31 00:06:19 - __main__ - INFO - 162 - trainer - [39/190] Loss: 1.0701
2026/08/31 00:06:25 - __main__ - INFO - 162 - trainer - [78/190] Loss: 1.0493
2026/08/31 00:06:30 - __main__ - INFO - 162 - trainer - [117/190] Loss: 1.0797
2026/08/31 00:06:35 - __main__ - INFO - 162 - trainer - [156/190] Loss: 1.0637
2026/08/31 00:06:40 - __main__ - INFO - 167 - trainer - Average loss in epoch 284: 1.0606
2026/08/31 00:06:40 - __main__ - INFO - 117 - trainer - Epoch: 285
2026/08/31 00:06:40 - __main__ - INFO - 162 - trainer - [0/190] Loss: 1.0466
2026/08/31 00:06:45 - __main__ - INFO - 162 - trainer - [39/190] Loss: 1.0639
2026/08/31 00:06:50 - __main__ - INFO - 162 - trainer - [78/190] Loss: 1.0579
2026/08/31 00:06:56 - __main__ - INFO - 162 - trainer - [117/190] Loss: 1.0580
2026/08/31 00:07:01 - __main__ - INFO - 162 - trainer - [156/190] Loss: 1.0676
2026/08/31 00:07:05 - __main__ - INFO - 167 - trainer - Average loss in epoch 285: 1.0602
2026/08/31 00:07:05 - __main__ - INFO - 117 - trainer - Epoch: 286
2026/08/31 00:07:05 - __main__ - INFO - 162 - trainer - [0/190] Loss: 1.0742
2026/08/31 00:07:11 - __main__ - INFO - 162 - trainer - [39/190] Loss: 1.0712
2026/08/31 00:07:16 - __main__ - INFO - 162 - trainer - [78/190] Loss: 1.0527
2026/08/31 00:07:21 - __main__ - INFO - 162 - trainer - [117/190] Loss: 1.0647
2026/08/31 00:07:26 - __main__ - INFO - 162 - trainer - [156/190] Loss: 1.1017
2026/08/31 00:07:31 - __main__ - INFO - 167 - trainer - Average loss in epoch 286: 1.0609
2026/08/31 00:07:31 - __main__ - INFO - 117 - trainer - Epoch: 287
2026/08/31 00:07:31 - __main__ - INFO - 162 - trainer - [0/190] Loss: 1.0615
2026/08/31 00:07:37 - __main__ - INFO - 162 - trainer - [39/190] Loss: 1.0762
2026/08/31 00:07:42 - __main__ - INFO - 162 - trainer - [78/190] Loss: 1.0586
2026/08/31 00:07:47 - __main__ - INFO - 162 - trainer - [117/190] Loss: 1.0611
2026/08/31 00:07:52 - __main__ - INFO - 162 - trainer - [156/190] Loss: 1.0453
2026/08/31 00:07:57 - __main__ - INFO - 167 - trainer - Average loss in epoch 287: 1.0599
2026/08/31 00:07:57 - __main__ - INFO - 117 - trainer - Epoch: 288
2026/08/31 00:07:57 - __main__ - INFO - 162 - trainer - [0/190] Loss: 1.0614
2026/08/31 00:08:02 - __main__ - INFO - 162 - trainer - [39/190] Loss: 1.0407
2026/08/31 00:08:08 - __main__ - INFO - 162 - trainer - [78/190] Loss: 1.0604
2026/08/31 00:08:13 - __main__ - INFO - 162 - trainer - [117/190] Loss: 1.0777
2026/08/31 00:08:18 - __main__ - INFO - 162 - trainer - [156/190] Loss: 1.0393
2026/08/31 00:08:22 - __main__ - INFO - 167 - trainer - Average loss in epoch 288: 1.0611
2026/08/31 00:08:22 - __main__ - INFO - 117 - trainer - Epoch: 289
2026/08/31 00:08:22 - __main__ - INFO - 162 - trainer - [0/190] Loss: 1.0679
2026/08/31 00:08:28 - __main__ - INFO - 162 - trainer - [39/190] Loss: 1.0771
2026/08/31 00:08:33 - __main__ - INFO - 162 - trainer - [78/190] Loss: 1.0483
2026/08/31 00:08:38 - __main__ - INFO - 162 - trainer - [117/190] Loss: 1.0518
2026/08/31 00:08:44 - __main__ - INFO - 162 - trainer - [156/190] Loss: 1.0819
2026/08/31 00:08:48 - __main__ - INFO - 167 - trainer - Average loss in epoch 289: 1.0603
2026/08/31 00:08:48 - __main__ - INFO - 117 - trainer - Epoch: 290
2026/08/31 00:08:48 - __main__ - INFO - 162 - trainer - [0/190] Loss: 1.0710
2026/08/31 00:08:54 - __main__ - INFO - 162 - trainer - [39/190] Loss: 1.0684
2026/08/31 00:08:59 - __main__ - INFO - 162 - trainer - [78/190] Loss: 1.0475
2026/08/31 00:09:04 - __main__ - INFO - 162 - trainer - [117/190] Loss: 1.0537
2026/08/31 00:09:09 - __main__ - INFO - 162 - trainer - [156/190] Loss: 1.0400
2026/08/31 00:09:14 - __main__ - INFO - 167 - trainer - Average loss in epoch 290: 1.0605
2026/08/31 00:09:14 - __main__ - INFO - 117 - trainer - Epoch: 291
2026/08/31 00:09:14 - __main__ - INFO - 162 - trainer - [0/190] Loss: 1.0460
2026/08/31 00:09:19 - __main__ - INFO - 162 - trainer - [39/190] Loss: 1.0552
2026/08/31 00:09:24 - __main__ - INFO - 162 - trainer - [78/190] Loss: 1.0592
2026/08/31 00:09:30 - __main__ - INFO - 162 - trainer - [117/190] Loss: 1.0520
2026/08/31 00:09:35 - __main__ - INFO - 162 - trainer - [156/190] Loss: 1.0568
2026/08/31 00:09:40 - __main__ - INFO - 167 - trainer - Average loss in epoch 291: 1.0604
2026/08/31 00:09:40 - __main__ - INFO - 117 - trainer - Epoch: 292
2026/08/31 00:09:40 - __main__ - INFO - 162 - trainer - [0/190] Loss: 1.0762
2026/08/31 00:09:45 - __main__ - INFO - 162 - trainer - [39/190] Loss: 1.0577
2026/08/31 00:09:50 - __main__ - INFO - 162 - trainer - [78/190] Loss: 1.0566
2026/08/31 00:09:56 - __main__ - INFO - 162 - trainer - [117/190] Loss: 1.0608
2026/08/31 00:10:01 - __main__ - INFO - 162 - trainer - [156/190] Loss: 1.0725
2026/08/31 00:10:05 - __main__ - INFO - 167 - trainer - Average loss in epoch 292: 1.0602
2026/08/31 00:10:05 - __main__ - INFO - 117 - trainer - Epoch: 293
2026/08/31 00:10:06 - __main__ - INFO - 162 - trainer - [0/190] Loss: 1.0569
2026/08/31 00:10:11 - __main__ - INFO - 162 - trainer - [39/190] Loss: 1.0756
2026/08/31 00:10:16 - __main__ - INFO - 162 - trainer - [78/190] Loss: 1.0728
2026/08/31 00:10:21 - __main__ - INFO - 162 - trainer - [117/190] Loss: 1.0500
2026/08/31 00:10:27 - __main__ - INFO - 162 - trainer - [156/190] Loss: 1.0453
2026/08/31 00:10:31 - __main__ - INFO - 167 - trainer - Average loss in epoch 293: 1.0608
2026/08/31 00:10:31 - __main__ - INFO - 117 - trainer - Epoch: 294
2026/08/31 00:10:31 - __main__ - INFO - 162 - trainer - [0/190] Loss: 1.0306
2026/08/31 00:10:36 - __main__ - INFO - 162 - trainer - [39/190] Loss: 1.0607
2026/08/31 00:10:42 - __main__ - INFO - 162 - trainer - [78/190] Loss: 1.0717
2026/08/31 00:10:47 - __main__ - INFO - 162 - trainer - [117/190] Loss: 1.0610
2026/08/31 00:10:52 - __main__ - INFO - 162 - trainer - [156/190] Loss: 1.0522
2026/08/31 00:10:57 - __main__ - INFO - 167 - trainer - Average loss in epoch 294: 1.0603
2026/08/31 00:10:57 - __main__ - INFO - 117 - trainer - Epoch: 295
2026/08/31 00:10:57 - __main__ - INFO - 162 - trainer - [0/190] Loss: 1.0825
2026/08/31 00:11:02 - __main__ - INFO - 162 - trainer - [39/190] Loss: 1.0629
2026/08/31 00:11:07 - __main__ - INFO - 162 - trainer - [78/190] Loss: 1.0567
2026/08/31 00:11:13 - __main__ - INFO - 162 - trainer - [117/190] Loss: 1.0420
2026/08/31 00:11:18 - __main__ - INFO - 162 - trainer - [156/190] Loss: 1.0466
2026/08/31 00:11:22 - __main__ - INFO - 167 - trainer - Average loss in epoch 295: 1.0603
2026/08/31 00:11:22 - __main__ - INFO - 117 - trainer - Epoch: 296
2026/08/31 00:11:22 - __main__ - INFO - 162 - trainer - [0/190] Loss: 1.0804
2026/08/31 00:11:28 - __main__ - INFO - 162 - trainer - [39/190] Loss: 1.0498
2026/08/31 00:11:33 - __main__ - INFO - 162 - trainer - [78/190] Loss: 1.0547
2026/08/31 00:11:38 - __main__ - INFO - 162 - trainer - [117/190] Loss: 1.0473
2026/08/31 00:11:44 - __main__ - INFO - 162 - trainer - [156/190] Loss: 1.0984
2026/08/31 00:11:48 - __main__ - INFO - 167 - trainer - Average loss in epoch 296: 1.0614
2026/08/31 00:11:48 - __main__ - INFO - 117 - trainer - Epoch: 297
2026/08/31 00:11:48 - __main__ - INFO - 162 - trainer - [0/190] Loss: 1.0460
2026/08/31 00:11:53 - __main__ - INFO - 162 - trainer - [39/190] Loss: 1.0602
2026/08/31 00:11:58 - __main__ - INFO - 162 - trainer - [78/190] Loss: 1.0703
2026/08/31 00:12:04 - __main__ - INFO - 162 - trainer - [117/190] Loss: 1.0901
2026/08/31 00:12:09 - __main__ - INFO - 162 - trainer - [156/190] Loss: 1.0809
2026/08/31 00:12:13 - __main__ - INFO - 167 - trainer - Average loss in epoch 297: 1.0609
2026/08/31 00:12:13 - __main__ - INFO - 117 - trainer - Epoch: 298
2026/08/31 00:12:14 - __main__ - INFO - 162 - trainer - [0/190] Loss: 1.0691
2026/08/31 00:12:19 - __main__ - INFO - 162 - trainer - [39/190] Loss: 1.0450
2026/08/31 00:12:24 - __main__ - INFO - 162 - trainer - [78/190] Loss: 1.0739
2026/08/31 00:12:29 - __main__ - INFO - 162 - trainer - [117/190] Loss: 1.0708
2026/08/31 00:12:35 - __main__ - INFO - 162 - trainer - [156/190] Loss: 1.0654
2026/08/31 00:12:39 - __main__ - INFO - 167 - trainer - Average loss in epoch 298: 1.0603
2026/08/31 00:12:39 - __main__ - INFO - 117 - trainer - Epoch: 299
2026/08/31 00:12:39 - __main__ - INFO - 162 - trainer - [0/190] Loss: 1.0502
2026/08/31 00:12:45 - __main__ - INFO - 162 - trainer - [39/190] Loss: 1.0612
2026/08/31 00:12:50 - __main__ - INFO - 162 - trainer - [78/190] Loss: 1.0764
2026/08/31 00:12:55 - __main__ - INFO - 162 - trainer - [117/190] Loss: 1.0485
2026/08/31 00:13:01 - __main__ - INFO - 162 - trainer - [156/190] Loss: 1.0550
2026/08/31 00:13:05 - __main__ - INFO - 167 - trainer - Average loss in epoch 299: 1.0602
2026/08/31 00:13:05 - __main__ - INFO - 117 - trainer - Epoch: 300
2026/08/31 00:13:05 - __main__ - INFO - 162 - trainer - [0/190] Loss: 1.0601
2026/08/31 00:13:10 - __main__ - INFO - 162 - trainer - [39/190] Loss: 1.0683
2026/08/31 00:13:16 - __main__ - INFO - 162 - trainer - [78/190] Loss: 1.0594
2026/08/31 00:13:21 - __main__ - INFO - 162 - trainer - [117/190] Loss: 1.0678
2026/08/31 00:13:27 - __main__ - INFO - 162 - trainer - [156/190] Loss: 1.0400
2026/08/31 00:13:31 - __main__ - INFO - 167 - trainer - Average loss in epoch 300: 1.0597
2026/08/31 00:13:31 - __main__ - INFO - 173 - trainer - start predicting: 2026-08-31 00:13:31.616187
2026/08/31 00:13:34 - __main__ - INFO - 117 - trainer - Epoch: 301
2026/08/31 00:13:34 - __main__ - INFO - 162 - trainer - [0/190] Loss: 1.0591
2026/08/31 00:13:39 - __main__ - INFO - 162 - trainer - [39/190] Loss: 1.0747
2026/08/31 00:13:44 - __main__ - INFO - 162 - trainer - [78/190] Loss: 1.0654
2026/08/31 00:13:49 - __main__ - INFO - 162 - trainer - [117/190] Loss: 1.0490
2026/08/31 00:13:55 - __main__ - INFO - 162 - trainer - [156/190] Loss: 1.0621
2026/08/31 00:13:59 - __main__ - INFO - 167 - trainer - Average loss in epoch 301: 1.0592
2026/08/31 00:13:59 - __main__ - INFO - 117 - trainer - Epoch: 302
2026/08/31 00:13:59 - __main__ - INFO - 162 - trainer - [0/190] Loss: 1.0744
2026/08/31 00:14:04 - __main__ - INFO - 162 - trainer - [39/190] Loss: 1.0628
2026/08/31 00:14:10 - __main__ - INFO - 162 - trainer - [78/190] Loss: 1.0500
2026/08/31 00:14:15 - __main__ - INFO - 162 - trainer - [117/190] Loss: 1.0785
2026/08/31 00:14:20 - __main__ - INFO - 162 - trainer - [156/190] Loss: 1.0563
2026/08/31 00:14:25 - __main__ - INFO - 167 - trainer - Average loss in epoch 302: 1.0599
2026/08/31 00:14:25 - __main__ - INFO - 117 - trainer - Epoch: 303
2026/08/31 00:14:25 - __main__ - INFO - 162 - trainer - [0/190] Loss: 1.0550
2026/08/31 00:14:30 - __main__ - INFO - 162 - trainer - [39/190] Loss: 1.0714
2026/08/31 00:14:35 - __main__ - INFO - 162 - trainer - [78/190] Loss: 1.0465
2026/08/31 00:14:40 - __main__ - INFO - 162 - trainer - [117/190] Loss: 1.0494
2026/08/31 00:14:46 - __main__ - INFO - 162 - trainer - [156/190] Loss: 1.0672
2026/08/31 00:14:50 - __main__ - INFO - 167 - trainer - Average loss in epoch 303: 1.0599
2026/08/31 00:14:50 - __main__ - INFO - 117 - trainer - Epoch: 304
2026/08/31 00:14:50 - __main__ - INFO - 162 - trainer - [0/190] Loss: 1.0628
2026/08/31 00:14:55 - __main__ - INFO - 162 - trainer - [39/190] Loss: 1.0596
2026/08/31 00:15:00 - __main__ - INFO - 162 - trainer - [78/190] Loss: 1.0646
2026/08/31 00:15:06 - __main__ - INFO - 162 - trainer - [117/190] Loss: 1.0488
2026/08/31 00:15:11 - __main__ - INFO - 162 - trainer - [156/190] Loss: 1.0547
2026/08/31 00:15:15 - __main__ - INFO - 167 - trainer - Average loss in epoch 304: 1.0607
2026/08/31 00:15:15 - __main__ - INFO - 117 - trainer - Epoch: 305
2026/08/31 00:15:15 - __main__ - INFO - 162 - trainer - [0/190] Loss: 1.0495
2026/08/31 00:15:21 - __main__ - INFO - 162 - trainer - [39/190] Loss: 1.0726
2026/08/31 00:15:26 - __main__ - INFO - 162 - trainer - [78/190] Loss: 1.0516
2026/08/31 00:15:31 - __main__ - INFO - 162 - trainer - [117/190] Loss: 1.0717
2026/08/31 00:15:37 - __main__ - INFO - 162 - trainer - [156/190] Loss: 1.0584
2026/08/31 00:15:41 - __main__ - INFO - 167 - trainer - Average loss in epoch 305: 1.0594
2026/08/31 00:15:41 - __main__ - INFO - 117 - trainer - Epoch: 306
2026/08/31 00:15:41 - __main__ - INFO - 162 - trainer - [0/190] Loss: 1.0627
2026/08/31 00:15:46 - __main__ - INFO - 162 - trainer - [39/190] Loss: 1.0380
2026/08/31 00:15:52 - __main__ - INFO - 162 - trainer - [78/190] Loss: 1.0649
2026/08/31 00:15:57 - __main__ - INFO - 162 - trainer - [117/190] Loss: 1.0332
2026/08/31 00:16:02 - __main__ - INFO - 162 - trainer - [156/190] Loss: 1.0558
2026/08/31 00:16:07 - __main__ - INFO - 167 - trainer - Average loss in epoch 306: 1.0598
2026/08/31 00:16:07 - __main__ - INFO - 117 - trainer - Epoch: 307
2026/08/31 00:16:07 - __main__ - INFO - 162 - trainer - [0/190] Loss: 1.0566
2026/08/31 00:16:12 - __main__ - INFO - 162 - trainer - [39/190] Loss: 1.0679
2026/08/31 00:16:17 - __main__ - INFO - 162 - trainer - [78/190] Loss: 1.0534
2026/08/31 00:16:22 - __main__ - INFO - 162 - trainer - [117/190] Loss: 1.0498
2026/08/31 00:16:28 - __main__ - INFO - 162 - trainer - [156/190] Loss: 1.0683
2026/08/31 00:16:32 - __main__ - INFO - 167 - trainer - Average loss in epoch 307: 1.0604
2026/08/31 00:16:32 - __main__ - INFO - 117 - trainer - Epoch: 308
2026/08/31 00:16:32 - __main__ - INFO - 162 - trainer - [0/190] Loss: 1.0613
2026/08/31 00:16:37 - __main__ - INFO - 162 - trainer - [39/190] Loss: 1.0458
2026/08/31 00:16:42 - __main__ - INFO - 162 - trainer - [78/190] Loss: 1.0752
2026/08/31 00:16:48 - __main__ - INFO - 162 - trainer - [117/190] Loss: 1.0542
2026/08/31 00:16:53 - __main__ - INFO - 162 - trainer - [156/190] Loss: 1.0754
2026/08/31 00:16:57 - __main__ - INFO - 167 - trainer - Average loss in epoch 308: 1.0600
2026/08/31 00:16:57 - __main__ - INFO - 117 - trainer - Epoch: 309
2026/08/31 00:16:57 - __main__ - INFO - 162 - trainer - [0/190] Loss: 1.0645
2026/08/31 00:17:03 - __main__ - INFO - 162 - trainer - [39/190] Loss: 1.0441
2026/08/31 00:17:08 - __main__ - INFO - 162 - trainer - [78/190] Loss: 1.0843
2026/08/31 00:17:13 - __main__ - INFO - 162 - trainer - [117/190] Loss: 1.0447
2026/08/31 00:17:19 - __main__ - INFO - 162 - trainer - [156/190] Loss: 1.0511
2026/08/31 00:17:23 - __main__ - INFO - 167 - trainer - Average loss in epoch 309: 1.0602
2026/08/31 00:17:23 - __main__ - INFO - 117 - trainer - Epoch: 310
2026/08/31 00:17:23 - __main__ - INFO - 162 - trainer - [0/190] Loss: 1.0600
2026/08/31 00:17:28 - __main__ - INFO - 162 - trainer - [39/190] Loss: 1.0615
2026/08/31 00:17:34 - __main__ - INFO - 162 - trainer - [78/190] Loss: 1.0686
2026/08/31 00:17:39 - __main__ - INFO - 162 - trainer - [117/190] Loss: 1.0760
2026/08/31 00:17:44 - __main__ - INFO - 162 - trainer - [156/190] Loss: 1.0472
2026/08/31 00:17:48 - __main__ - INFO - 167 - trainer - Average loss in epoch 310: 1.0601
2026/08/31 00:17:48 - __main__ - INFO - 117 - trainer - Epoch: 311
2026/08/31 00:17:48 - __main__ - INFO - 162 - trainer - [0/190] Loss: 1.0453
2026/08/31 00:17:54 - __main__ - INFO - 162 - trainer - [39/190] Loss: 1.0779
2026/08/31 00:17:59 - __main__ - INFO - 162 - trainer - [78/190] Loss: 1.0698
2026/08/31 00:18:04 - __main__ - INFO - 162 - trainer - [117/190] Loss: 1.0799
2026/08/31 00:18:09 - __main__ - INFO - 162 - trainer - [156/190] Loss: 1.0609
2026/08/31 00:18:14 - __main__ - INFO - 167 - trainer - Average loss in epoch 311: 1.0603
2026/08/31 00:18:14 - __main__ - INFO - 117 - trainer - Epoch: 312
2026/08/31 00:18:14 - __main__ - INFO - 162 - trainer - [0/190] Loss: 1.0553
2026/08/31 00:18:19 - __main__ - INFO - 162 - trainer - [39/190] Loss: 1.0508
2026/08/31 00:18:25 - __main__ - INFO - 162 - trainer - [78/190] Loss: 1.0649
2026/08/31 00:18:30 - __main__ - INFO - 162 - trainer - [117/190] Loss: 1.0821
2026/08/31 00:18:35 - __main__ - INFO - 162 - trainer - [156/190] Loss: 1.0614
2026/08/31 00:18:39 - __main__ - INFO - 167 - trainer - Average loss in epoch 312: 1.0601
2026/08/31 00:18:39 - __main__ - INFO - 117 - trainer - Epoch: 313
2026/08/31 00:18:39 - __main__ - INFO - 162 - trainer - [0/190] Loss: 1.0663
2026/08/31 00:18:45 - __main__ - INFO - 162 - trainer - [39/190] Loss: 1.0558
2026/08/31 00:18:50 - __main__ - INFO - 162 - trainer - [78/190] Loss: 1.0529
2026/08/31 00:18:55 - __main__ - INFO - 162 - trainer - [117/190] Loss: 1.0574
2026/08/31 00:19:00 - __main__ - INFO - 162 - trainer - [156/190] Loss: 1.0942
2026/08/31 00:19:04 - __main__ - INFO - 167 - trainer - Average loss in epoch 313: 1.0601
2026/08/31 00:19:04 - __main__ - INFO - 117 - trainer - Epoch: 314
2026/08/31 00:19:05 - __main__ - INFO - 162 - trainer - [0/190] Loss: 1.0476
2026/08/31 00:19:10 - __main__ - INFO - 162 - trainer - [39/190] Loss: 1.0452
2026/08/31 00:19:15 - __main__ - INFO - 162 - trainer - [78/190] Loss: 1.0534
2026/08/31 00:19:21 - __main__ - INFO - 162 - trainer - [117/190] Loss: 1.0582
2026/08/31 00:19:26 - __main__ - INFO - 162 - trainer - [156/190] Loss: 1.0639
2026/08/31 00:19:30 - __main__ - INFO - 167 - trainer - Average loss in epoch 314: 1.0601
2026/08/31 00:19:30 - __main__ - INFO - 117 - trainer - Epoch: 315
2026/08/31 00:19:30 - __main__ - INFO - 162 - trainer - [0/190] Loss: 1.0513
2026/08/31 00:19:36 - __main__ - INFO - 162 - trainer - [39/190] Loss: 1.0394
2026/08/31 00:19:41 - __main__ - INFO - 162 - trainer - [78/190] Loss: 1.0834
2026/08/31 00:19:46 - __main__ - INFO - 162 - trainer - [117/190] Loss: 1.0477
2026/08/31 00:19:51 - __main__ - INFO - 162 - trainer - [156/190] Loss: 1.0456
2026/08/31 00:19:55 - __main__ - INFO - 167 - trainer - Average loss in epoch 315: 1.0601
2026/08/31 00:19:55 - __main__ - INFO - 117 - trainer - Epoch: 316
2026/08/31 00:19:55 - __main__ - INFO - 162 - trainer - [0/190] Loss: 1.0533
2026/08/31 00:20:00 - __main__ - INFO - 162 - trainer - [39/190] Loss: 1.0436
2026/08/31 00:20:06 - __main__ - INFO - 162 - trainer - [78/190] Loss: 1.0775
2026/08/31 00:20:11 - __main__ - INFO - 162 - trainer - [117/190] Loss: 1.0730
2026/08/31 00:20:16 - __main__ - INFO - 162 - trainer - [156/190] Loss: 1.0798
2026/08/31 00:20:21 - __main__ - INFO - 167 - trainer - Average loss in epoch 316: 1.0597
2026/08/31 00:20:21 - __main__ - INFO - 117 - trainer - Epoch: 317
2026/08/31 00:20:21 - __main__ - INFO - 162 - trainer - [0/190] Loss: 1.0634
2026/08/31 00:20:26 - __main__ - INFO - 162 - trainer - [39/190] Loss: 1.0615
2026/08/31 00:20:31 - __main__ - INFO - 162 - trainer - [78/190] Loss: 1.0637
2026/08/31 00:20:36 - __main__ - INFO - 162 - trainer - [117/190] Loss: 1.0593
2026/08/31 00:20:42 - __main__ - INFO - 162 - trainer - [156/190] Loss: 1.0605
2026/08/31 00:20:46 - __main__ - INFO - 167 - trainer - Average loss in epoch 317: 1.0609
2026/08/31 00:20:46 - __main__ - INFO - 117 - trainer - Epoch: 318
2026/08/31 00:20:46 - __main__ - INFO - 162 - trainer - [0/190] Loss: 1.0408
2026/08/31 00:20:51 - __main__ - INFO - 162 - trainer - [39/190] Loss: 1.0552
2026/08/31 00:20:56 - __main__ - INFO - 162 - trainer - [78/190] Loss: 1.0756
2026/08/31 00:21:02 - __main__ - INFO - 162 - trainer - [117/190] Loss: 1.0543
2026/08/31 00:21:07 - __main__ - INFO - 162 - trainer - [156/190] Loss: 1.0747
2026/08/31 00:21:12 - __main__ - INFO - 167 - trainer - Average loss in epoch 318: 1.0599
2026/08/31 00:21:12 - __main__ - INFO - 117 - trainer - Epoch: 319
2026/08/31 00:21:12 - __main__ - INFO - 162 - trainer - [0/190] Loss: 1.0707
2026/08/31 00:21:17 - __main__ - INFO - 162 - trainer - [39/190] Loss: 1.0798
2026/08/31 00:21:22 - __main__ - INFO - 162 - trainer - [78/190] Loss: 1.0561
2026/08/31 00:21:28 - __main__ - INFO - 162 - trainer - [117/190] Loss: 1.0549
2026/08/31 00:21:33 - __main__ - INFO - 162 - trainer - [156/190] Loss: 1.0410
2026/08/31 00:21:38 - __main__ - INFO - 167 - trainer - Average loss in epoch 319: 1.0601
2026/08/31 00:21:38 - __main__ - INFO - 117 - trainer - Epoch: 320
2026/08/31 00:21:38 - __main__ - INFO - 162 - trainer - [0/190] Loss: 1.0526
2026/08/31 00:21:43 - __main__ - INFO - 162 - trainer - [39/190] Loss: 1.0730
2026/08/31 00:21:48 - __main__ - INFO - 162 - trainer - [78/190] Loss: 1.0453
2026/08/31 00:21:53 - __main__ - INFO - 162 - trainer - [117/190] Loss: 1.0726
2026/08/31 00:21:59 - __main__ - INFO - 162 - trainer - [156/190] Loss: 1.0399
2026/08/31 00:22:03 - __main__ - INFO - 167 - trainer - Average loss in epoch 320: 1.0596
2026/08/31 00:22:03 - __main__ - INFO - 173 - trainer - start predicting: 2026-08-31 00:22:03.872093
2026/08/31 00:22:06 - __main__ - INFO - 117 - trainer - Epoch: 321
2026/08/31 00:22:06 - __main__ - INFO - 162 - trainer - [0/190] Loss: 1.0792
2026/08/31 00:22:11 - __main__ - INFO - 162 - trainer - [39/190] Loss: 1.0673
2026/08/31 00:22:16 - __main__ - INFO - 162 - trainer - [78/190] Loss: 1.0552
2026/08/31 00:22:21 - __main__ - INFO - 162 - trainer - [117/190] Loss: 1.0794
2026/08/31 00:22:26 - __main__ - INFO - 162 - trainer - [156/190] Loss: 1.0455
2026/08/31 00:22:31 - __main__ - INFO - 167 - trainer - Average loss in epoch 321: 1.0598
2026/08/31 00:22:31 - __main__ - INFO - 117 - trainer - Epoch: 322
2026/08/31 00:22:31 - __main__ - INFO - 162 - trainer - [0/190] Loss: 1.0657
2026/08/31 00:22:36 - __main__ - INFO - 162 - trainer - [39/190] Loss: 1.0673
2026/08/31 00:22:41 - __main__ - INFO - 162 - trainer - [78/190] Loss: 1.0820
2026/08/31 00:22:46 - __main__ - INFO - 162 - trainer - [117/190] Loss: 1.0517
2026/08/31 00:22:51 - __main__ - INFO - 162 - trainer - [156/190] Loss: 1.0611
2026/08/31 00:22:56 - __main__ - INFO - 167 - trainer - Average loss in epoch 322: 1.0600
2026/08/31 00:22:56 - __main__ - INFO - 117 - trainer - Epoch: 323
2026/08/31 00:22:56 - __main__ - INFO - 162 - trainer - [0/190] Loss: 1.0657
2026/08/31 00:23:01 - __main__ - INFO - 162 - trainer - [39/190] Loss: 1.0508
2026/08/31 00:23:07 - __main__ - INFO - 162 - trainer - [78/190] Loss: 1.0584
2026/08/31 00:23:12 - __main__ - INFO - 162 - trainer - [117/190] Loss: 1.0665
2026/08/31 00:23:17 - __main__ - INFO - 162 - trainer - [156/190] Loss: 1.0594
2026/08/31 00:23:22 - __main__ - INFO - 167 - trainer - Average loss in epoch 323: 1.0600
2026/08/31 00:23:22 - __main__ - INFO - 117 - trainer - Epoch: 324
2026/08/31 00:23:22 - __main__ - INFO - 162 - trainer - [0/190] Loss: 1.0446
2026/08/31 00:23:27 - __main__ - INFO - 162 - trainer - [39/190] Loss: 1.0705
2026/08/31 00:23:32 - __main__ - INFO - 162 - trainer - [78/190] Loss: 1.0907
2026/08/31 00:23:37 - __main__ - INFO - 162 - trainer - [117/190] Loss: 1.0690
2026/08/31 00:23:42 - __main__ - INFO - 162 - trainer - [156/190] Loss: 1.0902
2026/08/31 00:23:47 - __main__ - INFO - 167 - trainer - Average loss in epoch 324: 1.0602
2026/08/31 00:23:47 - __main__ - INFO - 117 - trainer - Epoch: 325
2026/08/31 00:23:47 - __main__ - INFO - 162 - trainer - [0/190] Loss: 1.0528
2026/08/31 00:23:52 - __main__ - INFO - 162 - trainer - [39/190] Loss: 1.0581
2026/08/31 00:23:57 - __main__ - INFO - 162 - trainer - [78/190] Loss: 1.0574
2026/08/31 00:24:02 - __main__ - INFO - 162 - trainer - [117/190] Loss: 1.0533
2026/08/31 00:24:07 - __main__ - INFO - 162 - trainer - [156/190] Loss: 1.0626
2026/08/31 00:24:11 - __main__ - INFO - 167 - trainer - Average loss in epoch 325: 1.0600
2026/08/31 00:24:11 - __main__ - INFO - 117 - trainer - Epoch: 326
2026/08/31 00:24:12 - __main__ - INFO - 162 - trainer - [0/190] Loss: 1.0670
2026/08/31 00:24:17 - __main__ - INFO - 162 - trainer - [39/190] Loss: 1.0652
2026/08/31 00:24:22 - __main__ - INFO - 162 - trainer - [78/190] Loss: 1.0679
2026/08/31 00:24:28 - __main__ - INFO - 162 - trainer - [117/190] Loss: 1.0630
2026/08/31 00:24:33 - __main__ - INFO - 162 - trainer - [156/190] Loss: 1.0754
2026/08/31 00:24:37 - __main__ - INFO - 167 - trainer - Average loss in epoch 326: 1.0602
2026/08/31 00:24:37 - __main__ - INFO - 117 - trainer - Epoch: 327
2026/08/31 00:24:38 - __main__ - INFO - 162 - trainer - [0/190] Loss: 1.0646
2026/08/31 00:24:43 - __main__ - INFO - 162 - trainer - [39/190] Loss: 1.0555
2026/08/31 00:24:48 - __main__ - INFO - 162 - trainer - [78/190] Loss: 1.0754
2026/08/31 00:24:54 - __main__ - INFO - 162 - trainer - [117/190] Loss: 1.0412
2026/08/31 00:24:59 - __main__ - INFO - 162 - trainer - [156/190] Loss: 1.0611
2026/08/31 00:25:04 - __main__ - INFO - 167 - trainer - Average loss in epoch 327: 1.0594
2026/08/31 00:25:04 - __main__ - INFO - 117 - trainer - Epoch: 328
2026/08/31 00:25:04 - __main__ - INFO - 162 - trainer - [0/190] Loss: 1.0617
2026/08/31 00:25:09 - __main__ - INFO - 162 - trainer - [39/190] Loss: 1.0569
2026/08/31 00:25:14 - __main__ - INFO - 162 - trainer - [78/190] Loss: 1.0587
2026/08/31 00:25:20 - __main__ - INFO - 162 - trainer - [117/190] Loss: 1.0650
2026/08/31 00:25:25 - __main__ - INFO - 162 - trainer - [156/190] Loss: 1.0862
2026/08/31 00:25:29 - __main__ - INFO - 167 - trainer - Average loss in epoch 328: 1.0599
2026/08/31 00:25:29 - __main__ - INFO - 117 - trainer - Epoch: 329
2026/08/31 00:25:29 - __main__ - INFO - 162 - trainer - [0/190] Loss: 1.0560
2026/08/31 00:25:34 - __main__ - INFO - 162 - trainer - [39/190] Loss: 1.0413
2026/08/31 00:25:39 - __main__ - INFO - 162 - trainer - [78/190] Loss: 1.0646
2026/08/31 00:25:44 - __main__ - INFO - 162 - trainer - [117/190] Loss: 1.0493
2026/08/31 00:25:49 - __main__ - INFO - 162 - trainer - [156/190] Loss: 1.0654
2026/08/31 00:25:54 - __main__ - INFO - 167 - trainer - Average loss in epoch 329: 1.0600
2026/08/31 00:25:54 - __main__ - INFO - 117 - trainer - Epoch: 330
2026/08/31 00:25:54 - __main__ - INFO - 162 - trainer - [0/190] Loss: 1.0514
2026/08/31 00:25:59 - __main__ - INFO - 162 - trainer - [39/190] Loss: 1.0663
2026/08/31 00:26:05 - __main__ - INFO - 162 - trainer - [78/190] Loss: 1.0667
2026/08/31 00:26:10 - __main__ - INFO - 162 - trainer - [117/190] Loss: 1.0668
2026/08/31 00:26:15 - __main__ - INFO - 162 - trainer - [156/190] Loss: 1.0789
2026/08/31 00:26:19 - __main__ - INFO - 167 - trainer - Average loss in epoch 330: 1.0599
2026/08/31 00:26:19 - __main__ - INFO - 117 - trainer - Epoch: 331
2026/08/31 00:26:20 - __main__ - INFO - 162 - trainer - [0/190] Loss: 1.0425
2026/08/31 00:26:25 - __main__ - INFO - 162 - trainer - [39/190] Loss: 1.0685
2026/08/31 00:26:30 - __main__ - INFO - 162 - trainer - [78/190] Loss: 1.0486
2026/08/31 00:26:35 - __main__ - INFO - 162 - trainer - [117/190] Loss: 1.0641
2026/08/31 00:26:40 - __main__ - INFO - 162 - trainer - [156/190] Loss: 1.0443
2026/08/31 00:26:45 - __main__ - INFO - 167 - trainer - Average loss in epoch 331: 1.0602
2026/08/31 00:26:45 - __main__ - INFO - 117 - trainer - Epoch: 332
2026/08/31 00:26:45 - __main__ - INFO - 162 - trainer - [0/190] Loss: 1.0583
2026/08/31 00:26:51 - __main__ - INFO - 162 - trainer - [39/190] Loss: 1.0766
2026/08/31 00:26:56 - __main__ - INFO - 162 - trainer - [78/190] Loss: 1.0700
2026/08/31 00:27:01 - __main__ - INFO - 162 - trainer - [117/190] Loss: 1.0646
2026/08/31 00:27:06 - __main__ - INFO - 162 - trainer - [156/190] Loss: 1.0561
2026/08/31 00:27:11 - __main__ - INFO - 167 - trainer - Average loss in epoch 332: 1.0595
2026/08/31 00:27:11 - __main__ - INFO - 117 - trainer - Epoch: 333
2026/08/31 00:27:11 - __main__ - INFO - 162 - trainer - [0/190] Loss: 1.0619
2026/08/31 00:27:16 - __main__ - INFO - 162 - trainer - [39/190] Loss: 1.0630
2026/08/31 00:27:22 - __main__ - INFO - 162 - trainer - [78/190] Loss: 1.0712
2026/08/31 00:27:27 - __main__ - INFO - 162 - trainer - [117/190] Loss: 1.0403
2026/08/31 00:27:32 - __main__ - INFO - 162 - trainer - [156/190] Loss: 1.0445
2026/08/31 00:27:37 - __main__ - INFO - 167 - trainer - Average loss in epoch 333: 1.0595
2026/08/31 00:27:37 - __main__ - INFO - 117 - trainer - Epoch: 334
2026/08/31 00:27:37 - __main__ - INFO - 162 - trainer - [0/190] Loss: 1.0686
2026/08/31 00:27:42 - __main__ - INFO - 162 - trainer - [39/190] Loss: 1.0634
2026/08/31 00:27:47 - __main__ - INFO - 162 - trainer - [78/190] Loss: 1.0619
2026/08/31 00:27:52 - __main__ - INFO - 162 - trainer - [117/190] Loss: 1.0549
2026/08/31 00:27:57 - __main__ - INFO - 162 - trainer - [156/190] Loss: 1.0589
2026/08/31 00:28:02 - __main__ - INFO - 167 - trainer - Average loss in epoch 334: 1.0601
2026/08/31 00:28:02 - __main__ - INFO - 117 - trainer - Epoch: 335
2026/08/31 00:28:02 - __main__ - INFO - 162 - trainer - [0/190] Loss: 1.0560
2026/08/31 00:28:07 - __main__ - INFO - 162 - trainer - [39/190] Loss: 1.0396
2026/08/31 00:28:12 - __main__ - INFO - 162 - trainer - [78/190] Loss: 1.0634
2026/08/31 00:28:17 - __main__ - INFO - 162 - trainer - [117/190] Loss: 1.0569
2026/08/31 00:28:22 - __main__ - INFO - 162 - trainer - [156/190] Loss: 1.0661
2026/08/31 00:28:26 - __main__ - INFO - 167 - trainer - Average loss in epoch 335: 1.0599
2026/08/31 00:28:26 - __main__ - INFO - 117 - trainer - Epoch: 336
2026/08/31 00:28:27 - __main__ - INFO - 162 - trainer - [0/190] Loss: 1.0620
2026/08/31 00:28:32 - __main__ - INFO - 162 - trainer - [39/190] Loss: 1.0493
2026/08/31 00:28:37 - __main__ - INFO - 162 - trainer - [78/190] Loss: 1.0556
2026/08/31 00:28:43 - __main__ - INFO - 162 - trainer - [117/190] Loss: 1.0674
2026/08/31 00:28:48 - __main__ - INFO - 162 - trainer - [156/190] Loss: 1.0613
2026/08/31 00:28:53 - __main__ - INFO - 167 - trainer - Average loss in epoch 336: 1.0595
2026/08/31 00:28:53 - __main__ - INFO - 117 - trainer - Epoch: 337
2026/08/31 00:28:53 - __main__ - INFO - 162 - trainer - [0/190] Loss: 1.0663
2026/08/31 00:28:58 - __main__ - INFO - 162 - trainer - [39/190] Loss: 1.0522
2026/08/31 00:29:03 - __main__ - INFO - 162 - trainer - [78/190] Loss: 1.0573
2026/08/31 00:29:08 - __main__ - INFO - 162 - trainer - [117/190] Loss: 1.0641
2026/08/31 00:29:13 - __main__ - INFO - 162 - trainer - [156/190] Loss: 1.0562
2026/08/31 00:29:17 - __main__ - INFO - 167 - trainer - Average loss in epoch 337: 1.0597
2026/08/31 00:29:17 - __main__ - INFO - 117 - trainer - Epoch: 338
2026/08/31 00:29:17 - __main__ - INFO - 162 - trainer - [0/190] Loss: 1.0443
2026/08/31 00:29:23 - __main__ - INFO - 162 - trainer - [39/190] Loss: 1.0377
2026/08/31 00:29:28 - __main__ - INFO - 162 - trainer - [78/190] Loss: 1.0604
2026/08/31 00:29:33 - __main__ - INFO - 162 - trainer - [117/190] Loss: 1.0674
2026/08/31 00:29:38 - __main__ - INFO - 162 - trainer - [156/190] Loss: 1.0671
2026/08/31 00:29:43 - __main__ - INFO - 167 - trainer - Average loss in epoch 338: 1.0599
2026/08/31 00:29:43 - __main__ - INFO - 117 - trainer - Epoch: 339
2026/08/31 00:29:43 - __main__ - INFO - 162 - trainer - [0/190] Loss: 1.0577
2026/08/31 00:29:48 - __main__ - INFO - 162 - trainer - [39/190] Loss: 1.0705
2026/08/31 00:29:53 - __main__ - INFO - 162 - trainer - [78/190] Loss: 1.0462
2026/08/31 00:29:58 - __main__ - INFO - 162 - trainer - [117/190] Loss: 1.0667
2026/08/31 00:30:03 - __main__ - INFO - 162 - trainer - [156/190] Loss: 1.0612
2026/08/31 00:30:07 - __main__ - INFO - 167 - trainer - Average loss in epoch 339: 1.0601
2026/08/31 00:30:07 - __main__ - INFO - 117 - trainer - Epoch: 340
2026/08/31 00:30:07 - __main__ - INFO - 162 - trainer - [0/190] Loss: 1.0517
2026/08/31 00:30:13 - __main__ - INFO - 162 - trainer - [39/190] Loss: 1.0426
2026/08/31 00:30:18 - __main__ - INFO - 162 - trainer - [78/190] Loss: 1.0366
2026/08/31 00:30:23 - __main__ - INFO - 162 - trainer - [117/190] Loss: 1.0873
2026/08/31 00:30:29 - __main__ - INFO - 162 - trainer - [156/190] Loss: 1.0572
2026/08/31 00:30:33 - __main__ - INFO - 167 - trainer - Average loss in epoch 340: 1.0601
2026/08/31 00:30:33 - __main__ - INFO - 173 - trainer - start predicting: 2026-08-31 00:30:33.991585
2026/08/31 00:30:36 - __main__ - INFO - 117 - trainer - Epoch: 341
2026/08/31 00:30:36 - __main__ - INFO - 162 - trainer - [0/190] Loss: 1.0497
2026/08/31 00:30:41 - __main__ - INFO - 162 - trainer - [39/190] Loss: 1.0523
2026/08/31 00:30:47 - __main__ - INFO - 162 - trainer - [78/190] Loss: 1.0634
2026/08/31 00:30:52 - __main__ - INFO - 162 - trainer - [117/190] Loss: 1.0751
2026/08/31 00:30:57 - __main__ - INFO - 162 - trainer - [156/190] Loss: 1.0772
2026/08/31 00:31:02 - __main__ - INFO - 167 - trainer - Average loss in epoch 341: 1.0601
2026/08/31 00:31:02 - __main__ - INFO - 117 - trainer - Epoch: 342
2026/08/31 00:31:02 - __main__ - INFO - 162 - trainer - [0/190] Loss: 1.0410
2026/08/31 00:31:07 - __main__ - INFO - 162 - trainer - [39/190] Loss: 1.0587
2026/08/31 00:31:12 - __main__ - INFO - 162 - trainer - [78/190] Loss: 1.0478
2026/08/31 00:31:17 - __main__ - INFO - 162 - trainer - [117/190] Loss: 1.0539
2026/08/31 00:31:23 - __main__ - INFO - 162 - trainer - [156/190] Loss: 1.0668
2026/08/31 00:31:27 - __main__ - INFO - 167 - trainer - Average loss in epoch 342: 1.0602
2026/08/31 00:31:27 - __main__ - INFO - 117 - trainer - Epoch: 343
2026/08/31 00:31:27 - __main__ - INFO - 162 - trainer - [0/190] Loss: 1.0805
2026/08/31 00:31:32 - __main__ - INFO - 162 - trainer - [39/190] Loss: 1.0776
2026/08/31 00:31:38 - __main__ - INFO - 162 - trainer - [78/190] Loss: 1.0679
2026/08/31 00:31:43 - __main__ - INFO - 162 - trainer - [117/190] Loss: 1.0635
2026/08/31 00:31:48 - __main__ - INFO - 162 - trainer - [156/190] Loss: 1.0801
2026/08/31 00:31:53 - __main__ - INFO - 167 - trainer - Average loss in epoch 343: 1.0600
2026/08/31 00:31:53 - __main__ - INFO - 117 - trainer - Epoch: 344
2026/08/31 00:31:53 - __main__ - INFO - 162 - trainer - [0/190] Loss: 1.0572
2026/08/31 00:31:58 - __main__ - INFO - 162 - trainer - [39/190] Loss: 1.0620
2026/08/31 00:32:03 - __main__ - INFO - 162 - trainer - [78/190] Loss: 1.0613
2026/08/31 00:32:08 - __main__ - INFO - 162 - trainer - [117/190] Loss: 1.0594
2026/08/31 00:32:14 - __main__ - INFO - 162 - trainer - [156/190] Loss: 1.0642
2026/08/31 00:32:18 - __main__ - INFO - 167 - trainer - Average loss in epoch 344: 1.0596
2026/08/31 00:32:18 - __main__ - INFO - 117 - trainer - Epoch: 345
2026/08/31 00:32:18 - __main__ - INFO - 162 - trainer - [0/190] Loss: 1.0545
2026/08/31 00:32:23 - __main__ - INFO - 162 - trainer - [39/190] Loss: 1.0628
2026/08/31 00:32:29 - __main__ - INFO - 162 - trainer - [78/190] Loss: 1.0542
2026/08/31 00:32:34 - __main__ - INFO - 162 - trainer - [117/190] Loss: 1.0576
2026/08/31 00:32:39 - __main__ - INFO - 162 - trainer - [156/190] Loss: 1.0622
2026/08/31 00:32:43 - __main__ - INFO - 167 - trainer - Average loss in epoch 345: 1.0603
2026/08/31 00:32:43 - __main__ - INFO - 117 - trainer - Epoch: 346
2026/08/31 00:32:44 - __main__ - INFO - 162 - trainer - [0/190] Loss: 1.0522
2026/08/31 00:32:49 - __main__ - INFO - 162 - trainer - [39/190] Loss: 1.0659
2026/08/31 00:32:54 - __main__ - INFO - 162 - trainer - [78/190] Loss: 1.0539
2026/08/31 00:32:59 - __main__ - INFO - 162 - trainer - [117/190] Loss: 1.0722
2026/08/31 00:33:04 - __main__ - INFO - 162 - trainer - [156/190] Loss: 1.0543
2026/08/31 00:33:09 - __main__ - INFO - 167 - trainer - Average loss in epoch 346: 1.0603
2026/08/31 00:33:09 - __main__ - INFO - 117 - trainer - Epoch: 347
2026/08/31 00:33:09 - __main__ - INFO - 162 - trainer - [0/190] Loss: 1.0620
2026/08/31 00:33:14 - __main__ - INFO - 162 - trainer - [39/190] Loss: 1.0518
2026/08/31 00:33:20 - __main__ - INFO - 162 - trainer - [78/190] Loss: 1.0496
2026/08/31 00:33:25 - __main__ - INFO - 162 - trainer - [117/190] Loss: 1.0530
2026/08/31 00:33:31 - __main__ - INFO - 162 - trainer - [156/190] Loss: 1.0604
2026/08/31 00:33:36 - __main__ - INFO - 167 - trainer - Average loss in epoch 347: 1.0598
2026/08/31 00:33:36 - __main__ - INFO - 117 - trainer - Epoch: 348
2026/08/31 00:33:36 - __main__ - INFO - 162 - trainer - [0/190] Loss: 1.0661
2026/08/31 00:33:41 - __main__ - INFO - 162 - trainer - [39/190] Loss: 1.0623
2026/08/31 00:33:46 - __main__ - INFO - 162 - trainer - [78/190] Loss: 1.0621
2026/08/31 00:33:51 - __main__ - INFO - 162 - trainer - [117/190] Loss: 1.0617
2026/08/31 00:33:57 - __main__ - INFO - 162 - trainer - [156/190] Loss: 1.0419
2026/08/31 00:34:01 - __main__ - INFO - 167 - trainer - Average loss in epoch 348: 1.0605
2026/08/31 00:34:01 - __main__ - INFO - 117 - trainer - Epoch: 349
2026/08/31 00:34:01 - __main__ - INFO - 162 - trainer - [0/190] Loss: 1.0771
2026/08/31 00:34:06 - __main__ - INFO - 162 - trainer - [39/190] Loss: 1.0744
2026/08/31 00:34:12 - __main__ - INFO - 162 - trainer - [78/190] Loss: 1.0627
2026/08/31 00:34:17 - __main__ - INFO - 162 - trainer - [117/190] Loss: 1.0575
2026/08/31 00:34:22 - __main__ - INFO - 162 - trainer - [156/190] Loss: 1.0804
2026/08/31 00:34:27 - __main__ - INFO - 167 - trainer - Average loss in epoch 349: 1.0602
2026/08/31 00:34:27 - __main__ - INFO - 117 - trainer - Epoch: 350
2026/08/31 00:34:27 - __main__ - INFO - 162 - trainer - [0/190] Loss: 1.0510
2026/08/31 00:34:32 - __main__ - INFO - 162 - trainer - [39/190] Loss: 1.0602
2026/08/31 00:34:38 - __main__ - INFO - 162 - trainer - [78/190] Loss: 1.0625
2026/08/31 00:34:43 - __main__ - INFO - 162 - trainer - [117/190] Loss: 1.0451
2026/08/31 00:34:48 - __main__ - INFO - 162 - trainer - [156/190] Loss: 1.0431
2026/08/31 00:34:52 - __main__ - INFO - 167 - trainer - Average loss in epoch 350: 1.0591
2026/08/31 00:34:52 - __main__ - INFO - 117 - trainer - Epoch: 351
2026/08/31 00:34:52 - __main__ - INFO - 162 - trainer - [0/190] Loss: 1.0423
2026/08/31 00:34:58 - __main__ - INFO - 162 - trainer - [39/190] Loss: 1.0614
2026/08/31 00:35:03 - __main__ - INFO - 162 - trainer - [78/190] Loss: 1.0565
2026/08/31 00:35:08 - __main__ - INFO - 162 - trainer - [117/190] Loss: 1.0534
2026/08/31 00:35:14 - __main__ - INFO - 162 - trainer - [156/190] Loss: 1.0785
2026/08/31 00:35:18 - __main__ - INFO - 167 - trainer - Average loss in epoch 351: 1.0598
2026/08/31 00:35:18 - __main__ - INFO - 117 - trainer - Epoch: 352
2026/08/31 00:35:18 - __main__ - INFO - 162 - trainer - [0/190] Loss: 1.0674
2026/08/31 00:35:24 - __main__ - INFO - 162 - trainer - [39/190] Loss: 1.0581
2026/08/31 00:35:29 - __main__ - INFO - 162 - trainer - [78/190] Loss: 1.0585
2026/08/31 00:35:34 - __main__ - INFO - 162 - trainer - [117/190] Loss: 1.0450
2026/08/31 00:35:39 - __main__ - INFO - 162 - trainer - [156/190] Loss: 1.0425
2026/08/31 00:35:44 - __main__ - INFO - 167 - trainer - Average loss in epoch 352: 1.0600
2026/08/31 00:35:44 - __main__ - INFO - 117 - trainer - Epoch: 353
2026/08/31 00:35:44 - __main__ - INFO - 162 - trainer - [0/190] Loss: 1.0481
2026/08/31 00:35:49 - __main__ - INFO - 162 - trainer - [39/190] Loss: 1.0652
2026/08/31 00:35:54 - __main__ - INFO - 162 - trainer - [78/190] Loss: 1.0637
2026/08/31 00:36:00 - __main__ - INFO - 162 - trainer - [117/190] Loss: 1.0600
2026/08/31 00:36:05 - __main__ - INFO - 162 - trainer - [156/190] Loss: 1.0481
2026/08/31 00:36:09 - __main__ - INFO - 167 - trainer - Average loss in epoch 353: 1.0604
2026/08/31 00:36:09 - __main__ - INFO - 117 - trainer - Epoch: 354
2026/08/31 00:36:10 - __main__ - INFO - 162 - trainer - [0/190] Loss: 1.0574
2026/08/31 00:36:15 - __main__ - INFO - 162 - trainer - [39/190] Loss: 1.0610
2026/08/31 00:36:20 - __main__ - INFO - 162 - trainer - [78/190] Loss: 1.0738
2026/08/31 00:36:26 - __main__ - INFO - 162 - trainer - [117/190] Loss: 1.0434
2026/08/31 00:36:31 - __main__ - INFO - 162 - trainer - [156/190] Loss: 1.0475
2026/08/31 00:36:35 - __main__ - INFO - 167 - trainer - Average loss in epoch 354: 1.0597
2026/08/31 00:36:35 - __main__ - INFO - 117 - trainer - Epoch: 355
2026/08/31 00:36:35 - __main__ - INFO - 162 - trainer - [0/190] Loss: 1.0579
2026/08/31 00:36:41 - __main__ - INFO - 162 - trainer - [39/190] Loss: 1.0545
2026/08/31 00:36:46 - __main__ - INFO - 162 - trainer - [78/190] Loss: 1.0645
2026/08/31 00:36:52 - __main__ - INFO - 162 - trainer - [117/190] Loss: 1.0727
2026/08/31 00:36:57 - __main__ - INFO - 162 - trainer - [156/190] Loss: 1.0643
2026/08/31 00:37:02 - __main__ - INFO - 167 - trainer - Average loss in epoch 355: 1.0594
2026/08/31 00:37:02 - __main__ - INFO - 117 - trainer - Epoch: 356
2026/08/31 00:37:02 - __main__ - INFO - 162 - trainer - [0/190] Loss: 1.0471
2026/08/31 00:37:07 - __main__ - INFO - 162 - trainer - [39/190] Loss: 1.0426
2026/08/31 00:37:12 - __main__ - INFO - 162 - trainer - [78/190] Loss: 1.0533
2026/08/31 00:37:18 - __main__ - INFO - 162 - trainer - [117/190] Loss: 1.0613
2026/08/31 00:37:23 - __main__ - INFO - 162 - trainer - [156/190] Loss: 1.0771
2026/08/31 00:37:27 - __main__ - INFO - 167 - trainer - Average loss in epoch 356: 1.0592
2026/08/31 00:37:27 - __main__ - INFO - 117 - trainer - Epoch: 357
2026/08/31 00:37:28 - __main__ - INFO - 162 - trainer - [0/190] Loss: 1.0654
2026/08/31 00:37:33 - __main__ - INFO - 162 - trainer - [39/190] Loss: 1.0567
2026/08/31 00:37:38 - __main__ - INFO - 162 - trainer - [78/190] Loss: 1.0707
2026/08/31 00:37:43 - __main__ - INFO - 162 - trainer - [117/190] Loss: 1.0468
2026/08/31 00:37:49 - __main__ - INFO - 162 - trainer - [156/190] Loss: 1.0600
2026/08/31 00:37:53 - __main__ - INFO - 167 - trainer - Average loss in epoch 357: 1.0594
2026/08/31 00:37:53 - __main__ - INFO - 117 - trainer - Epoch: 358
2026/08/31 00:37:53 - __main__ - INFO - 162 - trainer - [0/190] Loss: 1.0799
2026/08/31 00:37:59 - __main__ - INFO - 162 - trainer - [39/190] Loss: 1.0754
2026/08/31 00:38:04 - __main__ - INFO - 162 - trainer - [78/190] Loss: 1.0663
2026/08/31 00:38:09 - __main__ - INFO - 162 - trainer - [117/190] Loss: 1.0523
2026/08/31 00:38:14 - __main__ - INFO - 162 - trainer - [156/190] Loss: 1.0598
2026/08/31 00:38:19 - __main__ - INFO - 167 - trainer - Average loss in epoch 358: 1.0605
2026/08/31 00:38:19 - __main__ - INFO - 117 - trainer - Epoch: 359
2026/08/31 00:38:19 - __main__ - INFO - 162 - trainer - [0/190] Loss: 1.0586
2026/08/31 00:38:24 - __main__ - INFO - 162 - trainer - [39/190] Loss: 1.0768
2026/08/31 00:38:29 - __main__ - INFO - 162 - trainer - [78/190] Loss: 1.0675
2026/08/31 00:38:34 - __main__ - INFO - 162 - trainer - [117/190] Loss: 1.0469
2026/08/31 00:38:40 - __main__ - INFO - 162 - trainer - [156/190] Loss: 1.0504
2026/08/31 00:38:44 - __main__ - INFO - 167 - trainer - Average loss in epoch 359: 1.0599
2026/08/31 00:38:44 - __main__ - INFO - 117 - trainer - Epoch: 360
2026/08/31 00:38:44 - __main__ - INFO - 162 - trainer - [0/190] Loss: 1.0486
2026/08/31 00:38:49 - __main__ - INFO - 162 - trainer - [39/190] Loss: 1.0667
2026/08/31 00:38:55 - __main__ - INFO - 162 - trainer - [78/190] Loss: 1.0715
2026/08/31 00:39:00 - __main__ - INFO - 162 - trainer - [117/190] Loss: 1.0699
2026/08/31 00:39:05 - __main__ - INFO - 162 - trainer - [156/190] Loss: 1.0717
2026/08/31 00:39:10 - __main__ - INFO - 167 - trainer - Average loss in epoch 360: 1.0592
2026/08/31 00:39:10 - __main__ - INFO - 173 - trainer - start predicting: 2026-08-31 00:39:10.197020
2026/08/31 00:39:12 - __main__ - INFO - 117 - trainer - Epoch: 361
2026/08/31 00:39:12 - __main__ - INFO - 162 - trainer - [0/190] Loss: 1.0549
2026/08/31 00:39:18 - __main__ - INFO - 162 - trainer - [39/190] Loss: 1.0501
2026/08/31 00:39:23 - __main__ - INFO - 162 - trainer - [78/190] Loss: 1.0608
2026/08/31 00:39:28 - __main__ - INFO - 162 - trainer - [117/190] Loss: 1.0624
2026/08/31 00:39:33 - __main__ - INFO - 162 - trainer - [156/190] Loss: 1.0600
2026/08/31 00:39:38 - __main__ - INFO - 167 - trainer - Average loss in epoch 361: 1.0600
2026/08/31 00:39:38 - __main__ - INFO - 117 - trainer - Epoch: 362
2026/08/31 00:39:38 - __main__ - INFO - 162 - trainer - [0/190] Loss: 1.0567
2026/08/31 00:39:43 - __main__ - INFO - 162 - trainer - [39/190] Loss: 1.0666
2026/08/31 00:39:49 - __main__ - INFO - 162 - trainer - [78/190] Loss: 1.0693
2026/08/31 00:39:54 - __main__ - INFO - 162 - trainer - [117/190] Loss: 1.0689
2026/08/31 00:39:59 - __main__ - INFO - 162 - trainer - [156/190] Loss: 1.0630
2026/08/31 00:40:04 - __main__ - INFO - 167 - trainer - Average loss in epoch 362: 1.0598
2026/08/31 00:40:04 - __main__ - INFO - 117 - trainer - Epoch: 363
2026/08/31 00:40:04 - __main__ - INFO - 162 - trainer - [0/190] Loss: 1.0690
2026/08/31 00:40:09 - __main__ - INFO - 162 - trainer - [39/190] Loss: 1.0690
2026/08/31 00:40:14 - __main__ - INFO - 162 - trainer - [78/190] Loss: 1.0651
2026/08/31 00:40:20 - __main__ - INFO - 162 - trainer - [117/190] Loss: 1.0909
2026/08/31 00:40:25 - __main__ - INFO - 162 - trainer - [156/190] Loss: 1.0485
2026/08/31 00:40:29 - __main__ - INFO - 167 - trainer - Average loss in epoch 363: 1.0600
2026/08/31 00:40:29 - __main__ - INFO - 117 - trainer - Epoch: 364
2026/08/31 00:40:29 - __main__ - INFO - 162 - trainer - [0/190] Loss: 1.0704
2026/08/31 00:40:35 - __main__ - INFO - 162 - trainer - [39/190] Loss: 1.0697
2026/08/31 00:40:40 - __main__ - INFO - 162 - trainer - [78/190] Loss: 1.0577
2026/08/31 00:40:45 - __main__ - INFO - 162 - trainer - [117/190] Loss: 1.0620
2026/08/31 00:40:51 - __main__ - INFO - 162 - trainer - [156/190] Loss: 1.0570
2026/08/31 00:40:55 - __main__ - INFO - 167 - trainer - Average loss in epoch 364: 1.0602
2026/08/31 00:40:55 - __main__ - INFO - 117 - trainer - Epoch: 365
2026/08/31 00:40:55 - __main__ - INFO - 162 - trainer - [0/190] Loss: 1.0633
2026/08/31 00:41:00 - __main__ - INFO - 162 - trainer - [39/190] Loss: 1.0474
2026/08/31 00:41:05 - __main__ - INFO - 162 - trainer - [78/190] Loss: 1.0417
2026/08/31 00:41:11 - __main__ - INFO - 162 - trainer - [117/190] Loss: 1.0580
2026/08/31 00:41:16 - __main__ - INFO - 162 - trainer - [156/190] Loss: 1.0518
2026/08/31 00:41:21 - __main__ - INFO - 167 - trainer - Average loss in epoch 365: 1.0602
2026/08/31 00:41:21 - __main__ - INFO - 117 - trainer - Epoch: 366
2026/08/31 00:41:21 - __main__ - INFO - 162 - trainer - [0/190] Loss: 1.0699
2026/08/31 00:41:26 - __main__ - INFO - 162 - trainer - [39/190] Loss: 1.0623
2026/08/31 00:41:31 - __main__ - INFO - 162 - trainer - [78/190] Loss: 1.0527
2026/08/31 00:41:37 - __main__ - INFO - 162 - trainer - [117/190] Loss: 1.0596
2026/08/31 00:41:42 - __main__ - INFO - 162 - trainer - [156/190] Loss: 1.0495
2026/08/31 00:41:46 - __main__ - INFO - 167 - trainer - Average loss in epoch 366: 1.0596
2026/08/31 00:41:46 - __main__ - INFO - 117 - trainer - Epoch: 367
2026/08/31 00:41:46 - __main__ - INFO - 162 - trainer - [0/190] Loss: 1.0263
2026/08/31 00:41:52 - __main__ - INFO - 162 - trainer - [39/190] Loss: 1.0667
2026/08/31 00:41:57 - __main__ - INFO - 162 - trainer - [78/190] Loss: 1.0758
2026/08/31 00:42:02 - __main__ - INFO - 162 - trainer - [117/190] Loss: 1.0808
2026/08/31 00:42:07 - __main__ - INFO - 162 - trainer - [156/190] Loss: 1.0692
2026/08/31 00:42:12 - __main__ - INFO - 167 - trainer - Average loss in epoch 367: 1.0596
2026/08/31 00:42:12 - __main__ - INFO - 117 - trainer - Epoch: 368
2026/08/31 00:42:12 - __main__ - INFO - 162 - trainer - [0/190] Loss: 1.0470
2026/08/31 00:42:17 - __main__ - INFO - 162 - trainer - [39/190] Loss: 1.0669
2026/08/31 00:42:23 - __main__ - INFO - 162 - trainer - [78/190] Loss: 1.0515
2026/08/31 00:42:28 - __main__ - INFO - 162 - trainer - [117/190] Loss: 1.0541
2026/08/31 00:42:33 - __main__ - INFO - 162 - trainer - [156/190] Loss: 1.0739
2026/08/31 00:42:37 - __main__ - INFO - 167 - trainer - Average loss in epoch 368: 1.0597
2026/08/31 00:42:37 - __main__ - INFO - 117 - trainer - Epoch: 369
2026/08/31 00:42:38 - __main__ - INFO - 162 - trainer - [0/190] Loss: 1.0522
2026/08/31 00:42:43 - __main__ - INFO - 162 - trainer - [39/190] Loss: 1.0453
2026/08/31 00:42:48 - __main__ - INFO - 162 - trainer - [78/190] Loss: 1.0956
2026/08/31 00:42:53 - __main__ - INFO - 162 - trainer - [117/190] Loss: 1.0571
2026/08/31 00:42:59 - __main__ - INFO - 162 - trainer - [156/190] Loss: 1.0571
2026/08/31 00:43:03 - __main__ - INFO - 167 - trainer - Average loss in epoch 369: 1.0598
2026/08/31 00:43:03 - __main__ - INFO - 117 - trainer - Epoch: 370
2026/08/31 00:43:03 - __main__ - INFO - 162 - trainer - [0/190] Loss: 1.0588
2026/08/31 00:43:09 - __main__ - INFO - 162 - trainer - [39/190] Loss: 1.0501
2026/08/31 00:43:14 - __main__ - INFO - 162 - trainer - [78/190] Loss: 1.0796
2026/08/31 00:43:19 - __main__ - INFO - 162 - trainer - [117/190] Loss: 1.0479
2026/08/31 00:43:25 - __main__ - INFO - 162 - trainer - [156/190] Loss: 1.0415
2026/08/31 00:43:29 - __main__ - INFO - 167 - trainer - Average loss in epoch 370: 1.0597
2026/08/31 00:43:29 - __main__ - INFO - 117 - trainer - Epoch: 371
2026/08/31 00:43:29 - __main__ - INFO - 162 - trainer - [0/190] Loss: 1.0590
2026/08/31 00:43:34 - __main__ - INFO - 162 - trainer - [39/190] Loss: 1.0588
2026/08/31 00:43:40 - __main__ - INFO - 162 - trainer - [78/190] Loss: 1.0601
2026/08/31 00:43:45 - __main__ - INFO - 162 - trainer - [117/190] Loss: 1.0586
2026/08/31 00:43:50 - __main__ - INFO - 162 - trainer - [156/190] Loss: 1.0602
2026/08/31 00:43:55 - __main__ - INFO - 167 - trainer - Average loss in epoch 371: 1.0603
2026/08/31 00:43:55 - __main__ - INFO - 117 - trainer - Epoch: 372
2026/08/31 00:43:55 - __main__ - INFO - 162 - trainer - [0/190] Loss: 1.0498
2026/08/31 00:44:00 - __main__ - INFO - 162 - trainer - [39/190] Loss: 1.0616
2026/08/31 00:44:05 - __main__ - INFO - 162 - trainer - [78/190] Loss: 1.0548
2026/08/31 00:44:11 - __main__ - INFO - 162 - trainer - [117/190] Loss: 1.0602
2026/08/31 00:44:16 - __main__ - INFO - 162 - trainer - [156/190] Loss: 1.0563
2026/08/31 00:44:20 - __main__ - INFO - 167 - trainer - Average loss in epoch 372: 1.0601
2026/08/31 00:44:20 - __main__ - INFO - 117 - trainer - Epoch: 373
2026/08/31 00:44:20 - __main__ - INFO - 162 - trainer - [0/190] Loss: 1.0706
2026/08/31 00:44:25 - __main__ - INFO - 162 - trainer - [39/190] Loss: 1.0760
2026/08/31 00:44:31 - __main__ - INFO - 162 - trainer - [78/190] Loss: 1.0699
2026/08/31 00:44:36 - __main__ - INFO - 162 - trainer - [117/190] Loss: 1.0636
2026/08/31 00:44:41 - __main__ - INFO - 162 - trainer - [156/190] Loss: 1.0539
2026/08/31 00:44:46 - __main__ - INFO - 167 - trainer - Average loss in epoch 373: 1.0603
2026/08/31 00:44:46 - __main__ - INFO - 117 - trainer - Epoch: 374
2026/08/31 00:44:46 - __main__ - INFO - 162 - trainer - [0/190] Loss: 1.0550
2026/08/31 00:44:51 - __main__ - INFO - 162 - trainer - [39/190] Loss: 1.0704
2026/08/31 00:44:56 - __main__ - INFO - 162 - trainer - [78/190] Loss: 1.0759
2026/08/31 00:45:01 - __main__ - INFO - 162 - trainer - [117/190] Loss: 1.0650
2026/08/31 00:45:07 - __main__ - INFO - 162 - trainer - [156/190] Loss: 1.0616
2026/08/31 00:45:11 - __main__ - INFO - 167 - trainer - Average loss in epoch 374: 1.0601
2026/08/31 00:45:11 - __main__ - INFO - 117 - trainer - Epoch: 375
2026/08/31 00:45:11 - __main__ - INFO - 162 - trainer - [0/190] Loss: 1.0400
2026/08/31 00:45:16 - __main__ - INFO - 162 - trainer - [39/190] Loss: 1.0647
2026/08/31 00:45:22 - __main__ - INFO - 162 - trainer - [78/190] Loss: 1.0643
2026/08/31 00:45:27 - __main__ - INFO - 162 - trainer - [117/190] Loss: 1.0315
2026/08/31 00:45:32 - __main__ - INFO - 162 - trainer - [156/190] Loss: 1.0849
2026/08/31 00:45:37 - __main__ - INFO - 167 - trainer - Average loss in epoch 375: 1.0607
2026/08/31 00:45:37 - __main__ - INFO - 117 - trainer - Epoch: 376
2026/08/31 00:45:37 - __main__ - INFO - 162 - trainer - [0/190] Loss: 1.0762
2026/08/31 00:45:42 - __main__ - INFO - 162 - trainer - [39/190] Loss: 1.0532
2026/08/31 00:45:47 - __main__ - INFO - 162 - trainer - [78/190] Loss: 1.0701
2026/08/31 00:45:53 - __main__ - INFO - 162 - trainer - [117/190] Loss: 1.0692
2026/08/31 00:45:58 - __main__ - INFO - 162 - trainer - [156/190] Loss: 1.0748
2026/08/31 00:46:02 - __main__ - INFO - 167 - trainer - Average loss in epoch 376: 1.0595
2026/08/31 00:46:02 - __main__ - INFO - 117 - trainer - Epoch: 377
2026/08/31 00:46:03 - __main__ - INFO - 162 - trainer - [0/190] Loss: 1.0762
2026/08/31 00:46:08 - __main__ - INFO - 162 - trainer - [39/190] Loss: 1.0556
2026/08/31 00:46:13 - __main__ - INFO - 162 - trainer - [78/190] Loss: 1.0562
2026/08/31 00:46:18 - __main__ - INFO - 162 - trainer - [117/190] Loss: 1.0462
2026/08/31 00:46:23 - __main__ - INFO - 162 - trainer - [156/190] Loss: 1.0825
2026/08/31 00:46:28 - __main__ - INFO - 167 - trainer - Average loss in epoch 377: 1.0600
2026/08/31 00:46:28 - __main__ - INFO - 117 - trainer - Epoch: 378
2026/08/31 00:46:28 - __main__ - INFO - 162 - trainer - [0/190] Loss: 1.0438
2026/08/31 00:46:33 - __main__ - INFO - 162 - trainer - [39/190] Loss: 1.0697
2026/08/31 00:46:38 - __main__ - INFO - 162 - trainer - [78/190] Loss: 1.0388
2026/08/31 00:46:44 - __main__ - INFO - 162 - trainer - [117/190] Loss: 1.0593
2026/08/31 00:46:49 - __main__ - INFO - 162 - trainer - [156/190] Loss: 1.0464
2026/08/31 00:46:54 - __main__ - INFO - 167 - trainer - Average loss in epoch 378: 1.0600
2026/08/31 00:46:54 - __main__ - INFO - 117 - trainer - Epoch: 379
2026/08/31 00:46:54 - __main__ - INFO - 162 - trainer - [0/190] Loss: 1.0514
2026/08/31 00:46:59 - __main__ - INFO - 162 - trainer - [39/190] Loss: 1.0614
2026/08/31 00:47:04 - __main__ - INFO - 162 - trainer - [78/190] Loss: 1.0526
2026/08/31 00:47:09 - __main__ - INFO - 162 - trainer - [117/190] Loss: 1.0618
2026/08/31 00:47:15 - __main__ - INFO - 162 - trainer - [156/190] Loss: 1.0552
2026/08/31 00:47:19 - __main__ - INFO - 167 - trainer - Average loss in epoch 379: 1.0594
2026/08/31 00:47:19 - __main__ - INFO - 117 - trainer - Epoch: 380
2026/08/31 00:47:19 - __main__ - INFO - 162 - trainer - [0/190] Loss: 1.0574
2026/08/31 00:47:24 - __main__ - INFO - 162 - trainer - [39/190] Loss: 1.0597
2026/08/31 00:47:30 - __main__ - INFO - 162 - trainer - [78/190] Loss: 1.0346
2026/08/31 00:47:35 - __main__ - INFO - 162 - trainer - [117/190] Loss: 1.0488
2026/08/31 00:47:40 - __main__ - INFO - 162 - trainer - [156/190] Loss: 1.0535
2026/08/31 00:47:45 - __main__ - INFO - 167 - trainer - Average loss in epoch 380: 1.0604
2026/08/31 00:47:45 - __main__ - INFO - 173 - trainer - start predicting: 2026-08-31 00:47:45.076477
2026/08/31 00:47:47 - __main__ - INFO - 210 - trainer - {'Best_HR@5': np.float64(9.9446), 'Best_HR@10': np.float64(16.7695), 'Best_HR@20': np.float64(26.2376), 'Best_NDCG@5': np.float64(5.9372), 'Best_NDCG@10': np.float64(7.9544), 'Best_NDCG@20': np.float64(10.3985)}
2026/08/31 00:47:47 - __main__ - INFO - 211 - trainer - {'Best_epoch_HR@5': 100, 'Best_epoch_HR@10': 280, 'Best_epoch_HR@20': 80, 'Best_epoch_NDCG@5': 100, 'Best_epoch_NDCG@10': 80, 'Best_epoch_NDCG@20': 80}
2026/08/31 00:51:49 - __main__ - INFO - 268 - trainer - Train------------------------------------------------------
2026/08/31 00:51:49 - __main__ - INFO - 270 - trainer - {'HR@5': np.float64(23.8245), 'HR@10': np.float64(34.8684), 'HR@20': np.float64(48.9869), 'NDCG@5': np.float64(16.4826), 'NDCG@10': np.float64(20.0309), 'NDCG@20': np.float64(23.5875)}
2026/08/31 00:51:49 - __main__ - INFO - 274 - trainer - Test------------------------------------------------------
2026/08/31 00:51:49 - __main__ - INFO - 276 - trainer - {'HR@5': np.float64(7.0811), 'HR@10': np.float64(14.0161), 'HR@20': np.float64(23.515), 'NDCG@5': np.float64(4.1292), 'NDCG@10': np.float64(6.3156), 'NDCG@20': np.float64(8.7086)}
2026/08/31 00:51:49 - __main__ - INFO - 279 - trainer - Best Eval---------------------------------------------------------
2026/08/31 00:51:49 - __main__ - INFO - 282 - trainer - {'Best_HR@5': np.float64(9.9446), 'Best_HR@10': np.float64(16.7695), 'Best_HR@20': np.float64(26.2376), 'Best_NDCG@5': np.float64(5.9372), 'Best_NDCG@10': np.float64(7.9544), 'Best_NDCG@20': np.float64(10.3985)}
2026/08/31 00:51:49 - __main__ - INFO - 283 - trainer - {'Best_epoch_HR@5': 100, 'Best_epoch_HR@10': 280, 'Best_epoch_HR@20': 80, 'Best_epoch_NDCG@5': 100, 'Best_epoch_NDCG@10': 80, 'Best_epoch_NDCG@20': 80}
