2026/09/03 07:32:54 - __main__ - INFO - 73 - main - Namespace(dataset='ml-100k', log_file='log/', random_seed=1997, max_len=50, device='cuda', num_gpu=1, batch_size=512, hidden_size=128, dropout=0.1, emb_dropout=0.3, hidden_act='gelu', num_blocks=4, epochs=500, decay_step=100, gamma=0.1, metric_ks=[5, 10, 20], optimizer='Adam', lr=0.001, weight_decay=0, momentum=None, lambda_uncertainty=0.001, eval_interval=20, patience=5, eps=0.001, sample_N=30, lambda_t=0.001, dropout_c=0.1, eps_reverse=0.001, m_logNorm=1.0, s_logNorm=0.6, s_modsamp=1.0, last=2, mask_ratio=1.0, sampling_method='mode', Loss_Alpha=0.2, Loss_Beta=0.4)
2026/09/03 07:32:55 - __main__ - INFO - 117 - trainer - Epoch: 0
2026/09/03 07:32:55 - __main__ - INFO - 162 - trainer - [0/190] Loss: 13.2112
2026/09/03 07:33:01 - __main__ - INFO - 162 - trainer - [39/190] Loss: 6.7862
2026/09/03 07:33:07 - __main__ - INFO - 162 - trainer - [78/190] Loss: 5.9648
2026/09/03 07:33:12 - __main__ - INFO - 162 - trainer - [117/190] Loss: 5.2179
2026/09/03 07:33:18 - __main__ - INFO - 162 - trainer - [156/190] Loss: 4.9202
2026/09/03 07:33:23 - __main__ - INFO - 167 - trainer - Average loss in epoch 0: 5.9552
2026/09/03 07:33:23 - __main__ - INFO - 117 - trainer - Epoch: 1
2026/09/03 07:33:23 - __main__ - INFO - 162 - trainer - [0/190] Loss: 4.5550
2026/09/03 07:33:29 - __main__ - INFO - 162 - trainer - [39/190] Loss: 4.3883
2026/09/03 07:33:34 - __main__ - INFO - 162 - trainer - [78/190] Loss: 3.9960
2026/09/03 07:33:40 - __main__ - INFO - 162 - trainer - [117/190] Loss: 3.6752
2026/09/03 07:33:46 - __main__ - INFO - 162 - trainer - [156/190] Loss: 3.5240
2026/09/03 07:33:50 - __main__ - INFO - 167 - trainer - Average loss in epoch 1: 3.9100
2026/09/03 07:33:50 - __main__ - INFO - 117 - trainer - Epoch: 2
2026/09/03 07:33:51 - __main__ - INFO - 162 - trainer - [0/190] Loss: 3.2334
2026/09/03 07:33:56 - __main__ - INFO - 162 - trainer - [39/190] Loss: 3.0483
2026/09/03 07:34:02 - __main__ - INFO - 162 - trainer - [78/190] Loss: 2.7975
2026/09/03 07:34:08 - __main__ - INFO - 162 - trainer - [117/190] Loss: 2.5625
2026/09/03 07:34:14 - __main__ - INFO - 162 - trainer - [156/190] Loss: 2.4801
2026/09/03 07:34:18 - __main__ - INFO - 167 - trainer - Average loss in epoch 2: 2.7540
2026/09/03 07:34:18 - __main__ - INFO - 117 - trainer - Epoch: 3
2026/09/03 07:34:18 - __main__ - INFO - 162 - trainer - [0/190] Loss: 2.4291
2026/09/03 07:34:24 - __main__ - INFO - 162 - trainer - [39/190] Loss: 2.3935
2026/09/03 07:34:30 - __main__ - INFO - 162 - trainer - [78/190] Loss: 2.3579
2026/09/03 07:34:35 - __main__ - INFO - 162 - trainer - [117/190] Loss: 2.3222
2026/09/03 07:34:41 - __main__ - INFO - 162 - trainer - [156/190] Loss: 2.3240
2026/09/03 07:34:46 - __main__ - INFO - 167 - trainer - Average loss in epoch 3: 2.3643
2026/09/03 07:34:46 - __main__ - INFO - 117 - trainer - Epoch: 4
2026/09/03 07:34:46 - __main__ - INFO - 162 - trainer - [0/190] Loss: 2.2947
2026/09/03 07:34:52 - __main__ - INFO - 162 - trainer - [39/190] Loss: 2.2448
2026/09/03 07:34:57 - __main__ - INFO - 162 - trainer - [78/190] Loss: 2.2168
2026/09/03 07:35:03 - __main__ - INFO - 162 - trainer - [117/190] Loss: 2.2301
2026/09/03 07:35:09 - __main__ - INFO - 162 - trainer - [156/190] Loss: 2.2066
2026/09/03 07:35:14 - __main__ - INFO - 167 - trainer - Average loss in epoch 4: 2.2397
2026/09/03 07:35:14 - __main__ - INFO - 117 - trainer - Epoch: 5
2026/09/03 07:35:14 - __main__ - INFO - 162 - trainer - [0/190] Loss: 2.1767
2026/09/03 07:35:20 - __main__ - INFO - 162 - trainer - [39/190] Loss: 2.1585
2026/09/03 07:35:25 - __main__ - INFO - 162 - trainer - [78/190] Loss: 2.1744
2026/09/03 07:35:31 - __main__ - INFO - 162 - trainer - [117/190] Loss: 2.1088
2026/09/03 07:35:37 - __main__ - INFO - 162 - trainer - [156/190] Loss: 2.1076
2026/09/03 07:35:41 - __main__ - INFO - 167 - trainer - Average loss in epoch 5: 2.1384
2026/09/03 07:35:41 - __main__ - INFO - 117 - trainer - Epoch: 6
2026/09/03 07:35:42 - __main__ - INFO - 162 - trainer - [0/190] Loss: 2.0675
2026/09/03 07:35:47 - __main__ - INFO - 162 - trainer - [39/190] Loss: 2.0899
2026/09/03 07:35:53 - __main__ - INFO - 162 - trainer - [78/190] Loss: 2.0626
2026/09/03 07:35:58 - __main__ - INFO - 162 - trainer - [117/190] Loss: 2.0663
2026/09/03 07:36:04 - __main__ - INFO - 162 - trainer - [156/190] Loss: 2.0318
2026/09/03 07:36:09 - __main__ - INFO - 167 - trainer - Average loss in epoch 6: 2.0531
2026/09/03 07:36:09 - __main__ - INFO - 117 - trainer - Epoch: 7
2026/09/03 07:36:09 - __main__ - INFO - 162 - trainer - [0/190] Loss: 2.0160
2026/09/03 07:36:15 - __main__ - INFO - 162 - trainer - [39/190] Loss: 1.9868
2026/09/03 07:36:21 - __main__ - INFO - 162 - trainer - [78/190] Loss: 1.9648
2026/09/03 07:36:27 - __main__ - INFO - 162 - trainer - [117/190] Loss: 1.9389
2026/09/03 07:36:32 - __main__ - INFO - 162 - trainer - [156/190] Loss: 1.9598
2026/09/03 07:36:37 - __main__ - INFO - 167 - trainer - Average loss in epoch 7: 1.9764
2026/09/03 07:36:37 - __main__ - INFO - 117 - trainer - Epoch: 8
2026/09/03 07:36:37 - __main__ - INFO - 162 - trainer - [0/190] Loss: 1.9421
2026/09/03 07:36:43 - __main__ - INFO - 162 - trainer - [39/190] Loss: 1.9368
2026/09/03 07:36:49 - __main__ - INFO - 162 - trainer - [78/190] Loss: 1.9092
2026/09/03 07:36:54 - __main__ - INFO - 162 - trainer - [117/190] Loss: 1.8802
2026/09/03 07:37:00 - __main__ - INFO - 162 - trainer - [156/190] Loss: 1.9072
2026/09/03 07:37:05 - __main__ - INFO - 167 - trainer - Average loss in epoch 8: 1.9077
2026/09/03 07:37:05 - __main__ - INFO - 117 - trainer - Epoch: 9
2026/09/03 07:37:05 - __main__ - INFO - 162 - trainer - [0/190] Loss: 1.8843
2026/09/03 07:37:11 - __main__ - INFO - 162 - trainer - [39/190] Loss: 1.8473
2026/09/03 07:37:17 - __main__ - INFO - 162 - trainer - [78/190] Loss: 1.8264
2026/09/03 07:37:22 - __main__ - INFO - 162 - trainer - [117/190] Loss: 1.8376
2026/09/03 07:37:28 - __main__ - INFO - 162 - trainer - [156/190] Loss: 1.8448
2026/09/03 07:37:33 - __main__ - INFO - 167 - trainer - Average loss in epoch 9: 1.8459
2026/09/03 07:37:33 - __main__ - INFO - 117 - trainer - Epoch: 10
2026/09/03 07:37:33 - __main__ - INFO - 162 - trainer - [0/190] Loss: 1.7915
2026/09/03 07:37:39 - __main__ - INFO - 162 - trainer - [39/190] Loss: 1.8190
2026/09/03 07:37:44 - __main__ - INFO - 162 - trainer - [78/190] Loss: 1.7992
2026/09/03 07:37:50 - __main__ - INFO - 162 - trainer - [117/190] Loss: 1.7631
2026/09/03 07:37:56 - __main__ - INFO - 162 - trainer - [156/190] Loss: 1.7748
2026/09/03 07:38:01 - __main__ - INFO - 167 - trainer - Average loss in epoch 10: 1.7892
2026/09/03 07:38:01 - __main__ - INFO - 117 - trainer - Epoch: 11
2026/09/03 07:38:01 - __main__ - INFO - 162 - trainer - [0/190] Loss: 1.7505
2026/09/03 07:38:07 - __main__ - INFO - 162 - trainer - [39/190] Loss: 1.7571
2026/09/03 07:38:12 - __main__ - INFO - 162 - trainer - [78/190] Loss: 1.7435
2026/09/03 07:38:18 - __main__ - INFO - 162 - trainer - [117/190] Loss: 1.7215
2026/09/03 07:38:24 - __main__ - INFO - 162 - trainer - [156/190] Loss: 1.7366
2026/09/03 07:38:28 - __main__ - INFO - 167 - trainer - Average loss in epoch 11: 1.7359
2026/09/03 07:38:28 - __main__ - INFO - 117 - trainer - Epoch: 12
2026/09/03 07:38:29 - __main__ - INFO - 162 - trainer - [0/190] Loss: 1.7239
2026/09/03 07:38:34 - __main__ - INFO - 162 - trainer - [39/190] Loss: 1.6805
2026/09/03 07:38:40 - __main__ - INFO - 162 - trainer - [78/190] Loss: 1.7069
2026/09/03 07:38:46 - __main__ - INFO - 162 - trainer - [117/190] Loss: 1.6747
2026/09/03 07:38:52 - __main__ - INFO - 162 - trainer - [156/190] Loss: 1.6896
2026/09/03 07:38:56 - __main__ - INFO - 167 - trainer - Average loss in epoch 12: 1.6884
2026/09/03 07:38:56 - __main__ - INFO - 117 - trainer - Epoch: 13
2026/09/03 07:38:56 - __main__ - INFO - 162 - trainer - [0/190] Loss: 1.6903
2026/09/03 07:39:02 - __main__ - INFO - 162 - trainer - [39/190] Loss: 1.6527
2026/09/03 07:39:08 - __main__ - INFO - 162 - trainer - [78/190] Loss: 1.6042
2026/09/03 07:39:14 - __main__ - INFO - 162 - trainer - [117/190] Loss: 1.6318
2026/09/03 07:39:20 - __main__ - INFO - 162 - trainer - [156/190] Loss: 1.6417
2026/09/03 07:39:24 - __main__ - INFO - 167 - trainer - Average loss in epoch 13: 1.6432
2026/09/03 07:39:24 - __main__ - INFO - 117 - trainer - Epoch: 14
2026/09/03 07:39:25 - __main__ - INFO - 162 - trainer - [0/190] Loss: 1.6344
2026/09/03 07:39:30 - __main__ - INFO - 162 - trainer - [39/190] Loss: 1.6036
2026/09/03 07:39:36 - __main__ - INFO - 162 - trainer - [78/190] Loss: 1.6107
2026/09/03 07:39:42 - __main__ - INFO - 162 - trainer - [117/190] Loss: 1.5731
2026/09/03 07:39:47 - __main__ - INFO - 162 - trainer - [156/190] Loss: 1.6091
2026/09/03 07:39:52 - __main__ - INFO - 167 - trainer - Average loss in epoch 14: 1.6021
2026/09/03 07:39:52 - __main__ - INFO - 117 - trainer - Epoch: 15
2026/09/03 07:39:52 - __main__ - INFO - 162 - trainer - [0/190] Loss: 1.6118
2026/09/03 07:39:58 - __main__ - INFO - 162 - trainer - [39/190] Loss: 1.5649
2026/09/03 07:40:04 - __main__ - INFO - 162 - trainer - [78/190] Loss: 1.5848
2026/09/03 07:40:10 - __main__ - INFO - 162 - trainer - [117/190] Loss: 1.5606
2026/09/03 07:40:16 - __main__ - INFO - 162 - trainer - [156/190] Loss: 1.5562
2026/09/03 07:40:20 - __main__ - INFO - 167 - trainer - Average loss in epoch 15: 1.5646
2026/09/03 07:40:20 - __main__ - INFO - 117 - trainer - Epoch: 16
2026/09/03 07:40:20 - __main__ - INFO - 162 - trainer - [0/190] Loss: 1.5363
2026/09/03 07:40:26 - __main__ - INFO - 162 - trainer - [39/190] Loss: 1.5368
2026/09/03 07:40:32 - __main__ - INFO - 162 - trainer - [78/190] Loss: 1.5224
2026/09/03 07:40:38 - __main__ - INFO - 162 - trainer - [117/190] Loss: 1.4892
2026/09/03 07:40:43 - __main__ - INFO - 162 - trainer - [156/190] Loss: 1.5196
2026/09/03 07:40:48 - __main__ - INFO - 167 - trainer - Average loss in epoch 16: 1.5306
2026/09/03 07:40:48 - __main__ - INFO - 117 - trainer - Epoch: 17
2026/09/03 07:40:48 - __main__ - INFO - 162 - trainer - [0/190] Loss: 1.5027
2026/09/03 07:40:54 - __main__ - INFO - 162 - trainer - [39/190] Loss: 1.4731
2026/09/03 07:41:00 - __main__ - INFO - 162 - trainer - [78/190] Loss: 1.5217
2026/09/03 07:41:05 - __main__ - INFO - 162 - trainer - [117/190] Loss: 1.5048
2026/09/03 07:41:11 - __main__ - INFO - 162 - trainer - [156/190] Loss: 1.4712
2026/09/03 07:41:16 - __main__ - INFO - 167 - trainer - Average loss in epoch 17: 1.4987
2026/09/03 07:41:16 - __main__ - INFO - 117 - trainer - Epoch: 18
2026/09/03 07:41:16 - __main__ - INFO - 162 - trainer - [0/190] Loss: 1.4639
2026/09/03 07:41:22 - __main__ - INFO - 162 - trainer - [39/190] Loss: 1.4500
2026/09/03 07:41:28 - __main__ - INFO - 162 - trainer - [78/190] Loss: 1.4934
2026/09/03 07:41:33 - __main__ - INFO - 162 - trainer - [117/190] Loss: 1.4197
2026/09/03 07:41:39 - __main__ - INFO - 162 - trainer - [156/190] Loss: 1.4268
2026/09/03 07:41:44 - __main__ - INFO - 167 - trainer - Average loss in epoch 18: 1.4678
2026/09/03 07:41:44 - __main__ - INFO - 117 - trainer - Epoch: 19
2026/09/03 07:41:44 - __main__ - INFO - 162 - trainer - [0/190] Loss: 1.4705
2026/09/03 07:41:50 - __main__ - INFO - 162 - trainer - [39/190] Loss: 1.4271
2026/09/03 07:41:56 - __main__ - INFO - 162 - trainer - [78/190] Loss: 1.4327
2026/09/03 07:42:01 - __main__ - INFO - 162 - trainer - [117/190] Loss: 1.4105
2026/09/03 07:42:07 - __main__ - INFO - 162 - trainer - [156/190] Loss: 1.4281
2026/09/03 07:42:12 - __main__ - INFO - 167 - trainer - Average loss in epoch 19: 1.4415
2026/09/03 07:42:12 - __main__ - INFO - 117 - trainer - Epoch: 20
2026/09/03 07:42:12 - __main__ - INFO - 162 - trainer - [0/190] Loss: 1.4260
2026/09/03 07:42:18 - __main__ - INFO - 162 - trainer - [39/190] Loss: 1.4306
2026/09/03 07:42:24 - __main__ - INFO - 162 - trainer - [78/190] Loss: 1.4485
2026/09/03 07:42:29 - __main__ - INFO - 162 - trainer - [117/190] Loss: 1.4063
2026/09/03 07:42:35 - __main__ - INFO - 162 - trainer - [156/190] Loss: 1.4214
2026/09/03 07:42:40 - __main__ - INFO - 167 - trainer - Average loss in epoch 20: 1.4163
2026/09/03 07:42:40 - __main__ - INFO - 173 - trainer - start predicting: 2026-09-03 07:42:40.284303
2026/09/03 07:42:42 - __main__ - INFO - 203 - trainer - {'Best_HR@5': np.float64(6.9776), 'Best_HR@10': np.float64(12.2032), 'Best_HR@20': np.float64(21.1463), 'Best_NDCG@5': np.float64(4.0779), 'Best_NDCG@10': np.float64(5.7503), 'Best_NDCG@20': np.float64(7.9647)}
2026/09/03 07:42:42 - __main__ - INFO - 204 - trainer - {'Best_epoch_HR@5': 20, 'Best_epoch_HR@10': 20, 'Best_epoch_HR@20': 20, 'Best_epoch_NDCG@5': 20, 'Best_epoch_NDCG@10': 20, 'Best_epoch_NDCG@20': 20}
2026/09/03 07:42:42 - __main__ - INFO - 117 - trainer - Epoch: 21
2026/09/03 07:42:42 - __main__ - INFO - 162 - trainer - [0/190] Loss: 1.4040
2026/09/03 07:42:48 - __main__ - INFO - 162 - trainer - [39/190] Loss: 1.3905
2026/09/03 07:42:54 - __main__ - INFO - 162 - trainer - [78/190] Loss: 1.4140
2026/09/03 07:42:59 - __main__ - INFO - 162 - trainer - [117/190] Loss: 1.4028
2026/09/03 07:43:05 - __main__ - INFO - 162 - trainer - [156/190] Loss: 1.3414
2026/09/03 07:43:10 - __main__ - INFO - 167 - trainer - Average loss in epoch 21: 1.3939
2026/09/03 07:43:10 - __main__ - INFO - 117 - trainer - Epoch: 22
2026/09/03 07:43:10 - __main__ - INFO - 162 - trainer - [0/190] Loss: 1.3712
2026/09/03 07:43:16 - __main__ - INFO - 162 - trainer - [39/190] Loss: 1.3728
2026/09/03 07:43:21 - __main__ - INFO - 162 - trainer - [78/190] Loss: 1.3978
2026/09/03 07:43:27 - __main__ - INFO - 162 - trainer - [117/190] Loss: 1.3721
2026/09/03 07:43:33 - __main__ - INFO - 162 - trainer - [156/190] Loss: 1.3685
2026/09/03 07:43:38 - __main__ - INFO - 167 - trainer - Average loss in epoch 22: 1.3721
2026/09/03 07:43:38 - __main__ - INFO - 117 - trainer - Epoch: 23
2026/09/03 07:43:38 - __main__ - INFO - 162 - trainer - [0/190] Loss: 1.3726
2026/09/03 07:43:43 - __main__ - INFO - 162 - trainer - [39/190] Loss: 1.3709
2026/09/03 07:43:49 - __main__ - INFO - 162 - trainer - [78/190] Loss: 1.3529
2026/09/03 07:43:55 - __main__ - INFO - 162 - trainer - [117/190] Loss: 1.3115
2026/09/03 07:44:00 - __main__ - INFO - 162 - trainer - [156/190] Loss: 1.3148
2026/09/03 07:44:05 - __main__ - INFO - 167 - trainer - Average loss in epoch 23: 1.3534
2026/09/03 07:44:05 - __main__ - INFO - 117 - trainer - Epoch: 24
2026/09/03 07:44:05 - __main__ - INFO - 162 - trainer - [0/190] Loss: 1.3381
2026/09/03 07:44:11 - __main__ - INFO - 162 - trainer - [39/190] Loss: 1.3307
2026/09/03 07:44:16 - __main__ - INFO - 162 - trainer - [78/190] Loss: 1.3399
2026/09/03 07:44:22 - __main__ - INFO - 162 - trainer - [117/190] Loss: 1.3285
2026/09/03 07:44:28 - __main__ - INFO - 162 - trainer - [156/190] Loss: 1.3181
2026/09/03 07:44:33 - __main__ - INFO - 167 - trainer - Average loss in epoch 24: 1.3351
2026/09/03 07:44:33 - __main__ - INFO - 117 - trainer - Epoch: 25
2026/09/03 07:44:33 - __main__ - INFO - 162 - trainer - [0/190] Loss: 1.2910
2026/09/03 07:44:39 - __main__ - INFO - 162 - trainer - [39/190] Loss: 1.3341
2026/09/03 07:44:44 - __main__ - INFO - 162 - trainer - [78/190] Loss: 1.3385
2026/09/03 07:44:50 - __main__ - INFO - 162 - trainer - [117/190] Loss: 1.3365
2026/09/03 07:44:56 - __main__ - INFO - 162 - trainer - [156/190] Loss: 1.3277
2026/09/03 07:45:00 - __main__ - INFO - 167 - trainer - Average loss in epoch 25: 1.3192
2026/09/03 07:45:00 - __main__ - INFO - 117 - trainer - Epoch: 26
2026/09/03 07:45:01 - __main__ - INFO - 162 - trainer - [0/190] Loss: 1.2743
2026/09/03 07:45:06 - __main__ - INFO - 162 - trainer - [39/190] Loss: 1.3051
2026/09/03 07:45:12 - __main__ - INFO - 162 - trainer - [78/190] Loss: 1.3029
2026/09/03 07:45:18 - __main__ - INFO - 162 - trainer - [117/190] Loss: 1.3001
2026/09/03 07:45:23 - __main__ - INFO - 162 - trainer - [156/190] Loss: 1.3189
2026/09/03 07:45:28 - __main__ - INFO - 167 - trainer - Average loss in epoch 26: 1.3039
2026/09/03 07:45:28 - __main__ - INFO - 117 - trainer - Epoch: 27
2026/09/03 07:45:28 - __main__ - INFO - 162 - trainer - [0/190] Loss: 1.3000
2026/09/03 07:45:34 - __main__ - INFO - 162 - trainer - [39/190] Loss: 1.3227
2026/09/03 07:45:40 - __main__ - INFO - 162 - trainer - [78/190] Loss: 1.2663
2026/09/03 07:45:45 - __main__ - INFO - 162 - trainer - [117/190] Loss: 1.2775
2026/09/03 07:45:51 - __main__ - INFO - 162 - trainer - [156/190] Loss: 1.2983
2026/09/03 07:45:56 - __main__ - INFO - 167 - trainer - Average loss in epoch 27: 1.2914
2026/09/03 07:45:56 - __main__ - INFO - 117 - trainer - Epoch: 28
2026/09/03 07:45:56 - __main__ - INFO - 162 - trainer - [0/190] Loss: 1.2878
2026/09/03 07:46:01 - __main__ - INFO - 162 - trainer - [39/190] Loss: 1.2795
2026/09/03 07:46:07 - __main__ - INFO - 162 - trainer - [78/190] Loss: 1.2870
2026/09/03 07:46:13 - __main__ - INFO - 162 - trainer - [117/190] Loss: 1.2607
2026/09/03 07:46:18 - __main__ - INFO - 162 - trainer - [156/190] Loss: 1.2749
2026/09/03 07:46:23 - __main__ - INFO - 167 - trainer - Average loss in epoch 28: 1.2788
2026/09/03 07:46:23 - __main__ - INFO - 117 - trainer - Epoch: 29
2026/09/03 07:46:23 - __main__ - INFO - 162 - trainer - [0/190] Loss: 1.2626
2026/09/03 07:46:29 - __main__ - INFO - 162 - trainer - [39/190] Loss: 1.2701
2026/09/03 07:46:35 - __main__ - INFO - 162 - trainer - [78/190] Loss: 1.2690
2026/09/03 07:46:40 - __main__ - INFO - 162 - trainer - [117/190] Loss: 1.2619
2026/09/03 07:46:46 - __main__ - INFO - 162 - trainer - [156/190] Loss: 1.2806
2026/09/03 07:46:51 - __main__ - INFO - 167 - trainer - Average loss in epoch 29: 1.2672
2026/09/03 07:46:51 - __main__ - INFO - 117 - trainer - Epoch: 30
2026/09/03 07:46:51 - __main__ - INFO - 162 - trainer - [0/190] Loss: 1.2396
2026/09/03 07:46:56 - __main__ - INFO - 162 - trainer - [39/190] Loss: 1.2500
2026/09/03 07:47:02 - __main__ - INFO - 162 - trainer - [78/190] Loss: 1.2439
2026/09/03 07:47:08 - __main__ - INFO - 162 - trainer - [117/190] Loss: 1.2737
2026/09/03 07:47:14 - __main__ - INFO - 162 - trainer - [156/190] Loss: 1.2669
2026/09/03 07:47:18 - __main__ - INFO - 167 - trainer - Average loss in epoch 30: 1.2571
2026/09/03 07:47:18 - __main__ - INFO - 117 - trainer - Epoch: 31
2026/09/03 07:47:19 - __main__ - INFO - 162 - trainer - [0/190] Loss: 1.2536
2026/09/03 07:47:24 - __main__ - INFO - 162 - trainer - [39/190] Loss: 1.2354
2026/09/03 07:47:30 - __main__ - INFO - 162 - trainer - [78/190] Loss: 1.2258
2026/09/03 07:47:36 - __main__ - INFO - 162 - trainer - [117/190] Loss: 1.2493
2026/09/03 07:47:42 - __main__ - INFO - 162 - trainer - [156/190] Loss: 1.2412
2026/09/03 07:47:46 - __main__ - INFO - 167 - trainer - Average loss in epoch 31: 1.2481
2026/09/03 07:47:46 - __main__ - INFO - 117 - trainer - Epoch: 32
2026/09/03 07:47:47 - __main__ - INFO - 162 - trainer - [0/190] Loss: 1.2310
2026/09/03 07:47:52 - __main__ - INFO - 162 - trainer - [39/190] Loss: 1.2404
2026/09/03 07:47:58 - __main__ - INFO - 162 - trainer - [78/190] Loss: 1.2486
2026/09/03 07:48:03 - __main__ - INFO - 162 - trainer - [117/190] Loss: 1.2457
2026/09/03 07:48:09 - __main__ - INFO - 162 - trainer - [156/190] Loss: 1.2358
2026/09/03 07:48:14 - __main__ - INFO - 167 - trainer - Average loss in epoch 32: 1.2395
2026/09/03 07:48:14 - __main__ - INFO - 117 - trainer - Epoch: 33
2026/09/03 07:48:14 - __main__ - INFO - 162 - trainer - [0/190] Loss: 1.2601
2026/09/03 07:48:20 - __main__ - INFO - 162 - trainer - [39/190] Loss: 1.2395
2026/09/03 07:48:25 - __main__ - INFO - 162 - trainer - [78/190] Loss: 1.2307
2026/09/03 07:48:31 - __main__ - INFO - 162 - trainer - [117/190] Loss: 1.2120
2026/09/03 07:48:37 - __main__ - INFO - 162 - trainer - [156/190] Loss: 1.2423
2026/09/03 07:48:42 - __main__ - INFO - 167 - trainer - Average loss in epoch 33: 1.2320
2026/09/03 07:48:42 - __main__ - INFO - 117 - trainer - Epoch: 34
2026/09/03 07:48:42 - __main__ - INFO - 162 - trainer - [0/190] Loss: 1.2214
2026/09/03 07:48:47 - __main__ - INFO - 162 - trainer - [39/190] Loss: 1.2189
2026/09/03 07:48:53 - __main__ - INFO - 162 - trainer - [78/190] Loss: 1.2060
2026/09/03 07:48:59 - __main__ - INFO - 162 - trainer - [117/190] Loss: 1.2429
2026/09/03 07:49:04 - __main__ - INFO - 162 - trainer - [156/190] Loss: 1.2250
2026/09/03 07:49:09 - __main__ - INFO - 167 - trainer - Average loss in epoch 34: 1.2247
2026/09/03 07:49:09 - __main__ - INFO - 117 - trainer - Epoch: 35
2026/09/03 07:49:09 - __main__ - INFO - 162 - trainer - [0/190] Loss: 1.2150
2026/09/03 07:49:15 - __main__ - INFO - 162 - trainer - [39/190] Loss: 1.2144
2026/09/03 07:49:20 - __main__ - INFO - 162 - trainer - [78/190] Loss: 1.2185
2026/09/03 07:49:26 - __main__ - INFO - 162 - trainer - [117/190] Loss: 1.2241
2026/09/03 07:49:32 - __main__ - INFO - 162 - trainer - [156/190] Loss: 1.2211
2026/09/03 07:49:37 - __main__ - INFO - 167 - trainer - Average loss in epoch 35: 1.2177
2026/09/03 07:49:37 - __main__ - INFO - 117 - trainer - Epoch: 36
2026/09/03 07:49:37 - __main__ - INFO - 162 - trainer - [0/190] Loss: 1.2182
2026/09/03 07:49:43 - __main__ - INFO - 162 - trainer - [39/190] Loss: 1.1850
2026/09/03 07:49:48 - __main__ - INFO - 162 - trainer - [78/190] Loss: 1.2120
2026/09/03 07:49:54 - __main__ - INFO - 162 - trainer - [117/190] Loss: 1.2206
2026/09/03 07:50:00 - __main__ - INFO - 162 - trainer - [156/190] Loss: 1.2340
2026/09/03 07:50:04 - __main__ - INFO - 167 - trainer - Average loss in epoch 36: 1.2121
2026/09/03 07:50:04 - __main__ - INFO - 117 - trainer - Epoch: 37
2026/09/03 07:50:05 - __main__ - INFO - 162 - trainer - [0/190] Loss: 1.2275
2026/09/03 07:50:10 - __main__ - INFO - 162 - trainer - [39/190] Loss: 1.2006
2026/09/03 07:50:16 - __main__ - INFO - 162 - trainer - [78/190] Loss: 1.2011
2026/09/03 07:50:22 - __main__ - INFO - 162 - trainer - [117/190] Loss: 1.1997
2026/09/03 07:50:27 - __main__ - INFO - 162 - trainer - [156/190] Loss: 1.2169
2026/09/03 07:50:32 - __main__ - INFO - 167 - trainer - Average loss in epoch 37: 1.2063
2026/09/03 07:50:32 - __main__ - INFO - 117 - trainer - Epoch: 38
2026/09/03 07:50:32 - __main__ - INFO - 162 - trainer - [0/190] Loss: 1.1967
2026/09/03 07:50:38 - __main__ - INFO - 162 - trainer - [39/190] Loss: 1.2005
2026/09/03 07:50:44 - __main__ - INFO - 162 - trainer - [78/190] Loss: 1.2098
2026/09/03 07:50:49 - __main__ - INFO - 162 - trainer - [117/190] Loss: 1.2092
2026/09/03 07:50:55 - __main__ - INFO - 162 - trainer - [156/190] Loss: 1.2033
2026/09/03 07:51:00 - __main__ - INFO - 167 - trainer - Average loss in epoch 38: 1.2016
2026/09/03 07:51:00 - __main__ - INFO - 117 - trainer - Epoch: 39
2026/09/03 07:51:00 - __main__ - INFO - 162 - trainer - [0/190] Loss: 1.2064
2026/09/03 07:51:06 - __main__ - INFO - 162 - trainer - [39/190] Loss: 1.1909
2026/09/03 07:51:11 - __main__ - INFO - 162 - trainer - [78/190] Loss: 1.1767
2026/09/03 07:51:17 - __main__ - INFO - 162 - trainer - [117/190] Loss: 1.1961
2026/09/03 07:51:22 - __main__ - INFO - 162 - trainer - [156/190] Loss: 1.1911
2026/09/03 07:51:27 - __main__ - INFO - 167 - trainer - Average loss in epoch 39: 1.1960
2026/09/03 07:51:27 - __main__ - INFO - 117 - trainer - Epoch: 40
2026/09/03 07:51:27 - __main__ - INFO - 162 - trainer - [0/190] Loss: 1.1799
2026/09/03 07:51:33 - __main__ - INFO - 162 - trainer - [39/190] Loss: 1.1951
2026/09/03 07:51:39 - __main__ - INFO - 162 - trainer - [78/190] Loss: 1.2167
2026/09/03 07:51:44 - __main__ - INFO - 162 - trainer - [117/190] Loss: 1.1851
2026/09/03 07:51:50 - __main__ - INFO - 162 - trainer - [156/190] Loss: 1.1985
2026/09/03 07:51:55 - __main__ - INFO - 167 - trainer - Average loss in epoch 40: 1.1914
2026/09/03 07:51:55 - __main__ - INFO - 173 - trainer - start predicting: 2026-09-03 07:51:55.293579
2026/09/03 07:51:57 - __main__ - INFO - 203 - trainer - {'Best_HR@5': np.float64(7.9299), 'Best_HR@10': np.float64(14.3641), 'Best_HR@20': np.float64(24.449), 'Best_NDCG@5': np.float64(4.8444), 'Best_NDCG@10': np.float64(6.8899), 'Best_NDCG@20': np.float64(9.4341)}
2026/09/03 07:51:57 - __main__ - INFO - 204 - trainer - {'Best_epoch_HR@5': 40, 'Best_epoch_HR@10': 40, 'Best_epoch_HR@20': 40, 'Best_epoch_NDCG@5': 40, 'Best_epoch_NDCG@10': 40, 'Best_epoch_NDCG@20': 40}
2026/09/03 07:51:57 - __main__ - INFO - 117 - trainer - Epoch: 41
2026/09/03 07:51:57 - __main__ - INFO - 162 - trainer - [0/190] Loss: 1.1954
2026/09/03 07:52:03 - __main__ - INFO - 162 - trainer - [39/190] Loss: 1.1761
2026/09/03 07:52:09 - __main__ - INFO - 162 - trainer - [78/190] Loss: 1.2106
2026/09/03 07:52:15 - __main__ - INFO - 162 - trainer - [117/190] Loss: 1.1868
2026/09/03 07:52:20 - __main__ - INFO - 162 - trainer - [156/190] Loss: 1.2116
2026/09/03 07:52:25 - __main__ - INFO - 167 - trainer - Average loss in epoch 41: 1.1877
2026/09/03 07:52:25 - __main__ - INFO - 117 - trainer - Epoch: 42
2026/09/03 07:52:25 - __main__ - INFO - 162 - trainer - [0/190] Loss: 1.1764
2026/09/03 07:52:31 - __main__ - INFO - 162 - trainer - [39/190] Loss: 1.1946
2026/09/03 07:52:37 - __main__ - INFO - 162 - trainer - [78/190] Loss: 1.1813
2026/09/03 07:52:42 - __main__ - INFO - 162 - trainer - [117/190] Loss: 1.1839
2026/09/03 07:52:48 - __main__ - INFO - 162 - trainer - [156/190] Loss: 1.1870
2026/09/03 07:52:53 - __main__ - INFO - 167 - trainer - Average loss in epoch 42: 1.1833
2026/09/03 07:52:53 - __main__ - INFO - 117 - trainer - Epoch: 43
2026/09/03 07:52:53 - __main__ - INFO - 162 - trainer - [0/190] Loss: 1.1875
2026/09/03 07:52:58 - __main__ - INFO - 162 - trainer - [39/190] Loss: 1.1809
2026/09/03 07:53:04 - __main__ - INFO - 162 - trainer - [78/190] Loss: 1.1923
2026/09/03 07:53:10 - __main__ - INFO - 162 - trainer - [117/190] Loss: 1.1677
2026/09/03 07:53:15 - __main__ - INFO - 162 - trainer - [156/190] Loss: 1.1931
2026/09/03 07:53:20 - __main__ - INFO - 167 - trainer - Average loss in epoch 43: 1.1797
2026/09/03 07:53:20 - __main__ - INFO - 117 - trainer - Epoch: 44
2026/09/03 07:53:20 - __main__ - INFO - 162 - trainer - [0/190] Loss: 1.1760
2026/09/03 07:53:26 - __main__ - INFO - 162 - trainer - [39/190] Loss: 1.1707
2026/09/03 07:53:31 - __main__ - INFO - 162 - trainer - [78/190] Loss: 1.1536
2026/09/03 07:53:37 - __main__ - INFO - 162 - trainer - [117/190] Loss: 1.1899
2026/09/03 07:53:43 - __main__ - INFO - 162 - trainer - [156/190] Loss: 1.1878
2026/09/03 07:53:47 - __main__ - INFO - 167 - trainer - Average loss in epoch 44: 1.1757
2026/09/03 07:53:47 - __main__ - INFO - 117 - trainer - Epoch: 45
2026/09/03 07:53:48 - __main__ - INFO - 162 - trainer - [0/190] Loss: 1.1735
2026/09/03 07:53:53 - __main__ - INFO - 162 - trainer - [39/190] Loss: 1.1764
2026/09/03 07:53:59 - __main__ - INFO - 162 - trainer - [78/190] Loss: 1.1860
2026/09/03 07:54:04 - __main__ - INFO - 162 - trainer - [117/190] Loss: 1.1673
2026/09/03 07:54:10 - __main__ - INFO - 162 - trainer - [156/190] Loss: 1.1903
2026/09/03 07:54:15 - __main__ - INFO - 167 - trainer - Average loss in epoch 45: 1.1723
2026/09/03 07:54:15 - __main__ - INFO - 117 - trainer - Epoch: 46
2026/09/03 07:54:15 - __main__ - INFO - 162 - trainer - [0/190] Loss: 1.1682
2026/09/03 07:54:20 - __main__ - INFO - 162 - trainer - [39/190] Loss: 1.1726
2026/09/03 07:54:26 - __main__ - INFO - 162 - trainer - [78/190] Loss: 1.1792
2026/09/03 07:54:32 - __main__ - INFO - 162 - trainer - [117/190] Loss: 1.1643
2026/09/03 07:54:38 - __main__ - INFO - 162 - trainer - [156/190] Loss: 1.1783
2026/09/03 07:54:42 - __main__ - INFO - 167 - trainer - Average loss in epoch 46: 1.1696
2026/09/03 07:54:42 - __main__ - INFO - 117 - trainer - Epoch: 47
2026/09/03 07:54:42 - __main__ - INFO - 162 - trainer - [0/190] Loss: 1.1676
2026/09/03 07:54:48 - __main__ - INFO - 162 - trainer - [39/190] Loss: 1.1441
2026/09/03 07:54:54 - __main__ - INFO - 162 - trainer - [78/190] Loss: 1.1663
2026/09/03 07:54:59 - __main__ - INFO - 162 - trainer - [117/190] Loss: 1.1914
2026/09/03 07:55:05 - __main__ - INFO - 162 - trainer - [156/190] Loss: 1.1664
2026/09/03 07:55:10 - __main__ - INFO - 167 - trainer - Average loss in epoch 47: 1.1666
2026/09/03 07:55:10 - __main__ - INFO - 117 - trainer - Epoch: 48
2026/09/03 07:55:10 - __main__ - INFO - 162 - trainer - [0/190] Loss: 1.1579
2026/09/03 07:55:15 - __main__ - INFO - 162 - trainer - [39/190] Loss: 1.1664
2026/09/03 07:55:21 - __main__ - INFO - 162 - trainer - [78/190] Loss: 1.1744
2026/09/03 07:55:27 - __main__ - INFO - 162 - trainer - [117/190] Loss: 1.1780
2026/09/03 07:55:32 - __main__ - INFO - 162 - trainer - [156/190] Loss: 1.1657
2026/09/03 07:55:37 - __main__ - INFO - 167 - trainer - Average loss in epoch 48: 1.1631
2026/09/03 07:55:37 - __main__ - INFO - 117 - trainer - Epoch: 49
2026/09/03 07:55:37 - __main__ - INFO - 162 - trainer - [0/190] Loss: 1.1595
2026/09/03 07:55:43 - __main__ - INFO - 162 - trainer - [39/190] Loss: 1.1648
2026/09/03 07:55:49 - __main__ - INFO - 162 - trainer - [78/190] Loss: 1.1406
2026/09/03 07:55:54 - __main__ - INFO - 162 - trainer - [117/190] Loss: 1.1561
2026/09/03 07:56:00 - __main__ - INFO - 162 - trainer - [156/190] Loss: 1.1510
2026/09/03 07:56:05 - __main__ - INFO - 167 - trainer - Average loss in epoch 49: 1.1609
2026/09/03 07:56:05 - __main__ - INFO - 117 - trainer - Epoch: 50
2026/09/03 07:56:05 - __main__ - INFO - 162 - trainer - [0/190] Loss: 1.1507
2026/09/03 07:56:10 - __main__ - INFO - 162 - trainer - [39/190] Loss: 1.1375
2026/09/03 07:56:16 - __main__ - INFO - 162 - trainer - [78/190] Loss: 1.1521
2026/09/03 07:56:22 - __main__ - INFO - 162 - trainer - [117/190] Loss: 1.1788
2026/09/03 07:56:27 - __main__ - INFO - 162 - trainer - [156/190] Loss: 1.1393
2026/09/03 07:56:32 - __main__ - INFO - 167 - trainer - Average loss in epoch 50: 1.1587
2026/09/03 07:56:32 - __main__ - INFO - 117 - trainer - Epoch: 51
2026/09/03 07:56:32 - __main__ - INFO - 162 - trainer - [0/190] Loss: 1.1433
2026/09/03 07:56:38 - __main__ - INFO - 162 - trainer - [39/190] Loss: 1.1485
2026/09/03 07:56:44 - __main__ - INFO - 162 - trainer - [78/190] Loss: 1.1335
2026/09/03 07:56:49 - __main__ - INFO - 162 - trainer - [117/190] Loss: 1.1697
2026/09/03 07:56:55 - __main__ - INFO - 162 - trainer - [156/190] Loss: 1.1504
2026/09/03 07:56:59 - __main__ - INFO - 167 - trainer - Average loss in epoch 51: 1.1563
2026/09/03 07:56:59 - __main__ - INFO - 117 - trainer - Epoch: 52
2026/09/03 07:57:00 - __main__ - INFO - 162 - trainer - [0/190] Loss: 1.1497
2026/09/03 07:57:05 - __main__ - INFO - 162 - trainer - [39/190] Loss: 1.1494
2026/09/03 07:57:11 - __main__ - INFO - 162 - trainer - [78/190] Loss: 1.1470
2026/09/03 07:57:17 - __main__ - INFO - 162 - trainer - [117/190] Loss: 1.1401
2026/09/03 07:57:22 - __main__ - INFO - 162 - trainer - [156/190] Loss: 1.1443
2026/09/03 07:57:27 - __main__ - INFO - 167 - trainer - Average loss in epoch 52: 1.1540
2026/09/03 07:57:27 - __main__ - INFO - 117 - trainer - Epoch: 53
2026/09/03 07:57:27 - __main__ - INFO - 162 - trainer - [0/190] Loss: 1.1379
2026/09/03 07:57:33 - __main__ - INFO - 162 - trainer - [39/190] Loss: 1.1427
2026/09/03 07:57:38 - __main__ - INFO - 162 - trainer - [78/190] Loss: 1.1544
2026/09/03 07:57:44 - __main__ - INFO - 162 - trainer - [117/190] Loss: 1.1491
2026/09/03 07:57:50 - __main__ - INFO - 162 - trainer - [156/190] Loss: 1.1564
2026/09/03 07:57:55 - __main__ - INFO - 167 - trainer - Average loss in epoch 53: 1.1514
2026/09/03 07:57:55 - __main__ - INFO - 117 - trainer - Epoch: 54
2026/09/03 07:57:55 - __main__ - INFO - 162 - trainer - [0/190] Loss: 1.1532
2026/09/03 07:58:00 - __main__ - INFO - 162 - trainer - [39/190] Loss: 1.1496
2026/09/03 07:58:06 - __main__ - INFO - 162 - trainer - [78/190] Loss: 1.1497
2026/09/03 07:58:12 - __main__ - INFO - 162 - trainer - [117/190] Loss: 1.1625
2026/09/03 07:58:17 - __main__ - INFO - 162 - trainer - [156/190] Loss: 1.1602
2026/09/03 07:58:22 - __main__ - INFO - 167 - trainer - Average loss in epoch 54: 1.1492
2026/09/03 07:58:22 - __main__ - INFO - 117 - trainer - Epoch: 55
2026/09/03 07:58:22 - __main__ - INFO - 162 - trainer - [0/190] Loss: 1.1424
2026/09/03 07:58:28 - __main__ - INFO - 162 - trainer - [39/190] Loss: 1.1501
2026/09/03 07:58:34 - __main__ - INFO - 162 - trainer - [78/190] Loss: 1.1384
2026/09/03 07:58:39 - __main__ - INFO - 162 - trainer - [117/190] Loss: 1.1410
2026/09/03 07:58:45 - __main__ - INFO - 162 - trainer - [156/190] Loss: 1.1327
2026/09/03 07:58:50 - __main__ - INFO - 167 - trainer - Average loss in epoch 55: 1.1471
2026/09/03 07:58:50 - __main__ - INFO - 117 - trainer - Epoch: 56
2026/09/03 07:58:50 - __main__ - INFO - 162 - trainer - [0/190] Loss: 1.1196
2026/09/03 07:58:56 - __main__ - INFO - 162 - trainer - [39/190] Loss: 1.1657
2026/09/03 07:59:01 - __main__ - INFO - 162 - trainer - [78/190] Loss: 1.1481
2026/09/03 07:59:07 - __main__ - INFO - 162 - trainer - [117/190] Loss: 1.1189
2026/09/03 07:59:12 - __main__ - INFO - 162 - trainer - [156/190] Loss: 1.1550
2026/09/03 07:59:17 - __main__ - INFO - 167 - trainer - Average loss in epoch 56: 1.1453
2026/09/03 07:59:17 - __main__ - INFO - 117 - trainer - Epoch: 57
2026/09/03 07:59:17 - __main__ - INFO - 162 - trainer - [0/190] Loss: 1.1296
2026/09/03 07:59:23 - __main__ - INFO - 162 - trainer - [39/190] Loss: 1.1413
2026/09/03 07:59:29 - __main__ - INFO - 162 - trainer - [78/190] Loss: 1.1294
2026/09/03 07:59:34 - __main__ - INFO - 162 - trainer - [117/190] Loss: 1.1483
2026/09/03 07:59:40 - __main__ - INFO - 162 - trainer - [156/190] Loss: 1.1483
2026/09/03 07:59:45 - __main__ - INFO - 167 - trainer - Average loss in epoch 57: 1.1429
2026/09/03 07:59:45 - __main__ - INFO - 117 - trainer - Epoch: 58
2026/09/03 07:59:45 - __main__ - INFO - 162 - trainer - [0/190] Loss: 1.1377
2026/09/03 07:59:51 - __main__ - INFO - 162 - trainer - [39/190] Loss: 1.1526
2026/09/03 07:59:56 - __main__ - INFO - 162 - trainer - [78/190] Loss: 1.1470
2026/09/03 08:00:02 - __main__ - INFO - 162 - trainer - [117/190] Loss: 1.1211
2026/09/03 08:00:08 - __main__ - INFO - 162 - trainer - [156/190] Loss: 1.1634
2026/09/03 08:00:12 - __main__ - INFO - 167 - trainer - Average loss in epoch 58: 1.1408
2026/09/03 08:00:12 - __main__ - INFO - 117 - trainer - Epoch: 59
2026/09/03 08:00:12 - __main__ - INFO - 162 - trainer - [0/190] Loss: 1.1398
2026/09/03 08:00:18 - __main__ - INFO - 162 - trainer - [39/190] Loss: 1.1420
2026/09/03 08:00:24 - __main__ - INFO - 162 - trainer - [78/190] Loss: 1.1329
2026/09/03 08:00:29 - __main__ - INFO - 162 - trainer - [117/190] Loss: 1.1383
2026/09/03 08:00:35 - __main__ - INFO - 162 - trainer - [156/190] Loss: 1.1117
2026/09/03 08:00:40 - __main__ - INFO - 167 - trainer - Average loss in epoch 59: 1.1397
2026/09/03 08:00:40 - __main__ - INFO - 117 - trainer - Epoch: 60
2026/09/03 08:00:40 - __main__ - INFO - 162 - trainer - [0/190] Loss: 1.1351
2026/09/03 08:00:46 - __main__ - INFO - 162 - trainer - [39/190] Loss: 1.1347
2026/09/03 08:00:52 - __main__ - INFO - 162 - trainer - [78/190] Loss: 1.1387
2026/09/03 08:00:57 - __main__ - INFO - 162 - trainer - [117/190] Loss: 1.1468
2026/09/03 08:01:03 - __main__ - INFO - 162 - trainer - [156/190] Loss: 1.1370
2026/09/03 08:01:08 - __main__ - INFO - 167 - trainer - Average loss in epoch 60: 1.1381
2026/09/03 08:01:08 - __main__ - INFO - 173 - trainer - start predicting: 2026-09-03 08:01:08.157846
2026/09/03 08:01:10 - __main__ - INFO - 203 - trainer - {'Best_HR@5': np.float64(9.0959), 'Best_HR@10': np.float64(14.7855), 'Best_HR@20': np.float64(25.2794), 'Best_NDCG@5': np.float64(5.5056), 'Best_NDCG@10': np.float64(7.2938), 'Best_NDCG@20': np.float64(9.912)}
2026/09/03 08:01:10 - __main__ - INFO - 204 - trainer - {'Best_epoch_HR@5': 60, 'Best_epoch_HR@10': 60, 'Best_epoch_HR@20': 60, 'Best_epoch_NDCG@5': 60, 'Best_epoch_NDCG@10': 60, 'Best_epoch_NDCG@20': 60}
2026/09/03 08:01:10 - __main__ - INFO - 117 - trainer - Epoch: 61
2026/09/03 08:01:10 - __main__ - INFO - 162 - trainer - [0/190] Loss: 1.1361
2026/09/03 08:01:16 - __main__ - INFO - 162 - trainer - [39/190] Loss: 1.1479
2026/09/03 08:01:22 - __main__ - INFO - 162 - trainer - [78/190] Loss: 1.1280
2026/09/03 08:01:27 - __main__ - INFO - 162 - trainer - [117/190] Loss: 1.1343
2026/09/03 08:01:33 - __main__ - INFO - 162 - trainer - [156/190] Loss: 1.1352
2026/09/03 08:01:38 - __main__ - INFO - 167 - trainer - Average loss in epoch 61: 1.1365
2026/09/03 08:01:38 - __main__ - INFO - 117 - trainer - Epoch: 62
2026/09/03 08:01:38 - __main__ - INFO - 162 - trainer - [0/190] Loss: 1.1387
2026/09/03 08:01:44 - __main__ - INFO - 162 - trainer - [39/190] Loss: 1.0927
2026/09/03 08:01:49 - __main__ - INFO - 162 - trainer - [78/190] Loss: 1.1439
2026/09/03 08:01:55 - __main__ - INFO - 162 - trainer - [117/190] Loss: 1.1511
2026/09/03 08:02:01 - __main__ - INFO - 162 - trainer - [156/190] Loss: 1.1442
2026/09/03 08:02:06 - __main__ - INFO - 167 - trainer - Average loss in epoch 62: 1.1350
2026/09/03 08:02:06 - __main__ - INFO - 117 - trainer - Epoch: 63
2026/09/03 08:02:06 - __main__ - INFO - 162 - trainer - [0/190] Loss: 1.1251
2026/09/03 08:02:11 - __main__ - INFO - 162 - trainer - [39/190] Loss: 1.1327
2026/09/03 08:02:17 - __main__ - INFO - 162 - trainer - [78/190] Loss: 1.1267
2026/09/03 08:02:23 - __main__ - INFO - 162 - trainer - [117/190] Loss: 1.1321
2026/09/03 08:02:29 - __main__ - INFO - 162 - trainer - [156/190] Loss: 1.1436
2026/09/03 08:02:33 - __main__ - INFO - 167 - trainer - Average loss in epoch 63: 1.1338
2026/09/03 08:02:33 - __main__ - INFO - 117 - trainer - Epoch: 64
2026/09/03 08:02:33 - __main__ - INFO - 162 - trainer - [0/190] Loss: 1.1111
2026/09/03 08:02:39 - __main__ - INFO - 162 - trainer - [39/190] Loss: 1.1191
2026/09/03 08:02:45 - __main__ - INFO - 162 - trainer - [78/190] Loss: 1.1400
2026/09/03 08:02:51 - __main__ - INFO - 162 - trainer - [117/190] Loss: 1.1553
2026/09/03 08:02:56 - __main__ - INFO - 162 - trainer - [156/190] Loss: 1.1308
2026/09/03 08:03:01 - __main__ - INFO - 167 - trainer - Average loss in epoch 64: 1.1310
2026/09/03 08:03:01 - __main__ - INFO - 117 - trainer - Epoch: 65
2026/09/03 08:03:01 - __main__ - INFO - 162 - trainer - [0/190] Loss: 1.1385
2026/09/03 08:03:07 - __main__ - INFO - 162 - trainer - [39/190] Loss: 1.1203
2026/09/03 08:03:12 - __main__ - INFO - 162 - trainer - [78/190] Loss: 1.1285
2026/09/03 08:03:18 - __main__ - INFO - 162 - trainer - [117/190] Loss: 1.1282
2026/09/03 08:03:24 - __main__ - INFO - 162 - trainer - [156/190] Loss: 1.1274
2026/09/03 08:03:29 - __main__ - INFO - 167 - trainer - Average loss in epoch 65: 1.1308
2026/09/03 08:03:29 - __main__ - INFO - 117 - trainer - Epoch: 66
2026/09/03 08:03:29 - __main__ - INFO - 162 - trainer - [0/190] Loss: 1.1259
2026/09/03 08:03:34 - __main__ - INFO - 162 - trainer - [39/190] Loss: 1.1317
2026/09/03 08:03:40 - __main__ - INFO - 162 - trainer - [78/190] Loss: 1.1383
2026/09/03 08:03:46 - __main__ - INFO - 162 - trainer - [117/190] Loss: 1.1322
2026/09/03 08:03:52 - __main__ - INFO - 162 - trainer - [156/190] Loss: 1.1294
2026/09/03 08:03:57 - __main__ - INFO - 167 - trainer - Average loss in epoch 66: 1.1288
2026/09/03 08:03:57 - __main__ - INFO - 117 - trainer - Epoch: 67
2026/09/03 08:03:57 - __main__ - INFO - 162 - trainer - [0/190] Loss: 1.1145
2026/09/03 08:04:02 - __main__ - INFO - 162 - trainer - [39/190] Loss: 1.1245
2026/09/03 08:04:08 - __main__ - INFO - 162 - trainer - [78/190] Loss: 1.1226
2026/09/03 08:04:14 - __main__ - INFO - 162 - trainer - [117/190] Loss: 1.1222
2026/09/03 08:04:19 - __main__ - INFO - 162 - trainer - [156/190] Loss: 1.1281
2026/09/03 08:04:24 - __main__ - INFO - 167 - trainer - Average loss in epoch 67: 1.1281
2026/09/03 08:04:24 - __main__ - INFO - 117 - trainer - Epoch: 68
2026/09/03 08:04:24 - __main__ - INFO - 162 - trainer - [0/190] Loss: 1.1172
2026/09/03 08:04:30 - __main__ - INFO - 162 - trainer - [39/190] Loss: 1.0938
2026/09/03 08:04:35 - __main__ - INFO - 162 - trainer - [78/190] Loss: 1.1288
2026/09/03 08:04:41 - __main__ - INFO - 162 - trainer - [117/190] Loss: 1.1188
2026/09/03 08:04:46 - __main__ - INFO - 162 - trainer - [156/190] Loss: 1.1262
2026/09/03 08:04:51 - __main__ - INFO - 167 - trainer - Average loss in epoch 68: 1.1260
2026/09/03 08:04:51 - __main__ - INFO - 117 - trainer - Epoch: 69
2026/09/03 08:04:51 - __main__ - INFO - 162 - trainer - [0/190] Loss: 1.1167
2026/09/03 08:04:57 - __main__ - INFO - 162 - trainer - [39/190] Loss: 1.1386
2026/09/03 08:05:03 - __main__ - INFO - 162 - trainer - [78/190] Loss: 1.1266
2026/09/03 08:05:08 - __main__ - INFO - 162 - trainer - [117/190] Loss: 1.1265
2026/09/03 08:05:14 - __main__ - INFO - 162 - trainer - [156/190] Loss: 1.1330
2026/09/03 08:05:19 - __main__ - INFO - 167 - trainer - Average loss in epoch 69: 1.1246
2026/09/03 08:05:19 - __main__ - INFO - 117 - trainer - Epoch: 70
2026/09/03 08:05:19 - __main__ - INFO - 162 - trainer - [0/190] Loss: 1.1163
2026/09/03 08:05:25 - __main__ - INFO - 162 - trainer - [39/190] Loss: 1.1114
2026/09/03 08:05:30 - __main__ - INFO - 162 - trainer - [78/190] Loss: 1.1351
2026/09/03 08:05:36 - __main__ - INFO - 162 - trainer - [117/190] Loss: 1.1215
2026/09/03 08:05:42 - __main__ - INFO - 162 - trainer - [156/190] Loss: 1.1297
2026/09/03 08:05:46 - __main__ - INFO - 167 - trainer - Average loss in epoch 70: 1.1241
2026/09/03 08:05:46 - __main__ - INFO - 117 - trainer - Epoch: 71
2026/09/03 08:05:47 - __main__ - INFO - 162 - trainer - [0/190] Loss: 1.1224
2026/09/03 08:05:52 - __main__ - INFO - 162 - trainer - [39/190] Loss: 1.1031
2026/09/03 08:05:58 - __main__ - INFO - 162 - trainer - [78/190] Loss: 1.1325
2026/09/03 08:06:04 - __main__ - INFO - 162 - trainer - [117/190] Loss: 1.1131
2026/09/03 08:06:09 - __main__ - INFO - 162 - trainer - [156/190] Loss: 1.1456
2026/09/03 08:06:14 - __main__ - INFO - 167 - trainer - Average loss in epoch 71: 1.1218
2026/09/03 08:06:14 - __main__ - INFO - 117 - trainer - Epoch: 72
2026/09/03 08:06:14 - __main__ - INFO - 162 - trainer - [0/190] Loss: 1.1134
2026/09/03 08:06:20 - __main__ - INFO - 162 - trainer - [39/190] Loss: 1.1177
2026/09/03 08:06:26 - __main__ - INFO - 162 - trainer - [78/190] Loss: 1.1279
2026/09/03 08:06:31 - __main__ - INFO - 162 - trainer - [117/190] Loss: 1.1100
2026/09/03 08:06:37 - __main__ - INFO - 162 - trainer - [156/190] Loss: 1.1265
2026/09/03 08:06:42 - __main__ - INFO - 167 - trainer - Average loss in epoch 72: 1.1218
2026/09/03 08:06:42 - __main__ - INFO - 117 - trainer - Epoch: 73
2026/09/03 08:06:42 - __main__ - INFO - 162 - trainer - [0/190] Loss: 1.1224
2026/09/03 08:06:47 - __main__ - INFO - 162 - trainer - [39/190] Loss: 1.1207
2026/09/03 08:06:53 - __main__ - INFO - 162 - trainer - [78/190] Loss: 1.1290
2026/09/03 08:06:59 - __main__ - INFO - 162 - trainer - [117/190] Loss: 1.1266
2026/09/03 08:07:05 - __main__ - INFO - 162 - trainer - [156/190] Loss: 1.1194
2026/09/03 08:07:09 - __main__ - INFO - 167 - trainer - Average loss in epoch 73: 1.1198
2026/09/03 08:07:09 - __main__ - INFO - 117 - trainer - Epoch: 74
2026/09/03 08:07:09 - __main__ - INFO - 162 - trainer - [0/190] Loss: 1.1147
2026/09/03 08:07:15 - __main__ - INFO - 162 - trainer - [39/190] Loss: 1.1138
2026/09/03 08:07:21 - __main__ - INFO - 162 - trainer - [78/190] Loss: 1.0898
2026/09/03 08:07:26 - __main__ - INFO - 162 - trainer - [117/190] Loss: 1.1342
2026/09/03 08:07:32 - __main__ - INFO - 162 - trainer - [156/190] Loss: 1.1244
2026/09/03 08:07:37 - __main__ - INFO - 167 - trainer - Average loss in epoch 74: 1.1187
2026/09/03 08:07:37 - __main__ - INFO - 117 - trainer - Epoch: 75
2026/09/03 08:07:37 - __main__ - INFO - 162 - trainer - [0/190] Loss: 1.1078
2026/09/03 08:07:42 - __main__ - INFO - 162 - trainer - [39/190] Loss: 1.1178
2026/09/03 08:07:48 - __main__ - INFO - 162 - trainer - [78/190] Loss: 1.1193
2026/09/03 08:07:54 - __main__ - INFO - 162 - trainer - [117/190] Loss: 1.1047
2026/09/03 08:07:59 - __main__ - INFO - 162 - trainer - [156/190] Loss: 1.1108
2026/09/03 08:08:04 - __main__ - INFO - 167 - trainer - Average loss in epoch 75: 1.1181
2026/09/03 08:08:04 - __main__ - INFO - 117 - trainer - Epoch: 76
2026/09/03 08:08:04 - __main__ - INFO - 162 - trainer - [0/190] Loss: 1.1237
2026/09/03 08:08:10 - __main__ - INFO - 162 - trainer - [39/190] Loss: 1.1151
2026/09/03 08:08:16 - __main__ - INFO - 162 - trainer - [78/190] Loss: 1.1317
2026/09/03 08:08:21 - __main__ - INFO - 162 - trainer - [117/190] Loss: 1.1242
2026/09/03 08:08:27 - __main__ - INFO - 162 - trainer - [156/190] Loss: 1.1056
2026/09/03 08:08:31 - __main__ - INFO - 167 - trainer - Average loss in epoch 76: 1.1171
2026/09/03 08:08:31 - __main__ - INFO - 117 - trainer - Epoch: 77
2026/09/03 08:08:32 - __main__ - INFO - 162 - trainer - [0/190] Loss: 1.0964
2026/09/03 08:08:37 - __main__ - INFO - 162 - trainer - [39/190] Loss: 1.1025
2026/09/03 08:08:43 - __main__ - INFO - 162 - trainer - [78/190] Loss: 1.1354
2026/09/03 08:08:48 - __main__ - INFO - 162 - trainer - [117/190] Loss: 1.0971
2026/09/03 08:08:54 - __main__ - INFO - 162 - trainer - [156/190] Loss: 1.1000
2026/09/03 08:08:59 - __main__ - INFO - 167 - trainer - Average loss in epoch 77: 1.1159
2026/09/03 08:08:59 - __main__ - INFO - 117 - trainer - Epoch: 78
2026/09/03 08:08:59 - __main__ - INFO - 162 - trainer - [0/190] Loss: 1.1294
2026/09/03 08:09:05 - __main__ - INFO - 162 - trainer - [39/190] Loss: 1.0888
2026/09/03 08:09:10 - __main__ - INFO - 162 - trainer - [78/190] Loss: 1.1048
2026/09/03 08:09:16 - __main__ - INFO - 162 - trainer - [117/190] Loss: 1.1235
2026/09/03 08:09:22 - __main__ - INFO - 162 - trainer - [156/190] Loss: 1.1247
2026/09/03 08:09:27 - __main__ - INFO - 167 - trainer - Average loss in epoch 78: 1.1143
2026/09/03 08:09:27 - __main__ - INFO - 117 - trainer - Epoch: 79
2026/09/03 08:09:27 - __main__ - INFO - 162 - trainer - [0/190] Loss: 1.1162
2026/09/03 08:09:32 - __main__ - INFO - 162 - trainer - [39/190] Loss: 1.0983
2026/09/03 08:09:38 - __main__ - INFO - 162 - trainer - [78/190] Loss: 1.1395
2026/09/03 08:09:44 - __main__ - INFO - 162 - trainer - [117/190] Loss: 1.1223
2026/09/03 08:09:49 - __main__ - INFO - 162 - trainer - [156/190] Loss: 1.1079
2026/09/03 08:09:54 - __main__ - INFO - 167 - trainer - Average loss in epoch 79: 1.1140
2026/09/03 08:09:54 - __main__ - INFO - 117 - trainer - Epoch: 80
2026/09/03 08:09:54 - __main__ - INFO - 162 - trainer - [0/190] Loss: 1.1000
2026/09/03 08:10:00 - __main__ - INFO - 162 - trainer - [39/190] Loss: 1.1187
2026/09/03 08:10:06 - __main__ - INFO - 162 - trainer - [78/190] Loss: 1.1094
2026/09/03 08:10:11 - __main__ - INFO - 162 - trainer - [117/190] Loss: 1.1052
2026/09/03 08:10:17 - __main__ - INFO - 162 - trainer - [156/190] Loss: 1.1201
2026/09/03 08:10:22 - __main__ - INFO - 167 - trainer - Average loss in epoch 80: 1.1119
2026/09/03 08:10:22 - __main__ - INFO - 173 - trainer - start predicting: 2026-09-03 08:10:22.144077
2026/09/03 08:10:24 - __main__ - INFO - 203 - trainer - {'Best_HR@5': np.float64(9.0959), 'Best_HR@10': np.float64(15.7804), 'Best_HR@20': np.float64(26.4821), 'Best_NDCG@5': np.float64(5.5056), 'Best_NDCG@10': np.float64(7.5819), 'Best_NDCG@20': np.float64(10.2658)}
2026/09/03 08:10:24 - __main__ - INFO - 204 - trainer - {'Best_epoch_HR@5': 60, 'Best_epoch_HR@10': 80, 'Best_epoch_HR@20': 80, 'Best_epoch_NDCG@5': 60, 'Best_epoch_NDCG@10': 80, 'Best_epoch_NDCG@20': 80}
2026/09/03 08:10:24 - __main__ - INFO - 117 - trainer - Epoch: 81
2026/09/03 08:10:24 - __main__ - INFO - 162 - trainer - [0/190] Loss: 1.0991
2026/09/03 08:10:30 - __main__ - INFO - 162 - trainer - [39/190] Loss: 1.0879
2026/09/03 08:10:35 - __main__ - INFO - 162 - trainer - [78/190] Loss: 1.1208
2026/09/03 08:10:41 - __main__ - INFO - 162 - trainer - [117/190] Loss: 1.1156
2026/09/03 08:10:47 - __main__ - INFO - 162 - trainer - [156/190] Loss: 1.1013
2026/09/03 08:10:51 - __main__ - INFO - 167 - trainer - Average loss in epoch 81: 1.1120
2026/09/03 08:10:51 - __main__ - INFO - 117 - trainer - Epoch: 82
2026/09/03 08:10:52 - __main__ - INFO - 162 - trainer - [0/190] Loss: 1.0978
2026/09/03 08:10:57 - __main__ - INFO - 162 - trainer - [39/190] Loss: 1.0979
2026/09/03 08:11:03 - __main__ - INFO - 162 - trainer - [78/190] Loss: 1.1296
2026/09/03 08:11:09 - __main__ - INFO - 162 - trainer - [117/190] Loss: 1.1203
2026/09/03 08:11:14 - __main__ - INFO - 162 - trainer - [156/190] Loss: 1.1029
2026/09/03 08:11:19 - __main__ - INFO - 167 - trainer - Average loss in epoch 82: 1.1112
2026/09/03 08:11:19 - __main__ - INFO - 117 - trainer - Epoch: 83
2026/09/03 08:11:19 - __main__ - INFO - 162 - trainer - [0/190] Loss: 1.1076
2026/09/03 08:11:25 - __main__ - INFO - 162 - trainer - [39/190] Loss: 1.1058
2026/09/03 08:11:30 - __main__ - INFO - 162 - trainer - [78/190] Loss: 1.1004
2026/09/03 08:11:36 - __main__ - INFO - 162 - trainer - [117/190] Loss: 1.0982
2026/09/03 08:11:42 - __main__ - INFO - 162 - trainer - [156/190] Loss: 1.1088
2026/09/03 08:11:46 - __main__ - INFO - 167 - trainer - Average loss in epoch 83: 1.1095
2026/09/03 08:11:46 - __main__ - INFO - 117 - trainer - Epoch: 84
2026/09/03 08:11:46 - __main__ - INFO - 162 - trainer - [0/190] Loss: 1.1161
2026/09/03 08:11:52 - __main__ - INFO - 162 - trainer - [39/190] Loss: 1.1142
2026/09/03 08:11:58 - __main__ - INFO - 162 - trainer - [78/190] Loss: 1.1043
2026/09/03 08:12:03 - __main__ - INFO - 162 - trainer - [117/190] Loss: 1.1091
2026/09/03 08:12:09 - __main__ - INFO - 162 - trainer - [156/190] Loss: 1.1156
2026/09/03 08:12:14 - __main__ - INFO - 167 - trainer - Average loss in epoch 84: 1.1094
2026/09/03 08:12:14 - __main__ - INFO - 117 - trainer - Epoch: 85
2026/09/03 08:12:14 - __main__ - INFO - 162 - trainer - [0/190] Loss: 1.0823
2026/09/03 08:12:19 - __main__ - INFO - 162 - trainer - [39/190] Loss: 1.1210
2026/09/03 08:12:25 - __main__ - INFO - 162 - trainer - [78/190] Loss: 1.0947
2026/09/03 08:12:31 - __main__ - INFO - 162 - trainer - [117/190] Loss: 1.1230
2026/09/03 08:12:36 - __main__ - INFO - 162 - trainer - [156/190] Loss: 1.1269
2026/09/03 08:12:41 - __main__ - INFO - 167 - trainer - Average loss in epoch 85: 1.1078
2026/09/03 08:12:41 - __main__ - INFO - 117 - trainer - Epoch: 86
2026/09/03 08:12:41 - __main__ - INFO - 162 - trainer - [0/190] Loss: 1.0778
2026/09/03 08:12:47 - __main__ - INFO - 162 - trainer - [39/190] Loss: 1.1042
2026/09/03 08:12:52 - __main__ - INFO - 162 - trainer - [78/190] Loss: 1.1126
2026/09/03 08:12:58 - __main__ - INFO - 162 - trainer - [117/190] Loss: 1.0891
2026/09/03 08:13:04 - __main__ - INFO - 162 - trainer - [156/190] Loss: 1.1165
2026/09/03 08:13:08 - __main__ - INFO - 167 - trainer - Average loss in epoch 86: 1.1070
2026/09/03 08:13:08 - __main__ - INFO - 117 - trainer - Epoch: 87
2026/09/03 08:13:09 - __main__ - INFO - 162 - trainer - [0/190] Loss: 1.0902
2026/09/03 08:13:14 - __main__ - INFO - 162 - trainer - [39/190] Loss: 1.1302
2026/09/03 08:13:20 - __main__ - INFO - 162 - trainer - [78/190] Loss: 1.1060
2026/09/03 08:13:26 - __main__ - INFO - 162 - trainer - [117/190] Loss: 1.1288
2026/09/03 08:13:31 - __main__ - INFO - 162 - trainer - [156/190] Loss: 1.1027
2026/09/03 08:13:36 - __main__ - INFO - 167 - trainer - Average loss in epoch 87: 1.1056
2026/09/03 08:13:36 - __main__ - INFO - 117 - trainer - Epoch: 88
2026/09/03 08:13:36 - __main__ - INFO - 162 - trainer - [0/190] Loss: 1.0973
2026/09/03 08:13:42 - __main__ - INFO - 162 - trainer - [39/190] Loss: 1.0994
2026/09/03 08:13:47 - __main__ - INFO - 162 - trainer - [78/190] Loss: 1.1083
2026/09/03 08:13:53 - __main__ - INFO - 162 - trainer - [117/190] Loss: 1.1086
2026/09/03 08:13:58 - __main__ - INFO - 162 - trainer - [156/190] Loss: 1.1290
2026/09/03 08:14:03 - __main__ - INFO - 167 - trainer - Average loss in epoch 88: 1.1051
2026/09/03 08:14:03 - __main__ - INFO - 117 - trainer - Epoch: 89
2026/09/03 08:14:03 - __main__ - INFO - 162 - trainer - [0/190] Loss: 1.1023
2026/09/03 08:14:09 - __main__ - INFO - 162 - trainer - [39/190] Loss: 1.1135
2026/09/03 08:14:15 - __main__ - INFO - 162 - trainer - [78/190] Loss: 1.1014
2026/09/03 08:14:20 - __main__ - INFO - 162 - trainer - [117/190] Loss: 1.0993
2026/09/03 08:14:26 - __main__ - INFO - 162 - trainer - [156/190] Loss: 1.1164
2026/09/03 08:14:31 - __main__ - INFO - 167 - trainer - Average loss in epoch 89: 1.1038
2026/09/03 08:14:31 - __main__ - INFO - 117 - trainer - Epoch: 90
2026/09/03 08:14:31 - __main__ - INFO - 162 - trainer - [0/190] Loss: 1.1151
2026/09/03 08:14:36 - __main__ - INFO - 162 - trainer - [39/190] Loss: 1.1065
2026/09/03 08:14:42 - __main__ - INFO - 162 - trainer - [78/190] Loss: 1.0977
2026/09/03 08:14:48 - __main__ - INFO - 162 - trainer - [117/190] Loss: 1.1039
2026/09/03 08:14:53 - __main__ - INFO - 162 - trainer - [156/190] Loss: 1.1092
2026/09/03 08:14:58 - __main__ - INFO - 167 - trainer - Average loss in epoch 90: 1.1032
2026/09/03 08:14:58 - __main__ - INFO - 117 - trainer - Epoch: 91
2026/09/03 08:14:58 - __main__ - INFO - 162 - trainer - [0/190] Loss: 1.0971
2026/09/03 08:15:03 - __main__ - INFO - 162 - trainer - [39/190] Loss: 1.1073
2026/09/03 08:15:09 - __main__ - INFO - 162 - trainer - [78/190] Loss: 1.1108
2026/09/03 08:15:15 - __main__ - INFO - 162 - trainer - [117/190] Loss: 1.0804
2026/09/03 08:15:20 - __main__ - INFO - 162 - trainer - [156/190] Loss: 1.1171
2026/09/03 08:15:25 - __main__ - INFO - 167 - trainer - Average loss in epoch 91: 1.1014
2026/09/03 08:15:25 - __main__ - INFO - 117 - trainer - Epoch: 92
2026/09/03 08:15:25 - __main__ - INFO - 162 - trainer - [0/190] Loss: 1.0967
2026/09/03 08:15:31 - __main__ - INFO - 162 - trainer - [39/190] Loss: 1.0933
2026/09/03 08:15:37 - __main__ - INFO - 162 - trainer - [78/190] Loss: 1.1219
2026/09/03 08:15:42 - __main__ - INFO - 162 - trainer - [117/190] Loss: 1.1002
2026/09/03 08:15:48 - __main__ - INFO - 162 - trainer - [156/190] Loss: 1.1049
2026/09/03 08:15:52 - __main__ - INFO - 167 - trainer - Average loss in epoch 92: 1.1013
2026/09/03 08:15:52 - __main__ - INFO - 117 - trainer - Epoch: 93
2026/09/03 08:15:53 - __main__ - INFO - 162 - trainer - [0/190] Loss: 1.0829
2026/09/03 08:15:58 - __main__ - INFO - 162 - trainer - [39/190] Loss: 1.1161
2026/09/03 08:16:04 - __main__ - INFO - 162 - trainer - [78/190] Loss: 1.1154
2026/09/03 08:16:09 - __main__ - INFO - 162 - trainer - [117/190] Loss: 1.1116
2026/09/03 08:16:15 - __main__ - INFO - 162 - trainer - [156/190] Loss: 1.0875
2026/09/03 08:16:20 - __main__ - INFO - 167 - trainer - Average loss in epoch 93: 1.1008
2026/09/03 08:16:20 - __main__ - INFO - 117 - trainer - Epoch: 94
2026/09/03 08:16:20 - __main__ - INFO - 162 - trainer - [0/190] Loss: 1.1106
2026/09/03 08:16:26 - __main__ - INFO - 162 - trainer - [39/190] Loss: 1.0799
2026/09/03 08:16:31 - __main__ - INFO - 162 - trainer - [78/190] Loss: 1.0790
2026/09/03 08:16:37 - __main__ - INFO - 162 - trainer - [117/190] Loss: 1.1108
2026/09/03 08:16:43 - __main__ - INFO - 162 - trainer - [156/190] Loss: 1.1136
2026/09/03 08:16:47 - __main__ - INFO - 167 - trainer - Average loss in epoch 94: 1.0997
2026/09/03 08:16:47 - __main__ - INFO - 117 - trainer - Epoch: 95
2026/09/03 08:16:47 - __main__ - INFO - 162 - trainer - [0/190] Loss: 1.1029
2026/09/03 08:16:53 - __main__ - INFO - 162 - trainer - [39/190] Loss: 1.0715
2026/09/03 08:16:59 - __main__ - INFO - 162 - trainer - [78/190] Loss: 1.1314
2026/09/03 08:17:04 - __main__ - INFO - 162 - trainer - [117/190] Loss: 1.0924
2026/09/03 08:17:10 - __main__ - INFO - 162 - trainer - [156/190] Loss: 1.0889
2026/09/03 08:17:15 - __main__ - INFO - 167 - trainer - Average loss in epoch 95: 1.0988
2026/09/03 08:17:15 - __main__ - INFO - 117 - trainer - Epoch: 96
2026/09/03 08:17:15 - __main__ - INFO - 162 - trainer - [0/190] Loss: 1.0824
2026/09/03 08:17:20 - __main__ - INFO - 162 - trainer - [39/190] Loss: 1.0901
2026/09/03 08:17:26 - __main__ - INFO - 162 - trainer - [78/190] Loss: 1.0839
2026/09/03 08:17:32 - __main__ - INFO - 162 - trainer - [117/190] Loss: 1.1075
2026/09/03 08:17:37 - __main__ - INFO - 162 - trainer - [156/190] Loss: 1.1142
2026/09/03 08:17:42 - __main__ - INFO - 167 - trainer - Average loss in epoch 96: 1.0989
2026/09/03 08:17:42 - __main__ - INFO - 117 - trainer - Epoch: 97
2026/09/03 08:17:42 - __main__ - INFO - 162 - trainer - [0/190] Loss: 1.0796
2026/09/03 08:17:48 - __main__ - INFO - 162 - trainer - [39/190] Loss: 1.0716
2026/09/03 08:17:53 - __main__ - INFO - 162 - trainer - [78/190] Loss: 1.1144
2026/09/03 08:17:59 - __main__ - INFO - 162 - trainer - [117/190] Loss: 1.0869
2026/09/03 08:18:05 - __main__ - INFO - 162 - trainer - [156/190] Loss: 1.0840
2026/09/03 08:18:09 - __main__ - INFO - 167 - trainer - Average loss in epoch 97: 1.0974
2026/09/03 08:18:09 - __main__ - INFO - 117 - trainer - Epoch: 98
2026/09/03 08:18:10 - __main__ - INFO - 162 - trainer - [0/190] Loss: 1.0890
2026/09/03 08:18:15 - __main__ - INFO - 162 - trainer - [39/190] Loss: 1.1060
2026/09/03 08:18:21 - __main__ - INFO - 162 - trainer - [78/190] Loss: 1.0805
2026/09/03 08:18:26 - __main__ - INFO - 162 - trainer - [117/190] Loss: 1.0941
2026/09/03 08:18:32 - __main__ - INFO - 162 - trainer - [156/190] Loss: 1.0935
2026/09/03 08:18:37 - __main__ - INFO - 167 - trainer - Average loss in epoch 98: 1.0968
2026/09/03 08:18:37 - __main__ - INFO - 117 - trainer - Epoch: 99
2026/09/03 08:18:37 - __main__ - INFO - 162 - trainer - [0/190] Loss: 1.0994
2026/09/03 08:18:43 - __main__ - INFO - 162 - trainer - [39/190] Loss: 1.0947
2026/09/03 08:18:48 - __main__ - INFO - 162 - trainer - [78/190] Loss: 1.0999
2026/09/03 08:18:54 - __main__ - INFO - 162 - trainer - [117/190] Loss: 1.0703
2026/09/03 08:18:59 - __main__ - INFO - 162 - trainer - [156/190] Loss: 1.1121
2026/09/03 08:19:04 - __main__ - INFO - 167 - trainer - Average loss in epoch 99: 1.0961
2026/09/03 08:19:04 - __main__ - INFO - 117 - trainer - Epoch: 100
2026/09/03 08:19:04 - __main__ - INFO - 162 - trainer - [0/190] Loss: 1.0889
2026/09/03 08:19:10 - __main__ - INFO - 162 - trainer - [39/190] Loss: 1.1024
2026/09/03 08:19:16 - __main__ - INFO - 162 - trainer - [78/190] Loss: 1.0967
2026/09/03 08:19:21 - __main__ - INFO - 162 - trainer - [117/190] Loss: 1.1156
2026/09/03 08:19:27 - __main__ - INFO - 162 - trainer - [156/190] Loss: 1.0890
2026/09/03 08:19:32 - __main__ - INFO - 167 - trainer - Average loss in epoch 100: 1.0853
2026/09/03 08:19:32 - __main__ - INFO - 173 - trainer - start predicting: 2026-09-03 08:19:32.096406
2026/09/03 08:19:34 - __main__ - INFO - 203 - trainer - {'Best_HR@5': np.float64(9.0959), 'Best_HR@10': np.float64(15.8538), 'Best_HR@20': np.float64(26.4821), 'Best_NDCG@5': np.float64(5.5056), 'Best_NDCG@10': np.float64(7.8238), 'Best_NDCG@20': np.float64(10.4536)}
2026/09/03 08:19:34 - __main__ - INFO - 204 - trainer - {'Best_epoch_HR@5': 60, 'Best_epoch_HR@10': 100, 'Best_epoch_HR@20': 80, 'Best_epoch_NDCG@5': 60, 'Best_epoch_NDCG@10': 100, 'Best_epoch_NDCG@20': 100}
2026/09/03 08:19:34 - __main__ - INFO - 117 - trainer - Epoch: 101
2026/09/03 08:19:34 - __main__ - INFO - 162 - trainer - [0/190] Loss: 1.0672
2026/09/03 08:19:40 - __main__ - INFO - 162 - trainer - [39/190] Loss: 1.0992
2026/09/03 08:19:45 - __main__ - INFO - 162 - trainer - [78/190] Loss: 1.0813
2026/09/03 08:19:51 - __main__ - INFO - 162 - trainer - [117/190] Loss: 1.0889
2026/09/03 08:19:57 - __main__ - INFO - 162 - trainer - [156/190] Loss: 1.0979
2026/09/03 08:20:01 - __main__ - INFO - 167 - trainer - Average loss in epoch 101: 1.0830
2026/09/03 08:20:01 - __main__ - INFO - 117 - trainer - Epoch: 102
2026/09/03 08:20:02 - __main__ - INFO - 162 - trainer - [0/190] Loss: 1.0898
2026/09/03 08:20:07 - __main__ - INFO - 162 - trainer - [39/190] Loss: 1.0728
2026/09/03 08:20:13 - __main__ - INFO - 162 - trainer - [78/190] Loss: 1.0777
2026/09/03 08:20:19 - __main__ - INFO - 162 - trainer - [117/190] Loss: 1.0686
2026/09/03 08:20:24 - __main__ - INFO - 162 - trainer - [156/190] Loss: 1.1025
2026/09/03 08:20:29 - __main__ - INFO - 167 - trainer - Average loss in epoch 102: 1.0822
2026/09/03 08:20:29 - __main__ - INFO - 117 - trainer - Epoch: 103
2026/09/03 08:20:29 - __main__ - INFO - 162 - trainer - [0/190] Loss: 1.0637
2026/09/03 08:20:35 - __main__ - INFO - 162 - trainer - [39/190] Loss: 1.0776
2026/09/03 08:20:41 - __main__ - INFO - 162 - trainer - [78/190] Loss: 1.0805
2026/09/03 08:20:46 - __main__ - INFO - 162 - trainer - [117/190] Loss: 1.0953
2026/09/03 08:20:52 - __main__ - INFO - 162 - trainer - [156/190] Loss: 1.0992
2026/09/03 08:20:56 - __main__ - INFO - 167 - trainer - Average loss in epoch 103: 1.0806
2026/09/03 08:20:56 - __main__ - INFO - 117 - trainer - Epoch: 104
2026/09/03 08:20:57 - __main__ - INFO - 162 - trainer - [0/190] Loss: 1.0780
2026/09/03 08:21:02 - __main__ - INFO - 162 - trainer - [39/190] Loss: 1.0745
2026/09/03 08:21:08 - __main__ - INFO - 162 - trainer - [78/190] Loss: 1.0647
2026/09/03 08:21:13 - __main__ - INFO - 162 - trainer - [117/190] Loss: 1.0855
2026/09/03 08:21:19 - __main__ - INFO - 162 - trainer - [156/190] Loss: 1.0750
2026/09/03 08:21:24 - __main__ - INFO - 167 - trainer - Average loss in epoch 104: 1.0807
2026/09/03 08:21:24 - __main__ - INFO - 117 - trainer - Epoch: 105
2026/09/03 08:21:24 - __main__ - INFO - 162 - trainer - [0/190] Loss: 1.1117
2026/09/03 08:21:30 - __main__ - INFO - 162 - trainer - [39/190] Loss: 1.0906
2026/09/03 08:21:35 - __main__ - INFO - 162 - trainer - [78/190] Loss: 1.0517
2026/09/03 08:21:41 - __main__ - INFO - 162 - trainer - [117/190] Loss: 1.0866
2026/09/03 08:21:47 - __main__ - INFO - 162 - trainer - [156/190] Loss: 1.0885
2026/09/03 08:21:51 - __main__ - INFO - 167 - trainer - Average loss in epoch 105: 1.0800
2026/09/03 08:21:51 - __main__ - INFO - 117 - trainer - Epoch: 106
2026/09/03 08:21:51 - __main__ - INFO - 162 - trainer - [0/190] Loss: 1.0715
2026/09/03 08:21:57 - __main__ - INFO - 162 - trainer - [39/190] Loss: 1.0654
2026/09/03 08:22:03 - __main__ - INFO - 162 - trainer - [78/190] Loss: 1.0884
2026/09/03 08:22:08 - __main__ - INFO - 162 - trainer - [117/190] Loss: 1.0829
2026/09/03 08:22:14 - __main__ - INFO - 162 - trainer - [156/190] Loss: 1.0716
2026/09/03 08:22:19 - __main__ - INFO - 167 - trainer - Average loss in epoch 106: 1.0793
2026/09/03 08:22:19 - __main__ - INFO - 117 - trainer - Epoch: 107
2026/09/03 08:22:19 - __main__ - INFO - 162 - trainer - [0/190] Loss: 1.0848
2026/09/03 08:22:25 - __main__ - INFO - 162 - trainer - [39/190] Loss: 1.0847
2026/09/03 08:22:30 - __main__ - INFO - 162 - trainer - [78/190] Loss: 1.0703
2026/09/03 08:22:36 - __main__ - INFO - 162 - trainer - [117/190] Loss: 1.0911
2026/09/03 08:22:42 - __main__ - INFO - 162 - trainer - [156/190] Loss: 1.0773
2026/09/03 08:22:46 - __main__ - INFO - 167 - trainer - Average loss in epoch 107: 1.0796
2026/09/03 08:22:46 - __main__ - INFO - 117 - trainer - Epoch: 108
2026/09/03 08:22:47 - __main__ - INFO - 162 - trainer - [0/190] Loss: 1.0891
2026/09/03 08:22:52 - __main__ - INFO - 162 - trainer - [39/190] Loss: 1.0839
2026/09/03 08:22:58 - __main__ - INFO - 162 - trainer - [78/190] Loss: 1.0960
2026/09/03 08:23:03 - __main__ - INFO - 162 - trainer - [117/190] Loss: 1.0949
2026/09/03 08:23:09 - __main__ - INFO - 162 - trainer - [156/190] Loss: 1.0843
2026/09/03 08:23:14 - __main__ - INFO - 167 - trainer - Average loss in epoch 108: 1.0787
2026/09/03 08:23:14 - __main__ - INFO - 117 - trainer - Epoch: 109
2026/09/03 08:23:14 - __main__ - INFO - 162 - trainer - [0/190] Loss: 1.0644
2026/09/03 08:23:20 - __main__ - INFO - 162 - trainer - [39/190] Loss: 1.0872
2026/09/03 08:23:25 - __main__ - INFO - 162 - trainer - [78/190] Loss: 1.1011
2026/09/03 08:23:31 - __main__ - INFO - 162 - trainer - [117/190] Loss: 1.0698
2026/09/03 08:23:37 - __main__ - INFO - 162 - trainer - [156/190] Loss: 1.0821
2026/09/03 08:23:41 - __main__ - INFO - 167 - trainer - Average loss in epoch 109: 1.0783
2026/09/03 08:23:41 - __main__ - INFO - 117 - trainer - Epoch: 110
2026/09/03 08:23:42 - __main__ - INFO - 162 - trainer - [0/190] Loss: 1.0631
2026/09/03 08:23:47 - __main__ - INFO - 162 - trainer - [39/190] Loss: 1.0879
2026/09/03 08:23:53 - __main__ - INFO - 162 - trainer - [78/190] Loss: 1.0718
2026/09/03 08:23:58 - __main__ - INFO - 162 - trainer - [117/190] Loss: 1.0511
2026/09/03 08:24:04 - __main__ - INFO - 162 - trainer - [156/190] Loss: 1.0748
2026/09/03 08:24:09 - __main__ - INFO - 167 - trainer - Average loss in epoch 110: 1.0783
2026/09/03 08:24:09 - __main__ - INFO - 117 - trainer - Epoch: 111
2026/09/03 08:24:09 - __main__ - INFO - 162 - trainer - [0/190] Loss: 1.0697
2026/09/03 08:24:15 - __main__ - INFO - 162 - trainer - [39/190] Loss: 1.0755
2026/09/03 08:24:20 - __main__ - INFO - 162 - trainer - [78/190] Loss: 1.0735
2026/09/03 08:24:26 - __main__ - INFO - 162 - trainer - [117/190] Loss: 1.0952
2026/09/03 08:24:32 - __main__ - INFO - 162 - trainer - [156/190] Loss: 1.0927
2026/09/03 08:24:36 - __main__ - INFO - 167 - trainer - Average loss in epoch 111: 1.0780
2026/09/03 08:24:36 - __main__ - INFO - 117 - trainer - Epoch: 112
2026/09/03 08:24:36 - __main__ - INFO - 162 - trainer - [0/190] Loss: 1.0659
2026/09/03 08:24:42 - __main__ - INFO - 162 - trainer - [39/190] Loss: 1.0877
2026/09/03 08:24:48 - __main__ - INFO - 162 - trainer - [78/190] Loss: 1.0860
2026/09/03 08:24:53 - __main__ - INFO - 162 - trainer - [117/190] Loss: 1.0915
2026/09/03 08:24:59 - __main__ - INFO - 162 - trainer - [156/190] Loss: 1.0815
2026/09/03 08:25:04 - __main__ - INFO - 167 - trainer - Average loss in epoch 112: 1.0775
2026/09/03 08:25:04 - __main__ - INFO - 117 - trainer - Epoch: 113
2026/09/03 08:25:04 - __main__ - INFO - 162 - trainer - [0/190] Loss: 1.0831
2026/09/03 08:25:10 - __main__ - INFO - 162 - trainer - [39/190] Loss: 1.0836
2026/09/03 08:25:15 - __main__ - INFO - 162 - trainer - [78/190] Loss: 1.0699
2026/09/03 08:25:21 - __main__ - INFO - 162 - trainer - [117/190] Loss: 1.0816
2026/09/03 08:25:27 - __main__ - INFO - 162 - trainer - [156/190] Loss: 1.0892
2026/09/03 08:25:32 - __main__ - INFO - 167 - trainer - Average loss in epoch 113: 1.0776
2026/09/03 08:25:32 - __main__ - INFO - 117 - trainer - Epoch: 114
2026/09/03 08:25:32 - __main__ - INFO - 162 - trainer - [0/190] Loss: 1.1044
2026/09/03 08:25:38 - __main__ - INFO - 162 - trainer - [39/190] Loss: 1.0787
2026/09/03 08:25:43 - __main__ - INFO - 162 - trainer - [78/190] Loss: 1.0838
2026/09/03 08:25:49 - __main__ - INFO - 162 - trainer - [117/190] Loss: 1.0812
2026/09/03 08:25:55 - __main__ - INFO - 162 - trainer - [156/190] Loss: 1.0631
2026/09/03 08:25:59 - __main__ - INFO - 167 - trainer - Average loss in epoch 114: 1.0769
2026/09/03 08:25:59 - __main__ - INFO - 117 - trainer - Epoch: 115
2026/09/03 08:25:59 - __main__ - INFO - 162 - trainer - [0/190] Loss: 1.0744
2026/09/03 08:26:05 - __main__ - INFO - 162 - trainer - [39/190] Loss: 1.0973
2026/09/03 08:26:11 - __main__ - INFO - 162 - trainer - [78/190] Loss: 1.0624
2026/09/03 08:26:16 - __main__ - INFO - 162 - trainer - [117/190] Loss: 1.0766
2026/09/03 08:26:22 - __main__ - INFO - 162 - trainer - [156/190] Loss: 1.0681
2026/09/03 08:26:27 - __main__ - INFO - 167 - trainer - Average loss in epoch 115: 1.0768
2026/09/03 08:26:27 - __main__ - INFO - 117 - trainer - Epoch: 116
2026/09/03 08:26:27 - __main__ - INFO - 162 - trainer - [0/190] Loss: 1.0598
2026/09/03 08:26:33 - __main__ - INFO - 162 - trainer - [39/190] Loss: 1.0623
2026/09/03 08:26:38 - __main__ - INFO - 162 - trainer - [78/190] Loss: 1.0715
2026/09/03 08:26:44 - __main__ - INFO - 162 - trainer - [117/190] Loss: 1.0668
2026/09/03 08:26:50 - __main__ - INFO - 162 - trainer - [156/190] Loss: 1.0810
2026/09/03 08:26:54 - __main__ - INFO - 167 - trainer - Average loss in epoch 116: 1.0768
2026/09/03 08:26:54 - __main__ - INFO - 117 - trainer - Epoch: 117
2026/09/03 08:26:55 - __main__ - INFO - 162 - trainer - [0/190] Loss: 1.0718
2026/09/03 08:27:00 - __main__ - INFO - 162 - trainer - [39/190] Loss: 1.0716
2026/09/03 08:27:06 - __main__ - INFO - 162 - trainer - [78/190] Loss: 1.1061
2026/09/03 08:27:12 - __main__ - INFO - 162 - trainer - [117/190] Loss: 1.0929
2026/09/03 08:27:17 - __main__ - INFO - 162 - trainer - [156/190] Loss: 1.0972
2026/09/03 08:27:22 - __main__ - INFO - 167 - trainer - Average loss in epoch 117: 1.0761
2026/09/03 08:27:22 - __main__ - INFO - 117 - trainer - Epoch: 118
2026/09/03 08:27:22 - __main__ - INFO - 162 - trainer - [0/190] Loss: 1.0640
2026/09/03 08:27:28 - __main__ - INFO - 162 - trainer - [39/190] Loss: 1.0911
2026/09/03 08:27:34 - __main__ - INFO - 162 - trainer - [78/190] Loss: 1.0706
2026/09/03 08:27:39 - __main__ - INFO - 162 - trainer - [117/190] Loss: 1.0820
2026/09/03 08:27:45 - __main__ - INFO - 162 - trainer - [156/190] Loss: 1.0927
2026/09/03 08:27:50 - __main__ - INFO - 167 - trainer - Average loss in epoch 118: 1.0756
2026/09/03 08:27:50 - __main__ - INFO - 117 - trainer - Epoch: 119
2026/09/03 08:27:50 - __main__ - INFO - 162 - trainer - [0/190] Loss: 1.0988
2026/09/03 08:27:55 - __main__ - INFO - 162 - trainer - [39/190] Loss: 1.0674
2026/09/03 08:28:01 - __main__ - INFO - 162 - trainer - [78/190] Loss: 1.0406
2026/09/03 08:28:07 - __main__ - INFO - 162 - trainer - [117/190] Loss: 1.0720
2026/09/03 08:28:12 - __main__ - INFO - 162 - trainer - [156/190] Loss: 1.0695
2026/09/03 08:28:17 - __main__ - INFO - 167 - trainer - Average loss in epoch 119: 1.0754
2026/09/03 08:28:17 - __main__ - INFO - 117 - trainer - Epoch: 120
2026/09/03 08:28:17 - __main__ - INFO - 162 - trainer - [0/190] Loss: 1.0873
2026/09/03 08:28:23 - __main__ - INFO - 162 - trainer - [39/190] Loss: 1.0600
2026/09/03 08:28:29 - __main__ - INFO - 162 - trainer - [78/190] Loss: 1.0809
2026/09/03 08:28:35 - __main__ - INFO - 162 - trainer - [117/190] Loss: 1.0927
2026/09/03 08:28:40 - __main__ - INFO - 162 - trainer - [156/190] Loss: 1.0727
2026/09/03 08:28:45 - __main__ - INFO - 167 - trainer - Average loss in epoch 120: 1.0756
2026/09/03 08:28:45 - __main__ - INFO - 173 - trainer - start predicting: 2026-09-03 08:28:45.673180
2026/09/03 08:28:48 - __main__ - INFO - 203 - trainer - {'Best_HR@5': np.float64(9.0959), 'Best_HR@10': np.float64(16.7144), 'Best_HR@20': np.float64(26.4821), 'Best_NDCG@5': np.float64(5.5056), 'Best_NDCG@10': np.float64(7.8238), 'Best_NDCG@20': np.float64(10.4536)}
2026/09/03 08:28:48 - __main__ - INFO - 204 - trainer - {'Best_epoch_HR@5': 60, 'Best_epoch_HR@10': 120, 'Best_epoch_HR@20': 80, 'Best_epoch_NDCG@5': 60, 'Best_epoch_NDCG@10': 100, 'Best_epoch_NDCG@20': 100}
2026/09/03 08:28:48 - __main__ - INFO - 117 - trainer - Epoch: 121
2026/09/03 08:28:48 - __main__ - INFO - 162 - trainer - [0/190] Loss: 1.0833
2026/09/03 08:28:54 - __main__ - INFO - 162 - trainer - [39/190] Loss: 1.0520
2026/09/03 08:28:59 - __main__ - INFO - 162 - trainer - [78/190] Loss: 1.0895
2026/09/03 08:29:05 - __main__ - INFO - 162 - trainer - [117/190] Loss: 1.0849
2026/09/03 08:29:10 - __main__ - INFO - 162 - trainer - [156/190] Loss: 1.0588
2026/09/03 08:29:15 - __main__ - INFO - 167 - trainer - Average loss in epoch 121: 1.0750
2026/09/03 08:29:15 - __main__ - INFO - 117 - trainer - Epoch: 122
2026/09/03 08:29:15 - __main__ - INFO - 162 - trainer - [0/190] Loss: 1.0756
2026/09/03 08:29:21 - __main__ - INFO - 162 - trainer - [39/190] Loss: 1.0908
2026/09/03 08:29:26 - __main__ - INFO - 162 - trainer - [78/190] Loss: 1.0603
2026/09/03 08:29:32 - __main__ - INFO - 162 - trainer - [117/190] Loss: 1.0616
2026/09/03 08:29:38 - __main__ - INFO - 162 - trainer - [156/190] Loss: 1.0799
2026/09/03 08:29:43 - __main__ - INFO - 167 - trainer - Average loss in epoch 122: 1.0756
2026/09/03 08:29:43 - __main__ - INFO - 117 - trainer - Epoch: 123
2026/09/03 08:29:43 - __main__ - INFO - 162 - trainer - [0/190] Loss: 1.0699
2026/09/03 08:29:49 - __main__ - INFO - 162 - trainer - [39/190] Loss: 1.0849
2026/09/03 08:29:54 - __main__ - INFO - 162 - trainer - [78/190] Loss: 1.0681
2026/09/03 08:30:00 - __main__ - INFO - 162 - trainer - [117/190] Loss: 1.0718
2026/09/03 08:30:05 - __main__ - INFO - 162 - trainer - [156/190] Loss: 1.0670
2026/09/03 08:30:10 - __main__ - INFO - 167 - trainer - Average loss in epoch 123: 1.0753
2026/09/03 08:30:10 - __main__ - INFO - 117 - trainer - Epoch: 124
2026/09/03 08:30:10 - __main__ - INFO - 162 - trainer - [0/190] Loss: 1.0638
2026/09/03 08:30:16 - __main__ - INFO - 162 - trainer - [39/190] Loss: 1.0956
2026/09/03 08:30:22 - __main__ - INFO - 162 - trainer - [78/190] Loss: 1.0841
2026/09/03 08:30:27 - __main__ - INFO - 162 - trainer - [117/190] Loss: 1.0750
2026/09/03 08:30:33 - __main__ - INFO - 162 - trainer - [156/190] Loss: 1.0694
2026/09/03 08:30:38 - __main__ - INFO - 167 - trainer - Average loss in epoch 124: 1.0747
2026/09/03 08:30:38 - __main__ - INFO - 117 - trainer - Epoch: 125
2026/09/03 08:30:38 - __main__ - INFO - 162 - trainer - [0/190] Loss: 1.0655
2026/09/03 08:30:44 - __main__ - INFO - 162 - trainer - [39/190] Loss: 1.0865
2026/09/03 08:30:49 - __main__ - INFO - 162 - trainer - [78/190] Loss: 1.0762
2026/09/03 08:30:55 - __main__ - INFO - 162 - trainer - [117/190] Loss: 1.0849
2026/09/03 08:31:00 - __main__ - INFO - 162 - trainer - [156/190] Loss: 1.0842
2026/09/03 08:31:05 - __main__ - INFO - 167 - trainer - Average loss in epoch 125: 1.0746
2026/09/03 08:31:05 - __main__ - INFO - 117 - trainer - Epoch: 126
2026/09/03 08:31:05 - __main__ - INFO - 162 - trainer - [0/190] Loss: 1.0708
2026/09/03 08:31:11 - __main__ - INFO - 162 - trainer - [39/190] Loss: 1.0745
2026/09/03 08:31:16 - __main__ - INFO - 162 - trainer - [78/190] Loss: 1.1076
2026/09/03 08:31:22 - __main__ - INFO - 162 - trainer - [117/190] Loss: 1.0716
2026/09/03 08:31:28 - __main__ - INFO - 162 - trainer - [156/190] Loss: 1.0765
2026/09/03 08:31:32 - __main__ - INFO - 167 - trainer - Average loss in epoch 126: 1.0743
2026/09/03 08:31:32 - __main__ - INFO - 117 - trainer - Epoch: 127
2026/09/03 08:31:33 - __main__ - INFO - 162 - trainer - [0/190] Loss: 1.0720
2026/09/03 08:31:38 - __main__ - INFO - 162 - trainer - [39/190] Loss: 1.0675
2026/09/03 08:31:44 - __main__ - INFO - 162 - trainer - [78/190] Loss: 1.0561
2026/09/03 08:31:50 - __main__ - INFO - 162 - trainer - [117/190] Loss: 1.0644
2026/09/03 08:31:55 - __main__ - INFO - 162 - trainer - [156/190] Loss: 1.0729
2026/09/03 08:32:00 - __main__ - INFO - 167 - trainer - Average loss in epoch 127: 1.0736
2026/09/03 08:32:00 - __main__ - INFO - 117 - trainer - Epoch: 128
2026/09/03 08:32:00 - __main__ - INFO - 162 - trainer - [0/190] Loss: 1.0719
2026/09/03 08:32:06 - __main__ - INFO - 162 - trainer - [39/190] Loss: 1.0578
2026/09/03 08:32:12 - __main__ - INFO - 162 - trainer - [78/190] Loss: 1.0705
2026/09/03 08:32:17 - __main__ - INFO - 162 - trainer - [117/190] Loss: 1.1067
2026/09/03 08:32:23 - __main__ - INFO - 162 - trainer - [156/190] Loss: 1.0682
2026/09/03 08:32:28 - __main__ - INFO - 167 - trainer - Average loss in epoch 128: 1.0739
2026/09/03 08:32:28 - __main__ - INFO - 117 - trainer - Epoch: 129
2026/09/03 08:32:28 - __main__ - INFO - 162 - trainer - [0/190] Loss: 1.0709
2026/09/03 08:32:33 - __main__ - INFO - 162 - trainer - [39/190] Loss: 1.0785
2026/09/03 08:32:39 - __main__ - INFO - 162 - trainer - [78/190] Loss: 1.0935
2026/09/03 08:32:45 - __main__ - INFO - 162 - trainer - [117/190] Loss: 1.0974
2026/09/03 08:32:50 - __main__ - INFO - 162 - trainer - [156/190] Loss: 1.0715
2026/09/03 08:32:55 - __main__ - INFO - 167 - trainer - Average loss in epoch 129: 1.0736
2026/09/03 08:32:55 - __main__ - INFO - 117 - trainer - Epoch: 130
2026/09/03 08:32:55 - __main__ - INFO - 162 - trainer - [0/190] Loss: 1.0874
2026/09/03 08:33:01 - __main__ - INFO - 162 - trainer - [39/190] Loss: 1.0792
2026/09/03 08:33:06 - __main__ - INFO - 162 - trainer - [78/190] Loss: 1.0571
2026/09/03 08:33:12 - __main__ - INFO - 162 - trainer - [117/190] Loss: 1.0684
2026/09/03 08:33:18 - __main__ - INFO - 162 - trainer - [156/190] Loss: 1.0791
2026/09/03 08:33:22 - __main__ - INFO - 167 - trainer - Average loss in epoch 130: 1.0732
2026/09/03 08:33:22 - __main__ - INFO - 117 - trainer - Epoch: 131
2026/09/03 08:33:22 - __main__ - INFO - 162 - trainer - [0/190] Loss: 1.0881
2026/09/03 08:33:28 - __main__ - INFO - 162 - trainer - [39/190] Loss: 1.0885
2026/09/03 08:33:33 - __main__ - INFO - 162 - trainer - [78/190] Loss: 1.0523
2026/09/03 08:33:39 - __main__ - INFO - 162 - trainer - [117/190] Loss: 1.0587
2026/09/03 08:33:45 - __main__ - INFO - 162 - trainer - [156/190] Loss: 1.0659
2026/09/03 08:33:50 - __main__ - INFO - 167 - trainer - Average loss in epoch 131: 1.0735
2026/09/03 08:33:50 - __main__ - INFO - 117 - trainer - Epoch: 132
2026/09/03 08:33:50 - __main__ - INFO - 162 - trainer - [0/190] Loss: 1.0704
2026/09/03 08:33:55 - __main__ - INFO - 162 - trainer - [39/190] Loss: 1.0721
2026/09/03 08:34:01 - __main__ - INFO - 162 - trainer - [78/190] Loss: 1.0706
2026/09/03 08:34:07 - __main__ - INFO - 162 - trainer - [117/190] Loss: 1.0697
2026/09/03 08:34:12 - __main__ - INFO - 162 - trainer - [156/190] Loss: 1.0893
2026/09/03 08:34:17 - __main__ - INFO - 167 - trainer - Average loss in epoch 132: 1.0726
2026/09/03 08:34:17 - __main__ - INFO - 117 - trainer - Epoch: 133
2026/09/03 08:34:17 - __main__ - INFO - 162 - trainer - [0/190] Loss: 1.0715
2026/09/03 08:34:22 - __main__ - INFO - 162 - trainer - [39/190] Loss: 1.0635
2026/09/03 08:34:28 - __main__ - INFO - 162 - trainer - [78/190] Loss: 1.0604
2026/09/03 08:34:33 - __main__ - INFO - 162 - trainer - [117/190] Loss: 1.0769
2026/09/03 08:34:39 - __main__ - INFO - 162 - trainer - [156/190] Loss: 1.0738
2026/09/03 08:34:44 - __main__ - INFO - 167 - trainer - Average loss in epoch 133: 1.0725
2026/09/03 08:34:44 - __main__ - INFO - 117 - trainer - Epoch: 134
2026/09/03 08:34:44 - __main__ - INFO - 162 - trainer - [0/190] Loss: 1.0762
2026/09/03 08:34:49 - __main__ - INFO - 162 - trainer - [39/190] Loss: 1.0921
2026/09/03 08:34:55 - __main__ - INFO - 162 - trainer - [78/190] Loss: 1.0862
2026/09/03 08:35:01 - __main__ - INFO - 162 - trainer - [117/190] Loss: 1.0900
2026/09/03 08:35:06 - __main__ - INFO - 162 - trainer - [156/190] Loss: 1.0905
2026/09/03 08:35:11 - __main__ - INFO - 167 - trainer - Average loss in epoch 134: 1.0721
2026/09/03 08:35:11 - __main__ - INFO - 117 - trainer - Epoch: 135
2026/09/03 08:35:11 - __main__ - INFO - 162 - trainer - [0/190] Loss: 1.0652
2026/09/03 08:35:17 - __main__ - INFO - 162 - trainer - [39/190] Loss: 1.0645
2026/09/03 08:35:22 - __main__ - INFO - 162 - trainer - [78/190] Loss: 1.0705
2026/09/03 08:35:28 - __main__ - INFO - 162 - trainer - [117/190] Loss: 1.0611
2026/09/03 08:35:33 - __main__ - INFO - 162 - trainer - [156/190] Loss: 1.0821
2026/09/03 08:35:38 - __main__ - INFO - 167 - trainer - Average loss in epoch 135: 1.0726
2026/09/03 08:35:38 - __main__ - INFO - 117 - trainer - Epoch: 136
2026/09/03 08:35:38 - __main__ - INFO - 162 - trainer - [0/190] Loss: 1.0333
2026/09/03 08:35:44 - __main__ - INFO - 162 - trainer - [39/190] Loss: 1.0578
2026/09/03 08:35:49 - __main__ - INFO - 162 - trainer - [78/190] Loss: 1.0721
2026/09/03 08:35:55 - __main__ - INFO - 162 - trainer - [117/190] Loss: 1.0908
2026/09/03 08:36:01 - __main__ - INFO - 162 - trainer - [156/190] Loss: 1.0635
2026/09/03 08:36:05 - __main__ - INFO - 167 - trainer - Average loss in epoch 136: 1.0722
2026/09/03 08:36:05 - __main__ - INFO - 117 - trainer - Epoch: 137
2026/09/03 08:36:05 - __main__ - INFO - 162 - trainer - [0/190] Loss: 1.0829
2026/09/03 08:36:11 - __main__ - INFO - 162 - trainer - [39/190] Loss: 1.0717
2026/09/03 08:36:17 - __main__ - INFO - 162 - trainer - [78/190] Loss: 1.0660
2026/09/03 08:36:22 - __main__ - INFO - 162 - trainer - [117/190] Loss: 1.0614
2026/09/03 08:36:28 - __main__ - INFO - 162 - trainer - [156/190] Loss: 1.0702
2026/09/03 08:36:32 - __main__ - INFO - 167 - trainer - Average loss in epoch 137: 1.0721
2026/09/03 08:36:32 - __main__ - INFO - 117 - trainer - Epoch: 138
2026/09/03 08:36:33 - __main__ - INFO - 162 - trainer - [0/190] Loss: 1.0687
2026/09/03 08:36:38 - __main__ - INFO - 162 - trainer - [39/190] Loss: 1.0821
2026/09/03 08:36:44 - __main__ - INFO - 162 - trainer - [78/190] Loss: 1.0737
2026/09/03 08:36:49 - __main__ - INFO - 162 - trainer - [117/190] Loss: 1.0576
2026/09/03 08:36:55 - __main__ - INFO - 162 - trainer - [156/190] Loss: 1.0594
2026/09/03 08:37:00 - __main__ - INFO - 167 - trainer - Average loss in epoch 138: 1.0724
2026/09/03 08:37:00 - __main__ - INFO - 117 - trainer - Epoch: 139
2026/09/03 08:37:00 - __main__ - INFO - 162 - trainer - [0/190] Loss: 1.0764
2026/09/03 08:37:05 - __main__ - INFO - 162 - trainer - [39/190] Loss: 1.0717
2026/09/03 08:37:11 - __main__ - INFO - 162 - trainer - [78/190] Loss: 1.0688
2026/09/03 08:37:17 - __main__ - INFO - 162 - trainer - [117/190] Loss: 1.0796
2026/09/03 08:37:22 - __main__ - INFO - 162 - trainer - [156/190] Loss: 1.0686
2026/09/03 08:37:27 - __main__ - INFO - 167 - trainer - Average loss in epoch 139: 1.0718
2026/09/03 08:37:27 - __main__ - INFO - 117 - trainer - Epoch: 140
2026/09/03 08:37:27 - __main__ - INFO - 162 - trainer - [0/190] Loss: 1.0833
2026/09/03 08:37:33 - __main__ - INFO - 162 - trainer - [39/190] Loss: 1.0680
2026/09/03 08:37:38 - __main__ - INFO - 162 - trainer - [78/190] Loss: 1.0583
2026/09/03 08:37:44 - __main__ - INFO - 162 - trainer - [117/190] Loss: 1.0744
2026/09/03 08:37:50 - __main__ - INFO - 162 - trainer - [156/190] Loss: 1.0841
2026/09/03 08:37:54 - __main__ - INFO - 167 - trainer - Average loss in epoch 140: 1.0713
2026/09/03 08:37:54 - __main__ - INFO - 173 - trainer - start predicting: 2026-09-03 08:37:54.870964
2026/09/03 08:37:57 - __main__ - INFO - 203 - trainer - {'Best_HR@5': np.float64(9.0959), 'Best_HR@10': np.float64(16.7144), 'Best_HR@20': np.float64(26.7567), 'Best_NDCG@5': np.float64(5.5056), 'Best_NDCG@10': np.float64(7.8238), 'Best_NDCG@20': np.float64(10.4536)}
2026/09/03 08:37:57 - __main__ - INFO - 204 - trainer - {'Best_epoch_HR@5': 60, 'Best_epoch_HR@10': 120, 'Best_epoch_HR@20': 140, 'Best_epoch_NDCG@5': 60, 'Best_epoch_NDCG@10': 100, 'Best_epoch_NDCG@20': 100}
2026/09/03 08:37:57 - __main__ - INFO - 117 - trainer - Epoch: 141
2026/09/03 08:37:57 - __main__ - INFO - 162 - trainer - [0/190] Loss: 1.0687
2026/09/03 08:38:03 - __main__ - INFO - 162 - trainer - [39/190] Loss: 1.0711
2026/09/03 08:38:08 - __main__ - INFO - 162 - trainer - [78/190] Loss: 1.0649
2026/09/03 08:38:14 - __main__ - INFO - 162 - trainer - [117/190] Loss: 1.0740
2026/09/03 08:38:19 - __main__ - INFO - 162 - trainer - [156/190] Loss: 1.0721
2026/09/03 08:38:24 - __main__ - INFO - 167 - trainer - Average loss in epoch 141: 1.0712
2026/09/03 08:38:24 - __main__ - INFO - 117 - trainer - Epoch: 142
2026/09/03 08:38:24 - __main__ - INFO - 162 - trainer - [0/190] Loss: 1.0538
2026/09/03 08:38:30 - __main__ - INFO - 162 - trainer - [39/190] Loss: 1.0630
2026/09/03 08:38:36 - __main__ - INFO - 162 - trainer - [78/190] Loss: 1.0731
2026/09/03 08:38:41 - __main__ - INFO - 162 - trainer - [117/190] Loss: 1.0562
2026/09/03 08:38:47 - __main__ - INFO - 162 - trainer - [156/190] Loss: 1.0784
2026/09/03 08:38:52 - __main__ - INFO - 167 - trainer - Average loss in epoch 142: 1.0713
2026/09/03 08:38:52 - __main__ - INFO - 117 - trainer - Epoch: 143
2026/09/03 08:38:52 - __main__ - INFO - 162 - trainer - [0/190] Loss: 1.0686
2026/09/03 08:38:57 - __main__ - INFO - 162 - trainer - [39/190] Loss: 1.0877
2026/09/03 08:39:03 - __main__ - INFO - 162 - trainer - [78/190] Loss: 1.0816
2026/09/03 08:39:09 - __main__ - INFO - 162 - trainer - [117/190] Loss: 1.0721
2026/09/03 08:39:14 - __main__ - INFO - 162 - trainer - [156/190] Loss: 1.0780
2026/09/03 08:39:19 - __main__ - INFO - 167 - trainer - Average loss in epoch 143: 1.0714
2026/09/03 08:39:19 - __main__ - INFO - 117 - trainer - Epoch: 144
2026/09/03 08:39:19 - __main__ - INFO - 162 - trainer - [0/190] Loss: 1.0520
2026/09/03 08:39:25 - __main__ - INFO - 162 - trainer - [39/190] Loss: 1.0591
2026/09/03 08:39:30 - __main__ - INFO - 162 - trainer - [78/190] Loss: 1.0703
2026/09/03 08:39:36 - __main__ - INFO - 162 - trainer - [117/190] Loss: 1.0750
2026/09/03 08:39:42 - __main__ - INFO - 162 - trainer - [156/190] Loss: 1.0553
2026/09/03 08:39:47 - __main__ - INFO - 167 - trainer - Average loss in epoch 144: 1.0709
2026/09/03 08:39:47 - __main__ - INFO - 117 - trainer - Epoch: 145
2026/09/03 08:39:47 - __main__ - INFO - 162 - trainer - [0/190] Loss: 1.0615
2026/09/03 08:39:52 - __main__ - INFO - 162 - trainer - [39/190] Loss: 1.0964
2026/09/03 08:39:58 - __main__ - INFO - 162 - trainer - [78/190] Loss: 1.0921
2026/09/03 08:40:04 - __main__ - INFO - 162 - trainer - [117/190] Loss: 1.0542
2026/09/03 08:40:09 - __main__ - INFO - 162 - trainer - [156/190] Loss: 1.0463
2026/09/03 08:40:14 - __main__ - INFO - 167 - trainer - Average loss in epoch 145: 1.0710
2026/09/03 08:40:14 - __main__ - INFO - 117 - trainer - Epoch: 146
2026/09/03 08:40:14 - __main__ - INFO - 162 - trainer - [0/190] Loss: 1.0499
2026/09/03 08:40:20 - __main__ - INFO - 162 - trainer - [39/190] Loss: 1.0554
2026/09/03 08:40:25 - __main__ - INFO - 162 - trainer - [78/190] Loss: 1.0638
2026/09/03 08:40:31 - __main__ - INFO - 162 - trainer - [117/190] Loss: 1.0817
2026/09/03 08:40:37 - __main__ - INFO - 162 - trainer - [156/190] Loss: 1.0795
2026/09/03 08:40:41 - __main__ - INFO - 167 - trainer - Average loss in epoch 146: 1.0704
2026/09/03 08:40:41 - __main__ - INFO - 117 - trainer - Epoch: 147
2026/09/03 08:40:42 - __main__ - INFO - 162 - trainer - [0/190] Loss: 1.0755
2026/09/03 08:40:47 - __main__ - INFO - 162 - trainer - [39/190] Loss: 1.0872
2026/09/03 08:40:53 - __main__ - INFO - 162 - trainer - [78/190] Loss: 1.0590
2026/09/03 08:40:59 - __main__ - INFO - 162 - trainer - [117/190] Loss: 1.0652
2026/09/03 08:41:04 - __main__ - INFO - 162 - trainer - [156/190] Loss: 1.0791
2026/09/03 08:41:09 - __main__ - INFO - 167 - trainer - Average loss in epoch 147: 1.0708
2026/09/03 08:41:09 - __main__ - INFO - 117 - trainer - Epoch: 148
2026/09/03 08:41:09 - __main__ - INFO - 162 - trainer - [0/190] Loss: 1.0766
2026/09/03 08:41:15 - __main__ - INFO - 162 - trainer - [39/190] Loss: 1.0716
2026/09/03 08:41:20 - __main__ - INFO - 162 - trainer - [78/190] Loss: 1.0608
2026/09/03 08:41:26 - __main__ - INFO - 162 - trainer - [117/190] Loss: 1.0438
2026/09/03 08:41:32 - __main__ - INFO - 162 - trainer - [156/190] Loss: 1.0779
2026/09/03 08:41:36 - __main__ - INFO - 167 - trainer - Average loss in epoch 148: 1.0695
2026/09/03 08:41:36 - __main__ - INFO - 117 - trainer - Epoch: 149
2026/09/03 08:41:37 - __main__ - INFO - 162 - trainer - [0/190] Loss: 1.0651
2026/09/03 08:41:42 - __main__ - INFO - 162 - trainer - [39/190] Loss: 1.0701
2026/09/03 08:41:48 - __main__ - INFO - 162 - trainer - [78/190] Loss: 1.0641
2026/09/03 08:41:54 - __main__ - INFO - 162 - trainer - [117/190] Loss: 1.0542
2026/09/03 08:41:59 - __main__ - INFO - 162 - trainer - [156/190] Loss: 1.0547
2026/09/03 08:42:04 - __main__ - INFO - 167 - trainer - Average loss in epoch 149: 1.0706
2026/09/03 08:42:04 - __main__ - INFO - 117 - trainer - Epoch: 150
2026/09/03 08:42:04 - __main__ - INFO - 162 - trainer - [0/190] Loss: 1.0696
2026/09/03 08:42:10 - __main__ - INFO - 162 - trainer - [39/190] Loss: 1.0807
2026/09/03 08:42:15 - __main__ - INFO - 162 - trainer - [78/190] Loss: 1.0733
2026/09/03 08:42:21 - __main__ - INFO - 162 - trainer - [117/190] Loss: 1.0791
2026/09/03 08:42:27 - __main__ - INFO - 162 - trainer - [156/190] Loss: 1.0605
2026/09/03 08:42:31 - __main__ - INFO - 167 - trainer - Average loss in epoch 150: 1.0698
2026/09/03 08:42:31 - __main__ - INFO - 117 - trainer - Epoch: 151
2026/09/03 08:42:32 - __main__ - INFO - 162 - trainer - [0/190] Loss: 1.0851
2026/09/03 08:42:37 - __main__ - INFO - 162 - trainer - [39/190] Loss: 1.0650
2026/09/03 08:42:43 - __main__ - INFO - 162 - trainer - [78/190] Loss: 1.0784
2026/09/03 08:42:48 - __main__ - INFO - 162 - trainer - [117/190] Loss: 1.0647
2026/09/03 08:42:54 - __main__ - INFO - 162 - trainer - [156/190] Loss: 1.0697
2026/09/03 08:42:59 - __main__ - INFO - 167 - trainer - Average loss in epoch 151: 1.0696
2026/09/03 08:42:59 - __main__ - INFO - 117 - trainer - Epoch: 152
2026/09/03 08:42:59 - __main__ - INFO - 162 - trainer - [0/190] Loss: 1.0737
2026/09/03 08:43:05 - __main__ - INFO - 162 - trainer - [39/190] Loss: 1.0609
2026/09/03 08:43:10 - __main__ - INFO - 162 - trainer - [78/190] Loss: 1.0554
2026/09/03 08:43:16 - __main__ - INFO - 162 - trainer - [117/190] Loss: 1.0725
2026/09/03 08:43:22 - __main__ - INFO - 162 - trainer - [156/190] Loss: 1.0770
2026/09/03 08:43:26 - __main__ - INFO - 167 - trainer - Average loss in epoch 152: 1.0701
2026/09/03 08:43:26 - __main__ - INFO - 117 - trainer - Epoch: 153
2026/09/03 08:43:27 - __main__ - INFO - 162 - trainer - [0/190] Loss: 1.0765
2026/09/03 08:43:32 - __main__ - INFO - 162 - trainer - [39/190] Loss: 1.0617
2026/09/03 08:43:38 - __main__ - INFO - 162 - trainer - [78/190] Loss: 1.0853
2026/09/03 08:43:43 - __main__ - INFO - 162 - trainer - [117/190] Loss: 1.0704
2026/09/03 08:43:49 - __main__ - INFO - 162 - trainer - [156/190] Loss: 1.0822
2026/09/03 08:43:54 - __main__ - INFO - 167 - trainer - Average loss in epoch 153: 1.0692
2026/09/03 08:43:54 - __main__ - INFO - 117 - trainer - Epoch: 154
2026/09/03 08:43:54 - __main__ - INFO - 162 - trainer - [0/190] Loss: 1.0650
2026/09/03 08:44:00 - __main__ - INFO - 162 - trainer - [39/190] Loss: 1.0806
2026/09/03 08:44:06 - __main__ - INFO - 162 - trainer - [78/190] Loss: 1.0821
2026/09/03 08:44:11 - __main__ - INFO - 162 - trainer - [117/190] Loss: 1.0701
2026/09/03 08:44:17 - __main__ - INFO - 162 - trainer - [156/190] Loss: 1.0561
2026/09/03 08:44:22 - __main__ - INFO - 167 - trainer - Average loss in epoch 154: 1.0695
2026/09/03 08:44:22 - __main__ - INFO - 117 - trainer - Epoch: 155
2026/09/03 08:44:22 - __main__ - INFO - 162 - trainer - [0/190] Loss: 1.0453
2026/09/03 08:44:27 - __main__ - INFO - 162 - trainer - [39/190] Loss: 1.0810
2026/09/03 08:44:33 - __main__ - INFO - 162 - trainer - [78/190] Loss: 1.0552
2026/09/03 08:44:39 - __main__ - INFO - 162 - trainer - [117/190] Loss: 1.0466
2026/09/03 08:44:44 - __main__ - INFO - 162 - trainer - [156/190] Loss: 1.0745
2026/09/03 08:44:49 - __main__ - INFO - 167 - trainer - Average loss in epoch 155: 1.0694
2026/09/03 08:44:49 - __main__ - INFO - 117 - trainer - Epoch: 156
2026/09/03 08:44:49 - __main__ - INFO - 162 - trainer - [0/190] Loss: 1.0552
2026/09/03 08:44:55 - __main__ - INFO - 162 - trainer - [39/190] Loss: 1.0684
2026/09/03 08:45:01 - __main__ - INFO - 162 - trainer - [78/190] Loss: 1.0598
2026/09/03 08:45:06 - __main__ - INFO - 162 - trainer - [117/190] Loss: 1.0569
2026/09/03 08:45:12 - __main__ - INFO - 162 - trainer - [156/190] Loss: 1.0706
2026/09/03 08:45:17 - __main__ - INFO - 167 - trainer - Average loss in epoch 156: 1.0692
2026/09/03 08:45:17 - __main__ - INFO - 117 - trainer - Epoch: 157
2026/09/03 08:45:17 - __main__ - INFO - 162 - trainer - [0/190] Loss: 1.0668
2026/09/03 08:45:23 - __main__ - INFO - 162 - trainer - [39/190] Loss: 1.0732
2026/09/03 08:45:28 - __main__ - INFO - 162 - trainer - [78/190] Loss: 1.0770
2026/09/03 08:45:34 - __main__ - INFO - 162 - trainer - [117/190] Loss: 1.0688
2026/09/03 08:45:40 - __main__ - INFO - 162 - trainer - [156/190] Loss: 1.0793
2026/09/03 08:45:44 - __main__ - INFO - 167 - trainer - Average loss in epoch 157: 1.0685
2026/09/03 08:45:44 - __main__ - INFO - 117 - trainer - Epoch: 158
2026/09/03 08:45:45 - __main__ - INFO - 162 - trainer - [0/190] Loss: 1.0580
2026/09/03 08:45:50 - __main__ - INFO - 162 - trainer - [39/190] Loss: 1.0666
2026/09/03 08:45:56 - __main__ - INFO - 162 - trainer - [78/190] Loss: 1.0599
2026/09/03 08:46:02 - __main__ - INFO - 162 - trainer - [117/190] Loss: 1.0680
2026/09/03 08:46:07 - __main__ - INFO - 162 - trainer - [156/190] Loss: 1.0817
2026/09/03 08:46:12 - __main__ - INFO - 167 - trainer - Average loss in epoch 158: 1.0684
2026/09/03 08:46:12 - __main__ - INFO - 117 - trainer - Epoch: 159
2026/09/03 08:46:12 - __main__ - INFO - 162 - trainer - [0/190] Loss: 1.0509
2026/09/03 08:46:18 - __main__ - INFO - 162 - trainer - [39/190] Loss: 1.0751
2026/09/03 08:46:24 - __main__ - INFO - 162 - trainer - [78/190] Loss: 1.0564
2026/09/03 08:46:29 - __main__ - INFO - 162 - trainer - [117/190] Loss: 1.0721
2026/09/03 08:46:35 - __main__ - INFO - 162 - trainer - [156/190] Loss: 1.0535
2026/09/03 08:46:40 - __main__ - INFO - 167 - trainer - Average loss in epoch 159: 1.0681
2026/09/03 08:46:40 - __main__ - INFO - 117 - trainer - Epoch: 160
2026/09/03 08:46:40 - __main__ - INFO - 162 - trainer - [0/190] Loss: 1.0733
2026/09/03 08:46:46 - __main__ - INFO - 162 - trainer - [39/190] Loss: 1.0723
2026/09/03 08:46:51 - __main__ - INFO - 162 - trainer - [78/190] Loss: 1.0688
2026/09/03 08:46:57 - __main__ - INFO - 162 - trainer - [117/190] Loss: 1.0659
2026/09/03 08:47:03 - __main__ - INFO - 162 - trainer - [156/190] Loss: 1.0709
2026/09/03 08:47:08 - __main__ - INFO - 167 - trainer - Average loss in epoch 160: 1.0684
2026/09/03 08:47:08 - __main__ - INFO - 173 - trainer - start predicting: 2026-09-03 08:47:08.146176
2026/09/03 08:47:10 - __main__ - INFO - 203 - trainer - {'Best_HR@5': np.float64(9.0959), 'Best_HR@10': np.float64(16.7144), 'Best_HR@20': np.float64(26.9887), 'Best_NDCG@5': np.float64(5.5056), 'Best_NDCG@10': np.float64(7.8238), 'Best_NDCG@20': np.float64(10.4794)}
2026/09/03 08:47:10 - __main__ - INFO - 204 - trainer - {'Best_epoch_HR@5': 60, 'Best_epoch_HR@10': 120, 'Best_epoch_HR@20': 160, 'Best_epoch_NDCG@5': 60, 'Best_epoch_NDCG@10': 100, 'Best_epoch_NDCG@20': 160}
2026/09/03 08:47:10 - __main__ - INFO - 117 - trainer - Epoch: 161
2026/09/03 08:47:10 - __main__ - INFO - 162 - trainer - [0/190] Loss: 1.0633
2026/09/03 08:47:16 - __main__ - INFO - 162 - trainer - [39/190] Loss: 1.0596
2026/09/03 08:47:22 - __main__ - INFO - 162 - trainer - [78/190] Loss: 1.0715
2026/09/03 08:47:27 - __main__ - INFO - 162 - trainer - [117/190] Loss: 1.0629
2026/09/03 08:47:33 - __main__ - INFO - 162 - trainer - [156/190] Loss: 1.0590
2026/09/03 08:47:38 - __main__ - INFO - 167 - trainer - Average loss in epoch 161: 1.0687
2026/09/03 08:47:38 - __main__ - INFO - 117 - trainer - Epoch: 162
2026/09/03 08:47:38 - __main__ - INFO - 162 - trainer - [0/190] Loss: 1.0860
2026/09/03 08:47:44 - __main__ - INFO - 162 - trainer - [39/190] Loss: 1.0656
2026/09/03 08:47:49 - __main__ - INFO - 162 - trainer - [78/190] Loss: 1.0414
2026/09/03 08:47:55 - __main__ - INFO - 162 - trainer - [117/190] Loss: 1.0515
2026/09/03 08:48:01 - __main__ - INFO - 162 - trainer - [156/190] Loss: 1.0711
2026/09/03 08:48:06 - __main__ - INFO - 167 - trainer - Average loss in epoch 162: 1.0681
2026/09/03 08:48:06 - __main__ - INFO - 117 - trainer - Epoch: 163
2026/09/03 08:48:06 - __main__ - INFO - 162 - trainer - [0/190] Loss: 1.0689
2026/09/03 08:48:11 - __main__ - INFO - 162 - trainer - [39/190] Loss: 1.0641
2026/09/03 08:48:17 - __main__ - INFO - 162 - trainer - [78/190] Loss: 1.0720
2026/09/03 08:48:23 - __main__ - INFO - 162 - trainer - [117/190] Loss: 1.0668
2026/09/03 08:48:28 - __main__ - INFO - 162 - trainer - [156/190] Loss: 1.0747
2026/09/03 08:48:33 - __main__ - INFO - 167 - trainer - Average loss in epoch 163: 1.0680
2026/09/03 08:48:33 - __main__ - INFO - 117 - trainer - Epoch: 164
2026/09/03 08:48:33 - __main__ - INFO - 162 - trainer - [0/190] Loss: 1.0766
2026/09/03 08:48:39 - __main__ - INFO - 162 - trainer - [39/190] Loss: 1.0638
2026/09/03 08:48:45 - __main__ - INFO - 162 - trainer - [78/190] Loss: 1.0581
2026/09/03 08:48:50 - __main__ - INFO - 162 - trainer - [117/190] Loss: 1.0468
2026/09/03 08:48:56 - __main__ - INFO - 162 - trainer - [156/190] Loss: 1.0576
2026/09/03 08:49:01 - __main__ - INFO - 167 - trainer - Average loss in epoch 164: 1.0677
2026/09/03 08:49:01 - __main__ - INFO - 117 - trainer - Epoch: 165
2026/09/03 08:49:01 - __main__ - INFO - 162 - trainer - [0/190] Loss: 1.0708
2026/09/03 08:49:07 - __main__ - INFO - 162 - trainer - [39/190] Loss: 1.0764
2026/09/03 08:49:12 - __main__ - INFO - 162 - trainer - [78/190] Loss: 1.0657
2026/09/03 08:49:18 - __main__ - INFO - 162 - trainer - [117/190] Loss: 1.0635
2026/09/03 08:49:24 - __main__ - INFO - 162 - trainer - [156/190] Loss: 1.0744
2026/09/03 08:49:28 - __main__ - INFO - 167 - trainer - Average loss in epoch 165: 1.0679
2026/09/03 08:49:28 - __main__ - INFO - 117 - trainer - Epoch: 166
2026/09/03 08:49:29 - __main__ - INFO - 162 - trainer - [0/190] Loss: 1.0839
2026/09/03 08:49:34 - __main__ - INFO - 162 - trainer - [39/190] Loss: 1.0616
2026/09/03 08:49:40 - __main__ - INFO - 162 - trainer - [78/190] Loss: 1.0649
2026/09/03 08:49:46 - __main__ - INFO - 162 - trainer - [117/190] Loss: 1.0500
2026/09/03 08:49:51 - __main__ - INFO - 162 - trainer - [156/190] Loss: 1.0743
2026/09/03 08:49:56 - __main__ - INFO - 167 - trainer - Average loss in epoch 166: 1.0675
2026/09/03 08:49:56 - __main__ - INFO - 117 - trainer - Epoch: 167
2026/09/03 08:49:56 - __main__ - INFO - 162 - trainer - [0/190] Loss: 1.0700
2026/09/03 08:50:02 - __main__ - INFO - 162 - trainer - [39/190] Loss: 1.0443
2026/09/03 08:50:08 - __main__ - INFO - 162 - trainer - [78/190] Loss: 1.0872
2026/09/03 08:50:13 - __main__ - INFO - 162 - trainer - [117/190] Loss: 1.0498
2026/09/03 08:50:19 - __main__ - INFO - 162 - trainer - [156/190] Loss: 1.0845
2026/09/03 08:50:24 - __main__ - INFO - 167 - trainer - Average loss in epoch 167: 1.0681
2026/09/03 08:50:24 - __main__ - INFO - 117 - trainer - Epoch: 168
2026/09/03 08:50:24 - __main__ - INFO - 162 - trainer - [0/190] Loss: 1.0886
2026/09/03 08:50:30 - __main__ - INFO - 162 - trainer - [39/190] Loss: 1.0664
2026/09/03 08:50:36 - __main__ - INFO - 162 - trainer - [78/190] Loss: 1.0518
2026/09/03 08:50:41 - __main__ - INFO - 162 - trainer - [117/190] Loss: 1.0552
2026/09/03 08:50:47 - __main__ - INFO - 162 - trainer - [156/190] Loss: 1.0444
2026/09/03 08:50:52 - __main__ - INFO - 167 - trainer - Average loss in epoch 168: 1.0678
2026/09/03 08:50:52 - __main__ - INFO - 117 - trainer - Epoch: 169
2026/09/03 08:50:52 - __main__ - INFO - 162 - trainer - [0/190] Loss: 1.0700
2026/09/03 08:50:58 - __main__ - INFO - 162 - trainer - [39/190] Loss: 1.0736
2026/09/03 08:51:03 - __main__ - INFO - 162 - trainer - [78/190] Loss: 1.0802
2026/09/03 08:51:09 - __main__ - INFO - 162 - trainer - [117/190] Loss: 1.0672
2026/09/03 08:51:15 - __main__ - INFO - 162 - trainer - [156/190] Loss: 1.0624
2026/09/03 08:51:20 - __main__ - INFO - 167 - trainer - Average loss in epoch 169: 1.0672
2026/09/03 08:51:20 - __main__ - INFO - 117 - trainer - Epoch: 170
2026/09/03 08:51:20 - __main__ - INFO - 162 - trainer - [0/190] Loss: 1.0722
2026/09/03 08:51:25 - __main__ - INFO - 162 - trainer - [39/190] Loss: 1.0689
2026/09/03 08:51:31 - __main__ - INFO - 162 - trainer - [78/190] Loss: 1.0659
2026/09/03 08:51:37 - __main__ - INFO - 162 - trainer - [117/190] Loss: 1.0516
2026/09/03 08:51:43 - __main__ - INFO - 162 - trainer - [156/190] Loss: 1.0580
2026/09/03 08:51:47 - __main__ - INFO - 167 - trainer - Average loss in epoch 170: 1.0669
2026/09/03 08:51:47 - __main__ - INFO - 117 - trainer - Epoch: 171
2026/09/03 08:51:48 - __main__ - INFO - 162 - trainer - [0/190] Loss: 1.0702
2026/09/03 08:51:53 - __main__ - INFO - 162 - trainer - [39/190] Loss: 1.0473
2026/09/03 08:51:59 - __main__ - INFO - 162 - trainer - [78/190] Loss: 1.0756
2026/09/03 08:52:05 - __main__ - INFO - 162 - trainer - [117/190] Loss: 1.0717
2026/09/03 08:52:10 - __main__ - INFO - 162 - trainer - [156/190] Loss: 1.0830
2026/09/03 08:52:15 - __main__ - INFO - 167 - trainer - Average loss in epoch 171: 1.0673
2026/09/03 08:52:15 - __main__ - INFO - 117 - trainer - Epoch: 172
2026/09/03 08:52:15 - __main__ - INFO - 162 - trainer - [0/190] Loss: 1.0562
2026/09/03 08:52:21 - __main__ - INFO - 162 - trainer - [39/190] Loss: 1.0838
2026/09/03 08:52:27 - __main__ - INFO - 162 - trainer - [78/190] Loss: 1.0591
2026/09/03 08:52:32 - __main__ - INFO - 162 - trainer - [117/190] Loss: 1.0263
2026/09/03 08:52:38 - __main__ - INFO - 162 - trainer - [156/190] Loss: 1.0667
2026/09/03 08:52:43 - __main__ - INFO - 167 - trainer - Average loss in epoch 172: 1.0666
2026/09/03 08:52:43 - __main__ - INFO - 117 - trainer - Epoch: 173
2026/09/03 08:52:43 - __main__ - INFO - 162 - trainer - [0/190] Loss: 1.0739
2026/09/03 08:52:49 - __main__ - INFO - 162 - trainer - [39/190] Loss: 1.0473
2026/09/03 08:52:54 - __main__ - INFO - 162 - trainer - [78/190] Loss: 1.0768
2026/09/03 08:53:00 - __main__ - INFO - 162 - trainer - [117/190] Loss: 1.0739
2026/09/03 08:53:05 - __main__ - INFO - 162 - trainer - [156/190] Loss: 1.0599
2026/09/03 08:53:10 - __main__ - INFO - 167 - trainer - Average loss in epoch 173: 1.0667
2026/09/03 08:53:10 - __main__ - INFO - 117 - trainer - Epoch: 174
2026/09/03 08:53:10 - __main__ - INFO - 162 - trainer - [0/190] Loss: 1.0574
2026/09/03 08:53:16 - __main__ - INFO - 162 - trainer - [39/190] Loss: 1.0694
2026/09/03 08:53:22 - __main__ - INFO - 162 - trainer - [78/190] Loss: 1.0834
2026/09/03 08:53:27 - __main__ - INFO - 162 - trainer - [117/190] Loss: 1.0646
2026/09/03 08:53:33 - __main__ - INFO - 162 - trainer - [156/190] Loss: 1.0700
2026/09/03 08:53:37 - __main__ - INFO - 167 - trainer - Average loss in epoch 174: 1.0671
2026/09/03 08:53:37 - __main__ - INFO - 117 - trainer - Epoch: 175
2026/09/03 08:53:38 - __main__ - INFO - 162 - trainer - [0/190] Loss: 1.0573
2026/09/03 08:53:43 - __main__ - INFO - 162 - trainer - [39/190] Loss: 1.0446
2026/09/03 08:53:49 - __main__ - INFO - 162 - trainer - [78/190] Loss: 1.0683
2026/09/03 08:53:54 - __main__ - INFO - 162 - trainer - [117/190] Loss: 1.0697
2026/09/03 08:54:00 - __main__ - INFO - 162 - trainer - [156/190] Loss: 1.0617
2026/09/03 08:54:05 - __main__ - INFO - 167 - trainer - Average loss in epoch 175: 1.0664
2026/09/03 08:54:05 - __main__ - INFO - 117 - trainer - Epoch: 176
2026/09/03 08:54:05 - __main__ - INFO - 162 - trainer - [0/190] Loss: 1.0461
2026/09/03 08:54:10 - __main__ - INFO - 162 - trainer - [39/190] Loss: 1.0495
2026/09/03 08:54:16 - __main__ - INFO - 162 - trainer - [78/190] Loss: 1.0642
2026/09/03 08:54:22 - __main__ - INFO - 162 - trainer - [117/190] Loss: 1.0503
2026/09/03 08:54:27 - __main__ - INFO - 162 - trainer - [156/190] Loss: 1.0549
2026/09/03 08:54:32 - __main__ - INFO - 167 - trainer - Average loss in epoch 176: 1.0665
2026/09/03 08:54:32 - __main__ - INFO - 117 - trainer - Epoch: 177
2026/09/03 08:54:32 - __main__ - INFO - 162 - trainer - [0/190] Loss: 1.0717
2026/09/03 08:54:38 - __main__ - INFO - 162 - trainer - [39/190] Loss: 1.0497
2026/09/03 08:54:43 - __main__ - INFO - 162 - trainer - [78/190] Loss: 1.0757
2026/09/03 08:54:49 - __main__ - INFO - 162 - trainer - [117/190] Loss: 1.0662
2026/09/03 08:54:54 - __main__ - INFO - 162 - trainer - [156/190] Loss: 1.0911
2026/09/03 08:54:59 - __main__ - INFO - 167 - trainer - Average loss in epoch 177: 1.0657
2026/09/03 08:54:59 - __main__ - INFO - 117 - trainer - Epoch: 178
2026/09/03 08:54:59 - __main__ - INFO - 162 - trainer - [0/190] Loss: 1.0503
2026/09/03 08:55:04 - __main__ - INFO - 162 - trainer - [39/190] Loss: 1.0711
2026/09/03 08:55:10 - __main__ - INFO - 162 - trainer - [78/190] Loss: 1.0688
2026/09/03 08:55:15 - __main__ - INFO - 162 - trainer - [117/190] Loss: 1.0614
2026/09/03 08:55:21 - __main__ - INFO - 162 - trainer - [156/190] Loss: 1.0693
2026/09/03 08:55:25 - __main__ - INFO - 167 - trainer - Average loss in epoch 178: 1.0666
2026/09/03 08:55:25 - __main__ - INFO - 117 - trainer - Epoch: 179
2026/09/03 08:55:26 - __main__ - INFO - 162 - trainer - [0/190] Loss: 1.0862
2026/09/03 08:55:31 - __main__ - INFO - 162 - trainer - [39/190] Loss: 1.0526
2026/09/03 08:55:37 - __main__ - INFO - 162 - trainer - [78/190] Loss: 1.0530
2026/09/03 08:55:42 - __main__ - INFO - 162 - trainer - [117/190] Loss: 1.0863
2026/09/03 08:55:48 - __main__ - INFO - 162 - trainer - [156/190] Loss: 1.0701
2026/09/03 08:55:53 - __main__ - INFO - 167 - trainer - Average loss in epoch 179: 1.0662
2026/09/03 08:55:53 - __main__ - INFO - 117 - trainer - Epoch: 180
2026/09/03 08:55:53 - __main__ - INFO - 162 - trainer - [0/190] Loss: 1.0592
2026/09/03 08:55:58 - __main__ - INFO - 162 - trainer - [39/190] Loss: 1.0425
2026/09/03 08:56:04 - __main__ - INFO - 162 - trainer - [78/190] Loss: 1.0642
2026/09/03 08:56:09 - __main__ - INFO - 162 - trainer - [117/190] Loss: 1.0530
2026/09/03 08:56:15 - __main__ - INFO - 162 - trainer - [156/190] Loss: 1.0730
2026/09/03 08:56:20 - __main__ - INFO - 167 - trainer - Average loss in epoch 180: 1.0656
2026/09/03 08:56:20 - __main__ - INFO - 173 - trainer - start predicting: 2026-09-03 08:56:20.334994
2026/09/03 08:56:22 - __main__ - INFO - 117 - trainer - Epoch: 181
2026/09/03 08:56:22 - __main__ - INFO - 162 - trainer - [0/190] Loss: 1.0668
2026/09/03 08:56:28 - __main__ - INFO - 162 - trainer - [39/190] Loss: 1.0546
2026/09/03 08:56:33 - __main__ - INFO - 162 - trainer - [78/190] Loss: 1.0468
2026/09/03 08:56:39 - __main__ - INFO - 162 - trainer - [117/190] Loss: 1.0525
2026/09/03 08:56:44 - __main__ - INFO - 162 - trainer - [156/190] Loss: 1.0759
2026/09/03 08:56:49 - __main__ - INFO - 167 - trainer - Average loss in epoch 181: 1.0655
2026/09/03 08:56:49 - __main__ - INFO - 117 - trainer - Epoch: 182
2026/09/03 08:56:49 - __main__ - INFO - 162 - trainer - [0/190] Loss: 1.0881
2026/09/03 08:56:54 - __main__ - INFO - 162 - trainer - [39/190] Loss: 1.0750
2026/09/03 08:57:00 - __main__ - INFO - 162 - trainer - [78/190] Loss: 1.0838
2026/09/03 08:57:05 - __main__ - INFO - 162 - trainer - [117/190] Loss: 1.0891
2026/09/03 08:57:11 - __main__ - INFO - 162 - trainer - [156/190] Loss: 1.0935
2026/09/03 08:57:16 - __main__ - INFO - 167 - trainer - Average loss in epoch 182: 1.0644
2026/09/03 08:57:16 - __main__ - INFO - 117 - trainer - Epoch: 183
2026/09/03 08:57:16 - __main__ - INFO - 162 - trainer - [0/190] Loss: 1.0604
2026/09/03 08:57:22 - __main__ - INFO - 162 - trainer - [39/190] Loss: 1.0814
2026/09/03 08:57:27 - __main__ - INFO - 162 - trainer - [78/190] Loss: 1.0627
2026/09/03 08:57:33 - __main__ - INFO - 162 - trainer - [117/190] Loss: 1.0761
2026/09/03 08:57:39 - __main__ - INFO - 162 - trainer - [156/190] Loss: 1.0492
2026/09/03 08:57:43 - __main__ - INFO - 167 - trainer - Average loss in epoch 183: 1.0654
2026/09/03 08:57:43 - __main__ - INFO - 117 - trainer - Epoch: 184
2026/09/03 08:57:43 - __main__ - INFO - 162 - trainer - [0/190] Loss: 1.0582
2026/09/03 08:57:49 - __main__ - INFO - 162 - trainer - [39/190] Loss: 1.0657
2026/09/03 08:57:55 - __main__ - INFO - 162 - trainer - [78/190] Loss: 1.0595
2026/09/03 08:58:00 - __main__ - INFO - 162 - trainer - [117/190] Loss: 1.0635
2026/09/03 08:58:06 - __main__ - INFO - 162 - trainer - [156/190] Loss: 1.0774
2026/09/03 08:58:10 - __main__ - INFO - 167 - trainer - Average loss in epoch 184: 1.0649
2026/09/03 08:58:10 - __main__ - INFO - 117 - trainer - Epoch: 185
2026/09/03 08:58:11 - __main__ - INFO - 162 - trainer - [0/190] Loss: 1.0734
2026/09/03 08:58:16 - __main__ - INFO - 162 - trainer - [39/190] Loss: 1.0359
2026/09/03 08:58:22 - __main__ - INFO - 162 - trainer - [78/190] Loss: 1.0533
2026/09/03 08:58:27 - __main__ - INFO - 162 - trainer - [117/190] Loss: 1.0742
2026/09/03 08:58:33 - __main__ - INFO - 162 - trainer - [156/190] Loss: 1.0718
2026/09/03 08:58:38 - __main__ - INFO - 167 - trainer - Average loss in epoch 185: 1.0653
2026/09/03 08:58:38 - __main__ - INFO - 117 - trainer - Epoch: 186
2026/09/03 08:58:38 - __main__ - INFO - 162 - trainer - [0/190] Loss: 1.0610
2026/09/03 08:58:43 - __main__ - INFO - 162 - trainer - [39/190] Loss: 1.0584
2026/09/03 08:58:49 - __main__ - INFO - 162 - trainer - [78/190] Loss: 1.0633
2026/09/03 08:58:54 - __main__ - INFO - 162 - trainer - [117/190] Loss: 1.0507
2026/09/03 08:59:00 - __main__ - INFO - 162 - trainer - [156/190] Loss: 1.0760
2026/09/03 08:59:05 - __main__ - INFO - 167 - trainer - Average loss in epoch 186: 1.0644
2026/09/03 08:59:05 - __main__ - INFO - 117 - trainer - Epoch: 187
2026/09/03 08:59:05 - __main__ - INFO - 162 - trainer - [0/190] Loss: 1.0630
2026/09/03 08:59:10 - __main__ - INFO - 162 - trainer - [39/190] Loss: 1.0922
2026/09/03 08:59:16 - __main__ - INFO - 162 - trainer - [78/190] Loss: 1.0690
2026/09/03 08:59:22 - __main__ - INFO - 162 - trainer - [117/190] Loss: 1.0674
2026/09/03 08:59:27 - __main__ - INFO - 162 - trainer - [156/190] Loss: 1.0534
2026/09/03 08:59:32 - __main__ - INFO - 167 - trainer - Average loss in epoch 187: 1.0649
2026/09/03 08:59:32 - __main__ - INFO - 117 - trainer - Epoch: 188
2026/09/03 08:59:32 - __main__ - INFO - 162 - trainer - [0/190] Loss: 1.0750
2026/09/03 08:59:38 - __main__ - INFO - 162 - trainer - [39/190] Loss: 1.0508
2026/09/03 08:59:43 - __main__ - INFO - 162 - trainer - [78/190] Loss: 1.0626
2026/09/03 08:59:49 - __main__ - INFO - 162 - trainer - [117/190] Loss: 1.0755
2026/09/03 08:59:55 - __main__ - INFO - 162 - trainer - [156/190] Loss: 1.0590
2026/09/03 08:59:59 - __main__ - INFO - 167 - trainer - Average loss in epoch 188: 1.0644
2026/09/03 08:59:59 - __main__ - INFO - 117 - trainer - Epoch: 189
2026/09/03 08:59:59 - __main__ - INFO - 162 - trainer - [0/190] Loss: 1.0798
2026/09/03 09:00:05 - __main__ - INFO - 162 - trainer - [39/190] Loss: 1.0710
2026/09/03 09:00:10 - __main__ - INFO - 162 - trainer - [78/190] Loss: 1.0671
2026/09/03 09:00:16 - __main__ - INFO - 162 - trainer - [117/190] Loss: 1.0514
2026/09/03 09:00:22 - __main__ - INFO - 162 - trainer - [156/190] Loss: 1.0819
2026/09/03 09:00:27 - __main__ - INFO - 167 - trainer - Average loss in epoch 189: 1.0647
2026/09/03 09:00:27 - __main__ - INFO - 117 - trainer - Epoch: 190
2026/09/03 09:00:27 - __main__ - INFO - 162 - trainer - [0/190] Loss: 1.0414
2026/09/03 09:00:32 - __main__ - INFO - 162 - trainer - [39/190] Loss: 1.0625
2026/09/03 09:00:38 - __main__ - INFO - 162 - trainer - [78/190] Loss: 1.0541
2026/09/03 09:00:43 - __main__ - INFO - 162 - trainer - [117/190] Loss: 1.0769
2026/09/03 09:00:49 - __main__ - INFO - 162 - trainer - [156/190] Loss: 1.0876
2026/09/03 09:00:54 - __main__ - INFO - 167 - trainer - Average loss in epoch 190: 1.0642
2026/09/03 09:00:54 - __main__ - INFO - 117 - trainer - Epoch: 191
2026/09/03 09:00:54 - __main__ - INFO - 162 - trainer - [0/190] Loss: 1.0700
2026/09/03 09:00:59 - __main__ - INFO - 162 - trainer - [39/190] Loss: 1.0715
2026/09/03 09:01:05 - __main__ - INFO - 162 - trainer - [78/190] Loss: 1.0677
2026/09/03 09:01:11 - __main__ - INFO - 162 - trainer - [117/190] Loss: 1.0637
2026/09/03 09:01:16 - __main__ - INFO - 162 - trainer - [156/190] Loss: 1.0735
2026/09/03 09:01:21 - __main__ - INFO - 167 - trainer - Average loss in epoch 191: 1.0648
2026/09/03 09:01:21 - __main__ - INFO - 117 - trainer - Epoch: 192
2026/09/03 09:01:21 - __main__ - INFO - 162 - trainer - [0/190] Loss: 1.0808
2026/09/03 09:01:27 - __main__ - INFO - 162 - trainer - [39/190] Loss: 1.0466
2026/09/03 09:01:32 - __main__ - INFO - 162 - trainer - [78/190] Loss: 1.0761
2026/09/03 09:01:38 - __main__ - INFO - 162 - trainer - [117/190] Loss: 1.0645
2026/09/03 09:01:43 - __main__ - INFO - 162 - trainer - [156/190] Loss: 1.0606
2026/09/03 09:01:48 - __main__ - INFO - 167 - trainer - Average loss in epoch 192: 1.0647
2026/09/03 09:01:48 - __main__ - INFO - 117 - trainer - Epoch: 193
2026/09/03 09:01:48 - __main__ - INFO - 162 - trainer - [0/190] Loss: 1.0699
2026/09/03 09:01:54 - __main__ - INFO - 162 - trainer - [39/190] Loss: 1.0639
2026/09/03 09:01:59 - __main__ - INFO - 162 - trainer - [78/190] Loss: 1.0594
2026/09/03 09:02:05 - __main__ - INFO - 162 - trainer - [117/190] Loss: 1.0698
2026/09/03 09:02:10 - __main__ - INFO - 162 - trainer - [156/190] Loss: 1.0681
2026/09/03 09:02:15 - __main__ - INFO - 167 - trainer - Average loss in epoch 193: 1.0640
2026/09/03 09:02:15 - __main__ - INFO - 117 - trainer - Epoch: 194
2026/09/03 09:02:15 - __main__ - INFO - 162 - trainer - [0/190] Loss: 1.0545
2026/09/03 09:02:21 - __main__ - INFO - 162 - trainer - [39/190] Loss: 1.0514
2026/09/03 09:02:27 - __main__ - INFO - 162 - trainer - [78/190] Loss: 1.0458
2026/09/03 09:02:32 - __main__ - INFO - 162 - trainer - [117/190] Loss: 1.0836
2026/09/03 09:02:38 - __main__ - INFO - 162 - trainer - [156/190] Loss: 1.0552
2026/09/03 09:02:42 - __main__ - INFO - 167 - trainer - Average loss in epoch 194: 1.0640
2026/09/03 09:02:42 - __main__ - INFO - 117 - trainer - Epoch: 195
2026/09/03 09:02:43 - __main__ - INFO - 162 - trainer - [0/190] Loss: 1.0713
2026/09/03 09:02:48 - __main__ - INFO - 162 - trainer - [39/190] Loss: 1.0528
2026/09/03 09:02:54 - __main__ - INFO - 162 - trainer - [78/190] Loss: 1.0774
2026/09/03 09:02:59 - __main__ - INFO - 162 - trainer - [117/190] Loss: 1.0485
2026/09/03 09:03:05 - __main__ - INFO - 162 - trainer - [156/190] Loss: 1.0535
2026/09/03 09:03:10 - __main__ - INFO - 167 - trainer - Average loss in epoch 195: 1.0632
2026/09/03 09:03:10 - __main__ - INFO - 117 - trainer - Epoch: 196
2026/09/03 09:03:10 - __main__ - INFO - 162 - trainer - [0/190] Loss: 1.0707
2026/09/03 09:03:15 - __main__ - INFO - 162 - trainer - [39/190] Loss: 1.0574
2026/09/03 09:03:21 - __main__ - INFO - 162 - trainer - [78/190] Loss: 1.0794
2026/09/03 09:03:27 - __main__ - INFO - 162 - trainer - [117/190] Loss: 1.0663
2026/09/03 09:03:32 - __main__ - INFO - 162 - trainer - [156/190] Loss: 1.0707
2026/09/03 09:03:37 - __main__ - INFO - 167 - trainer - Average loss in epoch 196: 1.0637
2026/09/03 09:03:37 - __main__ - INFO - 117 - trainer - Epoch: 197
2026/09/03 09:03:37 - __main__ - INFO - 162 - trainer - [0/190] Loss: 1.0640
2026/09/03 09:03:43 - __main__ - INFO - 162 - trainer - [39/190] Loss: 1.0657
2026/09/03 09:03:48 - __main__ - INFO - 162 - trainer - [78/190] Loss: 1.0517
2026/09/03 09:03:54 - __main__ - INFO - 162 - trainer - [117/190] Loss: 1.0572
2026/09/03 09:03:59 - __main__ - INFO - 162 - trainer - [156/190] Loss: 1.0710
2026/09/03 09:04:04 - __main__ - INFO - 167 - trainer - Average loss in epoch 197: 1.0635
2026/09/03 09:04:04 - __main__ - INFO - 117 - trainer - Epoch: 198
2026/09/03 09:04:04 - __main__ - INFO - 162 - trainer - [0/190] Loss: 1.0564
2026/09/03 09:04:10 - __main__ - INFO - 162 - trainer - [39/190] Loss: 1.0548
2026/09/03 09:04:16 - __main__ - INFO - 162 - trainer - [78/190] Loss: 1.0523
2026/09/03 09:04:21 - __main__ - INFO - 162 - trainer - [117/190] Loss: 1.0699
2026/09/03 09:04:27 - __main__ - INFO - 162 - trainer - [156/190] Loss: 1.0688
2026/09/03 09:04:32 - __main__ - INFO - 167 - trainer - Average loss in epoch 198: 1.0633
2026/09/03 09:04:32 - __main__ - INFO - 117 - trainer - Epoch: 199
2026/09/03 09:04:32 - __main__ - INFO - 162 - trainer - [0/190] Loss: 1.0454
2026/09/03 09:04:38 - __main__ - INFO - 162 - trainer - [39/190] Loss: 1.0688
2026/09/03 09:04:43 - __main__ - INFO - 162 - trainer - [78/190] Loss: 1.0772
2026/09/03 09:04:49 - __main__ - INFO - 162 - trainer - [117/190] Loss: 1.0460
2026/09/03 09:04:54 - __main__ - INFO - 162 - trainer - [156/190] Loss: 1.0589
2026/09/03 09:04:59 - __main__ - INFO - 167 - trainer - Average loss in epoch 199: 1.0637
2026/09/03 09:04:59 - __main__ - INFO - 117 - trainer - Epoch: 200
2026/09/03 09:04:59 - __main__ - INFO - 162 - trainer - [0/190] Loss: 1.0724
2026/09/03 09:05:05 - __main__ - INFO - 162 - trainer - [39/190] Loss: 1.0405
2026/09/03 09:05:11 - __main__ - INFO - 162 - trainer - [78/190] Loss: 1.0689
2026/09/03 09:05:16 - __main__ - INFO - 162 - trainer - [117/190] Loss: 1.0778
2026/09/03 09:05:22 - __main__ - INFO - 162 - trainer - [156/190] Loss: 1.0558
2026/09/03 09:05:27 - __main__ - INFO - 167 - trainer - Average loss in epoch 200: 1.0624
2026/09/03 09:05:27 - __main__ - INFO - 173 - trainer - start predicting: 2026-09-03 09:05:27.283931
2026/09/03 09:05:29 - __main__ - INFO - 203 - trainer - {'Best_HR@5': np.float64(9.0959), 'Best_HR@10': np.float64(16.7144), 'Best_HR@20': np.float64(27.0496), 'Best_NDCG@5': np.float64(5.5056), 'Best_NDCG@10': np.float64(7.8238), 'Best_NDCG@20': np.float64(10.4794)}
2026/09/03 09:05:29 - __main__ - INFO - 204 - trainer - {'Best_epoch_HR@5': 60, 'Best_epoch_HR@10': 120, 'Best_epoch_HR@20': 200, 'Best_epoch_NDCG@5': 60, 'Best_epoch_NDCG@10': 100, 'Best_epoch_NDCG@20': 160}
2026/09/03 09:05:29 - __main__ - INFO - 117 - trainer - Epoch: 201
2026/09/03 09:05:29 - __main__ - INFO - 162 - trainer - [0/190] Loss: 1.0583
2026/09/03 09:05:35 - __main__ - INFO - 162 - trainer - [39/190] Loss: 1.0704
2026/09/03 09:05:41 - __main__ - INFO - 162 - trainer - [78/190] Loss: 1.0521
2026/09/03 09:05:46 - __main__ - INFO - 162 - trainer - [117/190] Loss: 1.0523
2026/09/03 09:05:52 - __main__ - INFO - 162 - trainer - [156/190] Loss: 1.0649
2026/09/03 09:05:57 - __main__ - INFO - 167 - trainer - Average loss in epoch 201: 1.0614
2026/09/03 09:05:57 - __main__ - INFO - 117 - trainer - Epoch: 202
2026/09/03 09:05:57 - __main__ - INFO - 162 - trainer - [0/190] Loss: 1.0382
2026/09/03 09:06:02 - __main__ - INFO - 162 - trainer - [39/190] Loss: 1.0417
2026/09/03 09:06:08 - __main__ - INFO - 162 - trainer - [78/190] Loss: 1.0824
2026/09/03 09:06:14 - __main__ - INFO - 162 - trainer - [117/190] Loss: 1.0595
2026/09/03 09:06:19 - __main__ - INFO - 162 - trainer - [156/190] Loss: 1.0795
2026/09/03 09:06:24 - __main__ - INFO - 167 - trainer - Average loss in epoch 202: 1.0620
2026/09/03 09:06:24 - __main__ - INFO - 117 - trainer - Epoch: 203
2026/09/03 09:06:24 - __main__ - INFO - 162 - trainer - [0/190] Loss: 1.0492
2026/09/03 09:06:30 - __main__ - INFO - 162 - trainer - [39/190] Loss: 1.0383
2026/09/03 09:06:35 - __main__ - INFO - 162 - trainer - [78/190] Loss: 1.0416
2026/09/03 09:06:41 - __main__ - INFO - 162 - trainer - [117/190] Loss: 1.0487
2026/09/03 09:06:47 - __main__ - INFO - 162 - trainer - [156/190] Loss: 1.0561
2026/09/03 09:06:51 - __main__ - INFO - 167 - trainer - Average loss in epoch 203: 1.0614
2026/09/03 09:06:51 - __main__ - INFO - 117 - trainer - Epoch: 204
2026/09/03 09:06:51 - __main__ - INFO - 162 - trainer - [0/190] Loss: 1.0853
2026/09/03 09:06:57 - __main__ - INFO - 162 - trainer - [39/190] Loss: 1.0807
2026/09/03 09:07:03 - __main__ - INFO - 162 - trainer - [78/190] Loss: 1.0662
2026/09/03 09:07:08 - __main__ - INFO - 162 - trainer - [117/190] Loss: 1.0700
2026/09/03 09:07:14 - __main__ - INFO - 162 - trainer - [156/190] Loss: 1.0846
2026/09/03 09:07:19 - __main__ - INFO - 167 - trainer - Average loss in epoch 204: 1.0624
2026/09/03 09:07:19 - __main__ - INFO - 117 - trainer - Epoch: 205
2026/09/03 09:07:19 - __main__ - INFO - 162 - trainer - [0/190] Loss: 1.0509
2026/09/03 09:07:24 - __main__ - INFO - 162 - trainer - [39/190] Loss: 1.0648
2026/09/03 09:07:30 - __main__ - INFO - 162 - trainer - [78/190] Loss: 1.0448
2026/09/03 09:07:36 - __main__ - INFO - 162 - trainer - [117/190] Loss: 1.0657
2026/09/03 09:07:41 - __main__ - INFO - 162 - trainer - [156/190] Loss: 1.0743
2026/09/03 09:07:46 - __main__ - INFO - 167 - trainer - Average loss in epoch 205: 1.0613
2026/09/03 09:07:46 - __main__ - INFO - 117 - trainer - Epoch: 206
2026/09/03 09:07:46 - __main__ - INFO - 162 - trainer - [0/190] Loss: 1.0596
2026/09/03 09:07:52 - __main__ - INFO - 162 - trainer - [39/190] Loss: 1.0665
2026/09/03 09:07:57 - __main__ - INFO - 162 - trainer - [78/190] Loss: 1.0449
2026/09/03 09:08:03 - __main__ - INFO - 162 - trainer - [117/190] Loss: 1.0622
2026/09/03 09:08:08 - __main__ - INFO - 162 - trainer - [156/190] Loss: 1.0488
2026/09/03 09:08:13 - __main__ - INFO - 167 - trainer - Average loss in epoch 206: 1.0614
2026/09/03 09:08:13 - __main__ - INFO - 117 - trainer - Epoch: 207
2026/09/03 09:08:13 - __main__ - INFO - 162 - trainer - [0/190] Loss: 1.0617
2026/09/03 09:08:19 - __main__ - INFO - 162 - trainer - [39/190] Loss: 1.0701
2026/09/03 09:08:24 - __main__ - INFO - 162 - trainer - [78/190] Loss: 1.0495
2026/09/03 09:08:30 - __main__ - INFO - 162 - trainer - [117/190] Loss: 1.0782
2026/09/03 09:08:36 - __main__ - INFO - 162 - trainer - [156/190] Loss: 1.0474
2026/09/03 09:08:41 - __main__ - INFO - 167 - trainer - Average loss in epoch 207: 1.0619
2026/09/03 09:08:41 - __main__ - INFO - 117 - trainer - Epoch: 208
2026/09/03 09:08:41 - __main__ - INFO - 162 - trainer - [0/190] Loss: 1.0670
2026/09/03 09:08:46 - __main__ - INFO - 162 - trainer - [39/190] Loss: 1.0717
2026/09/03 09:08:52 - __main__ - INFO - 162 - trainer - [78/190] Loss: 1.0456
2026/09/03 09:08:58 - __main__ - INFO - 162 - trainer - [117/190] Loss: 1.0732
2026/09/03 09:09:03 - __main__ - INFO - 162 - trainer - [156/190] Loss: 1.0824
2026/09/03 09:09:08 - __main__ - INFO - 167 - trainer - Average loss in epoch 208: 1.0617
2026/09/03 09:09:08 - __main__ - INFO - 117 - trainer - Epoch: 209
2026/09/03 09:09:08 - __main__ - INFO - 162 - trainer - [0/190] Loss: 1.0549
2026/09/03 09:09:14 - __main__ - INFO - 162 - trainer - [39/190] Loss: 1.0527
2026/09/03 09:09:19 - __main__ - INFO - 162 - trainer - [78/190] Loss: 1.0587
2026/09/03 09:09:25 - __main__ - INFO - 162 - trainer - [117/190] Loss: 1.0716
2026/09/03 09:09:31 - __main__ - INFO - 162 - trainer - [156/190] Loss: 1.0413
2026/09/03 09:09:36 - __main__ - INFO - 167 - trainer - Average loss in epoch 209: 1.0617
2026/09/03 09:09:36 - __main__ - INFO - 117 - trainer - Epoch: 210
2026/09/03 09:09:36 - __main__ - INFO - 162 - trainer - [0/190] Loss: 1.0642
2026/09/03 09:09:41 - __main__ - INFO - 162 - trainer - [39/190] Loss: 1.0675
2026/09/03 09:09:47 - __main__ - INFO - 162 - trainer - [78/190] Loss: 1.0531
2026/09/03 09:09:53 - __main__ - INFO - 162 - trainer - [117/190] Loss: 1.0464
2026/09/03 09:09:58 - __main__ - INFO - 162 - trainer - [156/190] Loss: 1.0731
2026/09/03 09:10:03 - __main__ - INFO - 167 - trainer - Average loss in epoch 210: 1.0615
2026/09/03 09:10:03 - __main__ - INFO - 117 - trainer - Epoch: 211
2026/09/03 09:10:03 - __main__ - INFO - 162 - trainer - [0/190] Loss: 1.0701
2026/09/03 09:10:09 - __main__ - INFO - 162 - trainer - [39/190] Loss: 1.0664
2026/09/03 09:10:14 - __main__ - INFO - 162 - trainer - [78/190] Loss: 1.0406
2026/09/03 09:10:20 - __main__ - INFO - 162 - trainer - [117/190] Loss: 1.0781
2026/09/03 09:10:26 - __main__ - INFO - 162 - trainer - [156/190] Loss: 1.0721
2026/09/03 09:10:30 - __main__ - INFO - 167 - trainer - Average loss in epoch 211: 1.0615
2026/09/03 09:10:30 - __main__ - INFO - 117 - trainer - Epoch: 212
2026/09/03 09:10:31 - __main__ - INFO - 162 - trainer - [0/190] Loss: 1.0537
2026/09/03 09:10:36 - __main__ - INFO - 162 - trainer - [39/190] Loss: 1.0731
2026/09/03 09:10:42 - __main__ - INFO - 162 - trainer - [78/190] Loss: 1.0612
2026/09/03 09:10:48 - __main__ - INFO - 162 - trainer - [117/190] Loss: 1.0472
2026/09/03 09:10:53 - __main__ - INFO - 162 - trainer - [156/190] Loss: 1.0523
2026/09/03 09:10:58 - __main__ - INFO - 167 - trainer - Average loss in epoch 212: 1.0611
2026/09/03 09:10:58 - __main__ - INFO - 117 - trainer - Epoch: 213
2026/09/03 09:10:58 - __main__ - INFO - 162 - trainer - [0/190] Loss: 1.0617
2026/09/03 09:11:04 - __main__ - INFO - 162 - trainer - [39/190] Loss: 1.0658
2026/09/03 09:11:09 - __main__ - INFO - 162 - trainer - [78/190] Loss: 1.0925
2026/09/03 09:11:15 - __main__ - INFO - 162 - trainer - [117/190] Loss: 1.0452
2026/09/03 09:11:21 - __main__ - INFO - 162 - trainer - [156/190] Loss: 1.0589
2026/09/03 09:11:25 - __main__ - INFO - 167 - trainer - Average loss in epoch 213: 1.0609
2026/09/03 09:11:25 - __main__ - INFO - 117 - trainer - Epoch: 214
2026/09/03 09:11:26 - __main__ - INFO - 162 - trainer - [0/190] Loss: 1.0655
2026/09/03 09:11:31 - __main__ - INFO - 162 - trainer - [39/190] Loss: 1.0504
2026/09/03 09:11:37 - __main__ - INFO - 162 - trainer - [78/190] Loss: 1.0744
2026/09/03 09:11:43 - __main__ - INFO - 162 - trainer - [117/190] Loss: 1.0593
2026/09/03 09:11:48 - __main__ - INFO - 162 - trainer - [156/190] Loss: 1.0710
2026/09/03 09:11:53 - __main__ - INFO - 167 - trainer - Average loss in epoch 214: 1.0612
2026/09/03 09:11:53 - __main__ - INFO - 117 - trainer - Epoch: 215
2026/09/03 09:11:53 - __main__ - INFO - 162 - trainer - [0/190] Loss: 1.0379
2026/09/03 09:11:59 - __main__ - INFO - 162 - trainer - [39/190] Loss: 1.0868
2026/09/03 09:12:05 - __main__ - INFO - 162 - trainer - [78/190] Loss: 1.0510
2026/09/03 09:12:10 - __main__ - INFO - 162 - trainer - [117/190] Loss: 1.0505
2026/09/03 09:12:16 - __main__ - INFO - 162 - trainer - [156/190] Loss: 1.0675
2026/09/03 09:12:21 - __main__ - INFO - 167 - trainer - Average loss in epoch 215: 1.0610
2026/09/03 09:12:21 - __main__ - INFO - 117 - trainer - Epoch: 216
2026/09/03 09:12:21 - __main__ - INFO - 162 - trainer - [0/190] Loss: 1.0713
2026/09/03 09:12:26 - __main__ - INFO - 162 - trainer - [39/190] Loss: 1.0541
2026/09/03 09:12:32 - __main__ - INFO - 162 - trainer - [78/190] Loss: 1.0502
2026/09/03 09:12:38 - __main__ - INFO - 162 - trainer - [117/190] Loss: 1.0595
2026/09/03 09:12:43 - __main__ - INFO - 162 - trainer - [156/190] Loss: 1.0469
2026/09/03 09:12:48 - __main__ - INFO - 167 - trainer - Average loss in epoch 216: 1.0615
2026/09/03 09:12:48 - __main__ - INFO - 117 - trainer - Epoch: 217
2026/09/03 09:12:48 - __main__ - INFO - 162 - trainer - [0/190] Loss: 1.0583
2026/09/03 09:12:54 - __main__ - INFO - 162 - trainer - [39/190] Loss: 1.0636
2026/09/03 09:13:00 - __main__ - INFO - 162 - trainer - [78/190] Loss: 1.0899
2026/09/03 09:13:05 - __main__ - INFO - 162 - trainer - [117/190] Loss: 1.0565
2026/09/03 09:13:11 - __main__ - INFO - 162 - trainer - [156/190] Loss: 1.0572
2026/09/03 09:13:15 - __main__ - INFO - 167 - trainer - Average loss in epoch 217: 1.0613
2026/09/03 09:13:15 - __main__ - INFO - 117 - trainer - Epoch: 218
2026/09/03 09:13:16 - __main__ - INFO - 162 - trainer - [0/190] Loss: 1.0469
2026/09/03 09:13:21 - __main__ - INFO - 162 - trainer - [39/190] Loss: 1.0621
2026/09/03 09:13:27 - __main__ - INFO - 162 - trainer - [78/190] Loss: 1.0589
2026/09/03 09:13:32 - __main__ - INFO - 162 - trainer - [117/190] Loss: 1.0593
2026/09/03 09:13:38 - __main__ - INFO - 162 - trainer - [156/190] Loss: 1.0605
2026/09/03 09:13:43 - __main__ - INFO - 167 - trainer - Average loss in epoch 218: 1.0619
2026/09/03 09:13:43 - __main__ - INFO - 117 - trainer - Epoch: 219
2026/09/03 09:13:43 - __main__ - INFO - 162 - trainer - [0/190] Loss: 1.0539
2026/09/03 09:13:49 - __main__ - INFO - 162 - trainer - [39/190] Loss: 1.0401
2026/09/03 09:13:54 - __main__ - INFO - 162 - trainer - [78/190] Loss: 1.0554
2026/09/03 09:14:00 - __main__ - INFO - 162 - trainer - [117/190] Loss: 1.0678
2026/09/03 09:14:06 - __main__ - INFO - 162 - trainer - [156/190] Loss: 1.0604
2026/09/03 09:14:10 - __main__ - INFO - 167 - trainer - Average loss in epoch 219: 1.0614
2026/09/03 09:14:10 - __main__ - INFO - 117 - trainer - Epoch: 220
2026/09/03 09:14:10 - __main__ - INFO - 162 - trainer - [0/190] Loss: 1.0618
2026/09/03 09:14:16 - __main__ - INFO - 162 - trainer - [39/190] Loss: 1.0532
2026/09/03 09:14:22 - __main__ - INFO - 162 - trainer - [78/190] Loss: 1.0713
2026/09/03 09:14:27 - __main__ - INFO - 162 - trainer - [117/190] Loss: 1.0667
2026/09/03 09:14:33 - __main__ - INFO - 162 - trainer - [156/190] Loss: 1.0579
2026/09/03 09:14:38 - __main__ - INFO - 167 - trainer - Average loss in epoch 220: 1.0610
2026/09/03 09:14:38 - __main__ - INFO - 173 - trainer - start predicting: 2026-09-03 09:14:38.327626
2026/09/03 09:14:40 - __main__ - INFO - 117 - trainer - Epoch: 221
2026/09/03 09:14:41 - __main__ - INFO - 162 - trainer - [0/190] Loss: 1.0618
2026/09/03 09:14:46 - __main__ - INFO - 162 - trainer - [39/190] Loss: 1.0619
2026/09/03 09:14:52 - __main__ - INFO - 162 - trainer - [78/190] Loss: 1.0719
2026/09/03 09:14:58 - __main__ - INFO - 162 - trainer - [117/190] Loss: 1.0498
2026/09/03 09:15:03 - __main__ - INFO - 162 - trainer - [156/190] Loss: 1.0642
2026/09/03 09:15:08 - __main__ - INFO - 167 - trainer - Average loss in epoch 221: 1.0619
2026/09/03 09:15:08 - __main__ - INFO - 117 - trainer - Epoch: 222
2026/09/03 09:15:08 - __main__ - INFO - 162 - trainer - [0/190] Loss: 1.0641
2026/09/03 09:15:14 - __main__ - INFO - 162 - trainer - [39/190] Loss: 1.0527
2026/09/03 09:15:19 - __main__ - INFO - 162 - trainer - [78/190] Loss: 1.0602
2026/09/03 09:15:25 - __main__ - INFO - 162 - trainer - [117/190] Loss: 1.0505
2026/09/03 09:15:30 - __main__ - INFO - 162 - trainer - [156/190] Loss: 1.0324
2026/09/03 09:15:35 - __main__ - INFO - 167 - trainer - Average loss in epoch 222: 1.0604
2026/09/03 09:15:35 - __main__ - INFO - 117 - trainer - Epoch: 223
2026/09/03 09:15:35 - __main__ - INFO - 162 - trainer - [0/190] Loss: 1.0820
2026/09/03 09:15:41 - __main__ - INFO - 162 - trainer - [39/190] Loss: 1.0597
2026/09/03 09:15:47 - __main__ - INFO - 162 - trainer - [78/190] Loss: 1.0659
2026/09/03 09:15:52 - __main__ - INFO - 162 - trainer - [117/190] Loss: 1.0669
2026/09/03 09:15:58 - __main__ - INFO - 162 - trainer - [156/190] Loss: 1.0674
2026/09/03 09:16:03 - __main__ - INFO - 167 - trainer - Average loss in epoch 223: 1.0609
2026/09/03 09:16:03 - __main__ - INFO - 117 - trainer - Epoch: 224
2026/09/03 09:16:03 - __main__ - INFO - 162 - trainer - [0/190] Loss: 1.0621
2026/09/03 09:16:08 - __main__ - INFO - 162 - trainer - [39/190] Loss: 1.0630
2026/09/03 09:16:14 - __main__ - INFO - 162 - trainer - [78/190] Loss: 1.0542
2026/09/03 09:16:20 - __main__ - INFO - 162 - trainer - [117/190] Loss: 1.0646
2026/09/03 09:16:25 - __main__ - INFO - 162 - trainer - [156/190] Loss: 1.0498
2026/09/03 09:16:30 - __main__ - INFO - 167 - trainer - Average loss in epoch 224: 1.0612
2026/09/03 09:16:30 - __main__ - INFO - 117 - trainer - Epoch: 225
2026/09/03 09:16:30 - __main__ - INFO - 162 - trainer - [0/190] Loss: 1.0484
2026/09/03 09:16:36 - __main__ - INFO - 162 - trainer - [39/190] Loss: 1.0921
2026/09/03 09:16:41 - __main__ - INFO - 162 - trainer - [78/190] Loss: 1.0516
2026/09/03 09:16:47 - __main__ - INFO - 162 - trainer - [117/190] Loss: 1.0746
2026/09/03 09:16:53 - __main__ - INFO - 162 - trainer - [156/190] Loss: 1.0809
2026/09/03 09:16:57 - __main__ - INFO - 167 - trainer - Average loss in epoch 225: 1.0610
2026/09/03 09:16:57 - __main__ - INFO - 117 - trainer - Epoch: 226
2026/09/03 09:16:58 - __main__ - INFO - 162 - trainer - [0/190] Loss: 1.0467
2026/09/03 09:17:03 - __main__ - INFO - 162 - trainer - [39/190] Loss: 1.0638
2026/09/03 09:17:09 - __main__ - INFO - 162 - trainer - [78/190] Loss: 1.0483
2026/09/03 09:17:14 - __main__ - INFO - 162 - trainer - [117/190] Loss: 1.0615
2026/09/03 09:17:20 - __main__ - INFO - 162 - trainer - [156/190] Loss: 1.0624
2026/09/03 09:17:25 - __main__ - INFO - 167 - trainer - Average loss in epoch 226: 1.0612
2026/09/03 09:17:25 - __main__ - INFO - 117 - trainer - Epoch: 227
2026/09/03 09:17:25 - __main__ - INFO - 162 - trainer - [0/190] Loss: 1.0523
2026/09/03 09:17:31 - __main__ - INFO - 162 - trainer - [39/190] Loss: 1.0501
2026/09/03 09:17:36 - __main__ - INFO - 162 - trainer - [78/190] Loss: 1.0573
2026/09/03 09:17:42 - __main__ - INFO - 162 - trainer - [117/190] Loss: 1.0536
2026/09/03 09:17:48 - __main__ - INFO - 162 - trainer - [156/190] Loss: 1.0812
2026/09/03 09:17:52 - __main__ - INFO - 167 - trainer - Average loss in epoch 227: 1.0610
2026/09/03 09:17:52 - __main__ - INFO - 117 - trainer - Epoch: 228
2026/09/03 09:17:52 - __main__ - INFO - 162 - trainer - [0/190] Loss: 1.0696
2026/09/03 09:17:58 - __main__ - INFO - 162 - trainer - [39/190] Loss: 1.0659
2026/09/03 09:18:04 - __main__ - INFO - 162 - trainer - [78/190] Loss: 1.0692
2026/09/03 09:18:09 - __main__ - INFO - 162 - trainer - [117/190] Loss: 1.0488
2026/09/03 09:18:15 - __main__ - INFO - 162 - trainer - [156/190] Loss: 1.0642
2026/09/03 09:18:20 - __main__ - INFO - 167 - trainer - Average loss in epoch 228: 1.0608
2026/09/03 09:18:20 - __main__ - INFO - 117 - trainer - Epoch: 229
2026/09/03 09:18:20 - __main__ - INFO - 162 - trainer - [0/190] Loss: 1.0776
2026/09/03 09:18:25 - __main__ - INFO - 162 - trainer - [39/190] Loss: 1.0418
2026/09/03 09:18:31 - __main__ - INFO - 162 - trainer - [78/190] Loss: 1.0923
2026/09/03 09:18:37 - __main__ - INFO - 162 - trainer - [117/190] Loss: 1.0535
2026/09/03 09:18:42 - __main__ - INFO - 162 - trainer - [156/190] Loss: 1.0699
2026/09/03 09:18:47 - __main__ - INFO - 167 - trainer - Average loss in epoch 229: 1.0606
2026/09/03 09:18:47 - __main__ - INFO - 117 - trainer - Epoch: 230
2026/09/03 09:18:47 - __main__ - INFO - 162 - trainer - [0/190] Loss: 1.0558
2026/09/03 09:18:53 - __main__ - INFO - 162 - trainer - [39/190] Loss: 1.0464
2026/09/03 09:18:58 - __main__ - INFO - 162 - trainer - [78/190] Loss: 1.0706
2026/09/03 09:19:04 - __main__ - INFO - 162 - trainer - [117/190] Loss: 1.0511
2026/09/03 09:19:10 - __main__ - INFO - 162 - trainer - [156/190] Loss: 1.0400
2026/09/03 09:19:14 - __main__ - INFO - 167 - trainer - Average loss in epoch 230: 1.0611
2026/09/03 09:19:14 - __main__ - INFO - 117 - trainer - Epoch: 231
2026/09/03 09:19:15 - __main__ - INFO - 162 - trainer - [0/190] Loss: 1.0457
2026/09/03 09:19:20 - __main__ - INFO - 162 - trainer - [39/190] Loss: 1.0593
2026/09/03 09:19:25 - __main__ - INFO - 162 - trainer - [78/190] Loss: 1.0633
2026/09/03 09:19:31 - __main__ - INFO - 162 - trainer - [117/190] Loss: 1.0685
2026/09/03 09:19:36 - __main__ - INFO - 162 - trainer - [156/190] Loss: 1.0699
2026/09/03 09:19:41 - __main__ - INFO - 167 - trainer - Average loss in epoch 231: 1.0609
2026/09/03 09:19:41 - __main__ - INFO - 117 - trainer - Epoch: 232
2026/09/03 09:19:41 - __main__ - INFO - 162 - trainer - [0/190] Loss: 1.0549
2026/09/03 09:19:47 - __main__ - INFO - 162 - trainer - [39/190] Loss: 1.0712
2026/09/03 09:19:52 - __main__ - INFO - 162 - trainer - [78/190] Loss: 1.0640
2026/09/03 09:19:58 - __main__ - INFO - 162 - trainer - [117/190] Loss: 1.0674
2026/09/03 09:20:04 - __main__ - INFO - 162 - trainer - [156/190] Loss: 1.0331
2026/09/03 09:20:08 - __main__ - INFO - 167 - trainer - Average loss in epoch 232: 1.0607
2026/09/03 09:20:08 - __main__ - INFO - 117 - trainer - Epoch: 233
2026/09/03 09:20:08 - __main__ - INFO - 162 - trainer - [0/190] Loss: 1.0706
2026/09/03 09:20:14 - __main__ - INFO - 162 - trainer - [39/190] Loss: 1.0512
2026/09/03 09:20:20 - __main__ - INFO - 162 - trainer - [78/190] Loss: 1.0767
2026/09/03 09:20:25 - __main__ - INFO - 162 - trainer - [117/190] Loss: 1.0612
2026/09/03 09:20:31 - __main__ - INFO - 162 - trainer - [156/190] Loss: 1.0587
2026/09/03 09:20:36 - __main__ - INFO - 167 - trainer - Average loss in epoch 233: 1.0607
2026/09/03 09:20:36 - __main__ - INFO - 117 - trainer - Epoch: 234
2026/09/03 09:20:36 - __main__ - INFO - 162 - trainer - [0/190] Loss: 1.0736
2026/09/03 09:20:41 - __main__ - INFO - 162 - trainer - [39/190] Loss: 1.0415
2026/09/03 09:20:47 - __main__ - INFO - 162 - trainer - [78/190] Loss: 1.0565
2026/09/03 09:20:53 - __main__ - INFO - 162 - trainer - [117/190] Loss: 1.0460
2026/09/03 09:20:58 - __main__ - INFO - 162 - trainer - [156/190] Loss: 1.0599
2026/09/03 09:21:03 - __main__ - INFO - 167 - trainer - Average loss in epoch 234: 1.0611
2026/09/03 09:21:03 - __main__ - INFO - 117 - trainer - Epoch: 235
2026/09/03 09:21:03 - __main__ - INFO - 162 - trainer - [0/190] Loss: 1.0442
2026/09/03 09:21:09 - __main__ - INFO - 162 - trainer - [39/190] Loss: 1.0671
2026/09/03 09:21:14 - __main__ - INFO - 162 - trainer - [78/190] Loss: 1.0581
2026/09/03 09:21:20 - __main__ - INFO - 162 - trainer - [117/190] Loss: 1.0797
2026/09/03 09:21:26 - __main__ - INFO - 162 - trainer - [156/190] Loss: 1.0707
2026/09/03 09:21:30 - __main__ - INFO - 167 - trainer - Average loss in epoch 235: 1.0606
2026/09/03 09:21:30 - __main__ - INFO - 117 - trainer - Epoch: 236
2026/09/03 09:21:31 - __main__ - INFO - 162 - trainer - [0/190] Loss: 1.0679
2026/09/03 09:21:36 - __main__ - INFO - 162 - trainer - [39/190] Loss: 1.0689
2026/09/03 09:21:42 - __main__ - INFO - 162 - trainer - [78/190] Loss: 1.0443
2026/09/03 09:21:47 - __main__ - INFO - 162 - trainer - [117/190] Loss: 1.0629
2026/09/03 09:21:53 - __main__ - INFO - 162 - trainer - [156/190] Loss: 1.0426
2026/09/03 09:21:58 - __main__ - INFO - 167 - trainer - Average loss in epoch 236: 1.0602
2026/09/03 09:21:58 - __main__ - INFO - 117 - trainer - Epoch: 237
2026/09/03 09:21:58 - __main__ - INFO - 162 - trainer - [0/190] Loss: 1.0496
2026/09/03 09:22:04 - __main__ - INFO - 162 - trainer - [39/190] Loss: 1.0376
2026/09/03 09:22:09 - __main__ - INFO - 162 - trainer - [78/190] Loss: 1.0634
2026/09/03 09:22:15 - __main__ - INFO - 162 - trainer - [117/190] Loss: 1.0662
2026/09/03 09:22:21 - __main__ - INFO - 162 - trainer - [156/190] Loss: 1.0385
2026/09/03 09:22:25 - __main__ - INFO - 167 - trainer - Average loss in epoch 237: 1.0609
2026/09/03 09:22:25 - __main__ - INFO - 117 - trainer - Epoch: 238
2026/09/03 09:22:25 - __main__ - INFO - 162 - trainer - [0/190] Loss: 1.0627
2026/09/03 09:22:31 - __main__ - INFO - 162 - trainer - [39/190] Loss: 1.0551
2026/09/03 09:22:37 - __main__ - INFO - 162 - trainer - [78/190] Loss: 1.0508
2026/09/03 09:22:42 - __main__ - INFO - 162 - trainer - [117/190] Loss: 1.0501
2026/09/03 09:22:48 - __main__ - INFO - 162 - trainer - [156/190] Loss: 1.0818
2026/09/03 09:22:53 - __main__ - INFO - 167 - trainer - Average loss in epoch 238: 1.0607
2026/09/03 09:22:53 - __main__ - INFO - 117 - trainer - Epoch: 239
2026/09/03 09:22:53 - __main__ - INFO - 162 - trainer - [0/190] Loss: 1.0495
2026/09/03 09:22:59 - __main__ - INFO - 162 - trainer - [39/190] Loss: 1.0410
2026/09/03 09:23:04 - __main__ - INFO - 162 - trainer - [78/190] Loss: 1.0554
2026/09/03 09:23:10 - __main__ - INFO - 162 - trainer - [117/190] Loss: 1.0641
2026/09/03 09:23:16 - __main__ - INFO - 162 - trainer - [156/190] Loss: 1.0540
2026/09/03 09:23:21 - __main__ - INFO - 167 - trainer - Average loss in epoch 239: 1.0602
2026/09/03 09:23:21 - __main__ - INFO - 117 - trainer - Epoch: 240
2026/09/03 09:23:21 - __main__ - INFO - 162 - trainer - [0/190] Loss: 1.0566
2026/09/03 09:23:26 - __main__ - INFO - 162 - trainer - [39/190] Loss: 1.0658
2026/09/03 09:23:32 - __main__ - INFO - 162 - trainer - [78/190] Loss: 1.0499
2026/09/03 09:23:38 - __main__ - INFO - 162 - trainer - [117/190] Loss: 1.0679
2026/09/03 09:23:43 - __main__ - INFO - 162 - trainer - [156/190] Loss: 1.0716
2026/09/03 09:23:48 - __main__ - INFO - 167 - trainer - Average loss in epoch 240: 1.0606
2026/09/03 09:23:48 - __main__ - INFO - 173 - trainer - start predicting: 2026-09-03 09:23:48.267781
2026/09/03 09:23:50 - __main__ - INFO - 117 - trainer - Epoch: 241
2026/09/03 09:23:50 - __main__ - INFO - 162 - trainer - [0/190] Loss: 1.0536
2026/09/03 09:23:56 - __main__ - INFO - 162 - trainer - [39/190] Loss: 1.0497
2026/09/03 09:24:02 - __main__ - INFO - 162 - trainer - [78/190] Loss: 1.0498
2026/09/03 09:24:07 - __main__ - INFO - 162 - trainer - [117/190] Loss: 1.0610
2026/09/03 09:24:13 - __main__ - INFO - 162 - trainer - [156/190] Loss: 1.0738
2026/09/03 09:24:18 - __main__ - INFO - 167 - trainer - Average loss in epoch 241: 1.0610
2026/09/03 09:24:18 - __main__ - INFO - 117 - trainer - Epoch: 242
2026/09/03 09:24:18 - __main__ - INFO - 162 - trainer - [0/190] Loss: 1.0548
2026/09/03 09:24:23 - __main__ - INFO - 162 - trainer - [39/190] Loss: 1.0464
2026/09/03 09:24:29 - __main__ - INFO - 162 - trainer - [78/190] Loss: 1.0701
2026/09/03 09:24:34 - __main__ - INFO - 162 - trainer - [117/190] Loss: 1.0660
2026/09/03 09:24:40 - __main__ - INFO - 162 - trainer - [156/190] Loss: 1.0532
2026/09/03 09:24:45 - __main__ - INFO - 167 - trainer - Average loss in epoch 242: 1.0600
2026/09/03 09:24:45 - __main__ - INFO - 117 - trainer - Epoch: 243
2026/09/03 09:24:45 - __main__ - INFO - 162 - trainer - [0/190] Loss: 1.0574
2026/09/03 09:24:51 - __main__ - INFO - 162 - trainer - [39/190] Loss: 1.0524
2026/09/03 09:24:57 - __main__ - INFO - 162 - trainer - [78/190] Loss: 1.0555
2026/09/03 09:25:02 - __main__ - INFO - 162 - trainer - [117/190] Loss: 1.0657
2026/09/03 09:25:08 - __main__ - INFO - 162 - trainer - [156/190] Loss: 1.0579
2026/09/03 09:25:13 - __main__ - INFO - 167 - trainer - Average loss in epoch 243: 1.0607
2026/09/03 09:25:13 - __main__ - INFO - 117 - trainer - Epoch: 244
2026/09/03 09:25:13 - __main__ - INFO - 162 - trainer - [0/190] Loss: 1.0627
2026/09/03 09:25:18 - __main__ - INFO - 162 - trainer - [39/190] Loss: 1.0731
2026/09/03 09:25:24 - __main__ - INFO - 162 - trainer - [78/190] Loss: 1.0395
2026/09/03 09:25:30 - __main__ - INFO - 162 - trainer - [117/190] Loss: 1.0672
2026/09/03 09:25:35 - __main__ - INFO - 162 - trainer - [156/190] Loss: 1.0813
2026/09/03 09:25:40 - __main__ - INFO - 167 - trainer - Average loss in epoch 244: 1.0603
2026/09/03 09:25:40 - __main__ - INFO - 117 - trainer - Epoch: 245
2026/09/03 09:25:40 - __main__ - INFO - 162 - trainer - [0/190] Loss: 1.0661
2026/09/03 09:25:46 - __main__ - INFO - 162 - trainer - [39/190] Loss: 1.0502
2026/09/03 09:25:52 - __main__ - INFO - 162 - trainer - [78/190] Loss: 1.0587
2026/09/03 09:25:57 - __main__ - INFO - 162 - trainer - [117/190] Loss: 1.0633
2026/09/03 09:26:03 - __main__ - INFO - 162 - trainer - [156/190] Loss: 1.0517
2026/09/03 09:26:08 - __main__ - INFO - 167 - trainer - Average loss in epoch 245: 1.0610
2026/09/03 09:26:08 - __main__ - INFO - 117 - trainer - Epoch: 246
2026/09/03 09:26:08 - __main__ - INFO - 162 - trainer - [0/190] Loss: 1.0575
2026/09/03 09:26:14 - __main__ - INFO - 162 - trainer - [39/190] Loss: 1.0652
2026/09/03 09:26:19 - __main__ - INFO - 162 - trainer - [78/190] Loss: 1.0617
2026/09/03 09:26:25 - __main__ - INFO - 162 - trainer - [117/190] Loss: 1.0580
2026/09/03 09:26:31 - __main__ - INFO - 162 - trainer - [156/190] Loss: 1.0504
2026/09/03 09:26:35 - __main__ - INFO - 167 - trainer - Average loss in epoch 246: 1.0611
2026/09/03 09:26:35 - __main__ - INFO - 117 - trainer - Epoch: 247
2026/09/03 09:26:36 - __main__ - INFO - 162 - trainer - [0/190] Loss: 1.0630
2026/09/03 09:26:41 - __main__ - INFO - 162 - trainer - [39/190] Loss: 1.0517
2026/09/03 09:26:47 - __main__ - INFO - 162 - trainer - [78/190] Loss: 1.0511
2026/09/03 09:26:53 - __main__ - INFO - 162 - trainer - [117/190] Loss: 1.0406
2026/09/03 09:26:58 - __main__ - INFO - 162 - trainer - [156/190] Loss: 1.0808
2026/09/03 09:27:03 - __main__ - INFO - 167 - trainer - Average loss in epoch 247: 1.0607
2026/09/03 09:27:03 - __main__ - INFO - 117 - trainer - Epoch: 248
2026/09/03 09:27:03 - __main__ - INFO - 162 - trainer - [0/190] Loss: 1.0462
2026/09/03 09:27:09 - __main__ - INFO - 162 - trainer - [39/190] Loss: 1.0904
2026/09/03 09:27:14 - __main__ - INFO - 162 - trainer - [78/190] Loss: 1.0621
2026/09/03 09:27:20 - __main__ - INFO - 162 - trainer - [117/190] Loss: 1.0609
2026/09/03 09:27:26 - __main__ - INFO - 162 - trainer - [156/190] Loss: 1.0430
2026/09/03 09:27:30 - __main__ - INFO - 167 - trainer - Average loss in epoch 248: 1.0598
2026/09/03 09:27:30 - __main__ - INFO - 117 - trainer - Epoch: 249
2026/09/03 09:27:30 - __main__ - INFO - 162 - trainer - [0/190] Loss: 1.0831
2026/09/03 09:27:36 - __main__ - INFO - 162 - trainer - [39/190] Loss: 1.0721
2026/09/03 09:27:41 - __main__ - INFO - 162 - trainer - [78/190] Loss: 1.0858
2026/09/03 09:27:47 - __main__ - INFO - 162 - trainer - [117/190] Loss: 1.0491
2026/09/03 09:27:53 - __main__ - INFO - 162 - trainer - [156/190] Loss: 1.0832
2026/09/03 09:27:57 - __main__ - INFO - 167 - trainer - Average loss in epoch 249: 1.0604
2026/09/03 09:27:57 - __main__ - INFO - 117 - trainer - Epoch: 250
2026/09/03 09:27:57 - __main__ - INFO - 162 - trainer - [0/190] Loss: 1.0523
2026/09/03 09:28:03 - __main__ - INFO - 162 - trainer - [39/190] Loss: 1.0587
2026/09/03 09:28:09 - __main__ - INFO - 162 - trainer - [78/190] Loss: 1.0678
2026/09/03 09:28:15 - __main__ - INFO - 162 - trainer - [117/190] Loss: 1.0683
2026/09/03 09:28:20 - __main__ - INFO - 162 - trainer - [156/190] Loss: 1.0380
2026/09/03 09:28:25 - __main__ - INFO - 167 - trainer - Average loss in epoch 250: 1.0603
2026/09/03 09:28:25 - __main__ - INFO - 117 - trainer - Epoch: 251
2026/09/03 09:28:25 - __main__ - INFO - 162 - trainer - [0/190] Loss: 1.0830
2026/09/03 09:28:31 - __main__ - INFO - 162 - trainer - [39/190] Loss: 1.0410
2026/09/03 09:28:36 - __main__ - INFO - 162 - trainer - [78/190] Loss: 1.0377
2026/09/03 09:28:42 - __main__ - INFO - 162 - trainer - [117/190] Loss: 1.0497
2026/09/03 09:28:47 - __main__ - INFO - 162 - trainer - [156/190] Loss: 1.0565
2026/09/03 09:28:52 - __main__ - INFO - 167 - trainer - Average loss in epoch 251: 1.0612
2026/09/03 09:28:52 - __main__ - INFO - 117 - trainer - Epoch: 252
2026/09/03 09:28:52 - __main__ - INFO - 162 - trainer - [0/190] Loss: 1.0898
2026/09/03 09:28:58 - __main__ - INFO - 162 - trainer - [39/190] Loss: 1.0741
2026/09/03 09:29:03 - __main__ - INFO - 162 - trainer - [78/190] Loss: 1.0582
2026/09/03 09:29:09 - __main__ - INFO - 162 - trainer - [117/190] Loss: 1.0501
2026/09/03 09:29:15 - __main__ - INFO - 162 - trainer - [156/190] Loss: 1.0529
2026/09/03 09:29:19 - __main__ - INFO - 167 - trainer - Average loss in epoch 252: 1.0601
2026/09/03 09:29:19 - __main__ - INFO - 117 - trainer - Epoch: 253
2026/09/03 09:29:19 - __main__ - INFO - 162 - trainer - [0/190] Loss: 1.0662
2026/09/03 09:29:25 - __main__ - INFO - 162 - trainer - [39/190] Loss: 1.0534
2026/09/03 09:29:31 - __main__ - INFO - 162 - trainer - [78/190] Loss: 1.0477
2026/09/03 09:29:36 - __main__ - INFO - 162 - trainer - [117/190] Loss: 1.0749
2026/09/03 09:29:42 - __main__ - INFO - 162 - trainer - [156/190] Loss: 1.0505
2026/09/03 09:29:47 - __main__ - INFO - 167 - trainer - Average loss in epoch 253: 1.0609
2026/09/03 09:29:47 - __main__ - INFO - 117 - trainer - Epoch: 254
2026/09/03 09:29:47 - __main__ - INFO - 162 - trainer - [0/190] Loss: 1.0655
2026/09/03 09:29:52 - __main__ - INFO - 162 - trainer - [39/190] Loss: 1.0627
2026/09/03 09:29:58 - __main__ - INFO - 162 - trainer - [78/190] Loss: 1.0596
2026/09/03 09:30:04 - __main__ - INFO - 162 - trainer - [117/190] Loss: 1.0685
2026/09/03 09:30:09 - __main__ - INFO - 162 - trainer - [156/190] Loss: 1.0668
2026/09/03 09:30:14 - __main__ - INFO - 167 - trainer - Average loss in epoch 254: 1.0603
2026/09/03 09:30:14 - __main__ - INFO - 117 - trainer - Epoch: 255
2026/09/03 09:30:14 - __main__ - INFO - 162 - trainer - [0/190] Loss: 1.0418
2026/09/03 09:30:20 - __main__ - INFO - 162 - trainer - [39/190] Loss: 1.0541
2026/09/03 09:30:26 - __main__ - INFO - 162 - trainer - [78/190] Loss: 1.0769
2026/09/03 09:30:31 - __main__ - INFO - 162 - trainer - [117/190] Loss: 1.0554
2026/09/03 09:30:37 - __main__ - INFO - 162 - trainer - [156/190] Loss: 1.0560
2026/09/03 09:30:42 - __main__ - INFO - 167 - trainer - Average loss in epoch 255: 1.0604
2026/09/03 09:30:42 - __main__ - INFO - 117 - trainer - Epoch: 256
2026/09/03 09:30:42 - __main__ - INFO - 162 - trainer - [0/190] Loss: 1.0620
2026/09/03 09:30:47 - __main__ - INFO - 162 - trainer - [39/190] Loss: 1.0672
2026/09/03 09:30:53 - __main__ - INFO - 162 - trainer - [78/190] Loss: 1.0451
2026/09/03 09:30:59 - __main__ - INFO - 162 - trainer - [117/190] Loss: 1.0711
2026/09/03 09:31:04 - __main__ - INFO - 162 - trainer - [156/190] Loss: 1.0602
2026/09/03 09:31:09 - __main__ - INFO - 167 - trainer - Average loss in epoch 256: 1.0605
2026/09/03 09:31:09 - __main__ - INFO - 117 - trainer - Epoch: 257
2026/09/03 09:31:09 - __main__ - INFO - 162 - trainer - [0/190] Loss: 1.0724
2026/09/03 09:31:15 - __main__ - INFO - 162 - trainer - [39/190] Loss: 1.0615
2026/09/03 09:31:21 - __main__ - INFO - 162 - trainer - [78/190] Loss: 1.0717
2026/09/03 09:31:26 - __main__ - INFO - 162 - trainer - [117/190] Loss: 1.0745
2026/09/03 09:31:32 - __main__ - INFO - 162 - trainer - [156/190] Loss: 1.0285
2026/09/03 09:31:36 - __main__ - INFO - 167 - trainer - Average loss in epoch 257: 1.0601
2026/09/03 09:31:36 - __main__ - INFO - 117 - trainer - Epoch: 258
2026/09/03 09:31:37 - __main__ - INFO - 162 - trainer - [0/190] Loss: 1.0656
2026/09/03 09:31:42 - __main__ - INFO - 162 - trainer - [39/190] Loss: 1.0578
2026/09/03 09:31:48 - __main__ - INFO - 162 - trainer - [78/190] Loss: 1.0724
2026/09/03 09:31:53 - __main__ - INFO - 162 - trainer - [117/190] Loss: 1.0602
2026/09/03 09:31:59 - __main__ - INFO - 162 - trainer - [156/190] Loss: 1.0477
2026/09/03 09:32:04 - __main__ - INFO - 167 - trainer - Average loss in epoch 258: 1.0605
2026/09/03 09:32:04 - __main__ - INFO - 117 - trainer - Epoch: 259
2026/09/03 09:32:04 - __main__ - INFO - 162 - trainer - [0/190] Loss: 1.0702
2026/09/03 09:32:10 - __main__ - INFO - 162 - trainer - [39/190] Loss: 1.0508
2026/09/03 09:32:15 - __main__ - INFO - 162 - trainer - [78/190] Loss: 1.0428
2026/09/03 09:32:21 - __main__ - INFO - 162 - trainer - [117/190] Loss: 1.0805
2026/09/03 09:32:27 - __main__ - INFO - 162 - trainer - [156/190] Loss: 1.0840
2026/09/03 09:32:31 - __main__ - INFO - 167 - trainer - Average loss in epoch 259: 1.0608
2026/09/03 09:32:31 - __main__ - INFO - 117 - trainer - Epoch: 260
2026/09/03 09:32:31 - __main__ - INFO - 162 - trainer - [0/190] Loss: 1.0443
2026/09/03 09:32:37 - __main__ - INFO - 162 - trainer - [39/190] Loss: 1.0540
2026/09/03 09:32:43 - __main__ - INFO - 162 - trainer - [78/190] Loss: 1.0827
2026/09/03 09:32:48 - __main__ - INFO - 162 - trainer - [117/190] Loss: 1.0559
2026/09/03 09:32:54 - __main__ - INFO - 162 - trainer - [156/190] Loss: 1.0612
2026/09/03 09:32:59 - __main__ - INFO - 167 - trainer - Average loss in epoch 260: 1.0597
2026/09/03 09:32:59 - __main__ - INFO - 173 - trainer - start predicting: 2026-09-03 09:32:59.302932
2026/09/03 09:33:01 - __main__ - INFO - 117 - trainer - Epoch: 261
2026/09/03 09:33:01 - __main__ - INFO - 162 - trainer - [0/190] Loss: 1.0843
2026/09/03 09:33:07 - __main__ - INFO - 162 - trainer - [39/190] Loss: 1.0309
2026/09/03 09:33:13 - __main__ - INFO - 162 - trainer - [78/190] Loss: 1.0638
2026/09/03 09:33:19 - __main__ - INFO - 162 - trainer - [117/190] Loss: 1.0650
2026/09/03 09:33:24 - __main__ - INFO - 162 - trainer - [156/190] Loss: 1.0621
2026/09/03 09:33:29 - __main__ - INFO - 167 - trainer - Average loss in epoch 261: 1.0602
2026/09/03 09:33:29 - __main__ - INFO - 117 - trainer - Epoch: 262
2026/09/03 09:33:29 - __main__ - INFO - 162 - trainer - [0/190] Loss: 1.0354
2026/09/03 09:33:35 - __main__ - INFO - 162 - trainer - [39/190] Loss: 1.0703
2026/09/03 09:33:40 - __main__ - INFO - 162 - trainer - [78/190] Loss: 1.0534
2026/09/03 09:33:46 - __main__ - INFO - 162 - trainer - [117/190] Loss: 1.0585
2026/09/03 09:33:52 - __main__ - INFO - 162 - trainer - [156/190] Loss: 1.0479
2026/09/03 09:33:56 - __main__ - INFO - 167 - trainer - Average loss in epoch 262: 1.0596
2026/09/03 09:33:56 - __main__ - INFO - 117 - trainer - Epoch: 263
2026/09/03 09:33:56 - __main__ - INFO - 162 - trainer - [0/190] Loss: 1.0762
2026/09/03 09:34:02 - __main__ - INFO - 162 - trainer - [39/190] Loss: 1.0511
2026/09/03 09:34:07 - __main__ - INFO - 162 - trainer - [78/190] Loss: 1.0511
2026/09/03 09:34:13 - __main__ - INFO - 162 - trainer - [117/190] Loss: 1.0595
2026/09/03 09:34:19 - __main__ - INFO - 162 - trainer - [156/190] Loss: 1.0500
2026/09/03 09:34:24 - __main__ - INFO - 167 - trainer - Average loss in epoch 263: 1.0609
2026/09/03 09:34:24 - __main__ - INFO - 117 - trainer - Epoch: 264
2026/09/03 09:34:24 - __main__ - INFO - 162 - trainer - [0/190] Loss: 1.0483
2026/09/03 09:34:29 - __main__ - INFO - 162 - trainer - [39/190] Loss: 1.0788
2026/09/03 09:34:35 - __main__ - INFO - 162 - trainer - [78/190] Loss: 1.0575
2026/09/03 09:34:41 - __main__ - INFO - 162 - trainer - [117/190] Loss: 1.0713
2026/09/03 09:34:47 - __main__ - INFO - 162 - trainer - [156/190] Loss: 1.0743
2026/09/03 09:34:51 - __main__ - INFO - 167 - trainer - Average loss in epoch 264: 1.0606
2026/09/03 09:34:51 - __main__ - INFO - 117 - trainer - Epoch: 265
2026/09/03 09:34:51 - __main__ - INFO - 162 - trainer - [0/190] Loss: 1.0365
2026/09/03 09:34:57 - __main__ - INFO - 162 - trainer - [39/190] Loss: 1.0953
2026/09/03 09:35:03 - __main__ - INFO - 162 - trainer - [78/190] Loss: 1.0619
2026/09/03 09:35:08 - __main__ - INFO - 162 - trainer - [117/190] Loss: 1.0631
2026/09/03 09:35:14 - __main__ - INFO - 162 - trainer - [156/190] Loss: 1.0459
2026/09/03 09:35:19 - __main__ - INFO - 167 - trainer - Average loss in epoch 265: 1.0604
2026/09/03 09:35:19 - __main__ - INFO - 117 - trainer - Epoch: 266
2026/09/03 09:35:19 - __main__ - INFO - 162 - trainer - [0/190] Loss: 1.0691
2026/09/03 09:35:25 - __main__ - INFO - 162 - trainer - [39/190] Loss: 1.0619
2026/09/03 09:35:30 - __main__ - INFO - 162 - trainer - [78/190] Loss: 1.0511
2026/09/03 09:35:36 - __main__ - INFO - 162 - trainer - [117/190] Loss: 1.0584
2026/09/03 09:35:42 - __main__ - INFO - 162 - trainer - [156/190] Loss: 1.0516
2026/09/03 09:35:46 - __main__ - INFO - 167 - trainer - Average loss in epoch 266: 1.0607
2026/09/03 09:35:46 - __main__ - INFO - 117 - trainer - Epoch: 267
2026/09/03 09:35:46 - __main__ - INFO - 162 - trainer - [0/190] Loss: 1.0553
2026/09/03 09:35:52 - __main__ - INFO - 162 - trainer - [39/190] Loss: 1.0612
2026/09/03 09:35:58 - __main__ - INFO - 162 - trainer - [78/190] Loss: 1.0790
2026/09/03 09:36:03 - __main__ - INFO - 162 - trainer - [117/190] Loss: 1.0565
2026/09/03 09:36:09 - __main__ - INFO - 162 - trainer - [156/190] Loss: 1.0672
2026/09/03 09:36:14 - __main__ - INFO - 167 - trainer - Average loss in epoch 267: 1.0602
2026/09/03 09:36:14 - __main__ - INFO - 117 - trainer - Epoch: 268
2026/09/03 09:36:14 - __main__ - INFO - 162 - trainer - [0/190] Loss: 1.0497
2026/09/03 09:36:20 - __main__ - INFO - 162 - trainer - [39/190] Loss: 1.0528
2026/09/03 09:36:25 - __main__ - INFO - 162 - trainer - [78/190] Loss: 1.0546
2026/09/03 09:36:31 - __main__ - INFO - 162 - trainer - [117/190] Loss: 1.0549
2026/09/03 09:36:37 - __main__ - INFO - 162 - trainer - [156/190] Loss: 1.0664
2026/09/03 09:36:42 - __main__ - INFO - 167 - trainer - Average loss in epoch 268: 1.0603
2026/09/03 09:36:42 - __main__ - INFO - 117 - trainer - Epoch: 269
2026/09/03 09:36:42 - __main__ - INFO - 162 - trainer - [0/190] Loss: 1.0670
2026/09/03 09:36:47 - __main__ - INFO - 162 - trainer - [39/190] Loss: 1.0620
2026/09/03 09:36:53 - __main__ - INFO - 162 - trainer - [78/190] Loss: 1.0707
2026/09/03 09:36:58 - __main__ - INFO - 162 - trainer - [117/190] Loss: 1.0365
2026/09/03 09:37:04 - __main__ - INFO - 162 - trainer - [156/190] Loss: 1.0610
2026/09/03 09:37:09 - __main__ - INFO - 167 - trainer - Average loss in epoch 269: 1.0601
2026/09/03 09:37:09 - __main__ - INFO - 117 - trainer - Epoch: 270
2026/09/03 09:37:09 - __main__ - INFO - 162 - trainer - [0/190] Loss: 1.0554
2026/09/03 09:37:14 - __main__ - INFO - 162 - trainer - [39/190] Loss: 1.0522
2026/09/03 09:37:20 - __main__ - INFO - 162 - trainer - [78/190] Loss: 1.0772
2026/09/03 09:37:26 - __main__ - INFO - 162 - trainer - [117/190] Loss: 1.0474
2026/09/03 09:37:32 - __main__ - INFO - 162 - trainer - [156/190] Loss: 1.0654
2026/09/03 09:37:37 - __main__ - INFO - 167 - trainer - Average loss in epoch 270: 1.0603
2026/09/03 09:37:37 - __main__ - INFO - 117 - trainer - Epoch: 271
2026/09/03 09:37:37 - __main__ - INFO - 162 - trainer - [0/190] Loss: 1.0526
2026/09/03 09:37:42 - __main__ - INFO - 162 - trainer - [39/190] Loss: 1.0486
2026/09/03 09:37:48 - __main__ - INFO - 162 - trainer - [78/190] Loss: 1.0665
2026/09/03 09:37:54 - __main__ - INFO - 162 - trainer - [117/190] Loss: 1.0679
2026/09/03 09:37:59 - __main__ - INFO - 162 - trainer - [156/190] Loss: 1.0557
2026/09/03 09:38:04 - __main__ - INFO - 167 - trainer - Average loss in epoch 271: 1.0603
2026/09/03 09:38:04 - __main__ - INFO - 117 - trainer - Epoch: 272
2026/09/03 09:38:04 - __main__ - INFO - 162 - trainer - [0/190] Loss: 1.0741
2026/09/03 09:38:10 - __main__ - INFO - 162 - trainer - [39/190] Loss: 1.0705
2026/09/03 09:38:16 - __main__ - INFO - 162 - trainer - [78/190] Loss: 1.0672
2026/09/03 09:38:21 - __main__ - INFO - 162 - trainer - [117/190] Loss: 1.0564
2026/09/03 09:38:27 - __main__ - INFO - 162 - trainer - [156/190] Loss: 1.0736
2026/09/03 09:38:32 - __main__ - INFO - 167 - trainer - Average loss in epoch 272: 1.0602
2026/09/03 09:38:32 - __main__ - INFO - 117 - trainer - Epoch: 273
2026/09/03 09:38:32 - __main__ - INFO - 162 - trainer - [0/190] Loss: 1.0603
2026/09/03 09:38:38 - __main__ - INFO - 162 - trainer - [39/190] Loss: 1.0316
2026/09/03 09:38:43 - __main__ - INFO - 162 - trainer - [78/190] Loss: 1.0665
2026/09/03 09:38:49 - __main__ - INFO - 162 - trainer - [117/190] Loss: 1.0615
2026/09/03 09:38:55 - __main__ - INFO - 162 - trainer - [156/190] Loss: 1.0459
2026/09/03 09:38:59 - __main__ - INFO - 167 - trainer - Average loss in epoch 273: 1.0595
2026/09/03 09:38:59 - __main__ - INFO - 117 - trainer - Epoch: 274
2026/09/03 09:39:00 - __main__ - INFO - 162 - trainer - [0/190] Loss: 1.0503
2026/09/03 09:39:05 - __main__ - INFO - 162 - trainer - [39/190] Loss: 1.0520
2026/09/03 09:39:11 - __main__ - INFO - 162 - trainer - [78/190] Loss: 1.0632
2026/09/03 09:39:16 - __main__ - INFO - 162 - trainer - [117/190] Loss: 1.0399
2026/09/03 09:39:22 - __main__ - INFO - 162 - trainer - [156/190] Loss: 1.0679
2026/09/03 09:39:27 - __main__ - INFO - 167 - trainer - Average loss in epoch 274: 1.0598
2026/09/03 09:39:27 - __main__ - INFO - 117 - trainer - Epoch: 275
2026/09/03 09:39:27 - __main__ - INFO - 162 - trainer - [0/190] Loss: 1.0812
2026/09/03 09:39:33 - __main__ - INFO - 162 - trainer - [39/190] Loss: 1.0766
2026/09/03 09:39:38 - __main__ - INFO - 162 - trainer - [78/190] Loss: 1.0662
2026/09/03 09:39:44 - __main__ - INFO - 162 - trainer - [117/190] Loss: 1.0700
2026/09/03 09:39:50 - __main__ - INFO - 162 - trainer - [156/190] Loss: 1.0718
2026/09/03 09:39:54 - __main__ - INFO - 167 - trainer - Average loss in epoch 275: 1.0604
2026/09/03 09:39:54 - __main__ - INFO - 117 - trainer - Epoch: 276
2026/09/03 09:39:55 - __main__ - INFO - 162 - trainer - [0/190] Loss: 1.0688
2026/09/03 09:40:00 - __main__ - INFO - 162 - trainer - [39/190] Loss: 1.0550
2026/09/03 09:40:06 - __main__ - INFO - 162 - trainer - [78/190] Loss: 1.0510
2026/09/03 09:40:12 - __main__ - INFO - 162 - trainer - [117/190] Loss: 1.0542
2026/09/03 09:40:17 - __main__ - INFO - 162 - trainer - [156/190] Loss: 1.0625
2026/09/03 09:40:22 - __main__ - INFO - 167 - trainer - Average loss in epoch 276: 1.0601
2026/09/03 09:40:22 - __main__ - INFO - 117 - trainer - Epoch: 277
2026/09/03 09:40:22 - __main__ - INFO - 162 - trainer - [0/190] Loss: 1.0496
2026/09/03 09:40:28 - __main__ - INFO - 162 - trainer - [39/190] Loss: 1.0804
2026/09/03 09:40:34 - __main__ - INFO - 162 - trainer - [78/190] Loss: 1.0798
2026/09/03 09:40:39 - __main__ - INFO - 162 - trainer - [117/190] Loss: 1.0517
2026/09/03 09:40:45 - __main__ - INFO - 162 - trainer - [156/190] Loss: 1.0435
2026/09/03 09:40:50 - __main__ - INFO - 167 - trainer - Average loss in epoch 277: 1.0595
2026/09/03 09:40:50 - __main__ - INFO - 117 - trainer - Epoch: 278
2026/09/03 09:40:50 - __main__ - INFO - 162 - trainer - [0/190] Loss: 1.0550
2026/09/03 09:40:55 - __main__ - INFO - 162 - trainer - [39/190] Loss: 1.0668
2026/09/03 09:41:01 - __main__ - INFO - 162 - trainer - [78/190] Loss: 1.0496
2026/09/03 09:41:06 - __main__ - INFO - 162 - trainer - [117/190] Loss: 1.0584
2026/09/03 09:41:12 - __main__ - INFO - 162 - trainer - [156/190] Loss: 1.0457
2026/09/03 09:41:17 - __main__ - INFO - 167 - trainer - Average loss in epoch 278: 1.0599
2026/09/03 09:41:17 - __main__ - INFO - 117 - trainer - Epoch: 279
2026/09/03 09:41:17 - __main__ - INFO - 162 - trainer - [0/190] Loss: 1.0685
2026/09/03 09:41:23 - __main__ - INFO - 162 - trainer - [39/190] Loss: 1.0696
2026/09/03 09:41:28 - __main__ - INFO - 162 - trainer - [78/190] Loss: 1.0672
2026/09/03 09:41:34 - __main__ - INFO - 162 - trainer - [117/190] Loss: 1.0562
2026/09/03 09:41:40 - __main__ - INFO - 162 - trainer - [156/190] Loss: 1.0794
2026/09/03 09:41:44 - __main__ - INFO - 167 - trainer - Average loss in epoch 279: 1.0606
2026/09/03 09:41:44 - __main__ - INFO - 117 - trainer - Epoch: 280
2026/09/03 09:41:44 - __main__ - INFO - 162 - trainer - [0/190] Loss: 1.0510
2026/09/03 09:41:50 - __main__ - INFO - 162 - trainer - [39/190] Loss: 1.0768
2026/09/03 09:41:56 - __main__ - INFO - 162 - trainer - [78/190] Loss: 1.0649
2026/09/03 09:42:01 - __main__ - INFO - 162 - trainer - [117/190] Loss: 1.0783
2026/09/03 09:42:07 - __main__ - INFO - 162 - trainer - [156/190] Loss: 1.0761
2026/09/03 09:42:12 - __main__ - INFO - 167 - trainer - Average loss in epoch 280: 1.0602
2026/09/03 09:42:12 - __main__ - INFO - 173 - trainer - start predicting: 2026-09-03 09:42:12.221683
2026/09/03 09:42:14 - __main__ - INFO - 203 - trainer - {'Best_HR@5': np.float64(9.0959), 'Best_HR@10': np.float64(16.7144), 'Best_HR@20': np.float64(27.2083), 'Best_NDCG@5': np.float64(5.5056), 'Best_NDCG@10': np.float64(7.8238), 'Best_NDCG@20': np.float64(10.5825)}
2026/09/03 09:42:14 - __main__ - INFO - 204 - trainer - {'Best_epoch_HR@5': 60, 'Best_epoch_HR@10': 120, 'Best_epoch_HR@20': 280, 'Best_epoch_NDCG@5': 60, 'Best_epoch_NDCG@10': 100, 'Best_epoch_NDCG@20': 280}
2026/09/03 09:42:14 - __main__ - INFO - 117 - trainer - Epoch: 281
2026/09/03 09:42:14 - __main__ - INFO - 162 - trainer - [0/190] Loss: 1.0496
2026/09/03 09:42:20 - __main__ - INFO - 162 - trainer - [39/190] Loss: 1.0595
2026/09/03 09:42:25 - __main__ - INFO - 162 - trainer - [78/190] Loss: 1.0385
2026/09/03 09:42:31 - __main__ - INFO - 162 - trainer - [117/190] Loss: 1.0653
2026/09/03 09:42:37 - __main__ - INFO - 162 - trainer - [156/190] Loss: 1.0290
2026/09/03 09:42:41 - __main__ - INFO - 167 - trainer - Average loss in epoch 281: 1.0594
2026/09/03 09:42:41 - __main__ - INFO - 117 - trainer - Epoch: 282
2026/09/03 09:42:41 - __main__ - INFO - 162 - trainer - [0/190] Loss: 1.0573
2026/09/03 09:42:47 - __main__ - INFO - 162 - trainer - [39/190] Loss: 1.0491
2026/09/03 09:42:52 - __main__ - INFO - 162 - trainer - [78/190] Loss: 1.0592
2026/09/03 09:42:58 - __main__ - INFO - 162 - trainer - [117/190] Loss: 1.0420
2026/09/03 09:43:04 - __main__ - INFO - 162 - trainer - [156/190] Loss: 1.0596
2026/09/03 09:43:08 - __main__ - INFO - 167 - trainer - Average loss in epoch 282: 1.0600
2026/09/03 09:43:08 - __main__ - INFO - 117 - trainer - Epoch: 283
2026/09/03 09:43:09 - __main__ - INFO - 162 - trainer - [0/190] Loss: 1.0577
2026/09/03 09:43:14 - __main__ - INFO - 162 - trainer - [39/190] Loss: 1.0631
2026/09/03 09:43:20 - __main__ - INFO - 162 - trainer - [78/190] Loss: 1.0505
2026/09/03 09:43:25 - __main__ - INFO - 162 - trainer - [117/190] Loss: 1.0512
2026/09/03 09:43:31 - __main__ - INFO - 162 - trainer - [156/190] Loss: 1.0624
2026/09/03 09:43:36 - __main__ - INFO - 167 - trainer - Average loss in epoch 283: 1.0601
2026/09/03 09:43:36 - __main__ - INFO - 117 - trainer - Epoch: 284
2026/09/03 09:43:36 - __main__ - INFO - 162 - trainer - [0/190] Loss: 1.0611
2026/09/03 09:43:42 - __main__ - INFO - 162 - trainer - [39/190] Loss: 1.0525
2026/09/03 09:43:47 - __main__ - INFO - 162 - trainer - [78/190] Loss: 1.0565
2026/09/03 09:43:53 - __main__ - INFO - 162 - trainer - [117/190] Loss: 1.0758
2026/09/03 09:43:58 - __main__ - INFO - 162 - trainer - [156/190] Loss: 1.0524
2026/09/03 09:44:03 - __main__ - INFO - 167 - trainer - Average loss in epoch 284: 1.0599
2026/09/03 09:44:03 - __main__ - INFO - 117 - trainer - Epoch: 285
2026/09/03 09:44:03 - __main__ - INFO - 162 - trainer - [0/190] Loss: 1.0687
2026/09/03 09:44:09 - __main__ - INFO - 162 - trainer - [39/190] Loss: 1.0615
2026/09/03 09:44:14 - __main__ - INFO - 162 - trainer - [78/190] Loss: 1.0499
2026/09/03 09:44:20 - __main__ - INFO - 162 - trainer - [117/190] Loss: 1.0589
2026/09/03 09:44:26 - __main__ - INFO - 162 - trainer - [156/190] Loss: 1.0726
2026/09/03 09:44:31 - __main__ - INFO - 167 - trainer - Average loss in epoch 285: 1.0597
2026/09/03 09:44:31 - __main__ - INFO - 117 - trainer - Epoch: 286
2026/09/03 09:44:31 - __main__ - INFO - 162 - trainer - [0/190] Loss: 1.0578
2026/09/03 09:44:37 - __main__ - INFO - 162 - trainer - [39/190] Loss: 1.0785
2026/09/03 09:44:42 - __main__ - INFO - 162 - trainer - [78/190] Loss: 1.0648
2026/09/03 09:44:48 - __main__ - INFO - 162 - trainer - [117/190] Loss: 1.0649
2026/09/03 09:44:54 - __main__ - INFO - 162 - trainer - [156/190] Loss: 1.0187
2026/09/03 09:44:58 - __main__ - INFO - 167 - trainer - Average loss in epoch 286: 1.0598
2026/09/03 09:44:58 - __main__ - INFO - 117 - trainer - Epoch: 287
2026/09/03 09:44:58 - __main__ - INFO - 162 - trainer - [0/190] Loss: 1.0786
2026/09/03 09:45:04 - __main__ - INFO - 162 - trainer - [39/190] Loss: 1.0618
2026/09/03 09:45:10 - __main__ - INFO - 162 - trainer - [78/190] Loss: 1.0474
2026/09/03 09:45:15 - __main__ - INFO - 162 - trainer - [117/190] Loss: 1.0466
2026/09/03 09:45:21 - __main__ - INFO - 162 - trainer - [156/190] Loss: 1.0620
2026/09/03 09:45:26 - __main__ - INFO - 167 - trainer - Average loss in epoch 287: 1.0602
2026/09/03 09:45:26 - __main__ - INFO - 117 - trainer - Epoch: 288
2026/09/03 09:45:26 - __main__ - INFO - 162 - trainer - [0/190] Loss: 1.0808
2026/09/03 09:45:32 - __main__ - INFO - 162 - trainer - [39/190] Loss: 1.0637
2026/09/03 09:45:37 - __main__ - INFO - 162 - trainer - [78/190] Loss: 1.0716
2026/09/03 09:45:43 - __main__ - INFO - 162 - trainer - [117/190] Loss: 1.0548
2026/09/03 09:45:49 - __main__ - INFO - 162 - trainer - [156/190] Loss: 1.0590
2026/09/03 09:45:53 - __main__ - INFO - 167 - trainer - Average loss in epoch 288: 1.0591
2026/09/03 09:45:53 - __main__ - INFO - 117 - trainer - Epoch: 289
2026/09/03 09:45:54 - __main__ - INFO - 162 - trainer - [0/190] Loss: 1.0597
2026/09/03 09:45:59 - __main__ - INFO - 162 - trainer - [39/190] Loss: 1.0646
2026/09/03 09:46:05 - __main__ - INFO - 162 - trainer - [78/190] Loss: 1.0439
2026/09/03 09:46:10 - __main__ - INFO - 162 - trainer - [117/190] Loss: 1.0619
2026/09/03 09:46:16 - __main__ - INFO - 162 - trainer - [156/190] Loss: 1.0643
2026/09/03 09:46:21 - __main__ - INFO - 167 - trainer - Average loss in epoch 289: 1.0597
2026/09/03 09:46:21 - __main__ - INFO - 117 - trainer - Epoch: 290
2026/09/03 09:46:21 - __main__ - INFO - 162 - trainer - [0/190] Loss: 1.0579
2026/09/03 09:46:27 - __main__ - INFO - 162 - trainer - [39/190] Loss: 1.0409
2026/09/03 09:46:32 - __main__ - INFO - 162 - trainer - [78/190] Loss: 1.0572
2026/09/03 09:46:38 - __main__ - INFO - 162 - trainer - [117/190] Loss: 1.0661
2026/09/03 09:46:44 - __main__ - INFO - 162 - trainer - [156/190] Loss: 1.0774
2026/09/03 09:46:48 - __main__ - INFO - 167 - trainer - Average loss in epoch 290: 1.0598
2026/09/03 09:46:48 - __main__ - INFO - 117 - trainer - Epoch: 291
2026/09/03 09:46:48 - __main__ - INFO - 162 - trainer - [0/190] Loss: 1.0792
2026/09/03 09:46:54 - __main__ - INFO - 162 - trainer - [39/190] Loss: 1.0582
2026/09/03 09:47:00 - __main__ - INFO - 162 - trainer - [78/190] Loss: 1.0428
2026/09/03 09:47:05 - __main__ - INFO - 162 - trainer - [117/190] Loss: 1.0483
2026/09/03 09:47:11 - __main__ - INFO - 162 - trainer - [156/190] Loss: 1.0649
2026/09/03 09:47:16 - __main__ - INFO - 167 - trainer - Average loss in epoch 291: 1.0598
2026/09/03 09:47:16 - __main__ - INFO - 117 - trainer - Epoch: 292
2026/09/03 09:47:16 - __main__ - INFO - 162 - trainer - [0/190] Loss: 1.0644
2026/09/03 09:47:22 - __main__ - INFO - 162 - trainer - [39/190] Loss: 1.0523
2026/09/03 09:47:27 - __main__ - INFO - 162 - trainer - [78/190] Loss: 1.0548
2026/09/03 09:47:33 - __main__ - INFO - 162 - trainer - [117/190] Loss: 1.0643
2026/09/03 09:47:39 - __main__ - INFO - 162 - trainer - [156/190] Loss: 1.0597
2026/09/03 09:47:44 - __main__ - INFO - 167 - trainer - Average loss in epoch 292: 1.0597
2026/09/03 09:47:44 - __main__ - INFO - 117 - trainer - Epoch: 293
2026/09/03 09:47:44 - __main__ - INFO - 162 - trainer - [0/190] Loss: 1.0645
2026/09/03 09:47:49 - __main__ - INFO - 162 - trainer - [39/190] Loss: 1.0694
2026/09/03 09:47:55 - __main__ - INFO - 162 - trainer - [78/190] Loss: 1.0577
2026/09/03 09:48:01 - __main__ - INFO - 162 - trainer - [117/190] Loss: 1.0275
2026/09/03 09:48:06 - __main__ - INFO - 162 - trainer - [156/190] Loss: 1.0592
2026/09/03 09:48:11 - __main__ - INFO - 167 - trainer - Average loss in epoch 293: 1.0605
2026/09/03 09:48:11 - __main__ - INFO - 117 - trainer - Epoch: 294
2026/09/03 09:48:11 - __main__ - INFO - 162 - trainer - [0/190] Loss: 1.0527
2026/09/03 09:48:17 - __main__ - INFO - 162 - trainer - [39/190] Loss: 1.0425
2026/09/03 09:48:22 - __main__ - INFO - 162 - trainer - [78/190] Loss: 1.0814
2026/09/03 09:48:28 - __main__ - INFO - 162 - trainer - [117/190] Loss: 1.0554
2026/09/03 09:48:33 - __main__ - INFO - 162 - trainer - [156/190] Loss: 1.0624
2026/09/03 09:48:38 - __main__ - INFO - 167 - trainer - Average loss in epoch 294: 1.0600
2026/09/03 09:48:38 - __main__ - INFO - 117 - trainer - Epoch: 295
2026/09/03 09:48:38 - __main__ - INFO - 162 - trainer - [0/190] Loss: 1.0702
2026/09/03 09:48:44 - __main__ - INFO - 162 - trainer - [39/190] Loss: 1.0571
2026/09/03 09:48:49 - __main__ - INFO - 162 - trainer - [78/190] Loss: 1.0425
2026/09/03 09:48:55 - __main__ - INFO - 162 - trainer - [117/190] Loss: 1.0577
2026/09/03 09:49:01 - __main__ - INFO - 162 - trainer - [156/190] Loss: 1.0663
2026/09/03 09:49:05 - __main__ - INFO - 167 - trainer - Average loss in epoch 295: 1.0598
2026/09/03 09:49:05 - __main__ - INFO - 117 - trainer - Epoch: 296
2026/09/03 09:49:06 - __main__ - INFO - 162 - trainer - [0/190] Loss: 1.0584
2026/09/03 09:49:11 - __main__ - INFO - 162 - trainer - [39/190] Loss: 1.0489
2026/09/03 09:49:17 - __main__ - INFO - 162 - trainer - [78/190] Loss: 1.0646
2026/09/03 09:49:23 - __main__ - INFO - 162 - trainer - [117/190] Loss: 1.0839
2026/09/03 09:49:28 - __main__ - INFO - 162 - trainer - [156/190] Loss: 1.0289
2026/09/03 09:49:33 - __main__ - INFO - 167 - trainer - Average loss in epoch 296: 1.0603
2026/09/03 09:49:33 - __main__ - INFO - 117 - trainer - Epoch: 297
2026/09/03 09:49:33 - __main__ - INFO - 162 - trainer - [0/190] Loss: 1.0452
2026/09/03 09:49:39 - __main__ - INFO - 162 - trainer - [39/190] Loss: 1.0305
2026/09/03 09:49:45 - __main__ - INFO - 162 - trainer - [78/190] Loss: 1.0406
2026/09/03 09:49:50 - __main__ - INFO - 162 - trainer - [117/190] Loss: 1.0539
2026/09/03 09:49:56 - __main__ - INFO - 162 - trainer - [156/190] Loss: 1.0786
2026/09/03 09:50:01 - __main__ - INFO - 167 - trainer - Average loss in epoch 297: 1.0600
2026/09/03 09:50:01 - __main__ - INFO - 117 - trainer - Epoch: 298
2026/09/03 09:50:01 - __main__ - INFO - 162 - trainer - [0/190] Loss: 1.0736
2026/09/03 09:50:07 - __main__ - INFO - 162 - trainer - [39/190] Loss: 1.0586
2026/09/03 09:50:12 - __main__ - INFO - 162 - trainer - [78/190] Loss: 1.0601
2026/09/03 09:50:18 - __main__ - INFO - 162 - trainer - [117/190] Loss: 1.0690
2026/09/03 09:50:23 - __main__ - INFO - 162 - trainer - [156/190] Loss: 1.0426
2026/09/03 09:50:28 - __main__ - INFO - 167 - trainer - Average loss in epoch 298: 1.0597
2026/09/03 09:50:28 - __main__ - INFO - 117 - trainer - Epoch: 299
2026/09/03 09:50:28 - __main__ - INFO - 162 - trainer - [0/190] Loss: 1.0517
2026/09/03 09:50:34 - __main__ - INFO - 162 - trainer - [39/190] Loss: 1.0462
2026/09/03 09:50:40 - __main__ - INFO - 162 - trainer - [78/190] Loss: 1.0681
2026/09/03 09:50:45 - __main__ - INFO - 162 - trainer - [117/190] Loss: 1.0456
2026/09/03 09:50:51 - __main__ - INFO - 162 - trainer - [156/190] Loss: 1.0529
2026/09/03 09:50:56 - __main__ - INFO - 167 - trainer - Average loss in epoch 299: 1.0593
2026/09/03 09:50:56 - __main__ - INFO - 117 - trainer - Epoch: 300
2026/09/03 09:50:56 - __main__ - INFO - 162 - trainer - [0/190] Loss: 1.0662
2026/09/03 09:51:01 - __main__ - INFO - 162 - trainer - [39/190] Loss: 1.0489
2026/09/03 09:51:07 - __main__ - INFO - 162 - trainer - [78/190] Loss: 1.0747
2026/09/03 09:51:13 - __main__ - INFO - 162 - trainer - [117/190] Loss: 1.0536
2026/09/03 09:51:18 - __main__ - INFO - 162 - trainer - [156/190] Loss: 1.0726
2026/09/03 09:51:23 - __main__ - INFO - 167 - trainer - Average loss in epoch 300: 1.0601
2026/09/03 09:51:23 - __main__ - INFO - 173 - trainer - start predicting: 2026-09-03 09:51:23.394359
2026/09/03 09:51:25 - __main__ - INFO - 117 - trainer - Epoch: 301
2026/09/03 09:51:26 - __main__ - INFO - 162 - trainer - [0/190] Loss: 1.0588
2026/09/03 09:51:31 - __main__ - INFO - 162 - trainer - [39/190] Loss: 1.0384
2026/09/03 09:51:37 - __main__ - INFO - 162 - trainer - [78/190] Loss: 1.0871
2026/09/03 09:51:43 - __main__ - INFO - 162 - trainer - [117/190] Loss: 1.0324
2026/09/03 09:51:48 - __main__ - INFO - 162 - trainer - [156/190] Loss: 1.0632
2026/09/03 09:51:53 - __main__ - INFO - 167 - trainer - Average loss in epoch 301: 1.0592
2026/09/03 09:51:53 - __main__ - INFO - 117 - trainer - Epoch: 302
2026/09/03 09:51:53 - __main__ - INFO - 162 - trainer - [0/190] Loss: 1.0301
2026/09/03 09:51:59 - __main__ - INFO - 162 - trainer - [39/190] Loss: 1.0464
2026/09/03 09:52:04 - __main__ - INFO - 162 - trainer - [78/190] Loss: 1.0561
2026/09/03 09:52:10 - __main__ - INFO - 162 - trainer - [117/190] Loss: 1.0469
2026/09/03 09:52:16 - __main__ - INFO - 162 - trainer - [156/190] Loss: 1.0476
2026/09/03 09:52:20 - __main__ - INFO - 167 - trainer - Average loss in epoch 302: 1.0599
2026/09/03 09:52:20 - __main__ - INFO - 117 - trainer - Epoch: 303
2026/09/03 09:52:21 - __main__ - INFO - 162 - trainer - [0/190] Loss: 1.0600
2026/09/03 09:52:26 - __main__ - INFO - 162 - trainer - [39/190] Loss: 1.0436
2026/09/03 09:52:32 - __main__ - INFO - 162 - trainer - [78/190] Loss: 1.0665
2026/09/03 09:52:37 - __main__ - INFO - 162 - trainer - [117/190] Loss: 1.0769
2026/09/03 09:52:43 - __main__ - INFO - 162 - trainer - [156/190] Loss: 1.0774
2026/09/03 09:52:48 - __main__ - INFO - 167 - trainer - Average loss in epoch 303: 1.0595
2026/09/03 09:52:48 - __main__ - INFO - 117 - trainer - Epoch: 304
2026/09/03 09:52:48 - __main__ - INFO - 162 - trainer - [0/190] Loss: 1.0507
2026/09/03 09:52:54 - __main__ - INFO - 162 - trainer - [39/190] Loss: 1.0441
2026/09/03 09:52:59 - __main__ - INFO - 162 - trainer - [78/190] Loss: 1.0447
2026/09/03 09:53:05 - __main__ - INFO - 162 - trainer - [117/190] Loss: 1.0612
2026/09/03 09:53:10 - __main__ - INFO - 162 - trainer - [156/190] Loss: 1.0816
2026/09/03 09:53:15 - __main__ - INFO - 167 - trainer - Average loss in epoch 304: 1.0601
2026/09/03 09:53:15 - __main__ - INFO - 117 - trainer - Epoch: 305
2026/09/03 09:53:15 - __main__ - INFO - 162 - trainer - [0/190] Loss: 1.0580
2026/09/03 09:53:21 - __main__ - INFO - 162 - trainer - [39/190] Loss: 1.0644
2026/09/03 09:53:26 - __main__ - INFO - 162 - trainer - [78/190] Loss: 1.0552
2026/09/03 09:53:32 - __main__ - INFO - 162 - trainer - [117/190] Loss: 1.0582
2026/09/03 09:53:38 - __main__ - INFO - 162 - trainer - [156/190] Loss: 1.0772
2026/09/03 09:53:43 - __main__ - INFO - 167 - trainer - Average loss in epoch 305: 1.0593
2026/09/03 09:53:43 - __main__ - INFO - 117 - trainer - Epoch: 306
2026/09/03 09:53:43 - __main__ - INFO - 162 - trainer - [0/190] Loss: 1.0427
2026/09/03 09:53:48 - __main__ - INFO - 162 - trainer - [39/190] Loss: 1.0768
2026/09/03 09:53:54 - __main__ - INFO - 162 - trainer - [78/190] Loss: 1.0747
2026/09/03 09:54:00 - __main__ - INFO - 162 - trainer - [117/190] Loss: 1.0486
2026/09/03 09:54:05 - __main__ - INFO - 162 - trainer - [156/190] Loss: 1.0642
2026/09/03 09:54:10 - __main__ - INFO - 167 - trainer - Average loss in epoch 306: 1.0591
2026/09/03 09:54:10 - __main__ - INFO - 117 - trainer - Epoch: 307
2026/09/03 09:54:10 - __main__ - INFO - 162 - trainer - [0/190] Loss: 1.0729
2026/09/03 09:54:16 - __main__ - INFO - 162 - trainer - [39/190] Loss: 1.0530
2026/09/03 09:54:22 - __main__ - INFO - 162 - trainer - [78/190] Loss: 1.0529
2026/09/03 09:54:28 - __main__ - INFO - 162 - trainer - [117/190] Loss: 1.0459
2026/09/03 09:54:34 - __main__ - INFO - 162 - trainer - [156/190] Loss: 1.0481
2026/09/03 09:54:39 - __main__ - INFO - 167 - trainer - Average loss in epoch 307: 1.0591
2026/09/03 09:54:39 - __main__ - INFO - 117 - trainer - Epoch: 308
2026/09/03 09:54:40 - __main__ - INFO - 162 - trainer - [0/190] Loss: 1.0671
2026/09/03 09:54:46 - __main__ - INFO - 162 - trainer - [39/190] Loss: 1.0429
2026/09/03 09:54:53 - __main__ - INFO - 162 - trainer - [78/190] Loss: 1.0581
2026/09/03 09:54:59 - __main__ - INFO - 162 - trainer - [117/190] Loss: 1.0670
2026/09/03 09:55:05 - __main__ - INFO - 162 - trainer - [156/190] Loss: 1.0459
2026/09/03 09:55:10 - __main__ - INFO - 167 - trainer - Average loss in epoch 308: 1.0596
2026/09/03 09:55:10 - __main__ - INFO - 117 - trainer - Epoch: 309
2026/09/03 09:55:10 - __main__ - INFO - 162 - trainer - [0/190] Loss: 1.0500
2026/09/03 09:55:15 - __main__ - INFO - 162 - trainer - [39/190] Loss: 1.0731
2026/09/03 09:55:21 - __main__ - INFO - 162 - trainer - [78/190] Loss: 1.0713
2026/09/03 09:55:27 - __main__ - INFO - 162 - trainer - [117/190] Loss: 1.0659
2026/09/03 09:55:32 - __main__ - INFO - 162 - trainer - [156/190] Loss: 1.0704
2026/09/03 09:55:37 - __main__ - INFO - 167 - trainer - Average loss in epoch 309: 1.0604
2026/09/03 09:55:37 - __main__ - INFO - 117 - trainer - Epoch: 310
2026/09/03 09:55:37 - __main__ - INFO - 162 - trainer - [0/190] Loss: 1.0599
2026/09/03 09:55:42 - __main__ - INFO - 162 - trainer - [39/190] Loss: 1.0524
2026/09/03 09:55:48 - __main__ - INFO - 162 - trainer - [78/190] Loss: 1.0645
2026/09/03 09:55:54 - __main__ - INFO - 162 - trainer - [117/190] Loss: 1.0868
2026/09/03 09:56:00 - __main__ - INFO - 162 - trainer - [156/190] Loss: 1.0406
2026/09/03 09:56:05 - __main__ - INFO - 167 - trainer - Average loss in epoch 310: 1.0591
2026/09/03 09:56:05 - __main__ - INFO - 117 - trainer - Epoch: 311
2026/09/03 09:56:05 - __main__ - INFO - 162 - trainer - [0/190] Loss: 1.0564
2026/09/03 09:56:11 - __main__ - INFO - 162 - trainer - [39/190] Loss: 1.0610
2026/09/03 09:56:17 - __main__ - INFO - 162 - trainer - [78/190] Loss: 1.0450
2026/09/03 09:56:23 - __main__ - INFO - 162 - trainer - [117/190] Loss: 1.0513
2026/09/03 09:56:28 - __main__ - INFO - 162 - trainer - [156/190] Loss: 1.0770
2026/09/03 09:56:33 - __main__ - INFO - 167 - trainer - Average loss in epoch 311: 1.0593
2026/09/03 09:56:33 - __main__ - INFO - 117 - trainer - Epoch: 312
2026/09/03 09:56:33 - __main__ - INFO - 162 - trainer - [0/190] Loss: 1.0312
2026/09/03 09:56:39 - __main__ - INFO - 162 - trainer - [39/190] Loss: 1.0769
2026/09/03 09:56:45 - __main__ - INFO - 162 - trainer - [78/190] Loss: 1.0453
2026/09/03 09:56:51 - __main__ - INFO - 162 - trainer - [117/190] Loss: 1.0512
2026/09/03 09:56:56 - __main__ - INFO - 162 - trainer - [156/190] Loss: 1.0608
2026/09/03 09:57:01 - __main__ - INFO - 167 - trainer - Average loss in epoch 312: 1.0591
2026/09/03 09:57:01 - __main__ - INFO - 117 - trainer - Epoch: 313
2026/09/03 09:57:01 - __main__ - INFO - 162 - trainer - [0/190] Loss: 1.0563
2026/09/03 09:57:07 - __main__ - INFO - 162 - trainer - [39/190] Loss: 1.0715
2026/09/03 09:57:13 - __main__ - INFO - 162 - trainer - [78/190] Loss: 1.0561
2026/09/03 09:57:19 - __main__ - INFO - 162 - trainer - [117/190] Loss: 1.0541
2026/09/03 09:57:24 - __main__ - INFO - 162 - trainer - [156/190] Loss: 1.0637
2026/09/03 09:57:29 - __main__ - INFO - 167 - trainer - Average loss in epoch 313: 1.0598
2026/09/03 09:57:29 - __main__ - INFO - 117 - trainer - Epoch: 314
2026/09/03 09:57:29 - __main__ - INFO - 162 - trainer - [0/190] Loss: 1.0729
2026/09/03 09:57:35 - __main__ - INFO - 162 - trainer - [39/190] Loss: 1.0548
2026/09/03 09:57:41 - __main__ - INFO - 162 - trainer - [78/190] Loss: 1.0433
2026/09/03 09:57:47 - __main__ - INFO - 162 - trainer - [117/190] Loss: 1.0528
2026/09/03 09:57:52 - __main__ - INFO - 162 - trainer - [156/190] Loss: 1.0467
2026/09/03 09:57:58 - __main__ - INFO - 167 - trainer - Average loss in epoch 314: 1.0597
2026/09/03 09:57:58 - __main__ - INFO - 117 - trainer - Epoch: 315
2026/09/03 09:57:58 - __main__ - INFO - 162 - trainer - [0/190] Loss: 1.0603
2026/09/03 09:58:03 - __main__ - INFO - 162 - trainer - [39/190] Loss: 1.0607
2026/09/03 09:58:09 - __main__ - INFO - 162 - trainer - [78/190] Loss: 1.0518
2026/09/03 09:58:15 - __main__ - INFO - 162 - trainer - [117/190] Loss: 1.0878
2026/09/03 09:58:20 - __main__ - INFO - 162 - trainer - [156/190] Loss: 1.0667
2026/09/03 09:58:25 - __main__ - INFO - 167 - trainer - Average loss in epoch 315: 1.0586
2026/09/03 09:58:25 - __main__ - INFO - 117 - trainer - Epoch: 316
2026/09/03 09:58:25 - __main__ - INFO - 162 - trainer - [0/190] Loss: 1.0413
2026/09/03 09:58:31 - __main__ - INFO - 162 - trainer - [39/190] Loss: 1.0580
2026/09/03 09:58:37 - __main__ - INFO - 162 - trainer - [78/190] Loss: 1.0611
2026/09/03 09:58:43 - __main__ - INFO - 162 - trainer - [117/190] Loss: 1.0353
2026/09/03 09:58:48 - __main__ - INFO - 162 - trainer - [156/190] Loss: 1.0630
2026/09/03 09:58:53 - __main__ - INFO - 167 - trainer - Average loss in epoch 316: 1.0595
2026/09/03 09:58:53 - __main__ - INFO - 117 - trainer - Epoch: 317
2026/09/03 09:58:53 - __main__ - INFO - 162 - trainer - [0/190] Loss: 1.0717
2026/09/03 09:58:59 - __main__ - INFO - 162 - trainer - [39/190] Loss: 1.0224
2026/09/03 09:59:05 - __main__ - INFO - 162 - trainer - [78/190] Loss: 1.0580
2026/09/03 09:59:11 - __main__ - INFO - 162 - trainer - [117/190] Loss: 1.0613
2026/09/03 09:59:17 - __main__ - INFO - 162 - trainer - [156/190] Loss: 1.0511
2026/09/03 09:59:21 - __main__ - INFO - 167 - trainer - Average loss in epoch 317: 1.0599
2026/09/03 09:59:21 - __main__ - INFO - 117 - trainer - Epoch: 318
2026/09/03 09:59:22 - __main__ - INFO - 162 - trainer - [0/190] Loss: 1.0401
2026/09/03 09:59:27 - __main__ - INFO - 162 - trainer - [39/190] Loss: 1.0639
2026/09/03 09:59:33 - __main__ - INFO - 162 - trainer - [78/190] Loss: 1.0579
2026/09/03 09:59:39 - __main__ - INFO - 162 - trainer - [117/190] Loss: 1.0641
2026/09/03 09:59:44 - __main__ - INFO - 162 - trainer - [156/190] Loss: 1.0581
2026/09/03 09:59:49 - __main__ - INFO - 167 - trainer - Average loss in epoch 318: 1.0596
2026/09/03 09:59:49 - __main__ - INFO - 117 - trainer - Epoch: 319
2026/09/03 09:59:49 - __main__ - INFO - 162 - trainer - [0/190] Loss: 1.0742
2026/09/03 09:59:55 - __main__ - INFO - 162 - trainer - [39/190] Loss: 1.0574
2026/09/03 10:00:01 - __main__ - INFO - 162 - trainer - [78/190] Loss: 1.0603
2026/09/03 10:00:07 - __main__ - INFO - 162 - trainer - [117/190] Loss: 1.0756
2026/09/03 10:00:13 - __main__ - INFO - 162 - trainer - [156/190] Loss: 1.0634
2026/09/03 10:00:18 - __main__ - INFO - 167 - trainer - Average loss in epoch 319: 1.0595
2026/09/03 10:00:18 - __main__ - INFO - 117 - trainer - Epoch: 320
2026/09/03 10:00:18 - __main__ - INFO - 162 - trainer - [0/190] Loss: 1.0659
2026/09/03 10:00:24 - __main__ - INFO - 162 - trainer - [39/190] Loss: 1.0714
2026/09/03 10:00:29 - __main__ - INFO - 162 - trainer - [78/190] Loss: 1.0615
2026/09/03 10:00:35 - __main__ - INFO - 162 - trainer - [117/190] Loss: 1.0661
2026/09/03 10:00:41 - __main__ - INFO - 162 - trainer - [156/190] Loss: 1.0697
2026/09/03 10:00:46 - __main__ - INFO - 167 - trainer - Average loss in epoch 320: 1.0601
2026/09/03 10:00:46 - __main__ - INFO - 173 - trainer - start predicting: 2026-09-03 10:00:46.358317
2026/09/03 10:00:48 - __main__ - INFO - 203 - trainer - {'Best_HR@5': np.float64(9.0959), 'Best_HR@10': np.float64(16.7144), 'Best_HR@20': np.float64(27.4586), 'Best_NDCG@5': np.float64(5.5056), 'Best_NDCG@10': np.float64(7.8238), 'Best_NDCG@20': np.float64(10.5825)}
2026/09/03 10:00:48 - __main__ - INFO - 204 - trainer - {'Best_epoch_HR@5': 60, 'Best_epoch_HR@10': 120, 'Best_epoch_HR@20': 320, 'Best_epoch_NDCG@5': 60, 'Best_epoch_NDCG@10': 100, 'Best_epoch_NDCG@20': 280}
2026/09/03 10:00:48 - __main__ - INFO - 117 - trainer - Epoch: 321
2026/09/03 10:00:49 - __main__ - INFO - 162 - trainer - [0/190] Loss: 1.0389
2026/09/03 10:00:54 - __main__ - INFO - 162 - trainer - [39/190] Loss: 1.0480
2026/09/03 10:01:00 - __main__ - INFO - 162 - trainer - [78/190] Loss: 1.0633
2026/09/03 10:01:06 - __main__ - INFO - 162 - trainer - [117/190] Loss: 1.0648
2026/09/03 10:01:12 - __main__ - INFO - 162 - trainer - [156/190] Loss: 1.0646
2026/09/03 10:01:17 - __main__ - INFO - 167 - trainer - Average loss in epoch 321: 1.0602
2026/09/03 10:01:17 - __main__ - INFO - 117 - trainer - Epoch: 322
2026/09/03 10:01:17 - __main__ - INFO - 162 - trainer - [0/190] Loss: 1.0604
2026/09/03 10:01:23 - __main__ - INFO - 162 - trainer - [39/190] Loss: 1.0322
2026/09/03 10:01:30 - __main__ - INFO - 162 - trainer - [78/190] Loss: 1.0619
2026/09/03 10:01:37 - __main__ - INFO - 162 - trainer - [117/190] Loss: 1.0652
2026/09/03 10:01:44 - __main__ - INFO - 162 - trainer - [156/190] Loss: 1.0604
2026/09/03 10:01:49 - __main__ - INFO - 167 - trainer - Average loss in epoch 322: 1.0597
2026/09/03 10:01:49 - __main__ - INFO - 117 - trainer - Epoch: 323
2026/09/03 10:01:50 - __main__ - INFO - 162 - trainer - [0/190] Loss: 1.0621
2026/09/03 10:01:56 - __main__ - INFO - 162 - trainer - [39/190] Loss: 1.0589
2026/09/03 10:02:01 - __main__ - INFO - 162 - trainer - [78/190] Loss: 1.0455
2026/09/03 10:02:07 - __main__ - INFO - 162 - trainer - [117/190] Loss: 1.0636
2026/09/03 10:02:13 - __main__ - INFO - 162 - trainer - [156/190] Loss: 1.0547
2026/09/03 10:02:18 - __main__ - INFO - 167 - trainer - Average loss in epoch 323: 1.0593
2026/09/03 10:02:18 - __main__ - INFO - 117 - trainer - Epoch: 324
2026/09/03 10:02:18 - __main__ - INFO - 162 - trainer - [0/190] Loss: 1.0732
2026/09/03 10:02:24 - __main__ - INFO - 162 - trainer - [39/190] Loss: 1.0959
2026/09/03 10:02:30 - __main__ - INFO - 162 - trainer - [78/190] Loss: 1.0607
2026/09/03 10:02:36 - __main__ - INFO - 162 - trainer - [117/190] Loss: 1.0588
2026/09/03 10:02:41 - __main__ - INFO - 162 - trainer - [156/190] Loss: 1.0499
2026/09/03 10:02:46 - __main__ - INFO - 167 - trainer - Average loss in epoch 324: 1.0595
2026/09/03 10:02:46 - __main__ - INFO - 117 - trainer - Epoch: 325
2026/09/03 10:02:46 - __main__ - INFO - 162 - trainer - [0/190] Loss: 1.0593
2026/09/03 10:02:52 - __main__ - INFO - 162 - trainer - [39/190] Loss: 1.0597
2026/09/03 10:02:58 - __main__ - INFO - 162 - trainer - [78/190] Loss: 1.0786
2026/09/03 10:03:04 - __main__ - INFO - 162 - trainer - [117/190] Loss: 1.0793
2026/09/03 10:03:09 - __main__ - INFO - 162 - trainer - [156/190] Loss: 1.0574
2026/09/03 10:03:14 - __main__ - INFO - 167 - trainer - Average loss in epoch 325: 1.0599
2026/09/03 10:03:14 - __main__ - INFO - 117 - trainer - Epoch: 326
2026/09/03 10:03:15 - __main__ - INFO - 162 - trainer - [0/190] Loss: 1.0566
2026/09/03 10:03:20 - __main__ - INFO - 162 - trainer - [39/190] Loss: 1.0580
2026/09/03 10:03:26 - __main__ - INFO - 162 - trainer - [78/190] Loss: 1.0663
2026/09/03 10:03:32 - __main__ - INFO - 162 - trainer - [117/190] Loss: 1.0582
2026/09/03 10:03:37 - __main__ - INFO - 162 - trainer - [156/190] Loss: 1.0586
2026/09/03 10:03:42 - __main__ - INFO - 167 - trainer - Average loss in epoch 326: 1.0593
2026/09/03 10:03:42 - __main__ - INFO - 117 - trainer - Epoch: 327
2026/09/03 10:03:42 - __main__ - INFO - 162 - trainer - [0/190] Loss: 1.0617
2026/09/03 10:03:48 - __main__ - INFO - 162 - trainer - [39/190] Loss: 1.0470
2026/09/03 10:03:54 - __main__ - INFO - 162 - trainer - [78/190] Loss: 1.0532
2026/09/03 10:04:00 - __main__ - INFO - 162 - trainer - [117/190] Loss: 1.0439
2026/09/03 10:04:05 - __main__ - INFO - 162 - trainer - [156/190] Loss: 1.0627
2026/09/03 10:04:10 - __main__ - INFO - 167 - trainer - Average loss in epoch 327: 1.0597
2026/09/03 10:04:10 - __main__ - INFO - 117 - trainer - Epoch: 328
2026/09/03 10:04:11 - __main__ - INFO - 162 - trainer - [0/190] Loss: 1.0469
2026/09/03 10:04:17 - __main__ - INFO - 162 - trainer - [39/190] Loss: 1.0703
2026/09/03 10:04:24 - __main__ - INFO - 162 - trainer - [78/190] Loss: 1.0574
2026/09/03 10:04:31 - __main__ - INFO - 162 - trainer - [117/190] Loss: 1.0549
2026/09/03 10:04:38 - __main__ - INFO - 162 - trainer - [156/190] Loss: 1.0743
2026/09/03 10:04:43 - __main__ - INFO - 167 - trainer - Average loss in epoch 328: 1.0589
2026/09/03 10:04:43 - __main__ - INFO - 117 - trainer - Epoch: 329
2026/09/03 10:04:44 - __main__ - INFO - 162 - trainer - [0/190] Loss: 1.0906
2026/09/03 10:04:50 - __main__ - INFO - 162 - trainer - [39/190] Loss: 1.0695
2026/09/03 10:04:57 - __main__ - INFO - 162 - trainer - [78/190] Loss: 1.0423
2026/09/03 10:05:04 - __main__ - INFO - 162 - trainer - [117/190] Loss: 1.0629
2026/09/03 10:05:10 - __main__ - INFO - 162 - trainer - [156/190] Loss: 1.0831
2026/09/03 10:05:15 - __main__ - INFO - 167 - trainer - Average loss in epoch 329: 1.0598
2026/09/03 10:05:15 - __main__ - INFO - 117 - trainer - Epoch: 330
2026/09/03 10:05:15 - __main__ - INFO - 162 - trainer - [0/190] Loss: 1.0571
2026/09/03 10:05:21 - __main__ - INFO - 162 - trainer - [39/190] Loss: 1.0632
2026/09/03 10:05:27 - __main__ - INFO - 162 - trainer - [78/190] Loss: 1.0637
2026/09/03 10:05:32 - __main__ - INFO - 162 - trainer - [117/190] Loss: 1.0552
2026/09/03 10:05:38 - __main__ - INFO - 162 - trainer - [156/190] Loss: 1.0942
2026/09/03 10:05:43 - __main__ - INFO - 167 - trainer - Average loss in epoch 330: 1.0587
2026/09/03 10:05:43 - __main__ - INFO - 117 - trainer - Epoch: 331
2026/09/03 10:05:43 - __main__ - INFO - 162 - trainer - [0/190] Loss: 1.0700
2026/09/03 10:05:49 - __main__ - INFO - 162 - trainer - [39/190] Loss: 1.0673
2026/09/03 10:05:55 - __main__ - INFO - 162 - trainer - [78/190] Loss: 1.0623
2026/09/03 10:06:00 - __main__ - INFO - 162 - trainer - [117/190] Loss: 1.0656
2026/09/03 10:06:06 - __main__ - INFO - 162 - trainer - [156/190] Loss: 1.0633
2026/09/03 10:06:11 - __main__ - INFO - 167 - trainer - Average loss in epoch 331: 1.0603
2026/09/03 10:06:11 - __main__ - INFO - 117 - trainer - Epoch: 332
2026/09/03 10:06:11 - __main__ - INFO - 162 - trainer - [0/190] Loss: 1.0480
2026/09/03 10:06:17 - __main__ - INFO - 162 - trainer - [39/190] Loss: 1.0851
2026/09/03 10:06:22 - __main__ - INFO - 162 - trainer - [78/190] Loss: 1.0753
2026/09/03 10:06:28 - __main__ - INFO - 162 - trainer - [117/190] Loss: 1.0667
2026/09/03 10:06:34 - __main__ - INFO - 162 - trainer - [156/190] Loss: 1.0681
2026/09/03 10:06:39 - __main__ - INFO - 167 - trainer - Average loss in epoch 332: 1.0591
2026/09/03 10:06:39 - __main__ - INFO - 117 - trainer - Epoch: 333
2026/09/03 10:06:39 - __main__ - INFO - 162 - trainer - [0/190] Loss: 1.0391
2026/09/03 10:06:45 - __main__ - INFO - 162 - trainer - [39/190] Loss: 1.0768
2026/09/03 10:06:50 - __main__ - INFO - 162 - trainer - [78/190] Loss: 1.0518
2026/09/03 10:06:56 - __main__ - INFO - 162 - trainer - [117/190] Loss: 1.0675
2026/09/03 10:07:02 - __main__ - INFO - 162 - trainer - [156/190] Loss: 1.0509
2026/09/03 10:07:07 - __main__ - INFO - 167 - trainer - Average loss in epoch 333: 1.0591
2026/09/03 10:07:07 - __main__ - INFO - 117 - trainer - Epoch: 334
2026/09/03 10:07:07 - __main__ - INFO - 162 - trainer - [0/190] Loss: 1.0711
2026/09/03 10:07:13 - __main__ - INFO - 162 - trainer - [39/190] Loss: 1.0419
2026/09/03 10:07:18 - __main__ - INFO - 162 - trainer - [78/190] Loss: 1.0700
2026/09/03 10:07:24 - __main__ - INFO - 162 - trainer - [117/190] Loss: 1.0595
2026/09/03 10:07:30 - __main__ - INFO - 162 - trainer - [156/190] Loss: 1.0655
2026/09/03 10:07:35 - __main__ - INFO - 167 - trainer - Average loss in epoch 334: 1.0588
2026/09/03 10:07:35 - __main__ - INFO - 117 - trainer - Epoch: 335
2026/09/03 10:07:35 - __main__ - INFO - 162 - trainer - [0/190] Loss: 1.0713
2026/09/03 10:07:41 - __main__ - INFO - 162 - trainer - [39/190] Loss: 1.0504
2026/09/03 10:07:46 - __main__ - INFO - 162 - trainer - [78/190] Loss: 1.0537
2026/09/03 10:07:52 - __main__ - INFO - 162 - trainer - [117/190] Loss: 1.0563
2026/09/03 10:07:58 - __main__ - INFO - 162 - trainer - [156/190] Loss: 1.0798
2026/09/03 10:08:03 - __main__ - INFO - 167 - trainer - Average loss in epoch 335: 1.0597
2026/09/03 10:08:03 - __main__ - INFO - 117 - trainer - Epoch: 336
2026/09/03 10:08:03 - __main__ - INFO - 162 - trainer - [0/190] Loss: 1.0602
2026/09/03 10:08:09 - __main__ - INFO - 162 - trainer - [39/190] Loss: 1.0528
2026/09/03 10:08:15 - __main__ - INFO - 162 - trainer - [78/190] Loss: 1.0503
2026/09/03 10:08:20 - __main__ - INFO - 162 - trainer - [117/190] Loss: 1.0538
2026/09/03 10:08:26 - __main__ - INFO - 162 - trainer - [156/190] Loss: 1.0435
2026/09/03 10:08:31 - __main__ - INFO - 167 - trainer - Average loss in epoch 336: 1.0598
2026/09/03 10:08:31 - __main__ - INFO - 117 - trainer - Epoch: 337
2026/09/03 10:08:31 - __main__ - INFO - 162 - trainer - [0/190] Loss: 1.0511
2026/09/03 10:08:37 - __main__ - INFO - 162 - trainer - [39/190] Loss: 1.0354
2026/09/03 10:08:43 - __main__ - INFO - 162 - trainer - [78/190] Loss: 1.0499
2026/09/03 10:08:49 - __main__ - INFO - 162 - trainer - [117/190] Loss: 1.0578
2026/09/03 10:08:54 - __main__ - INFO - 162 - trainer - [156/190] Loss: 1.0546
2026/09/03 10:08:59 - __main__ - INFO - 167 - trainer - Average loss in epoch 337: 1.0598
2026/09/03 10:08:59 - __main__ - INFO - 117 - trainer - Epoch: 338
2026/09/03 10:08:59 - __main__ - INFO - 162 - trainer - [0/190] Loss: 1.0542
2026/09/03 10:09:05 - __main__ - INFO - 162 - trainer - [39/190] Loss: 1.0535
2026/09/03 10:09:11 - __main__ - INFO - 162 - trainer - [78/190] Loss: 1.0601
2026/09/03 10:09:16 - __main__ - INFO - 162 - trainer - [117/190] Loss: 1.0591
2026/09/03 10:09:22 - __main__ - INFO - 162 - trainer - [156/190] Loss: 1.0475
2026/09/03 10:09:27 - __main__ - INFO - 167 - trainer - Average loss in epoch 338: 1.0598
2026/09/03 10:09:27 - __main__ - INFO - 117 - trainer - Epoch: 339
2026/09/03 10:09:27 - __main__ - INFO - 162 - trainer - [0/190] Loss: 1.0671
2026/09/03 10:09:33 - __main__ - INFO - 162 - trainer - [39/190] Loss: 1.0667
2026/09/03 10:09:39 - __main__ - INFO - 162 - trainer - [78/190] Loss: 1.0589
2026/09/03 10:09:45 - __main__ - INFO - 162 - trainer - [117/190] Loss: 1.0876
2026/09/03 10:09:50 - __main__ - INFO - 162 - trainer - [156/190] Loss: 1.0721
2026/09/03 10:09:55 - __main__ - INFO - 167 - trainer - Average loss in epoch 339: 1.0597
2026/09/03 10:09:55 - __main__ - INFO - 117 - trainer - Epoch: 340
2026/09/03 10:09:55 - __main__ - INFO - 162 - trainer - [0/190] Loss: 1.0609
2026/09/03 10:10:01 - __main__ - INFO - 162 - trainer - [39/190] Loss: 1.0359
2026/09/03 10:10:07 - __main__ - INFO - 162 - trainer - [78/190] Loss: 1.0604
2026/09/03 10:10:13 - __main__ - INFO - 162 - trainer - [117/190] Loss: 1.0628
2026/09/03 10:10:18 - __main__ - INFO - 162 - trainer - [156/190] Loss: 1.0497
2026/09/03 10:10:23 - __main__ - INFO - 167 - trainer - Average loss in epoch 340: 1.0595
2026/09/03 10:10:23 - __main__ - INFO - 173 - trainer - start predicting: 2026-09-03 10:10:23.663593
2026/09/03 10:10:26 - __main__ - INFO - 117 - trainer - Epoch: 341
2026/09/03 10:10:26 - __main__ - INFO - 162 - trainer - [0/190] Loss: 1.0658
2026/09/03 10:10:32 - __main__ - INFO - 162 - trainer - [39/190] Loss: 1.0428
2026/09/03 10:10:37 - __main__ - INFO - 162 - trainer - [78/190] Loss: 1.0869
2026/09/03 10:10:43 - __main__ - INFO - 162 - trainer - [117/190] Loss: 1.0729
2026/09/03 10:10:49 - __main__ - INFO - 162 - trainer - [156/190] Loss: 1.0500
2026/09/03 10:10:54 - __main__ - INFO - 167 - trainer - Average loss in epoch 341: 1.0598
2026/09/03 10:10:54 - __main__ - INFO - 117 - trainer - Epoch: 342
2026/09/03 10:10:54 - __main__ - INFO - 162 - trainer - [0/190] Loss: 1.0429
2026/09/03 10:11:00 - __main__ - INFO - 162 - trainer - [39/190] Loss: 1.0788
2026/09/03 10:11:06 - __main__ - INFO - 162 - trainer - [78/190] Loss: 1.0537
2026/09/03 10:11:11 - __main__ - INFO - 162 - trainer - [117/190] Loss: 1.0568
2026/09/03 10:11:17 - __main__ - INFO - 162 - trainer - [156/190] Loss: 1.0864
2026/09/03 10:11:22 - __main__ - INFO - 167 - trainer - Average loss in epoch 342: 1.0599
2026/09/03 10:11:22 - __main__ - INFO - 117 - trainer - Epoch: 343
2026/09/03 10:11:22 - __main__ - INFO - 162 - trainer - [0/190] Loss: 1.0784
2026/09/03 10:11:28 - __main__ - INFO - 162 - trainer - [39/190] Loss: 1.0757
2026/09/03 10:11:34 - __main__ - INFO - 162 - trainer - [78/190] Loss: 1.0503
2026/09/03 10:11:40 - __main__ - INFO - 162 - trainer - [117/190] Loss: 1.0586
2026/09/03 10:11:46 - __main__ - INFO - 162 - trainer - [156/190] Loss: 1.0509
2026/09/03 10:11:51 - __main__ - INFO - 167 - trainer - Average loss in epoch 343: 1.0594
2026/09/03 10:11:51 - __main__ - INFO - 117 - trainer - Epoch: 344
2026/09/03 10:11:51 - __main__ - INFO - 162 - trainer - [0/190] Loss: 1.0483
2026/09/03 10:11:57 - __main__ - INFO - 162 - trainer - [39/190] Loss: 1.0660
2026/09/03 10:12:03 - __main__ - INFO - 162 - trainer - [78/190] Loss: 1.0750
2026/09/03 10:12:08 - __main__ - INFO - 162 - trainer - [117/190] Loss: 1.0442
2026/09/03 10:12:14 - __main__ - INFO - 162 - trainer - [156/190] Loss: 1.0644
2026/09/03 10:12:19 - __main__ - INFO - 167 - trainer - Average loss in epoch 344: 1.0601
2026/09/03 10:12:19 - __main__ - INFO - 117 - trainer - Epoch: 345
2026/09/03 10:12:19 - __main__ - INFO - 162 - trainer - [0/190] Loss: 1.0456
2026/09/03 10:12:25 - __main__ - INFO - 162 - trainer - [39/190] Loss: 1.0607
2026/09/03 10:12:31 - __main__ - INFO - 162 - trainer - [78/190] Loss: 1.0707
2026/09/03 10:12:37 - __main__ - INFO - 162 - trainer - [117/190] Loss: 1.0528
2026/09/03 10:12:42 - __main__ - INFO - 162 - trainer - [156/190] Loss: 1.0580
2026/09/03 10:12:47 - __main__ - INFO - 167 - trainer - Average loss in epoch 345: 1.0596
2026/09/03 10:12:47 - __main__ - INFO - 117 - trainer - Epoch: 346
2026/09/03 10:12:47 - __main__ - INFO - 162 - trainer - [0/190] Loss: 1.0573
2026/09/03 10:12:53 - __main__ - INFO - 162 - trainer - [39/190] Loss: 1.0670
2026/09/03 10:12:59 - __main__ - INFO - 162 - trainer - [78/190] Loss: 1.0743
2026/09/03 10:13:05 - __main__ - INFO - 162 - trainer - [117/190] Loss: 1.0780
2026/09/03 10:13:11 - __main__ - INFO - 162 - trainer - [156/190] Loss: 1.0763
2026/09/03 10:13:15 - __main__ - INFO - 167 - trainer - Average loss in epoch 346: 1.0592
2026/09/03 10:13:15 - __main__ - INFO - 117 - trainer - Epoch: 347
2026/09/03 10:13:16 - __main__ - INFO - 162 - trainer - [0/190] Loss: 1.0559
2026/09/03 10:13:21 - __main__ - INFO - 162 - trainer - [39/190] Loss: 1.0545
2026/09/03 10:13:27 - __main__ - INFO - 162 - trainer - [78/190] Loss: 1.0301
2026/09/03 10:13:33 - __main__ - INFO - 162 - trainer - [117/190] Loss: 1.0587
2026/09/03 10:13:38 - __main__ - INFO - 162 - trainer - [156/190] Loss: 1.0862
2026/09/03 10:13:43 - __main__ - INFO - 167 - trainer - Average loss in epoch 347: 1.0598
2026/09/03 10:13:43 - __main__ - INFO - 117 - trainer - Epoch: 348
2026/09/03 10:13:43 - __main__ - INFO - 162 - trainer - [0/190] Loss: 1.0476
2026/09/03 10:13:49 - __main__ - INFO - 162 - trainer - [39/190] Loss: 1.0564
2026/09/03 10:13:55 - __main__ - INFO - 162 - trainer - [78/190] Loss: 1.0547
2026/09/03 10:14:01 - __main__ - INFO - 162 - trainer - [117/190] Loss: 1.0407
2026/09/03 10:14:07 - __main__ - INFO - 162 - trainer - [156/190] Loss: 1.0509
2026/09/03 10:14:12 - __main__ - INFO - 167 - trainer - Average loss in epoch 348: 1.0595
2026/09/03 10:14:12 - __main__ - INFO - 117 - trainer - Epoch: 349
2026/09/03 10:14:12 - __main__ - INFO - 162 - trainer - [0/190] Loss: 1.0820
2026/09/03 10:14:17 - __main__ - INFO - 162 - trainer - [39/190] Loss: 1.0470
2026/09/03 10:14:23 - __main__ - INFO - 162 - trainer - [78/190] Loss: 1.0487
2026/09/03 10:14:29 - __main__ - INFO - 162 - trainer - [117/190] Loss: 1.0442
2026/09/03 10:14:35 - __main__ - INFO - 162 - trainer - [156/190] Loss: 1.1001
2026/09/03 10:14:40 - __main__ - INFO - 167 - trainer - Average loss in epoch 349: 1.0595
2026/09/03 10:14:40 - __main__ - INFO - 117 - trainer - Epoch: 350
2026/09/03 10:14:40 - __main__ - INFO - 162 - trainer - [0/190] Loss: 1.0569
2026/09/03 10:14:45 - __main__ - INFO - 162 - trainer - [39/190] Loss: 1.0433
2026/09/03 10:14:51 - __main__ - INFO - 162 - trainer - [78/190] Loss: 1.0453
2026/09/03 10:14:57 - __main__ - INFO - 162 - trainer - [117/190] Loss: 1.0532
2026/09/03 10:15:02 - __main__ - INFO - 162 - trainer - [156/190] Loss: 1.0841
2026/09/03 10:15:07 - __main__ - INFO - 167 - trainer - Average loss in epoch 350: 1.0592
2026/09/03 10:15:07 - __main__ - INFO - 117 - trainer - Epoch: 351
2026/09/03 10:15:07 - __main__ - INFO - 162 - trainer - [0/190] Loss: 1.0575
2026/09/03 10:15:13 - __main__ - INFO - 162 - trainer - [39/190] Loss: 1.0474
2026/09/03 10:15:19 - __main__ - INFO - 162 - trainer - [78/190] Loss: 1.0218
2026/09/03 10:15:24 - __main__ - INFO - 162 - trainer - [117/190] Loss: 1.0508
2026/09/03 10:15:30 - __main__ - INFO - 162 - trainer - [156/190] Loss: 1.0693
2026/09/03 10:15:35 - __main__ - INFO - 167 - trainer - Average loss in epoch 351: 1.0591
2026/09/03 10:15:35 - __main__ - INFO - 117 - trainer - Epoch: 352
2026/09/03 10:15:35 - __main__ - INFO - 162 - trainer - [0/190] Loss: 1.0652
2026/09/03 10:15:41 - __main__ - INFO - 162 - trainer - [39/190] Loss: 1.0667
2026/09/03 10:15:46 - __main__ - INFO - 162 - trainer - [78/190] Loss: 1.0490
2026/09/03 10:15:52 - __main__ - INFO - 162 - trainer - [117/190] Loss: 1.0679
2026/09/03 10:15:58 - __main__ - INFO - 162 - trainer - [156/190] Loss: 1.0859
2026/09/03 10:16:03 - __main__ - INFO - 167 - trainer - Average loss in epoch 352: 1.0598
2026/09/03 10:16:03 - __main__ - INFO - 117 - trainer - Epoch: 353
2026/09/03 10:16:03 - __main__ - INFO - 162 - trainer - [0/190] Loss: 1.0808
2026/09/03 10:16:09 - __main__ - INFO - 162 - trainer - [39/190] Loss: 1.0684
2026/09/03 10:16:15 - __main__ - INFO - 162 - trainer - [78/190] Loss: 1.0658
2026/09/03 10:16:20 - __main__ - INFO - 162 - trainer - [117/190] Loss: 1.0702
2026/09/03 10:16:26 - __main__ - INFO - 162 - trainer - [156/190] Loss: 1.0639
2026/09/03 10:16:31 - __main__ - INFO - 167 - trainer - Average loss in epoch 353: 1.0591
2026/09/03 10:16:31 - __main__ - INFO - 117 - trainer - Epoch: 354
2026/09/03 10:16:31 - __main__ - INFO - 162 - trainer - [0/190] Loss: 1.0715
2026/09/03 10:16:37 - __main__ - INFO - 162 - trainer - [39/190] Loss: 1.0726
2026/09/03 10:16:43 - __main__ - INFO - 162 - trainer - [78/190] Loss: 1.0676
2026/09/03 10:16:48 - __main__ - INFO - 162 - trainer - [117/190] Loss: 1.0471
2026/09/03 10:16:54 - __main__ - INFO - 162 - trainer - [156/190] Loss: 1.0509
2026/09/03 10:16:59 - __main__ - INFO - 167 - trainer - Average loss in epoch 354: 1.0590
2026/09/03 10:16:59 - __main__ - INFO - 117 - trainer - Epoch: 355
2026/09/03 10:16:59 - __main__ - INFO - 162 - trainer - [0/190] Loss: 1.0857
2026/09/03 10:17:05 - __main__ - INFO - 162 - trainer - [39/190] Loss: 1.0599
2026/09/03 10:17:10 - __main__ - INFO - 162 - trainer - [78/190] Loss: 1.0592
2026/09/03 10:17:16 - __main__ - INFO - 162 - trainer - [117/190] Loss: 1.0719
2026/09/03 10:17:22 - __main__ - INFO - 162 - trainer - [156/190] Loss: 1.0592
2026/09/03 10:17:27 - __main__ - INFO - 167 - trainer - Average loss in epoch 355: 1.0594
2026/09/03 10:17:27 - __main__ - INFO - 117 - trainer - Epoch: 356
2026/09/03 10:17:27 - __main__ - INFO - 162 - trainer - [0/190] Loss: 1.0336
2026/09/03 10:17:33 - __main__ - INFO - 162 - trainer - [39/190] Loss: 1.0742
2026/09/03 10:17:39 - __main__ - INFO - 162 - trainer - [78/190] Loss: 1.0767
2026/09/03 10:17:45 - __main__ - INFO - 162 - trainer - [117/190] Loss: 1.0630
2026/09/03 10:17:50 - __main__ - INFO - 162 - trainer - [156/190] Loss: 1.0360
2026/09/03 10:17:55 - __main__ - INFO - 167 - trainer - Average loss in epoch 356: 1.0596
2026/09/03 10:17:55 - __main__ - INFO - 117 - trainer - Epoch: 357
2026/09/03 10:17:55 - __main__ - INFO - 162 - trainer - [0/190] Loss: 1.0538
2026/09/03 10:18:01 - __main__ - INFO - 162 - trainer - [39/190] Loss: 1.0620
2026/09/03 10:18:07 - __main__ - INFO - 162 - trainer - [78/190] Loss: 1.0503
2026/09/03 10:18:13 - __main__ - INFO - 162 - trainer - [117/190] Loss: 1.0640
2026/09/03 10:18:19 - __main__ - INFO - 162 - trainer - [156/190] Loss: 1.0504
2026/09/03 10:18:24 - __main__ - INFO - 167 - trainer - Average loss in epoch 357: 1.0593
2026/09/03 10:18:24 - __main__ - INFO - 117 - trainer - Epoch: 358
2026/09/03 10:18:24 - __main__ - INFO - 162 - trainer - [0/190] Loss: 1.0433
2026/09/03 10:18:30 - __main__ - INFO - 162 - trainer - [39/190] Loss: 1.0626
2026/09/03 10:18:35 - __main__ - INFO - 162 - trainer - [78/190] Loss: 1.0435
2026/09/03 10:18:41 - __main__ - INFO - 162 - trainer - [117/190] Loss: 1.0625
2026/09/03 10:18:47 - __main__ - INFO - 162 - trainer - [156/190] Loss: 1.0571
2026/09/03 10:18:52 - __main__ - INFO - 167 - trainer - Average loss in epoch 358: 1.0595
2026/09/03 10:18:52 - __main__ - INFO - 117 - trainer - Epoch: 359
2026/09/03 10:18:52 - __main__ - INFO - 162 - trainer - [0/190] Loss: 1.0545
2026/09/03 10:18:58 - __main__ - INFO - 162 - trainer - [39/190] Loss: 1.0541
2026/09/03 10:19:03 - __main__ - INFO - 162 - trainer - [78/190] Loss: 1.0403
2026/09/03 10:19:09 - __main__ - INFO - 162 - trainer - [117/190] Loss: 1.0661
2026/09/03 10:19:15 - __main__ - INFO - 162 - trainer - [156/190] Loss: 1.0459
2026/09/03 10:19:20 - __main__ - INFO - 167 - trainer - Average loss in epoch 359: 1.0599
2026/09/03 10:19:20 - __main__ - INFO - 117 - trainer - Epoch: 360
2026/09/03 10:19:20 - __main__ - INFO - 162 - trainer - [0/190] Loss: 1.0754
2026/09/03 10:19:26 - __main__ - INFO - 162 - trainer - [39/190] Loss: 1.0627
2026/09/03 10:19:31 - __main__ - INFO - 162 - trainer - [78/190] Loss: 1.0619
2026/09/03 10:19:37 - __main__ - INFO - 162 - trainer - [117/190] Loss: 1.0604
2026/09/03 10:19:43 - __main__ - INFO - 162 - trainer - [156/190] Loss: 1.0808
2026/09/03 10:19:48 - __main__ - INFO - 167 - trainer - Average loss in epoch 360: 1.0591
2026/09/03 10:19:48 - __main__ - INFO - 173 - trainer - start predicting: 2026-09-03 10:19:48.159962
2026/09/03 10:19:50 - __main__ - INFO - 117 - trainer - Epoch: 361
2026/09/03 10:19:50 - __main__ - INFO - 162 - trainer - [0/190] Loss: 1.0425
2026/09/03 10:19:56 - __main__ - INFO - 162 - trainer - [39/190] Loss: 1.0781
2026/09/03 10:20:02 - __main__ - INFO - 162 - trainer - [78/190] Loss: 1.0697
2026/09/03 10:20:08 - __main__ - INFO - 162 - trainer - [117/190] Loss: 1.0799
2026/09/03 10:20:13 - __main__ - INFO - 162 - trainer - [156/190] Loss: 1.0588
2026/09/03 10:20:18 - __main__ - INFO - 167 - trainer - Average loss in epoch 361: 1.0598
2026/09/03 10:20:18 - __main__ - INFO - 117 - trainer - Epoch: 362
2026/09/03 10:20:18 - __main__ - INFO - 162 - trainer - [0/190] Loss: 1.0624
2026/09/03 10:20:24 - __main__ - INFO - 162 - trainer - [39/190] Loss: 1.0436
2026/09/03 10:20:30 - __main__ - INFO - 162 - trainer - [78/190] Loss: 1.0720
2026/09/03 10:20:36 - __main__ - INFO - 162 - trainer - [117/190] Loss: 1.0274
2026/09/03 10:20:42 - __main__ - INFO - 162 - trainer - [156/190] Loss: 1.0577
2026/09/03 10:20:47 - __main__ - INFO - 167 - trainer - Average loss in epoch 362: 1.0590
2026/09/03 10:20:47 - __main__ - INFO - 117 - trainer - Epoch: 363
2026/09/03 10:20:47 - __main__ - INFO - 162 - trainer - [0/190] Loss: 1.0523
2026/09/03 10:20:53 - __main__ - INFO - 162 - trainer - [39/190] Loss: 1.0794
2026/09/03 10:20:58 - __main__ - INFO - 162 - trainer - [78/190] Loss: 1.0710
2026/09/03 10:21:04 - __main__ - INFO - 162 - trainer - [117/190] Loss: 1.0454
2026/09/03 10:21:10 - __main__ - INFO - 162 - trainer - [156/190] Loss: 1.0494
2026/09/03 10:21:15 - __main__ - INFO - 167 - trainer - Average loss in epoch 363: 1.0595
2026/09/03 10:21:15 - __main__ - INFO - 117 - trainer - Epoch: 364
2026/09/03 10:21:15 - __main__ - INFO - 162 - trainer - [0/190] Loss: 1.0481
2026/09/03 10:21:21 - __main__ - INFO - 162 - trainer - [39/190] Loss: 1.0407
2026/09/03 10:21:27 - __main__ - INFO - 162 - trainer - [78/190] Loss: 1.0335
2026/09/03 10:21:32 - __main__ - INFO - 162 - trainer - [117/190] Loss: 1.0510
2026/09/03 10:21:38 - __main__ - INFO - 162 - trainer - [156/190] Loss: 1.0649
2026/09/03 10:21:43 - __main__ - INFO - 167 - trainer - Average loss in epoch 364: 1.0596
2026/09/03 10:21:43 - __main__ - INFO - 117 - trainer - Epoch: 365
2026/09/03 10:21:43 - __main__ - INFO - 162 - trainer - [0/190] Loss: 1.0779
2026/09/03 10:21:49 - __main__ - INFO - 162 - trainer - [39/190] Loss: 1.0611
2026/09/03 10:21:55 - __main__ - INFO - 162 - trainer - [78/190] Loss: 1.0761
2026/09/03 10:22:01 - __main__ - INFO - 162 - trainer - [117/190] Loss: 1.0518
2026/09/03 10:22:07 - __main__ - INFO - 162 - trainer - [156/190] Loss: 1.0450
2026/09/03 10:22:11 - __main__ - INFO - 167 - trainer - Average loss in epoch 365: 1.0595
2026/09/03 10:22:11 - __main__ - INFO - 117 - trainer - Epoch: 366
2026/09/03 10:22:12 - __main__ - INFO - 162 - trainer - [0/190] Loss: 1.0834
2026/09/03 10:22:17 - __main__ - INFO - 162 - trainer - [39/190] Loss: 1.0474
2026/09/03 10:22:23 - __main__ - INFO - 162 - trainer - [78/190] Loss: 1.0422
2026/09/03 10:22:29 - __main__ - INFO - 162 - trainer - [117/190] Loss: 1.0657
2026/09/03 10:22:35 - __main__ - INFO - 162 - trainer - [156/190] Loss: 1.0500
2026/09/03 10:22:40 - __main__ - INFO - 167 - trainer - Average loss in epoch 366: 1.0592
2026/09/03 10:22:40 - __main__ - INFO - 117 - trainer - Epoch: 367
2026/09/03 10:22:40 - __main__ - INFO - 162 - trainer - [0/190] Loss: 1.0606
2026/09/03 10:22:46 - __main__ - INFO - 162 - trainer - [39/190] Loss: 1.0730
2026/09/03 10:22:52 - __main__ - INFO - 162 - trainer - [78/190] Loss: 1.0790
2026/09/03 10:22:57 - __main__ - INFO - 162 - trainer - [117/190] Loss: 1.0396
2026/09/03 10:23:03 - __main__ - INFO - 162 - trainer - [156/190] Loss: 1.0526
2026/09/03 10:23:08 - __main__ - INFO - 167 - trainer - Average loss in epoch 367: 1.0600
2026/09/03 10:23:08 - __main__ - INFO - 117 - trainer - Epoch: 368
2026/09/03 10:23:08 - __main__ - INFO - 162 - trainer - [0/190] Loss: 1.0659
2026/09/03 10:23:14 - __main__ - INFO - 162 - trainer - [39/190] Loss: 1.0530
2026/09/03 10:23:20 - __main__ - INFO - 162 - trainer - [78/190] Loss: 1.0627
2026/09/03 10:23:26 - __main__ - INFO - 162 - trainer - [117/190] Loss: 1.0631
2026/09/03 10:23:31 - __main__ - INFO - 162 - trainer - [156/190] Loss: 1.0839
2026/09/03 10:23:36 - __main__ - INFO - 167 - trainer - Average loss in epoch 368: 1.0592
2026/09/03 10:23:36 - __main__ - INFO - 117 - trainer - Epoch: 369
2026/09/03 10:23:36 - __main__ - INFO - 162 - trainer - [0/190] Loss: 1.0892
2026/09/03 10:23:42 - __main__ - INFO - 162 - trainer - [39/190] Loss: 1.0624
2026/09/03 10:23:48 - __main__ - INFO - 162 - trainer - [78/190] Loss: 1.0491
2026/09/03 10:23:54 - __main__ - INFO - 162 - trainer - [117/190] Loss: 1.0565
2026/09/03 10:24:00 - __main__ - INFO - 162 - trainer - [156/190] Loss: 1.0376
2026/09/03 10:24:05 - __main__ - INFO - 167 - trainer - Average loss in epoch 369: 1.0593
2026/09/03 10:24:05 - __main__ - INFO - 117 - trainer - Epoch: 370
2026/09/03 10:24:05 - __main__ - INFO - 162 - trainer - [0/190] Loss: 1.0505
2026/09/03 10:24:11 - __main__ - INFO - 162 - trainer - [39/190] Loss: 1.0469
2026/09/03 10:24:16 - __main__ - INFO - 162 - trainer - [78/190] Loss: 1.0767
2026/09/03 10:24:22 - __main__ - INFO - 162 - trainer - [117/190] Loss: 1.0511
2026/09/03 10:24:28 - __main__ - INFO - 162 - trainer - [156/190] Loss: 1.0578
2026/09/03 10:24:33 - __main__ - INFO - 167 - trainer - Average loss in epoch 370: 1.0591
2026/09/03 10:24:33 - __main__ - INFO - 117 - trainer - Epoch: 371
2026/09/03 10:24:33 - __main__ - INFO - 162 - trainer - [0/190] Loss: 1.0515
2026/09/03 10:24:39 - __main__ - INFO - 162 - trainer - [39/190] Loss: 1.0617
2026/09/03 10:24:44 - __main__ - INFO - 162 - trainer - [78/190] Loss: 1.0678
2026/09/03 10:24:50 - __main__ - INFO - 162 - trainer - [117/190] Loss: 1.0838
2026/09/03 10:24:56 - __main__ - INFO - 162 - trainer - [156/190] Loss: 1.0558
2026/09/03 10:25:01 - __main__ - INFO - 167 - trainer - Average loss in epoch 371: 1.0591
2026/09/03 10:25:01 - __main__ - INFO - 117 - trainer - Epoch: 372
2026/09/03 10:25:01 - __main__ - INFO - 162 - trainer - [0/190] Loss: 1.0923
2026/09/03 10:25:07 - __main__ - INFO - 162 - trainer - [39/190] Loss: 1.0660
2026/09/03 10:25:12 - __main__ - INFO - 162 - trainer - [78/190] Loss: 1.0622
2026/09/03 10:25:18 - __main__ - INFO - 162 - trainer - [117/190] Loss: 1.0465
2026/09/03 10:25:24 - __main__ - INFO - 162 - trainer - [156/190] Loss: 1.0727
2026/09/03 10:25:29 - __main__ - INFO - 167 - trainer - Average loss in epoch 372: 1.0599
2026/09/03 10:25:29 - __main__ - INFO - 117 - trainer - Epoch: 373
2026/09/03 10:25:29 - __main__ - INFO - 162 - trainer - [0/190] Loss: 1.0696
2026/09/03 10:25:35 - __main__ - INFO - 162 - trainer - [39/190] Loss: 1.0360
2026/09/03 10:25:40 - __main__ - INFO - 162 - trainer - [78/190] Loss: 1.0641
2026/09/03 10:25:46 - __main__ - INFO - 162 - trainer - [117/190] Loss: 1.0506
2026/09/03 10:25:52 - __main__ - INFO - 162 - trainer - [156/190] Loss: 1.0477
2026/09/03 10:25:57 - __main__ - INFO - 167 - trainer - Average loss in epoch 373: 1.0589
2026/09/03 10:25:57 - __main__ - INFO - 117 - trainer - Epoch: 374
2026/09/03 10:25:57 - __main__ - INFO - 162 - trainer - [0/190] Loss: 1.0634
2026/09/03 10:26:03 - __main__ - INFO - 162 - trainer - [39/190] Loss: 1.0535
2026/09/03 10:26:09 - __main__ - INFO - 162 - trainer - [78/190] Loss: 1.0683
2026/09/03 10:26:15 - __main__ - INFO - 162 - trainer - [117/190] Loss: 1.0489
2026/09/03 10:26:20 - __main__ - INFO - 162 - trainer - [156/190] Loss: 1.0731
2026/09/03 10:26:25 - __main__ - INFO - 167 - trainer - Average loss in epoch 374: 1.0597
2026/09/03 10:26:25 - __main__ - INFO - 117 - trainer - Epoch: 375
2026/09/03 10:26:25 - __main__ - INFO - 162 - trainer - [0/190] Loss: 1.0548
2026/09/03 10:26:31 - __main__ - INFO - 162 - trainer - [39/190] Loss: 1.0696
2026/09/03 10:26:37 - __main__ - INFO - 162 - trainer - [78/190] Loss: 1.0503
2026/09/03 10:26:43 - __main__ - INFO - 162 - trainer - [117/190] Loss: 1.0518
2026/09/03 10:26:48 - __main__ - INFO - 162 - trainer - [156/190] Loss: 1.0414
2026/09/03 10:26:53 - __main__ - INFO - 167 - trainer - Average loss in epoch 375: 1.0593
2026/09/03 10:26:53 - __main__ - INFO - 117 - trainer - Epoch: 376
2026/09/03 10:26:54 - __main__ - INFO - 162 - trainer - [0/190] Loss: 1.0770
2026/09/03 10:27:00 - __main__ - INFO - 162 - trainer - [39/190] Loss: 1.0493
2026/09/03 10:27:05 - __main__ - INFO - 162 - trainer - [78/190] Loss: 1.0661
2026/09/03 10:27:11 - __main__ - INFO - 162 - trainer - [117/190] Loss: 1.0706
2026/09/03 10:27:17 - __main__ - INFO - 162 - trainer - [156/190] Loss: 1.0794
2026/09/03 10:27:22 - __main__ - INFO - 167 - trainer - Average loss in epoch 376: 1.0598
2026/09/03 10:27:22 - __main__ - INFO - 117 - trainer - Epoch: 377
2026/09/03 10:27:22 - __main__ - INFO - 162 - trainer - [0/190] Loss: 1.0609
2026/09/03 10:27:28 - __main__ - INFO - 162 - trainer - [39/190] Loss: 1.0488
2026/09/03 10:27:33 - __main__ - INFO - 162 - trainer - [78/190] Loss: 1.0886
2026/09/03 10:27:39 - __main__ - INFO - 162 - trainer - [117/190] Loss: 1.0808
2026/09/03 10:27:45 - __main__ - INFO - 162 - trainer - [156/190] Loss: 1.0335
2026/09/03 10:27:50 - __main__ - INFO - 167 - trainer - Average loss in epoch 377: 1.0596
2026/09/03 10:27:50 - __main__ - INFO - 117 - trainer - Epoch: 378
2026/09/03 10:27:50 - __main__ - INFO - 162 - trainer - [0/190] Loss: 1.0775
2026/09/03 10:27:56 - __main__ - INFO - 162 - trainer - [39/190] Loss: 1.0660
2026/09/03 10:28:02 - __main__ - INFO - 162 - trainer - [78/190] Loss: 1.0453
2026/09/03 10:28:07 - __main__ - INFO - 162 - trainer - [117/190] Loss: 1.0617
2026/09/03 10:28:13 - __main__ - INFO - 162 - trainer - [156/190] Loss: 1.0670
2026/09/03 10:28:18 - __main__ - INFO - 167 - trainer - Average loss in epoch 378: 1.0595
2026/09/03 10:28:18 - __main__ - INFO - 117 - trainer - Epoch: 379
2026/09/03 10:28:18 - __main__ - INFO - 162 - trainer - [0/190] Loss: 1.0793
2026/09/03 10:28:24 - __main__ - INFO - 162 - trainer - [39/190] Loss: 1.0745
2026/09/03 10:28:29 - __main__ - INFO - 162 - trainer - [78/190] Loss: 1.0767
2026/09/03 10:28:35 - __main__ - INFO - 162 - trainer - [117/190] Loss: 1.0404
2026/09/03 10:28:41 - __main__ - INFO - 162 - trainer - [156/190] Loss: 1.0834
2026/09/03 10:28:46 - __main__ - INFO - 167 - trainer - Average loss in epoch 379: 1.0588
2026/09/03 10:28:46 - __main__ - INFO - 117 - trainer - Epoch: 380
2026/09/03 10:28:46 - __main__ - INFO - 162 - trainer - [0/190] Loss: 1.0555
2026/09/03 10:28:52 - __main__ - INFO - 162 - trainer - [39/190] Loss: 1.0728
2026/09/03 10:28:58 - __main__ - INFO - 162 - trainer - [78/190] Loss: 1.0707
2026/09/03 10:29:04 - __main__ - INFO - 162 - trainer - [117/190] Loss: 1.0687
2026/09/03 10:29:09 - __main__ - INFO - 162 - trainer - [156/190] Loss: 1.0553
2026/09/03 10:29:14 - __main__ - INFO - 167 - trainer - Average loss in epoch 380: 1.0595
2026/09/03 10:29:14 - __main__ - INFO - 173 - trainer - start predicting: 2026-09-03 10:29:14.738962
2026/09/03 10:29:17 - __main__ - INFO - 203 - trainer - {'Best_HR@5': np.float64(9.0959), 'Best_HR@10': np.float64(16.8121), 'Best_HR@20': np.float64(27.4586), 'Best_NDCG@5': np.float64(5.5056), 'Best_NDCG@10': np.float64(7.8238), 'Best_NDCG@20': np.float64(10.5825)}
2026/09/03 10:29:17 - __main__ - INFO - 204 - trainer - {'Best_epoch_HR@5': 60, 'Best_epoch_HR@10': 380, 'Best_epoch_HR@20': 320, 'Best_epoch_NDCG@5': 60, 'Best_epoch_NDCG@10': 100, 'Best_epoch_NDCG@20': 280}
2026/09/03 10:29:17 - __main__ - INFO - 117 - trainer - Epoch: 381
2026/09/03 10:29:17 - __main__ - INFO - 162 - trainer - [0/190] Loss: 1.0650
2026/09/03 10:29:23 - __main__ - INFO - 162 - trainer - [39/190] Loss: 1.0725
2026/09/03 10:29:29 - __main__ - INFO - 162 - trainer - [78/190] Loss: 1.0762
2026/09/03 10:29:34 - __main__ - INFO - 162 - trainer - [117/190] Loss: 1.0570
2026/09/03 10:29:40 - __main__ - INFO - 162 - trainer - [156/190] Loss: 1.0537
2026/09/03 10:29:45 - __main__ - INFO - 167 - trainer - Average loss in epoch 381: 1.0591
2026/09/03 10:29:45 - __main__ - INFO - 117 - trainer - Epoch: 382
2026/09/03 10:29:45 - __main__ - INFO - 162 - trainer - [0/190] Loss: 1.0574
2026/09/03 10:29:51 - __main__ - INFO - 162 - trainer - [39/190] Loss: 1.0566
2026/09/03 10:29:57 - __main__ - INFO - 162 - trainer - [78/190] Loss: 1.0646
2026/09/03 10:30:03 - __main__ - INFO - 162 - trainer - [117/190] Loss: 1.0554
2026/09/03 10:30:08 - __main__ - INFO - 162 - trainer - [156/190] Loss: 1.0514
2026/09/03 10:30:13 - __main__ - INFO - 167 - trainer - Average loss in epoch 382: 1.0593
2026/09/03 10:30:13 - __main__ - INFO - 117 - trainer - Epoch: 383
2026/09/03 10:30:13 - __main__ - INFO - 162 - trainer - [0/190] Loss: 1.0627
2026/09/03 10:30:19 - __main__ - INFO - 162 - trainer - [39/190] Loss: 1.0610
2026/09/03 10:30:25 - __main__ - INFO - 162 - trainer - [78/190] Loss: 1.0733
2026/09/03 10:30:31 - __main__ - INFO - 162 - trainer - [117/190] Loss: 1.0552
2026/09/03 10:30:36 - __main__ - INFO - 162 - trainer - [156/190] Loss: 1.0831
2026/09/03 10:30:41 - __main__ - INFO - 167 - trainer - Average loss in epoch 383: 1.0594
2026/09/03 10:30:41 - __main__ - INFO - 117 - trainer - Epoch: 384
2026/09/03 10:30:41 - __main__ - INFO - 162 - trainer - [0/190] Loss: 1.0611
2026/09/03 10:30:47 - __main__ - INFO - 162 - trainer - [39/190] Loss: 1.0358
2026/09/03 10:30:53 - __main__ - INFO - 162 - trainer - [78/190] Loss: 1.0661
2026/09/03 10:30:59 - __main__ - INFO - 162 - trainer - [117/190] Loss: 1.0592
2026/09/03 10:31:04 - __main__ - INFO - 162 - trainer - [156/190] Loss: 1.0747
2026/09/03 10:31:09 - __main__ - INFO - 167 - trainer - Average loss in epoch 384: 1.0595
2026/09/03 10:31:09 - __main__ - INFO - 117 - trainer - Epoch: 385
2026/09/03 10:31:10 - __main__ - INFO - 162 - trainer - [0/190] Loss: 1.0646
2026/09/03 10:31:15 - __main__ - INFO - 162 - trainer - [39/190] Loss: 1.0365
2026/09/03 10:31:21 - __main__ - INFO - 162 - trainer - [78/190] Loss: 1.0631
2026/09/03 10:31:27 - __main__ - INFO - 162 - trainer - [117/190] Loss: 1.0633
2026/09/03 10:31:32 - __main__ - INFO - 162 - trainer - [156/190] Loss: 1.0714
2026/09/03 10:31:37 - __main__ - INFO - 167 - trainer - Average loss in epoch 385: 1.0592
2026/09/03 10:31:37 - __main__ - INFO - 117 - trainer - Epoch: 386
2026/09/03 10:31:38 - __main__ - INFO - 162 - trainer - [0/190] Loss: 1.0391
2026/09/03 10:31:43 - __main__ - INFO - 162 - trainer - [39/190] Loss: 1.0508
2026/09/03 10:31:49 - __main__ - INFO - 162 - trainer - [78/190] Loss: 1.0603
2026/09/03 10:31:55 - __main__ - INFO - 162 - trainer - [117/190] Loss: 1.0544
2026/09/03 10:32:01 - __main__ - INFO - 162 - trainer - [156/190] Loss: 1.0785
2026/09/03 10:32:05 - __main__ - INFO - 167 - trainer - Average loss in epoch 386: 1.0593
2026/09/03 10:32:05 - __main__ - INFO - 117 - trainer - Epoch: 387
2026/09/03 10:32:06 - __main__ - INFO - 162 - trainer - [0/190] Loss: 1.0874
2026/09/03 10:32:12 - __main__ - INFO - 162 - trainer - [39/190] Loss: 1.0761
2026/09/03 10:32:17 - __main__ - INFO - 162 - trainer - [78/190] Loss: 1.0217
2026/09/03 10:32:23 - __main__ - INFO - 162 - trainer - [117/190] Loss: 1.0603
2026/09/03 10:32:29 - __main__ - INFO - 162 - trainer - [156/190] Loss: 1.0760
2026/09/03 10:32:34 - __main__ - INFO - 167 - trainer - Average loss in epoch 387: 1.0592
2026/09/03 10:32:34 - __main__ - INFO - 117 - trainer - Epoch: 388
2026/09/03 10:32:34 - __main__ - INFO - 162 - trainer - [0/190] Loss: 1.0460
2026/09/03 10:32:39 - __main__ - INFO - 162 - trainer - [39/190] Loss: 1.0733
2026/09/03 10:32:45 - __main__ - INFO - 162 - trainer - [78/190] Loss: 1.0545
2026/09/03 10:32:51 - __main__ - INFO - 162 - trainer - [117/190] Loss: 1.0860
2026/09/03 10:32:57 - __main__ - INFO - 162 - trainer - [156/190] Loss: 1.0530
2026/09/03 10:33:01 - __main__ - INFO - 167 - trainer - Average loss in epoch 388: 1.0593
2026/09/03 10:33:01 - __main__ - INFO - 117 - trainer - Epoch: 389
2026/09/03 10:33:02 - __main__ - INFO - 162 - trainer - [0/190] Loss: 1.0471
2026/09/03 10:33:07 - __main__ - INFO - 162 - trainer - [39/190] Loss: 1.0703
2026/09/03 10:33:13 - __main__ - INFO - 162 - trainer - [78/190] Loss: 1.0678
2026/09/03 10:33:19 - __main__ - INFO - 162 - trainer - [117/190] Loss: 1.0786
2026/09/03 10:33:25 - __main__ - INFO - 162 - trainer - [156/190] Loss: 1.0472
2026/09/03 10:33:30 - __main__ - INFO - 167 - trainer - Average loss in epoch 389: 1.0595
2026/09/03 10:33:30 - __main__ - INFO - 117 - trainer - Epoch: 390
2026/09/03 10:33:30 - __main__ - INFO - 162 - trainer - [0/190] Loss: 1.0681
2026/09/03 10:33:36 - __main__ - INFO - 162 - trainer - [39/190] Loss: 1.0671
2026/09/03 10:33:41 - __main__ - INFO - 162 - trainer - [78/190] Loss: 1.0616
2026/09/03 10:33:47 - __main__ - INFO - 162 - trainer - [117/190] Loss: 1.0552
2026/09/03 10:33:53 - __main__ - INFO - 162 - trainer - [156/190] Loss: 1.0617
2026/09/03 10:33:58 - __main__ - INFO - 167 - trainer - Average loss in epoch 390: 1.0596
2026/09/03 10:33:58 - __main__ - INFO - 117 - trainer - Epoch: 391
2026/09/03 10:33:58 - __main__ - INFO - 162 - trainer - [0/190] Loss: 1.0494
2026/09/03 10:34:03 - __main__ - INFO - 162 - trainer - [39/190] Loss: 1.0509
2026/09/03 10:34:09 - __main__ - INFO - 162 - trainer - [78/190] Loss: 1.0664
2026/09/03 10:34:15 - __main__ - INFO - 162 - trainer - [117/190] Loss: 1.0341
2026/09/03 10:34:21 - __main__ - INFO - 162 - trainer - [156/190] Loss: 1.0535
2026/09/03 10:34:26 - __main__ - INFO - 167 - trainer - Average loss in epoch 391: 1.0590
2026/09/03 10:34:26 - __main__ - INFO - 117 - trainer - Epoch: 392
2026/09/03 10:34:26 - __main__ - INFO - 162 - trainer - [0/190] Loss: 1.0458
2026/09/03 10:34:32 - __main__ - INFO - 162 - trainer - [39/190] Loss: 1.0464
2026/09/03 10:34:37 - __main__ - INFO - 162 - trainer - [78/190] Loss: 1.0648
2026/09/03 10:34:43 - __main__ - INFO - 162 - trainer - [117/190] Loss: 1.0657
2026/09/03 10:34:49 - __main__ - INFO - 162 - trainer - [156/190] Loss: 1.0530
2026/09/03 10:34:54 - __main__ - INFO - 167 - trainer - Average loss in epoch 392: 1.0597
2026/09/03 10:34:54 - __main__ - INFO - 117 - trainer - Epoch: 393
2026/09/03 10:34:54 - __main__ - INFO - 162 - trainer - [0/190] Loss: 1.0719
2026/09/03 10:35:00 - __main__ - INFO - 162 - trainer - [39/190] Loss: 1.0851
2026/09/03 10:35:05 - __main__ - INFO - 162 - trainer - [78/190] Loss: 1.0671
2026/09/03 10:35:11 - __main__ - INFO - 162 - trainer - [117/190] Loss: 1.0505
2026/09/03 10:35:17 - __main__ - INFO - 162 - trainer - [156/190] Loss: 1.0390
2026/09/03 10:35:22 - __main__ - INFO - 167 - trainer - Average loss in epoch 393: 1.0587
2026/09/03 10:35:22 - __main__ - INFO - 117 - trainer - Epoch: 394
2026/09/03 10:35:22 - __main__ - INFO - 162 - trainer - [0/190] Loss: 1.0626
2026/09/03 10:35:28 - __main__ - INFO - 162 - trainer - [39/190] Loss: 1.0549
2026/09/03 10:35:34 - __main__ - INFO - 162 - trainer - [78/190] Loss: 1.0681
2026/09/03 10:35:39 - __main__ - INFO - 162 - trainer - [117/190] Loss: 1.0673
2026/09/03 10:35:45 - __main__ - INFO - 162 - trainer - [156/190] Loss: 1.0737
2026/09/03 10:35:50 - __main__ - INFO - 167 - trainer - Average loss in epoch 394: 1.0598
2026/09/03 10:35:50 - __main__ - INFO - 117 - trainer - Epoch: 395
2026/09/03 10:35:50 - __main__ - INFO - 162 - trainer - [0/190] Loss: 1.0532
2026/09/03 10:35:56 - __main__ - INFO - 162 - trainer - [39/190] Loss: 1.0511
2026/09/03 10:36:02 - __main__ - INFO - 162 - trainer - [78/190] Loss: 1.0652
2026/09/03 10:36:07 - __main__ - INFO - 162 - trainer - [117/190] Loss: 1.0703
2026/09/03 10:36:13 - __main__ - INFO - 162 - trainer - [156/190] Loss: 1.0513
2026/09/03 10:36:18 - __main__ - INFO - 167 - trainer - Average loss in epoch 395: 1.0592
2026/09/03 10:36:18 - __main__ - INFO - 117 - trainer - Epoch: 396
2026/09/03 10:36:18 - __main__ - INFO - 162 - trainer - [0/190] Loss: 1.0369
2026/09/03 10:36:24 - __main__ - INFO - 162 - trainer - [39/190] Loss: 1.0650
2026/09/03 10:36:30 - __main__ - INFO - 162 - trainer - [78/190] Loss: 1.0658
2026/09/03 10:36:36 - __main__ - INFO - 162 - trainer - [117/190] Loss: 1.0510
2026/09/03 10:36:41 - __main__ - INFO - 162 - trainer - [156/190] Loss: 1.0518
2026/09/03 10:36:46 - __main__ - INFO - 167 - trainer - Average loss in epoch 396: 1.0597
2026/09/03 10:36:46 - __main__ - INFO - 117 - trainer - Epoch: 397
2026/09/03 10:36:46 - __main__ - INFO - 162 - trainer - [0/190] Loss: 1.0547
2026/09/03 10:36:52 - __main__ - INFO - 162 - trainer - [39/190] Loss: 1.0621
2026/09/03 10:36:58 - __main__ - INFO - 162 - trainer - [78/190] Loss: 1.0422
2026/09/03 10:37:04 - __main__ - INFO - 162 - trainer - [117/190] Loss: 1.0540
2026/09/03 10:37:09 - __main__ - INFO - 162 - trainer - [156/190] Loss: 1.0555
2026/09/03 10:37:14 - __main__ - INFO - 167 - trainer - Average loss in epoch 397: 1.0595
2026/09/03 10:37:14 - __main__ - INFO - 117 - trainer - Epoch: 398
2026/09/03 10:37:14 - __main__ - INFO - 162 - trainer - [0/190] Loss: 1.0660
2026/09/03 10:37:20 - __main__ - INFO - 162 - trainer - [39/190] Loss: 1.0822
2026/09/03 10:37:26 - __main__ - INFO - 162 - trainer - [78/190] Loss: 1.0652
2026/09/03 10:37:32 - __main__ - INFO - 162 - trainer - [117/190] Loss: 1.0535
2026/09/03 10:37:38 - __main__ - INFO - 162 - trainer - [156/190] Loss: 1.0545
2026/09/03 10:37:42 - __main__ - INFO - 167 - trainer - Average loss in epoch 398: 1.0595
2026/09/03 10:37:42 - __main__ - INFO - 117 - trainer - Epoch: 399
2026/09/03 10:37:43 - __main__ - INFO - 162 - trainer - [0/190] Loss: 1.0722
2026/09/03 10:37:48 - __main__ - INFO - 162 - trainer - [39/190] Loss: 1.0767
2026/09/03 10:37:54 - __main__ - INFO - 162 - trainer - [78/190] Loss: 1.0779
2026/09/03 10:38:00 - __main__ - INFO - 162 - trainer - [117/190] Loss: 1.0696
2026/09/03 10:38:06 - __main__ - INFO - 162 - trainer - [156/190] Loss: 1.0546
2026/09/03 10:38:11 - __main__ - INFO - 167 - trainer - Average loss in epoch 399: 1.0594
2026/09/03 10:38:11 - __main__ - INFO - 117 - trainer - Epoch: 400
2026/09/03 10:38:11 - __main__ - INFO - 162 - trainer - [0/190] Loss: 1.0728
2026/09/03 10:38:16 - __main__ - INFO - 162 - trainer - [39/190] Loss: 1.0577
2026/09/03 10:38:22 - __main__ - INFO - 162 - trainer - [78/190] Loss: 1.0703
2026/09/03 10:38:28 - __main__ - INFO - 162 - trainer - [117/190] Loss: 1.0643
2026/09/03 10:38:34 - __main__ - INFO - 162 - trainer - [156/190] Loss: 1.0549
2026/09/03 10:38:39 - __main__ - INFO - 167 - trainer - Average loss in epoch 400: 1.0597
2026/09/03 10:38:39 - __main__ - INFO - 173 - trainer - start predicting: 2026-09-03 10:38:39.147191
2026/09/03 10:38:41 - __main__ - INFO - 117 - trainer - Epoch: 401
2026/09/03 10:38:41 - __main__ - INFO - 162 - trainer - [0/190] Loss: 1.0507
2026/09/03 10:38:47 - __main__ - INFO - 162 - trainer - [39/190] Loss: 1.0463
2026/09/03 10:38:53 - __main__ - INFO - 162 - trainer - [78/190] Loss: 1.0595
2026/09/03 10:38:59 - __main__ - INFO - 162 - trainer - [117/190] Loss: 1.0734
2026/09/03 10:39:04 - __main__ - INFO - 162 - trainer - [156/190] Loss: 1.0700
2026/09/03 10:39:09 - __main__ - INFO - 167 - trainer - Average loss in epoch 401: 1.0588
2026/09/03 10:39:09 - __main__ - INFO - 117 - trainer - Epoch: 402
2026/09/03 10:39:09 - __main__ - INFO - 162 - trainer - [0/190] Loss: 1.0423
2026/09/03 10:39:15 - __main__ - INFO - 162 - trainer - [39/190] Loss: 1.0603
2026/09/03 10:39:21 - __main__ - INFO - 162 - trainer - [78/190] Loss: 1.0832
2026/09/03 10:39:27 - __main__ - INFO - 162 - trainer - [117/190] Loss: 1.0404
2026/09/03 10:39:33 - __main__ - INFO - 162 - trainer - [156/190] Loss: 1.0744
2026/09/03 10:39:38 - __main__ - INFO - 167 - trainer - Average loss in epoch 402: 1.0594
2026/09/03 10:39:38 - __main__ - INFO - 117 - trainer - Epoch: 403
2026/09/03 10:39:38 - __main__ - INFO - 162 - trainer - [0/190] Loss: 1.0590
2026/09/03 10:39:43 - __main__ - INFO - 162 - trainer - [39/190] Loss: 1.0676
2026/09/03 10:39:49 - __main__ - INFO - 162 - trainer - [78/190] Loss: 1.0533
2026/09/03 10:39:55 - __main__ - INFO - 162 - trainer - [117/190] Loss: 1.0581
2026/09/03 10:40:01 - __main__ - INFO - 162 - trainer - [156/190] Loss: 1.0791
2026/09/03 10:40:06 - __main__ - INFO - 167 - trainer - Average loss in epoch 403: 1.0587
2026/09/03 10:40:06 - __main__ - INFO - 117 - trainer - Epoch: 404
2026/09/03 10:40:06 - __main__ - INFO - 162 - trainer - [0/190] Loss: 1.0601
2026/09/03 10:40:11 - __main__ - INFO - 162 - trainer - [39/190] Loss: 1.0546
2026/09/03 10:40:17 - __main__ - INFO - 162 - trainer - [78/190] Loss: 1.0535
2026/09/03 10:40:23 - __main__ - INFO - 162 - trainer - [117/190] Loss: 1.0489
2026/09/03 10:40:29 - __main__ - INFO - 162 - trainer - [156/190] Loss: 1.0659
2026/09/03 10:40:34 - __main__ - INFO - 167 - trainer - Average loss in epoch 404: 1.0593
2026/09/03 10:40:34 - __main__ - INFO - 117 - trainer - Epoch: 405
2026/09/03 10:40:34 - __main__ - INFO - 162 - trainer - [0/190] Loss: 1.0501
2026/09/03 10:40:40 - __main__ - INFO - 162 - trainer - [39/190] Loss: 1.0830
2026/09/03 10:40:46 - __main__ - INFO - 162 - trainer - [78/190] Loss: 1.0516
2026/09/03 10:40:51 - __main__ - INFO - 162 - trainer - [117/190] Loss: 1.0411
2026/09/03 10:40:57 - __main__ - INFO - 162 - trainer - [156/190] Loss: 1.0552
2026/09/03 10:41:02 - __main__ - INFO - 167 - trainer - Average loss in epoch 405: 1.0594
2026/09/03 10:41:02 - __main__ - INFO - 117 - trainer - Epoch: 406
2026/09/03 10:41:02 - __main__ - INFO - 162 - trainer - [0/190] Loss: 1.0791
2026/09/03 10:41:08 - __main__ - INFO - 162 - trainer - [39/190] Loss: 1.0641
2026/09/03 10:41:14 - __main__ - INFO - 162 - trainer - [78/190] Loss: 1.0674
2026/09/03 10:41:19 - __main__ - INFO - 162 - trainer - [117/190] Loss: 1.0600
2026/09/03 10:41:25 - __main__ - INFO - 162 - trainer - [156/190] Loss: 1.0361
2026/09/03 10:41:30 - __main__ - INFO - 167 - trainer - Average loss in epoch 406: 1.0595
2026/09/03 10:41:30 - __main__ - INFO - 117 - trainer - Epoch: 407
2026/09/03 10:41:30 - __main__ - INFO - 162 - trainer - [0/190] Loss: 1.0736
2026/09/03 10:41:36 - __main__ - INFO - 162 - trainer - [39/190] Loss: 1.0657
2026/09/03 10:41:42 - __main__ - INFO - 162 - trainer - [78/190] Loss: 1.0694
2026/09/03 10:41:48 - __main__ - INFO - 162 - trainer - [117/190] Loss: 1.0646
2026/09/03 10:41:54 - __main__ - INFO - 162 - trainer - [156/190] Loss: 1.0561
2026/09/03 10:41:58 - __main__ - INFO - 167 - trainer - Average loss in epoch 407: 1.0595
2026/09/03 10:41:58 - __main__ - INFO - 117 - trainer - Epoch: 408
2026/09/03 10:41:59 - __main__ - INFO - 162 - trainer - [0/190] Loss: 1.0555
2026/09/03 10:42:04 - __main__ - INFO - 162 - trainer - [39/190] Loss: 1.0586
2026/09/03 10:42:10 - __main__ - INFO - 162 - trainer - [78/190] Loss: 1.0719
2026/09/03 10:42:16 - __main__ - INFO - 162 - trainer - [117/190] Loss: 1.0679
2026/09/03 10:42:22 - __main__ - INFO - 162 - trainer - [156/190] Loss: 1.0629
2026/09/03 10:42:27 - __main__ - INFO - 167 - trainer - Average loss in epoch 408: 1.0586
2026/09/03 10:42:27 - __main__ - INFO - 117 - trainer - Epoch: 409
2026/09/03 10:42:27 - __main__ - INFO - 162 - trainer - [0/190] Loss: 1.0725
2026/09/03 10:42:33 - __main__ - INFO - 162 - trainer - [39/190] Loss: 1.0751
2026/09/03 10:42:38 - __main__ - INFO - 162 - trainer - [78/190] Loss: 1.0420
2026/09/03 10:42:44 - __main__ - INFO - 162 - trainer - [117/190] Loss: 1.0475
2026/09/03 10:42:50 - __main__ - INFO - 162 - trainer - [156/190] Loss: 1.0462
2026/09/03 10:42:55 - __main__ - INFO - 167 - trainer - Average loss in epoch 409: 1.0593
2026/09/03 10:42:55 - __main__ - INFO - 117 - trainer - Epoch: 410
2026/09/03 10:42:55 - __main__ - INFO - 162 - trainer - [0/190] Loss: 1.0423
2026/09/03 10:43:01 - __main__ - INFO - 162 - trainer - [39/190] Loss: 1.0567
2026/09/03 10:43:07 - __main__ - INFO - 162 - trainer - [78/190] Loss: 1.0794
2026/09/03 10:43:12 - __main__ - INFO - 162 - trainer - [117/190] Loss: 1.0369
2026/09/03 10:43:18 - __main__ - INFO - 162 - trainer - [156/190] Loss: 1.0502
2026/09/03 10:43:23 - __main__ - INFO - 167 - trainer - Average loss in epoch 410: 1.0591
2026/09/03 10:43:23 - __main__ - INFO - 117 - trainer - Epoch: 411
2026/09/03 10:43:23 - __main__ - INFO - 162 - trainer - [0/190] Loss: 1.0650
2026/09/03 10:43:29 - __main__ - INFO - 162 - trainer - [39/190] Loss: 1.0443
2026/09/03 10:43:35 - __main__ - INFO - 162 - trainer - [78/190] Loss: 1.0632
2026/09/03 10:43:41 - __main__ - INFO - 162 - trainer - [117/190] Loss: 1.0512
2026/09/03 10:43:47 - __main__ - INFO - 162 - trainer - [156/190] Loss: 1.0519
2026/09/03 10:43:52 - __main__ - INFO - 167 - trainer - Average loss in epoch 411: 1.0593
2026/09/03 10:43:52 - __main__ - INFO - 117 - trainer - Epoch: 412
2026/09/03 10:43:52 - __main__ - INFO - 162 - trainer - [0/190] Loss: 1.0627
2026/09/03 10:43:58 - __main__ - INFO - 162 - trainer - [39/190] Loss: 1.0730
2026/09/03 10:44:04 - __main__ - INFO - 162 - trainer - [78/190] Loss: 1.0581
2026/09/03 10:44:09 - __main__ - INFO - 162 - trainer - [117/190] Loss: 1.0578
2026/09/03 10:44:15 - __main__ - INFO - 162 - trainer - [156/190] Loss: 1.0558
2026/09/03 10:44:20 - __main__ - INFO - 167 - trainer - Average loss in epoch 412: 1.0600
2026/09/03 10:44:20 - __main__ - INFO - 117 - trainer - Epoch: 413
2026/09/03 10:44:20 - __main__ - INFO - 162 - trainer - [0/190] Loss: 1.0583
2026/09/03 10:44:26 - __main__ - INFO - 162 - trainer - [39/190] Loss: 1.0676
2026/09/03 10:44:32 - __main__ - INFO - 162 - trainer - [78/190] Loss: 1.0710
2026/09/03 10:44:37 - __main__ - INFO - 162 - trainer - [117/190] Loss: 1.0662
2026/09/03 10:44:43 - __main__ - INFO - 162 - trainer - [156/190] Loss: 1.0646
2026/09/03 10:44:48 - __main__ - INFO - 167 - trainer - Average loss in epoch 413: 1.0592
2026/09/03 10:44:48 - __main__ - INFO - 117 - trainer - Epoch: 414
2026/09/03 10:44:48 - __main__ - INFO - 162 - trainer - [0/190] Loss: 1.0434
2026/09/03 10:44:54 - __main__ - INFO - 162 - trainer - [39/190] Loss: 1.0479
2026/09/03 10:45:00 - __main__ - INFO - 162 - trainer - [78/190] Loss: 1.0653
2026/09/03 10:45:06 - __main__ - INFO - 162 - trainer - [117/190] Loss: 1.0829
2026/09/03 10:45:11 - __main__ - INFO - 162 - trainer - [156/190] Loss: 1.0645
2026/09/03 10:45:16 - __main__ - INFO - 167 - trainer - Average loss in epoch 414: 1.0593
2026/09/03 10:45:16 - __main__ - INFO - 117 - trainer - Epoch: 415
2026/09/03 10:45:16 - __main__ - INFO - 162 - trainer - [0/190] Loss: 1.0698
2026/09/03 10:45:22 - __main__ - INFO - 162 - trainer - [39/190] Loss: 1.0712
2026/09/03 10:45:28 - __main__ - INFO - 162 - trainer - [78/190] Loss: 1.0564
2026/09/03 10:45:33 - __main__ - INFO - 162 - trainer - [117/190] Loss: 1.0586
2026/09/03 10:45:39 - __main__ - INFO - 162 - trainer - [156/190] Loss: 1.0483
2026/09/03 10:45:44 - __main__ - INFO - 167 - trainer - Average loss in epoch 415: 1.0598
2026/09/03 10:45:44 - __main__ - INFO - 117 - trainer - Epoch: 416
2026/09/03 10:45:44 - __main__ - INFO - 162 - trainer - [0/190] Loss: 1.0464
2026/09/03 10:45:50 - __main__ - INFO - 162 - trainer - [39/190] Loss: 1.0660
2026/09/03 10:45:56 - __main__ - INFO - 162 - trainer - [78/190] Loss: 1.0468
2026/09/03 10:46:01 - __main__ - INFO - 162 - trainer - [117/190] Loss: 1.0462
2026/09/03 10:46:07 - __main__ - INFO - 162 - trainer - [156/190] Loss: 1.0724
2026/09/03 10:46:12 - __main__ - INFO - 167 - trainer - Average loss in epoch 416: 1.0594
2026/09/03 10:46:12 - __main__ - INFO - 117 - trainer - Epoch: 417
2026/09/03 10:46:12 - __main__ - INFO - 162 - trainer - [0/190] Loss: 1.0676
2026/09/03 10:46:18 - __main__ - INFO - 162 - trainer - [39/190] Loss: 1.0385
2026/09/03 10:46:24 - __main__ - INFO - 162 - trainer - [78/190] Loss: 1.0563
2026/09/03 10:46:29 - __main__ - INFO - 162 - trainer - [117/190] Loss: 1.0493
2026/09/03 10:46:35 - __main__ - INFO - 162 - trainer - [156/190] Loss: 1.0490
2026/09/03 10:46:40 - __main__ - INFO - 167 - trainer - Average loss in epoch 417: 1.0592
2026/09/03 10:46:40 - __main__ - INFO - 117 - trainer - Epoch: 418
2026/09/03 10:46:40 - __main__ - INFO - 162 - trainer - [0/190] Loss: 1.0680
2026/09/03 10:46:46 - __main__ - INFO - 162 - trainer - [39/190] Loss: 1.0493
2026/09/03 10:46:52 - __main__ - INFO - 162 - trainer - [78/190] Loss: 1.0610
2026/09/03 10:46:57 - __main__ - INFO - 162 - trainer - [117/190] Loss: 1.0865
2026/09/03 10:47:03 - __main__ - INFO - 162 - trainer - [156/190] Loss: 1.0413
2026/09/03 10:47:08 - __main__ - INFO - 167 - trainer - Average loss in epoch 418: 1.0589
2026/09/03 10:47:08 - __main__ - INFO - 117 - trainer - Epoch: 419
2026/09/03 10:47:08 - __main__ - INFO - 162 - trainer - [0/190] Loss: 1.0783
2026/09/03 10:47:14 - __main__ - INFO - 162 - trainer - [39/190] Loss: 1.0560
2026/09/03 10:47:20 - __main__ - INFO - 162 - trainer - [78/190] Loss: 1.0584
2026/09/03 10:47:25 - __main__ - INFO - 162 - trainer - [117/190] Loss: 1.0662
2026/09/03 10:47:31 - __main__ - INFO - 162 - trainer - [156/190] Loss: 1.0453
2026/09/03 10:47:36 - __main__ - INFO - 167 - trainer - Average loss in epoch 419: 1.0588
2026/09/03 10:47:36 - __main__ - INFO - 117 - trainer - Epoch: 420
2026/09/03 10:47:36 - __main__ - INFO - 162 - trainer - [0/190] Loss: 1.0618
2026/09/03 10:47:42 - __main__ - INFO - 162 - trainer - [39/190] Loss: 1.0527
2026/09/03 10:47:48 - __main__ - INFO - 162 - trainer - [78/190] Loss: 1.0479
2026/09/03 10:47:54 - __main__ - INFO - 162 - trainer - [117/190] Loss: 1.0664
2026/09/03 10:47:59 - __main__ - INFO - 162 - trainer - [156/190] Loss: 1.0724
2026/09/03 10:48:04 - __main__ - INFO - 167 - trainer - Average loss in epoch 420: 1.0589
2026/09/03 10:48:04 - __main__ - INFO - 173 - trainer - start predicting: 2026-09-03 10:48:04.761868
2026/09/03 10:48:07 - __main__ - INFO - 117 - trainer - Epoch: 421
2026/09/03 10:48:07 - __main__ - INFO - 162 - trainer - [0/190] Loss: 1.0768
2026/09/03 10:48:13 - __main__ - INFO - 162 - trainer - [39/190] Loss: 1.0482
2026/09/03 10:48:19 - __main__ - INFO - 162 - trainer - [78/190] Loss: 1.0598
2026/09/03 10:48:24 - __main__ - INFO - 162 - trainer - [117/190] Loss: 1.0573
2026/09/03 10:48:30 - __main__ - INFO - 162 - trainer - [156/190] Loss: 1.0366
2026/09/03 10:48:35 - __main__ - INFO - 167 - trainer - Average loss in epoch 421: 1.0589
2026/09/03 10:48:35 - __main__ - INFO - 117 - trainer - Epoch: 422
2026/09/03 10:48:35 - __main__ - INFO - 162 - trainer - [0/190] Loss: 1.0260
2026/09/03 10:48:41 - __main__ - INFO - 162 - trainer - [39/190] Loss: 1.0798
2026/09/03 10:48:47 - __main__ - INFO - 162 - trainer - [78/190] Loss: 1.0885
2026/09/03 10:48:53 - __main__ - INFO - 162 - trainer - [117/190] Loss: 1.0588
2026/09/03 10:48:58 - __main__ - INFO - 162 - trainer - [156/190] Loss: 1.0590
2026/09/03 10:49:03 - __main__ - INFO - 167 - trainer - Average loss in epoch 422: 1.0601
2026/09/03 10:49:03 - __main__ - INFO - 117 - trainer - Epoch: 423
2026/09/03 10:49:03 - __main__ - INFO - 162 - trainer - [0/190] Loss: 1.0584
2026/09/03 10:49:09 - __main__ - INFO - 162 - trainer - [39/190] Loss: 1.0510
2026/09/03 10:49:15 - __main__ - INFO - 162 - trainer - [78/190] Loss: 1.0617
2026/09/03 10:49:21 - __main__ - INFO - 162 - trainer - [117/190] Loss: 1.0752
2026/09/03 10:49:27 - __main__ - INFO - 162 - trainer - [156/190] Loss: 1.0727
2026/09/03 10:49:32 - __main__ - INFO - 167 - trainer - Average loss in epoch 423: 1.0590
2026/09/03 10:49:32 - __main__ - INFO - 117 - trainer - Epoch: 424
2026/09/03 10:49:32 - __main__ - INFO - 162 - trainer - [0/190] Loss: 1.0425
2026/09/03 10:49:37 - __main__ - INFO - 162 - trainer - [39/190] Loss: 1.0631
2026/09/03 10:49:43 - __main__ - INFO - 162 - trainer - [78/190] Loss: 1.0612
2026/09/03 10:49:49 - __main__ - INFO - 162 - trainer - [117/190] Loss: 1.0650
2026/09/03 10:49:55 - __main__ - INFO - 162 - trainer - [156/190] Loss: 1.0582
2026/09/03 10:50:00 - __main__ - INFO - 167 - trainer - Average loss in epoch 424: 1.0593
2026/09/03 10:50:00 - __main__ - INFO - 117 - trainer - Epoch: 425
2026/09/03 10:50:00 - __main__ - INFO - 162 - trainer - [0/190] Loss: 1.0820
2026/09/03 10:50:06 - __main__ - INFO - 162 - trainer - [39/190] Loss: 1.0713
2026/09/03 10:50:11 - __main__ - INFO - 162 - trainer - [78/190] Loss: 1.0499
2026/09/03 10:50:17 - __main__ - INFO - 162 - trainer - [117/190] Loss: 1.0448
2026/09/03 10:50:23 - __main__ - INFO - 162 - trainer - [156/190] Loss: 1.0579
2026/09/03 10:50:28 - __main__ - INFO - 167 - trainer - Average loss in epoch 425: 1.0592
2026/09/03 10:50:28 - __main__ - INFO - 117 - trainer - Epoch: 426
2026/09/03 10:50:28 - __main__ - INFO - 162 - trainer - [0/190] Loss: 1.0523
2026/09/03 10:50:34 - __main__ - INFO - 162 - trainer - [39/190] Loss: 1.0560
2026/09/03 10:50:39 - __main__ - INFO - 162 - trainer - [78/190] Loss: 1.0454
2026/09/03 10:50:45 - __main__ - INFO - 162 - trainer - [117/190] Loss: 1.0509
2026/09/03 10:50:51 - __main__ - INFO - 162 - trainer - [156/190] Loss: 1.0667
2026/09/03 10:50:56 - __main__ - INFO - 167 - trainer - Average loss in epoch 426: 1.0595
2026/09/03 10:50:56 - __main__ - INFO - 117 - trainer - Epoch: 427
2026/09/03 10:50:56 - __main__ - INFO - 162 - trainer - [0/190] Loss: 1.0512
2026/09/03 10:51:02 - __main__ - INFO - 162 - trainer - [39/190] Loss: 1.0624
2026/09/03 10:51:08 - __main__ - INFO - 162 - trainer - [78/190] Loss: 1.0802
2026/09/03 10:51:14 - __main__ - INFO - 162 - trainer - [117/190] Loss: 1.0631
2026/09/03 10:51:19 - __main__ - INFO - 162 - trainer - [156/190] Loss: 1.0695
2026/09/03 10:51:24 - __main__ - INFO - 167 - trainer - Average loss in epoch 427: 1.0585
2026/09/03 10:51:24 - __main__ - INFO - 117 - trainer - Epoch: 428
2026/09/03 10:51:24 - __main__ - INFO - 162 - trainer - [0/190] Loss: 1.0619
2026/09/03 10:51:30 - __main__ - INFO - 162 - trainer - [39/190] Loss: 1.0404
2026/09/03 10:51:36 - __main__ - INFO - 162 - trainer - [78/190] Loss: 1.0745
2026/09/03 10:51:42 - __main__ - INFO - 162 - trainer - [117/190] Loss: 1.0530
2026/09/03 10:51:47 - __main__ - INFO - 162 - trainer - [156/190] Loss: 1.0724
2026/09/03 10:51:52 - __main__ - INFO - 167 - trainer - Average loss in epoch 428: 1.0599
2026/09/03 10:51:52 - __main__ - INFO - 117 - trainer - Epoch: 429
2026/09/03 10:51:52 - __main__ - INFO - 162 - trainer - [0/190] Loss: 1.0668
2026/09/03 10:51:58 - __main__ - INFO - 162 - trainer - [39/190] Loss: 1.0473
2026/09/03 10:52:04 - __main__ - INFO - 162 - trainer - [78/190] Loss: 1.0724
2026/09/03 10:52:10 - __main__ - INFO - 162 - trainer - [117/190] Loss: 1.0556
2026/09/03 10:52:15 - __main__ - INFO - 162 - trainer - [156/190] Loss: 1.0442
2026/09/03 10:52:20 - __main__ - INFO - 167 - trainer - Average loss in epoch 429: 1.0593
2026/09/03 10:52:20 - __main__ - INFO - 117 - trainer - Epoch: 430
2026/09/03 10:52:20 - __main__ - INFO - 162 - trainer - [0/190] Loss: 1.0566
2026/09/03 10:52:26 - __main__ - INFO - 162 - trainer - [39/190] Loss: 1.0656
2026/09/03 10:52:32 - __main__ - INFO - 162 - trainer - [78/190] Loss: 1.0838
2026/09/03 10:52:38 - __main__ - INFO - 162 - trainer - [117/190] Loss: 1.0614
2026/09/03 10:52:43 - __main__ - INFO - 162 - trainer - [156/190] Loss: 1.0377
2026/09/03 10:52:48 - __main__ - INFO - 167 - trainer - Average loss in epoch 430: 1.0595
2026/09/03 10:52:48 - __main__ - INFO - 117 - trainer - Epoch: 431
2026/09/03 10:52:48 - __main__ - INFO - 162 - trainer - [0/190] Loss: 1.0725
2026/09/03 10:52:54 - __main__ - INFO - 162 - trainer - [39/190] Loss: 1.0501
2026/09/03 10:53:00 - __main__ - INFO - 162 - trainer - [78/190] Loss: 1.0646
2026/09/03 10:53:06 - __main__ - INFO - 162 - trainer - [117/190] Loss: 1.0633
2026/09/03 10:53:12 - __main__ - INFO - 162 - trainer - [156/190] Loss: 1.0651
2026/09/03 10:53:17 - __main__ - INFO - 167 - trainer - Average loss in epoch 431: 1.0591
2026/09/03 10:53:17 - __main__ - INFO - 117 - trainer - Epoch: 432
2026/09/03 10:53:17 - __main__ - INFO - 162 - trainer - [0/190] Loss: 1.0654
2026/09/03 10:53:23 - __main__ - INFO - 162 - trainer - [39/190] Loss: 1.0488
2026/09/03 10:53:29 - __main__ - INFO - 162 - trainer - [78/190] Loss: 1.0548
2026/09/03 10:53:34 - __main__ - INFO - 162 - trainer - [117/190] Loss: 1.0717
2026/09/03 10:53:40 - __main__ - INFO - 162 - trainer - [156/190] Loss: 1.0513
2026/09/03 10:53:45 - __main__ - INFO - 167 - trainer - Average loss in epoch 432: 1.0580
2026/09/03 10:53:45 - __main__ - INFO - 117 - trainer - Epoch: 433
2026/09/03 10:53:45 - __main__ - INFO - 162 - trainer - [0/190] Loss: 1.0474
2026/09/03 10:53:51 - __main__ - INFO - 162 - trainer - [39/190] Loss: 1.0522
2026/09/03 10:53:57 - __main__ - INFO - 162 - trainer - [78/190] Loss: 1.0524
2026/09/03 10:54:02 - __main__ - INFO - 162 - trainer - [117/190] Loss: 1.0561
2026/09/03 10:54:08 - __main__ - INFO - 162 - trainer - [156/190] Loss: 1.0707
2026/09/03 10:54:13 - __main__ - INFO - 167 - trainer - Average loss in epoch 433: 1.0594
2026/09/03 10:54:13 - __main__ - INFO - 117 - trainer - Epoch: 434
2026/09/03 10:54:13 - __main__ - INFO - 162 - trainer - [0/190] Loss: 1.0671
2026/09/03 10:54:19 - __main__ - INFO - 162 - trainer - [39/190] Loss: 1.0376
2026/09/03 10:54:25 - __main__ - INFO - 162 - trainer - [78/190] Loss: 1.0538
2026/09/03 10:54:31 - __main__ - INFO - 162 - trainer - [117/190] Loss: 1.0520
2026/09/03 10:54:37 - __main__ - INFO - 162 - trainer - [156/190] Loss: 1.0603
2026/09/03 10:54:41 - __main__ - INFO - 167 - trainer - Average loss in epoch 434: 1.0599
2026/09/03 10:54:41 - __main__ - INFO - 117 - trainer - Epoch: 435
2026/09/03 10:54:42 - __main__ - INFO - 162 - trainer - [0/190] Loss: 1.0641
2026/09/03 10:54:47 - __main__ - INFO - 162 - trainer - [39/190] Loss: 1.0812
2026/09/03 10:54:53 - __main__ - INFO - 162 - trainer - [78/190] Loss: 1.0626
2026/09/03 10:54:59 - __main__ - INFO - 162 - trainer - [117/190] Loss: 1.0676
2026/09/03 10:55:04 - __main__ - INFO - 162 - trainer - [156/190] Loss: 1.0475
2026/09/03 10:55:09 - __main__ - INFO - 167 - trainer - Average loss in epoch 435: 1.0594
2026/09/03 10:55:09 - __main__ - INFO - 117 - trainer - Epoch: 436
2026/09/03 10:55:09 - __main__ - INFO - 162 - trainer - [0/190] Loss: 1.0514
2026/09/03 10:55:15 - __main__ - INFO - 162 - trainer - [39/190] Loss: 1.0595
2026/09/03 10:55:21 - __main__ - INFO - 162 - trainer - [78/190] Loss: 1.0695
2026/09/03 10:55:27 - __main__ - INFO - 162 - trainer - [117/190] Loss: 1.0530
2026/09/03 10:55:33 - __main__ - INFO - 162 - trainer - [156/190] Loss: 1.0600
2026/09/03 10:55:38 - __main__ - INFO - 167 - trainer - Average loss in epoch 436: 1.0595
2026/09/03 10:55:38 - __main__ - INFO - 117 - trainer - Epoch: 437
2026/09/03 10:55:38 - __main__ - INFO - 162 - trainer - [0/190] Loss: 1.0463
2026/09/03 10:55:44 - __main__ - INFO - 162 - trainer - [39/190] Loss: 1.0753
2026/09/03 10:55:50 - __main__ - INFO - 162 - trainer - [78/190] Loss: 1.0454
2026/09/03 10:55:55 - __main__ - INFO - 162 - trainer - [117/190] Loss: 1.0476
2026/09/03 10:56:01 - __main__ - INFO - 162 - trainer - [156/190] Loss: 1.0642
2026/09/03 10:56:06 - __main__ - INFO - 167 - trainer - Average loss in epoch 437: 1.0591
2026/09/03 10:56:06 - __main__ - INFO - 117 - trainer - Epoch: 438
2026/09/03 10:56:06 - __main__ - INFO - 162 - trainer - [0/190] Loss: 1.0596
2026/09/03 10:56:12 - __main__ - INFO - 162 - trainer - [39/190] Loss: 1.0670
2026/09/03 10:56:18 - __main__ - INFO - 162 - trainer - [78/190] Loss: 1.0521
2026/09/03 10:56:24 - __main__ - INFO - 162 - trainer - [117/190] Loss: 1.0652
2026/09/03 10:56:30 - __main__ - INFO - 162 - trainer - [156/190] Loss: 1.0537
2026/09/03 10:56:34 - __main__ - INFO - 167 - trainer - Average loss in epoch 438: 1.0596
2026/09/03 10:56:34 - __main__ - INFO - 117 - trainer - Epoch: 439
2026/09/03 10:56:35 - __main__ - INFO - 162 - trainer - [0/190] Loss: 1.0595
2026/09/03 10:56:40 - __main__ - INFO - 162 - trainer - [39/190] Loss: 1.0540
2026/09/03 10:56:46 - __main__ - INFO - 162 - trainer - [78/190] Loss: 1.0493
2026/09/03 10:56:52 - __main__ - INFO - 162 - trainer - [117/190] Loss: 1.0738
2026/09/03 10:56:57 - __main__ - INFO - 162 - trainer - [156/190] Loss: 1.0605
2026/09/03 10:57:02 - __main__ - INFO - 167 - trainer - Average loss in epoch 439: 1.0594
2026/09/03 10:57:02 - __main__ - INFO - 117 - trainer - Epoch: 440
2026/09/03 10:57:02 - __main__ - INFO - 162 - trainer - [0/190] Loss: 1.0661
2026/09/03 10:57:08 - __main__ - INFO - 162 - trainer - [39/190] Loss: 1.0524
2026/09/03 10:57:14 - __main__ - INFO - 162 - trainer - [78/190] Loss: 1.0408
2026/09/03 10:57:20 - __main__ - INFO - 162 - trainer - [117/190] Loss: 1.0577
2026/09/03 10:57:25 - __main__ - INFO - 162 - trainer - [156/190] Loss: 1.0565
2026/09/03 10:57:30 - __main__ - INFO - 167 - trainer - Average loss in epoch 440: 1.0587
2026/09/03 10:57:30 - __main__ - INFO - 173 - trainer - start predicting: 2026-09-03 10:57:30.654354
2026/09/03 10:57:33 - __main__ - INFO - 117 - trainer - Epoch: 441
2026/09/03 10:57:33 - __main__ - INFO - 162 - trainer - [0/190] Loss: 1.0795
2026/09/03 10:57:39 - __main__ - INFO - 162 - trainer - [39/190] Loss: 1.0602
2026/09/03 10:57:44 - __main__ - INFO - 162 - trainer - [78/190] Loss: 1.0890
2026/09/03 10:57:50 - __main__ - INFO - 162 - trainer - [117/190] Loss: 1.0397
2026/09/03 10:57:56 - __main__ - INFO - 162 - trainer - [156/190] Loss: 1.0425
2026/09/03 10:58:00 - __main__ - INFO - 167 - trainer - Average loss in epoch 441: 1.0594
2026/09/03 10:58:00 - __main__ - INFO - 117 - trainer - Epoch: 442
2026/09/03 10:58:00 - __main__ - INFO - 162 - trainer - [0/190] Loss: 1.0788
2026/09/03 10:58:06 - __main__ - INFO - 162 - trainer - [39/190] Loss: 1.0702
2026/09/03 10:58:12 - __main__ - INFO - 162 - trainer - [78/190] Loss: 1.0695
2026/09/03 10:58:18 - __main__ - INFO - 162 - trainer - [117/190] Loss: 1.0609
2026/09/03 10:58:23 - __main__ - INFO - 162 - trainer - [156/190] Loss: 1.0488
2026/09/03 10:58:28 - __main__ - INFO - 167 - trainer - Average loss in epoch 442: 1.0592
2026/09/03 10:58:28 - __main__ - INFO - 117 - trainer - Epoch: 443
2026/09/03 10:58:28 - __main__ - INFO - 162 - trainer - [0/190] Loss: 1.0722
2026/09/03 10:58:34 - __main__ - INFO - 162 - trainer - [39/190] Loss: 1.0436
2026/09/03 10:58:40 - __main__ - INFO - 162 - trainer - [78/190] Loss: 1.0528
2026/09/03 10:58:45 - __main__ - INFO - 162 - trainer - [117/190] Loss: 1.0694
2026/09/03 10:58:51 - __main__ - INFO - 162 - trainer - [156/190] Loss: 1.0660
2026/09/03 10:58:56 - __main__ - INFO - 167 - trainer - Average loss in epoch 443: 1.0594
2026/09/03 10:58:56 - __main__ - INFO - 117 - trainer - Epoch: 444
2026/09/03 10:58:56 - __main__ - INFO - 162 - trainer - [0/190] Loss: 1.0655
2026/09/03 10:59:02 - __main__ - INFO - 162 - trainer - [39/190] Loss: 1.0642
2026/09/03 10:59:07 - __main__ - INFO - 162 - trainer - [78/190] Loss: 1.0562
2026/09/03 10:59:13 - __main__ - INFO - 162 - trainer - [117/190] Loss: 1.0566
2026/09/03 10:59:19 - __main__ - INFO - 162 - trainer - [156/190] Loss: 1.0444
2026/09/03 10:59:24 - __main__ - INFO - 167 - trainer - Average loss in epoch 444: 1.0596
2026/09/03 10:59:24 - __main__ - INFO - 117 - trainer - Epoch: 445
2026/09/03 10:59:24 - __main__ - INFO - 162 - trainer - [0/190] Loss: 1.0440
2026/09/03 10:59:30 - __main__ - INFO - 162 - trainer - [39/190] Loss: 1.0793
2026/09/03 10:59:35 - __main__ - INFO - 162 - trainer - [78/190] Loss: 1.0615
2026/09/03 10:59:41 - __main__ - INFO - 162 - trainer - [117/190] Loss: 1.0343
2026/09/03 10:59:47 - __main__ - INFO - 162 - trainer - [156/190] Loss: 1.0427
2026/09/03 10:59:51 - __main__ - INFO - 167 - trainer - Average loss in epoch 445: 1.0586
2026/09/03 10:59:51 - __main__ - INFO - 117 - trainer - Epoch: 446
2026/09/03 10:59:51 - __main__ - INFO - 162 - trainer - [0/190] Loss: 1.0770
2026/09/03 10:59:57 - __main__ - INFO - 162 - trainer - [39/190] Loss: 1.0655
2026/09/03 11:00:03 - __main__ - INFO - 162 - trainer - [78/190] Loss: 1.0686
2026/09/03 11:00:08 - __main__ - INFO - 162 - trainer - [117/190] Loss: 1.0425
2026/09/03 11:00:14 - __main__ - INFO - 162 - trainer - [156/190] Loss: 1.0626
2026/09/03 11:00:19 - __main__ - INFO - 167 - trainer - Average loss in epoch 446: 1.0595
2026/09/03 11:00:19 - __main__ - INFO - 117 - trainer - Epoch: 447
2026/09/03 11:00:19 - __main__ - INFO - 162 - trainer - [0/190] Loss: 1.0730
2026/09/03 11:00:25 - __main__ - INFO - 162 - trainer - [39/190] Loss: 1.0583
2026/09/03 11:00:30 - __main__ - INFO - 162 - trainer - [78/190] Loss: 1.0575
2026/09/03 11:00:36 - __main__ - INFO - 162 - trainer - [117/190] Loss: 1.0528
2026/09/03 11:00:42 - __main__ - INFO - 162 - trainer - [156/190] Loss: 1.0756
2026/09/03 11:00:47 - __main__ - INFO - 167 - trainer - Average loss in epoch 447: 1.0593
2026/09/03 11:00:47 - __main__ - INFO - 117 - trainer - Epoch: 448
2026/09/03 11:00:47 - __main__ - INFO - 162 - trainer - [0/190] Loss: 1.0609
2026/09/03 11:00:52 - __main__ - INFO - 162 - trainer - [39/190] Loss: 1.0520
2026/09/03 11:00:58 - __main__ - INFO - 162 - trainer - [78/190] Loss: 1.0545
2026/09/03 11:01:04 - __main__ - INFO - 162 - trainer - [117/190] Loss: 1.0887
2026/09/03 11:01:09 - __main__ - INFO - 162 - trainer - [156/190] Loss: 1.0434
2026/09/03 11:01:14 - __main__ - INFO - 167 - trainer - Average loss in epoch 448: 1.0590
2026/09/03 11:01:14 - __main__ - INFO - 117 - trainer - Epoch: 449
2026/09/03 11:01:15 - __main__ - INFO - 162 - trainer - [0/190] Loss: 1.0627
2026/09/03 11:01:20 - __main__ - INFO - 162 - trainer - [39/190] Loss: 1.0565
2026/09/03 11:01:26 - __main__ - INFO - 162 - trainer - [78/190] Loss: 1.0449
2026/09/03 11:01:32 - __main__ - INFO - 162 - trainer - [117/190] Loss: 1.0479
2026/09/03 11:01:37 - __main__ - INFO - 162 - trainer - [156/190] Loss: 1.0417
2026/09/03 11:01:42 - __main__ - INFO - 167 - trainer - Average loss in epoch 449: 1.0593
2026/09/03 11:01:42 - __main__ - INFO - 117 - trainer - Epoch: 450
2026/09/03 11:01:42 - __main__ - INFO - 162 - trainer - [0/190] Loss: 1.0587
2026/09/03 11:01:48 - __main__ - INFO - 162 - trainer - [39/190] Loss: 1.0760
2026/09/03 11:01:54 - __main__ - INFO - 162 - trainer - [78/190] Loss: 1.0647
2026/09/03 11:01:59 - __main__ - INFO - 162 - trainer - [117/190] Loss: 1.0469
2026/09/03 11:02:05 - __main__ - INFO - 162 - trainer - [156/190] Loss: 1.0820
2026/09/03 11:02:10 - __main__ - INFO - 167 - trainer - Average loss in epoch 450: 1.0598
2026/09/03 11:02:10 - __main__ - INFO - 117 - trainer - Epoch: 451
2026/09/03 11:02:10 - __main__ - INFO - 162 - trainer - [0/190] Loss: 1.0524
2026/09/03 11:02:16 - __main__ - INFO - 162 - trainer - [39/190] Loss: 1.0533
2026/09/03 11:02:22 - __main__ - INFO - 162 - trainer - [78/190] Loss: 1.0377
2026/09/03 11:02:28 - __main__ - INFO - 162 - trainer - [117/190] Loss: 1.0555
2026/09/03 11:02:33 - __main__ - INFO - 162 - trainer - [156/190] Loss: 1.0461
2026/09/03 11:02:38 - __main__ - INFO - 167 - trainer - Average loss in epoch 451: 1.0590
2026/09/03 11:02:38 - __main__ - INFO - 117 - trainer - Epoch: 452
2026/09/03 11:02:38 - __main__ - INFO - 162 - trainer - [0/190] Loss: 1.0623
2026/09/03 11:02:44 - __main__ - INFO - 162 - trainer - [39/190] Loss: 1.0595
2026/09/03 11:02:50 - __main__ - INFO - 162 - trainer - [78/190] Loss: 1.0589
2026/09/03 11:02:55 - __main__ - INFO - 162 - trainer - [117/190] Loss: 1.0523
2026/09/03 11:03:01 - __main__ - INFO - 162 - trainer - [156/190] Loss: 1.0672
2026/09/03 11:03:06 - __main__ - INFO - 167 - trainer - Average loss in epoch 452: 1.0588
2026/09/03 11:03:06 - __main__ - INFO - 117 - trainer - Epoch: 453
2026/09/03 11:03:06 - __main__ - INFO - 162 - trainer - [0/190] Loss: 1.0340
2026/09/03 11:03:12 - __main__ - INFO - 162 - trainer - [39/190] Loss: 1.0478
2026/09/03 11:03:17 - __main__ - INFO - 162 - trainer - [78/190] Loss: 1.0775
2026/09/03 11:03:23 - __main__ - INFO - 162 - trainer - [117/190] Loss: 1.0796
2026/09/03 11:03:29 - __main__ - INFO - 162 - trainer - [156/190] Loss: 1.0653
2026/09/03 11:03:34 - __main__ - INFO - 167 - trainer - Average loss in epoch 453: 1.0597
2026/09/03 11:03:34 - __main__ - INFO - 117 - trainer - Epoch: 454
2026/09/03 11:03:34 - __main__ - INFO - 162 - trainer - [0/190] Loss: 1.0871
2026/09/03 11:03:39 - __main__ - INFO - 162 - trainer - [39/190] Loss: 1.0616
2026/09/03 11:03:45 - __main__ - INFO - 162 - trainer - [78/190] Loss: 1.0769
2026/09/03 11:03:51 - __main__ - INFO - 162 - trainer - [117/190] Loss: 1.0255
2026/09/03 11:03:56 - __main__ - INFO - 162 - trainer - [156/190] Loss: 1.0500
2026/09/03 11:04:01 - __main__ - INFO - 167 - trainer - Average loss in epoch 454: 1.0585
2026/09/03 11:04:01 - __main__ - INFO - 117 - trainer - Epoch: 455
2026/09/03 11:04:01 - __main__ - INFO - 162 - trainer - [0/190] Loss: 1.0527
2026/09/03 11:04:07 - __main__ - INFO - 162 - trainer - [39/190] Loss: 1.0635
2026/09/03 11:04:13 - __main__ - INFO - 162 - trainer - [78/190] Loss: 1.0644
2026/09/03 11:04:18 - __main__ - INFO - 162 - trainer - [117/190] Loss: 1.0732
2026/09/03 11:04:24 - __main__ - INFO - 162 - trainer - [156/190] Loss: 1.0576
2026/09/03 11:04:29 - __main__ - INFO - 167 - trainer - Average loss in epoch 455: 1.0589
2026/09/03 11:04:29 - __main__ - INFO - 117 - trainer - Epoch: 456
2026/09/03 11:04:29 - __main__ - INFO - 162 - trainer - [0/190] Loss: 1.0726
2026/09/03 11:04:35 - __main__ - INFO - 162 - trainer - [39/190] Loss: 1.0639
2026/09/03 11:04:41 - __main__ - INFO - 162 - trainer - [78/190] Loss: 1.0571
2026/09/03 11:04:46 - __main__ - INFO - 162 - trainer - [117/190] Loss: 1.0662
2026/09/03 11:04:52 - __main__ - INFO - 162 - trainer - [156/190] Loss: 1.0480
2026/09/03 11:04:57 - __main__ - INFO - 167 - trainer - Average loss in epoch 456: 1.0592
2026/09/03 11:04:57 - __main__ - INFO - 117 - trainer - Epoch: 457
2026/09/03 11:04:57 - __main__ - INFO - 162 - trainer - [0/190] Loss: 1.0535
2026/09/03 11:05:03 - __main__ - INFO - 162 - trainer - [39/190] Loss: 1.0899
2026/09/03 11:05:08 - __main__ - INFO - 162 - trainer - [78/190] Loss: 1.0530
2026/09/03 11:05:14 - __main__ - INFO - 162 - trainer - [117/190] Loss: 1.0475
2026/09/03 11:05:20 - __main__ - INFO - 162 - trainer - [156/190] Loss: 1.0847
2026/09/03 11:05:25 - __main__ - INFO - 167 - trainer - Average loss in epoch 457: 1.0593
2026/09/03 11:05:25 - __main__ - INFO - 117 - trainer - Epoch: 458
2026/09/03 11:05:25 - __main__ - INFO - 162 - trainer - [0/190] Loss: 1.0815
2026/09/03 11:05:30 - __main__ - INFO - 162 - trainer - [39/190] Loss: 1.0803
2026/09/03 11:05:36 - __main__ - INFO - 162 - trainer - [78/190] Loss: 1.0753
2026/09/03 11:05:42 - __main__ - INFO - 162 - trainer - [117/190] Loss: 1.0580
2026/09/03 11:05:48 - __main__ - INFO - 162 - trainer - [156/190] Loss: 1.0462
2026/09/03 11:05:52 - __main__ - INFO - 167 - trainer - Average loss in epoch 458: 1.0593
2026/09/03 11:05:52 - __main__ - INFO - 117 - trainer - Epoch: 459
2026/09/03 11:05:53 - __main__ - INFO - 162 - trainer - [0/190] Loss: 1.0537
2026/09/03 11:05:58 - __main__ - INFO - 162 - trainer - [39/190] Loss: 1.0522
2026/09/03 11:06:04 - __main__ - INFO - 162 - trainer - [78/190] Loss: 1.0618
2026/09/03 11:06:09 - __main__ - INFO - 162 - trainer - [117/190] Loss: 1.0377
2026/09/03 11:06:15 - __main__ - INFO - 162 - trainer - [156/190] Loss: 1.0336
2026/09/03 11:06:20 - __main__ - INFO - 167 - trainer - Average loss in epoch 459: 1.0589
2026/09/03 11:06:20 - __main__ - INFO - 117 - trainer - Epoch: 460
2026/09/03 11:06:20 - __main__ - INFO - 162 - trainer - [0/190] Loss: 1.0665
2026/09/03 11:06:26 - __main__ - INFO - 162 - trainer - [39/190] Loss: 1.0446
2026/09/03 11:06:32 - __main__ - INFO - 162 - trainer - [78/190] Loss: 1.0741
2026/09/03 11:06:37 - __main__ - INFO - 162 - trainer - [117/190] Loss: 1.0351
2026/09/03 11:06:43 - __main__ - INFO - 162 - trainer - [156/190] Loss: 1.0598
2026/09/03 11:06:48 - __main__ - INFO - 167 - trainer - Average loss in epoch 460: 1.0598
2026/09/03 11:06:48 - __main__ - INFO - 173 - trainer - start predicting: 2026-09-03 11:06:48.289968
2026/09/03 11:06:50 - __main__ - INFO - 117 - trainer - Epoch: 461
2026/09/03 11:06:50 - __main__ - INFO - 162 - trainer - [0/190] Loss: 1.0602
2026/09/03 11:06:56 - __main__ - INFO - 162 - trainer - [39/190] Loss: 1.0409
2026/09/03 11:07:02 - __main__ - INFO - 162 - trainer - [78/190] Loss: 1.0772
2026/09/03 11:07:08 - __main__ - INFO - 162 - trainer - [117/190] Loss: 1.0529
2026/09/03 11:07:13 - __main__ - INFO - 162 - trainer - [156/190] Loss: 1.0441
2026/09/03 11:07:18 - __main__ - INFO - 167 - trainer - Average loss in epoch 461: 1.0592
2026/09/03 11:07:18 - __main__ - INFO - 117 - trainer - Epoch: 462
2026/09/03 11:07:18 - __main__ - INFO - 162 - trainer - [0/190] Loss: 1.0741
2026/09/03 11:07:24 - __main__ - INFO - 162 - trainer - [39/190] Loss: 1.0517
2026/09/03 11:07:30 - __main__ - INFO - 162 - trainer - [78/190] Loss: 1.0427
2026/09/03 11:07:36 - __main__ - INFO - 162 - trainer - [117/190] Loss: 1.0532
2026/09/03 11:07:41 - __main__ - INFO - 162 - trainer - [156/190] Loss: 1.0370
2026/09/03 11:07:46 - __main__ - INFO - 167 - trainer - Average loss in epoch 462: 1.0590
2026/09/03 11:07:46 - __main__ - INFO - 117 - trainer - Epoch: 463
2026/09/03 11:07:46 - __main__ - INFO - 162 - trainer - [0/190] Loss: 1.0575
2026/09/03 11:07:52 - __main__ - INFO - 162 - trainer - [39/190] Loss: 1.0546
2026/09/03 11:07:58 - __main__ - INFO - 162 - trainer - [78/190] Loss: 1.0536
2026/09/03 11:08:03 - __main__ - INFO - 162 - trainer - [117/190] Loss: 1.0549
2026/09/03 11:08:09 - __main__ - INFO - 162 - trainer - [156/190] Loss: 1.0926
2026/09/03 11:08:14 - __main__ - INFO - 167 - trainer - Average loss in epoch 463: 1.0589
2026/09/03 11:08:14 - __main__ - INFO - 117 - trainer - Epoch: 464
2026/09/03 11:08:14 - __main__ - INFO - 162 - trainer - [0/190] Loss: 1.0577
2026/09/03 11:08:20 - __main__ - INFO - 162 - trainer - [39/190] Loss: 1.0322
2026/09/03 11:08:25 - __main__ - INFO - 162 - trainer - [78/190] Loss: 1.0626
2026/09/03 11:08:31 - __main__ - INFO - 162 - trainer - [117/190] Loss: 1.0477
2026/09/03 11:08:37 - __main__ - INFO - 162 - trainer - [156/190] Loss: 1.0622
2026/09/03 11:08:41 - __main__ - INFO - 167 - trainer - Average loss in epoch 464: 1.0591
2026/09/03 11:08:41 - __main__ - INFO - 117 - trainer - Epoch: 465
2026/09/03 11:08:41 - __main__ - INFO - 162 - trainer - [0/190] Loss: 1.0546
2026/09/03 11:08:47 - __main__ - INFO - 162 - trainer - [39/190] Loss: 1.0727
2026/09/03 11:08:53 - __main__ - INFO - 162 - trainer - [78/190] Loss: 1.0382
2026/09/03 11:08:58 - __main__ - INFO - 162 - trainer - [117/190] Loss: 1.0672
2026/09/03 11:09:04 - __main__ - INFO - 162 - trainer - [156/190] Loss: 1.0747
2026/09/03 11:09:09 - __main__ - INFO - 167 - trainer - Average loss in epoch 465: 1.0597
2026/09/03 11:09:09 - __main__ - INFO - 117 - trainer - Epoch: 466
2026/09/03 11:09:09 - __main__ - INFO - 162 - trainer - [0/190] Loss: 1.0575
2026/09/03 11:09:15 - __main__ - INFO - 162 - trainer - [39/190] Loss: 1.0676
2026/09/03 11:09:20 - __main__ - INFO - 162 - trainer - [78/190] Loss: 1.0417
2026/09/03 11:09:26 - __main__ - INFO - 162 - trainer - [117/190] Loss: 1.0476
2026/09/03 11:09:32 - __main__ - INFO - 162 - trainer - [156/190] Loss: 1.0613
2026/09/03 11:09:37 - __main__ - INFO - 167 - trainer - Average loss in epoch 466: 1.0596
2026/09/03 11:09:37 - __main__ - INFO - 117 - trainer - Epoch: 467
2026/09/03 11:09:37 - __main__ - INFO - 162 - trainer - [0/190] Loss: 1.0384
2026/09/03 11:09:42 - __main__ - INFO - 162 - trainer - [39/190] Loss: 1.0405
2026/09/03 11:09:48 - __main__ - INFO - 162 - trainer - [78/190] Loss: 1.0632
2026/09/03 11:09:54 - __main__ - INFO - 162 - trainer - [117/190] Loss: 1.0516
2026/09/03 11:10:00 - __main__ - INFO - 162 - trainer - [156/190] Loss: 1.0695
2026/09/03 11:10:04 - __main__ - INFO - 167 - trainer - Average loss in epoch 467: 1.0592
2026/09/03 11:10:04 - __main__ - INFO - 117 - trainer - Epoch: 468
2026/09/03 11:10:05 - __main__ - INFO - 162 - trainer - [0/190] Loss: 1.0503
2026/09/03 11:10:10 - __main__ - INFO - 162 - trainer - [39/190] Loss: 1.0247
2026/09/03 11:10:16 - __main__ - INFO - 162 - trainer - [78/190] Loss: 1.0546
2026/09/03 11:10:22 - __main__ - INFO - 162 - trainer - [117/190] Loss: 1.0438
2026/09/03 11:10:28 - __main__ - INFO - 162 - trainer - [156/190] Loss: 1.0391
2026/09/03 11:10:32 - __main__ - INFO - 167 - trainer - Average loss in epoch 468: 1.0593
2026/09/03 11:10:32 - __main__ - INFO - 117 - trainer - Epoch: 469
2026/09/03 11:10:32 - __main__ - INFO - 162 - trainer - [0/190] Loss: 1.0577
2026/09/03 11:10:38 - __main__ - INFO - 162 - trainer - [39/190] Loss: 1.0757
2026/09/03 11:10:44 - __main__ - INFO - 162 - trainer - [78/190] Loss: 1.0513
2026/09/03 11:10:50 - __main__ - INFO - 162 - trainer - [117/190] Loss: 1.0677
2026/09/03 11:10:55 - __main__ - INFO - 162 - trainer - [156/190] Loss: 1.0726
2026/09/03 11:11:00 - __main__ - INFO - 167 - trainer - Average loss in epoch 469: 1.0591
2026/09/03 11:11:00 - __main__ - INFO - 117 - trainer - Epoch: 470
2026/09/03 11:11:00 - __main__ - INFO - 162 - trainer - [0/190] Loss: 1.0745
2026/09/03 11:11:06 - __main__ - INFO - 162 - trainer - [39/190] Loss: 1.0644
2026/09/03 11:11:12 - __main__ - INFO - 162 - trainer - [78/190] Loss: 1.0410
2026/09/03 11:11:18 - __main__ - INFO - 162 - trainer - [117/190] Loss: 1.0389
2026/09/03 11:11:23 - __main__ - INFO - 162 - trainer - [156/190] Loss: 1.0491
2026/09/03 11:11:28 - __main__ - INFO - 167 - trainer - Average loss in epoch 470: 1.0590
2026/09/03 11:11:28 - __main__ - INFO - 117 - trainer - Epoch: 471
2026/09/03 11:11:28 - __main__ - INFO - 162 - trainer - [0/190] Loss: 1.0628
2026/09/03 11:11:34 - __main__ - INFO - 162 - trainer - [39/190] Loss: 1.0758
2026/09/03 11:11:40 - __main__ - INFO - 162 - trainer - [78/190] Loss: 1.0616
2026/09/03 11:11:46 - __main__ - INFO - 162 - trainer - [117/190] Loss: 1.0702
2026/09/03 11:11:51 - __main__ - INFO - 162 - trainer - [156/190] Loss: 1.0447
2026/09/03 11:11:56 - __main__ - INFO - 167 - trainer - Average loss in epoch 471: 1.0598
2026/09/03 11:11:56 - __main__ - INFO - 117 - trainer - Epoch: 472
2026/09/03 11:11:56 - __main__ - INFO - 162 - trainer - [0/190] Loss: 1.0477
2026/09/03 11:12:02 - __main__ - INFO - 162 - trainer - [39/190] Loss: 1.0841
2026/09/03 11:12:07 - __main__ - INFO - 162 - trainer - [78/190] Loss: 1.0517
2026/09/03 11:12:13 - __main__ - INFO - 162 - trainer - [117/190] Loss: 1.0771
2026/09/03 11:12:18 - __main__ - INFO - 162 - trainer - [156/190] Loss: 1.0638
2026/09/03 11:12:23 - __main__ - INFO - 167 - trainer - Average loss in epoch 472: 1.0593
2026/09/03 11:12:23 - __main__ - INFO - 117 - trainer - Epoch: 473
2026/09/03 11:12:23 - __main__ - INFO - 162 - trainer - [0/190] Loss: 1.0552
2026/09/03 11:12:29 - __main__ - INFO - 162 - trainer - [39/190] Loss: 1.0723
2026/09/03 11:12:35 - __main__ - INFO - 162 - trainer - [78/190] Loss: 1.0793
2026/09/03 11:12:41 - __main__ - INFO - 162 - trainer - [117/190] Loss: 1.0629
2026/09/03 11:12:46 - __main__ - INFO - 162 - trainer - [156/190] Loss: 1.0403
2026/09/03 11:12:51 - __main__ - INFO - 167 - trainer - Average loss in epoch 473: 1.0601
2026/09/03 11:12:51 - __main__ - INFO - 117 - trainer - Epoch: 474
2026/09/03 11:12:51 - __main__ - INFO - 162 - trainer - [0/190] Loss: 1.0629
2026/09/03 11:12:57 - __main__ - INFO - 162 - trainer - [39/190] Loss: 1.0595
2026/09/03 11:13:03 - __main__ - INFO - 162 - trainer - [78/190] Loss: 1.0669
2026/09/03 11:13:08 - __main__ - INFO - 162 - trainer - [117/190] Loss: 1.0507
2026/09/03 11:13:14 - __main__ - INFO - 162 - trainer - [156/190] Loss: 1.0199
2026/09/03 11:13:19 - __main__ - INFO - 167 - trainer - Average loss in epoch 474: 1.0592
2026/09/03 11:13:19 - __main__ - INFO - 117 - trainer - Epoch: 475
2026/09/03 11:13:19 - __main__ - INFO - 162 - trainer - [0/190] Loss: 1.0792
2026/09/03 11:13:25 - __main__ - INFO - 162 - trainer - [39/190] Loss: 1.0646
2026/09/03 11:13:31 - __main__ - INFO - 162 - trainer - [78/190] Loss: 1.0633
2026/09/03 11:13:36 - __main__ - INFO - 162 - trainer - [117/190] Loss: 1.0651
2026/09/03 11:13:42 - __main__ - INFO - 162 - trainer - [156/190] Loss: 1.0610
2026/09/03 11:13:47 - __main__ - INFO - 167 - trainer - Average loss in epoch 475: 1.0599
2026/09/03 11:13:47 - __main__ - INFO - 117 - trainer - Epoch: 476
2026/09/03 11:13:47 - __main__ - INFO - 162 - trainer - [0/190] Loss: 1.0498
2026/09/03 11:13:53 - __main__ - INFO - 162 - trainer - [39/190] Loss: 1.0587
2026/09/03 11:13:58 - __main__ - INFO - 162 - trainer - [78/190] Loss: 1.0617
2026/09/03 11:14:04 - __main__ - INFO - 162 - trainer - [117/190] Loss: 1.0684
2026/09/03 11:14:10 - __main__ - INFO - 162 - trainer - [156/190] Loss: 1.0672
2026/09/03 11:14:14 - __main__ - INFO - 167 - trainer - Average loss in epoch 476: 1.0596
2026/09/03 11:14:14 - __main__ - INFO - 117 - trainer - Epoch: 477
2026/09/03 11:14:15 - __main__ - INFO - 162 - trainer - [0/190] Loss: 1.0704
2026/09/03 11:14:20 - __main__ - INFO - 162 - trainer - [39/190] Loss: 1.0672
2026/09/03 11:14:26 - __main__ - INFO - 162 - trainer - [78/190] Loss: 1.0287
2026/09/03 11:14:32 - __main__ - INFO - 162 - trainer - [117/190] Loss: 1.0404
2026/09/03 11:14:38 - __main__ - INFO - 162 - trainer - [156/190] Loss: 1.0495
2026/09/03 11:14:42 - __main__ - INFO - 167 - trainer - Average loss in epoch 477: 1.0593
2026/09/03 11:14:42 - __main__ - INFO - 117 - trainer - Epoch: 478
2026/09/03 11:14:42 - __main__ - INFO - 162 - trainer - [0/190] Loss: 1.0786
2026/09/03 11:14:48 - __main__ - INFO - 162 - trainer - [39/190] Loss: 1.0604
2026/09/03 11:14:54 - __main__ - INFO - 162 - trainer - [78/190] Loss: 1.0477
2026/09/03 11:15:00 - __main__ - INFO - 162 - trainer - [117/190] Loss: 1.0627
2026/09/03 11:15:05 - __main__ - INFO - 162 - trainer - [156/190] Loss: 1.0576
2026/09/03 11:15:10 - __main__ - INFO - 167 - trainer - Average loss in epoch 478: 1.0595
2026/09/03 11:15:10 - __main__ - INFO - 117 - trainer - Epoch: 479
2026/09/03 11:15:10 - __main__ - INFO - 162 - trainer - [0/190] Loss: 1.0506
2026/09/03 11:15:16 - __main__ - INFO - 162 - trainer - [39/190] Loss: 1.0883
2026/09/03 11:15:22 - __main__ - INFO - 162 - trainer - [78/190] Loss: 1.0569
2026/09/03 11:15:27 - __main__ - INFO - 162 - trainer - [117/190] Loss: 1.0785
2026/09/03 11:15:33 - __main__ - INFO - 162 - trainer - [156/190] Loss: 1.0445
2026/09/03 11:15:38 - __main__ - INFO - 167 - trainer - Average loss in epoch 479: 1.0596
2026/09/03 11:15:38 - __main__ - INFO - 117 - trainer - Epoch: 480
2026/09/03 11:15:38 - __main__ - INFO - 162 - trainer - [0/190] Loss: 1.0520
2026/09/03 11:15:44 - __main__ - INFO - 162 - trainer - [39/190] Loss: 1.0512
2026/09/03 11:15:49 - __main__ - INFO - 162 - trainer - [78/190] Loss: 1.0714
2026/09/03 11:15:55 - __main__ - INFO - 162 - trainer - [117/190] Loss: 1.0687
2026/09/03 11:16:01 - __main__ - INFO - 162 - trainer - [156/190] Loss: 1.0568
2026/09/03 11:16:06 - __main__ - INFO - 167 - trainer - Average loss in epoch 480: 1.0595
2026/09/03 11:16:06 - __main__ - INFO - 173 - trainer - start predicting: 2026-09-03 11:16:06.045649
2026/09/03 11:16:08 - __main__ - INFO - 210 - trainer - {'Best_HR@5': np.float64(9.0959), 'Best_HR@10': np.float64(16.8121), 'Best_HR@20': np.float64(27.4586), 'Best_NDCG@5': np.float64(5.5056), 'Best_NDCG@10': np.float64(7.8238), 'Best_NDCG@20': np.float64(10.5825)}
2026/09/03 11:16:08 - __main__ - INFO - 211 - trainer - {'Best_epoch_HR@5': 60, 'Best_epoch_HR@10': 380, 'Best_epoch_HR@20': 320, 'Best_epoch_NDCG@5': 60, 'Best_epoch_NDCG@10': 100, 'Best_epoch_NDCG@20': 280}
2026/09/03 11:20:37 - __main__ - INFO - 268 - trainer - Train------------------------------------------------------
2026/09/03 11:20:37 - __main__ - INFO - 270 - trainer - {'HR@5': np.float64(24.0519), 'HR@10': np.float64(35.0865), 'HR@20': np.float64(49.0558), 'NDCG@5': np.float64(16.674), 'NDCG@10': np.float64(20.2228), 'NDCG@20': np.float64(23.7417)}
2026/09/03 11:20:37 - __main__ - INFO - 274 - trainer - Test------------------------------------------------------
2026/09/03 11:20:37 - __main__ - INFO - 276 - trainer - {'HR@5': np.float64(7.2889), 'HR@10': np.float64(13.5828), 'HR@20': np.float64(22.5935), 'NDCG@5': np.float64(4.6579), 'NDCG@10': np.float64(6.6528), 'NDCG@20': np.float64(8.9232)}
2026/09/03 11:20:37 - __main__ - INFO - 279 - trainer - Best Eval---------------------------------------------------------
2026/09/03 11:20:37 - __main__ - INFO - 282 - trainer - {'Best_HR@5': np.float64(9.0959), 'Best_HR@10': np.float64(16.8121), 'Best_HR@20': np.float64(27.4586), 'Best_NDCG@5': np.float64(5.5056), 'Best_NDCG@10': np.float64(7.8238), 'Best_NDCG@20': np.float64(10.5825)}
2026/09/03 11:20:37 - __main__ - INFO - 283 - trainer - {'Best_epoch_HR@5': 60, 'Best_epoch_HR@10': 380, 'Best_epoch_HR@20': 320, 'Best_epoch_NDCG@5': 60, 'Best_epoch_NDCG@10': 100, 'Best_epoch_NDCG@20': 280}
